comparison,stratum,species,feature,group1,group0,n_studies,total_n_group1,total_n_group0,effect_random,se_random,ci_low,ci_high,z_value,p_value,tau2_reml,q_statistic,q_df,q_p_value,i2_percent,direction,note,q_value,significant_fdr_0_05,abs_effect_random
Adenoma_vs_Control,All,Anaerostipes hadrus,rCLR_Anaerostipes hadrus,Adenoma,Control,5,209,425,-0.24761201700385735,0.08793185371043684,-0.4199584502763135,-0.07526558373140116,-2.815953565806241,0.004863269513602686,0.0,2.2063255467267844,4,0.6978713684540865,0.0,Higher in Control,,0.5203698379554874,False,0.24761201700385735
Adenoma_vs_Control,All,Bifidobacterium adolescentis,rCLR_Bifidobacterium adolescentis,Adenoma,Control,5,209,425,-0.17812479226767386,0.08778614771536779,-0.3501856417897947,-0.006063942745552997,-2.029076305355309,0.04245051888629564,0.0,2.396890601909622,4,0.6631892584815372,0.0,Higher in Control,,0.9612512656175781,False,0.17812479226767386
Adenoma_vs_Control,All,Bifidobacterium longum,rCLR_Bifidobacterium longum,Adenoma,Control,5,209,425,-0.2343312954692057,0.12264731562366954,-0.474720034091598,0.006057443153186598,-1.9106108786614358,0.05605460530958675,0.031241516863092938,7.164928340531919,4,0.12742500437999324,44.172505154419405,Higher in Control,,0.9612512656175781,False,0.2343312954692057
Adenoma_vs_Control,All,Oscillibacter sp. CAG:241,rCLR_Oscillibacter sp. CAG:241,Adenoma,Control,5,209,425,0.1624647776502776,0.08771955777254216,-0.00946555558390505,0.3343951108844602,1.8520929855979285,0.0640124715897399,0.0,1.853880805435835,4,0.7626112029051635,0.0,Higher in Adenoma,,0.9612512656175781,False,0.1624647776502776
Adenoma_vs_Control,All,Blautia sp. CAG:257,rCLR_Blautia sp. CAG:257,Adenoma,Control,5,209,425,0.16137232173074892,0.08768420044946323,-0.010488711150199004,0.33323335461169684,1.840380831478937,0.06571234565444761,0.0,0.392332651377187,4,0.9830998260714426,0.0,Higher in Adenoma,,0.9612512656175781,False,0.16137232173074892
Adenoma_vs_Control,All,Lachnospira eligens,rCLR_Lachnospira eligens,Adenoma,Control,5,209,425,-0.1601342716152259,0.08798612819263725,-0.3325870828727949,0.012318539642343113,-1.8199945253259373,0.06875983861514462,0.0,7.293944163417754,4,0.12114631616145033,45.15998600507927,Higher in Control,,0.9612512656175781,False,0.1601342716152259
Adenoma_vs_Control,All,Roseburia inulinivorans,rCLR_Roseburia inulinivorans,Adenoma,Control,5,209,425,0.15189685684838047,0.0878131813190917,-0.02021697853703927,0.3240106922338002,1.7297728492084157,0.08367086715431994,0.0,3.6133656948173014,4,0.4608514405333066,0.0,Higher in Adenoma,,0.9612512656175781,False,0.15189685684838047
Adenoma_vs_Control,All,Phocaeicola vulgatus,rCLR_Phocaeicola vulgatus,Adenoma,Control,5,209,425,-0.1462626622069186,0.08764335434863518,-0.31804363673024355,0.025518312316406333,-1.6688391640637414,0.09514925880212854,0.0,0.09720016727224746,4,0.9988565914702177,0.0,Higher in Control,,0.9612512656175781,False,0.1462626622069186
Adenoma_vs_Control,All,Bacteroides stercoris,rCLR_Bacteroides stercoris,Adenoma,Control,5,209,425,0.16128612175781584,0.09857517112959704,-0.03192121365619435,0.354493457171826,1.6361738956128469,0.10180319813915541,0.007998734866959258,3.890256882304049,4,0.42106165305727883,0.0,Higher in Adenoma,,0.9612512656175781,False,0.16128612175781584
Adenoma_vs_Control,All,Bacteroides eggerthii,rCLR_Bacteroides eggerthii,Adenoma,Control,5,209,425,-0.1660299594964335,0.1057385090357417,-0.3732774372064872,0.04121751821362021,-1.5701938774293869,0.11637001351596027,0.01416028544043112,5.197075793146586,4,0.26766735731564717,23.033641239659744,Higher in Control,,0.9612512656175781,False,0.1660299594964335
Adenoma_vs_Control,All,Anaerotignum lactatifermentans,rCLR_Anaerotignum lactatifermentans,Adenoma,Control,5,209,425,-0.13858916602220803,0.08912834022008312,-0.31328071285357095,0.03610238080915487,-1.5549393793263975,0.1199605075530072,0.0008693982975859591,4.604948295060304,4,0.3302840562382104,13.136918295244,Higher in Control,,0.9612512656175781,False,0.13858916602220803
Adenoma_vs_Control,All,Prevotella copri,rCLR_Prevotella copri,Adenoma,Control,5,209,425,0.13545290714351693,0.08764846824850911,-0.036338090623560915,0.3072439049105948,1.5454110020436207,0.12224688078935961,0.0,0.48306282609999873,4,0.9751287309978639,0.0,Higher in Adenoma,,0.9612512656175781,False,0.13545290714351693
Adenoma_vs_Control,All,Phascolarctobacterium faecium,rCLR_Phascolarctobacterium faecium,Adenoma,Control,5,209,425,-0.12417226455933979,0.08786768127202346,-0.29639291985250577,0.048048390733826205,-1.4131733392955197,0.15760476351009933,0.0,5.5496603853512365,4,0.23539865612805158,27.923517436160356,Higher in Control,,0.9612512656175781,False,0.12417226455933979
Adenoma_vs_Control,All,Escherichia coli,rCLR_Escherichia coli,Adenoma,Control,5,209,425,0.12924352061150052,0.09331775108221771,-0.053659271509646195,0.31214631273264726,1.3849832332289103,0.16605759429356926,0.003956111420155794,3.663321948281939,4,0.45348299018273597,0.0,Higher in Adenoma,,0.9612512656175781,False,0.12924352061150052
Adenoma_vs_Control,All,Parabacteroides merdae,rCLR_Parabacteroides merdae,Adenoma,Control,5,209,425,-0.12106517736097006,0.0878402356538951,-0.29323203924260444,0.051101684520664326,-1.378242857157017,0.16812831928817185,0.0,5.06718779141728,4,0.28047282426342685,21.060750762481412,Higher in Control,,0.9612512656175781,False,0.12106517736097006
Adenoma_vs_Control,All,Alistipes shahii,rCLR_Alistipes shahii,Adenoma,Control,5,209,425,0.12058218819033938,0.08764430185431714,-0.051200643444122215,0.29236501982480095,1.3758132090637425,0.16887947087202015,0.0,0.6134636710542689,4,0.9615558805853208,0.0,Higher in Adenoma,,0.9612512656175781,False,0.12058218819033938
Adenoma_vs_Control,All,Barnesiella intestinihominis,rCLR_Barnesiella intestinihominis,Adenoma,Control,5,209,425,-0.11933080564769494,0.08768239179040052,-0.2911882935568799,0.05252668226149007,-1.36094377914494,0.17353145701177786,0.0,1.558379953993352,4,0.8162522961311758,0.0,Higher in Control,,0.9612512656175781,False,0.11933080564769494
Adenoma_vs_Control,All,Bacteroides cellulosilyticus,rCLR_Bacteroides cellulosilyticus,Adenoma,Control,5,209,425,0.1924970883089766,0.14466614271762268,-0.09104855141756385,0.47604272803551706,1.3306298536259191,0.1833108343977884,0.05860503921894782,9.248960393005081,4,0.05516913325880263,56.75189610472145,Higher in Adenoma,,0.9612512656175781,False,0.1924970883089766
Adenoma_vs_Control,All,Bacteroides thetaiotaomicron,rCLR_Bacteroides thetaiotaomicron,Adenoma,Control,5,209,425,0.11617868448587396,0.08781041987526195,-0.055929738469639445,0.28828710744138736,1.3230626234438945,0.1858145530760793,0.0,4.512512104449961,4,0.3410664450849997,11.357578497009525,Higher in Adenoma,,0.9612512656175781,False,0.11617868448587396
Adenoma_vs_Control,All,[Ruminococcus] torques,rCLR_[Ruminococcus] torques,Adenoma,Control,5,209,425,0.1558029015066336,0.11850079871467065,-0.07645866397412088,0.38806446698738806,1.314783555862606,0.1885826555344523,0.026929909181810003,6.230017417005422,4,0.18261635306033527,35.79472203269254,Higher in Adenoma,,0.9612512656175781,False,0.1558029015066336
Adenoma_vs_Control,All,Agathobaculum butyriciproducens,rCLR_Agathobaculum butyriciproducens,Adenoma,Control,5,209,425,0.12683103672906282,0.09737042208616205,-0.0640149905598148,0.31767706401794044,1.3025622567069843,0.19272425043923846,0.007048061346749159,4.410941407632344,4,0.3532385190866462,9.316410481474172,Higher in Adenoma,,0.9612512656175781,False,0.12683103672906282
Adenoma_vs_Control,All,Butyricimonas virosa,rCLR_Butyricimonas virosa,Adenoma,Control,4,183,397,0.11779025448501813,0.09254335536703054,-0.06359472203436171,0.29917523100439797,1.2728115813162102,0.2030849105311323,0.0,0.8995456587379096,3,0.8255374506742137,0.0,Higher in Adenoma,,0.9612512656175781,False,0.11779025448501813
Adenoma_vs_Control,All,Roseburia intestinalis,rCLR_Roseburia intestinalis,Adenoma,Control,5,209,425,-0.126797949108416,0.10418595552858569,-0.33100242194444396,0.07740652372761195,-1.217034949337545,0.22359091880638104,0.012834665185310715,4.432143850236648,4,0.3506694597646155,9.750221672375874,Higher in Control,,0.9612512656175781,False,0.126797949108416
Adenoma_vs_Control,All,Klebsiella pneumoniae,rCLR_Klebsiella pneumoniae,Adenoma,Control,5,209,425,0.10599831675676637,0.08776690267532056,-0.06602481248686191,0.27802144600039463,1.2077253899330362,0.22715290842875047,0.0,4.47959627692312,4,0.3449736942039033,10.706238850000519,Higher in Adenoma,,0.9612512656175781,False,0.10599831675676637
Adenoma_vs_Control,All,Phocaeicola massiliensis,rCLR_Phocaeicola massiliensis,Adenoma,Control,5,209,425,-0.10443153617084941,0.08770304664237205,-0.2763295075898986,0.06746643524819981,-1.1907401187177835,0.23375562313838238,0.0,3.0786155102484285,4,0.5447565678538743,0.0,Higher in Control,,0.9612512656175781,False,0.10443153617084941
Adenoma_vs_Control,All,Eggerthella lenta,rCLR_Eggerthella lenta,Adenoma,Control,5,209,425,-0.0983821422356972,0.08768664270165942,-0.2702479619309497,0.07348367745955527,-1.121974102377572,0.2618734513167156,0.0,2.659814789933762,4,0.6162645934637696,0.0,Higher in Control,,0.9612512656175781,False,0.0983821422356972
Adenoma_vs_Control,All,Coprococcus eutactus,rCLR_Coprococcus eutactus,Adenoma,Control,5,209,425,-0.09758318601650401,0.08765591931120703,-0.2693887878664698,0.07422241583346176,-1.1132526677411476,0.26559992854427783,0.0,1.5409955749248527,4,0.8193556465112369,0.0,Higher in Control,,0.9612512656175781,False,0.09758318601650401
Adenoma_vs_Control,All,Lawsonibacter asaccharolyticus,rCLR_Lawsonibacter asaccharolyticus,Adenoma,Control,5,209,425,0.1141405285782856,0.10477894751173657,-0.09122620854471805,0.3195072657012893,1.0893460116642268,0.2760013296121828,0.013396863388834475,4.314183180254455,4,0.3651524398324032,7.282564673944234,Higher in Adenoma,,0.9612512656175781,False,0.1141405285782856
Adenoma_vs_Control,All,Veillonella atypica,rCLR_Veillonella atypica,Adenoma,Control,5,209,425,-0.08825846254734486,0.08765420252279785,-0.26006069949202865,0.08354377439733891,-1.0068936800193904,0.31398586940637674,0.0,1.6697077420494877,4,0.796212613028785,0.0,Higher in Control,,0.9612512656175781,False,0.08825846254734486
Adenoma_vs_Control,All,Alistipes putredinis,rCLR_Alistipes putredinis,Adenoma,Control,5,209,425,0.08771336575590243,0.08771192562997542,-0.08420200847884939,0.2596287399906542,1.0000164188155336,0.3173025621827631,0.0,3.0141182335335905,4,0.5554655338022415,0.0,Higher in Adenoma,,0.9612512656175781,False,0.08771336575590243
Adenoma_vs_Control,All,Coprobacter fastidiosus,rCLR_Coprobacter fastidiosus,Adenoma,Control,4,183,397,0.09064398578716193,0.09252250976992017,-0.0907001333618816,0.27198810493620545,0.9796965734346198,0.3272359180360591,0.0,1.043726036645992,3,0.7906731857704601,0.0,Higher in Adenoma,,0.9612512656175781,False,0.09064398578716193
Adenoma_vs_Control,All,Phocaeicola dorei,rCLR_Phocaeicola dorei,Adenoma,Control,5,209,425,0.08524845737954717,0.08773036037968894,-0.08670304896464315,0.2571999637237375,0.9717098734189588,0.3311949034736782,0.0,3.632846846603232,4,0.45796815267906177,0.0,Higher in Adenoma,,0.9612512656175781,False,0.08524845737954717
Adenoma_vs_Control,All,Anaerobutyricum hallii,rCLR_Anaerobutyricum hallii,Adenoma,Control,5,209,425,-0.10210640390687609,0.10866470129294616,-0.31508921844105053,0.11087641062729839,-0.9396464784972837,0.34739892704156816,0.01698402495987565,5.204034175018707,4,0.2669956008667907,23.136553960358626,Higher in Control,,0.9612512656175781,False,0.10210640390687609
Adenoma_vs_Control,All,Blautia wexlerae,rCLR_Blautia wexlerae,Adenoma,Control,5,209,425,-0.08618556027450436,0.09936069158324154,-0.28093251577765777,0.10856139522864905,-0.8674009701542844,0.3857223504847652,0.008670338605690482,5.48065368060818,4,0.2414352778956018,27.01600515002572,Higher in Control,,0.9612512656175781,False,0.08618556027450436
Adenoma_vs_Control,All,Clostridium sp. CAG:58,rCLR_Clostridium sp. CAG:58,Adenoma,Control,5,209,425,-0.07587295743320562,0.08769384972759636,-0.24775290289929447,0.09600698803288325,-0.8652027213868474,0.38692753198921315,0.0,3.0437946778214107,4,0.5505234046757773,0.0,Higher in Control,,0.9612512656175781,False,0.07587295743320562
Adenoma_vs_Control,All,Eubacterium ramulus,rCLR_Eubacterium ramulus,Adenoma,Control,5,209,425,-0.07511307344067462,0.08763256207220023,-0.24687289510218707,0.09664674822083781,-0.8571365673274413,0.3913694140083558,0.0,1.8608297370245324,4,0.7613364288883271,0.0,Higher in Control,,0.9612512656175781,False,0.07511307344067462
Adenoma_vs_Control,All,Collinsella aerofaciens,rCLR_Collinsella aerofaciens,Adenoma,Control,5,209,425,0.07451144685118379,0.08763207882337674,-0.09724742764263462,0.2462703213450022,0.8502759246572512,0.3951716984666558,0.0,1.4770721077341618,4,0.8306949468772744,0.0,Higher in Adenoma,,0.9612512656175781,False,0.07451144685118379
Adenoma_vs_Control,All,Firmicutes bacterium CAG:145,rCLR_Firmicutes bacterium CAG:145,Adenoma,Control,5,209,425,-0.09273829575755556,0.10980478077653819,-0.3079556660795704,0.12247907456445929,-0.8445742990579405,0.39834856369229843,0.018109471502768176,5.06716062175413,4,0.28047555617853354,21.06032749727015,Higher in Control,,0.9612512656175781,False,0.09273829575755556
Adenoma_vs_Control,All,Phocaeicola plebeius,rCLR_Phocaeicola plebeius,Adenoma,Control,5,209,425,-0.09248540397976109,0.10988683567500163,-0.3078636019027643,0.12289279394324211,-0.8416422532476361,0.3999882306871013,0.018128094754965598,6.04102085924283,4,0.19610568370193843,33.78602568670236,Higher in Control,,0.9612512656175781,False,0.09248540397976109
Adenoma_vs_Control,All,Ruminococcus bromii,rCLR_Ruminococcus bromii,Adenoma,Control,5,209,425,-0.10615407123544687,0.12763768341517454,-0.356323930729189,0.14401578825829522,-0.8316828415802043,0.4055879882176594,0.03721552742557659,7.237928495044537,4,0.12383642265215691,44.73556898581399,Higher in Control,,0.9612512656175781,False,0.10615407123544687
Adenoma_vs_Control,All,Erysipelatoclostridium ramosum,rCLR_Erysipelatoclostridium ramosum,Adenoma,Control,5,209,425,-0.1212571881247349,0.1532347481028177,-0.4215972944062576,0.17908291815678778,-0.7913165233473909,0.42875930865160294,0.07094777674105054,10.060070756127654,4,0.039427864164699206,60.23884824504266,Higher in Control,,0.9612512656175781,False,0.1212571881247349
Adenoma_vs_Control,All,Firmicutes bacterium CAG:83,rCLR_Firmicutes bacterium CAG:83,Adenoma,Control,5,209,425,-0.06728427599656943,0.08762451813015729,-0.23902833153167768,0.10445977953853884,-0.7678704252230579,0.4425641694283854,0.0,2.045308880221929,4,0.727425484430957,0.0,Higher in Control,,0.9612512656175781,False,0.06728427599656943
Adenoma_vs_Control,All,Eubacterium sp. CAG:180,rCLR_Eubacterium sp. CAG:180,Adenoma,Control,5,209,425,-0.0791395477956768,0.10370702468663108,-0.2824053161814737,0.1241262205901201,-0.7631069161882794,0.4453996356968519,0.012442776845926087,5.027001570470954,4,0.28453816974919627,20.429704587793466,Higher in Control,,0.9612512656175781,False,0.0791395477956768
Adenoma_vs_Control,All,Intestinibacter bartlettii,rCLR_Intestinibacter bartlettii,Adenoma,Control,4,182,401,0.07785612861125925,0.10663122819847229,-0.13114107865774643,0.2868533358802649,0.7301437855179342,0.46530229962364056,0.009599610109375635,3.623541231411247,3,0.30508915695809885,17.20806226809233,Higher in Adenoma,,0.9612512656175781,False,0.07785612861125925
Adenoma_vs_Control,All,Fusicatenibacter saccharivorans,rCLR_Fusicatenibacter saccharivorans,Adenoma,Control,5,209,425,-0.06315931283720301,0.08757305729081136,-0.23480250512719325,0.10848387945278724,-0.7212185435922885,0.47077506440715744,0.0,0.5350049211512288,4,0.9700049903455955,0.0,Higher in Control,,0.9612512656175781,False,0.06315931283720301
Adenoma_vs_Control,All,Phascolarctobacterium succinatutens,rCLR_Phascolarctobacterium succinatutens,Adenoma,Control,5,209,425,0.09515748117497255,0.13203331222168627,-0.1636278107795325,0.35394277312947764,0.7207081271671913,0.4710891110405929,0.04273584501803469,8.251745334760159,4,0.08277974440659028,51.525406593073654,Higher in Adenoma,,0.9612512656175781,False,0.09515748117497255
Adenoma_vs_Control,All,Eubacterium ventriosum,rCLR_Eubacterium ventriosum,Adenoma,Control,5,209,425,-0.08630627877717675,0.12112050705876488,-0.32370247261235596,0.15108991505800243,-0.7125653687637135,0.4761147478896489,0.029901591685880108,6.7134133469298485,4,0.15183053951985914,40.41779057401159,Higher in Control,,0.9612512656175781,False,0.08630627877717675
Adenoma_vs_Control,All,Enterocloster bolteae,rCLR_Enterocloster bolteae,Adenoma,Control,5,209,425,0.06442848381277118,0.09045173525663738,-0.1128569172902381,0.24171388491578044,0.7122968247095447,0.47628098989457057,0.0018461587715188131,4.654175837512227,4,0.3246555527944145,14.055675168944633,Higher in Adenoma,,0.9612512656175781,False,0.06442848381277118
Adenoma_vs_Control,All,Roseburia faecis,rCLR_Roseburia faecis,Adenoma,Control,5,209,425,0.05918632330418842,0.08758939555175593,-0.11248889197725319,0.23086153858563002,0.675724760187615,0.49921541254147483,0.0,0.8102712554676867,4,0.9370657790824632,0.0,Higher in Adenoma,,0.9612512656175781,False,0.05918632330418842
Adenoma_vs_Control,All,Klebsiella quasipneumoniae,rCLR_Klebsiella quasipneumoniae,Adenoma,Control,4,183,397,0.06051732758537779,0.09253421911451726,-0.12084974187907604,0.2418843970498316,0.6539994411200852,0.5131121656797188,0.0,1.4058171717397698,3,0.7041717220696582,0.0,Higher in Adenoma,,0.9612512656175781,False,0.06051732758537779
Adenoma_vs_Control,All,Ruminococcus bicirculans,rCLR_Ruminococcus bicirculans,Adenoma,Control,5,209,425,-0.05325157448935293,0.08769684581079039,-0.2251373922785021,0.11863424329979623,-0.6072233727110942,0.5437026831852872,0.0,3.3517194657592686,4,0.5007796932206884,0.0,Higher in Control,,0.9612512656175781,False,0.05325157448935293
Adenoma_vs_Control,All,Megamonas funiformis,rCLR_Megamonas funiformis,Adenoma,Control,5,209,425,-0.0518423433807513,0.0876322199359021,-0.22360149445511943,0.11991680769361682,-0.5915899816148783,0.554125184136349,0.0,1.7847275036972092,4,0.7752753349262288,0.0,Higher in Control,,0.9612512656175781,False,0.0518423433807513
Adenoma_vs_Control,All,Ruthenibacterium lactatiformans,rCLR_Ruthenibacterium lactatiformans,Adenoma,Control,5,209,425,-0.05167392867537367,0.08757859566884804,-0.22332797618631584,0.11998011883556849,-0.5900291992664851,0.5551710737164723,0.0,0.553540158404018,4,0.9680838573420001,0.0,Higher in Control,,0.9612512656175781,False,0.05167392867537367
Adenoma_vs_Control,All,Acidaminococcus intestini,rCLR_Acidaminococcus intestini,Adenoma,Control,5,209,425,-0.05021950787235507,0.08765005812000069,-0.22201362178755643,0.12157460604284628,-0.5729546442924215,0.5666754041265294,0.0,2.3336884946374625,4,0.6746424702480586,0.0,Higher in Control,,0.9612512656175781,False,0.05021950787235507
Adenoma_vs_Control,All,Parvimonas micra,rCLR_Parvimonas micra,Adenoma,Control,4,183,397,0.07581664627930072,0.13677207288348478,-0.19225661657232945,0.3438899091309309,0.5543284142800733,0.5793541076804092,0.03592932608660061,5.707978954049483,3,0.12671503226398875,47.441992618566466,Higher in Adenoma,,0.9612512656175781,False,0.07581664627930072
Adenoma_vs_Control,All,Bacteroides fragilis,rCLR_Bacteroides fragilis,Adenoma,Control,5,209,425,0.06148982858200016,0.11296340444384806,-0.159918444127942,0.2828981012919423,0.5443340600854994,0.5862116127991398,0.021210570364037565,5.941518241970406,4,0.20355850323904603,32.67714013323527,Higher in Adenoma,,0.9612512656175781,False,0.06148982858200016
Adenoma_vs_Control,All,Alistipes finegoldii,rCLR_Alistipes finegoldii,Adenoma,Control,5,209,425,-0.05103356658533304,0.09413914831743694,-0.23554629728750945,0.13347916411684338,-0.5421077999691265,0.5877442457083435,0.0046096736664685166,3.7200062290494067,4,0.44522282103909105,0.0,Higher in Control,,0.9612512656175781,False,0.05103356658533304
Adenoma_vs_Control,All,Holdemanella biformis,rCLR_Holdemanella biformis,Adenoma,Control,5,209,425,-0.045026043780635606,0.08776238732081794,-0.21704032292943876,0.12698823536816756,-0.5130448835221586,0.6079199246022583,0.0,5.094333328340427,4,0.27775454078883205,21.481384467963856,Higher in Control,,0.9612512656175781,False,0.045026043780635606
Adenoma_vs_Control,All,Klebsiella variicola,rCLR_Klebsiella variicola,Adenoma,Control,5,209,425,0.04445086512659757,0.08768614124337139,-0.12741397171041036,0.2163157019636055,0.5069314773839226,0.6122028985261055,0.0,3.182187388282964,4,0.5278127850964047,0.0,Higher in Adenoma,,0.9612512656175781,False,0.04445086512659757
Adenoma_vs_Control,All,Coprococcus comes,rCLR_Coprococcus comes,Adenoma,Control,5,209,425,-0.043736474418331284,0.08760392690937044,-0.21544017116069733,0.12796722232403476,-0.4992524417721401,0.6176015544533997,0.0,1.2188824080361962,4,0.8749800756959731,0.0,Higher in Control,,0.9612512656175781,False,0.043736474418331284
Adenoma_vs_Control,All,Veillonella parvula,rCLR_Veillonella parvula,Adenoma,Control,5,209,425,0.04345073251901526,0.08766542621476282,-0.12837350286191987,0.2152749678999504,0.4956427453232204,0.6201464888371732,0.0,2.8335045624470534,4,0.5860631826828682,0.0,Higher in Adenoma,,0.9612512656175781,False,0.04345073251901526
Adenoma_vs_Control,All,Oscillibacter sp. 57_20,rCLR_Oscillibacter sp. 57_20,Adenoma,Control,5,209,425,0.04695436489210362,0.09638225517363677,-0.14195485524822446,0.23586358503243168,0.4871681494432073,0.6261391746176956,0.006323926995978329,4.039846400939624,4,0.4006400844533418,0.9863345529759893,Higher in Adenoma,,0.9612512656175781,False,0.04695436489210362
Adenoma_vs_Control,All,Streptococcus thermophilus,rCLR_Streptococcus thermophilus,Adenoma,Control,5,209,425,0.05697482625750561,0.1211185432264486,-0.18041751846633367,0.2943671709813449,0.4704054783005683,0.6380653509399209,0.0299414075047952,6.533321893319075,4,0.1627029058036126,38.77540299842918,Higher in Adenoma,,0.9612512656175781,False,0.05697482625750561
Adenoma_vs_Control,All,Bifidobacterium pseudocatenulatum,rCLR_Bifidobacterium pseudocatenulatum,Adenoma,Control,5,209,425,-0.0407435134824834,0.08762537860746053,-0.21248925555310602,0.13100222858813923,-0.46497389375062226,0.6419501519837387,0.0,1.8500255443292049,4,0.7633182969947228,0.0,Higher in Control,,0.9612512656175781,False,0.0407435134824834
Adenoma_vs_Control,All,Bacteroides salyersiae,rCLR_Bacteroides salyersiae,Adenoma,Control,4,183,397,-0.06205955525959397,0.14248121871975725,-0.34132274395031814,0.21720363343113022,-0.4355630574837892,0.6631537789444717,0.04191901094455957,6.479332131839001,3,0.09048116693339664,53.698931634354686,Higher in Control,,0.9612512656175781,False,0.06205955525959397
Adenoma_vs_Control,All,Bifidobacterium bifidum,rCLR_Bifidobacterium bifidum,Adenoma,Control,5,209,425,0.03709012964569053,0.08755910646096066,-0.13452571901779237,0.20870597830917342,0.42360105241854695,0.6718567876721404,0.0,0.3557654537164894,4,0.9859356409929694,0.0,Higher in Adenoma,,0.9612512656175781,False,0.03709012964569053
Adenoma_vs_Control,All,Lachnospira pectinoschiza,rCLR_Lachnospira pectinoschiza,Adenoma,Control,5,209,425,-0.03619059723381162,0.08767210668075943,-0.2080279263281001,0.13564673186047685,-0.4127948854427839,0.6797568989847027,0.0,2.925143270314158,4,0.5704296380609815,0.0,Higher in Control,,0.9612512656175781,False,0.03619059723381162
Adenoma_vs_Control,All,Bacteroides ovatus,rCLR_Bacteroides ovatus,Adenoma,Control,5,209,425,0.04295681735010565,0.10585422780599082,-0.16451746914963636,0.2504311038498477,0.4058110690565588,0.6848814249160455,0.014374119824413355,5.6473088518741585,4,0.2270811572166538,29.169802734048627,Higher in Adenoma,,0.9612512656175781,False,0.04295681735010565
Adenoma_vs_Control,All,Akkermansia muciniphila,rCLR_Akkermansia muciniphila,Adenoma,Control,5,209,425,0.03505875548722884,0.08767549687977329,-0.1367852183971268,0.20690272937158447,0.3998694816101679,0.6892526513399938,0.0,3.3633708245760934,4,0.4989547192926068,0.0,Higher in Adenoma,,0.9612512656175781,False,0.03505875548722884
Adenoma_vs_Control,All,[Ruminococcus] lactaris,rCLR_[Ruminococcus] lactaris,Adenoma,Control,5,209,425,0.03647060411079176,0.09269769181956687,-0.14521687185555932,0.21815808007714282,0.3934359464071731,0.6939975244590675,0.0034560929464071306,5.289455827042464,4,0.25886561903788396,24.377854153731498,Higher in Adenoma,,0.9612512656175781,False,0.03647060411079176
Adenoma_vs_Control,All,Bacteroides uniformis,rCLR_Bacteroides uniformis,Adenoma,Control,5,209,425,-0.03417016548161856,0.0875584690222692,-0.2057847647652662,0.1374444338020291,-0.39025540148409726,0.6963476983370578,0.0,0.2735180913158076,4,0.9914589096500911,0.0,Higher in Control,,0.9612512656175781,False,0.03417016548161856
Adenoma_vs_Control,All,Bacteroides caccae,rCLR_Bacteroides caccae,Adenoma,Control,5,209,425,0.045825136296834094,0.11845493368754878,-0.18634653373076152,0.2779968063244297,0.38685713520137605,0.6988619762161532,0.026835340780602894,7.096574994183201,4,0.13087184602255678,43.63478152096397,Higher in Adenoma,,0.9612512656175781,False,0.045825136296834094
Adenoma_vs_Control,All,Blautia obeum,rCLR_Blautia obeum,Adenoma,Control,5,209,425,0.03339023185653567,0.08765493837077401,-0.13841344735018138,0.20519391106325272,0.3809281311145006,0.70325657780328,0.0,2.4901142874813136,4,0.6464068536131456,0.0,Higher in Adenoma,,0.9612512656175781,False,0.03339023185653567
Adenoma_vs_Control,All,[Ruminococcus] gnavus,rCLR_[Ruminococcus] gnavus,Adenoma,Control,5,209,425,-0.030799561514880117,0.08755676202249578,-0.20241081507897185,0.14081169204921162,-0.35176679451630305,0.7250131630470457,0.0,0.26165586153640114,4,0.9921530649765254,0.0,Higher in Control,,0.9612512656175781,False,0.030799561514880117
Adenoma_vs_Control,All,Eubacterium sp. CAG:251,rCLR_Eubacterium sp. CAG:251,Adenoma,Control,5,209,425,-0.041358837698973895,0.11790476797467633,-0.27245218292933954,0.18973450753139173,-0.3507817233299418,0.7257521096912884,0.02626343824139046,6.74262796482706,4,0.15013050406689551,40.67594978002623,Higher in Control,,0.9612512656175781,False,0.041358837698973895
Adenoma_vs_Control,All,Adlercreutzia equolifaciens,rCLR_Adlercreutzia equolifaciens,Adenoma,Control,5,209,425,0.03405695602234282,0.09824172723739151,-0.15849682936294454,0.22661074140763018,0.3466648742855215,0.7288431018712079,0.007853635788041874,3.646573969794909,4,0.45594404686160306,0.0,Higher in Adenoma,,0.9612512656175781,False,0.03405695602234282
Adenoma_vs_Control,All,Streptococcus parasanguinis,rCLR_Streptococcus parasanguinis,Adenoma,Control,5,209,425,-0.0300423382274405,0.08765256471751837,-0.20184136507377648,0.1417566886188955,-0.3427434020243357,0.7317915081250733,0.0,2.7735991996852607,4,0.5963985002111664,0.0,Higher in Control,,0.9612512656175781,False,0.0300423382274405
Adenoma_vs_Control,All,Bacteroides xylanisolvens,rCLR_Bacteroides xylanisolvens,Adenoma,Control,5,209,425,0.05469188312391389,0.16648289680828057,-0.27161459462031606,0.3809983608681438,0.3285135240462347,0.7425234204734222,0.09134227557849062,10.97077570437527,4,0.026894425922511973,63.53949704390771,Higher in Adenoma,,0.9612512656175781,False,0.05469188312391389
Adenoma_vs_Control,All,[Eubacterium] rectale,rCLR_[Eubacterium] rectale,Adenoma,Control,5,209,425,-0.03301109214267017,0.10645906285845337,-0.24167085534523877,0.17564867105989843,-0.3100824979697718,0.7564982213535987,0.014895442911902604,5.685707873894924,4,0.2238814443244026,29.64816186977525,Higher in Control,,0.9612512656175781,False,0.03301109214267017
Adenoma_vs_Control,All,Odoribacter splanchnicus,rCLR_Odoribacter splanchnicus,Adenoma,Control,5,209,425,0.026261227223711048,0.08757604482970316,-0.14538782064250713,0.19791027508992923,0.29986770097664917,0.7642780720954664,0.0,0.7413120130697091,4,0.9461382826843429,0.0,Higher in Adenoma,,0.9612512656175781,False,0.026261227223711048
Adenoma_vs_Control,All,Bacteroides intestinalis,rCLR_Bacteroides intestinalis,Adenoma,Control,5,209,425,0.04024142377704978,0.13503559028149634,-0.22442833317468305,0.3049111807287826,0.2980060567229881,0.7656985409433053,0.046184757790054924,8.628210220337124,4,0.0710948425223203,53.6404434076977,Higher in Adenoma,,0.9612512656175781,False,0.04024142377704978
Adenoma_vs_Control,All,Methanobrevibacter smithii,rCLR_Methanobrevibacter smithii,Adenoma,Control,4,182,401,0.026094730303477757,0.09225930409601103,-0.15473350572470387,0.20692296633165938,0.2828411785582285,0.7772985866886393,0.0,2.29783566623095,3,0.5129356626741375,0.0,Higher in Adenoma,,0.9612512656175781,False,0.026094730303477757
Adenoma_vs_Control,All,Flavonifractor plautii,rCLR_Flavonifractor plautii,Adenoma,Control,5,209,425,0.02753880535116824,0.09872583563271747,-0.16596383248895802,0.22104144319129448,0.2789422360892325,0.7802891547094404,0.008200428360132631,4.609201359167758,4,0.32979466788793543,13.21706976320419,Higher in Adenoma,,0.9612512656175781,False,0.02753880535116824
Adenoma_vs_Control,All,Coprococcus catus,rCLR_Coprococcus catus,Adenoma,Control,5,209,425,0.02449653155522648,0.09461226253166377,-0.1609435030068345,0.20993656611728748,0.2589149746527651,0.7957008439613882,0.004933825920288685,4.681269943050125,4,0.32159121089085607,14.553101003319558,Higher in Adenoma,,0.9612512656175781,False,0.02449653155522648
Adenoma_vs_Control,All,Alistipes inops,rCLR_Alistipes inops,Adenoma,Control,5,209,425,0.027373520496588716,0.11172940519761579,-0.19161611369073822,0.24636315468391567,0.2449983551615009,0.8064577049475083,0.019969168872116225,5.795932383848628,4,0.21491530384724358,30.98608239208079,Higher in Adenoma,,0.9612512656175781,False,0.027373520496588716
Adenoma_vs_Control,All,Bacteroides finegoldii,rCLR_Bacteroides finegoldii,Adenoma,Control,5,209,425,-0.021173171061184822,0.08761061528971735,-0.19288997702903082,0.15054363490666117,-0.24167358020677965,0.8090331027445737,0.0,1.580146367478744,4,0.8123559441934478,0.0,Higher in Control,,0.9612512656175781,False,0.021173171061184822
Adenoma_vs_Control,All,Gemmiger formicilis,rCLR_Gemmiger formicilis,Adenoma,Control,5,209,425,0.0312831458749299,0.13239890154165374,-0.22821870114671142,0.2907849928965712,0.2362794971156764,0.8132157955050299,0.04303387782711364,7.9820222474665385,4,0.09223896678232973,49.8873859782891,Higher in Adenoma,,0.9612512656175781,False,0.0312831458749299
Adenoma_vs_Control,All,Adlercreutzia equolifaciens_1,rCLR_Adlercreutzia equolifaciens_1,Adenoma,Control,5,209,425,-0.028151582875657725,0.12139151372234062,-0.26607894977144536,0.2097757840201299,-0.2319073385973996,0.8166099845249599,0.030223078769968235,6.607562507408055,4,0.15813799262306905,39.46330442556679,Higher in Control,,0.9612512656175781,False,0.028151582875657725
Adenoma_vs_Control,All,Dorea longicatena,rCLR_Dorea longicatena,Adenoma,Control,5,209,425,0.019867399200136703,0.0876400836152618,-0.15190716468577642,0.1916419630860498,0.22669306532561273,0.8206624198209103,0.0,2.435025593207957,4,0.6563070137961505,0.0,Higher in Adenoma,,0.9612512656175781,False,0.019867399200136703
Adenoma_vs_Control,All,Eubacterium sp. CAG:274,rCLR_Eubacterium sp. CAG:274,Adenoma,Control,5,209,425,-0.019705614110568467,0.08759418194704376,-0.1913902107267742,0.1519789825056373,-0.22496487406528623,0.8220066002955306,0.0,1.5097093390593503,4,0.8249201993178197,0.0,Higher in Control,,0.9612512656175781,False,0.019705614110568467
Adenoma_vs_Control,All,Paraprevotella xylaniphila,rCLR_Paraprevotella xylaniphila,Adenoma,Control,5,209,425,-0.0184494832273622,0.08771362623961584,-0.19036819065700925,0.15346922420228484,-0.21033770941087254,0.8334041056770555,0.0,4.042926446555043,4,0.4002275581698196,1.061766696043174,Higher in Control,,0.9612512656175781,False,0.0184494832273622
Adenoma_vs_Control,All,[Eubacterium] siraeum,rCLR_[Eubacterium] siraeum,Adenoma,Control,5,209,425,-0.018041600306549672,0.08760084898251158,-0.18973926431227237,0.15365606369917303,-0.20595234539509374,0.8368281360908916,0.0,1.6659892803836005,4,0.7968860409656393,0.0,Higher in Control,,0.9612512656175781,False,0.018041600306549672
Adenoma_vs_Control,All,Eubacterium sp. CAG:38,rCLR_Eubacterium sp. CAG:38,Adenoma,Control,5,209,425,-0.025886457669495523,0.134980382327199,-0.2904480070308056,0.23867509169181453,-0.1917794069270414,0.8479150024296115,0.04618001239857273,8.262802394977205,4,0.08241214701593963,51.5902739918902,Higher in Control,,0.9612512656175781,False,0.025886457669495523
Adenoma_vs_Control,All,Bacteroides sp. CAG:144,rCLR_Bacteroides sp. CAG:144,Adenoma,Control,4,183,397,-0.02132986186667928,0.1331843452851352,-0.2823711786255443,0.2397114548921857,-0.16015292053292032,0.872760614571767,0.03226004558210812,5.747525008430668,3,0.12456103981547145,47.80361989552901,Higher in Control,,0.9612512656175781,False,0.02132986186667928
Adenoma_vs_Control,All,Dorea formicigenerans,rCLR_Dorea formicigenerans,Adenoma,Control,5,209,425,-0.013830225733073213,0.08765570456586895,-0.18563540668217635,0.15797495521602992,-0.15777895804465844,0.8746309800011081,0.0,2.9842478698933688,4,0.5604649330425949,0.0,Higher in Control,,0.9612512656175781,False,0.013830225733073213
Adenoma_vs_Control,All,Parabacteroides distasonis,rCLR_Parabacteroides distasonis,Adenoma,Control,5,209,425,-0.01794938342010134,0.1370445002302573,-0.28655660387140564,0.250657837031203,-0.13097485407983117,0.8957951995604223,0.04887975950296805,8.927745350255357,4,0.06293109661579954,55.19585468591362,Higher in Control,,0.9612512656175781,False,0.01794938342010134
Adenoma_vs_Control,All,Gordonibacter pamelaeae,rCLR_Gordonibacter pamelaeae,Adenoma,Control,5,209,425,0.016876332740163827,0.13153204940316926,-0.2409264840900479,0.27467914957037554,0.12830586018191542,0.8979069276848006,0.041975707947212726,8.068991129970774,4,0.08908340354958431,50.42750778170099,Higher in Adenoma,,0.9612512656175781,False,0.016876332740163827
Adenoma_vs_Control,All,Faecalibacterium prausnitzii,rCLR_Faecalibacterium prausnitzii,Adenoma,Control,5,209,425,0.014861392567762536,0.12618449263162504,-0.23246021299022254,0.26218299812574763,0.11777511053713975,0.9062458511827133,0.035656647775338286,7.302782413043458,4,0.12072683500396025,45.2263565616357,Higher in Adenoma,,0.9612512656175781,False,0.014861392567762536
Adenoma_vs_Control,All,Firmicutes bacterium CAG:110,rCLR_Firmicutes bacterium CAG:110,Adenoma,Control,5,209,425,-0.017343092132907693,0.15002350482646032,-0.3113891615927699,0.27670297732695454,-0.11560249944146628,0.9079675819223063,0.06657874217215326,10.29943633494393,4,0.03567475749959475,61.16292319387616,Higher in Control,,0.9612512656175781,False,0.017343092132907693
Adenoma_vs_Control,All,Proteobacteria bacterium CAG:139,rCLR_Proteobacteria bacterium CAG:139,Adenoma,Control,5,209,425,0.008582579883470347,0.08769542071248504,-0.16330044471300031,0.18046560447994103,0.09786805073447194,0.9220370699836461,0.0,3.789501388301981,4,0.43524259972025614,0.0,Higher in Adenoma,,0.9612512656175781,False,0.008582579883470347
Adenoma_vs_Control,All,Streptococcus salivarius,rCLR_Streptococcus salivarius,Adenoma,Control,5,209,425,-0.007225078176124815,0.08757935598001593,-0.17888061589695603,0.16443045954470642,-0.0824975029249296,0.9342511039450027,0.0,0.9148353275338322,4,0.9224228688809838,0.0,Higher in Control,,0.9612512656175781,False,0.007225078176124815
Adenoma_vs_Control,All,Parasutterella excrementihominis,rCLR_Parasutterella excrementihominis,Adenoma,Control,5,209,425,0.01057066358979178,0.128267552058818,-0.24083373844549152,0.2619750656250751,0.08241104956103416,0.9343198496606013,0.03802255958432227,7.34257912052877,4,0.11885459905808217,45.5232291768353,Higher in Adenoma,,0.9612512656175781,False,0.01057066358979178
Adenoma_vs_Control,All,Slackia isoflavoniconvertens,rCLR_Slackia isoflavoniconvertens,Adenoma,Control,5,209,425,-0.012135191098924325,0.15354227031135156,-0.31307804090917335,0.28880765871132474,-0.0790348551855896,0.9370048993356155,0.07171297354470871,10.908747966704222,4,0.027608931724013835,63.33218062963013,Higher in Control,,0.9612512656175781,False,0.012135191098924325
Adenoma_vs_Control,All,Dialister invisus,rCLR_Dialister invisus,Adenoma,Control,5,209,425,0.006285255403096031,0.08763617805101466,-0.1654816535768927,0.17805216438308474,0.07171987120932255,0.9428248419462628,0.0,2.4626876838488028,4,0.6513293711478407,0.0,Higher in Adenoma,,0.9612512656175781,False,0.006285255403096031
Adenoma_vs_Control,All,Phocaeicola coprocola,rCLR_Phocaeicola coprocola,Adenoma,Control,4,183,397,-0.006224552735485313,0.0926522485314103,-0.1878229598570495,0.1753738543860789,-0.067181885320086,0.9464369059605876,0.0,4.091791898034286,3,0.25172133474853436,26.682488387515193,Higher in Control,,0.9612512656175781,False,0.006224552735485313
Adenoma_vs_Control,All,Roseburia hominis,rCLR_Roseburia hominis,Adenoma,Control,5,209,425,0.004819444310446339,0.08756922555128804,-0.16681623777007823,0.1764551263909709,0.0550358220037433,0.9561099251960811,0.0,0.6575331071082632,4,0.9564608274728843,0.0,Higher in Adenoma,,0.9612512656175781,False,0.004819444310446339
Adenoma_vs_Control,All,Desulfovibrio piger,rCLR_Desulfovibrio piger,Adenoma,Control,4,183,397,0.0063686866706849496,0.1310875966481712,-0.2505630027597306,0.2633003761011005,0.04858344216789635,0.9612512656175781,0.03037679252936419,5.244533150800877,3,0.15474231446124348,42.797577711147106,Higher in Adenoma,,0.9612512656175781,False,0.0063686866706849496
Adenoma_vs_Control,Female,Roseburia faecis,rCLR_Roseburia faecis,Adenoma,Control,5,77,201,0.37452802210872044,0.14349971439079223,0.09326858190276766,0.6557874623146732,2.6099565681975485,0.009055371858138575,0.0,2.033438628709969,4,0.7296084744937634,0.0,Higher in Adenoma,,0.3653179743924038,False,0.37452802210872044
Adenoma_vs_Control,Female,Roseburia inulinivorans,rCLR_Roseburia inulinivorans,Adenoma,Control,5,77,201,0.3742874201504022,0.1434947987228736,0.09303761465356991,0.6555372256472345,2.608369247398647,0.009097476018602042,0.0,2.976995825028482,4,0.5616824456847348,0.0,Higher in Adenoma,,0.3653179743924038,False,0.3742874201504022
Adenoma_vs_Control,Female,Bacteroides eggerthii,rCLR_Bacteroides eggerthii,Adenoma,Control,5,77,201,-0.36835859389848646,0.14346801622422295,-0.6495559056979634,-0.08716128209900947,-2.567531102700877,0.010242560029693567,0.0,3.6717107480089544,4,0.45225379511677233,0.0,Higher in Control,,0.3653179743924038,False,0.36835859389848646
Adenoma_vs_Control,Female,Lawsonibacter asaccharolyticus,rCLR_Lawsonibacter asaccharolyticus,Adenoma,Control,5,77,201,0.2515886408513775,0.14306135858430458,-0.028811621973859447,0.5319889036766144,1.7586065401659032,0.07864436136266177,0.0,2.152103932267886,4,0.7078068952680245,0.0,Higher in Adenoma,,0.9955128435364142,False,0.2515886408513775
Adenoma_vs_Control,Female,Bacteroides stercoris,rCLR_Bacteroides stercoris,Adenoma,Control,5,77,201,0.2867359808072834,0.1694055337127076,-0.04529886526962351,0.6187708268841903,1.6926010297488558,0.09053143494388778,0.03529698756358032,6.244116210312288,4,0.18164418618098668,35.93969322041257,Higher in Adenoma,,0.9955128435364142,False,0.2867359808072834
Adenoma_vs_Control,Female,Anaerostipes hadrus,rCLR_Anaerostipes hadrus,Adenoma,Control,5,77,201,-0.3201665326688765,0.1943977163746058,-0.7011860567631039,0.06085299142535083,-1.6469665314993378,0.09956492526816449,0.07763477995409601,7.013098389410869,4,0.1351976524091,42.96386877960202,Higher in Control,,0.9955128435364142,False,0.3201665326688765
Adenoma_vs_Control,Female,Oscillibacter sp. CAG:241,rCLR_Oscillibacter sp. CAG:241,Adenoma,Control,5,77,201,0.22435374301122332,0.14277572497811228,-0.05548667794587672,0.5041941639683234,1.5713717653726995,0.11609632035418853,0.0,2.305789134461145,4,0.6797152488430449,0.0,Higher in Adenoma,,0.9955128435364142,False,0.22435374301122332
Adenoma_vs_Control,Female,Bifidobacterium longum,rCLR_Bifidobacterium longum,Adenoma,Control,5,77,201,-0.2715310320043118,0.18205267620009283,-0.6283542773564937,0.08529221334787018,-1.4914970637722123,0.13583104153097175,0.05643201887803423,6.701864384374545,4,0.15250741319666697,40.315115756056855,Higher in Control,,0.9955128435364142,False,0.2715310320043118
Adenoma_vs_Control,Female,Collinsella aerofaciens,rCLR_Collinsella aerofaciens,Adenoma,Control,5,77,201,0.21102864333674995,0.1424375019687449,-0.06814886052199007,0.49020614719548994,1.4815525435362944,0.13845939424546402,0.0,0.22365451350709092,4,0.994194499785741,0.0,Higher in Adenoma,,0.9955128435364142,False,0.21102864333674995
Adenoma_vs_Control,Female,Intestinibacter bartlettii,rCLR_Intestinibacter bartlettii,Adenoma,Control,4,66,190,0.2965685986380298,0.20210691101066094,-0.09956094694286566,0.6926981442189253,1.4673847477802782,0.14227142120307545,0.0654713824893783,5.133154977242117,3,0.16230253906445577,41.556410953876835,Higher in Adenoma,,0.9955128435364142,False,0.2965685986380298
Adenoma_vs_Control,Female,Phascolarctobacterium succinatutens,rCLR_Phascolarctobacterium succinatutens,Adenoma,Control,5,77,201,0.20849370783292917,0.14245283244643164,-0.07071384376207687,0.4877012594279352,1.4635981907297753,0.1433037672070488,0.0,0.41136923742913895,4,0.9815355314038094,0.0,Higher in Adenoma,,0.9955128435364142,False,0.20849370783292917
Adenoma_vs_Control,Female,Holdemanella biformis,rCLR_Holdemanella biformis,Adenoma,Control,5,77,201,0.2029329901807768,0.1430797432986148,-0.07750330668450825,0.48336928704606186,1.4183208992571728,0.1560970977328796,0.0,3.4705619152095757,4,0.4823685646041713,0.0,Higher in Adenoma,,0.9955128435364142,False,0.2029329901807768
Adenoma_vs_Control,Female,Coprococcus eutactus,rCLR_Coprococcus eutactus,Adenoma,Control,5,77,201,-0.20027545958587106,0.14250965059293944,-0.47959437474803235,0.07904345557629022,-1.4053466467189106,0.15991822368925313,0.0,0.6281515709596359,4,0.959884617663641,0.0,Higher in Control,,0.9955128435364142,False,0.20027545958587106
Adenoma_vs_Control,Female,Agathobaculum butyriciproducens,rCLR_Agathobaculum butyriciproducens,Adenoma,Control,5,77,201,0.1972300977127988,0.14301550914245045,-0.08308030020640406,0.4775404956320017,1.3790818834644567,0.16786950888234542,0.0,3.411825804134806,4,0.49141142965037554,0.0,Higher in Adenoma,,0.9955128435364142,False,0.1972300977127988
Adenoma_vs_Control,Female,Klebsiella quasipneumoniae,rCLR_Klebsiella quasipneumoniae,Adenoma,Control,4,66,184,0.25818971330405677,0.19073222516453467,-0.11564544801843119,0.6320248746265447,1.3536764072318146,0.17583963828091465,0.04578522100997493,3.894738498886556,3,0.27305709882345097,22.973005739469993,Higher in Adenoma,,0.9955128435364142,False,0.25818971330405677
Adenoma_vs_Control,Female,Eggerthella lenta,rCLR_Eggerthella lenta,Adenoma,Control,5,77,201,-0.1840930559117751,0.14254996344949744,-0.46349098427279006,0.09530487244923985,-1.2914282926280478,0.1965552052242837,0.0,1.6523975377007385,4,0.799345398763988,0.0,Higher in Control,,0.9955128435364142,False,0.1840930559117751
Adenoma_vs_Control,Female,Phascolarctobacterium faecium,rCLR_Phascolarctobacterium faecium,Adenoma,Control,5,77,201,-0.17201252594190714,0.14278789734993416,-0.4518768047477781,0.10785175286396381,-1.2046716082690916,0.22833010064693582,0.0,2.2349049100706675,4,0.6926442488032378,0.0,Higher in Control,,0.9955128435364142,False,0.17201252594190714
Adenoma_vs_Control,Female,Ruthenibacterium lactatiformans,rCLR_Ruthenibacterium lactatiformans,Adenoma,Control,5,77,201,-0.17334363093530922,0.1496415242067737,-0.4666410183805857,0.11995375650996723,-1.1583925775561073,0.2467038667842414,0.008515804616687517,3.347085906888199,4,0.5015066498263125,0.0,Higher in Control,,0.9955128435364142,False,0.17334363093530922
Adenoma_vs_Control,Female,Bifidobacterium pseudocatenulatum,rCLR_Bifidobacterium pseudocatenulatum,Adenoma,Control,5,77,201,0.16372490574498633,0.1424765963447504,-0.11552922309072444,0.4429790345806971,1.14913543659354,0.25050013823341766,0.0,1.7244620544823672,4,0.7862694124887349,0.0,Higher in Adenoma,,0.9955128435364142,False,0.16372490574498633
Adenoma_vs_Control,Female,Phocaeicola massiliensis,rCLR_Phocaeicola massiliensis,Adenoma,Control,5,77,201,-0.16184866307308218,0.14285007117385362,-0.44183480257383523,0.11813747642767089,-1.1329967268697165,0.25721562784516694,0.0,3.2688889371501504,4,0.5138765915194752,0.0,Higher in Control,,0.9955128435364142,False,0.16184866307308218
Adenoma_vs_Control,Female,Streptococcus parasanguinis,rCLR_Streptococcus parasanguinis,Adenoma,Control,5,77,201,-0.15498623889078694,0.14238908857126528,-0.4340688524904669,0.12409637470889301,-1.088469913291262,0.276387711706095,0.0,1.5944949215207553,4,0.8097812295858648,0.0,Higher in Control,,0.9955128435364142,False,0.15498623889078694
Adenoma_vs_Control,Female,Adlercreutzia equolifaciens_1,rCLR_Adlercreutzia equolifaciens_1,Adenoma,Control,5,77,201,-0.14588782918046675,0.14240948976687928,-0.42501042912355014,0.13323477076261667,-1.0244249131099439,0.3056346197567865,0.0,1.2151687682380354,4,0.8755949206372486,0.0,Higher in Control,,0.9955128435364142,False,0.14588782918046675
Adenoma_vs_Control,Female,Bacteroides salyersiae,rCLR_Bacteroides salyersiae,Adenoma,Control,4,66,184,0.15684784354895126,0.1534681726930811,-0.14394977492948768,0.4576454620273902,1.0220219658354122,0.3067705041744543,0.0,2.580375202924623,3,0.4609404192440272,0.0,Higher in Adenoma,,0.9955128435364142,False,0.15684784354895126
Adenoma_vs_Control,Female,Anaerobutyricum hallii,rCLR_Anaerobutyricum hallii,Adenoma,Control,5,77,201,-0.20461975610270589,0.22092711285010266,-0.637636897288907,0.22839738508349533,-0.9261867113681914,0.3543489572429619,0.13121598178184712,8.825379591699972,4,0.06561547989054478,54.67617048719479,Higher in Control,,0.9955128435364142,False,0.20461975610270589
Adenoma_vs_Control,Female,Odoribacter splanchnicus,rCLR_Odoribacter splanchnicus,Adenoma,Control,5,77,201,0.12791796944323247,0.14239274848875488,-0.1511718175947271,0.40700775648119203,0.8983460941716037,0.3690010655739755,0.0,1.1114809659533194,4,0.892446370820786,0.0,Higher in Adenoma,,0.9955128435364142,False,0.12791796944323247
Adenoma_vs_Control,Female,Clostridium sp. CAG:58,rCLR_Clostridium sp. CAG:58,Adenoma,Control,5,77,201,0.11658038868795421,0.1426610640180294,-0.16303529678738338,0.39619607416329183,0.817184348724757,0.41382308543126367,0.0,2.432195301997815,4,0.6568170140295695,0.0,Higher in Adenoma,,0.9955128435364142,False,0.11658038868795421
Adenoma_vs_Control,Female,Ruminococcus bicirculans,rCLR_Ruminococcus bicirculans,Adenoma,Control,5,77,201,-0.1343709938775943,0.16699967746779779,-0.46169036171447797,0.19294837395928935,-0.8046182837898282,0.4210399879254185,0.033220389045189244,4.598949051816932,4,0.330975374157527,13.023607025616041,Higher in Control,,0.9955128435364142,False,0.1343709938775943
Adenoma_vs_Control,Female,Firmicutes bacterium CAG:110,rCLR_Firmicutes bacterium CAG:110,Adenoma,Control,5,77,201,-0.14310307719051663,0.1821901197489022,-0.5001957118983649,0.21398955751733167,-0.7854601412400625,0.4321838311668533,0.05702878036304333,6.207797985159423,4,0.18415794424258897,35.564913523884975,Higher in Control,,0.9955128435364142,False,0.14310307719051663
Adenoma_vs_Control,Female,Roseburia intestinalis,rCLR_Roseburia intestinalis,Adenoma,Control,5,77,201,-0.1251393207500583,0.16235721295920347,-0.4433594581500971,0.1930808166499805,-0.7707653911348111,0.44084600450031963,0.026414068436256485,4.362384623911217,4,0.3591783401690512,8.30703056133348,Higher in Control,,0.9955128435364142,False,0.1251393207500583
Adenoma_vs_Control,Female,Methanobrevibacter smithii,rCLR_Methanobrevibacter smithii,Adenoma,Control,4,66,190,-0.11186788258070343,0.15087474962043257,-0.40758239183675127,0.18384662667534438,-0.7414619269436286,0.4584134083611263,0.0,0.694189954127058,3,0.8745696724723654,0.0,Higher in Control,,0.9955128435364142,False,0.11186788258070343
Adenoma_vs_Control,Female,Bifidobacterium adolescentis,rCLR_Bifidobacterium adolescentis,Adenoma,Control,5,77,201,-0.0999867057320219,0.14276323490289566,-0.3798026461416974,0.1798292346776536,-0.7003673305667989,0.4836979331131964,0.0,3.12584344383382,4,0.5369910686293815,0.0,Higher in Control,,0.9955128435364142,False,0.0999867057320219
Adenoma_vs_Control,Female,Dialister invisus,rCLR_Dialister invisus,Adenoma,Control,5,77,201,0.09636188940375529,0.14261776245437438,-0.18316892500681847,0.37589270381432904,0.6756654132375898,0.4992531000029502,0.0,2.382120193337265,4,0.6658608211352991,0.0,Higher in Adenoma,,0.9955128435364142,False,0.09636188940375529
Adenoma_vs_Control,Female,[Ruminococcus] gnavus,rCLR_[Ruminococcus] gnavus,Adenoma,Control,5,77,201,0.09453086968937291,0.14252133179460733,-0.18481094062805742,0.37387268000680324,0.6632752339530814,0.5071542951007961,0.0,2.386431358953935,4,0.6650807176133908,0.0,Higher in Adenoma,,0.9955128435364142,False,0.09453086968937291
Adenoma_vs_Control,Female,Eubacterium sp. CAG:180,rCLR_Eubacterium sp. CAG:180,Adenoma,Control,5,77,201,-0.09427548372777071,0.1426625939461906,-0.3738941678623043,0.18534320040676283,-0.660828330118051,0.508722412374039,0.0,2.812894231333612,4,0.5896089952056438,0.0,Higher in Control,,0.9955128435364142,False,0.09427548372777071
Adenoma_vs_Control,Female,Enterocloster bolteae,rCLR_Enterocloster bolteae,Adenoma,Control,5,77,201,0.11727817989296566,0.17765197749924191,-0.23091969600554849,0.46547605579147977,0.660156906463178,0.5091531433473857,0.049817160281730104,5.803880600566718,4,0.21428114640026988,31.080594600629418,Higher in Adenoma,,0.9955128435364142,False,0.11727817989296566
Adenoma_vs_Control,Female,Lachnospira pectinoschiza,rCLR_Lachnospira pectinoschiza,Adenoma,Control,5,77,201,-0.09907386641533217,0.15268552373274932,-0.3983374929315208,0.20018976010085648,-0.6488753091533715,0.5164189751856954,0.012748025170170678,4.552415026406835,4,0.33637757805012425,12.134548875761206,Higher in Control,,0.9955128435364142,False,0.09907386641533217
Adenoma_vs_Control,Female,Coprobacter fastidiosus,rCLR_Coprobacter fastidiosus,Adenoma,Control,4,66,184,-0.09824823389971003,0.1529464418741525,-0.39802325997304894,0.20152679217362884,-0.6423701832864521,0.5206328546651038,0.0,0.5522491291853157,3,0.9072713706325554,0.0,Higher in Control,,0.9955128435364142,False,0.09824823389971003
Adenoma_vs_Control,Female,Bacteroides ovatus,rCLR_Bacteroides ovatus,Adenoma,Control,5,77,201,-0.10692111961675034,0.16728489999858673,-0.43479952361398033,0.22095728438047968,-0.6391558330587737,0.5227215612344812,0.03381881403026812,4.579061821854458,4,0.33327545572109174,12.645861628047324,Higher in Control,,0.9955128435364142,False,0.10692111961675034
Adenoma_vs_Control,Female,Bacteroides sp. CAG:144,rCLR_Bacteroides sp. CAG:144,Adenoma,Control,4,66,184,-0.10610523929025481,0.16627416462953026,-0.4320026019641341,0.2197921233836245,-0.6381342496993699,0.5233862931953195,0.014466212691338801,3.7056197730878893,3,0.29505664100746665,19.041882769853018,Higher in Control,,0.9955128435364142,False,0.10610523929025481
Adenoma_vs_Control,Female,Paraprevotella xylaniphila,rCLR_Paraprevotella xylaniphila,Adenoma,Control,5,77,201,-0.10494806668239783,0.16749266481970343,-0.43323368972901655,0.22333755636422092,-0.6265830613858141,0.5309325744454964,0.033224205028096955,5.95301601673554,4,0.20268464939945274,32.80716885768631,Higher in Control,,0.9955128435364142,False,0.10494806668239783
Adenoma_vs_Control,Female,Bacteroides uniformis,rCLR_Bacteroides uniformis,Adenoma,Control,5,77,201,0.08797000988064496,0.1422007906996876,-0.19074353989074272,0.36668355965203264,0.61863235392571,0.5361585828172548,0.0,0.8427558919230963,4,0.9326258652930367,0.0,Higher in Adenoma,,0.9955128435364142,False,0.08797000988064496
Adenoma_vs_Control,Female,Klebsiella variicola,rCLR_Klebsiella variicola,Adenoma,Control,5,77,201,-0.08789954651847715,0.142936917189688,-0.3680559042102656,0.19225681117331134,-0.6149534231372001,0.5385854804022125,0.0,4.220868583186373,4,0.37693899125014485,5.232775644003526,Higher in Control,,0.9955128435364142,False,0.08789954651847715
Adenoma_vs_Control,Female,Blautia sp. CAG:257,rCLR_Blautia sp. CAG:257,Adenoma,Control,5,77,201,0.1273954930240469,0.20941008120019394,-0.2830482661283332,0.537839252176427,0.6083541551290365,0.5429526105114033,0.10733044338366371,7.963324804437849,4,0.0929309298838916,49.769724352184454,Higher in Adenoma,,0.9955128435364142,False,0.1273954930240469
Adenoma_vs_Control,Female,Prevotella copri,rCLR_Prevotella copri,Adenoma,Control,5,77,201,0.08520603027218493,0.1424384385907511,-0.19397330936568719,0.36438536991005704,0.5981954809052336,0.5497095064448922,0.0,1.6889426542044688,4,0.7927252121386653,0.0,Higher in Adenoma,,0.9955128435364142,False,0.08520603027218493
Adenoma_vs_Control,Female,[Eubacterium] siraeum,rCLR_[Eubacterium] siraeum,Adenoma,Control,5,77,201,-0.08425078075175732,0.14248477307768898,-0.3635209359840277,0.19501937448051307,-0.5912967324994095,0.5543216185286124,0.0,1.8524478777535367,4,0.7628740291208096,0.0,Higher in Control,,0.9955128435364142,False,0.08425078075175732
Adenoma_vs_Control,Female,Phocaeicola dorei,rCLR_Phocaeicola dorei,Adenoma,Control,5,77,201,-0.08226485371552322,0.14304878692358605,-0.3626404760857519,0.19811076865470545,-0.5750824979695043,0.5652355041229691,0.0,4.778165092808938,4,0.3108255996515574,16.28585613293404,Higher in Control,,0.9955128435364142,False,0.08226485371552322
Adenoma_vs_Control,Female,Bacteroides finegoldii,rCLR_Bacteroides finegoldii,Adenoma,Control,5,77,201,0.08172618042398525,0.14274455521114068,-0.19805314778985048,0.36150550863782094,0.5725344851374535,0.5669599299604554,0.0,3.5445615580176786,4,0.47113508958572337,0.0,Higher in Adenoma,,0.9955128435364142,False,0.08172618042398525
Adenoma_vs_Control,Female,Megamonas funiformis,rCLR_Megamonas funiformis,Adenoma,Control,5,77,201,-0.08461923374739362,0.15566507034478308,-0.38972277162316843,0.22048430412838121,-0.543598082472646,0.5867180796069382,0.016675287048290095,4.5990148618123,4,0.3309677842351996,13.024851621728631,Higher in Control,,0.9955128435364142,False,0.08461923374739362
Adenoma_vs_Control,Female,Parvimonas micra,rCLR_Parvimonas micra,Adenoma,Control,4,66,184,0.1249354263798601,0.23887473411785903,-0.3432590524911436,0.5931299052508638,0.5230164958267117,0.6009627739261869,0.12442631924785968,6.524821693397319,3,0.08868872099295701,54.021732072222015,Higher in Adenoma,,0.9955128435364142,False,0.1249354263798601
Adenoma_vs_Control,Female,Escherichia coli,rCLR_Escherichia coli,Adenoma,Control,5,77,201,-0.09105165483718843,0.17455101308374185,-0.43317164048132245,0.2510683308069456,-0.521633494006167,0.6019255381408989,0.044837514240625286,5.695022566199752,4,0.22311124759112508,29.763228266377673,Higher in Control,,0.9955128435364142,False,0.09105165483718843
Adenoma_vs_Control,Female,Akkermansia muciniphila,rCLR_Akkermansia muciniphila,Adenoma,Control,5,77,201,-0.1171923387390589,0.22724023035618598,-0.5625831902371834,0.32819851275906564,-0.5157200314194659,0.6060499619860703,0.1435827581341435,9.136586700050895,4,0.05777467527252479,56.21997435893956,Higher in Control,,0.9955128435364142,False,0.1171923387390589
Adenoma_vs_Control,Female,Alistipes putredinis,rCLR_Alistipes putredinis,Adenoma,Control,5,77,201,0.07267010433347358,0.1425054208976313,-0.20664052062588373,0.3519807292928309,0.5099462453830168,0.6100891219227735,0.0,2.258257754560516,4,0.688378835900276,0.0,Higher in Adenoma,,0.9955128435364142,False,0.07267010433347358
Adenoma_vs_Control,Female,Parasutterella excrementihominis,rCLR_Parasutterella excrementihominis,Adenoma,Control,5,77,201,-0.08195470846935209,0.1657249069608444,-0.40677552611260714,0.24286610917390294,-0.49452257944978306,0.6209371640191657,0.03115598663268169,5.257401809988694,4,0.261891181788319,23.91679113435307,Higher in Control,,0.9955128435364142,False,0.08195470846935209
Adenoma_vs_Control,Female,Alistipes finegoldii,rCLR_Alistipes finegoldii,Adenoma,Control,5,77,201,0.0703583667777854,0.14262140437953463,-0.20917958580610246,0.34989631936167326,0.49332263333035464,0.6217846385322428,0.0,2.5836040772865556,4,0.6297303204021013,0.0,Higher in Adenoma,,0.9955128435364142,False,0.0703583667777854
Adenoma_vs_Control,Female,Klebsiella pneumoniae,rCLR_Klebsiella pneumoniae,Adenoma,Control,5,77,201,0.06742287845331403,0.1428765562233286,-0.21261517174441003,0.34746092865103806,0.4718960215413238,0.6370010079420626,0.0,3.9165619449102946,4,0.417415719149576,0.0,Higher in Adenoma,,0.9955128435364142,False,0.06742287845331403
Adenoma_vs_Control,Female,Dorea longicatena,rCLR_Dorea longicatena,Adenoma,Control,5,77,201,-0.06553310685815983,0.14261775134780022,-0.3450638994998483,0.21399768578352862,-0.4595017537357255,0.6458738929659786,0.0,3.0040671080280017,4,0.5571450103578581,0.0,Higher in Control,,0.9955128435364142,False,0.06553310685815983
Adenoma_vs_Control,Female,Faecalibacterium prausnitzii,rCLR_Faecalibacterium prausnitzii,Adenoma,Control,5,77,201,-0.06398798168624827,0.14247639214172725,-0.34324171028403366,0.21526574691153716,-0.44911287213531303,0.6533502352175959,0.0,2.731095181863888,4,0.6037844254372848,0.0,Higher in Control,,0.9955128435364142,False,0.06398798168624827
Adenoma_vs_Control,Female,Adlercreutzia equolifaciens,rCLR_Adlercreutzia equolifaciens,Adenoma,Control,5,77,201,0.06297181773747611,0.14250720449291587,-0.216342303068639,0.34228593854359124,0.44188515213352936,0.658572315540388,0.0,2.1908955325586024,4,0.7006964536150333,0.0,Higher in Adenoma,,0.9955128435364142,False,0.06297181773747611
Adenoma_vs_Control,Female,Firmicutes bacterium CAG:145,rCLR_Firmicutes bacterium CAG:145,Adenoma,Control,5,77,201,-0.11629059905835891,0.2660999512237817,-0.637846503456971,0.4052653053402532,-0.4370184906969869,0.6620979382108743,0.23804914574648284,13.025456537020625,4,0.011152076291235758,69.29090363449987,Higher in Control,,0.9955128435364142,False,0.11629059905835891
Adenoma_vs_Control,Female,Bacteroides cellulosilyticus,rCLR_Bacteroides cellulosilyticus,Adenoma,Control,5,77,201,0.06519738785826133,0.1505877501274002,-0.22995460239144305,0.36034937810796575,0.4329527986380238,0.665049061311907,0.009461404852526832,5.330822395505745,4,0.2550053706002767,24.964673304961746,Higher in Adenoma,,0.9955128435364142,False,0.06519738785826133
Adenoma_vs_Control,Female,Eubacterium ventriosum,rCLR_Eubacterium ventriosum,Adenoma,Control,5,77,201,-0.07575215722637309,0.1763308088111915,-0.42136054249630844,0.2698562280435623,-0.42960250529722055,0.6674848143546837,0.048190405104352206,5.678028412730228,4,0.22451818119167535,29.553011904062725,Higher in Control,,0.9955128435364142,False,0.07575215722637309
Adenoma_vs_Control,Female,Firmicutes bacterium CAG:83,rCLR_Firmicutes bacterium CAG:83,Adenoma,Control,5,77,201,0.09860818677638727,0.2362764904845995,-0.36449373457342776,0.5617101081262024,0.41734235418066085,0.6764280129916775,0.16423684920618745,10.02476022927474,4,0.0400126582468864,60.09879629520688,Higher in Adenoma,,0.9955128435364142,False,0.09860818677638727
Adenoma_vs_Control,Female,Gemmiger formicilis,rCLR_Gemmiger formicilis,Adenoma,Control,5,77,201,0.05930296246531722,0.14238312460085914,-0.2197679617523667,0.33837388668300117,0.4165027465969755,0.6770421579796172,0.0,1.7107477371098498,4,0.7887643701417573,0.0,Higher in Adenoma,,0.9955128435364142,False,0.05930296246531722
Adenoma_vs_Control,Female,Roseburia hominis,rCLR_Roseburia hominis,Adenoma,Control,5,77,201,-0.05906356948441925,0.1421605760301979,-0.33769829850360716,0.21957115953476863,-0.41547080867112485,0.6777972804178476,0.0,0.4630530527124017,4,0.9769966574979502,0.0,Higher in Control,,0.9955128435364142,False,0.05906356948441925
Adenoma_vs_Control,Female,Veillonella atypica,rCLR_Veillonella atypica,Adenoma,Control,4,66,184,0.06323593936215628,0.15326340345007938,-0.2371603313999993,0.36363221012431185,0.412596470772968,0.6799022874043814,0.0,2.0195920331635744,3,0.5683502791750663,0.0,Higher in Adenoma,,0.9955128435364142,False,0.06323593936215628
Adenoma_vs_Control,Female,Parabacteroides distasonis,rCLR_Parabacteroides distasonis,Adenoma,Control,5,77,201,-0.0584943116142557,0.1426000578660888,-0.3379904250317897,0.2210018018032783,-0.41019837221374666,0.6816604348824631,0.0,2.800314208511488,4,0.5917784766717558,0.0,Higher in Control,,0.9955128435364142,False,0.0584943116142557
Adenoma_vs_Control,Female,Bacteroides caccae,rCLR_Bacteroides caccae,Adenoma,Control,5,77,201,0.06322112076254004,0.1642918518411221,-0.25879090884605926,0.38523315037113937,0.3848098372138249,0.7003783102896858,0.029311686765441207,5.00540337574597,4,0.2867435242963508,20.08636068409035,Higher in Adenoma,,0.9955128435364142,False,0.06322112076254004
Adenoma_vs_Control,Female,Ruminococcus bromii,rCLR_Ruminococcus bromii,Adenoma,Control,5,77,201,-0.051880959907311376,0.14252887060431263,-0.33123754629176416,0.2274756264771414,-0.36400316432270646,0.715855646458549,0.0,2.5155422229352506,4,0.6418548965352527,0.0,Higher in Control,,0.9955128435364142,False,0.051880959907311376
Adenoma_vs_Control,Female,Desulfovibrio piger,rCLR_Desulfovibrio piger,Adenoma,Control,4,66,184,-0.0938216225010276,0.2705641781213622,-0.6241274116188975,0.43648416661684225,-0.346762912786421,0.7287694415955834,0.18806047579007854,9.025016411293024,3,0.028960122113948526,66.75906321626083,Higher in Control,,0.9955128435364142,False,0.0938216225010276
Adenoma_vs_Control,Female,Gordonibacter pamelaeae,rCLR_Gordonibacter pamelaeae,Adenoma,Control,5,77,201,-0.04847599012342012,0.1421956282328794,-0.32717942145986373,0.23022744121302346,-0.3409105520742809,0.7331709207684387,0.0,0.4353336767621657,4,0.9794831560562401,0.0,Higher in Control,,0.9955128435364142,False,0.04847599012342012
Adenoma_vs_Control,Female,Eubacterium ramulus,rCLR_Eubacterium ramulus,Adenoma,Control,5,77,201,-0.04791723488725461,0.14235529506253702,-0.3269336132098272,0.23109914343531798,-0.33660310890581524,0.7364161122726924,0.0,1.8329953805816903,4,0.7664404384015803,0.0,Higher in Control,,0.9955128435364142,False,0.04791723488725461
Adenoma_vs_Control,Female,Anaerotignum lactatifermentans,rCLR_Anaerotignum lactatifermentans,Adenoma,Control,4,66,190,0.049956782709050206,0.15078698268301097,-0.24558570334965127,0.34549926876775167,0.33130699892092735,0.7404126051903175,0.0,0.44940398406255844,3,0.9298579113558317,0.0,Higher in Adenoma,,0.9955128435364142,False,0.049956782709050206
Adenoma_vs_Control,Female,Veillonella parvula,rCLR_Veillonella parvula,Adenoma,Control,5,77,201,-0.04679929339898068,0.142575073797984,-0.32624643804302933,0.23264785124506795,-0.32824316447692004,0.7427278136116338,0.0,2.4681924630942964,4,0.6503403381720254,0.0,Higher in Control,,0.9955128435364142,False,0.04679929339898068
Adenoma_vs_Control,Female,Fusicatenibacter saccharivorans,rCLR_Fusicatenibacter saccharivorans,Adenoma,Control,5,77,201,0.04444722594196709,0.14219912315230526,-0.23426305543655124,0.3231575073204854,0.31257032361838816,0.7546071274569572,0.0,0.9324113261527752,4,0.9198655316615415,0.0,Higher in Adenoma,,0.9955128435364142,False,0.04444722594196709
Adenoma_vs_Control,Female,Blautia obeum,rCLR_Blautia obeum,Adenoma,Control,5,77,201,-0.04456115429070773,0.1426519993988138,-0.32415907311238273,0.23503676453096728,-0.31237665422499694,0.7547542905359632,0.0,2.9123386604973627,4,0.5726008643510581,0.0,Higher in Control,,0.9955128435364142,False,0.04456115429070773
Adenoma_vs_Control,Female,Eubacterium sp. CAG:274,rCLR_Eubacterium sp. CAG:274,Adenoma,Control,5,77,201,-0.04439505987916357,0.14233401583125344,-0.3233697309084203,0.23457961115009315,-0.3119075901841827,0.7551107539444362,0.0,1.2304724372633382,4,0.8730564988056795,0.0,Higher in Control,,0.9955128435364142,False,0.04439505987916357
Adenoma_vs_Control,Female,Streptococcus salivarius,rCLR_Streptococcus salivarius,Adenoma,Control,5,77,201,-0.04253580612680853,0.1424075398258172,-0.3216545841854102,0.23658297193179317,-0.2986906885606992,0.7651760623650645,0.0,2.0125700113218814,4,0.7334467731468183,0.0,Higher in Control,,0.9955128435364142,False,0.04253580612680853
Adenoma_vs_Control,Female,Eubacterium sp. CAG:38,rCLR_Eubacterium sp. CAG:38,Adenoma,Control,5,77,201,0.04092739600842717,0.14283868235553016,-0.23903642140841194,0.3208912134252663,0.28652879831639405,0.774473139770269,0.0,4.28967777008673,4,0.3682194359716557,6.752902796259984,Higher in Adenoma,,0.9955128435364142,False,0.04092739600842717
Adenoma_vs_Control,Female,Erysipelatoclostridium ramosum,rCLR_Erysipelatoclostridium ramosum,Adenoma,Control,5,77,201,-0.0360840828022996,0.1429475356426914,-0.3162612526619747,0.2440930870573755,-0.25242885538436005,0.8007095987613224,0.0,4.624345707723863,4,0.3280568283223034,13.501276660199588,Higher in Control,,0.9955128435364142,False,0.0360840828022996
Adenoma_vs_Control,Female,Bacteroides thetaiotaomicron,rCLR_Bacteroides thetaiotaomicron,Adenoma,Control,5,77,201,0.033025502126708996,0.14694999729448346,-0.2549964925704786,0.3210474968238966,0.22473972599350828,0.8221817581599137,0.004990981035133176,4.579970189923056,4,0.3331701159951547,12.663187004996637,Higher in Adenoma,,0.9955128435364142,False,0.033025502126708996
Adenoma_vs_Control,Female,Blautia wexlerae,rCLR_Blautia wexlerae,Adenoma,Control,5,77,201,-0.030456276151856684,0.1426755425228385,-0.3101003394966202,0.2491877871929068,-0.21346529063999498,0.8309640592397927,0.0,3.3118841811951163,4,0.5070515203735497,0.0,Higher in Control,,0.9955128435364142,False,0.030456276151856684
Adenoma_vs_Control,Female,Eubacterium sp. CAG:251,rCLR_Eubacterium sp. CAG:251,Adenoma,Control,5,77,201,-0.030310600131400196,0.14244298874185649,-0.3094988580654389,0.24887765780263854,-0.2127910990854793,0.8314899066582091,0.0,2.258084293155405,4,0.68841049831926,0.0,Higher in Control,,0.9955128435364142,False,0.030310600131400196
Adenoma_vs_Control,Female,[Ruminococcus] torques,rCLR_[Ruminococcus] torques,Adenoma,Control,5,77,201,0.0343699524395388,0.20043665766423113,-0.3584858965823542,0.42722580146143185,0.17147538199881032,0.8638499860569239,0.0905211227624486,7.260671831802293,4,0.12273760458251283,44.908679352788035,Higher in Adenoma,,0.9955128435364142,False,0.0343699524395388
Adenoma_vs_Control,Female,Phocaeicola vulgatus,rCLR_Phocaeicola vulgatus,Adenoma,Control,5,77,201,-0.023093287458741226,0.14217045011477195,-0.30174736968369426,0.2555607947662118,-0.16243380702599156,0.8709642501768815,0.0,0.4720269468861269,4,0.9761664016348502,0.0,Higher in Control,,0.9955128435364142,False,0.023093287458741226
Adenoma_vs_Control,Female,Coprococcus catus,rCLR_Coprococcus catus,Adenoma,Control,5,77,201,0.023221446726458112,0.14298285840223696,-0.25702495574192635,0.30346784919484254,0.16240720731104655,0.8709851955744576,0.0,4.784012053985921,4,0.3101855747947946,16.388170538422905,Higher in Adenoma,,0.9955128435364142,False,0.023221446726458112
Adenoma_vs_Control,Female,Butyricimonas virosa,rCLR_Butyricimonas virosa,Adenoma,Control,4,66,184,-0.024682748710073768,0.15373994233425717,-0.3260130356852178,0.27664753826507027,-0.160548705400248,0.8724488578178997,0.0,4.219562199527466,3,0.23871062150074804,28.902576662195923,Higher in Control,,0.9955128435364142,False,0.024682748710073768
Adenoma_vs_Control,Female,Lachnospira eligens,rCLR_Lachnospira eligens,Adenoma,Control,5,77,201,-0.02850068699322134,0.1793598472179207,-0.3800459875403459,0.32304461355390324,-0.1589022706882285,0.8737458716772654,0.052099080771871836,6.795772224874131,4,0.1470824278110089,41.13987538665502,Higher in Control,,0.9955128435364142,False,0.02850068699322134
Adenoma_vs_Control,Female,[Eubacterium] rectale,rCLR_[Eubacterium] rectale,Adenoma,Control,5,77,201,-0.02197347672201274,0.1422986886150664,-0.30087890640754283,0.2569319529635174,-0.15441798470436655,0.8772801739894852,0.0,1.0948307282108083,4,0.8950914993337545,0.0,Higher in Control,,0.9955128435364142,False,0.02197347672201274
Adenoma_vs_Control,Female,Bacteroides xylanisolvens,rCLR_Bacteroides xylanisolvens,Adenoma,Control,5,77,201,-0.021965356273609977,0.14259254902828455,-0.30144675236904767,0.25751603982182775,-0.15404280534498999,0.8775759845755504,0.0,2.5839482616998595,4,0.6296692365763898,0.0,Higher in Control,,0.9955128435364142,False,0.021965356273609977
Adenoma_vs_Control,Female,Acidaminococcus intestini,rCLR_Acidaminococcus intestini,Adenoma,Control,5,77,201,-0.01977441861411994,0.1604699805144084,-0.33429558042236035,0.2947467431941205,-0.12322814865889774,0.9019264360295296,0.023925287061010603,4.184636118120354,4,0.3815943794313501,4.412238314362401,Higher in Control,,0.9955128435364142,False,0.01977441861411994
Adenoma_vs_Control,Female,Barnesiella intestinihominis,rCLR_Barnesiella intestinihominis,Adenoma,Control,5,77,201,-0.015616035974752177,0.14236737404154068,-0.2946560890961719,0.2634240171466675,-0.10968830520253643,0.9126565755444,0.0,1.557635245912431,4,0.8163853962953953,0.0,Higher in Control,,0.9955128435364142,False,0.015616035974752177
Adenoma_vs_Control,Female,Phocaeicola coprocola,rCLR_Phocaeicola coprocola,Adenoma,Control,4,66,184,-0.01366351189500667,0.15354560388033117,-0.3146128955004558,0.2872858717104424,-0.08898666943050743,0.9290925043414053,0.0,3.677723344723288,3,0.29843289614715884,18.427795709420877,Higher in Control,,0.9955128435364142,False,0.01366351189500667
Adenoma_vs_Control,Female,Oscillibacter sp. 57_20,rCLR_Oscillibacter sp. 57_20,Adenoma,Control,5,77,201,-0.010878065873368063,0.14801203617656683,-0.300981656779439,0.2792255250327029,-0.07349446811468344,0.9414126459770243,0.006588011180592664,4.413698871542069,4,0.3529035584912077,9.373065167844805,Higher in Control,,0.9955128435364142,False,0.010878065873368063
Adenoma_vs_Control,Female,Parabacteroides merdae,rCLR_Parabacteroides merdae,Adenoma,Control,5,77,201,0.018496252590364214,0.2558734335388678,-0.4830156771458168,0.5200081823265452,0.07228672525533834,0.9423737287702061,0.21119373073807973,10.66134110958029,4,0.03064565490983606,62.481267986017286,Higher in Adenoma,,0.9955128435364142,False,0.018496252590364214
Adenoma_vs_Control,Female,Flavonifractor plautii,rCLR_Flavonifractor plautii,Adenoma,Control,5,77,201,0.00937868323707935,0.14234721336747747,-0.2696218549631765,0.2883792214373352,0.06588596302807659,0.9474686161799314,0.0,1.5379876844178257,4,0.8198917923485276,0.0,Higher in Adenoma,,0.9955128435364142,False,0.00937868323707935
Adenoma_vs_Control,Female,Coprococcus comes,rCLR_Coprococcus comes,Adenoma,Control,5,77,201,0.008823090216402709,0.14235148125774338,-0.2701858130487743,0.28783199348157973,0.06198102147196846,0.9505779456101019,0.0,2.065261469687737,4,0.7237568016960174,0.0,Higher in Adenoma,,0.9955128435364142,False,0.008823090216402709
Adenoma_vs_Control,Female,Phocaeicola plebeius,rCLR_Phocaeicola plebeius,Adenoma,Control,5,77,201,-0.00944479657200325,0.16382754589318574,-0.3305467865226473,0.3116571933786408,-0.05765084571407291,0.9540267479670308,0.028333973766366496,5.113198352170398,4,0.2758785971546648,21.771077034355205,Higher in Control,,0.9955128435364142,False,0.00944479657200325
Adenoma_vs_Control,Female,[Ruminococcus] lactaris,rCLR_[Ruminococcus] lactaris,Adenoma,Control,5,77,201,-0.009453160468958607,0.17819697341214152,-0.358719228356756,0.3398129074188388,-0.05304893954116121,0.9576929144659176,0.05029041588025204,6.54009889530661,4,0.16228129831184904,38.83884534421136,Higher in Control,,0.9955128435364142,False,0.009453160468958607
Adenoma_vs_Control,Female,Bacteroides fragilis,rCLR_Bacteroides fragilis,Adenoma,Control,5,77,201,0.006352626911159141,0.14252935783891021,-0.2730049144531049,0.2857101682754231,0.044570655530062925,0.964449532901113,0.0,2.5968267780960894,4,0.627385349265019,0.0,Higher in Adenoma,,0.9955128435364142,False,0.006352626911159141
Adenoma_vs_Control,Female,Streptococcus thermophilus,rCLR_Streptococcus thermophilus,Adenoma,Control,5,77,201,-0.006058953050176942,0.14254033614418352,-0.2854380118927766,0.2733201057924227,-0.04250693673156588,0.9660945820378881,0.0,2.678590252154242,4,0.6129662079504375,0.0,Higher in Control,,0.9955128435364142,False,0.006058953050176942
Adenoma_vs_Control,Female,Alistipes shahii,rCLR_Alistipes shahii,Adenoma,Control,5,77,201,-0.004233946078634863,0.1422975296466091,-0.2831371041859887,0.27466921202871897,-0.029754178369432827,0.9762631029345176,0.0,1.1104813459401262,4,0.8926056779235031,0.0,Higher in Control,,0.9955128435364142,False,0.004233946078634863
Adenoma_vs_Control,Female,Bacteroides intestinalis,rCLR_Bacteroides intestinalis,Adenoma,Control,5,77,201,-0.004430802839973662,0.17278011876706245,-0.34307983562341604,0.3342182299434687,-0.025644170588556846,0.9795411546069036,0.041939636931826424,5.9583711864063895,4,0.20227878290546794,32.86755935706519,Higher in Control,,0.9955128435364142,False,0.004430802839973662
Adenoma_vs_Control,Female,Bifidobacterium bifidum,rCLR_Bifidobacterium bifidum,Adenoma,Control,5,77,201,-0.0035804898966395756,0.1426348160911346,-0.28314472943526336,0.27598374964198424,-0.025102495973717033,0.9799732093116806,0.0,3.773603101367643,4,0.4375114547224801,0.0,Higher in Control,,0.9955128435364142,False,0.0035804898966395756
Adenoma_vs_Control,Female,Proteobacteria bacterium CAG:139,rCLR_Proteobacteria bacterium CAG:139,Adenoma,Control,5,77,201,-0.0048045910163841115,0.24913665420302647,-0.493112433254316,0.4835032512215478,-0.019284962430573357,0.984613779941169,0.1967965289235518,12.378660790406018,4,0.014746752973492892,67.68632675434351,Higher in Control,,0.9955128435364142,False,0.0048045910163841115
Adenoma_vs_Control,Female,Dorea formicigenerans,rCLR_Dorea formicigenerans,Adenoma,Control,5,77,201,0.0024085503230639703,0.14231989650438975,-0.27653844682553996,0.2813555474716679,0.016923496870233323,0.9864976476584877,0.0,1.4107467486863015,4,0.8423250452896736,0.0,Higher in Adenoma,,0.9955128435364142,False,0.0024085503230639703
Adenoma_vs_Control,Female,Slackia isoflavoniconvertens,rCLR_Slackia isoflavoniconvertens,Adenoma,Control,5,77,201,-0.001114330896470978,0.15488239351300284,-0.30468382218195655,0.30245516038901454,-0.0071946905726080895,0.9942595169970561,0.01602813853849903,3.751964712138892,4,0.4406131272112026,0.0,Higher in Control,,0.9955128435364142,False,0.001114330896470978
Adenoma_vs_Control,Female,Alistipes inops,rCLR_Alistipes inops,Adenoma,Control,5,77,201,0.0008006171006514764,0.1423611281742113,-0.2782271941208026,0.2798284283221056,0.0056238462768554275,0.9955128435364142,0.0,1.4871268499350403,4,0.8289193118093041,0.0,Higher in Adenoma,,0.9955128435364142,False,0.0008006171006514764
Adenoma_vs_Control,Male,Coprobacter fastidiosus,rCLR_Coprobacter fastidiosus,Adenoma,Control,4,117,213,0.3030708355158839,0.11919160372249606,0.0694552922197916,0.5366863788119761,2.54271967194517,0.010999343610193694,0.0,0.6702683878037055,3,0.8801738266642697,0.0,Higher in Adenoma,,0.5424414806355674,False,0.3030708355158839
Adenoma_vs_Control,Male,Parabacteroides merdae,rCLR_Parabacteroides merdae,Adenoma,Control,5,132,224,-0.28081101041935136,0.11430790131195287,-0.504854496990779,-0.056767523847923745,-2.4566194217231043,0.014025117830756616,0.0,1.9262519484082974,4,0.7493209469518725,0.0,Higher in Control,,0.5424414806355674,False,0.28081101041935136
Adenoma_vs_Control,Male,Alistipes shahii,rCLR_Alistipes shahii,Adenoma,Control,5,132,224,0.2541883321475202,0.11416379864083986,0.030427286811474052,0.4779493774835663,2.226523076261666,0.02597916504514809,0.0,1.374183979240176,4,0.8486693225850979,0.0,Higher in Adenoma,,0.5424414806355674,False,0.2541883321475202
Adenoma_vs_Control,Male,Klebsiella pneumoniae,rCLR_Klebsiella pneumoniae,Adenoma,Control,5,132,224,0.2439315328459292,0.11439427976292645,0.019718744510593356,0.46814432118126503,2.132375266940436,0.032976008973203824,0.0,4.863032547151936,4,0.3016421048017581,17.746797677868226,Higher in Adenoma,,0.5424414806355674,False,0.2439315328459292
Adenoma_vs_Control,Male,Butyricimonas virosa,rCLR_Butyricimonas virosa,Adenoma,Control,4,117,213,0.24875166039688626,0.11898257563813983,0.01554581214613221,0.4819575086476403,2.090656207959487,0.03655889324893031,0.0,0.8394873859323602,3,0.8400007008915111,0.0,Higher in Adenoma,,0.5424414806355674,False,0.24875166039688626
Adenoma_vs_Control,Male,Lachnospira eligens,rCLR_Lachnospira eligens,Adenoma,Control,5,132,224,-0.23335442176291638,0.11421693241526541,-0.4572196092968366,-0.009489234228996168,-2.0430808009664942,0.04104444012689796,0.0,2.5556561006805163,4,0.6346981985812306,0.0,Higher in Control,,0.5424414806355674,False,0.23335442176291638
Adenoma_vs_Control,Male,Bifidobacterium adolescentis,rCLR_Bifidobacterium adolescentis,Adenoma,Control,5,132,224,-0.2322557290676565,0.11404336762643942,-0.4557807296154778,-0.008730728519835251,-2.0365562145484306,0.04169453436080415,0.0,1.5144779876421106,4,0.8240738164093259,0.0,Higher in Control,,0.5424414806355674,False,0.2322557290676565
Adenoma_vs_Control,Male,[Ruminococcus] torques,rCLR_[Ruminococcus] torques,Adenoma,Control,5,132,224,0.23073681607139662,0.11402502419441596,0.007247768650341352,0.45422586349245186,2.023562965248608,0.043015138840518,0.0,1.2399340995953831,4,0.8714809785267885,0.0,Higher in Adenoma,,0.5424414806355674,False,0.23073681607139662
Adenoma_vs_Control,Male,Bacteroides thetaiotaomicron,rCLR_Bacteroides thetaiotaomicron,Adenoma,Control,5,132,224,0.21966008298687517,0.11411526114263139,-0.004005828852682358,0.4433259948264327,1.9248966421092837,0.0542422900933148,0.0,2.153244470321896,4,0.7075976860451436,0.0,Higher in Adenoma,,0.5424414806355674,False,0.21966008298687517
Adenoma_vs_Control,Male,Eubacterium ventriosum,rCLR_Eubacterium ventriosum,Adenoma,Control,5,132,224,-0.2148828692391532,0.11400205130276148,-0.4383268897925657,0.008561151314259274,-1.884903532730977,0.05944286308037552,0.0,1.7715292397022497,4,0.7776869238280575,0.0,Higher in Control,,0.5424414806355674,False,0.2148828692391532
Adenoma_vs_Control,Male,Phocaeicola dorei,rCLR_Phocaeicola dorei,Adenoma,Control,5,132,224,0.21514324099974472,0.11415517782646424,-0.008600907540125186,0.4388873895396146,1.8846560015595606,0.05947629622586242,0.0,2.698414694428184,4,0.609492049152903,0.0,Higher in Adenoma,,0.5424414806355674,False,0.21514324099974472
Adenoma_vs_Control,Male,Bifidobacterium longum,rCLR_Bifidobacterium longum,Adenoma,Control,5,132,224,-0.2138458869884937,0.1140696346896836,-0.4374223709802736,0.009730597003286184,-1.874695992235292,0.060834558575951485,0.0,1.9126894900163545,4,0.7518135392358489,0.0,Higher in Control,,0.5424414806355674,False,0.2138458869884937
Adenoma_vs_Control,Male,Escherichia coli,rCLR_Escherichia coli,Adenoma,Control,5,132,224,0.20730080392376418,0.11602083440798262,-0.020100031515881744,0.4347016393634101,1.786754982254301,0.07397709825697468,0.0014258103641177817,4.094021511375745,4,0.3934309410502565,2.296556359425435,Higher in Adenoma,,0.600123382225188,False,0.20730080392376418
Adenoma_vs_Control,Male,Anaerotignum lactatifermentans,rCLR_Anaerotignum lactatifermentans,Adenoma,Control,5,132,224,-0.22669938231891873,0.1288552364832717,-0.4792556458261313,0.025856881188293823,-1.7593338734693127,0.07852081636591245,0.012671643775137135,5.159581159387875,4,0.2713118780541844,22.474327344924365,Higher in Control,,0.600123382225188,False,0.22669938231891873
Adenoma_vs_Control,Male,Phocaeicola vulgatus,rCLR_Phocaeicola vulgatus,Adenoma,Control,5,132,224,-0.19477487133686303,0.11396719330386768,-0.4181505702124437,0.02860082753871762,-1.7090433280877595,0.08744292391303307,0.0,1.2644214542821146,4,0.8673823838650948,0.0,Higher in Control,,0.6100417259707724,False,0.19477487133686303
Adenoma_vs_Control,Male,Veillonella atypica,rCLR_Veillonella atypica,Adenoma,Control,5,132,224,-0.1925680856887169,0.11401369709885348,-0.4160349320024697,0.030898760625035937,-1.6889908018836919,0.09122119266852673,0.0,1.8685981794258395,4,0.7599109250973363,0.0,Higher in Control,,0.6100417259707724,False,0.1925680856887169
Adenoma_vs_Control,Male,Blautia sp. CAG:257,rCLR_Blautia sp. CAG:257,Adenoma,Control,5,132,224,0.182840400325044,0.11421650150604443,-0.04102394262680306,0.4067047432768911,1.600822980166031,0.10941613227512416,0.0,4.033266132262008,4,0.40152248870377055,0.8247938809669102,Higher in Adenoma,,0.6870639663230496,False,0.182840400325044
Adenoma_vs_Control,Male,Bifidobacterium pseudocatenulatum,rCLR_Bifidobacterium pseudocatenulatum,Adenoma,Control,5,132,224,-0.1793576194396972,0.1139794505034757,-0.40275734242650957,0.044042103547115186,-1.5735961056789605,0.11558085414780273,0.0,2.0370093011254133,4,0.7289517867653859,0.0,Higher in Control,,0.6870639663230496,False,0.1793576194396972
Adenoma_vs_Control,Male,Bacteroides ovatus,rCLR_Bacteroides ovatus,Adenoma,Control,5,132,224,0.17628590554262555,0.11416534661208505,-0.04747817381706115,0.40004998490231225,1.5441279755547528,0.12255733280987115,0.0,4.13006370432947,4,0.3886897192218433,3.1491936599701043,Higher in Adenoma,,0.6901912952976954,False,0.17628590554262555
Adenoma_vs_Control,Male,Roseburia faecis,rCLR_Roseburia faecis,Adenoma,Control,5,132,224,-0.15717702085658805,0.11404756842425198,-0.38071025496812194,0.06635621325494584,-1.3781707319869931,0.16815058136734384,0.0,2.94114870617557,4,0.5677218403731765,0.0,Higher in Control,,0.8797797651993,False,0.15717702085658805
Adenoma_vs_Control,Male,Klebsiella variicola,rCLR_Klebsiella variicola,Adenoma,Control,5,132,224,0.15526032139085671,0.1138535956740453,-0.06789272613027206,0.3784133689119855,1.363683952813892,0.17266705672135796,0.0,1.0712418162865212,4,0.8988077568551512,0.0,Higher in Adenoma,,0.8797797651993,False,0.15526032139085671
Adenoma_vs_Control,Male,Barnesiella intestinihominis,rCLR_Barnesiella intestinihominis,Adenoma,Control,5,132,224,-0.1502072117275929,0.11392248486871161,-0.37349528207026766,0.07308085861508185,-1.3185036465865112,0.18733510514502782,0.0,1.8682757477791532,4,0.7599700989966303,0.0,Higher in Control,,0.9023919137904329,False,0.1502072117275929
Adenoma_vs_Control,Male,Roseburia intestinalis,rCLR_Roseburia intestinalis,Adenoma,Control,5,132,224,-0.15026182076877725,0.11778174131289422,-0.3811140337420499,0.0805903922044954,-1.275764979306918,0.20203861073963514,0.002914518856422381,4.1664694690986925,4,0.3839451979739681,3.995456352994803,Higher in Control,,0.9023919137904329,False,0.15026182076877725
Adenoma_vs_Control,Male,Anaerostipes hadrus,rCLR_Anaerostipes hadrus,Adenoma,Control,5,132,224,-0.1428828115667689,0.11399357985417248,-0.36631022808094693,0.08054460494740914,-1.2534285856234473,0.21004977373858513,0.0,3.112513107509319,4,0.5391763135996508,0.0,Higher in Control,,0.9023919137904329,False,0.1428828115667689
Adenoma_vs_Control,Male,Prevotella copri,rCLR_Prevotella copri,Adenoma,Control,5,132,224,0.1419850407915799,0.11374985070612476,-0.08096466659242463,0.3649347481755844,1.2482217770852408,0.21194985104202835,0.0,0.36337038233797453,4,0.9853645119360617,0.0,Higher in Adenoma,,0.9023919137904329,False,0.1419850407915799
Adenoma_vs_Control,Male,[Eubacterium] siraeum,rCLR_[Eubacterium] siraeum,Adenoma,Control,5,132,224,0.1745530432313564,0.1455361255909764,-0.11069776292695732,0.4598038493896701,1.1993794841146928,0.2303804212371311,0.031239394973689515,5.413504298746203,4,0.2474377886390615,26.110707976598054,Higher in Adenoma,,0.9023919137904329,False,0.1745530432313564
Adenoma_vs_Control,Male,Clostridium sp. CAG:58,rCLR_Clostridium sp. CAG:58,Adenoma,Control,5,132,224,-0.19847244807333805,0.16664059593870048,-0.525088016113191,0.12814311996651487,-1.1910209931459144,0.23364534363378087,0.05968245901548999,6.893842447477595,4,0.14160564582950316,41.97720602878631,Higher in Control,,0.9023919137904329,False,0.19847244807333805
Adenoma_vs_Control,Male,Bacteroides cellulosilyticus,rCLR_Bacteroides cellulosilyticus,Adenoma,Control,5,132,224,0.16358793048964237,0.13895626721769092,-0.10876635325703182,0.43594221423631657,1.1772619815223098,0.2390909564082101,0.02348316554683096,5.253905958058885,4,0.2622229762004064,23.866166773227796,Higher in Adenoma,,0.9023919137904329,False,0.16358793048964237
Adenoma_vs_Control,Male,Eubacterium sp. CAG:180,rCLR_Eubacterium sp. CAG:180,Adenoma,Control,5,132,224,-0.13259387490470295,0.11394836871167668,-0.35593267757958924,0.09074492777018334,-1.1636311814187086,0.2445735093450706,0.0,3.0049086687258275,4,0.5570042826367645,0.0,Higher in Control,,0.9023919137904329,False,0.13259387490470295
Adenoma_vs_Control,Male,Akkermansia muciniphila,rCLR_Akkermansia muciniphila,Adenoma,Control,5,132,224,0.12786294509890286,0.11397141221636646,-0.09552102284517539,0.3512469130429811,1.121886116986638,0.2619108642274075,0.0,3.0893970723017157,4,0.5429780700329775,0.0,Higher in Adenoma,,0.9341487490777534,False,0.12786294509890286
Adenoma_vs_Control,Male,[Ruminococcus] gnavus,rCLR_[Ruminococcus] gnavus,Adenoma,Control,5,132,224,-0.12451592387625522,0.11387210442733942,-0.3477052485538405,0.09867340080133004,-1.0934717023316938,0.2741867468164556,0.0,1.9258308346618103,4,0.7493983522108758,0.0,Higher in Control,,0.9390657035065303,False,0.12451592387625522
Adenoma_vs_Control,Male,Dialister invisus,rCLR_Dialister invisus,Adenoma,Control,5,132,224,-0.12080331310918298,0.11383620390147536,-0.3439222727560747,0.10231564653770873,-1.061202929902139,0.2885976881732045,0.0,2.275712640071098,4,0.6851943812901452,0.0,Higher in Control,,0.9390657035065303,False,0.12080331310918298
Adenoma_vs_Control,Male,Alistipes putredinis,rCLR_Alistipes putredinis,Adenoma,Control,5,132,224,0.11925400628528736,0.11390700104473593,-0.10400371576239507,0.3425117283329698,1.0469418489777589,0.2951263990002533,0.0,2.4965380417020158,4,0.6452558173426988,0.0,Higher in Adenoma,,0.9390657035065303,False,0.11925400628528736
Adenoma_vs_Control,Male,Alistipes finegoldii,rCLR_Alistipes finegoldii,Adenoma,Control,5,132,224,-0.11794098239737394,0.11382463289798327,-0.34103726287742114,0.10515529808267327,-1.036163960248218,0.3001256571280849,0.0,1.9835925217237023,4,0.7387768353209168,0.0,Higher in Control,,0.9390657035065303,False,0.11794098239737394
Adenoma_vs_Control,Male,Methanobrevibacter smithii,rCLR_Methanobrevibacter smithii,Adenoma,Control,4,116,211,0.12200779059251678,0.11974201344864745,-0.11268655576683222,0.35670213695186576,1.0189221567152036,0.3082399239104787,0.0,3.555140557070135,3,0.3136806780274345,15.615150741821527,Higher in Adenoma,,0.9390657035065303,False,0.12200779059251678
Adenoma_vs_Control,Male,Fusicatenibacter saccharivorans,rCLR_Fusicatenibacter saccharivorans,Adenoma,Control,5,132,224,-0.11199903073816508,0.11376028963203745,-0.3349691984169585,0.11097113694062832,-0.9845178058216164,0.32486098100385885,0.0,1.4031809782811862,4,0.8436419589763643,0.0,Higher in Control,,0.9390657035065303,False,0.11199903073816508
Adenoma_vs_Control,Male,Parasutterella excrementihominis,rCLR_Parasutterella excrementihominis,Adenoma,Control,4,117,213,0.10296555817926478,0.1188840532223639,-0.13004718613656846,0.335978302495098,0.8661006702612609,0.3864349576737106,0.0,2.5746623689349963,3,0.4619488858168824,0.0,Higher in Adenoma,,0.9390657035065303,False,0.10296555817926478
Adenoma_vs_Control,Male,Oscillibacter sp. CAG:241,rCLR_Oscillibacter sp. CAG:241,Adenoma,Control,5,132,224,0.09595368403743601,0.11373851872252623,-0.1269738126587154,0.3188811807335874,0.8436340222745675,0.3988739464199549,0.0,1.337677310138943,4,0.8549513718596055,0.0,Higher in Adenoma,,0.9390657035065303,False,0.09595368403743601
Adenoma_vs_Control,Male,[Eubacterium] rectale,rCLR_[Eubacterium] rectale,Adenoma,Control,5,132,224,-0.18366964056030696,0.21984460697466643,-0.6145650702306532,0.24722578911003926,-0.8354521090502436,0.40346320076243214,0.15424116390082515,10.765836515262468,4,0.02932564594130936,62.845432453583186,Higher in Control,,0.9390657035065303,False,0.18366964056030696
Adenoma_vs_Control,Male,Bacteroides uniformis,rCLR_Bacteroides uniformis,Adenoma,Control,5,132,224,-0.09273659719398765,0.11371625416643011,-0.3156204553601907,0.13014726097221535,-0.8155087227746919,0.414781173641379,0.0,0.8823809634080446,4,0.9270748370962815,0.0,Higher in Control,,0.9390657035065303,False,0.09273659719398765
Adenoma_vs_Control,Male,Klebsiella quasipneumoniae,rCLR_Klebsiella quasipneumoniae,Adenoma,Control,3,87,185,-0.13592512440488,0.16708603121535,-0.463413745586966,0.191563496777206,-0.8135038184591981,0.4159292579045978,0.023514819558356746,2.3531518289636972,2,0.3083326906612614,15.007609140087721,Higher in Control,,0.9390657035065303,False,0.13592512440488
Adenoma_vs_Control,Male,Megamonas funiformis,rCLR_Megamonas funiformis,Adenoma,Control,4,117,213,-0.0964643102582606,0.11866784836965684,-0.32905329306278797,0.13612467254626678,-0.8128933960087403,0.4162791811788039,0.0,0.6210937412500395,3,0.8915869175540131,0.0,Higher in Control,,0.9390657035065303,False,0.0964643102582606
Adenoma_vs_Control,Male,Acidaminococcus intestini,rCLR_Acidaminococcus intestini,Adenoma,Control,5,132,224,-0.09991418409891764,0.12358346738723189,-0.34213778017789215,0.14230941198005687,-0.8084753261198783,0.41881700443006664,0.008171764637959216,3.6367106777255302,4,0.45739778627010064,0.0,Higher in Control,,0.9390657035065303,False,0.09991418409891764
Adenoma_vs_Control,Male,Phocaeicola massiliensis,rCLR_Phocaeicola massiliensis,Adenoma,Control,4,117,213,-0.09556323717950709,0.1192870710834978,-0.3293658965031628,0.13823942214414858,-0.8011198222195878,0.42306228175930327,0.0002910508020484524,2.8380289047449914,3,0.41727788274552113,0.0,Higher in Control,,0.9390657035065303,False,0.09556323717950709
Adenoma_vs_Control,Male,Alistipes inops,rCLR_Alistipes inops,Adenoma,Control,5,132,224,0.13500475683667743,0.17460812713493287,-0.207227172347791,0.4772366860211459,0.7731871308163627,0.4394116412346484,0.0722066060998356,7.572433374742157,4,0.1085573772004661,47.176821477994174,Higher in Adenoma,,0.9390657035065303,False,0.13500475683667743
Adenoma_vs_Control,Male,Erysipelatoclostridium ramosum,rCLR_Erysipelatoclostridium ramosum,Adenoma,Control,5,132,224,-0.11154178243241106,0.1485057252771229,-0.402613003975572,0.17952943911074984,-0.7510941562977835,0.4525959923617474,0.03486267737367089,6.280314137133139,4,0.17916943758420933,36.30891842894447,Higher in Control,,0.9390657035065303,False,0.11154178243241106
Adenoma_vs_Control,Male,Bacteroides caccae,rCLR_Bacteroides caccae,Adenoma,Control,5,132,224,0.08431524536900442,0.1139188429098474,-0.13896568673429646,0.3075961774723053,0.74013432032249,0.45921849568738693,0.0,3.3882431755353313,4,0.495073333948146,0.0,Higher in Adenoma,,0.9390657035065303,False,0.08431524536900442
Adenoma_vs_Control,Male,Eubacterium ramulus,rCLR_Eubacterium ramulus,Adenoma,Control,5,132,224,-0.08283934765700891,0.11383456630938021,-0.3059550976233941,0.14027640230937632,-0.7277169874031731,0.4667868493600046,0.0,2.325414219632412,4,0.6761459112047771,0.0,Higher in Control,,0.9390657035065303,False,0.08283934765700891
Adenoma_vs_Control,Male,Eubacterium sp. CAG:38,rCLR_Eubacterium sp. CAG:38,Adenoma,Control,5,132,224,-0.09117248127135272,0.1276410412889974,-0.34134892219778756,0.15900395965508216,-0.714288134526616,0.4750490277877252,0.011753381076820585,5.406852222916023,4,0.2480393827063458,26.0198016315911,Higher in Control,,0.9390657035065303,False,0.09117248127135272
Adenoma_vs_Control,Male,Coprococcus eutactus,rCLR_Coprococcus eutactus,Adenoma,Control,5,132,224,-0.08100429607989643,0.11392701046609609,-0.30430123659344477,0.1422926444336519,-0.7110192372159433,0.4770723149653556,0.0,3.075016242451266,4,0.5453510428342887,0.0,Higher in Control,,0.9390657035065303,False,0.08100429607989643
Adenoma_vs_Control,Male,Phascolarctobacterium faecium,rCLR_Phascolarctobacterium faecium,Adenoma,Control,5,132,224,-0.07882440447540634,0.11397998950187718,-0.3022251838990856,0.14457637494827294,-0.6915635351423519,0.48921146805125426,0.0,3.624531041404328,4,0.4591973857417262,0.0,Higher in Control,,0.9390657035065303,False,0.07882440447540634
Adenoma_vs_Control,Male,[Ruminococcus] lactaris,rCLR_[Ruminococcus] lactaris,Adenoma,Control,5,132,224,0.07813395642321021,0.11385650517944433,-0.1450247937285007,0.3012927065749211,0.6862493829409804,0.4925558618898135,0.0,2.400502521218264,4,0.6625364542195953,0.0,Higher in Adenoma,,0.9390657035065303,False,0.07813395642321021
Adenoma_vs_Control,Male,Flavonifractor plautii,rCLR_Flavonifractor plautii,Adenoma,Control,5,132,224,0.1211577195680982,0.18425251429273987,-0.2399772084456719,0.4822926475818683,0.6575634532487473,0.5108186850135663,0.08784972711024609,9.18271663564917,4,0.05669121210962549,56.43990598085987,Higher in Adenoma,,0.9390657035065303,False,0.1211577195680982
Adenoma_vs_Control,Male,Veillonella parvula,rCLR_Veillonella parvula,Adenoma,Control,4,117,213,0.0770656589898145,0.11870883703886455,-0.15560366160636002,0.309734979585989,0.6491990058379873,0.5162097542195703,0.0,1.515330106702431,3,0.678736696408198,0.0,Higher in Adenoma,,0.9390657035065303,False,0.0770656589898145
Adenoma_vs_Control,Male,Eggerthella lenta,rCLR_Eggerthella lenta,Adenoma,Control,5,132,224,-0.0734249778701915,0.11368996300572552,-0.29625730536141354,0.14940734962103053,-0.6458351813035049,0.5183861011719116,0.0,0.7978821641076204,4,0.9387317643177221,0.0,Higher in Control,,0.9390657035065303,False,0.0734249778701915
Adenoma_vs_Control,Male,Bacteroides salyersiae,rCLR_Bacteroides salyersiae,Adenoma,Control,4,117,213,-0.12695613112801005,0.1971843096704779,-0.5134373780821467,0.2595251158261266,-0.6438449962888589,0.5196759522746583,0.08654979475049226,7.294993770742107,3,0.06306663950339284,58.875907310133115,Higher in Control,,0.9390657035065303,False,0.12695613112801005
Adenoma_vs_Control,Male,Bacteroides stercoris,rCLR_Bacteroides stercoris,Adenoma,Control,5,132,224,0.0827656803612685,0.12988428465646984,-0.17180751756541238,0.3373388782879494,0.6372262863068842,0.5239774578759476,0.014145104693371211,4.2416618654652405,4,0.374287282361532,5.697339230003289,Higher in Adenoma,,0.9390657035065303,False,0.0827656803612685
Adenoma_vs_Control,Male,Coprococcus comes,rCLR_Coprococcus comes,Adenoma,Control,5,132,224,-0.07220888806307892,0.11388693251657359,-0.29542727579556316,0.1510094996694053,-0.6340401525220691,0.5260546183462678,0.0,2.8666469375402404,4,0.5803839200956008,0.0,Higher in Control,,0.9390657035065303,False,0.07220888806307892
Adenoma_vs_Control,Male,Oscillibacter sp. 57_20,rCLR_Oscillibacter sp. 57_20,Adenoma,Control,5,132,224,0.06558312568060638,0.11381267507553275,-0.15748971746743778,0.2886559688286506,0.5762374501529077,0.5644546950697943,0.0,2.1025923039969756,4,0.7168961493574126,0.0,Higher in Adenoma,,0.9390657035065303,False,0.06558312568060638
Adenoma_vs_Control,Male,Agathobaculum butyriciproducens,rCLR_Agathobaculum butyriciproducens,Adenoma,Control,5,132,224,0.06489337119432426,0.11386565424059454,-0.15828331111724103,0.28807005350588955,0.5699117229608729,0.568737573379489,0.0,2.8263885573777374,4,0.5872862188773209,0.0,Higher in Adenoma,,0.9390657035065303,False,0.06489337119432426
Adenoma_vs_Control,Male,Proteobacteria bacterium CAG:139,rCLR_Proteobacteria bacterium CAG:139,Adenoma,Control,4,117,213,0.06633288883031539,0.11874444633715354,-0.16640622599050553,0.29907200365113634,0.5586188733574542,0.5764218566495095,0.0,1.8752561515253874,3,0.5986968377318174,0.0,Higher in Adenoma,,0.9390657035065303,False,0.06633288883031539
Adenoma_vs_Control,Male,Adlercreutzia equolifaciens_1,rCLR_Adlercreutzia equolifaciens_1,Adenoma,Control,5,132,224,0.09964522577543224,0.18689164986544618,-0.2666624079608423,0.46595285951170673,0.5331710959113072,0.5939151478482271,0.09278078703458195,9.307944055115003,4,0.053846723850001534,57.02595571788083,Higher in Adenoma,,0.9390657035065303,False,0.09964522577543224
Adenoma_vs_Control,Male,Phocaeicola plebeius,rCLR_Phocaeicola plebeius,Adenoma,Control,5,132,224,-0.08132130151358256,0.15601963439067784,-0.38711978491931115,0.224477181892146,-0.521224792194754,0.6022101852756113,0.04522182145841292,6.190122265474116,4,0.1853926099060692,35.38092095029676,Higher in Control,,0.9390657035065303,False,0.08132130151358256
Adenoma_vs_Control,Male,Parvimonas micra,rCLR_Parvimonas micra,Adenoma,Control,3,101,200,0.06449986666991633,0.12522046132365222,-0.180932237524442,0.3099319708642747,0.5150904731392593,0.6064897996789895,0.0,1.7697312859590228,2,0.4127696280509705,0.0,Higher in Adenoma,,0.9390657035065303,False,0.06449986666991633
Adenoma_vs_Control,Male,Intestinibacter bartlettii,rCLR_Intestinibacter bartlettii,Adenoma,Control,4,116,211,-0.08225099686278096,0.16238887217442324,-0.4005331863246505,0.23603119259908856,-0.5065063619287563,0.612501224691061,0.03922797581559463,4.7483334698516675,3,0.19118057811941053,36.81993863641349,Higher in Control,,0.9390657035065303,False,0.08225099686278096
Adenoma_vs_Control,Male,Holdemanella biformis,rCLR_Holdemanella biformis,Adenoma,Control,5,132,224,-0.06840437620810304,0.1447068782371781,-0.35202985755297206,0.215221105136766,-0.4727099156681868,0.6364201513649796,0.03023609394613016,6.5181525037894765,4,0.16365021612117217,38.63291787550984,Higher in Control,,0.9390657035065303,False,0.06840437620810304
Adenoma_vs_Control,Male,Faecalibacterium prausnitzii,rCLR_Faecalibacterium prausnitzii,Adenoma,Control,5,132,224,0.07422343320205513,0.16144190980814352,-0.24220271002190616,0.3906495764260164,0.4597531910410485,0.6456933852338661,0.05275473543582699,6.418333272837808,4,0.1700093307092463,37.678524471019934,Higher in Adenoma,,0.9390657035065303,False,0.07422343320205513
Adenoma_vs_Control,Male,Gordonibacter pamelaeae,rCLR_Gordonibacter pamelaeae,Adenoma,Control,5,132,224,0.08597584202162892,0.1911062831415561,-0.288592472935821,0.4605441569790788,0.4498849572514838,0.6527933947482272,0.09973428557984779,9.22899335649577,4,0.05562376545242662,56.65832831936514,Higher in Adenoma,,0.9390657035065303,False,0.08597584202162892
Adenoma_vs_Control,Male,Streptococcus parasanguinis,rCLR_Streptococcus parasanguinis,Adenoma,Control,5,132,224,0.050735959251232504,0.11386493171944648,-0.1724393069188826,0.2739112254213476,0.4455802017801372,0.6559005143806296,0.0,2.7141460908538315,4,0.6067415075432184,0.0,Higher in Adenoma,,0.9390657035065303,False,0.050735959251232504
Adenoma_vs_Control,Male,Roseburia hominis,rCLR_Roseburia hominis,Adenoma,Control,5,132,224,0.0501241152183623,0.1136965776972612,-0.17272117706826964,0.2729694075049942,0.4408586101142578,0.659315359504024,0.0,1.0349807154319075,4,0.9044461895522076,0.0,Higher in Adenoma,,0.9390657035065303,False,0.0501241152183623
Adenoma_vs_Control,Male,Ruminococcus bromii,rCLR_Ruminococcus bromii,Adenoma,Control,5,132,224,-0.06661947903223417,0.15530630604185844,-0.3710198388742767,0.2377808808098084,-0.4289554025853835,0.6679556803091539,0.044042155712565714,6.108471932491078,4,0.19119265122363477,34.51717476634501,Higher in Control,,0.9390657035065303,False,0.06661947903223417
Adenoma_vs_Control,Male,Firmicutes bacterium CAG:110,rCLR_Firmicutes bacterium CAG:110,Adenoma,Control,5,132,224,0.05401518303919466,0.1346112406067936,-0.2098228485501208,0.31785321462851013,0.4012679980936793,0.6882228221624731,0.019099546621292176,4.657165839679158,4,0.32431621853567777,14.110853302239967,Higher in Adenoma,,0.9390657035065303,False,0.05401518303919466
Adenoma_vs_Control,Male,Odoribacter splanchnicus,rCLR_Odoribacter splanchnicus,Adenoma,Control,5,132,224,0.0453301455771688,0.11381384891926513,-0.17774499830459084,0.26840528945892844,0.39828321428022473,0.6904214322619431,0.0,2.316020195435468,4,0.6778538656308983,0.0,Higher in Adenoma,,0.9390657035065303,False,0.0453301455771688
Adenoma_vs_Control,Male,Bifidobacterium bifidum,rCLR_Bifidobacterium bifidum,Adenoma,Control,5,132,224,0.04498329296570764,0.11371860052632168,-0.17790516406588286,0.2678717499972981,0.3955667125475718,0.6924246977635353,0.0,1.2759563254672108,4,0.8654414901184362,0.0,Higher in Adenoma,,0.9390657035065303,False,0.04498329296570764
Adenoma_vs_Control,Male,Ruthenibacterium lactatiformans,rCLR_Ruthenibacterium lactatiformans,Adenoma,Control,5,132,224,0.04472080573811681,0.11368566379230192,-0.17810309529479496,0.2675447067710286,0.3933724292609094,0.6940444299670272,0.0,0.9283164874492047,4,0.9204636725013788,0.0,Higher in Adenoma,,0.9390657035065303,False,0.04472080573811681
Adenoma_vs_Control,Male,Streptococcus thermophilus,rCLR_Streptococcus thermophilus,Adenoma,Control,5,132,224,0.07354991791780842,0.19039331110496355,-0.29962097184792014,0.44672080768353695,0.3863051568931456,0.6992706817350991,0.09898907819647224,9.68348913542166,4,0.046110476993376906,58.69257512389594,Higher in Adenoma,,0.9390657035065303,False,0.07354991791780842
Adenoma_vs_Control,Male,Bacteroides finegoldii,rCLR_Bacteroides finegoldii,Adenoma,Control,5,132,224,-0.04304355036845437,0.11387602069698805,-0.26624055093455096,0.1801534501976422,-0.3779860773585395,0.7054409367244534,0.0,3.016401392677333,4,0.5550844279870122,0.0,Higher in Control,,0.9390657035065303,False,0.04304355036845437
Adenoma_vs_Control,Male,Blautia obeum,rCLR_Blautia obeum,Adenoma,Control,5,132,224,0.04050580346549942,0.11409359613516346,-0.18311764495942096,0.2641292518904198,0.35502258529491293,0.722572671320421,0.0,5.110243506450205,4,0.27617171743475283,21.725843495497692,Higher in Adenoma,,0.9390657035065303,False,0.04050580346549942
Adenoma_vs_Control,Male,Enterocloster bolteae,rCLR_Enterocloster bolteae,Adenoma,Control,5,132,224,0.039855847476380296,0.11375752483690606,-0.18310890120395557,0.26282059615671616,0.3503578996951766,0.7260701176651095,0.0,1.715091394859239,4,0.7879744617900823,0.0,Higher in Adenoma,,0.9390657035065303,False,0.039855847476380296
Adenoma_vs_Control,Male,Coprococcus catus,rCLR_Coprococcus catus,Adenoma,Control,5,132,224,0.03958356474600032,0.11385658820771474,-0.1835753481411206,0.2627424776331212,0.34766160982960315,0.7280943310659233,0.0,3.05163275749546,4,0.5492222733278026,0.0,Higher in Adenoma,,0.9390657035065303,False,0.03958356474600032
Adenoma_vs_Control,Male,Firmicutes bacterium CAG:83,rCLR_Firmicutes bacterium CAG:83,Adenoma,Control,5,132,224,-0.059126838785909554,0.1748106247830087,-0.40175566336060664,0.2835019857887875,-0.3382336677722153,0.7351871061853348,0.07313032371701698,8.150157041919604,4,0.0862300525982954,50.92119109574996,Higher in Control,,0.9390657035065303,False,0.059126838785909554
Adenoma_vs_Control,Male,Blautia wexlerae,rCLR_Blautia wexlerae,Adenoma,Control,5,132,224,-0.07154561982391605,0.23236675596874917,-0.5269844615226644,0.3838932218748323,-0.307899550973368,0.7581587674770063,0.18143754615694924,11.034886324475957,4,0.026174725320546963,63.75132572840565,Higher in Control,,0.9390657035065303,False,0.07154561982391605
Adenoma_vs_Control,Male,Roseburia inulinivorans,rCLR_Roseburia inulinivorans,Adenoma,Control,5,132,224,-0.03475205288865452,0.11384557416432532,-0.2578893782507321,0.1883852724734231,-0.3052560729193848,0.7601711289626798,0.0,2.6645076683574267,4,0.6154394439459356,0.0,Higher in Control,,0.9390657035065303,False,0.03475205288865452
Adenoma_vs_Control,Male,Lachnospira pectinoschiza,rCLR_Lachnospira pectinoschiza,Adenoma,Control,5,132,224,-0.03434719712680354,0.11373528614978098,-0.2572683579803743,0.18857396372676719,-0.3019924448211333,0.7626578223953595,0.0,1.483606045893111,4,0.8295414289274894,0.0,Higher in Control,,0.9390657035065303,False,0.03434719712680354
Adenoma_vs_Control,Male,Eubacterium sp. CAG:274,rCLR_Eubacterium sp. CAG:274,Adenoma,Control,4,116,211,-0.03562097401282408,0.11939112390162102,-0.2696275768600013,0.19838562883435312,-0.29835529517400283,0.7654320053709114,0.0,1.5406796814733357,3,0.6729138018354197,0.0,Higher in Control,,0.9390657035065303,False,0.03562097401282408
Adenoma_vs_Control,Male,Bacteroides intestinalis,rCLR_Bacteroides intestinalis,Adenoma,Control,5,132,224,0.04897968111089233,0.17876722643030973,-0.30140408269251473,0.3993634449142994,0.27398579755885216,0.7840955360951417,0.0786546254841991,8.483758268451613,4,0.0753810707326945,52.85108470293499,Higher in Adenoma,,0.9390657035065303,False,0.04897968111089233
Adenoma_vs_Control,Male,Paraprevotella xylaniphila,rCLR_Paraprevotella xylaniphila,Adenoma,Control,5,132,224,-0.030707478073345305,0.11375392249682305,-0.2536651661671185,0.19225021002042786,-0.269946542495736,0.787201380112414,0.0,1.8389865332499982,4,0.7653423422464785,0.0,Higher in Control,,0.9390657035065303,False,0.030707478073345305
Adenoma_vs_Control,Male,Dorea longicatena,rCLR_Dorea longicatena,Adenoma,Control,5,132,224,0.026186518142212522,0.11380821976479964,-0.19687759259679477,0.2492506288812198,0.2300933816233183,0.8180192076353278,0.0,2.329012925159145,4,0.6754919160781158,0.0,Higher in Adenoma,,0.9390657035065303,False,0.026186518142212522
Adenoma_vs_Control,Male,Bacteroides fragilis,rCLR_Bacteroides fragilis,Adenoma,Control,5,132,224,0.039323492793536995,0.17913935694575955,-0.31178964682015176,0.3904366324072257,0.21951341940701227,0.8262501275961189,0.07981606480946972,8.182082740727799,4,0.0851314310290948,51.112691881135895,Higher in Adenoma,,0.9390657035065303,False,0.039323492793536995
Adenoma_vs_Control,Male,Phascolarctobacterium succinatutens,rCLR_Phascolarctobacterium succinatutens,Adenoma,Control,5,132,224,0.030452351864328344,0.1539928564474871,-0.2713736467727464,0.33227835050140303,0.19775171762407603,0.8432393238198714,0.04261878390525431,5.730093465490645,4,0.22023217250894506,30.19311073911958,Higher in Adenoma,,0.9390657035065303,False,0.030452351864328344
Adenoma_vs_Control,Male,Ruminococcus bicirculans,rCLR_Ruminococcus bicirculans,Adenoma,Control,5,132,224,-0.022181722897772125,0.11376925937459798,-0.24516947127198416,0.20080602547643991,-0.19497114615764816,0.8454155361484411,0.0,2.016633626651558,4,0.732699332829559,0.0,Higher in Control,,0.9390657035065303,False,0.022181722897772125
Adenoma_vs_Control,Male,Bacteroides xylanisolvens,rCLR_Bacteroides xylanisolvens,Adenoma,Control,5,132,224,0.0429872618097418,0.23396652664426565,-0.41558713041301887,0.5015616540325024,0.18373252971824372,0.8542232882852123,0.18506862893613504,11.614120022545798,4,0.02046376125632531,65.5591642566545,Higher in Adenoma,,0.9390657035065303,False,0.0429872618097418
Adenoma_vs_Control,Male,Bacteroides sp. CAG:144,rCLR_Bacteroides sp. CAG:144,Adenoma,Control,4,117,213,0.020624855339549737,0.11879351281406322,-0.21221042977601418,0.25346014045511367,0.17361937408006414,0.862164604953363,0.0,2.3789402326741538,3,0.49756693109106387,0.0,Higher in Adenoma,,0.9390657035065303,False,0.020624855339549737
Adenoma_vs_Control,Male,Collinsella aerofaciens,rCLR_Collinsella aerofaciens,Adenoma,Control,5,132,224,-0.019043554165255338,0.1245118125820914,-0.2630867068261545,0.22499959849564383,-0.15294576289859893,0.8784410468547749,0.009090967870054244,3.486133260217427,4,0.4799899429504386,0.0,Higher in Control,,0.9390657035065303,False,0.019043554165255338
Adenoma_vs_Control,Male,Parabacteroides distasonis,rCLR_Parabacteroides distasonis,Adenoma,Control,5,132,224,0.020378163147258634,0.14039148206145885,-0.25478914169320066,0.29554546798771797,0.1451524184233466,0.8845905325666535,0.025522575674970953,5.0823818004111505,4,0.27894857946306184,21.2967431987024,Higher in Adenoma,,0.9390657035065303,False,0.020378163147258634
Adenoma_vs_Control,Male,Lawsonibacter asaccharolyticus,rCLR_Lawsonibacter asaccharolyticus,Adenoma,Control,5,132,224,0.015822098009776932,0.11381607950057189,-0.20725741781134396,0.23890161383089784,0.1390146109337515,0.8894386032995594,0.0,2.6063700684280304,4,0.6256951096952632,0.0,Higher in Adenoma,,0.9390657035065303,False,0.015822098009776932
Adenoma_vs_Control,Male,Gemmiger formicilis,rCLR_Gemmiger formicilis,Adenoma,Control,5,132,224,-0.01927187047460513,0.1396297670950534,-0.2929462139809098,0.2544024730316995,-0.1380212176497132,0.8902236487720193,0.024508144537437077,5.3902259690696415,4,0.24954853518231562,25.79160831191639,Higher in Control,,0.9390657035065303,False,0.01927187047460513
Adenoma_vs_Control,Male,Adlercreutzia equolifaciens,rCLR_Adlercreutzia equolifaciens,Adenoma,Control,5,132,224,0.016580982583683544,0.1375349668188194,-0.25298755238120246,0.2861495175485696,0.1205583057690803,0.9040408950621882,0.022429479840775486,4.179731779167327,4,0.3822279192508951,4.300079255399805,Higher in Adenoma,,0.9390657035065303,False,0.016580982583683544
Adenoma_vs_Control,Male,Slackia isoflavoniconvertens,rCLR_Slackia isoflavoniconvertens,Adenoma,Control,5,132,224,0.02546818364827914,0.2186451003573632,-0.40307621305215274,0.454012580348711,0.11648184023631362,0.907270677514727,0.15286872703310128,11.52041877530861,4,0.021297714264006222,65.27903995492692,Higher in Adenoma,,0.9390657035065303,False,0.02546818364827914
Adenoma_vs_Control,Male,Streptococcus salivarius,rCLR_Streptococcus salivarius,Adenoma,Control,5,132,224,-0.012758155320046743,0.11367568340887078,-0.23556249480143346,0.21004618416134,-0.11223293265067055,0.9106387176409887,0.0,1.011175721337693,4,0.9080966769481793,0.0,Higher in Control,,0.9390657035065303,False,0.012758155320046743
Adenoma_vs_Control,Male,Desulfovibrio piger,rCLR_Desulfovibrio piger,Adenoma,Control,4,117,213,-0.012131284933826616,0.11887378405756363,-0.24512390168665132,0.22086133181899809,-0.10205181091864748,0.9187155505492618,0.0,3.1732519773790013,3,0.3656767225152878,5.459761109866276,Higher in Control,,0.9390657035065303,False,0.012131284933826616
Adenoma_vs_Control,Male,Anaerobutyricum hallii,rCLR_Anaerobutyricum hallii,Adenoma,Control,5,132,224,-0.011599522514916418,0.11377997789170385,-0.23460827918265598,0.21140923415282314,-0.10194695701168865,0.9187987777918141,0.0,2.1256333666247516,4,0.7126646452740413,0.0,Higher in Control,,0.9390657035065303,False,0.011599522514916418
Adenoma_vs_Control,Male,Dorea formicigenerans,rCLR_Dorea formicigenerans,Adenoma,Control,5,132,224,-0.011535875309732957,0.11395603387985243,-0.2348897017142437,0.21181795109477777,-0.10123093018396558,0.9193671440914708,0.0,3.8776253199636566,4,0.4228207209351892,0.0,Higher in Control,,0.9390657035065303,False,0.011535875309732957
Adenoma_vs_Control,Male,Bacteroides eggerthii,rCLR_Bacteroides eggerthii,Adenoma,Control,5,132,224,-0.012773036669679357,0.13866101933252528,-0.2845486345614289,0.25900256122207016,-0.09211699676783802,0.9266050844007401,0.0234393528197862,5.271139546742239,4,0.2605907973547552,24.11508053373109,Higher in Control,,0.9390657035065303,False,0.012773036669679357
Adenoma_vs_Control,Male,Phocaeicola coprocola,rCLR_Phocaeicola coprocola,Adenoma,Control,4,117,213,0.010575399140372648,0.11877865517749346,-0.22223076500751454,0.24338156328825983,0.08903450813253952,0.9290544854878591,0.0,2.1932114392771975,3,0.5332867434869508,0.0,Higher in Adenoma,,0.9390657035065303,False,0.010575399140372648
Adenoma_vs_Control,Male,Firmicutes bacterium CAG:145,rCLR_Firmicutes bacterium CAG:145,Adenoma,Control,5,132,224,-0.009963068580691058,0.11388870050081383,-0.23318492156228618,0.21325878440090404,-0.08748074687725375,0.9302893885204879,0.0,3.2689425238372616,4,0.5138680494202792,0.0,Higher in Control,,0.9390657035065303,False,0.009963068580691058
Adenoma_vs_Control,Male,Eubacterium sp. CAG:251,rCLR_Eubacterium sp. CAG:251,Adenoma,Control,5,132,224,0.00018412440682907848,0.16194648366078648,-0.3172309835683124,0.3175992323819706,0.0011369460001042439,0.9990928485354879,0.05302086210206934,6.959828558526596,4,0.13802639180964785,42.52731994239231,Higher in Adenoma,,0.9990928485354879,False,0.00018412440682907848
CRC_vs_Adenoma,All,Ruthenibacterium lactatiformans,rCLR_Ruthenibacterium lactatiformans,CRC,Adenoma,5,413,209,0.2640152081004116,0.0891942181060738,0.08919454061250698,0.43883587558831627,2.9600036157773455,0.0030763543172456055,0.0,3.078634298084861,4,0.5447534657334467,0.0,Higher in CRC,,0.3291699119452798,False,0.2640152081004116
CRC_vs_Adenoma,All,Parabacteroides merdae,rCLR_Parabacteroides merdae,CRC,Adenoma,5,413,209,0.21382713507977766,0.08901622342472622,0.039355337167314264,0.38829893299224105,2.402114208547545,0.01630061834086357,0.0,1.9051947088953218,4,0.7531906533528994,0.0,Higher in CRC,,0.4819397651366576,False,0.21382713507977766
CRC_vs_Adenoma,All,Alistipes finegoldii,rCLR_Alistipes finegoldii,CRC,Adenoma,5,413,209,0.2077344183065529,0.08903691473417624,0.033222065427567476,0.3822467711855383,2.3331268713291946,0.019641487513262553,0.0,2.9766765295566486,4,0.5617360841002643,0.0,Higher in CRC,,0.4819397651366576,False,0.2077344183065529
CRC_vs_Adenoma,All,Flavonifractor plautii,rCLR_Flavonifractor plautii,CRC,Adenoma,5,413,209,0.20259590730957078,0.08904000333000112,0.028077500782768605,0.37711431383637295,2.275335801130953,0.02288579334827931,0.0,4.120243710387319,4,0.38997715516912757,2.9183640298795743,Higher in CRC,,0.4819397651366576,False,0.20259590730957078
CRC_vs_Adenoma,All,Agathobaculum butyriciproducens,rCLR_Agathobaculum butyriciproducens,CRC,Adenoma,5,413,209,-0.2020219275257753,0.08892904134891506,-0.3763228485696488,-0.02772100648190179,-2.271720514034755,0.023103396353479397,0.0,0.5592466455468812,4,0.9674828626737836,0.0,Higher in Adenoma,,0.4819397651366576,False,0.2020219275257753
CRC_vs_Adenoma,All,Streptococcus thermophilus,rCLR_Streptococcus thermophilus,CRC,Adenoma,5,413,209,-0.2463336476433184,0.11322974501266063,-0.4682639478681332,-0.024403347418503557,-2.175520642705456,0.029591122923763816,0.020404654962716866,5.326643611370843,4,0.2553930692215112,24.905807637267912,Higher in Adenoma,,0.4819397651366576,False,0.2463336476433184
CRC_vs_Adenoma,All,Firmicutes bacterium CAG:83,rCLR_Firmicutes bacterium CAG:83,CRC,Adenoma,5,413,209,0.19134087334070932,0.08898191339742555,0.016936323081755245,0.3657454235996634,2.150334444777687,0.03152876968183741,0.0,2.1878233462782286,4,0.7012591721560909,0.0,Higher in CRC,,0.4819397651366576,False,0.19134087334070932
CRC_vs_Adenoma,All,Phocaeicola vulgatus,rCLR_Phocaeicola vulgatus,CRC,Adenoma,5,413,209,0.2519481818171135,0.12576889298012944,0.005441151576059788,0.4984552120581672,2.003263095087586,0.04514905647516938,0.0337651565974246,6.909376274343062,4,0.14075547955816525,42.107654277660295,Higher in CRC,,0.6038686303553905,False,0.2519481818171135
CRC_vs_Adenoma,All,Lachnospira pectinoschiza,rCLR_Lachnospira pectinoschiza,CRC,Adenoma,5,413,209,-0.16498118394105812,0.08886841321751278,-0.3391632738473832,0.009200905965266931,-1.8564659586894283,0.06338717079355298,0.0,1.0189682472750152,4,0.9069062733850479,0.0,Higher in Adenoma,,0.6788435564145947,False,0.16498118394105812
CRC_vs_Adenoma,All,Bacteroides stercoris,rCLR_Bacteroides stercoris,CRC,Adenoma,5,413,209,-0.16501087980806148,0.08890328423901306,-0.33926131691652706,0.0092395573004041,-1.8560718113004249,0.06344332302940138,0.0,1.2151544514900292,4,0.8755972895520376,0.0,Higher in Adenoma,,0.6788435564145947,False,0.16501087980806148
CRC_vs_Adenoma,All,Desulfovibrio piger,rCLR_Desulfovibrio piger,CRC,Adenoma,5,413,209,0.14670642296528322,0.0889054013330834,-0.027548163647560242,0.3209610095781267,1.65014071997323,0.09891415797358981,0.0,3.0851305579857025,4,0.543681459911501,0.0,Higher in CRC,,0.8536781093369841,False,0.14670642296528322
CRC_vs_Adenoma,All,Phascolarctobacterium succinatutens,rCLR_Phascolarctobacterium succinatutens,CRC,Adenoma,5,413,209,-0.14245341251527083,0.08883777504070013,-0.3165754515950431,0.03166862656450142,-1.6035229658780539,0.10881924291743818,0.0,1.8059938341170132,4,0.7713855629362089,0.0,Higher in Adenoma,,0.8536781093369841,False,0.14245341251527083
CRC_vs_Adenoma,All,Barnesiella intestinihominis,rCLR_Barnesiella intestinihominis,CRC,Adenoma,5,413,209,0.1564924320759901,0.09823950475748613,-0.03605699724868272,0.3490418614006629,1.592968454618201,0.11116726794975088,0.006765791210653903,4.765203060600534,4,0.3122483440294319,16.05814171755567,Higher in CRC,,0.8536781093369841,False,0.1564924320759901
CRC_vs_Adenoma,All,Clostridium sp. CAG:58,rCLR_Clostridium sp. CAG:58,CRC,Adenoma,5,413,209,0.1312493380322354,0.08884289264610216,-0.04288273155412484,0.30538140761859567,1.477319503261286,0.13959001241658156,0.0,2.142693072470959,4,0.7095334484183342,0.0,Higher in CRC,,0.8536781093369841,False,0.1312493380322354
CRC_vs_Adenoma,All,Veillonella atypica,rCLR_Veillonella atypica,CRC,Adenoma,5,413,209,0.13049477135546092,0.08890624009982095,-0.04376145924018815,0.30475100195111,1.4677796655099322,0.1421640827074001,0.0,2.806122353882901,4,0.5907763486123806,0.0,Higher in CRC,,0.8536781093369841,False,0.13049477135546092
CRC_vs_Adenoma,All,Roseburia faecis,rCLR_Roseburia faecis,CRC,Adenoma,5,413,209,-0.19651806936906954,0.14079678229822748,-0.47247976267359537,0.07944362393545631,-1.395756821720659,0.16278773687041603,0.05256867815831561,8.620535588454612,4,0.07131664502920627,53.59917073647772,Higher in Adenoma,,0.8536781093369841,False,0.19651806936906954
CRC_vs_Adenoma,All,Gordonibacter pamelaeae,rCLR_Gordonibacter pamelaeae,CRC,Adenoma,5,413,209,-0.1235114754148632,0.08884579740360032,-0.29764923832591983,0.050626287496193426,-1.390178027822598,0.16447482383029743,0.0,1.8295714676121846,4,0.7670678608950858,0.0,Higher in Adenoma,,0.8536781093369841,False,0.1235114754148632
CRC_vs_Adenoma,All,Eubacterium sp. CAG:274,rCLR_Eubacterium sp. CAG:274,CRC,Adenoma,5,413,209,-0.12318307062514355,0.08890834291134433,-0.29744342273137847,0.051077281481091336,-1.3855063157343572,0.16589770265592851,0.0,2.881652994934222,4,0.5778217857256189,0.0,Higher in Adenoma,,0.8536781093369841,False,0.12318307062514355
CRC_vs_Adenoma,All,Prevotella copri,rCLR_Prevotella copri,CRC,Adenoma,5,413,209,-0.12192423051420809,0.08885672202741655,-0.29608340568794456,0.052234944659528354,-1.3721441409529898,0.17001857050498315,0.0,1.6484982268521,4,0.8000503180287459,0.0,Higher in Adenoma,,0.8536781093369841,False,0.12192423051420809
CRC_vs_Adenoma,All,Parabacteroides distasonis,rCLR_Parabacteroides distasonis,CRC,Adenoma,5,413,209,0.24936904962008,0.18253089061430805,-0.10839149598396375,0.6071295952241238,1.3661745076728,0.17188419680931688,0.11786462887564575,16.590061057351512,4,0.002321479402386875,75.88917854990359,Higher in CRC,,0.8536781093369841,False,0.24936904962008
CRC_vs_Adenoma,All,Intestinibacter bartlettii,rCLR_Intestinibacter bartlettii,CRC,Adenoma,5,413,209,-0.11710510250864854,0.08897242675394088,-0.29149105894637267,0.05728085392907557,-1.316195441454131,0.1881084533470584,0.0,4.38928788216651,4,0.35587764465202215,8.86904419617064,Higher in Adenoma,,0.8536781093369841,False,0.11710510250864854
CRC_vs_Adenoma,All,Bacteroides ovatus,rCLR_Bacteroides ovatus,CRC,Adenoma,5,413,209,0.1539326746856785,0.11706533805511864,-0.07551538790235401,0.383380737273711,1.3149295704694535,0.18853357358098444,0.024352975173947557,5.670322157914065,4,0.22515873363662953,29.45727088156353,Higher in CRC,,0.8536781093369841,False,0.1539326746856785
CRC_vs_Adenoma,All,Bacteroides intestinalis,rCLR_Bacteroides intestinalis,CRC,Adenoma,5,413,209,-0.1277523370953381,0.09906250555890964,-0.32191484799080095,0.06641017380012479,-1.2896134251254874,0.19718491210207956,0.0075564867944427575,4.091912868177712,4,0.39370968460816635,2.246207852872588,Higher in Adenoma,,0.8536781093369841,False,0.1277523370953381
CRC_vs_Adenoma,All,Odoribacter splanchnicus,rCLR_Odoribacter splanchnicus,CRC,Adenoma,5,413,209,0.11877351757542048,0.0921132537231904,-0.06176845972203271,0.2993154948728737,1.2894291839081795,0.19724892098782976,0.0021161745114690192,6.061782726896659,4,0.1945815682209283,34.01281140857044,Higher in CRC,,0.8536781093369841,False,0.11877351757542048
CRC_vs_Adenoma,All,Bacteroides eggerthii,rCLR_Bacteroides eggerthii,CRC,Adenoma,5,413,209,0.1140046818050779,0.08885106232800051,-0.06014340035780309,0.2881527639679589,1.2830986914283689,0.19945750218153835,0.0,1.75158456887949,4,0.7813272814514134,0.0,Higher in CRC,,0.8536781093369841,False,0.1140046818050779
CRC_vs_Adenoma,All,Firmicutes bacterium CAG:110,rCLR_Firmicutes bacterium CAG:110,CRC,Adenoma,5,413,209,-0.10645416375643837,0.08878198739555196,-0.2804668590517202,0.06755853153884347,-1.1990513715597653,0.2305079709932989,0.0,1.1504863237288625,4,0.8861814849928068,0.0,Higher in Adenoma,,0.8816277229791816,False,0.10645416375643837
CRC_vs_Adenoma,All,Eubacterium sp. CAG:251,rCLR_Eubacterium sp. CAG:251,CRC,Adenoma,5,413,209,-0.10236651316081566,0.0888668397919718,-0.27654551915308034,0.07181249283144905,-1.1519090067841415,0.2493584667208817,0.0,2.6233688346294843,4,0.6226890677139949,0.0,Higher in Adenoma,,0.8816277229791816,False,0.10236651316081566
CRC_vs_Adenoma,All,Veillonella parvula,rCLR_Veillonella parvula,CRC,Adenoma,5,413,209,0.1407320726706736,0.12322903333491635,-0.10079683266576242,0.3822609780071097,1.1420366520946965,0.2534387849731494,0.030967177464924663,7.178094073432674,4,0.12677078680793114,44.27490140029414,Higher in CRC,,0.8816277229791816,False,0.1407320726706736
CRC_vs_Adenoma,All,Enterocloster bolteae,rCLR_Enterocloster bolteae,CRC,Adenoma,5,413,209,-0.10610578126177875,0.09457509527309531,-0.2914729679970456,0.07926140547348806,-1.1219209555685605,0.2618960498178834,0.003957811528393663,4.864601761942834,4,0.30147444259879597,17.77333077307293,Higher in Adenoma,,0.8816277229791816,False,0.10610578126177875
CRC_vs_Adenoma,All,Gemmiger formicilis,rCLR_Gemmiger formicilis,CRC,Adenoma,5,413,209,-0.11874452043607123,0.10619746821381294,-0.3268915581351446,0.08940251726300213,-1.1181483177828369,0.263503653122645,0.013665063618359471,4.982135232482712,4,0.28913544883552017,19.71313877791493,Higher in Adenoma,,0.8816277229791816,False,0.11874452043607123
CRC_vs_Adenoma,All,Oscillibacter sp. 57_20,rCLR_Oscillibacter sp. 57_20,CRC,Adenoma,5,413,209,0.09580305419507124,0.08884151809271552,-0.07832632126665118,0.26993242965679365,1.0783590403654586,0.28087355855359386,0.0,1.9887634947835218,4,0.737825711068951,0.0,Higher in CRC,,0.8816277229791816,False,0.09580305419507124
CRC_vs_Adenoma,All,Bacteroides fragilis,rCLR_Bacteroides fragilis,CRC,Adenoma,5,413,209,0.15174979264055705,0.14261859461539111,-0.12778265280560952,0.4312822380867236,1.064025298032074,0.28731723941664045,0.05526456744759492,9.425424934479478,4,0.05130236028953719,57.56159507071709,Higher in CRC,,0.8816277229791816,False,0.15174979264055705
CRC_vs_Adenoma,All,[Eubacterium] rectale,rCLR_[Eubacterium] rectale,CRC,Adenoma,5,413,209,-0.14575805944235573,0.1372731644344754,-0.4148134617339275,0.12329734284921604,-1.061810296592459,0.2883218144557237,0.04813692559215352,8.120961827591461,4,0.08724636394415616,50.74475062289103,Higher in Adenoma,,0.8816277229791816,False,0.14575805944235573
CRC_vs_Adenoma,All,Klebsiella quasipneumoniae,rCLR_Klebsiella quasipneumoniae,CRC,Adenoma,5,413,209,-0.12895750639135214,0.12261360204521805,-0.3692801663999795,0.11136515361727523,-1.0517389933932009,0.2929193156078417,0.030408973837137598,6.695718851936625,4,0.15286871650934758,40.260335171584046,Higher in Adenoma,,0.8816277229791816,False,0.12895750639135214
CRC_vs_Adenoma,All,Eubacterium sp. CAG:180,rCLR_Eubacterium sp. CAG:180,CRC,Adenoma,5,413,209,0.112200219052941,0.10710106854392068,-0.09771787529314352,0.3221183133990255,1.047610640849295,0.2948180328765081,0.014451174546020764,5.9507866754612975,4,0.20285382329157467,32.78199642923807,Higher in CRC,,0.8816277229791816,False,0.112200219052941
CRC_vs_Adenoma,All,Blautia sp. CAG:257,rCLR_Blautia sp. CAG:257,CRC,Adenoma,5,413,209,-0.10051988897960963,0.09836084868620033,-0.2933071524045623,0.09226737444534301,-1.0219501999245377,0.30680447120807863,0.006934419916961389,4.625423531564582,4,0.327933430424056,13.521432735761351,Higher in Adenoma,,0.8816277229791816,False,0.10051988897960963
CRC_vs_Adenoma,All,Anaerotignum lactatifermentans,rCLR_Anaerotignum lactatifermentans,CRC,Adenoma,5,413,209,0.09956017850582266,0.09765004412941154,-0.09183390798782395,0.2909542649994693,1.0195610190803366,0.3079367001607577,0.006376816858196534,4.280764278589938,4,0.3693400013285599,6.558741858181001,Higher in CRC,,0.8816277229791816,False,0.09956017850582266
CRC_vs_Adenoma,All,Fusicatenibacter saccharivorans,rCLR_Fusicatenibacter saccharivorans,CRC,Adenoma,5,413,209,-0.08969052772763968,0.08977636977957414,-0.265652212495605,0.08627115704032563,-0.9990438235345757,0.3177734625144991,0.0005921257494249662,3.4245078001934566,4,0.48944953690884785,0.0,Higher in Adenoma,,0.8816277229791816,False,0.08969052772763968
CRC_vs_Adenoma,All,Faecalibacterium prausnitzii,rCLR_Faecalibacterium prausnitzii,CRC,Adenoma,5,413,209,-0.14210392418361747,0.14457107843756445,-0.42546323792124374,0.14125538955400882,-0.9829346624469398,0.3256395967194514,0.057829900770934035,9.016508369426973,4,0.06068817219646056,55.636929107024024,Higher in Adenoma,,0.8816277229791816,False,0.14210392418361747
CRC_vs_Adenoma,All,Alistipes putredinis,rCLR_Alistipes putredinis,CRC,Adenoma,5,413,209,0.1098082832572872,0.11408807857994885,-0.11380435075941253,0.3334209172739869,0.9624869190897757,0.3358050709088496,0.021280886610647774,5.869483440888759,4,0.2091096596680044,31.850902378654318,Higher in CRC,,0.8816277229791816,False,0.1098082832572872
CRC_vs_Adenoma,All,Eubacterium ramulus,rCLR_Eubacterium ramulus,CRC,Adenoma,5,413,209,0.08497923426052462,0.08882594740396191,-0.08911962265124071,0.25907809117228997,0.9566938123840859,0.33872182216481417,0.0,1.9207578623750492,4,0.7503307689615089,0.0,Higher in CRC,,0.8816277229791816,False,0.08497923426052462
CRC_vs_Adenoma,All,Adlercreutzia equolifaciens,rCLR_Adlercreutzia equolifaciens,CRC,Adenoma,5,413,209,-0.15210860994060843,0.1643995276816534,-0.47433168419664906,0.1701144643154322,-0.9252375118446488,0.3548423750075106,0.08721013781483576,12.209469151706465,4,0.015859712784326126,67.23854288586382,Higher in Adenoma,,0.8816277229791816,False,0.15210860994060843
CRC_vs_Adenoma,All,Ruminococcus bicirculans,rCLR_Ruminococcus bicirculans,CRC,Adenoma,5,413,209,-0.1037949886619132,0.11308323474818588,-0.32543812876835754,0.11784815144453112,-0.9178636328633879,0.35869026315721597,0.02025244560660378,6.028631914327079,4,0.1970202042034656,33.649954801619636,Higher in Adenoma,,0.8816277229791816,False,0.1037949886619132
CRC_vs_Adenoma,All,[Eubacterium] siraeum,rCLR_[Eubacterium] siraeum,CRC,Adenoma,5,413,209,0.07910459232082659,0.08880329892166874,-0.09494987356564413,0.25315905820729734,0.8907843884336194,0.3730448519604699,0.0,1.7995915176399344,4,0.7725570870988754,0.0,Higher in CRC,,0.8816277229791816,False,0.07910459232082659
CRC_vs_Adenoma,All,Dorea formicigenerans,rCLR_Dorea formicigenerans,CRC,Adenoma,5,413,209,0.07834155563934501,0.08893491991342681,-0.09597088739097152,0.25265399866966154,0.8808863348120868,0.3783793444858109,0.0,4.599525056029437,4,0.33090894789366887,13.034499186900398,Higher in CRC,,0.8816277229791816,False,0.07834155563934501
CRC_vs_Adenoma,All,Escherichia coli,rCLR_Escherichia coli,CRC,Adenoma,5,413,209,0.1452937114174339,0.16516129769315618,-0.17842243206115221,0.46900985489602004,0.8797079790894284,0.37901752576675096,0.0887871318649579,14.445759354927826,4,0.0060002196384243795,72.31021297170166,Higher in CRC,,0.8816277229791816,False,0.1452937114174339
CRC_vs_Adenoma,All,Roseburia inulinivorans,rCLR_Roseburia inulinivorans,CRC,Adenoma,5,413,209,-0.11465237955986589,0.1334155348945118,-0.37614682795310905,0.14684206883337725,-0.8593630393231084,0.3901402546362064,0.04321665903279024,7.820552047103394,4,0.09837723368172596,48.852715563966676,Higher in Adenoma,,0.8881916435334911,False,0.11465237955986589
CRC_vs_Adenoma,All,Bacteroides finegoldii,rCLR_Bacteroides finegoldii,CRC,Adenoma,5,413,209,0.07368843047258565,0.08880207515508891,-0.10036363683138862,0.24774049777655993,0.8298052758777547,0.4066488874225064,0.0,1.5940170333111363,4,0.8098670589885302,0.0,Higher in CRC,,0.906488144879337,False,0.07368843047258565
CRC_vs_Adenoma,All,Klebsiella pneumoniae,rCLR_Klebsiella pneumoniae,CRC,Adenoma,5,413,209,-0.09420391358196281,0.1188348962468685,-0.32712031022582505,0.13871248306189943,-0.7927293796450405,0.4279355092003839,0.02620405737983158,6.825369974314374,4,0.14540946170993693,41.39511828585072,Higher in Adenoma,,0.934471418049818,False,0.09420391358196281
CRC_vs_Adenoma,All,Coprococcus comes,rCLR_Coprococcus comes,CRC,Adenoma,5,413,209,-0.11138433912733638,0.14453837813340725,-0.39467956026881457,0.17191088201414184,-0.770621205009855,0.44093148852960806,0.05777643289279509,8.823935450626108,4,0.06565411636234685,54.66875270811078,Higher in Adenoma,,0.9413446399724752,False,0.11138433912733638
CRC_vs_Adenoma,All,Phocaeicola massiliensis,rCLR_Phocaeicola massiliensis,CRC,Adenoma,5,413,209,0.06645935560674507,0.08876168748848991,-0.10751355187069514,0.24043226308418528,0.7487392081787891,0.4540144069037958,0.0,1.0558647864953965,4,0.9012100229183353,0.0,Higher in CRC,,0.9413446399724752,False,0.06645935560674507
CRC_vs_Adenoma,All,Ruminococcus bromii,rCLR_Ruminococcus bromii,CRC,Adenoma,5,413,209,0.06495111743683446,0.08879103449042079,-0.10907931016439029,0.2389815450380592,0.7315053576027623,0.46447053325868404,0.0,1.4885203461054954,4,0.8286729800397215,0.0,Higher in CRC,,0.9413446399724752,False,0.06495111743683446
CRC_vs_Adenoma,All,Lachnospira eligens,rCLR_Lachnospira eligens,CRC,Adenoma,5,413,209,-0.07288441573926707,0.10020592842083893,-0.2692880354441114,0.12351920396557722,-0.7273463445513065,0.46701381449552704,0.008474973568297217,4.519439861459205,4,0.3402486347801987,11.493456653530766,Higher in Adenoma,,0.9413446399724752,False,0.07288441573926707
CRC_vs_Adenoma,All,Anaerostipes hadrus,rCLR_Anaerostipes hadrus,CRC,Adenoma,5,413,209,-0.0631669552107533,0.08880552144043218,-0.23722577723400037,0.11089186681249377,-0.7112953585112792,0.47690122722273176,0.0,1.8540462450907327,4,0.7625808571642694,0.0,Higher in Adenoma,,0.9413446399724752,False,0.0631669552107533
CRC_vs_Adenoma,All,Proteobacteria bacterium CAG:139,rCLR_Proteobacteria bacterium CAG:139,CRC,Adenoma,4,386,183,-0.1132377121088553,0.16174649080331038,-0.43026083408334365,0.20378540986563304,-0.7000937797565975,0.4838687401727676,0.06347926805126644,8.450704581346955,3,0.037559922125412884,64.50000149547493,Higher in Adenoma,,0.9413446399724752,False,0.1132377121088553
CRC_vs_Adenoma,All,Blautia wexlerae,rCLR_Blautia wexlerae,CRC,Adenoma,5,413,209,-0.057742564759532905,0.08881367619057677,-0.23181737009306339,0.11633224057399758,-0.6501539766874266,0.5155927661610532,0.0,2.1161356334846313,4,0.7144085887742542,0.0,Higher in Adenoma,,0.9415884401361189,False,0.057742564759532905
CRC_vs_Adenoma,All,Phascolarctobacterium faecium,rCLR_Phascolarctobacterium faecium,CRC,Adenoma,5,413,209,0.054282722252919906,0.08873428256297085,-0.11963647157050294,0.22820191607634277,0.6117446457562535,0.5407067183313208,0.0,0.41378085662984865,4,0.9813331540385528,0.0,Higher in CRC,,0.9415884401361189,False,0.054282722252919906
CRC_vs_Adenoma,All,Bacteroides xylanisolvens,rCLR_Bacteroides xylanisolvens,CRC,Adenoma,5,413,209,-0.06708469010475113,0.11053068998397489,-0.2837248424733419,0.14955546226383964,-0.6069326999992246,0.5438955760070041,0.01780866161557623,5.666131435832406,4,0.22550774237544272,29.40509684078015,Higher in Adenoma,,0.9415884401361189,False,0.06708469010475113
CRC_vs_Adenoma,All,Bifidobacterium pseudocatenulatum,rCLR_Bifidobacterium pseudocatenulatum,CRC,Adenoma,5,413,209,-0.0608226485806727,0.10334919330132782,-0.2633870674512752,0.1417417702899298,-0.5885159490634482,0.5561860317767375,0.011235534814660811,3.7946962823058885,4,0.4345030752633121,0.0,Higher in Adenoma,,0.9415884401361189,False,0.0608226485806727
CRC_vs_Adenoma,All,Bacteroides thetaiotaomicron,rCLR_Bacteroides thetaiotaomicron,CRC,Adenoma,5,413,209,0.05995454653395357,0.10246637678069709,-0.1408795519562127,0.26078864502411986,0.5851143410903544,0.5584708365381081,0.010363608848216419,5.3294209928424925,4,0.25513533333886146,24.944942323526863,Higher in CRC,,0.9415884401361189,False,0.05995454653395357
CRC_vs_Adenoma,All,Parasutterella excrementihominis,rCLR_Parasutterella excrementihominis,CRC,Adenoma,5,413,209,-0.09221826678148361,0.15774045682858387,-0.401389562165508,0.2169530286025408,-0.584620259352342,0.5588030822284218,0.0770323228023112,10.590738117148325,4,0.031569785667940824,62.231149937290255,Higher in Adenoma,,0.9415884401361189,False,0.09221826678148361
CRC_vs_Adenoma,All,Streptococcus salivarius,rCLR_Streptococcus salivarius,CRC,Adenoma,5,413,209,-0.05122006822903716,0.0888955822364816,-0.22545540941254108,0.12301527295446676,-0.5761823809509524,0.5644919129883008,0.0,3.966951548161091,4,0.4104969475291791,0.0,Higher in Adenoma,,0.9415884401361189,False,0.05122006822903716
CRC_vs_Adenoma,All,Methanobrevibacter smithii,rCLR_Methanobrevibacter smithii,CRC,Adenoma,4,384,182,0.05405949498584659,0.09412364851019976,-0.13042285609414495,0.23854184606583811,0.5743455108413951,0.5657340177701676,0.0,2.080543656739679,3,0.5558589315249249,0.0,Higher in CRC,,0.9415884401361189,False,0.05405949498584659
CRC_vs_Adenoma,All,Bifidobacterium bifidum,rCLR_Bifidobacterium bifidum,CRC,Adenoma,5,413,209,-0.05081654173215251,0.08879828976857908,-0.2248611896785675,0.12322810621426249,-0.5722693743830835,0.5671394944363258,0.0,1.8179063897615262,4,0.7692046895921172,0.0,Higher in Adenoma,,0.9415884401361189,False,0.05081654173215251
CRC_vs_Adenoma,All,Bifidobacterium adolescentis,rCLR_Bifidobacterium adolescentis,CRC,Adenoma,5,413,209,0.04959426221557767,0.08879140822805986,-0.12443689791141965,0.223625422342575,0.5585479857262236,0.5764702468288972,0.0,1.8709228824951112,4,0.7594842668772641,0.0,Higher in CRC,,0.9415884401361189,False,0.04959426221557767
CRC_vs_Adenoma,All,Phocaeicola dorei,rCLR_Phocaeicola dorei,CRC,Adenoma,5,413,209,0.0843411657080231,0.1603116280684882,-0.2298696253062138,0.39855195672225996,0.5261075988323874,0.5988134492794146,0.08099250662463739,11.46797413275058,4,0.02177876936009158,65.12025616994826,Higher in CRC,,0.9415884401361189,False,0.0843411657080231
CRC_vs_Adenoma,All,Bacteroides salyersiae,rCLR_Bacteroides salyersiae,CRC,Adenoma,4,386,183,-0.05894339600445928,0.11389388415612114,-0.28217540895045673,0.16428861694153815,-0.5175290705132336,0.6047868810787587,0.01405406431889881,3.6480461279921346,3,0.302062515299003,17.764197744638054,Higher in Adenoma,,0.9415884401361189,False,0.05894339600445928
CRC_vs_Adenoma,All,Eubacterium ventriosum,rCLR_Eubacterium ventriosum,CRC,Adenoma,5,413,209,-0.04307302123259327,0.08878089610256502,-0.2170835775936207,0.13093753512843417,-0.48516092001180894,0.6275622010878956,0.0,1.6150223933589996,4,0.8060896397561937,0.0,Higher in Adenoma,,0.9415884401361189,False,0.04307302123259327
CRC_vs_Adenoma,All,Holdemanella biformis,rCLR_Holdemanella biformis,CRC,Adenoma,5,413,209,0.04690906597938312,0.09841317528463177,-0.14598075757849513,0.2397988895372614,0.47665432848510536,0.6336082899550128,0.007060805256941448,4.122522374099709,4,0.38967812413074,2.9720244787383465,Higher in CRC,,0.9415884401361189,False,0.04690906597938312
CRC_vs_Adenoma,All,Coprobacter fastidiosus,rCLR_Coprobacter fastidiosus,CRC,Adenoma,4,386,183,-0.08033938448358417,0.17411558504124905,-0.4216059311644323,0.2609271621972639,-0.4614140914757934,0.6445015434867114,0.07946835513279604,8.462510567433984,3,0.037360266343411525,64.54952728159884,Higher in Adenoma,,0.9415884401361189,False,0.08033938448358417
CRC_vs_Adenoma,All,Roseburia intestinalis,rCLR_Roseburia intestinalis,CRC,Adenoma,5,413,209,0.06685028118099143,0.15312762797283894,-0.23327986964577288,0.36698043200775576,0.4365657723950966,0.6624262898285405,0.07023244194253601,11.137413478988595,4,0.025062319656854338,64.08501841521604,Higher in CRC,,0.9415884401361189,False,0.06685028118099143
CRC_vs_Adenoma,All,[Ruminococcus] lactaris,rCLR_[Ruminococcus] lactaris,CRC,Adenoma,5,413,209,-0.03633960626965534,0.08888905217574443,-0.21056214853411442,0.13788293599480372,-0.4088198195409659,0.6826718939327024,0.0,4.030396955520072,4,0.40190769962661793,0.7541925982858743,Higher in Adenoma,,0.9415884401361189,False,0.03633960626965534
CRC_vs_Adenoma,All,Dialister invisus,rCLR_Dialister invisus,CRC,Adenoma,5,413,209,-0.043336340598912414,0.107713557534988,-0.2544549133674889,0.16778223216966406,-0.4023294893480397,0.6874415547139403,0.015161021343076373,4.821306325893703,4,0.30612880120909064,17.034933488517996,Higher in Adenoma,,0.9415884401361189,False,0.043336340598912414
CRC_vs_Adenoma,All,Bacteroides cellulosilyticus,rCLR_Bacteroides cellulosilyticus,CRC,Adenoma,5,413,209,0.04847352401261509,0.12748531579198377,-0.2013976949396731,0.29834474296490326,0.3802282930506972,0.7037759588007428,0.03602484761668303,7.395846656178565,4,0.11639068622876776,45.91559038533662,Higher in CRC,,0.9415884401361189,False,0.04847352401261509
CRC_vs_Adenoma,All,Paraprevotella xylaniphila,rCLR_Paraprevotella xylaniphila,CRC,Adenoma,5,413,209,-0.06145424683593729,0.1660019749251615,-0.38681811768925384,0.2639096240173792,-0.370201901896906,0.7112320595941365,0.09010704325978205,11.799840816605368,4,0.01890345571069049,66.10123761694322,Higher in Adenoma,,0.9415884401361189,False,0.06145424683593729
CRC_vs_Adenoma,All,[Ruminococcus] torques,rCLR_[Ruminococcus] torques,CRC,Adenoma,5,413,209,0.03098067370142324,0.08874428763771201,-0.1429581300684923,0.2049194774713388,0.349100483266012,0.7270138737779194,0.0,0.8425829663833322,4,0.9326497694287144,0.0,Higher in CRC,,0.9415884401361189,False,0.03098067370142324
CRC_vs_Adenoma,All,Bacteroides sp. CAG:144,rCLR_Bacteroides sp. CAG:144,CRC,Adenoma,4,386,183,0.029354035468735412,0.09374101506720824,-0.15437835406299272,0.21308642500046354,0.31313972275305363,0.7541745111718583,0.0,0.28910896566913935,3,0.9620636050089529,0.0,Higher in CRC,,0.9415884401361189,False,0.029354035468735412
CRC_vs_Adenoma,All,Akkermansia muciniphila,rCLR_Akkermansia muciniphila,CRC,Adenoma,5,413,209,0.0274388464514944,0.08887130859355429,-0.14674891839187199,0.2016266112948608,0.3087480862578916,0.7575131620648629,0.0,3.629134648244767,4,0.4585166022438665,0.0,Higher in CRC,,0.9415884401361189,False,0.0274388464514944
CRC_vs_Adenoma,All,Alistipes shahii,rCLR_Alistipes shahii,CRC,Adenoma,5,413,209,-0.025488769535162055,0.08887972720955724,-0.19969303486589424,0.14871549579557014,-0.2867782151835998,0.7742821443995639,0.0,3.8966921141401136,4,0.4201675567721256,0.0,Higher in Adenoma,,0.9415884401361189,False,0.025488769535162055
CRC_vs_Adenoma,All,Blautia obeum,rCLR_Blautia obeum,CRC,Adenoma,5,413,209,0.02493273643704069,0.08874811675410682,-0.14901357240100868,0.19887904527509007,0.2809382029606496,0.7787577984123955,0.0,1.3069274568357314,4,0.8601990943544953,0.0,Higher in CRC,,0.9415884401361189,False,0.02493273643704069
CRC_vs_Adenoma,All,Phocaeicola coprocola,rCLR_Phocaeicola coprocola,CRC,Adenoma,5,413,209,0.024133306223461305,0.08883676708563454,-0.1499867572643824,0.198253369711305,0.2716589877724604,0.7858842386879789,0.0,2.926486732564341,4,0.5702020865725299,0.0,Higher in CRC,,0.9415884401361189,False,0.024133306223461305
CRC_vs_Adenoma,All,Oscillibacter sp. CAG:241,rCLR_Oscillibacter sp. CAG:241,CRC,Adenoma,5,413,209,-0.029864778727329167,0.11139921875297175,-0.24820724748315381,0.18847769002849546,-0.2680878650823795,0.7886316863200583,0.018752282535146065,5.106304812302356,4,0.27656284537381015,21.665467553699358,Higher in Adenoma,,0.9415884401361189,False,0.029864778727329167
CRC_vs_Adenoma,All,Parvimonas micra,rCLR_Parvimonas micra,CRC,Adenoma,4,386,183,-0.04568316340784594,0.17819513470770826,-0.39494562743495415,0.30357930061926225,-0.256365941094742,0.7976682843096541,0.08525693529468044,10.002456426702391,3,0.01854526647197868,70.00736747034209,Higher in Adenoma,,0.9415884401361189,False,0.04568316340784594
CRC_vs_Adenoma,All,Alistipes inops,rCLR_Alistipes inops,CRC,Adenoma,5,413,209,-0.042004934259768666,0.1650184147577384,-0.36544102718493593,0.28143115866539864,-0.254546950541463,0.7990730369446671,0.08850861364607886,11.969482452711494,4,0.01757965025539183,66.58167956882828,Higher in Adenoma,,0.9415884401361189,False,0.042004934259768666
CRC_vs_Adenoma,All,Butyricimonas virosa,rCLR_Butyricimonas virosa,CRC,Adenoma,4,386,183,0.031874072508729034,0.12585496499252855,-0.21480165887662692,0.278549803894085,0.2532603502024831,0.8000670334326556,0.024338555165834268,4.836560121307176,3,0.184163749042901,37.972444779840956,Higher in CRC,,0.9415884401361189,False,0.031874072508729034
CRC_vs_Adenoma,All,Bacteroides caccae,rCLR_Bacteroides caccae,CRC,Adenoma,5,413,209,0.022375781973671276,0.08879144152316296,-0.15165544341172812,0.19640700735907066,0.2520038146675896,0.8010381152626388,0.0,2.051369148440222,4,0.7263110811868427,0.0,Higher in CRC,,0.9415884401361189,False,0.022375781973671276
CRC_vs_Adenoma,All,Coprococcus eutactus,rCLR_Coprococcus eutactus,CRC,Adenoma,5,413,209,0.021959673878456036,0.08876683993245062,-0.15202333238914717,0.19594268014605926,0.2473860046743447,0.8046095042976613,0.0,1.36191862461895,4,0.8507859900122832,0.0,Higher in CRC,,0.9415884401361189,False,0.021959673878456036
CRC_vs_Adenoma,All,Slackia isoflavoniconvertens,rCLR_Slackia isoflavoniconvertens,CRC,Adenoma,5,413,209,-0.027880284088510662,0.1174000954289438,-0.2579844711292405,0.20222390295221915,-0.237480932077991,0.8122837101474705,0.024810869114006207,6.123515707774193,4,0.19011198132511947,34.678047858655034,Higher in Adenoma,,0.9415884401361189,False,0.027880284088510662
CRC_vs_Adenoma,All,Erysipelatoclostridium ramosum,rCLR_Erysipelatoclostridium ramosum,CRC,Adenoma,5,413,209,-0.019793877702250297,0.08875750255062341,-0.19375858270147217,0.15417082729697157,-0.22301075552413988,0.8235271355946153,0.0,1.2130628441773974,4,0.8759432586619186,0.0,Higher in Adenoma,,0.9415884401361189,False,0.019793877702250297
CRC_vs_Adenoma,All,Bacteroides uniformis,rCLR_Bacteroides uniformis,CRC,Adenoma,5,413,209,0.026354743276226562,0.11847061538284782,-0.20584766287415518,0.2585571494266083,0.2224580600941337,0.8239573184732241,0.025906646976339615,6.388810111576516,4,0.17193246095552192,37.39053235042931,Higher in CRC,,0.9415884401361189,False,0.026354743276226562
CRC_vs_Adenoma,All,Adlercreutzia equolifaciens_1,rCLR_Adlercreutzia equolifaciens_1,CRC,Adenoma,5,413,209,0.036331490088873854,0.17421678676975552,-0.30513341197984695,0.3777963921575947,0.2085418446896823,0.8348059134268524,0.10363806511994393,13.697911705870554,4,0.008324308227593648,70.79846851191405,Higher in CRC,,0.9415884401361189,False,0.036331490088873854
CRC_vs_Adenoma,All,Anaerobutyricum hallii,rCLR_Anaerobutyricum hallii,CRC,Adenoma,5,413,209,0.018081153196580897,0.08978688665485628,-0.15790114464693739,0.1940634510400992,0.2013785517041641,0.8404025849330712,0.0005826419647907541,4.94372115918554,4,0.2931209550592689,19.08928778137266,Higher in CRC,,0.9415884401361189,False,0.018081153196580897
CRC_vs_Adenoma,All,Dorea longicatena,rCLR_Dorea longicatena,CRC,Adenoma,5,413,209,0.029146637645565465,0.14478374379439535,-0.2546295001914494,0.31292277548258035,0.20131153458054002,0.8404549839011086,0.05829170264316454,9.384404256321623,4,0.05217744645836748,57.37609025841489,Higher in CRC,,0.9415884401361189,False,0.029146637645565465
CRC_vs_Adenoma,All,Roseburia hominis,rCLR_Roseburia hominis,CRC,Adenoma,5,413,209,0.01780487265825235,0.08882200011131267,-0.1562862475599205,0.19189599287642517,0.2004556600384938,0.8411242323137841,0.0,2.822993986084674,4,0.5878700967176322,0.0,Higher in CRC,,0.9415884401361189,False,0.01780487265825235
CRC_vs_Adenoma,All,Megamonas funiformis,rCLR_Megamonas funiformis,CRC,Adenoma,5,413,209,0.01747242352875225,0.08874096359570385,-0.15645986511882728,0.1914047121763318,0.19689242510769997,0.8439117215415373,0.0,0.9622959777612774,4,0.9154582369874043,0.0,Higher in CRC,,0.9415884401361189,False,0.01747242352875225
CRC_vs_Adenoma,All,Streptococcus parasanguinis,rCLR_Streptococcus parasanguinis,CRC,Adenoma,5,413,209,0.01663767100100736,0.08887597723245987,-0.157559244374614,0.1908345863766287,0.1872009908536999,0.851503047983746,0.0,3.9142214737395182,4,0.41773916532044053,0.0,Higher in CRC,,0.9415884401361189,False,0.01663767100100736
CRC_vs_Adenoma,All,Firmicutes bacterium CAG:145,rCLR_Firmicutes bacterium CAG:145,CRC,Adenoma,5,413,209,0.02660069526820857,0.15309289857406685,-0.27346138593696245,0.3266627764733796,0.1737552526340016,0.8620578125807781,0.06990426445937635,9.784402036923431,4,0.04422029628807434,59.118605460965455,Higher in CRC,,0.9415884401361189,False,0.02660069526820857
CRC_vs_Adenoma,All,[Ruminococcus] gnavus,rCLR_[Ruminococcus] gnavus,CRC,Adenoma,5,413,209,-0.015385850600568327,0.08876451516996724,-0.1893643003337041,0.15859259913256746,-0.17333334802885295,0.8623894124611182,0.0,1.4005061534905674,4,0.8441070397416501,0.0,Higher in Adenoma,,0.9415884401361189,False,0.015385850600568327
CRC_vs_Adenoma,All,Coprococcus catus,rCLR_Coprococcus catus,CRC,Adenoma,5,413,209,-0.012322773148256512,0.08883486425622472,-0.18643910709045694,0.16179356079394394,-0.13871550602828828,0.8896749645265633,0.0,3.075248086129621,4,0.5453127389701848,0.0,Higher in Adenoma,,0.9482647463859174,False,0.012322773148256512
CRC_vs_Adenoma,All,Eubacterium sp. CAG:38,rCLR_Eubacterium sp. CAG:38,CRC,Adenoma,5,413,209,-0.014401772633821749,0.1303463538620678,-0.26988062620347464,0.24107708093583113,-0.11048849628016193,0.912021972650591,0.03943845001450455,7.618024772442707,4,0.10661611049784299,47.492951001294706,Higher in Adenoma,,0.9482647463859174,False,0.014401772633821749
CRC_vs_Adenoma,All,Eggerthella lenta,rCLR_Eggerthella lenta,CRC,Adenoma,5,413,209,-0.00967407727919369,0.08878837652943636,-0.18369929527688897,0.16435114071850157,-0.1089565735666583,0.9132369344741452,0.0,1.9702090171778244,4,0.7412384232462019,0.0,Higher in Adenoma,,0.9482647463859174,False,0.00967407727919369
CRC_vs_Adenoma,All,Acidaminococcus intestini,rCLR_Acidaminococcus intestini,CRC,Adenoma,5,413,209,0.009564210644249827,0.08880919344328468,-0.16450180850458815,0.18363022979308782,0.10769392529567023,0.914238488399751,0.0,2.4488294503592383,4,0.6538215075396259,0.0,Higher in CRC,,0.9482647463859174,False,0.009564210644249827
CRC_vs_Adenoma,All,Bifidobacterium longum,rCLR_Bifidobacterium longum,CRC,Adenoma,5,413,209,0.021690225378514897,0.206907705682156,-0.38384887775851084,0.42722932851554063,0.10483043783702586,0.9165103572096316,0.16434922036419777,14.796913629774437,4,0.005141508097182182,72.96733562091505,Higher in CRC,,0.9482647463859174,False,0.021690225378514897
CRC_vs_Adenoma,All,Lawsonibacter asaccharolyticus,rCLR_Lawsonibacter asaccharolyticus,CRC,Adenoma,5,413,209,0.00873846248172978,0.08887741495211442,-0.16546127082441447,0.18293819578787401,0.09832039429182216,0.9216778843377141,0.0,3.884405207954849,4,0.42187588562448286,0.0,Higher in CRC,,0.9482647463859174,False,0.00873846248172978
CRC_vs_Adenoma,All,Collinsella aerofaciens,rCLR_Collinsella aerofaciens,CRC,Adenoma,5,413,209,-0.006398195682222097,0.12253860502289,-0.24657386152708652,0.2337774701626423,-0.052213714045683195,0.9583584056115731,0.03038527185311375,6.922269943220793,4,0.14005336365809382,42.215486642249026,Higher in Adenoma,,0.9766128514327459,False,0.006398195682222097
CRC_vs_Adenoma,All,Phocaeicola plebeius,rCLR_Phocaeicola plebeius,CRC,Adenoma,5,413,209,0.0019091460144619154,0.15013971131396533,-0.29236468816091016,0.29618298018983397,0.012715796492172521,0.989854535707178,0.06585392734540146,10.204221119469512,4,0.03712458519953233,60.800535845229234,Higher in CRC,,0.9914810071585606,False,0.0019091460144619154
CRC_vs_Adenoma,All,Klebsiella variicola,rCLR_Klebsiella variicola,CRC,Adenoma,5,413,209,-0.0010170107204264223,0.09525089988860919,-0.18770877450210044,0.1856747530612476,-0.010677177030513746,0.9914810071585606,0.0044992596543766035,5.421264726254616,4,0.246737551262855,26.216478958711985,Higher in Adenoma,,0.9914810071585606,False,0.0010170107204264223
CRC_vs_Adenoma,Female,Parabacteroides distasonis,rCLR_Parabacteroides distasonis,CRC,Adenoma,5,152,77,0.3616858327710347,0.1555018831201022,0.056902141855634414,0.6664695236864351,2.325925741308778,0.02002251253469471,0.0,2.3340024008737306,4,0.6745854506771094,0.0,Higher in CRC,,0.914064742917332,False,0.3616858327710347
CRC_vs_Adenoma,Female,Roseburia faecis,rCLR_Roseburia faecis,CRC,Adenoma,5,152,77,-0.3400875614650205,0.15548052920893035,-0.6448293987145239,-0.035345724215517016,-2.187332157893677,0.0287182847907605,0.0,3.753786065521491,4,0.4403514464272039,0.0,Higher in Adenoma,,0.914064742917332,False,0.3400875614650205
CRC_vs_Adenoma,Female,Bacteroides stercoris,rCLR_Bacteroides stercoris,CRC,Adenoma,5,152,77,-0.3766248328530272,0.17378144211928842,-0.7172364594068326,-0.036013206299221945,-2.167232750862439,0.030217111307354556,0.02335680017365084,6.1144897292567455,4,0.1907597061172031,34.58162206306911,Higher in Adenoma,,0.914064742917332,False,0.3766248328530272
CRC_vs_Adenoma,Female,Bacteroides fragilis,rCLR_Bacteroides fragilis,CRC,Adenoma,5,152,77,0.30892566698310736,0.1554923745253202,0.0041606129134798,0.6136907210527349,1.9867576652950416,0.04694925809661253,0.0,4.302732810737254,4,0.3665830181881244,7.035826393444637,Higher in CRC,,0.914064742917332,False,0.30892566698310736
CRC_vs_Adenoma,Female,Coprococcus comes,rCLR_Coprococcus comes,CRC,Adenoma,5,152,77,-0.30628528875839767,0.15545681929343189,-0.6109806545735241,-0.0015899229432711492,-1.9702274248919895,0.04881231178261312,0.0,4.113363413410006,4,0.3908811268152393,2.7559785512855353,Higher in Adenoma,,0.914064742917332,False,0.30628528875839767
CRC_vs_Adenoma,Female,Adlercreutzia equolifaciens,rCLR_Adlercreutzia equolifaciens,CRC,Adenoma,5,152,77,-0.29071304836435125,0.15533933367530317,-0.5951781423679454,0.013752045639242982,-1.8714709371163645,0.06127983453464142,0.0,3.4418975048256257,4,0.48676777051567555,0.0,Higher in Adenoma,,0.914064742917332,False,0.29071304836435125
CRC_vs_Adenoma,Female,Ruthenibacterium lactatiformans,rCLR_Ruthenibacterium lactatiformans,CRC,Adenoma,5,152,77,0.2650958324564672,0.15489618057707277,-0.038500681474595455,0.5686923463875297,1.7114420218035111,0.08699954546569268,0.0,2.3077645146947763,4,0.6793557594704637,0.0,Higher in CRC,,0.914064742917332,False,0.2650958324564672
CRC_vs_Adenoma,Female,Veillonella parvula,rCLR_Veillonella parvula,CRC,Adenoma,4,145,66,0.2599316801905179,0.16329610776643635,-0.06012869103169738,0.5799920514127331,1.5917812356085064,0.11143386778728943,0.0,2.1935979403522037,3,0.5332104779417757,0.0,Higher in CRC,,0.914064742917332,False,0.2599316801905179
CRC_vs_Adenoma,Female,[Ruminococcus] lactaris,rCLR_[Ruminococcus] lactaris,CRC,Adenoma,5,152,77,0.2459778961704014,0.15467803302890115,-0.05719104856624485,0.5491468409070477,1.5902574616037504,0.11177678290492639,0.0,1.7083396857751512,4,0.7892021575075716,0.0,Higher in CRC,,0.914064742917332,False,0.2459778961704014
CRC_vs_Adenoma,Female,Bifidobacterium adolescentis,rCLR_Bifidobacterium adolescentis,CRC,Adenoma,5,152,77,-0.23917740576394125,0.15437386478385529,-0.5417501807402976,0.06339536921241512,-1.5493387180454583,0.12130031693617897,0.0,0.6207434254300723,4,0.9607309619184905,0.0,Higher in Adenoma,,0.914064742917332,False,0.23917740576394125
CRC_vs_Adenoma,Female,Fusicatenibacter saccharivorans,rCLR_Fusicatenibacter saccharivorans,CRC,Adenoma,5,152,77,-0.2387958167233492,0.1548480154496992,-0.5422979270047597,0.06470629355806123,-1.5421303013141916,0.1230419329081753,0.0,2.5570513901059657,4,0.6344498165955812,0.0,Higher in Adenoma,,0.914064742917332,False,0.2387958167233492
CRC_vs_Adenoma,Female,Bacteroides eggerthii,rCLR_Bacteroides eggerthii,CRC,Adenoma,5,152,77,0.30127058707350285,0.20031258208858413,-0.09134207382012205,0.6938832479671277,1.5040023144440928,0.13258077080748729,0.0674719624969723,6.420635739456486,4,0.16986016803314882,37.70087321074838,Higher in CRC,,0.914064742917332,False,0.30127058707350285
CRC_vs_Adenoma,Female,Eubacterium ventriosum,rCLR_Eubacterium ventriosum,CRC,Adenoma,5,152,77,0.22650523096020292,0.1541713147989842,-0.07567054604580609,0.5286810079662119,1.4691788239305807,0.14178429239067122,0.0,0.7356822875071984,4,0.9468567595768583,0.0,Higher in CRC,,0.914064742917332,False,0.22650523096020292
CRC_vs_Adenoma,Female,Alistipes finegoldii,rCLR_Alistipes finegoldii,CRC,Adenoma,5,152,77,0.22286653458650382,0.1550939302392599,-0.0811175686824456,0.5268506378554533,1.4369777994708925,0.15072430178359805,0.0,3.9466627142607815,4,0.4132723898435233,0.0,Higher in CRC,,0.914064742917332,False,0.22286653458650382
CRC_vs_Adenoma,Female,Klebsiella quasipneumoniae,rCLR_Klebsiella quasipneumoniae,CRC,Adenoma,4,128,65,-0.3180752603669599,0.22970434710860774,-0.768295780699831,0.13214525996591125,-1.3847158940207998,0.16613935712751227,0.07483096990296974,4.159044747853625,3,0.24479440334093802,27.868051875416295,Higher in Adenoma,,0.914064742917332,False,0.3180752603669599
CRC_vs_Adenoma,Female,Bifidobacterium pseudocatenulatum,rCLR_Bifidobacterium pseudocatenulatum,CRC,Adenoma,5,152,77,-0.19779914895947123,0.15438669300980645,-0.5003970672586919,0.10479876933974944,-1.2811929908162958,0.20012588745312543,0.0,1.6117300693810537,4,0.8066823438929245,0.0,Higher in Adenoma,,0.914064742917332,False,0.19779914895947123
CRC_vs_Adenoma,Female,Flavonifractor plautii,rCLR_Flavonifractor plautii,CRC,Adenoma,5,152,77,0.18926555970302897,0.15498208289689952,-0.11449932277489408,0.49303044218095204,1.2212092918439883,0.22200678701690357,0.0,4.0569609292112245,4,0.3983519102720891,1.404029523703083,Higher in CRC,,0.914064742917332,False,0.18926555970302897
CRC_vs_Adenoma,Female,Bacteroides intestinalis,rCLR_Bacteroides intestinalis,CRC,Adenoma,5,152,77,-0.1883680759919284,0.15453533920817236,-0.4912573408399462,0.11452118885608942,-1.2189320381804736,0.22286998838726768,0.0,3.21270958954323,4,0.5228805787033197,0.0,Higher in Adenoma,,0.914064742917332,False,0.1883680759919284
CRC_vs_Adenoma,Female,Bacteroides ovatus,rCLR_Bacteroides ovatus,CRC,Adenoma,5,152,77,0.22693627521500162,0.18822024274194477,-0.14197540055921012,0.5958479509892134,1.2056953700040522,0.22793497091601345,0.04721334468049603,4.651894953249272,4,0.3249146041199145,14.013535554880363,Higher in CRC,,0.914064742917332,False,0.22693627521500162
CRC_vs_Adenoma,Female,Prevotella copri,rCLR_Prevotella copri,CRC,Adenoma,5,152,77,-0.1841861076896256,0.1542753684840934,-0.48656582991844866,0.11819361453919744,-1.1938789030253794,0.232525341155689,0.0,1.1253307108032788,4,0.890232663359072,0.0,Higher in Adenoma,,0.914064742917332,False,0.1841861076896256
CRC_vs_Adenoma,Female,Alistipes putredinis,rCLR_Alistipes putredinis,CRC,Adenoma,5,152,77,0.18052465244583005,0.15430985789100723,-0.1219226690205441,0.4829719739122042,1.1698841209052175,0.24204760488966448,0.0,1.635567462038058,4,0.8023858298685982,0.0,Higher in CRC,,0.914064742917332,False,0.18052465244583005
CRC_vs_Adenoma,Female,Bacteroides finegoldii,rCLR_Bacteroides finegoldii,CRC,Adenoma,5,152,77,0.18260198393837238,0.1563151855651261,-0.12377577976927481,0.4889797476460196,1.1681653530858926,0.24274007301153155,0.0017783704229033404,3.603805709980873,4,0.46227095480190095,0.0,Higher in CRC,,0.914064742917332,False,0.18260198393837238
CRC_vs_Adenoma,Female,Collinsella aerofaciens,rCLR_Collinsella aerofaciens,CRC,Adenoma,5,152,77,-0.17377759178591712,0.1545208777274701,-0.4766385121317585,0.12908332855992427,-1.1246220856472886,0.260749210768089,0.0,2.1692528922851517,4,0.7046621791911087,0.0,Higher in Adenoma,,0.914064742917332,False,0.17377759178591712
CRC_vs_Adenoma,Female,Acidaminococcus intestini,rCLR_Acidaminococcus intestini,CRC,Adenoma,4,145,66,-0.18088069142954813,0.16310361811444318,-0.5005637829338567,0.1388024000747605,-1.1089925135972858,0.2674334115920174,0.0,3.1363435291103143,3,0.3710776410001797,4.347212856143691,Higher in Adenoma,,0.914064742917332,False,0.18088069142954813
CRC_vs_Adenoma,Female,Phascolarctobacterium succinatutens,rCLR_Phascolarctobacterium succinatutens,CRC,Adenoma,4,145,66,-0.17709469717228682,0.16263254960998494,-0.4958544944078573,0.14166510006328364,-1.0889252956864053,0.2761868302613666,0.0,0.8713516711567078,3,0.8323352198759346,0.0,Higher in Adenoma,,0.914064742917332,False,0.17709469717228682
CRC_vs_Adenoma,Female,[Ruminococcus] torques,rCLR_[Ruminococcus] torques,CRC,Adenoma,5,152,77,0.16513896810939266,0.15397164501700106,-0.13664545612392942,0.46692339234271474,1.0725284391886476,0.283482747340183,0.0,0.27950885807442893,4,0.9910982542865939,0.0,Higher in CRC,,0.914064742917332,False,0.16513896810939266
CRC_vs_Adenoma,Female,Firmicutes bacterium CAG:83,rCLR_Firmicutes bacterium CAG:83,CRC,Adenoma,5,152,77,0.22920925275498205,0.21846571492363692,-0.19898354849534633,0.6574020540053105,1.0491772259784582,0.2940965582642543,0.1021438741066412,6.94069893168132,4,0.1390553977905787,42.368916453907666,Higher in CRC,,0.914064742917332,False,0.22920925275498205
CRC_vs_Adenoma,Female,Bacteroides sp. CAG:144,rCLR_Bacteroides sp. CAG:144,CRC,Adenoma,4,145,66,0.16437299268680866,0.16278313184114923,-0.15468194572184385,0.48342793109546117,1.009766741969376,0.31260705764125685,0.0,2.12283142346307,3,0.5473076382808357,0.0,Higher in CRC,,0.914064742917332,False,0.16437299268680866
CRC_vs_Adenoma,Female,Eggerthella lenta,rCLR_Eggerthella lenta,CRC,Adenoma,5,152,77,0.1554241552680746,0.1540626168016123,-0.1465385736630855,0.4573868841992347,1.008837565495954,0.3130525418992367,0.0,0.6150757038457093,4,0.9613737906538483,0.0,Higher in CRC,,0.914064742917332,False,0.1554241552680746
CRC_vs_Adenoma,Female,Klebsiella pneumoniae,rCLR_Klebsiella pneumoniae,CRC,Adenoma,5,152,77,-0.15236491583412548,0.15512393241187464,-0.4564078233613998,0.15167799169314883,-0.9822141140000009,0.3259943757286409,0.0,5.051592327610913,4,0.28204464894863246,20.817046574861877,Higher in Adenoma,,0.914064742917332,False,0.15236491583412548
CRC_vs_Adenoma,Female,Clostridium sp. CAG:58,rCLR_Clostridium sp. CAG:58,CRC,Adenoma,5,152,77,0.1512515133663953,0.15427568053293367,-0.15112882047815468,0.4536318472109453,0.980397641701585,0.32688987340874154,0.0,1.7688633653176922,4,0.7781737880222869,0.0,Higher in CRC,,0.914064742917332,False,0.1512515133663953
CRC_vs_Adenoma,Female,Coprococcus catus,rCLR_Coprococcus catus,CRC,Adenoma,5,152,77,0.14985253669670734,0.15446586680988297,-0.15290056225066329,0.45260563564407796,0.9701336598922936,0.33197987296356635,0.0,2.9970222244578144,4,0.5583238476178437,0.0,Higher in CRC,,0.914064742917332,False,0.14985253669670734
CRC_vs_Adenoma,Female,Escherichia coli,rCLR_Escherichia coli,CRC,Adenoma,5,152,77,0.2019024125680138,0.20977716899448465,-0.2092608386611761,0.6130656637972037,0.9624613275876658,0.33581792022736145,0.08530508259304101,6.169025478956992,4,0.1868759411300532,35.15993711414713,Higher in CRC,,0.914064742917332,False,0.2019024125680138
CRC_vs_Adenoma,Female,Faecalibacterium prausnitzii,rCLR_Faecalibacterium prausnitzii,CRC,Adenoma,5,152,77,-0.24207922821814556,0.2539604166373626,-0.7398416448273762,0.25568318839108506,-0.9532163768805652,0.3404804503843959,0.1766157196457735,9.079493200319646,4,0.05914295258306647,55.944677618579206,Higher in Adenoma,,0.914064742917332,False,0.24207922821814556
CRC_vs_Adenoma,Female,Roseburia intestinalis,rCLR_Roseburia intestinalis,CRC,Adenoma,5,152,77,0.17663180629109765,0.18720752163057094,-0.1902949361048214,0.5435585486870167,0.9435080639529908,0.34542109258572595,0.04524383482596768,5.429518265003638,4,0.2459946987921598,26.328639028948558,Higher in CRC,,0.914064742917332,False,0.17663180629109765
CRC_vs_Adenoma,Female,Phocaeicola vulgatus,rCLR_Phocaeicola vulgatus,CRC,Adenoma,5,152,77,0.2371532608296309,0.25859216348524966,-0.26968737960145844,0.7439939012607202,0.9170937650752063,0.359093507972001,0.19066483906026835,9.853566505285277,4,0.04296791347907892,59.4055614497099,Higher in CRC,,0.914064742917332,False,0.2371532608296309
CRC_vs_Adenoma,Female,Phocaeicola dorei,rCLR_Phocaeicola dorei,CRC,Adenoma,5,152,77,0.19455803090166407,0.21512842227901732,-0.22709367676520986,0.616209738568538,0.9043808755745261,0.365793475404532,0.09522144829887207,6.773027103353143,4,0.1483799864278402,40.9422118210673,Higher in CRC,,0.914064742917332,False,0.19455803090166407
CRC_vs_Adenoma,Female,Bifidobacterium bifidum,rCLR_Bifidobacterium bifidum,CRC,Adenoma,4,145,66,-0.14540029282407374,0.1626644745199629,-0.464222662883201,0.17342207723505354,-0.8938663051853376,0.371393427822033,0.0,1.5099053711749049,3,0.6799860701110578,0.0,Higher in Adenoma,,0.914064742917332,False,0.14540029282407374
CRC_vs_Adenoma,Female,Firmicutes bacterium CAG:145,rCLR_Firmicutes bacterium CAG:145,CRC,Adenoma,5,152,77,0.13314204057438608,0.15488014832107197,-0.17042305013491496,0.4367071312836871,0.8596456164180446,0.3899844214341788,0.0,4.3469365630301215,4,0.3610845286777323,7.981173822060156,Higher in CRC,,0.914064742917332,False,0.13314204057438608
CRC_vs_Adenoma,Female,Agathobaculum butyriciproducens,rCLR_Agathobaculum butyriciproducens,CRC,Adenoma,5,152,77,-0.13112575575297866,0.1540057425973983,-0.43297701124387933,0.17072549973792198,-0.8514341968128262,0.3945282022695339,0.0,0.6083862355800603,4,0.9621272420825578,0.0,Higher in Adenoma,,0.914064742917332,False,0.13112575575297866
CRC_vs_Adenoma,Female,Dorea formicigenerans,rCLR_Dorea formicigenerans,CRC,Adenoma,5,152,77,0.12472508117225983,0.15523082804744034,-0.17952734180072322,0.4289775041452429,0.8034813879504811,0.4216965501283094,0.0,6.133949473604511,4,0.18936567939440635,34.78915962362063,Higher in CRC,,0.914064742917332,False,0.12472508117225983
CRC_vs_Adenoma,Female,Streptococcus parasanguinis,rCLR_Streptococcus parasanguinis,CRC,Adenoma,5,152,77,0.12266235537770229,0.154368354111856,-0.1798996186815355,0.4252243294369401,0.7946081700710534,0.4268414643386921,0.0,2.5553338829160452,4,0.6347555634277626,0.0,Higher in CRC,,0.914064742917332,False,0.12266235537770229
CRC_vs_Adenoma,Female,Butyricimonas virosa,rCLR_Butyricimonas virosa,CRC,Adenoma,4,145,66,0.12741379309041143,0.16229769396929156,-0.1906896870894,0.44551727327022284,0.7850622518057433,0.43241707052977363,0.0,0.5095050618684979,3,0.9167982834394571,0.0,Higher in CRC,,0.914064742917332,False,0.12741379309041143
CRC_vs_Adenoma,Female,Parasutterella excrementihominis,rCLR_Parasutterella excrementihominis,CRC,Adenoma,5,152,77,-0.14427833512268956,0.1859621635775258,-0.5087641757346402,0.220207505489261,-0.7758477979986577,0.4378388580330984,0.04383441490855762,4.857381476565353,4,0.3022465333808881,17.651104421215972,Higher in Adenoma,,0.914064742917332,False,0.14427833512268956
CRC_vs_Adenoma,Female,Holdemanella biformis,rCLR_Holdemanella biformis,CRC,Adenoma,4,146,66,-0.21468072233545984,0.28039600211084353,-0.7642568864727132,0.3348954418017934,-0.7656340344346074,0.4438940875554591,0.19208252114598523,7.853333499868942,3,0.04914213346254161,61.79966125149193,Higher in Adenoma,,0.914064742917332,False,0.21468072233545984
CRC_vs_Adenoma,Female,Streptococcus salivarius,rCLR_Streptococcus salivarius,CRC,Adenoma,5,152,77,-0.1343575653281126,0.17923137627960525,-0.4856510628361389,0.2169359321799137,-0.7496319456840613,0.4534764052096927,0.0318134159556448,7.06595248931735,4,0.1324437153987501,43.390505299216294,Higher in Adenoma,,0.914064742917332,False,0.1343575653281126
CRC_vs_Adenoma,Female,Bacteroides xylanisolvens,rCLR_Bacteroides xylanisolvens,CRC,Adenoma,5,152,77,0.1211247035658498,0.1621591149438152,-0.19670716172402802,0.43895656885572765,0.7469497080556773,0.45509391907072394,0.009291663852835311,4.027049497933879,4,0.40235747574403585,0.6716951939070263,Higher in CRC,,0.914064742917332,False,0.1211247035658498
CRC_vs_Adenoma,Female,Odoribacter splanchnicus,rCLR_Odoribacter splanchnicus,CRC,Adenoma,5,152,77,-0.12758012418298215,0.17247020292568815,-0.4656217219173309,0.21046147355136663,-0.7397227000304064,0.459468271270536,0.023298028304270125,4.486587010718754,4,0.34414087748973554,10.845371092910163,Higher in Adenoma,,0.914064742917332,False,0.12758012418298215
CRC_vs_Adenoma,Female,Erysipelatoclostridium ramosum,rCLR_Erysipelatoclostridium ramosum,CRC,Adenoma,5,152,77,-0.11358222442057588,0.15398238362857977,-0.4153876963325922,0.18822324749144048,-0.7376312909569387,0.46073853526605035,0.0,0.7140060032274888,4,0.9495905295643514,0.0,Higher in Adenoma,,0.914064742917332,False,0.11358222442057588
CRC_vs_Adenoma,Female,Bacteroides cellulosilyticus,rCLR_Bacteroides cellulosilyticus,CRC,Adenoma,5,152,77,0.12509523392379301,0.16980822681766372,-0.20772889063882788,0.4579193584864139,0.7366853554045852,0.46131371459802606,0.019681853956386417,4.887946436059057,4,0.29898932519776955,18.166042686322278,Higher in CRC,,0.914064742917332,False,0.12509523392379301
CRC_vs_Adenoma,Female,Paraprevotella xylaniphila,rCLR_Paraprevotella xylaniphila,CRC,Adenoma,5,152,77,-0.11385656836692457,0.1547323563384524,-0.4171319867902913,0.18941885005644213,-0.7358290861795025,0.4618347177688439,0.0,4.1994397862019515,4,0.37968696473844793,4.749199806537252,Higher in Adenoma,,0.914064742917332,False,0.11385656836692457
CRC_vs_Adenoma,Female,Roseburia hominis,rCLR_Roseburia hominis,CRC,Adenoma,5,152,77,0.11079144802099956,0.15426449762604658,-0.19156696732605172,0.4131498633680508,0.7181914810338911,0.47263922992150054,0.0,2.0782910334354523,4,0.7213616582834992,0.0,Higher in CRC,,0.914064742917332,False,0.11079144802099956
CRC_vs_Adenoma,Female,Bacteroides salyersiae,rCLR_Bacteroides salyersiae,CRC,Adenoma,4,145,66,-0.1523955095552888,0.21314990087026064,-0.5701693152609997,0.2653782961504221,-0.7149687095001201,0.47462837837524396,0.065601123417452,5.046434764048562,3,0.16842836946207218,40.55208993540591,Higher in Adenoma,,0.914064742917332,False,0.1523955095552888
CRC_vs_Adenoma,Female,Alistipes shahii,rCLR_Alistipes shahii,CRC,Adenoma,5,152,77,-0.11030213765205413,0.1545674677343531,-0.41325437441138624,0.19265009910727796,-0.7136180676882444,0.47546338216401796,0.0,3.178552786371846,4,0.528401989405421,0.0,Higher in Adenoma,,0.914064742917332,False,0.11030213765205413
CRC_vs_Adenoma,Female,Slackia isoflavoniconvertens,rCLR_Slackia isoflavoniconvertens,CRC,Adenoma,5,152,77,-0.13292123510557907,0.18640294752834813,-0.4982710122611414,0.23242854204998326,-0.7130854788943959,0.47579286455076075,0.04463268284713317,4.841643438953017,4,0.3039351482650276,17.383424648367306,Higher in Adenoma,,0.914064742917332,False,0.13292123510557907
CRC_vs_Adenoma,Female,Anaerostipes hadrus,rCLR_Anaerostipes hadrus,CRC,Adenoma,5,152,77,-0.10950765185438899,0.15447633157230242,-0.41228126173610175,0.19326595802732377,-0.7088959890475784,0.4783890243305663,0.0,2.9478782140457893,4,0.5665854074402868,0.0,Higher in Adenoma,,0.914064742917332,False,0.10950765185438899
CRC_vs_Adenoma,Female,Desulfovibrio piger,rCLR_Desulfovibrio piger,CRC,Adenoma,4,145,66,0.17367440258316158,0.2642254848023962,-0.344207547629535,0.6915563527958581,0.6572961828910856,0.5109904904038544,0.15702092253495012,7.175383351705056,3,0.06651290207977745,58.19038714792677,Higher in CRC,,0.9592277626879371,False,0.17367440258316158
CRC_vs_Adenoma,Female,Intestinibacter bartlettii,rCLR_Intestinibacter bartlettii,CRC,Adenoma,4,146,66,-0.14393770659774385,0.23381532796295826,-0.6022157494051421,0.31434033620965435,-0.6156042371206173,0.5381557541090004,0.10035737425657515,6.030455135690714,3,0.11013788123136205,50.25251108751699,Higher in Adenoma,,0.9817970410520002,False,0.14393770659774385
CRC_vs_Adenoma,Female,[Eubacterium] siraeum,rCLR_[Eubacterium] siraeum,CRC,Adenoma,5,152,77,0.09207301250850555,0.15403958738407694,-0.20984457876428522,0.39399060378129636,0.5977230533533818,0.5500247405030165,0.0,1.1378596094530256,4,0.8882197762474853,0.0,Higher in CRC,,0.9817970410520002,False,0.09207301250850555
CRC_vs_Adenoma,Female,Dialister invisus,rCLR_Dialister invisus,CRC,Adenoma,5,152,77,-0.08860388628939907,0.15410293999350658,-0.39064564867667195,0.2134378760978738,-0.574965580105951,0.5653145757404027,0.0,1.4337042418982857,4,0.8383164125511221,0.0,Higher in Adenoma,,0.9817970410520002,False,0.08860388628939907
CRC_vs_Adenoma,Female,Veillonella atypica,rCLR_Veillonella atypica,CRC,Adenoma,4,145,66,0.08367379937231152,0.16277991341310244,-0.23537483091736927,0.4027224296619923,0.5140302486828604,0.607230842451576,0.0,2.5265849479226654,3,0.47050574096847897,0.0,Higher in CRC,,0.9817970410520002,False,0.08367379937231152
CRC_vs_Adenoma,Female,Blautia wexlerae,rCLR_Blautia wexlerae,CRC,Adenoma,5,152,77,0.07732174311645296,0.15512059904871903,-0.22671463101903633,0.38135811725194224,0.49846212295872044,0.6181583598265705,0.0,5.8032736501574025,4,0.21432951441005338,31.073386486065363,Higher in CRC,,0.9817970410520002,False,0.07732174311645296
CRC_vs_Adenoma,Female,Bacteroides thetaiotaomicron,rCLR_Bacteroides thetaiotaomicron,CRC,Adenoma,5,152,77,0.07294137010024733,0.15381883767770826,-0.2285435517480609,0.37442629194855553,0.47420310282853045,0.635355080953039,0.0,0.36276154426845264,4,0.9854106000097398,0.0,Higher in CRC,,0.9817970410520002,False,0.07294137010024733
CRC_vs_Adenoma,Female,Eubacterium sp. CAG:251,rCLR_Eubacterium sp. CAG:251,CRC,Adenoma,5,152,77,-0.11977337108000136,0.25522644850913395,-0.6200172101579038,0.38047046799790113,-0.46928275568476185,0.6388675395706941,0.18300803890754747,9.30488150254699,4,0.05391463546182784,57.01181150017768,Higher in Adenoma,,0.9817970410520002,False,0.11977337108000136
CRC_vs_Adenoma,Female,Gemmiger formicilis,rCLR_Gemmiger formicilis,CRC,Adenoma,5,152,77,-0.07185121485744063,0.15382198921848902,-0.3733423137256791,0.22963988401079788,-0.4671062649916914,0.6404238520836457,0.0,0.3365053757959412,4,0.9873373698666497,0.0,Higher in Adenoma,,0.9817970410520002,False,0.07185121485744063
CRC_vs_Adenoma,Female,Proteobacteria bacterium CAG:139,rCLR_Proteobacteria bacterium CAG:139,CRC,Adenoma,4,145,66,-0.15617623714407905,0.35966352676743274,-0.8611167496082471,0.5487642753200891,-0.43422873191438854,0.6641223507482983,0.38640987488925677,14.65297479185993,3,0.002138554256992936,79.52634162950604,Higher in Adenoma,,0.9817970410520002,False,0.15617623714407905
CRC_vs_Adenoma,Female,Phocaeicola plebeius,rCLR_Phocaeicola plebeius,CRC,Adenoma,5,152,77,-0.06631258780792043,0.15435790516657666,-0.36885408193441066,0.2362289063185698,-0.4296027970602389,0.6674846020820788,0.0,2.6621405259251003,4,0.6158555987624512,0.0,Higher in Adenoma,,0.9817970410520002,False,0.06631258780792043
CRC_vs_Adenoma,Female,Oscillibacter sp. CAG:241,rCLR_Oscillibacter sp. CAG:241,CRC,Adenoma,5,152,77,-0.06537919412653212,0.15425073440376663,-0.36771063355791467,0.23695224530485046,-0.42385013192478926,0.671675114538355,0.0,2.9838939719828423,4,0.5605243136150777,0.0,Higher in Adenoma,,0.9817970410520002,False,0.06537919412653212
CRC_vs_Adenoma,Female,Methanobrevibacter smithii,rCLR_Methanobrevibacter smithii,CRC,Adenoma,4,146,66,0.07350791441131488,0.17349902749416746,-0.26655017947725335,0.4135660082998831,0.4236791149378979,0.6717998485182156,0.012883652356157288,3.8914642450164534,3,0.27342505328247596,22.908195704434238,Higher in CRC,,0.9817970410520002,False,0.07350791441131488
CRC_vs_Adenoma,Female,Phocaeicola coprocola,rCLR_Phocaeicola coprocola,CRC,Adenoma,4,145,66,0.09601630841478233,0.2270131410641691,-0.3489294480709891,0.5409620649005538,0.4229548473039352,0.6723282048782793,0.08753013837713856,5.371259073578662,3,0.14654475765807534,44.147173709101764,Higher in CRC,,0.9817970410520002,False,0.09601630841478233
CRC_vs_Adenoma,Female,Coprobacter fastidiosus,rCLR_Coprobacter fastidiosus,CRC,Adenoma,4,145,66,-0.06864384624408439,0.1623985952802266,-0.3869450929933285,0.24965740050515978,-0.4226874384328025,0.6725233217312543,0.0,0.9095344668854977,3,0.8231263343478905,0.0,Higher in Adenoma,,0.9817970410520002,False,0.06864384624408439
CRC_vs_Adenoma,Female,Alistipes inops,rCLR_Alistipes inops,CRC,Adenoma,5,152,77,0.06474078539210916,0.1544822850193813,-0.23804449324587817,0.36752606403009647,0.4190822616585895,0.6751560139465383,0.0,3.2016531105392536,4,0.5246639823646343,0.0,Higher in CRC,,0.9817970410520002,False,0.06474078539210916
CRC_vs_Adenoma,Female,Ruminococcus bromii,rCLR_Ruminococcus bromii,CRC,Adenoma,5,152,77,-0.06232067636890092,0.15388178965118113,-0.36392898408521596,0.2392876313474141,-0.40499058732140614,0.685484429837204,0.0,0.6292015456644342,4,0.9597641055495109,0.0,Higher in Adenoma,,0.9817970410520002,False,0.06232067636890092
CRC_vs_Adenoma,Female,Gordonibacter pamelaeae,rCLR_Gordonibacter pamelaeae,CRC,Adenoma,5,152,77,-0.06232593633248509,0.1539869897783644,-0.36414043629807935,0.23948856363310914,-0.4047480661982657,0.6856627067215513,0.0,1.0798786644021128,4,0.8974513993516536,0.0,Higher in Adenoma,,0.9817970410520002,False,0.06232593633248509
CRC_vs_Adenoma,Female,Roseburia inulinivorans,rCLR_Roseburia inulinivorans,CRC,Adenoma,5,152,77,-0.07429074085871842,0.1988392784382366,-0.4640157265976621,0.3154342448802253,-0.3736220601997135,0.7086855190113026,0.06602524931708004,5.74557799494706,4,0.21897141587371954,30.381242696247547,Higher in Adenoma,,0.9817970410520002,False,0.07429074085871842
CRC_vs_Adenoma,Female,Oscillibacter sp. 57_20,rCLR_Oscillibacter sp. 57_20,CRC,Adenoma,5,152,77,0.05654726376341097,0.15453121422315913,-0.24633391611398092,0.35942844364080284,0.36592777742463634,0.714418968352823,0.0,3.427754755205898,4,0.4889480664922824,0.0,Higher in CRC,,0.9817970410520002,False,0.05654726376341097
CRC_vs_Adenoma,Female,Anaerotignum lactatifermentans,rCLR_Anaerotignum lactatifermentans,CRC,Adenoma,5,152,77,-0.05073061428723141,0.15440526851035125,-0.3533649405675198,0.251903711993057,-0.3285549436017493,0.7424921086929195,0.0,3.178260572855168,4,0.528449377313033,0.0,Higher in Adenoma,,0.9817970410520002,False,0.05073061428723141
CRC_vs_Adenoma,Female,Eubacterium sp. CAG:274,rCLR_Eubacterium sp. CAG:274,CRC,Adenoma,5,152,77,-0.050211532625941725,0.15409776972119715,-0.3522431612794882,0.2518200960276047,-0.3258420463630812,0.7445438648769431,0.0,1.7685607859109358,4,0.7782290422570854,0.0,Higher in Adenoma,,0.9817970410520002,False,0.050211532625941725
CRC_vs_Adenoma,Female,Eubacterium sp. CAG:180,rCLR_Eubacterium sp. CAG:180,CRC,Adenoma,5,152,77,0.04462387271362999,0.15457923292796122,-0.258351423825174,0.347599169252434,0.28867961024509753,0.7728265673709801,0.0,3.7313888976398104,4,0.4435770602600718,0.0,Higher in CRC,,0.9817970410520002,False,0.04462387271362999
CRC_vs_Adenoma,Female,Klebsiella variicola,rCLR_Klebsiella variicola,CRC,Adenoma,4,128,65,0.04898298890223202,0.17092010431020474,-0.2860204155457693,0.3839863933502333,0.2865841271272118,0.7744307695777574,0.0,0.7114596706730054,3,0.8705052660662954,0.0,Higher in CRC,,0.9817970410520002,False,0.04898298890223202
CRC_vs_Adenoma,Female,Eubacterium ramulus,rCLR_Eubacterium ramulus,CRC,Adenoma,5,152,77,0.06264831868237129,0.21995023817838716,-0.3684541481472675,0.4937507855120101,0.28482951053483907,0.7757747621339669,0.10440381398943581,7.414585942165844,4,0.11553520745408959,46.052280852899834,Higher in CRC,,0.9817970410520002,False,0.06264831868237129
CRC_vs_Adenoma,Female,Bacteroides caccae,rCLR_Bacteroides caccae,CRC,Adenoma,5,152,77,-0.048840825084150385,0.17424287117083476,-0.3903568525789865,0.29267520241068573,-0.2803031467282519,0.7792449367776177,0.026698389548172167,3.7976472227760847,4,0.43408339544419783,0.0,Higher in Adenoma,,0.9817970410520002,False,0.048840825084150385
CRC_vs_Adenoma,Female,Barnesiella intestinihominis,rCLR_Barnesiella intestinihominis,CRC,Adenoma,5,152,77,0.05756906372551358,0.20904691917659718,-0.3521628978606169,0.467301025311644,0.27538824275559304,0.7830179759352225,0.0837261218041538,6.579216717743132,4,0.1598670220122268,39.20248911678776,Higher in CRC,,0.9817970410520002,False,0.05756906372551358
CRC_vs_Adenoma,Female,Dorea longicatena,rCLR_Dorea longicatena,CRC,Adenoma,5,152,77,-0.05323300739696834,0.212929649458208,-0.470575120335056,0.3641091055411193,-0.25000279450239954,0.802585187544947,0.091835418562036,6.737218746136754,4,0.15044395805477767,40.62831932993605,Higher in Adenoma,,0.9817970410520002,False,0.05323300739696834
CRC_vs_Adenoma,Female,[Eubacterium] rectale,rCLR_[Eubacterium] rectale,CRC,Adenoma,5,152,77,0.042930666253019285,0.17681387889506767,-0.3036245363813133,0.38948586888735187,0.24280145043646154,0.8081592119040942,0.030136256515872276,4.490549832266684,4,0.34366949642459604,10.92404829230166,Higher in CRC,,0.9817970410520002,False,0.042930666253019285
CRC_vs_Adenoma,Female,Akkermansia muciniphila,rCLR_Akkermansia muciniphila,CRC,Adenoma,5,152,77,0.03738568992430507,0.15410288880328749,-0.2646559721301384,0.33942735197874857,0.24260213559025454,0.8083136266722714,0.0,1.8409848423110382,4,0.7649760149553662,0.0,Higher in CRC,,0.9817970410520002,False,0.03738568992430507
CRC_vs_Adenoma,Female,[Ruminococcus] gnavus,rCLR_[Ruminococcus] gnavus,CRC,Adenoma,5,152,77,0.03606735145262934,0.1543514336529405,-0.266461458507134,0.3385961614123927,0.2336703365757318,0.8152409182448597,0.0,2.7057698670460777,4,0.6082053380337487,0.0,Higher in CRC,,0.9817970410520002,False,0.03606735145262934
CRC_vs_Adenoma,Female,Phocaeicola massiliensis,rCLR_Phocaeicola massiliensis,CRC,Adenoma,5,152,77,0.034140034141584806,0.15410372328356256,-0.26790326349419785,0.3361833317773674,0.2215393204923709,0.8246725237753554,0.0,2.0514756006433443,4,0.7262915067605611,0.0,Higher in CRC,,0.9817970410520002,False,0.034140034141584806
CRC_vs_Adenoma,Female,Lawsonibacter asaccharolyticus,rCLR_Lawsonibacter asaccharolyticus,CRC,Adenoma,5,152,77,-0.0324353796634927,0.15468167779345193,-0.3356114681386585,0.2707407088116731,-0.20969115493306195,0.8339087294059515,0.0,4.328529326224296,4,0.36336626154082236,7.589860238069976,Higher in Adenoma,,0.9817970410520002,False,0.0324353796634927
CRC_vs_Adenoma,Female,Coprococcus eutactus,rCLR_Coprococcus eutactus,CRC,Adenoma,5,152,77,-0.0293408730290661,0.15417426021886096,-0.3315224230580336,0.27284067699990133,-0.19030980260527738,0.8490663726577585,0.0,2.4867713179849686,4,0.6470061498708268,0.0,Higher in Adenoma,,0.9817970410520002,False,0.0293408730290661
CRC_vs_Adenoma,Female,Anaerobutyricum hallii,rCLR_Anaerobutyricum hallii,CRC,Adenoma,5,152,77,-0.027828214408481787,0.1548141355165427,-0.33126392002090543,0.2756074912039419,-0.17975241288937857,0.8573469439988929,0.0,4.853501908104834,4,0.3026620672394324,17.585280159869228,Higher in Adenoma,,0.9817970410520002,False,0.027828214408481787
CRC_vs_Adenoma,Female,Phascolarctobacterium faecium,rCLR_Phascolarctobacterium faecium,CRC,Adenoma,5,152,77,-0.023358566097090732,0.15403363693690353,-0.32526449449342165,0.27854736229924015,-0.15164587788483533,0.8794662465105396,0.0,1.4340082613316416,4,0.8382632030682238,0.0,Higher in Adenoma,,0.9817970410520002,False,0.023358566097090732
CRC_vs_Adenoma,Female,Firmicutes bacterium CAG:110,rCLR_Firmicutes bacterium CAG:110,CRC,Adenoma,5,152,77,-0.023286606340610805,0.15421394226334537,-0.3255459331767677,0.2789727204955461,-0.15100195221548218,0.8799741759128165,0.0,2.5396362861172856,4,0.637552643088861,0.0,Higher in Adenoma,,0.9817970410520002,False,0.023286606340610805
CRC_vs_Adenoma,Female,Streptococcus thermophilus,rCLR_Streptococcus thermophilus,CRC,Adenoma,5,152,77,-0.032116304863835494,0.2151755321664722,-0.453860347910121,0.38962773818245,-0.14925630502908885,0.8813513925226153,0.09667160776240205,6.844627120209215,4,0.14433034112925738,41.56000130102434,Higher in Adenoma,,0.9817970410520002,False,0.032116304863835494
CRC_vs_Adenoma,Female,Parabacteroides merdae,rCLR_Parabacteroides merdae,CRC,Adenoma,5,152,77,-0.022811191652430885,0.15406683586662293,-0.3247821899510118,0.27915980664615003,-0.14806036305035006,0.8822951303095765,0.0,1.6310747519489057,4,0.8031965084028603,0.0,Higher in Adenoma,,0.9817970410520002,False,0.022811191652430885
CRC_vs_Adenoma,Female,Bifidobacterium longum,rCLR_Bifidobacterium longum,CRC,Adenoma,5,152,77,-0.04898907629713556,0.33413446367087823,-0.7038926250920569,0.6059144724977857,-0.14661485606402366,0.8834360269639904,0.4007018915010792,13.528408705212161,4,0.008962730392467642,70.43259050520186,Higher in Adenoma,,0.9817970410520002,False,0.04898907629713556
CRC_vs_Adenoma,Female,Lachnospira pectinoschiza,rCLR_Lachnospira pectinoschiza,CRC,Adenoma,5,152,77,-0.025377862961375147,0.18356075859154639,-0.38515694980080606,0.3344012238780557,-0.13825320376805136,0.8900403082434021,0.04045866273145354,4.865809983647165,4,0.3013454033478756,17.793748349338497,Higher in Adenoma,,0.9817970410520002,False,0.025377862961375147
CRC_vs_Adenoma,Female,Lachnospira eligens,rCLR_Lachnospira eligens,CRC,Adenoma,5,152,77,0.02156655464438937,0.19068664190142529,-0.35217926348240414,0.3953123727711829,0.11309945169383243,0.9099517096890313,0.05207742861194635,5.182064844919385,4,0.2691214058197773,22.810691882374034,Higher in CRC,,0.9896940547166334,False,0.02156655464438937
CRC_vs_Adenoma,Female,Enterocloster bolteae,rCLR_Enterocloster bolteae,CRC,Adenoma,5,152,77,-0.02954624880216443,0.30350995814554993,-0.6244257667674422,0.5653332691631134,-0.09734853176710385,0.922449616211757,0.31033189532064726,12.347721270242783,4,0.014944429121801276,67.60535881515447,Higher in Adenoma,,0.9896940547166334,False,0.02954624880216443
CRC_vs_Adenoma,Female,Eubacterium sp. CAG:38,rCLR_Eubacterium sp. CAG:38,CRC,Adenoma,5,152,77,-0.014519931337022096,0.15413410449907422,-0.31662277615520756,0.2875829134811633,-0.09420323545013562,0.9249477146884424,0.0,1.995857628741681,4,0.7365208284093699,0.0,Higher in Adenoma,,0.9896940547166334,False,0.014519931337022096
CRC_vs_Adenoma,Female,Ruminococcus bicirculans,rCLR_Ruminococcus bicirculans,CRC,Adenoma,5,152,77,0.010898786933054872,0.15420411036534173,-0.29134126938301497,0.31313884324912467,0.07067766810646857,0.9436542946495065,0.0,2.281384866915496,4,0.6841602605701371,0.0,Higher in CRC,,0.9993233266913113,False,0.010898786933054872
CRC_vs_Adenoma,Female,Blautia sp. CAG:257,rCLR_Blautia sp. CAG:257,CRC,Adenoma,5,152,77,0.013680072037779186,0.25520093799472227,-0.4865137664318764,0.5138739105074348,0.053605100926635695,0.9572497924058423,0.18240076151871495,9.239134673530485,4,0.05539241199750085,56.70590221549927,Higher in CRC,,0.9993233266913113,False,0.013680072037779186
CRC_vs_Adenoma,Female,Adlercreutzia equolifaciens_1,rCLR_Adlercreutzia equolifaciens_1,CRC,Adenoma,5,152,77,-0.00612171882565501,0.17419978835487404,-0.3475533040012081,0.3353098663498981,-0.03514194180984909,0.9719665573237309,0.0263750653938211,4.30095340929762,4,0.3668057258468844,6.997365017882575,Higher in Adenoma,,0.9993233266913113,False,0.00612171882565501
CRC_vs_Adenoma,Female,Blautia obeum,rCLR_Blautia obeum,CRC,Adenoma,5,152,77,0.005112496148437087,0.15389607474750672,-0.2965238103566761,0.3067488026535502,0.03322044540008591,0.9734987940481897,0.0,0.9252371593841096,4,0.9209125459952859,0.0,Higher in CRC,,0.9993233266913113,False,0.005112496148437087
CRC_vs_Adenoma,Female,Bacteroides uniformis,rCLR_Bacteroides uniformis,CRC,Adenoma,5,152,77,-0.0022334763389297526,0.19202760645484496,-0.37860758499042585,0.3741406323125664,-0.011631016915554545,0.9907200004110288,0.05449680060069984,5.165065232299085,4,0.2707761995597585,22.556641202002567,Higher in Adenoma,,0.9993233266913113,False,0.0022334763389297526
CRC_vs_Adenoma,Female,Megamonas funiformis,rCLR_Megamonas funiformis,CRC,Adenoma,4,146,66,-0.0003056016658511593,0.16156883340877218,-0.3169805151470446,0.31636931181534234,-0.0018914642100434143,0.9984908308093717,0.0,1.1397045062139042,3,0.7674989220849714,0.0,Higher in Adenoma,,0.9993233266913113,False,0.0003056016658511593
CRC_vs_Adenoma,Female,Parvimonas micra,rCLR_Parvimonas micra,CRC,Adenoma,4,145,66,-0.00013762828045872397,0.16228136315447284,-0.31820910006322545,0.317933843502308,-0.0008480843257874164,0.9993233266913112,0.0,0.6789990369953378,3,0.8781321153317537,0.0,Higher in Adenoma,,0.9993233266913113,False,0.00013762828045872397
CRC_vs_Adenoma,Male,Streptococcus thermophilus,rCLR_Streptococcus thermophilus,CRC,Adenoma,5,261,132,-0.3691294107434125,0.1111591625366675,-0.5870013693152808,-0.1512574521715442,-3.3207286050005074,0.0008978279666126342,0.0,2.244450119278161,4,0.690900151007602,0.0,Higher in Adenoma,,0.09606759242755186,False,0.3691294107434125
CRC_vs_Adenoma,Male,Parabacteroides merdae,rCLR_Parabacteroides merdae,CRC,Adenoma,5,261,132,0.29014401788050836,0.1110823348853175,0.07242264150528607,0.5078653942557306,2.6119726253508797,0.009002146201466825,0.0,4.0552902189768965,4,0.3985748441427019,1.3634096696252125,Higher in CRC,,0.3818762694030881,False,0.29014401788050836
CRC_vs_Adenoma,Male,Ruthenibacterium lactatiformans,rCLR_Ruthenibacterium lactatiformans,CRC,Adenoma,5,261,132,0.2777202454626581,0.11077949837587164,0.060592428645949686,0.4948480622793665,2.5069642807043713,0.01217730166778474,0.0,1.4660176881988365,4,0.8326434746685427,0.0,Higher in CRC,,0.3818762694030881,False,0.2777202454626581
CRC_vs_Adenoma,Male,Phocaeicola vulgatus,rCLR_Phocaeicola vulgatus,CRC,Adenoma,5,261,132,0.2713168294963504,0.11073031255902321,0.054285416880664905,0.48834824211203587,2.450248926658893,0.01427574838890049,0.0,1.157915885277655,4,0.8849776901509436,0.0,Higher in CRC,,0.3818762694030881,False,0.2713168294963504
CRC_vs_Adenoma,Male,Agathobaculum butyriciproducens,rCLR_Agathobaculum butyriciproducens,CRC,Adenoma,5,261,132,-0.24515881032125575,0.11066087519754136,-0.46205412570843685,-0.02826349493407468,-2.21540639258113,0.026732182956876297,0.0,1.1623901983759553,4,0.8842511536979916,0.0,Higher in Adenoma,,0.5720687152771528,False,0.24515881032125575
CRC_vs_Adenoma,Male,Lachnospira pectinoschiza,rCLR_Lachnospira pectinoschiza,CRC,Adenoma,5,261,132,-0.2141530216957011,0.1105513027888973,-0.4308335751619398,0.0025275317705376055,-1.9371370241075854,0.05272859587778524,0.0,1.6195116457951417,4,0.8052810829069215,0.0,Higher in Adenoma,,0.754632194954095,False,0.2141530216957011
CRC_vs_Adenoma,Male,Firmicutes bacterium CAG:83,rCLR_Firmicutes bacterium CAG:83,CRC,Adenoma,5,261,132,0.2137386769836561,0.11052363696907506,-0.002887651475731029,0.43036500544304324,1.9338729962664998,0.05312874500272399,0.0,1.3346531056984565,4,0.8554692965840399,0.0,Higher in CRC,,0.754632194954095,False,0.2137386769836561
CRC_vs_Adenoma,Male,Veillonella atypica,rCLR_Veillonella atypica,CRC,Adenoma,5,261,132,0.2112164371323955,0.11071385156903463,-0.005782711942912383,0.4282155862077034,1.9077688486042181,0.05642109868815663,0.0,2.527379833061973,4,0.6397398125159186,0.0,Higher in CRC,,0.754632194954095,False,0.2112164371323955
CRC_vs_Adenoma,Male,Bifidobacterium adolescentis,rCLR_Bifidobacterium adolescentis,CRC,Adenoma,5,261,132,0.19428729053031396,0.11050942083273164,-0.02231117430184007,0.41088575536246796,1.758106133090585,0.07872945243172699,0.0,1.098622752147811,4,0.8944906602801438,0.0,Higher in CRC,,0.7991370125818771,False,0.19428729053031396
CRC_vs_Adenoma,Male,Alistipes finegoldii,rCLR_Alistipes finegoldii,CRC,Adenoma,5,261,132,0.1919451068981566,0.11068655851787833,-0.025000547796884903,0.40889076159319815,1.7341320343531434,0.08289465876599017,0.0,3.505001050155093,4,0.47711833137436943,0.0,Higher in CRC,,0.7991370125818771,False,0.1919451068981566
CRC_vs_Adenoma,Male,Gordonibacter pamelaeae,rCLR_Gordonibacter pamelaeae,CRC,Adenoma,5,261,132,-0.1819566318410738,0.11056443520345519,-0.398662924839846,0.03474966115769837,-1.6457067004072896,0.09982415886434808,0.0,2.1500243103991066,4,0.708188382568456,0.0,Higher in Adenoma,,0.7991370125818771,False,0.1819566318410738
CRC_vs_Adenoma,Male,Barnesiella intestinihominis,rCLR_Barnesiella intestinihominis,CRC,Adenoma,5,261,132,0.18178332786291437,0.11069455916914622,-0.03517800810861221,0.39874466383444096,1.6422065296374806,0.10054720995039443,0.0,3.1671719041300377,4,0.5302495075489324,0.0,Higher in CRC,,0.7991370125818771,False,0.18178332786291437
CRC_vs_Adenoma,Male,Bacteroides xylanisolvens,rCLR_Bacteroides xylanisolvens,CRC,Adenoma,5,261,132,-0.19024795371950134,0.11897904682751863,-0.42344688550143783,0.04295097806243517,-1.5990038480918385,0.1098197475684628,0.007048040526282693,4.293451407963824,4,0.36774583293459023,6.834860350800932,Higher in Adenoma,,0.7991370125818771,False,0.19024795371950134
CRC_vs_Adenoma,Male,Firmicutes bacterium CAG:110,rCLR_Firmicutes bacterium CAG:110,CRC,Adenoma,5,261,132,-0.17517700877040926,0.11054509844342192,-0.3918454017195162,0.04149138417869769,-1.5846655458909071,0.11304234396153778,0.0,2.037059187244682,4,0.7289426122804181,0.0,Higher in Adenoma,,0.7991370125818771,False,0.17517700877040926
CRC_vs_Adenoma,Male,Ruminococcus bicirculans,rCLR_Ruminococcus bicirculans,CRC,Adenoma,5,261,132,-0.2001414147646674,0.12698715834975668,-0.44903624513019047,0.04875341560085569,-1.576076017178243,0.11500828536709186,0.014521493280306197,5.675280429539368,4,0.22474641327871708,29.5189013184207,Higher in Adenoma,,0.7991370125818771,False,0.2001414147646674
CRC_vs_Adenoma,Male,Eubacterium sp. CAG:180,rCLR_Eubacterium sp. CAG:180,CRC,Adenoma,5,261,132,0.17256820977569337,0.11084177570163944,-0.04468167059951994,0.3898180901509067,1.5568878131311004,0.11949712337672928,0.0,5.674263078182567,4,0.22483096030706715,29.506264604122368,Higher in CRC,,0.7991370125818771,False,0.17256820977569337
CRC_vs_Adenoma,Male,Eubacterium ventriosum,rCLR_Eubacterium ventriosum,CRC,Adenoma,5,261,132,-0.16530966590002943,0.11054100413440536,-0.38197003400346397,0.05135070220340507,-1.4954601434507648,0.13479439428609863,0.0,1.7884829095171417,4,0.7745887899261813,0.0,Higher in Adenoma,,0.8484117758007385,False,0.16530966590002943
CRC_vs_Adenoma,Male,Holdemanella biformis,rCLR_Holdemanella biformis,CRC,Adenoma,5,261,132,0.16037679174007172,0.11055675514902345,-0.05631444835201424,0.37706803183215765,1.4506286072153078,0.1468833049749453,0.0,2.9743136896395743,4,0.5621331046499829,0.0,Higher in CRC,,0.8731396462399528,False,0.16037679174007172
CRC_vs_Adenoma,Male,[Eubacterium] rectale,rCLR_[Eubacterium] rectale,CRC,Adenoma,5,261,132,-0.23659220141380355,0.16704691467916727,-0.5640041541849714,0.09081975135736431,-1.416321886987293,0.15668128250424498,0.06658390554164684,7.6889354994889,4,0.10366089150164257,47.977193978725815,Higher in Adenoma,,0.8823630119975903,False,0.23659220141380355
CRC_vs_Adenoma,Male,[Ruminococcus] lactaris,rCLR_[Ruminococcus] lactaris,CRC,Adenoma,5,261,132,-0.15068715097588087,0.11069154033718605,-0.3676425700367655,0.06626826808500377,-1.3613249080901857,0.17341103491324517,0.0,4.0198684032541845,4,0.4033236316819807,0.4942550666111486,Higher in Adenoma,,0.9095244969524648,False,0.15068715097588087
CRC_vs_Adenoma,Male,Klebsiella pneumoniae,rCLR_Klebsiella pneumoniae,CRC,Adenoma,5,261,132,-0.14543350685637266,0.11064210251235647,-0.36229202778059133,0.07142501406784602,-1.3144499566982712,0.18869482829730255,0.0,3.6375363291462133,4,0.4572759705167242,0.0,Higher in Adenoma,,0.9095244969524648,False,0.14543350685637266
CRC_vs_Adenoma,Male,Odoribacter splanchnicus,rCLR_Odoribacter splanchnicus,CRC,Adenoma,5,261,132,0.2580684815231445,0.2035143822851476,-0.14081970775574476,0.6569566708020338,1.2680601666842404,0.20477646508573089,0.13038000441604583,10.449643253037086,4,0.033497755615328396,61.72118125815024,Higher in CRC,,0.9095244969524648,False,0.2580684815231445
CRC_vs_Adenoma,Male,Eubacterium sp. CAG:274,rCLR_Eubacterium sp. CAG:274,CRC,Adenoma,5,261,132,-0.13926175954715792,0.11050161317699907,-0.3558449213740761,0.07732140227976025,-1.2602690181915397,0.20757233244117823,0.0,2.148626043480455,4,0.7084448972210391,0.0,Higher in Adenoma,,0.9095244969524648,False,0.13926175954715792
CRC_vs_Adenoma,Male,Blautia sp. CAG:257,rCLR_Blautia sp. CAG:257,CRC,Adenoma,5,261,132,-0.20634711891830396,0.16519073650707958,-0.5301209624721799,0.117426724635572,-1.2491446147736047,0.21161218506538337,0.0636300167144869,7.616610110809146,4,0.10667585737039158,47.483198669663004,Higher in Adenoma,,0.9095244969524648,False,0.20634711891830396
CRC_vs_Adenoma,Male,Anaerotignum lactatifermentans,rCLR_Anaerotignum lactatifermentans,CRC,Adenoma,5,261,132,0.15651125672759986,0.1267491611766612,-0.09191709917865612,0.4049396126338558,1.234810986318534,0.21690085762041555,0.014465187474715922,4.851205939371985,4,0.3029082078002556,17.546275091388473,Higher in CRC,,0.9095244969524648,False,0.15651125672759986
CRC_vs_Adenoma,Male,Lachnospira eligens,rCLR_Lachnospira eligens,CRC,Adenoma,5,261,132,-0.13522226195408668,0.11048855882916368,-0.3517798372592475,0.08133531335107413,-1.2238575956372642,0.22100595253050548,0.0,2.257832167539513,4,0.6884565201069279,0.0,Higher in Adenoma,,0.9095244969524648,False,0.13522226195408668
CRC_vs_Adenoma,Male,Parabacteroides distasonis,rCLR_Parabacteroides distasonis,CRC,Adenoma,5,261,132,0.2354032660590987,0.21404981406836968,-0.18413436951490583,0.6549409016331033,1.0997592643734253,0.2714370253415149,0.1521540294233791,13.65736748259516,4,0.008472841486735464,70.71177878827989,Higher in CRC,,0.9292536750148315,False,0.2354032660590987
CRC_vs_Adenoma,Male,Desulfovibrio piger,rCLR_Desulfovibrio piger,CRC,Adenoma,5,261,132,0.1203489063262554,0.11051688124625088,-0.09626418091639631,0.3369619935689071,1.0889640113721366,0.2761697563226019,0.0,2.647149982142078,4,0.618493839861805,0.0,Higher in CRC,,0.9292536750148315,False,0.1203489063262554
CRC_vs_Adenoma,Male,Oscillibacter sp. 57_20,rCLR_Oscillibacter sp. 57_20,CRC,Adenoma,5,261,132,0.1158011264774599,0.11037395354623378,-0.1005318224731583,0.3321340754280781,1.0491707758656372,0.29409952636784586,0.0,1.0318889400018867,4,0.9049226462080097,0.0,Higher in CRC,,0.9292536750148315,False,0.1158011264774599
CRC_vs_Adenoma,Male,Blautia wexlerae,rCLR_Blautia wexlerae,CRC,Adenoma,5,261,132,-0.13396025544053747,0.13041662640066004,-0.38957684318583113,0.1216563323047562,-1.0271716048611077,0.3043396662173413,0.01827715517293995,5.597183383625813,4,0.2313181366097069,28.535484263357652,Higher in Adenoma,,0.9292536750148315,False,0.13396025544053747
CRC_vs_Adenoma,Male,Ruminococcus bromii,rCLR_Ruminococcus bromii,CRC,Adenoma,5,261,132,0.11075304272641084,0.11045570289454945,-0.10574013494690607,0.3272462203997277,1.0026919373474565,0.31600952124746073,0.0,2.0788490002973337,4,0.7212591031680107,0.0,Higher in CRC,,0.9292536750148315,False,0.11075304272641084
CRC_vs_Adenoma,Male,Bacteroides intestinalis,rCLR_Bacteroides intestinalis,CRC,Adenoma,5,261,132,-0.10996971390141905,0.11052875625276572,-0.32660607615683984,0.10666664835400175,-0.9949421094536863,0.319764420873762,0.0,3.54329733240895,4,0.47132550195503853,0.0,Higher in Adenoma,,0.9292536750148315,False,0.10996971390141905
CRC_vs_Adenoma,Male,Coprococcus catus,rCLR_Coprococcus catus,CRC,Adenoma,5,261,132,-0.10084958636802034,0.11047810907621781,-0.31738668015740723,0.11568750742136656,-0.9128467821479923,0.3613231299523091,0.0,3.0643757464579853,4,0.5471106716999927,0.0,Higher in Adenoma,,0.9292536750148315,False,0.10084958636802034
CRC_vs_Adenoma,Male,Flavonifractor plautii,rCLR_Flavonifractor plautii,CRC,Adenoma,5,261,132,0.13048810442261108,0.14643463129376594,-0.15652377291317013,0.4174999817583923,0.8911013963687036,0.37287477588612383,0.03762388901630199,6.253076898670142,4,0.18102872807485176,36.03149193878152,Higher in CRC,,0.9292536750148315,False,0.13048810442261108
CRC_vs_Adenoma,Male,Enterocloster bolteae,rCLR_Enterocloster bolteae,CRC,Adenoma,5,261,132,-0.10117933402966806,0.11523319670688859,-0.32703639957516967,0.12467773151583356,-0.8780398090233629,0.37992211548955,0.003802915291991065,3.7819666108391647,4,0.43631683355414996,0.0,Higher in Adenoma,,0.9292536750148315,False,0.10117933402966806
CRC_vs_Adenoma,Male,Clostridium sp. CAG:58,rCLR_Clostridium sp. CAG:58,CRC,Adenoma,5,261,132,0.11712788737558193,0.1334872877564063,-0.14450719662697442,0.3787629713781383,0.87744600511565,0.38024443440681743,0.021906274576569167,5.17721314713434,4,0.26959280513606426,22.738355823459656,Higher in CRC,,0.9292536750148315,False,0.11712788737558193
CRC_vs_Adenoma,Male,Phascolarctobacterium succinatutens,rCLR_Phascolarctobacterium succinatutens,CRC,Adenoma,5,261,132,-0.09452969700914778,0.1105660085465006,-0.311239073760289,0.12217967974199341,-0.8549616491707897,0.39257237930777145,0.0001206706641458497,2.6542746726884037,4,0.6172393313073592,0.0,Higher in Adenoma,,0.9292536750148315,False,0.09452969700914778
CRC_vs_Adenoma,Male,Roseburia inulinivorans,rCLR_Roseburia inulinivorans,CRC,Adenoma,5,261,132,-0.09414556590844461,0.11070408742683699,-0.3111255772650451,0.12283444544815589,-0.8504253826279385,0.39508862912083365,0.0,5.220012294206877,4,0.2654585232030667,23.371827985172295,Higher in Adenoma,,0.9292536750148315,False,0.09414556590844461
CRC_vs_Adenoma,Male,Phascolarctobacterium faecium,rCLR_Phascolarctobacterium faecium,CRC,Adenoma,5,261,132,0.09366729726703521,0.11030367738284233,-0.12252791040333574,0.3098625049374062,0.8491765595623297,0.3957830544390959,0.0,0.6415882474690048,4,0.9583320446425394,0.0,Higher in CRC,,0.9292536750148315,False,0.09366729726703521
CRC_vs_Adenoma,Male,Acidaminococcus intestini,rCLR_Acidaminococcus intestini,CRC,Adenoma,5,261,132,0.0932383009005861,0.11039866276125102,-0.12314307811146588,0.30961967991263806,0.8445600568751812,0.3983565184481188,0.0,1.6752456042735215,4,0.7952092263373534,0.0,Higher in CRC,,0.9292536750148315,False,0.0932383009005861
CRC_vs_Adenoma,Male,Eggerthella lenta,rCLR_Eggerthella lenta,CRC,Adenoma,5,261,132,-0.10049629379833765,0.12294138928039976,-0.3414614167879212,0.14046882919124587,-0.8174325537279374,0.4136812784104855,0.010704405338353663,5.153342055338677,4,0.27192240193194434,22.38046772276364,Higher in Adenoma,,0.9292536750148315,False,0.10049629379833765
CRC_vs_Adenoma,Male,Eubacterium sp. CAG:251,rCLR_Eubacterium sp. CAG:251,CRC,Adenoma,5,261,132,-0.08534010459639291,0.11042652887973714,-0.30177610120067766,0.13109589200789187,-0.7728224862463507,0.4396274437106774,0.0,2.3353517916772444,4,0.6743403548700893,0.0,Higher in Adenoma,,0.9292536750148315,False,0.08534010459639291
CRC_vs_Adenoma,Male,Oscillibacter sp. CAG:241,rCLR_Oscillibacter sp. CAG:241,CRC,Adenoma,5,261,132,-0.08215436828372173,0.11036203000331911,-0.29846394709022717,0.13415521052278373,-0.7444079116816804,0.45662973401581897,0.0,2.117426575423192,4,0.7141715226577287,0.0,Higher in Adenoma,,0.9292536750148315,False,0.08215436828372173
CRC_vs_Adenoma,Male,Gemmiger formicilis,rCLR_Gemmiger formicilis,CRC,Adenoma,5,261,132,-0.12077493806089769,0.16260099948239823,-0.4394728970463982,0.19792302092460284,-0.7427687310985548,0.45762170965823545,0.060140686552923116,7.305180564624756,4,0.12061324584436853,45.24433770508084,Higher in Adenoma,,0.9292536750148315,False,0.12077493806089769
CRC_vs_Adenoma,Male,Anaerobutyricum hallii,rCLR_Anaerobutyricum hallii,CRC,Adenoma,5,261,132,0.07725696703650345,0.1103364151426752,-0.13900240664313993,0.29351634071614685,0.7001946450462709,0.48380575536510895,0.0,1.6829088916177541,4,0.7938198546748426,0.0,Higher in CRC,,0.9292536750148315,False,0.07725696703650345
CRC_vs_Adenoma,Male,Dorea longicatena,rCLR_Dorea longicatena,CRC,Adenoma,5,261,132,0.07601073798438787,0.11048738423490587,-0.14054453511602763,0.2925660110848034,0.6879585258601324,0.4914788992709238,0.0,3.2351849023133794,4,0.5192667972883247,0.0,Higher in CRC,,0.9292536750148315,False,0.07601073798438787
CRC_vs_Adenoma,Male,Veillonella parvula,rCLR_Veillonella parvula,CRC,Adenoma,5,261,132,0.09220391859241667,0.1392093561814134,-0.18064641952315358,0.3650542567079869,0.6623399541641392,0.5077533764502016,0.028285778364874493,6.411639196665983,4,0.1704436707842979,37.61345769300341,Higher in CRC,,0.9292536750148315,False,0.09220391859241667
CRC_vs_Adenoma,Male,Faecalibacterium prausnitzii,rCLR_Faecalibacterium prausnitzii,CRC,Adenoma,5,261,132,-0.09901788547521273,0.15180203855070462,-0.39654988103459377,0.1985141100841683,-0.6522829760427689,0.5142186401925634,0.04458874314516245,6.692675885747795,4,0.1530479046141306,40.23317327351694,Higher in Adenoma,,0.9292536750148315,False,0.09901788547521273
CRC_vs_Adenoma,Male,Proteobacteria bacterium CAG:139,rCLR_Proteobacteria bacterium CAG:139,CRC,Adenoma,4,241,117,-0.07558550071314156,0.11659188101458465,-0.30410558750172745,0.15293458607544436,-0.6482912879987455,0.5167965677331161,0.0,1.2925126490257521,3,0.7309117853770606,0.0,Higher in Adenoma,,0.9292536750148315,False,0.07558550071314156
CRC_vs_Adenoma,Male,[Ruminococcus] gnavus,rCLR_[Ruminococcus] gnavus,CRC,Adenoma,5,261,132,-0.06845282629191109,0.11047672562262892,-0.2849872085122638,0.14808155592844158,-0.6196130986515219,0.5355125409220727,0.0,2.9841809379316104,4,0.5604761632987133,0.0,Higher in Adenoma,,0.9292536750148315,False,0.06845282629191109
CRC_vs_Adenoma,Male,Prevotella copri,rCLR_Prevotella copri,CRC,Adenoma,5,261,132,-0.06797167746079001,0.11030349436672764,-0.2841665264195762,0.14822317149799613,-0.6162241536501426,0.5377465891781967,0.0,0.9111561376179439,4,0.9229548622892256,0.0,Higher in Adenoma,,0.9292536750148315,False,0.06797167746079001
CRC_vs_Adenoma,Male,Paraprevotella xylaniphila,rCLR_Paraprevotella xylaniphila,CRC,Adenoma,5,261,132,-0.11017677904004392,0.18581440400480456,-0.4743730108894609,0.25401945280937305,-0.592939926428928,0.5532213564748414,0.09834367758787523,9.354595140776437,4,0.052822278776719876,57.24026598902069,Higher in Adenoma,,0.9292536750148315,False,0.11017677904004392
CRC_vs_Adenoma,Male,Parasutterella excrementihominis,rCLR_Parasutterella excrementihominis,CRC,Adenoma,5,261,132,-0.08987167307374337,0.1525489165457132,-0.38886754950334124,0.20912420335585447,-0.5891334734377625,0.5557717402458133,0.04564266301162132,6.546689368837439,4,0.16187224510369244,38.900415543767885,Higher in Adenoma,,0.9292536750148315,False,0.08987167307374337
CRC_vs_Adenoma,Male,Dorea formicigenerans,rCLR_Dorea formicigenerans,CRC,Adenoma,5,261,132,0.06436645747638377,0.11042680694994524,-0.15207008414550888,0.28080299909827644,0.5828879712655287,0.5599687186932109,0.0,2.437900425936644,4,0.6557891194531267,0.0,Higher in CRC,,0.9292536750148315,False,0.06436645747638377
CRC_vs_Adenoma,Male,Collinsella aerofaciens,rCLR_Collinsella aerofaciens,CRC,Adenoma,5,261,132,0.10685155268460336,0.19183620098563925,-0.26914740124724956,0.48285050661645623,0.5569936859446158,0.5775317431839184,0.10895477688676458,10.239595090133975,4,0.03657945518366157,60.935955330361956,Higher in CRC,,0.9292536750148315,False,0.10685155268460336
CRC_vs_Adenoma,Male,Bacteroides cellulosilyticus,rCLR_Bacteroides cellulosilyticus,CRC,Adenoma,5,261,132,0.061035281803368126,0.11051893679950446,-0.15558183432366063,0.27765239793039687,0.5522608484199768,0.5807696504659696,0.0,3.528133463251824,4,0.47361350372941524,0.0,Higher in CRC,,0.9292536750148315,False,0.061035281803368126
CRC_vs_Adenoma,Male,Blautia obeum,rCLR_Blautia obeum,CRC,Adenoma,5,261,132,0.059483587787991635,0.11030953547685568,-0.1567231017466455,0.27569027732262874,0.539242482808497,0.5897195503726096,0.0,1.399691261387551,4,0.8442486749401442,0.0,Higher in CRC,,0.9292536750148315,False,0.059483587787991635
CRC_vs_Adenoma,Male,Bifidobacterium longum,rCLR_Bifidobacterium longum,CRC,Adenoma,5,261,132,0.08544348404581749,0.1615723807342613,-0.2312383821933347,0.40212535028496965,0.5288248131117577,0.596926983124494,0.058502323331501856,7.502920846716879,4,0.11158056476880154,46.68742904637844,Higher in CRC,,0.9292536750148315,False,0.08544348404581749
CRC_vs_Adenoma,Male,Roseburia faecis,rCLR_Roseburia faecis,CRC,Adenoma,5,261,132,-0.08584612263449082,0.16329151618104015,-0.40589749434932954,0.2342052490803479,-0.5257231033320422,0.5990806091514593,0.06108875193474186,7.808476994783985,4,0.09885129125251413,48.77362124941937,Higher in Adenoma,,0.9292536750148315,False,0.08584612263449082
CRC_vs_Adenoma,Male,Escherichia coli,rCLR_Escherichia coli,CRC,Adenoma,5,261,132,0.11300733428259921,0.21651557202206495,-0.3113631868806481,0.5373778554458465,0.5219362895112353,0.6017146903327479,0.15782748368310284,14.09823701424173,4,0.006988034680154238,71.62765815357417,Higher in CRC,,0.9292536750148315,False,0.11300733428259921
CRC_vs_Adenoma,Male,Eubacterium sp. CAG:38,rCLR_Eubacterium sp. CAG:38,CRC,Adenoma,5,261,132,-0.08567897712271923,0.16731105858424983,-0.41360865194784885,0.24225069770241042,-0.5120939276083499,0.6085852742080888,0.06731207279089464,7.880598592968109,4,0.09605124952074048,49.242434406325216,Higher in Adenoma,,0.9292536750148315,False,0.08567897712271923
CRC_vs_Adenoma,Male,Fusicatenibacter saccharivorans,rCLR_Fusicatenibacter saccharivorans,CRC,Adenoma,5,261,132,-0.056015773066907394,0.11051229842433843,-0.2726198779786107,0.16058833184479593,-0.5068736590005705,0.6122434689902048,0.0,3.4258611666215417,4,0.48924047735753584,0.0,Higher in Adenoma,,0.9292536750148315,False,0.056015773066907394
CRC_vs_Adenoma,Male,Eubacterium ramulus,rCLR_Eubacterium ramulus,CRC,Adenoma,5,261,132,0.055477552720554525,0.1102523164993025,-0.16061698761807838,0.27157209305918745,0.5031871844697748,0.6148326741790877,0.0,0.442418516884301,4,0.9788589766801773,0.0,Higher in CRC,,0.9292536750148315,False,0.055477552720554525
CRC_vs_Adenoma,Male,Alistipes putredinis,rCLR_Alistipes putredinis,CRC,Adenoma,5,261,132,0.060799673041510266,0.12226999798525329,-0.17884952300958618,0.3004488690926067,0.49725749606083397,0.6190074807245208,0.010144304435305264,4.884337301470145,4,0.2993724117826494,18.10557393740942,Higher in CRC,,0.9292536750148315,False,0.060799673041510266
CRC_vs_Adenoma,Male,Bacteroides caccae,rCLR_Bacteroides caccae,CRC,Adenoma,5,261,132,0.051488972217207024,0.11034170648773281,-0.16478077249874928,0.26775871693316333,0.46663200938378896,0.640763181606111,0.0,1.517592811042391,4,0.8235206194256119,0.0,Higher in CRC,,0.9292536750148315,False,0.051488972217207024
CRC_vs_Adenoma,Male,Dialister invisus,rCLR_Dialister invisus,CRC,Adenoma,5,261,132,0.05191377107894986,0.11353466648085979,-0.17061417522353534,0.274441717381435,0.45725039486245134,0.6474910798450413,0.0024853048842024706,3.462810510658202,4,0.4835555723620609,0.0,Higher in CRC,,0.9292536750148315,False,0.05191377107894986
CRC_vs_Adenoma,Male,Parvimonas micra,rCLR_Parvimonas micra,CRC,Adenoma,4,241,117,-0.09906315754396815,0.2176271957005799,-0.5256124611171047,0.3274861460291684,-0.45519659078024033,0.6489678129610033,0.12303169941908457,9.563712044675588,3,0.022663142050485075,68.63142693981264,Higher in Adenoma,,0.9292536750148315,False,0.09906315754396815
CRC_vs_Adenoma,Male,Slackia isoflavoniconvertens,rCLR_Slackia isoflavoniconvertens,CRC,Adenoma,5,261,132,0.05015608238617911,0.11057371215119685,-0.16656839343016672,0.26688055820252493,0.45359861227772136,0.6501177525012574,0.0,4.406814900866934,4,0.3537402547214326,9.23149508246654,Higher in CRC,,0.9292536750148315,False,0.05015608238617911
CRC_vs_Adenoma,Male,Anaerostipes hadrus,rCLR_Anaerostipes hadrus,CRC,Adenoma,5,261,132,-0.04997724207060163,0.11052082662560522,-0.26659806225678784,0.1666435781155846,-0.4521975051806481,0.6511267053042731,0.0,3.5901560658634186,4,0.46430296038670316,0.0,Higher in Adenoma,,0.9292536750148315,False,0.04997724207060163
CRC_vs_Adenoma,Male,Klebsiella variicola,rCLR_Klebsiella variicola,CRC,Adenoma,5,261,132,-0.06569220441815998,0.14688085256397945,-0.3535786754435597,0.22219426660723973,-0.447248251024042,0.6546958264556458,0.03799814770822147,6.539729011529023,4,0.16230428376427966,38.835386100122534,Higher in Adenoma,,0.9292536750148315,False,0.06569220441815998
CRC_vs_Adenoma,Male,Phocaeicola dorei,rCLR_Phocaeicola dorei,CRC,Adenoma,5,261,132,-0.0552542231513791,0.1240701386391896,-0.29843169488419075,0.18792324858143253,-0.44534667049953747,0.6560692453992583,0.011978443988869223,4.634423318435157,4,0.3269045355727984,13.689369201805555,Higher in Adenoma,,0.9292536750148315,False,0.0552542231513791
CRC_vs_Adenoma,Male,Bacteroides uniformis,rCLR_Bacteroides uniformis,CRC,Adenoma,5,261,132,0.04989962591791804,0.1156965743384934,-0.176865659785529,0.2766649116213651,0.43129735001424274,0.666252176951549,0.004113047649913502,5.447612164722547,4,0.24437293541498084,26.573333801127447,Higher in CRC,,0.9292536750148315,False,0.04989962591791804
CRC_vs_Adenoma,Male,Intestinibacter bartlettii,rCLR_Intestinibacter bartlettii,CRC,Adenoma,5,261,132,-0.04753227545541561,0.1105066344047601,-0.2641252788887454,0.1690607279779142,-0.4301305139863,0.6671007044314707,0.0,3.4530529771667986,4,0.4850525526121533,0.0,Higher in Adenoma,,0.9292536750148315,False,0.04753227545541561
CRC_vs_Adenoma,Male,Coprococcus eutactus,rCLR_Coprococcus eutactus,CRC,Adenoma,5,261,132,0.04677770044607217,0.11039842583615529,-0.16960321419279217,0.26315861508493654,0.4237170964330232,0.6717721453252614,0.0,2.335211219442594,4,0.6743658865188689,0.0,Higher in CRC,,0.9292536750148315,False,0.04677770044607217
CRC_vs_Adenoma,Male,Phocaeicola massiliensis,rCLR_Phocaeicola massiliensis,CRC,Adenoma,5,261,132,0.04502882308303191,0.11033493528527809,-0.17122765007611312,0.26128529624217695,0.40811029586057207,0.6831927015153547,0.0,1.5655727247939253,4,0.8149660281368538,0.0,Higher in CRC,,0.9292536750148315,False,0.04502882308303191
CRC_vs_Adenoma,Male,Alistipes inops,rCLR_Alistipes inops,CRC,Adenoma,5,261,132,-0.09132232298215787,0.2272437550560111,-0.5367200828919396,0.3540754369276239,-0.4018694505362698,0.6877801066489297,0.18069175734381157,13.378640583649647,4,0.009566499673266705,70.10159608526672,Higher in Adenoma,,0.9292536750148315,False,0.09132232298215787
CRC_vs_Adenoma,Male,[Eubacterium] siraeum,rCLR_[Eubacterium] siraeum,CRC,Adenoma,5,261,132,-0.05929217944759656,0.1566140982947812,-0.36625581210536773,0.24767145321017459,-0.3785877522724423,0.7049940185920777,0.051473546197930625,6.840285306435677,4,0.14457300368929013,41.52290700160411,Higher in Adenoma,,0.9292536750148315,False,0.05929217944759656
CRC_vs_Adenoma,Male,Bifidobacterium bifidum,rCLR_Bifidobacterium bifidum,CRC,Adenoma,5,261,132,-0.04078476620456516,0.1103076984217684,-0.2569878551112312,0.1754183227021009,-0.36973635374588315,0.7115789419160579,0.0,1.2045946449366005,4,0.8773415616284652,0.0,Higher in Adenoma,,0.9292536750148315,False,0.04078476620456516
CRC_vs_Adenoma,Male,Klebsiella quasipneumoniae,rCLR_Klebsiella quasipneumoniae,CRC,Adenoma,5,261,132,-0.04499577409689214,0.13197552310791655,-0.3036677993884086,0.2136762511946243,-0.3409402973921084,0.733148527389986,0.020214371968586088,5.08589063269754,4,0.2785975741770298,21.35104175690044,Higher in Adenoma,,0.9292536750148315,False,0.04499577409689214
CRC_vs_Adenoma,Male,Bacteroides finegoldii,rCLR_Bacteroides finegoldii,CRC,Adenoma,5,261,132,0.03683992177375732,0.11036984740150796,-0.17948497913319827,0.25316482268071294,0.33378610771961603,0.7385409672437191,0.0,2.128401948932713,4,0.7121563775911707,0.0,Higher in CRC,,0.9292536750148315,False,0.03683992177375732
CRC_vs_Adenoma,Male,Streptococcus salivarius,rCLR_Streptococcus salivarius,CRC,Adenoma,5,261,132,0.03500427124862954,0.11032140761280448,-0.18122568767246724,0.25123423016972635,0.3172935516874855,0.7510208697902576,0.0,1.4085324582468284,4,0.8427106863735715,0.0,Higher in CRC,,0.9292536750148315,False,0.03500427124862954
CRC_vs_Adenoma,Male,Megamonas funiformis,rCLR_Megamonas funiformis,CRC,Adenoma,5,261,132,0.03497165163572726,0.11033002758900634,-0.18127520243872516,0.2512185057101797,0.31697310695870756,0.7512640083966983,0.0,1.8174880800238293,4,0.7692812936171176,0.0,Higher in CRC,,0.9292536750148315,False,0.03497165163572726
CRC_vs_Adenoma,Male,Bacteroides salyersiae,rCLR_Bacteroides salyersiae,CRC,Adenoma,4,241,117,-0.03439478910806082,0.11663906574628695,-0.26300735797078323,0.1942177797546616,-0.29488224110844896,0.7680838385942345,0.0,2.3294471211334526,3,0.5069031048113091,0.0,Higher in Adenoma,,0.9292536750148315,False,0.03439478910806082
CRC_vs_Adenoma,Male,Bifidobacterium pseudocatenulatum,rCLR_Bifidobacterium pseudocatenulatum,CRC,Adenoma,5,261,132,-0.04184390249931913,0.14473813938437569,-0.32553065569269546,0.2418428506940572,-0.2891007351434568,0.7725042910442727,0.035575584957835554,5.630051588940924,4,0.2285321522621467,28.952693651028433,Higher in Adenoma,,0.9292536750148315,False,0.04184390249931913
CRC_vs_Adenoma,Male,Phocaeicola coprocola,rCLR_Phocaeicola coprocola,CRC,Adenoma,5,261,132,-0.0296686922882082,0.11035525860164615,-0.24596499914743464,0.18662761457101823,-0.26884710945496926,0.788047339356961,0.0,1.8523460393236946,4,0.7628927076585337,0.0,Higher in Adenoma,,0.9292536750148315,False,0.0296686922882082
CRC_vs_Adenoma,Male,Methanobrevibacter smithii,rCLR_Methanobrevibacter smithii,CRC,Adenoma,4,238,116,0.03135982500435751,0.11718645520976945,-0.1983256272067906,0.26104527721550563,0.26760622589207855,0.7890024381379872,0.0,0.8317243396908444,3,0.8418649017349701,0.0,Higher in CRC,,0.9292536750148315,False,0.03135982500435751
CRC_vs_Adenoma,Male,Coprobacter fastidiosus,rCLR_Coprobacter fastidiosus,CRC,Adenoma,4,241,117,-0.07736976249232963,0.2967818280736085,-0.6590621455166022,0.504322620531943,-0.26069575416571733,0.7943271405571206,0.282118687205388,14.657900841222508,3,0.0021336109175699065,79.53322216805368,Higher in Adenoma,,0.9292536750148315,False,0.07736976249232963
CRC_vs_Adenoma,Male,Roseburia intestinalis,rCLR_Roseburia intestinalis,CRC,Adenoma,5,261,132,-0.04108487102189261,0.16203268368577714,-0.3586689310460158,0.2764991890022306,-0.25355915909883153,0.7998361519265335,0.05972304760424932,7.374873605257903,4,0.11735510051219492,45.761782315181556,Higher in Adenoma,,0.9292536750148315,False,0.04108487102189261
CRC_vs_Adenoma,Male,Streptococcus parasanguinis,rCLR_Streptococcus parasanguinis,CRC,Adenoma,5,261,132,-0.0279813178929991,0.11036052104894863,-0.2442879391489384,0.1883253033629402,-0.2535446337788532,0.799847374841836,0.0,1.8969400228977358,4,0.7547070967322205,0.0,Higher in Adenoma,,0.9292536750148315,False,0.0279813178929991
CRC_vs_Adenoma,Male,Bacteroides ovatus,rCLR_Bacteroides ovatus,CRC,Adenoma,5,261,132,0.027560975687164938,0.11034168014508496,-0.18870871739720158,0.24383066877153142,0.24977846676727997,0.8027586730527742,0.0,1.7344716726515326,4,0.7844466914255142,0.0,Higher in CRC,,0.9292536750148315,False,0.027560975687164938
CRC_vs_Adenoma,Male,Bacteroides stercoris,rCLR_Bacteroides stercoris,CRC,Adenoma,5,261,132,-0.02687464896138737,0.1104209267498554,-0.24329966539110395,0.18955036746832923,-0.24338365699708786,0.8077082030645624,0.0,2.7063407828272554,4,0.6081055137323337,0.0,Higher in Adenoma,,0.9292536750148315,False,0.02687464896138737
CRC_vs_Adenoma,Male,Bacteroides fragilis,rCLR_Bacteroides fragilis,CRC,Adenoma,5,261,132,0.03818040773567817,0.16313123394742254,-0.28155681080127004,0.35791762627262635,0.2340471950821127,0.8149483396055307,0.06132694456125763,7.588418369256667,4,0.10787302748964446,47.28809344243068,Higher in CRC,,0.9292536750148315,False,0.03818040773567817
CRC_vs_Adenoma,Male,Firmicutes bacterium CAG:145,rCLR_Firmicutes bacterium CAG:145,CRC,Adenoma,5,261,132,-0.036243217601419776,0.15791108317590385,-0.3457489406261913,0.27326250542335173,-0.2295166170258418,0.8184674067885092,0.05302574094122522,7.481803457992107,4,0.11251436538289424,46.536954325802604,Higher in Adenoma,,0.9292536750148315,False,0.036243217601419776
CRC_vs_Adenoma,Male,Adlercreutzia equolifaciens_1,rCLR_Adlercreutzia equolifaciens_1,CRC,Adenoma,5,261,132,0.04313510706615678,0.1957659011654658,-0.3405660592181562,0.4268362733504697,0.22034024725122076,0.8256061775090446,0.11640641437396532,10.80765865697065,4,0.028812868046075447,62.98920860698994,Higher in CRC,,0.9292536750148315,False,0.04313510706615678
CRC_vs_Adenoma,Male,Bacteroides sp. CAG:144,rCLR_Bacteroides sp. CAG:144,CRC,Adenoma,4,241,117,-0.02336194212724748,0.11648193235298979,-0.25166652953910745,0.20494264528461248,-0.20056279678165762,0.8410404507765677,0.0,0.7380356241485291,3,0.8642231830706986,0.0,Higher in Adenoma,,0.9292536750148315,False,0.02336194212724748
CRC_vs_Adenoma,Male,Bacteroides thetaiotaomicron,rCLR_Bacteroides thetaiotaomicron,CRC,Adenoma,5,261,132,0.026000787531034457,0.1311818634436083,-0.23111566481843782,0.28311723988050674,0.19820413316671268,0.842885353839155,0.019289812370546163,5.36585135878501,4,0.25177530866326253,25.454513505090453,Higher in CRC,,0.9292536750148315,False,0.026000787531034457
CRC_vs_Adenoma,Male,Lawsonibacter asaccharolyticus,rCLR_Lawsonibacter asaccharolyticus,CRC,Adenoma,5,261,132,0.02052659779123597,0.11057313467403082,-0.19619674616986443,0.23724994175233638,0.18563820092238772,0.8527284942268136,0.0,4.399742287697331,4,0.3546015187341285,9.085584144669111,Higher in CRC,,0.9292536750148315,False,0.02052659779123597
CRC_vs_Adenoma,Male,Butyricimonas virosa,rCLR_Butyricimonas virosa,CRC,Adenoma,4,241,117,0.03962126517643539,0.2139327620518958,-0.37968694844528034,0.4589294787981511,0.18520428940577163,0.8530688048354039,0.11643917818153737,8.3499634355206,3,0.03930650905550305,64.07169895812895,Higher in CRC,,0.9292536750148315,False,0.03962126517643539
CRC_vs_Adenoma,Male,Alistipes shahii,rCLR_Alistipes shahii,CRC,Adenoma,5,261,132,0.019511269356639906,0.11044635188050624,-0.19696358032915232,0.23598611904243214,0.1766583415788099,0.8597767647333487,0.0,2.9264110029669004,4,0.5702149121314397,0.0,Higher in CRC,,0.9292536750148315,False,0.019511269356639906
CRC_vs_Adenoma,Male,Adlercreutzia equolifaciens,rCLR_Adlercreutzia equolifaciens,CRC,Adenoma,5,261,132,-0.029343785272942527,0.18228728890769716,-0.38662687153202896,0.32793930098614393,-0.16097548791677418,0.8721127066482018,0.09201660743682308,9.45339151663134,4,0.0507138084014493,57.6871433605304,Higher in Adenoma,,0.933160596113576,False,0.029343785272942527
CRC_vs_Adenoma,Male,Coprococcus comes,rCLR_Coprococcus comes,CRC,Adenoma,5,261,132,-0.03134829047112393,0.20998740620896683,-0.4429236066406989,0.38022702569845107,-0.14928652644972432,0.8813275464714256,0.14397678067333117,10.961622529050276,4,0.026998726875347455,63.509051790469165,Higher in Adenoma,,0.9336836383410152,False,0.03134829047112393
CRC_vs_Adenoma,Male,Phocaeicola plebeius,rCLR_Phocaeicola plebeius,CRC,Adenoma,5,261,132,0.024080909432444814,0.18079427752770166,-0.3302758745218505,0.37843769338674005,0.13319508649135806,0.894039096636619,0.08996527168867138,9.96610032934911,4,0.041002605489747095,59.863940078744506,Higher in CRC,,0.9378645425501787,False,0.024080909432444814
CRC_vs_Adenoma,Male,Roseburia hominis,rCLR_Roseburia hominis,CRC,Adenoma,5,261,132,-0.012451270696598429,0.12709958681840675,-0.26156646086067564,0.23666391946747878,-0.09796468272070903,0.9219603375374378,0.015123987055677808,4.388606899744923,4,0.3559608954622322,8.854903358227642,Higher in Adenoma,,0.9465964468360829,False,0.012451270696598429
CRC_vs_Adenoma,Male,Erysipelatoclostridium ramosum,rCLR_Erysipelatoclostridium ramosum,CRC,Adenoma,5,261,132,0.00998309542421782,0.11033435729887571,-0.20627224488157855,0.2262384357300142,0.09048038769261536,0.9279054783745664,0.0,1.6723057200213047,4,0.7957419618740793,0.0,Higher in CRC,,0.9465964468360829,False,0.00998309542421782
CRC_vs_Adenoma,Male,[Ruminococcus] torques,rCLR_[Ruminococcus] torques,CRC,Adenoma,5,261,132,0.009849139856276579,0.1103853628200348,-0.20650617127099163,0.2262044509835448,0.08922505307459996,0.9289030553064365,0.0,2.234385894564408,4,0.6927391085313466,0.0,Higher in CRC,,0.9465964468360829,False,0.009849139856276579
CRC_vs_Adenoma,Male,Akkermansia muciniphila,rCLR_Akkermansia muciniphila,CRC,Adenoma,5,261,132,-0.006732143960028724,0.110436140087625,-0.22318697853177372,0.20972269061171628,-0.06095960936960616,0.9513913762544494,0.0,2.8208509459289077,4,0.5882388557852591,0.0,Higher in Adenoma,,0.9603667665964726,False,0.006732143960028724
CRC_vs_Adenoma,Male,Bacteroides eggerthii,rCLR_Bacteroides eggerthii,CRC,Adenoma,5,261,132,0.006240973275876737,0.13062214301513414,-0.24977842703378617,0.26226037358553966,0.047778830846111946,0.9618925078224221,0.01880937649941325,4.729333333428585,4,0.31621346621917246,15.421482945035853,Higher in CRC,,0.9618925078224222,False,0.006240973275876737
CRC_vs_Control,All,Ruthenibacterium lactatiformans,rCLR_Ruthenibacterium lactatiformans,CRC,Control,10,671,664,0.38427913253959983,0.07643625021938624,0.2344640821096028,0.5340941829695969,5.027446158552353,4.970549807775924e-07,0.019922227803140423,14.574490300828018,9,0.1033068638820396,38.24826931005138,Higher in CRC,,5.318488294320238e-05,True,0.38427913253959983
CRC_vs_Control,All,Lachnospira pectinoschiza,rCLR_Lachnospira pectinoschiza,CRC,Control,10,671,664,-0.23181220558692509,0.05514624288118849,-0.33989884163405454,-0.12372556953979565,-4.203590189931162,2.627144026293291e-05,0.0,7.575929509142579,9,0.5773804925456536,0.0,Higher in Control,,0.0014055220540669109,True,0.23181220558692509
CRC_vs_Control,All,Anaerostipes hadrus,rCLR_Anaerostipes hadrus,CRC,Control,10,671,664,-0.24698185215135068,0.06290672894184014,-0.37027904087735736,-0.12368466342534401,-3.926159511166056,8.631292803228746e-05,0.005485054076706483,10.586396167186512,9,0.3051274136871094,14.985233332790719,Higher in Control,,0.0030784944331515864,True,0.24698185215135068
CRC_vs_Control,All,Flavonifractor plautii,rCLR_Flavonifractor plautii,CRC,Control,10,671,664,0.19493767839640844,0.05507638487812345,0.08698796403528648,0.3028873927575304,3.5394058420460786,0.000401028803288347,0.0,6.211175626105424,9,0.718611024458595,0.0,Higher in CRC,,0.010727520487963283,True,0.19493767839640844
CRC_vs_Control,All,Odoribacter splanchnicus,rCLR_Odoribacter splanchnicus,CRC,Control,10,671,664,0.23188512205735248,0.06759462784561335,0.09939965147995034,0.36437059263475463,3.430525907872145,0.0006024124430544229,0.009894661103702612,12.535247764828624,9,0.18478764593120714,28.20245623503203,Higher in CRC,,0.012891626281364648,True,0.23188512205735248
CRC_vs_Control,All,Roseburia faecis,rCLR_Roseburia faecis,CRC,Control,10,671,664,-0.1792913685307324,0.05509603598028362,-0.28727959905208833,-0.07130313800937652,-3.254160945351725,0.0011372782759612324,0.0,9.975990601461598,9,0.3524324118052775,9.78339535843793,Higher in Control,,0.02028146258797531,True,0.1792913685307324
CRC_vs_Control,All,Lachnospira eligens,rCLR_Lachnospira eligens,CRC,Control,10,671,664,-0.2573189216316552,0.08138308663912006,-0.41682977144433053,-0.09780807181897991,-3.161823079686001,0.0015678478872010885,0.027027583428661586,16.366229148973712,9,0.05961659342962081,45.008713259007685,Higher in Control,,0.02396567484721664,True,0.2573189216316552
CRC_vs_Control,All,Parabacteroides distasonis,rCLR_Parabacteroides distasonis,CRC,Control,10,671,664,0.1750530669168337,0.05641439464408404,0.06448085341442898,0.2856252804192384,3.1029858251823117,0.001915788161081405,0.0007816070079451317,10.406841316916305,9,0.31856362235062197,13.51842767727693,Higher in CRC,,0.025623666654463792,True,0.1750530669168337
CRC_vs_Control,All,Bacteroides fragilis,rCLR_Bacteroides fragilis,CRC,Control,10,671,664,0.22166079342328446,0.07436070517340401,0.0759138112834126,0.3674077755631563,2.9808861132554734,0.002874156584688152,0.01768207844174047,13.555405824605574,9,0.13904243010776704,33.605824005185205,Higher in CRC,,0.03417052828462581,True,0.22166079342328446
CRC_vs_Control,All,Collinsella aerofaciens,rCLR_Collinsella aerofaciens,CRC,Control,10,671,664,0.15501430800813595,0.0550721455888733,0.04707290265394429,0.2629557133623276,2.814749749634865,0.004881523044221633,0.0,10.457589719614283,9,0.31472536565168896,13.938103890999129,Higher in CRC,,0.0503513519056633,False,0.15501430800813595
CRC_vs_Control,All,Streptococcus thermophilus,rCLR_Streptococcus thermophilus,CRC,Control,10,671,664,-0.15288223267847936,0.055039958185898484,-0.2607605507228404,-0.04500391463411833,-2.7776589539206546,0.0054752052612309695,0.0,7.582319854704136,9,0.5767226442811182,0.0,Higher in Control,,0.0503513519056633,False,0.15288223267847936
CRC_vs_Control,All,Butyricimonas virosa,rCLR_Butyricimonas virosa,CRC,Control,9,644,636,0.15525665652277232,0.05624361287548842,0.04501917528681501,0.26549413775872965,2.760431782120363,0.005772501221262605,0.0,9.52354325828678,8,0.300070382823552,15.997651472429553,Higher in CRC,,0.0503513519056633,False,0.15525665652277232
CRC_vs_Control,All,Eubacterium ventriosum,rCLR_Eubacterium ventriosum,CRC,Control,10,671,664,-0.20255142781137653,0.07388562880412085,-0.34736726026745335,-0.05773559535529968,-2.7414184746043544,0.0061174539698469425,0.017113578287825046,13.48929042732858,9,0.14168708051890563,33.28040456622921,Higher in Control,,0.0503513519056633,False,0.20255142781137653
CRC_vs_Control,All,Paraprevotella xylaniphila,rCLR_Paraprevotella xylaniphila,CRC,Control,10,671,664,-0.2028167855354783,0.07555781924155605,-0.3509101112489281,-0.05472345982202845,-2.6842593866702162,0.007269068548153867,0.01921303894254662,13.814587727370077,9,0.12907524814883106,34.85147600772191,Higher in Control,,0.05555645247517598,False,0.2028167855354783
CRC_vs_Control,All,Faecalibacterium prausnitzii,rCLR_Faecalibacterium prausnitzii,CRC,Control,10,671,664,-0.20060670338771938,0.07810275598193149,-0.3536881051123051,-0.04752530166313365,-2.568497114674523,0.010214056245337123,0.022611101963557017,14.402356241126068,9,0.10871524445501776,37.51022506789262,Higher in Control,,0.07261926579336307,False,0.20060670338771938
CRC_vs_Control,All,[Ruminococcus] torques,rCLR_[Ruminococcus] torques,CRC,Control,10,671,664,0.17464302491286482,0.06856260512108653,0.04026031887553522,0.3090257309501944,2.5472052090849315,0.010858955632652422,0.011076903410661865,10.460445798171989,9,0.3145103043763872,13.961601889158572,Higher in CRC,,0.07261926579336307,False,0.17464302491286482
CRC_vs_Control,All,Fusicatenibacter saccharivorans,rCLR_Fusicatenibacter saccharivorans,CRC,Control,10,671,664,-0.19493523004257465,0.07756923507974232,-0.3469709307988696,-0.042899529286279714,-2.5130482444770577,0.011969296525627449,0.02189497863801228,14.417946005988783,9,0.10821546791738995,37.57779370056131,Higher in Control,,0.07533616048483159,False,0.19493523004257465
CRC_vs_Control,All,Bacteroides caccae,rCLR_Bacteroides caccae,CRC,Control,10,671,664,0.1351381835388707,0.055075482985772604,0.027190236886756397,0.243086130190985,2.453690393850569,0.014139866413362569,0.0,12.536943378749179,9,0.18470244639979072,28.212166808892952,Higher in CRC,,0.08405365034609973,False,0.1351381835388707
CRC_vs_Control,All,Alistipes finegoldii,rCLR_Alistipes finegoldii,CRC,Control,10,671,664,0.1347025795797043,0.05553482820636052,0.025854316295237684,0.24355084286417092,2.4255513869452563,0.01528515164613054,0.00029257426016054966,8.191023160010625,9,0.5150163657803316,0.0,Higher in CRC,,0.08607953821768252,False,0.1347025795797043
CRC_vs_Control,All,Bifidobacterium longum,rCLR_Bifidobacterium longum,CRC,Control,10,671,664,-0.13125396261953617,0.054983733382900524,-0.23902208005002118,-0.023485845189051155,-2.3871416970815416,0.016979945326569528,0.0,4.2918729992112645,9,0.8911737579114828,0.0,Higher in Control,,0.08803920628840327,False,0.13125396261953617
CRC_vs_Control,All,Clostridium sp. CAG:58,rCLR_Clostridium sp. CAG:58,CRC,Control,10,671,664,0.13054838165944518,0.05499670859141986,0.02275483282026225,0.23834193049862812,2.37374899340453,0.017608516231123604,0.0,5.596283705427267,9,0.7795444657382528,0.0,Higher in CRC,,0.08803920628840327,False,0.13054838165944518
CRC_vs_Control,All,Bacteroides thetaiotaomicron,rCLR_Bacteroides thetaiotaomicron,CRC,Control,10,671,664,0.1663870473444486,0.07039754041326478,0.02840786813444962,0.30436622655444756,2.363534952608896,0.018101519049952074,0.012985596671989893,13.83202761934428,9,0.12842704135245145,34.93361748776892,Higher in CRC,,0.08803920628840327,False,0.1663870473444486
CRC_vs_Control,All,Akkermansia muciniphila,rCLR_Akkermansia muciniphila,CRC,Control,10,671,664,0.12853942915891434,0.05498639468087816,0.020766095584393143,0.23631276273343554,2.337658795505912,0.019404955276301504,0.0,4.729950413331278,9,0.8571852547947648,0.0,Higher in CRC,,0.09027522672018526,False,0.12853942915891434
CRC_vs_Control,All,Bacteroides cellulosilyticus,rCLR_Bacteroides cellulosilyticus,CRC,Control,10,671,664,0.11917447088543488,0.05502355172105919,0.01132830951215888,0.22702063225871089,2.1658811028700495,0.030320273695629753,0.0,9.034459220256975,9,0.434099399120326,0.3814198439206103,Higher in CRC,,0.13494616644762547,False,0.11917447088543488
CRC_vs_Control,All,Coprococcus comes,rCLR_Coprococcus comes,CRC,Control,10,671,664,-0.16615211758528717,0.07726835727077205,-0.3175980978360004,-0.014706137334573932,-2.1503254819180264,0.03152947814196857,0.021445040054138772,15.759031152440574,9,0.07208737713836783,42.88989016557541,Higher in Control,,0.13494616644762547,False,0.16615211758528717
CRC_vs_Control,All,Eubacterium sp. CAG:38,rCLR_Eubacterium sp. CAG:38,CRC,Control,10,671,664,-0.11551720759306917,0.05503584671085726,-0.22338746714634938,-0.0076469480397889505,-2.0989448604282193,0.03582176168200315,0.0,10.587007699200866,9,0.30508233936031176,14.990143998106822,Higher in Control,,0.1474203269220899,False,0.11551720759306917
CRC_vs_Control,All,Eubacterium sp. CAG:251,rCLR_Eubacterium sp. CAG:251,CRC,Control,10,671,664,-0.1527482316677118,0.07528504599953874,-0.30030692182680774,-0.005189541508615864,-2.0289319032713036,0.04246522673800281,0.018916599294998705,14.225653753493795,9,0.1145216590169732,36.73401478796982,Higher in Control,,0.16828812077652966,False,0.1527482316677118
CRC_vs_Control,All,Veillonella parvula,rCLR_Veillonella parvula,CRC,Control,10,671,664,0.11050366195370236,0.05498467359493296,0.0027337017076337483,0.21827362219977098,2.0097175217911207,0.04446109440488809,0.0,6.008667730263383,9,0.7390504745740074,0.0,Higher in CRC,,0.16990489647582233,False,0.11050366195370236
CRC_vs_Control,All,Agathobaculum butyriciproducens,rCLR_Agathobaculum butyriciproducens,CRC,Control,10,671,664,-0.12404178081851665,0.06269922758571056,-0.24693226688650932,-0.0011512947505239596,-1.9783621839511518,0.047887862628143846,0.005431352701117295,10.405164949801787,9,0.31869095766431366,13.50449470605033,Higher in Control,,0.175675333707085,False,0.12404178081851665
CRC_vs_Control,All,Roseburia intestinalis,rCLR_Roseburia intestinalis,CRC,Control,10,671,664,-0.1548096037759988,0.07872823529576643,-0.309116944955701,-0.0005022625962965988,-1.96637970093461,0.04925476645993037,0.023512463324433203,14.902759617245,9,0.09364186840552442,39.608500498219904,Higher in Control,,0.175675333707085,False,0.1548096037759988
CRC_vs_Control,All,Dorea formicigenerans,rCLR_Dorea formicigenerans,CRC,Control,10,671,664,0.19536278684152003,0.10756503966418524,-0.015464690900283018,0.4061902645833231,1.8162293943407326,0.06933519082363925,0.07351673319071549,25.01722811181115,9,0.0029521819008541035,64.02479139664992,Higher in CRC,,0.23931823929449675,False,0.19536278684152003
CRC_vs_Control,All,Blautia obeum,rCLR_Blautia obeum,CRC,Control,10,671,664,0.09825282347612783,0.054994804237135826,-0.009536992828658386,0.20604263978091406,1.7865837480294469,0.07400479036032999,0.0,7.822347995863454,9,0.5521438131567753,0.0,Higher in CRC,,0.2474535177673534,False,0.09825282347612783
CRC_vs_Control,All,Escherichia coli,rCLR_Escherichia coli,CRC,Control,10,671,664,0.12427950581455854,0.07190989004844621,-0.01666387868039601,0.26522289030951307,1.7282672206956589,0.08394032700470745,0.014821847048928978,12.55008492625697,9,0.18404320396649806,28.28733787155155,Higher in CRC,,0.2721701511970817,False,0.12427950581455854
CRC_vs_Control,All,Coprococcus catus,rCLR_Coprococcus catus,CRC,Control,10,671,664,0.09401196237017913,0.05499149354282937,-0.013771364973766423,0.2017952897141247,1.7095728141473228,0.08734489637240993,0.0,7.6729538512076,9,0.5674105376907865,0.0,Higher in CRC,,0.2748795268190548,False,0.09401196237017913
CRC_vs_Control,All,Bifidobacterium adolescentis,rCLR_Bifidobacterium adolescentis,CRC,Control,10,671,664,-0.09255055501182617,0.05499578391657215,-0.20034229148830757,0.015241181464655237,-1.6828663657604026,0.09240096398784775,0.0,8.238705828484056,9,0.5102810857796325,0.0,Higher in Control,,0.2824829470485631,False,0.09255055501182617
CRC_vs_Control,All,Parvimonas micra,rCLR_Parvimonas micra,CRC,Control,9,644,636,-0.21679506700525136,0.1303679300868282,-0.47231620997543466,0.03872607596493194,-1.6629478343397843,0.09632287807649394,0.11239279001610884,29.99250997784425,8,0.00021202387399503296,73.32667387321142,Higher in Control,,0.286292998727357,False,0.21679506700525136
CRC_vs_Control,All,Erysipelatoclostridium ramosum,rCLR_Erysipelatoclostridium ramosum,CRC,Control,10,671,664,-0.10133373781523027,0.06588638058335364,-0.2304710437586034,0.027803568128142872,-1.5380073532348884,0.12404681687938428,0.008347758031262663,11.412707974259312,9,0.24847674670133518,21.14053894747007,Higher in Control,,0.35199635883591857,False,0.10133373781523027
CRC_vs_Control,All,Firmicutes bacterium CAG:83,rCLR_Firmicutes bacterium CAG:83,CRC,Control,10,671,664,0.09246993507032365,0.060568963252837574,-0.02624523290523799,0.21118510304588528,1.5266884243060173,0.12683850721749404,0.003737931527829886,8.224216378612264,9,0.51171823769167,0.0,Higher in CRC,,0.35199635883591857,False,0.09246993507032365
CRC_vs_Control,All,Alistipes putredinis,rCLR_Alistipes putredinis,CRC,Control,10,671,664,0.08362401893891852,0.05498509037616119,-0.024146758198357418,0.19139479607619447,1.520848985912984,0.12829773826729743,0.0,7.880873551149352,9,0.5461945521273489,0.0,Higher in CRC,,0.35199635883591857,False,0.08362401893891852
CRC_vs_Control,All,Barnesiella intestinihominis,rCLR_Barnesiella intestinihominis,CRC,Control,10,671,664,0.08131644485612177,0.054977536531394866,-0.026439526745412167,0.1890724164576557,1.4790849133388524,0.13911762181084136,0.0,7.14802461454723,9,0.6217110950143947,0.0,Higher in CRC,,0.37213963834400066,False,0.08131644485612177
CRC_vs_Control,All,Alistipes shahii,rCLR_Alistipes shahii,CRC,Control,10,671,664,0.07800583151597598,0.05498482857131165,-0.029764432483794845,0.1857760955157468,1.4186791801088845,0.15599256976693396,0.0,8.030426910989561,9,0.531082849257436,0.0,Higher in CRC,,0.40710256012346185,False,0.07800583151597598
CRC_vs_Control,All,Dorea longicatena,rCLR_Dorea longicatena,CRC,Control,10,671,664,0.0771558483991143,0.05497213498600218,-0.030589536173449977,0.18490123297167857,1.4035446943940026,0.16045447394073364,0.0,6.880408346189061,9,0.6495691251650015,0.0,Higher in CRC,,0.4087768740871071,False,0.0771558483991143
CRC_vs_Control,All,Roseburia inulinivorans,rCLR_Roseburia inulinivorans,CRC,Control,10,671,664,-0.0752522382995022,0.05497369289855149,-0.1830006763806631,0.03249619978165871,-1.3688772635007942,0.17103764399009957,0.0,7.159165661700332,9,0.6205520550009039,0.0,Higher in Control,,0.42560530016141057,False,0.0752522382995022
CRC_vs_Control,All,Coprococcus eutactus,rCLR_Coprococcus eutactus,CRC,Control,10,671,664,-0.08219002829574797,0.06165568878647704,-0.20303517831724296,0.03865512172574703,-1.3330485785404886,0.18251586249413487,0.004590014902726744,10.182598033565625,9,0.33590622687858157,11.613912575821447,Higher in Control,,0.4394750649915239,False,0.08219002829574797
CRC_vs_Control,All,Megamonas funiformis,rCLR_Megamonas funiformis,CRC,Control,10,671,664,-0.08813695372818801,0.06646621226432298,-0.21841072976626102,0.04213682230988501,-1.3260414686741104,0.18482596191232314,0.008969218483949028,9.504705013434648,9,0.3920471766909924,5.310054470088881,Higher in Control,,0.4394750649915239,False,0.08813695372818801
CRC_vs_Control,All,[Eubacterium] rectale,rCLR_[Eubacterium] rectale,CRC,Control,10,671,664,-0.09371957157087563,0.07199310286950807,-0.23482605319511143,0.04738691005336018,-1.3017854188164124,0.19298974968677218,0.0149478893538434,12.321585431718802,9,0.19578095263143672,26.95745162118684,Higher in Control,,0.4489109394887962,False,0.09371957157087563
CRC_vs_Control,All,Gemmiger formicilis,rCLR_Gemmiger formicilis,CRC,Control,10,671,664,-0.06950231395018362,0.05496543366116413,-0.17723456392606532,0.038229936025698075,-1.2644731301245156,0.20606025907669034,0.0,6.640384616219134,9,0.6745033905666595,0.0,Higher in Control,,0.469115908961827,False,0.06950231395018362
CRC_vs_Control,All,Oscillibacter sp. CAG:241,rCLR_Oscillibacter sp. CAG:241,CRC,Control,10,671,664,0.08508842373826947,0.0680290733753137,-0.048248560077345404,0.21842540755388434,1.250765584720521,0.21102001443819618,0.010546682445394934,10.89195542152754,9,0.2831876440855633,17.370209005704893,Higher in CRC,,0.47039878218514564,False,0.08508842373826947
CRC_vs_Control,All,Streptococcus salivarius,rCLR_Streptococcus salivarius,CRC,Control,10,671,664,-0.06777239647183052,0.05497005593374839,-0.17551370610197736,0.03996891315831633,-1.2328966256376364,0.2176143345609849,0.0,7.115736969129253,9,0.6250708056379166,0.0,Higher in Control,,0.4742679775589447,False,0.06777239647183052
CRC_vs_Control,All,Bacteroides stercoris,rCLR_Bacteroides stercoris,CRC,Control,10,671,664,-0.06621347825972976,0.05491761648965291,-0.17385200657944946,0.04142505005998995,-1.2056874003664217,0.22793804498416226,0.0,2.245378497077209,9,0.9869665474912696,0.0,Higher in Control,,0.4742679775589447,False,0.06621347825972976
CRC_vs_Control,All,Methanobrevibacter smithii,rCLR_Methanobrevibacter smithii,CRC,Control,9,642,640,0.06686321020719928,0.05611780838273828,-0.043127694222967736,0.17685411463736628,1.19147935627091,0.2334654560932221,0.0,9.26956092336611,8,0.32006904543287745,13.696020058144093,Higher in CRC,,0.4742679775589447,False,0.06686321020719928
CRC_vs_Control,All,Proteobacteria bacterium CAG:139,rCLR_Proteobacteria bacterium CAG:139,CRC,Control,10,671,664,-0.10895455833207995,0.0917488789299623,-0.28878236103480603,0.07087324437064613,-1.1875301322782574,0.2350185783293124,0.04374686160121048,20.388233838413793,9,0.015661940762219814,55.85689240505493,Higher in Control,,0.4742679775589447,False,0.10895455833207995
CRC_vs_Control,All,Eubacterium sp. CAG:274,rCLR_Eubacterium sp. CAG:274,CRC,Control,10,671,664,-0.07603515007500378,0.06472334121998186,-0.2028928988661682,0.050822598716160655,-1.1747717074212116,0.24008606214659522,0.007317862942696165,8.584100111313258,9,0.4765157644127914,0.0,Higher in Control,,0.4742679775589447,False,0.07603515007500378
CRC_vs_Control,All,Eubacterium sp. CAG:180,rCLR_Eubacterium sp. CAG:180,CRC,Control,10,671,664,0.06441609440353879,0.054925865312846,-0.04323860160963937,0.17207079041671697,1.1727825139693016,0.24088303203097583,0.0,3.1107748218642532,9,0.9597405413813813,0.0,Higher in CRC,,0.4742679775589447,False,0.06441609440353879
CRC_vs_Control,All,Phocaeicola coprocola,rCLR_Phocaeicola coprocola,CRC,Control,10,671,664,-0.06756598535783911,0.05823284650599905,-0.18170236450959726,0.04657039379391903,-1.1602727569032467,0.2459377726674491,0.002026468568276064,9.492299995189182,9,0.39312497499970206,5.18630885495281,Higher in Control,,0.4742679775589447,False,0.06756598535783911
CRC_vs_Control,All,Bacteroides sp. CAG:144,rCLR_Bacteroides sp. CAG:144,CRC,Control,8,570,582,-0.09778556295779584,0.08540745619250494,-0.2651841770951055,0.06961305117951383,-1.1449300484654543,0.25223813543115414,0.022049284688322447,11.373510047844114,7,0.12313616844066907,38.45347680220432,Higher in Control,,0.4742679775589447,False,0.09778556295779584
CRC_vs_Control,All,Klebsiella quasipneumoniae,rCLR_Klebsiella quasipneumoniae,CRC,Control,10,671,664,0.06291946334232146,0.05500228885849798,-0.044885022820334575,0.1707239495049775,1.143942636718113,0.2526474272977556,0.0,10.417825430533066,9,0.3177301435975536,13.609610181964026,Higher in CRC,,0.4742679775589447,False,0.06291946334232146
CRC_vs_Control,All,Ruminococcus bromii,rCLR_Ruminococcus bromii,CRC,Control,10,671,664,0.08184974483863781,0.07273981868801283,-0.06072029978986733,0.22441978946714297,1.125239879820133,0.2604873981258604,0.0158004198911965,13.83059429638685,9,0.12848020998866125,34.92687438347325,Higher in CRC,,0.48055433792184593,False,0.08184974483863781
CRC_vs_Control,All,Ruminococcus bicirculans,rCLR_Ruminococcus bicirculans,CRC,Control,10,671,664,-0.059344756417447346,0.05498171274745581,-0.16710891340246073,0.04841940056756603,-1.0793544517252862,0.2804297475547337,0.0,8.651831559832306,9,0.47001361216657855,0.0,Higher in Control,,0.5085759828535001,False,0.059344756417447346
CRC_vs_Control,All,Bifidobacterium pseudocatenulatum,rCLR_Bifidobacterium pseudocatenulatum,CRC,Control,10,671,664,-0.06714033297593044,0.06296741370469675,-0.19055646383713606,0.056275797885275175,-1.0662710920731757,0.2863011132830171,0.005730368387560955,7.854830263254143,9,0.5488395797204164,0.0,Higher in Control,,0.5105703186880471,False,0.06714033297593044
CRC_vs_Control,All,Roseburia hominis,rCLR_Roseburia hominis,CRC,Control,10,671,664,-0.057877055967560376,0.05494152758427904,-0.16556245003274728,0.04980833809762654,-1.0534300466760467,0.29214393932918314,0.0,4.839689827919139,9,0.8480529386821221,0.0,Higher in Control,,0.5124492050528294,False,0.057877055967560376
CRC_vs_Control,All,Adlercreutzia equolifaciens,rCLR_Adlercreutzia equolifaciens,CRC,Control,10,671,664,-0.0553034354656817,0.05495026144883777,-0.16300594790540374,0.05239907697404034,-1.0064271580795434,0.31421013501400974,0.0,5.7385738973125555,9,0.7657709248881015,0.0,Higher in Control,,0.5309816203320641,False,0.0553034354656817
CRC_vs_Control,All,Phascolarctobacterium succinatutens,rCLR_Phascolarctobacterium succinatutens,CRC,Control,10,671,664,0.05676991204517996,0.05743771119198767,-0.05580800189111587,0.1693478259814758,0.9883735070052572,0.3229697574662247,0.0015091942749342099,8.141866695405865,9,0.5199152139851575,0.0,Higher in CRC,,0.5309816203320641,False,0.05676991204517996
CRC_vs_Control,All,Desulfovibrio piger,rCLR_Desulfovibrio piger,CRC,Control,10,671,664,0.0539703664148693,0.0549817616323075,-0.0537938863844534,0.161734619214192,0.9816048961071501,0.3262945344783501,0.0,8.77573409660484,9,0.4582283158064928,0.0,Higher in CRC,,0.5309816203320641,False,0.0539703664148693
CRC_vs_Control,All,Anaerotignum lactatifermentans,rCLR_Anaerotignum lactatifermentans,CRC,Control,10,671,664,-0.05390330652670171,0.055000357230167614,-0.16170400669783025,0.05389739364442682,-0.9800537531260947,0.3270595857909181,0.0,10.540516523479475,9,0.30852238757681527,14.61519006253541,Higher in Control,,0.5309816203320641,False,0.05390330652670171
CRC_vs_Control,All,Lawsonibacter asaccharolyticus,rCLR_Lawsonibacter asaccharolyticus,CRC,Control,10,671,664,0.06712979124341353,0.06856144903105393,-0.06725064885745216,0.20151023134427923,0.9791186182924466,0.3275213732889367,0.01114764031843152,9.988015619731163,9,0.35145629004039114,9.89201115964771,Higher in CRC,,0.5309816203320641,False,0.06712979124341353
CRC_vs_Control,All,Veillonella atypica,rCLR_Veillonella atypica,CRC,Control,9,644,636,0.052025332180636076,0.05612879620623635,-0.057987108383587165,0.1620377727448593,0.9268920001326458,0.3539826111962743,0.0,6.031705325070381,8,0.6436802790669496,0.0,Higher in CRC,,0.5653155134030052,False,0.052025332180636076
CRC_vs_Control,All,[Ruminococcus] lactaris,rCLR_[Ruminococcus] lactaris,CRC,Control,10,671,664,-0.048170388280143625,0.055012053247008724,-0.15599401264428073,0.05965323608399348,-0.8756333464569037,0.3812293910595064,0.0,11.784246420651412,9,0.22574756761885525,23.62685165656527,Higher in Control,,0.5998756594612821,False,0.048170388280143625
CRC_vs_Control,All,Parasutterella excrementihominis,rCLR_Parasutterella excrementihominis,CRC,Control,10,671,664,-0.05649547691983732,0.06658149383155432,-0.1869952048296838,0.07400425099000914,-0.8485162117684865,0.39615054778262526,0.009068215761940156,11.042761453583683,9,0.27278924520298475,18.498646938721567,Higher in Control,,0.6090649646397951,False,0.05649547691983732
CRC_vs_Control,All,Coprobacter fastidiosus,rCLR_Coprobacter fastidiosus,CRC,Control,9,644,636,0.04730496453982865,0.05612357847861544,-0.0626972492782576,0.1573071783579149,0.8428714957627494,0.39930031675940103,0.0,5.738871630356657,8,0.6764554273734189,0.0,Higher in CRC,,0.6090649646397951,False,0.04730496453982865
CRC_vs_Control,All,Phocaeicola vulgatus,rCLR_Phocaeicola vulgatus,CRC,Control,10,671,664,0.04983963993769257,0.05986789721411145,-0.06750143860196586,0.167180718477351,0.8324935776422239,0.4051304017815681,0.003194831889179097,10.806467704290846,9,0.28920827469809257,16.716541923995802,Higher in CRC,,0.6090649646397951,False,0.04983963993769257
CRC_vs_Control,All,Blautia sp. CAG:257,rCLR_Blautia sp. CAG:257,CRC,Control,10,671,664,0.045299343368037814,0.054963020799114484,-0.06242817739822658,0.15302686413430222,0.8241785605926455,0.4098381070473387,0.0,7.385818640504469,9,0.5970172386468252,0.0,Higher in CRC,,0.6090649646397951,False,0.045299343368037814
CRC_vs_Control,All,[Eubacterium] siraeum,rCLR_[Eubacterium] siraeum,CRC,Control,10,671,664,0.04448311220122722,0.05496784769854429,-0.0632538692879196,0.15222009369037404,0.8092569395327673,0.4183673691841141,0.0,7.800046501274251,9,0.5544156959886444,0.0,Higher in CRC,,0.6101683764619756,False,0.04448311220122722
CRC_vs_Control,All,Gordonibacter pamelaeae,rCLR_Gordonibacter pamelaeae,CRC,Control,10,671,664,-0.08733714667391552,0.10876611764270046,-0.3005187372536084,0.12584444390577737,-0.8029811908964181,0.4219856061512729,0.07619412565148045,26.348087078985216,9,0.001791443256155989,65.84192251596798,Higher in Control,,0.6101683764619756,False,0.08733714667391552
CRC_vs_Control,All,Dialister invisus,rCLR_Dialister invisus,CRC,Control,10,671,664,0.04307262800327168,0.054953264898506694,-0.06463577119780142,0.1507810272043448,0.7838047126557924,0.43315470817812995,0.0,6.421206250739566,9,0.6971334299272245,0.0,Higher in CRC,,0.6121571573288583,False,0.04307262800327168
CRC_vs_Control,All,[Ruminococcus] gnavus,rCLR_[Ruminococcus] gnavus,CRC,Control,10,671,664,0.04292716217337665,0.05496444231091671,-0.0648031447560201,0.1506574691027734,0.7809987760914789,0.43480321455133863,0.0,7.609584258173218,9,0.5739177681141278,0.0,Higher in CRC,,0.6121571573288583,False,0.04292716217337665
CRC_vs_Control,All,Bifidobacterium bifidum,rCLR_Bifidobacterium bifidum,CRC,Control,10,671,664,-0.04307906884121752,0.0559826707291552,-0.15280510347036172,0.06664696578792667,-0.7695072114303825,0.44159226515005434,0.0005988591699749256,7.126693263887392,9,0.6239306307342376,0.0,Higher in Control,,0.6136411996241016,False,0.04307906884121752
CRC_vs_Control,All,Parabacteroides merdae,rCLR_Parabacteroides merdae,CRC,Control,10,671,664,0.04077586046883017,0.06346048924545157,-0.08360669845225491,0.16515841938991524,0.6425393335862553,0.5205230588674101,0.006122104641697808,11.677046538266374,9,0.23213413557183166,22.925716100330114,Higher in CRC,,0.7140508628052934,False,0.04077586046883017
CRC_vs_Control,All,Klebsiella variicola,rCLR_Klebsiella variicola,CRC,Control,10,671,664,0.03234183755978905,0.05498398275825527,-0.07542676864639128,0.14011044376596937,0.5882047086691489,0.556394897232438,0.0,9.609659228479105,9,0.38299911883202375,6.344233588141438,Higher in CRC,,0.7493382853996923,False,0.03234183755978905
CRC_vs_Control,All,Phocaeicola plebeius,rCLR_Phocaeicola plebeius,CRC,Control,10,671,664,-0.037347247329508615,0.06434023312543237,-0.16345410425535606,0.08875960959633883,-0.5804649053213644,0.5616011465730277,0.006966820309059515,8.325456115281295,9,0.5017098651698932,0.0,Higher in Control,,0.7493382853996923,False,0.037347247329508615
CRC_vs_Control,All,Phocaeicola massiliensis,rCLR_Phocaeicola massiliensis,CRC,Control,10,671,664,-0.031424457013620066,0.05492852212753034,-0.13908436038357952,0.0762354463563394,-0.5720972601567599,0.5672560852091129,0.0,4.382034551101761,9,0.8845192205291009,0.0,Higher in Control,,0.7493382853996923,False,0.031424457013620066
CRC_vs_Control,All,Alistipes inops,rCLR_Alistipes inops,CRC,Control,10,671,664,-0.03534656346167558,0.0707892097610608,-0.17409341459335476,0.10340028767000359,-0.49932134545622164,0.6175530199675989,0.013582096493042655,12.180271497534505,9,0.203336224934103,26.110021424220687,Higher in Control,,0.805831379713818,False,0.03534656346167558
CRC_vs_Control,All,Eubacterium ramulus,rCLR_Eubacterium ramulus,CRC,Control,10,671,664,0.03046856460727097,0.06484434346719538,-0.09662634858843196,0.1575634778029739,0.46987235860726934,0.6384462137763942,0.00738517151290261,11.373491374069248,9,0.2509739705301472,20.868625965467732,Higher in CRC,,0.8133741315960477,False,0.03046856460727097
CRC_vs_Control,All,Adlercreutzia equolifaciens_1,rCLR_Adlercreutzia equolifaciens_1,CRC,Control,10,671,664,-0.028609339161991397,0.061510170479395,-0.1491692733016056,0.09195059497762278,-0.4651155888370543,0.6418486830366923,0.0044702632616238375,11.47439574564919,9,0.24458676250547712,21.56449716829246,Higher in Control,,0.8133741315960477,False,0.028609339161991397
CRC_vs_Control,All,Prevotella copri,rCLR_Prevotella copri,CRC,Control,10,671,664,0.025214519580960434,0.054917625678845686,-0.0824240267495771,0.13285306591149798,0.4591334616032588,0.6461383288379818,0.0,3.4873415140125155,9,0.9418126745186758,0.0,Higher in CRC,,0.8133741315960477,False,0.025214519580960434
CRC_vs_Control,All,Bacteroides xylanisolvens,rCLR_Bacteroides xylanisolvens,CRC,Control,10,671,664,0.0415908721464883,0.09288384517934946,-0.14046146440503665,0.22364320869801324,0.4477729368996349,0.6543170767712128,0.045708369106406944,20.949593079825743,9,0.012876125018118535,57.039738358131096,Higher in CRC,,0.8140921769130205,False,0.0415908721464883
CRC_vs_Control,All,Anaerobutyricum hallii,rCLR_Anaerobutyricum hallii,CRC,Control,10,671,664,-0.04088635570981541,0.09952591559595682,-0.23595715027789077,0.15418443885825994,-0.4108111486841362,0.6812110176178803,0.05777682019377447,23.77167005889379,9,0.0046772729125008836,62.13980768829999,Higher in Control,,0.8303878007367435,False,0.04088635570981541
CRC_vs_Control,All,Blautia wexlerae,rCLR_Blautia wexlerae,CRC,Control,10,671,664,-0.032354661246342724,0.07921127265381765,-0.18760875564782534,0.12289943315513988,-0.4084603133160664,0.6829357613535834,0.024295268305283772,14.651920197430025,9,0.10095166805658383,38.57460401962456,Higher in Control,,0.8303878007367435,False,0.032354661246342724
CRC_vs_Control,All,Holdemanella biformis,rCLR_Holdemanella biformis,CRC,Control,10,671,664,-0.028901652635144572,0.0736325535185892,-0.17322145753157941,0.11541815226129026,-0.3925118884794358,0.694680028965186,0.016938567224971682,13.810765786150762,9,0.12921767523965833,34.833447041545874,Higher in Control,,0.8347141037737067,False,0.028901652635144572
CRC_vs_Control,All,Phascolarctobacterium faecium,rCLR_Phascolarctobacterium faecium,CRC,Control,10,671,664,0.02102587795454517,0.054970670988129064,-0.0867166371821878,0.12876839309127813,0.3824926561126699,0.7020959751367626,0.0,8.578564988178881,9,0.47704894816694665,0.0,Higher in CRC,,0.8347141037737067,False,0.02102587795454517
CRC_vs_Control,All,Oscillibacter sp. 57_20,rCLR_Oscillibacter sp. 57_20,CRC,Control,10,671,664,0.027876357633840693,0.07630723746551116,-0.12168582779856119,0.17743854306624257,0.36531734812756217,0.7148745300605517,0.02034668657446641,13.808510431857126,9,0.12930178546059312,34.822803339914074,Higher in CRC,,0.837200570778526,False,0.027876357633840693
CRC_vs_Control,All,Klebsiella pneumoniae,rCLR_Klebsiella pneumoniae,CRC,Control,10,671,664,0.01971475945056427,0.054965068022867776,-0.08801677387425658,0.1274462927753851,0.35867797784516703,0.7198360047815364,0.0,8.043235578610478,9,0.5297950569818826,0.0,Higher in CRC,,0.837200570778526,False,0.01971475945056427
CRC_vs_Control,All,Bacteroides ovatus,rCLR_Bacteroides ovatus,CRC,Control,10,671,664,-0.030984440509473413,0.09308787119612029,-0.21343666805386918,0.15146778703492236,-0.3328515316908953,0.7392463572698931,0.04611256008247211,20.538214246566625,9,0.01486638155139965,56.179247660226686,Higher in Control,,0.8424048171258184,False,0.030984440509473413
CRC_vs_Control,All,Bacteroides eggerthii,rCLR_Bacteroides eggerthii,CRC,Control,10,671,664,-0.01821875824573669,0.05491242425946869,-0.1258471097942953,0.08940959330282194,-0.3317784361449892,0.7400565683161395,0.0,3.0785099785665113,9,0.9611007155855346,0.0,Higher in Control,,0.8424048171258184,False,0.01821875824573669
CRC_vs_Control,All,Intestinibacter bartlettii,rCLR_Intestinibacter bartlettii,CRC,Control,10,671,664,-0.020343335205424477,0.06515316952673951,-0.1480435474778339,0.10735687706698496,-0.3122386117696909,0.7548591899472042,0.007696758675562392,10.532073095684938,9,0.3091500410074193,14.546738156542405,Higher in Control,,0.8502098244668511,False,0.020343335205424477
CRC_vs_Control,All,Bacteroides finegoldii,rCLR_Bacteroides finegoldii,CRC,Control,10,671,664,0.015625165135008976,0.054931972891635206,-0.09204150173259602,0.12329183200261397,0.284445730100262,0.7760688180554467,0.0,4.94246564666246,9,0.8392945427381859,0.0,Higher in CRC,,0.8649933701242999,False,0.015625165135008976
CRC_vs_Control,All,Streptococcus parasanguinis,rCLR_Streptococcus parasanguinis,CRC,Control,10,671,664,-0.014634793043415958,0.05497461718716593,-0.12238504273026118,0.09311545664342927,-0.26621000367479625,0.7900774791097847,0.0,9.059482507371182,9,0.4318016574787392,0.656577319099462,Higher in Control,,0.871528765615948,False,0.014634793043415958
CRC_vs_Control,All,Enterocloster bolteae,rCLR_Enterocloster bolteae,CRC,Control,10,671,664,-0.014090552604977769,0.05844731662208521,-0.12864729318426477,0.10046618797430924,-0.24108125777759726,0.809492138559371,0.0021812590821969034,10.15418268860048,9,0.33814813796070003,11.366573992175805,Higher in Control,,0.8838332533250275,False,0.014090552604977769
CRC_vs_Control,All,Phocaeicola dorei,rCLR_Phocaeicola dorei,CRC,Control,10,671,664,0.024490535617563078,0.1127646195405786,-0.196528118681971,0.24550918991709714,0.21718279826900938,0.8280658897487649,0.08476398861189968,27.725339308365303,9,0.0010600319171992093,67.538720085981,Higher in CRC,,0.8949803050819984,False,0.024490535617563078
CRC_vs_Control,All,Eggerthella lenta,rCLR_Eggerthella lenta,CRC,Control,10,671,664,-0.012544806683504325,0.06349839233018006,-0.13700165565065725,0.1119120422836486,-0.1975610125414454,0.8433885409943089,0.006178042468273309,10.353818870004407,9,0.3226080704237416,13.07555103099684,Higher in Control,,0.9024257388639105,False,0.012544806683504325
CRC_vs_Control,All,Bacteroides intestinalis,rCLR_Bacteroides intestinalis,CRC,Control,10,671,664,0.012887508530246982,0.07033271054911218,-0.1249646041460129,0.15073962120650686,0.18323634095187966,0.8546125811009383,0.013000920273737471,14.332292953702966,9,0.11098618820856443,37.20474435547514,Higher in CRC,,0.9053816453247564,False,0.012887508530246982
CRC_vs_Control,All,Acidaminococcus intestini,rCLR_Acidaminococcus intestini,CRC,Control,10,671,664,0.007597512386550361,0.06903706330326215,-0.12771513168784346,0.14291015646094415,0.11004976201227497,0.9123699101681747,0.011634079120008384,12.024087498220666,9,0.2119547718191613,25.150245277807343,Higher in CRC,,0.9504494459801975,False,0.007597512386550361
CRC_vs_Control,All,Firmicutes bacterium CAG:110,rCLR_Firmicutes bacterium CAG:110,CRC,Control,10,671,664,0.009399587741088735,0.09838410438371797,-0.18343325685099848,0.20223243233317595,0.09553969922243165,0.9238861590393179,0.055673993817225945,21.443722858623484,9,0.010819463688986236,58.029675820116765,Higher in CRC,,0.9504494459801975,False,0.009399587741088735
CRC_vs_Control,All,Slackia isoflavoniconvertens,rCLR_Slackia isoflavoniconvertens,CRC,Control,10,671,664,-0.009117228637404542,0.10182044433091358,-0.20868529952599518,0.19045084225118608,-0.08954222010438105,0.9286510015285919,0.06216645918532065,22.803887890343916,9,0.006652106232085912,60.53304575396127,Higher in Control,,0.9504494459801975,False,0.009117228637404542
CRC_vs_Control,All,Bacteroides salyersiae,rCLR_Bacteroides salyersiae,CRC,Control,9,644,636,0.0047402682426335736,0.05611884349977134,-0.10525266501691824,0.11473320150218538,0.08446838792486677,0.9326840357749602,0.0,6.083597970842959,8,0.6378680711509681,0.0,Higher in CRC,,0.9504494459801975,False,0.0047402682426335736
CRC_vs_Control,All,Firmicutes bacterium CAG:145,rCLR_Firmicutes bacterium CAG:145,CRC,Control,10,671,664,0.003145864081562526,0.05499751463886407,-0.10464926461061104,0.1109409927737361,0.05720011353639419,0.9543857877211642,0.0,11.233991791206781,9,0.2600104291731923,19.886001634391445,Higher in CRC,,0.9633894272279676,False,0.003145864081562526
CRC_vs_Control,All,Bacteroides uniformis,rCLR_Bacteroides uniformis,CRC,Control,10,671,664,0.0007439225361832513,0.0605983936331412,-0.1180289289847735,0.11951677405714,0.012276274857827268,0.9902051958515199,0.0037762817970315786,9.174326453290327,9,0.4213405587285902,1.9001553321421814,Higher in CRC,,0.9902051958515199,False,0.0007439225361832513
CRC_vs_Control,Female,Ruthenibacterium lactatiformans,rCLR_Ruthenibacterium lactatiformans,CRC,Control,10,245,293,0.3385730500821144,0.10437892988500257,0.13399034750750938,0.5431557526567194,3.243691523328804,0.00117991455656545,0.018125735257750502,10.463863640256116,9,0.3142530760979775,13.989704860300403,Higher in CRC,,0.12625085755250315,False,0.3385730500821144
CRC_vs_Control,Female,Coprococcus comes,rCLR_Coprococcus comes,CRC,Control,10,245,293,-0.2463864880945562,0.08781875920920895,-0.4185112561446057,-0.07426172004450668,-2.8056247926208386,0.005021913118650266,0.0,8.19080385572236,9,0.5150381828697488,0.0,Higher in Control,,0.17717675883494902,False,0.2463864880945562
CRC_vs_Control,Female,Flavonifractor plautii,rCLR_Flavonifractor plautii,CRC,Control,10,245,293,0.228852050840383,0.08760345692871715,0.05714927526009736,0.40055482642066864,2.6123632430007833,0.008991865924208914,0.0,4.106957958162801,9,0.9042327146665219,0.0,Higher in CRC,,0.17717675883494902,False,0.228852050840383
CRC_vs_Control,Female,[Ruminococcus] torques,rCLR_[Ruminococcus] torques,CRC,Control,10,245,293,0.25768992161757315,0.09983623748273568,0.06201089615141123,0.4533689470837351,2.5811261333053994,0.009847859362498221,0.012619088019029593,8.748789627304529,9,0.4607789357142871,0.0,Higher in CRC,,0.17717675883494902,False,0.25768992161757315
CRC_vs_Control,Female,Anaerostipes hadrus,rCLR_Anaerostipes hadrus,CRC,Control,10,245,293,-0.32758816206046926,0.12800891415018778,-0.5784856337948373,-0.07669069032610121,-2.5591042954721344,0.010494225210466038,0.06102057128811904,14.52713258170843,9,0.10477089494835065,38.04696178423963,Higher in Control,,0.17717675883494902,False,0.32758816206046926
CRC_vs_Control,Female,Parabacteroides distasonis,rCLR_Parabacteroides distasonis,CRC,Control,10,245,293,0.22229649987379255,0.08775606137354176,0.050294619581650685,0.39429838016593444,2.5331184694760513,0.011305273686806186,0.0,8.058262254556984,9,0.5282856284413978,0.0,Higher in CRC,,0.17717675883494902,False,0.22229649987379255
CRC_vs_Control,Female,Alistipes finegoldii,rCLR_Alistipes finegoldii,CRC,Control,10,245,293,0.22533331602244958,0.08926363537456589,0.05037659068830044,0.40029004135659874,2.5243573721472514,0.011591002914435915,0.001362286452478689,6.436754874943021,9,0.6955343345223439,0.0,Higher in CRC,,0.17717675883494902,False,0.22533331602244958
CRC_vs_Control,Female,Bacteroides cellulosilyticus,rCLR_Bacteroides cellulosilyticus,CRC,Control,10,245,293,0.205001448666387,0.0875735984393114,0.033357195725336686,0.3766457016074373,2.340904705525527,0.01923707651099715,0.0,4.6404916459156675,9,0.8644547105623277,0.0,Higher in CRC,,0.24387519390303247,False,0.205001448666387
CRC_vs_Control,Female,Bacteroides fragilis,rCLR_Bacteroides fragilis,CRC,Control,10,245,293,0.34756977715164217,0.15001939138974696,0.053531770027738124,0.6416077842755462,2.316832337018778,0.02051286677689058,0.11322769151728,21.33277193733788,9,0.011252066624529442,57.81138978827376,Higher in CRC,,0.24387519390303247,False,0.34756977715164217
CRC_vs_Control,Female,Streptococcus salivarius,rCLR_Streptococcus salivarius,CRC,Control,10,245,293,-0.19214368165120788,0.08770761523898644,-0.3640506075196213,-0.020236755782794436,-2.1907297459593806,0.02847135518888505,0.0,8.985429064125059,9,0.4386203057948702,0.0,Higher in Control,,0.30464350052107003,False,0.19214368165120788
CRC_vs_Control,Female,Bacteroides thetaiotaomicron,rCLR_Bacteroides thetaiotaomicron,CRC,Control,10,245,293,0.25299683586034,0.11898157495868478,0.019792948941317834,0.48620072277936216,2.126353058851261,0.03347387318964733,0.04301498432680754,12.395678754799354,9,0.191910553218895,27.394052572430667,Higher in CRC,,0.3052127270703538,False,0.25299683586034
CRC_vs_Control,Female,Dorea formicigenerans,rCLR_Dorea formicigenerans,CRC,Control,10,245,293,0.3198928176595291,0.15188524647076446,0.022197734576830774,0.6175879007422274,2.106148063045106,0.035191492976743115,0.11955615726083162,19.653305605503373,9,0.020176765793557396,54.20617691163467,Higher in CRC,,0.3052127270703538,False,0.3198928176595291
CRC_vs_Control,Female,Lachnospira pectinoschiza,rCLR_Lachnospira pectinoschiza,CRC,Control,10,245,293,-0.18081536134190662,0.08759087589598914,-0.3524934780980453,-0.009137244585767895,-2.0643173103625316,0.0389876408089076,0.0,6.154104284013262,9,0.7244013016098166,0.0,Higher in Control,,0.3052127270703538,False,0.18081536134190662
CRC_vs_Control,Female,Paraprevotella xylaniphila,rCLR_Paraprevotella xylaniphila,CRC,Control,9,238,276,-0.1778366332780878,0.08921868371251794,-0.352705253354623,-0.0029680132015526273,-1.993266722597211,0.0462322482855475,0.0,4.510751662138235,8,0.80835647541773,0.0,Higher in Control,,0.3052127270703538,False,0.1778366332780878
CRC_vs_Control,Female,Anaerobutyricum hallii,rCLR_Anaerobutyricum hallii,CRC,Control,10,245,293,-0.27355221486733056,0.13943853106465376,-0.5468517357540519,-0.00025269398060917547,-1.961812224918606,0.04978434987744766,0.08699126249193213,18.59300434915045,9,0.028884684994755074,51.59469749486061,Higher in Control,,0.3052127270703538,False,0.27355221486733056
CRC_vs_Control,Female,Firmicutes bacterium CAG:83,rCLR_Firmicutes bacterium CAG:83,CRC,Control,10,245,293,0.17168022896773416,0.08761718868395474,-4.9460852817123646e-05,0.3434099187882854,1.9594354891596037,0.050061807901699736,0.0,7.477653026685492,9,0.5875166274789623,0.0,Higher in CRC,,0.3052127270703538,False,0.17168022896773416
CRC_vs_Control,Female,Clostridium sp. CAG:58,rCLR_Clostridium sp. CAG:58,CRC,Control,10,245,293,0.17107402112038972,0.08735585713747057,-0.00014345886905259286,0.34229150110983203,1.9583577647366353,0.050188047019474824,0.0,1.2472961412911296,9,0.9986235141427836,0.0,Higher in CRC,,0.3052127270703538,False,0.17107402112038972
CRC_vs_Control,Female,Faecalibacterium prausnitzii,rCLR_Faecalibacterium prausnitzii,CRC,Control,10,245,293,-0.21699302911393503,0.11177601198016573,-0.43607401259505985,0.0020879543671898093,-1.9413201926764008,0.05221945175185373,0.029947084480561895,12.824113342132758,9,0.17072779028641147,29.81970948095797,Higher in Control,,0.3052127270703538,False,0.21699302911393503
CRC_vs_Control,Female,Proteobacteria bacterium CAG:139,rCLR_Proteobacteria bacterium CAG:139,CRC,Control,10,245,293,-0.16708968736979943,0.08743441420897005,-0.3384611392193807,0.004281764479781874,-1.9110288423783754,0.0560008744757223,0.0,3.2105382596620053,9,0.9553593902795754,0.0,Higher in Control,,0.3052127270703538,False,0.16708968736979943
CRC_vs_Control,Female,Desulfovibrio piger,rCLR_Desulfovibrio piger,CRC,Control,9,238,276,0.16982373555528357,0.08924308536750025,-0.005092711765016911,0.34474018287558406,1.9029343826017973,0.05704910786361753,0.0,5.368083581334887,8,0.7176072661858092,0.0,Higher in CRC,,0.3052127270703538,False,0.16982373555528357
CRC_vs_Control,Female,Bifidobacterium adolescentis,rCLR_Bifidobacterium adolescentis,CRC,Control,10,245,293,-0.16152278616580285,0.0876552609069816,-0.33332709754348677,0.010281525211881082,-1.842704984213193,0.06537209591319307,0.0,8.723727027386984,9,0.4631575894360147,0.0,Higher in Control,,0.33308639346245994,False,0.16152278616580285
CRC_vs_Control,Female,Eubacterium sp. CAG:251,rCLR_Eubacterium sp. CAG:251,CRC,Control,10,245,293,-0.22313996078250123,0.12381939442422593,-0.46582597385398405,0.019546052288981597,-1.8021406244161269,0.07152328356275513,0.052480064406147706,14.212453652189623,9,0.11496600098037772,36.675255235654355,Higher in Control,,0.34786324278249087,False,0.22313996078250123
CRC_vs_Control,Female,Butyricimonas virosa,rCLR_Butyricimonas virosa,CRC,Control,9,238,276,0.15728872499567706,0.08931220320923576,-0.017763193294425023,0.33234064328577917,1.7611112406127705,0.07821957687061948,0.0,7.3588543533372714,8,0.49845550701435626,0.0,Higher in CRC,,0.363891075006795,False,0.15728872499567706
CRC_vs_Control,Female,Veillonella atypica,rCLR_Veillonella atypica,CRC,Control,9,238,276,0.15397082520155736,0.08906115890885094,-0.020589046259790467,0.3285306966629052,1.7288212626913804,0.08384108944552134,0.0,2.059337714531582,8,0.9791385199502906,0.0,Higher in CRC,,0.3737915237779493,False,0.15397082520155736
CRC_vs_Control,Female,Veillonella parvula,rCLR_Veillonella parvula,CRC,Control,10,245,293,0.1631149156514292,0.09703879960978208,-0.0270811315837437,0.3533109628866021,1.6809247054513878,0.09277754054051757,0.009519465457756615,7.165316475060939,9,0.6199122263949919,0.0,Higher in CRC,,0.3970878735134152,False,0.1631149156514292
CRC_vs_Control,Female,Erysipelatoclostridium ramosum,rCLR_Erysipelatoclostridium ramosum,CRC,Control,10,245,293,-0.15844406956473187,0.09743278776449801,-0.34941233358314794,0.032524194453684235,-1.6261884033093919,0.10390958237620791,0.00997935238061265,7.521170725600927,9,0.5830239709302624,0.0,Higher in Control,,0.4093709671422435,False,0.15844406956473187
CRC_vs_Control,Female,Bacteroides stercoris,rCLR_Bacteroides stercoris,CRC,Control,10,245,293,-0.1399521962592688,0.08735434093162578,-0.3111667044852553,0.03126231196671772,-1.6021206818881795,0.10912892538798356,0.0,2.4871841114624647,9,0.9812261664860796,0.0,Higher in Control,,0.4093709671422435,False,0.1399521962592688
CRC_vs_Control,Female,Adlercreutzia equolifaciens,rCLR_Adlercreutzia equolifaciens,CRC,Control,10,245,293,-0.13940254670310945,0.08751206125051074,-0.3109261867541105,0.032121093347891594,-1.5929523852038836,0.11117087310534718,0.0,6.202719370654861,9,0.7194703356659902,0.0,Higher in Control,,0.4093709671422435,False,0.13940254670310945
CRC_vs_Control,Female,Odoribacter splanchnicus,rCLR_Odoribacter splanchnicus,CRC,Control,10,245,293,0.18875127423592367,0.11887701585766342,-0.04424767684509662,0.42175022531694395,1.5877861071304458,0.11233471405562503,0.0429853467422203,12.93677559269175,9,0.16548803135285786,30.430887236814367,Higher in CRC,,0.4093709671422435,False,0.18875127423592367
CRC_vs_Control,Female,Phocaeicola plebeius,rCLR_Phocaeicola plebeius,CRC,Control,9,238,276,-0.19940125986573193,0.1265589523383826,-0.4474568064489618,0.04865428671749797,-1.5755602917175684,0.1151271733591653,0.05071212397164485,12.338755558271897,8,0.13671733724084956,35.1636397834561,Higher in Control,,0.4093709671422435,False,0.19940125986573193
CRC_vs_Control,Female,[Ruminococcus] gnavus,rCLR_[Ruminococcus] gnavus,CRC,Control,10,245,293,0.13661712819868724,0.08753776404320539,-0.03495688932599533,0.3081911457233698,1.560665042018415,0.11860280356457524,0.0,6.900091035623758,9,0.6475206611390972,0.0,Higher in CRC,,0.4093709671422435,False,0.13661712819868724
CRC_vs_Control,Female,Fusicatenibacter saccharivorans,rCLR_Fusicatenibacter saccharivorans,CRC,Control,10,245,293,-0.19131410678467997,0.12545544160446265,-0.43720677232942673,0.054578558760066814,-1.5249566247421715,0.12726991681554317,0.05630451593985362,14.537419625142919,9,0.1044513473789005,38.090801310885865,Higher in Control,,0.41584741651553003,False,0.19131410678467997
CRC_vs_Control,Female,Akkermansia muciniphila,rCLR_Akkermansia muciniphila,CRC,Control,10,245,293,0.1330763558239679,0.08749087821548328,-0.03840576547837932,0.3045584771263151,1.521031203918323,0.12825200696273356,0.0,5.783071182895636,9,0.7614178118829013,0.0,Higher in CRC,,0.41584741651553003,False,0.1330763558239679
CRC_vs_Control,Female,Barnesiella intestinihominis,rCLR_Barnesiella intestinihominis,CRC,Control,10,245,293,0.13213164635997182,0.09313864143533628,-0.050420090853287275,0.3146833835732309,1.4186555045652816,0.1559994754363805,0.005238406771426277,7.347570424635713,9,0.6009811796412118,0.0,Higher in CRC,,0.490939525638021,False,0.13213164635997182
CRC_vs_Control,Female,Coprococcus eutactus,rCLR_Coprococcus eutactus,CRC,Control,10,245,293,-0.16672825349947762,0.12126863475004661,-0.40441477760956895,0.07095827061061372,-1.3748670778980097,0.1691726575809488,0.04765920059631274,13.528644398926826,9,0.14010782297180993,33.47448765292453,Higher in Control,,0.5171849817474721,False,0.16672825349947762
CRC_vs_Control,Female,Klebsiella quasipneumoniae,rCLR_Klebsiella quasipneumoniae,CRC,Control,10,245,293,0.1453168572245211,0.10851413395248174,-0.06737084532234314,0.35800455977138534,1.3391514260082953,0.18052138178947252,0.025013470264149407,11.988120553769972,9,0.21397984048111074,24.92567988758072,Higher in CRC,,0.5365496625409322,False,0.1453168572245211
CRC_vs_Control,Female,Collinsella aerofaciens,rCLR_Collinsella aerofaciens,CRC,Control,10,245,293,0.11364696552286463,0.08739569905580903,-0.05764860462652108,0.28494253567225036,1.300372521195718,0.1934733232190664,0.0,4.441682528693807,9,0.880016623616811,0.0,Higher in CRC,,0.5561117467914496,False,0.11364696552286463
CRC_vs_Control,Female,Parabacteroides merdae,rCLR_Parabacteroides merdae,CRC,Control,10,245,293,0.11291237872500505,0.08761633919960522,-0.058815646106221184,0.28464040355623127,1.2887137234502695,0.1974976297016363,0.0,9.781951702950838,9,0.36842428281311346,7.993820933658398,Higher in CRC,,0.5561117467914496,False,0.11291237872500505
CRC_vs_Control,Female,Bacteroides sp. CAG:144,rCLR_Bacteroides sp. CAG:144,CRC,Control,8,212,255,-0.1743674243569707,0.1476080355375269,-0.4636791740105234,0.11494432529658202,-1.1812868027272176,0.23748880820803775,0.07526013056820409,12.326062565656466,7,0.09033324282424618,43.20976416667092,Higher in Control,,0.6379907927420951,False,0.1743674243569707
CRC_vs_Control,Female,Holdemanella biformis,rCLR_Holdemanella biformis,CRC,Control,10,245,293,-0.16639557132476435,0.1411637825890941,-0.44307658519938875,0.11028544254986006,-1.1787412342804393,0.23850123093162434,0.09225486165266435,18.014661033917,9,0.03500382603198593,50.040691950543504,Higher in Control,,0.6379907927420951,False,0.16639557132476435
CRC_vs_Control,Female,Bifidobacterium longum,rCLR_Bifidobacterium longum,CRC,Control,10,245,293,-0.11000451898689298,0.09473867265817956,-0.2956923173969249,0.07568327942313896,-1.1611363754672088,0.24558644394809004,0.006868045448117958,9.171596126000276,9,0.42158763765196344,1.8709516167401168,Higher in Control,,0.6409207195718447,False,0.11000451898689298
CRC_vs_Control,Female,Phascolarctobacterium succinatutens,rCLR_Phascolarctobacterium succinatutens,CRC,Control,10,245,293,0.09769924781788737,0.08757703711229915,-0.07395174492221897,0.2693502405579937,1.1155806480711217,0.26460167947082935,0.0,8.66052354211222,9,0.4691822006789853,0.0,Higher in CRC,,0.6682775427664107,False,0.09769924781788737
CRC_vs_Control,Female,Lachnospira eligens,rCLR_Lachnospira eligens,CRC,Control,10,245,293,-0.10936297014328233,0.09884716454508868,-0.3031034126516562,0.0843774723650915,-1.1063844941490144,0.2685601340089314,0.011610238424463752,9.911974432534807,9,0.35765832644373075,9.200734311232338,Higher in Control,,0.6682775427664107,False,0.10936297014328233
CRC_vs_Control,Female,Eubacterium sp. CAG:274,rCLR_Eubacterium sp. CAG:274,CRC,Control,9,238,276,-0.09383371489953303,0.08903040587431493,-0.2683333104131903,0.08066588061412423,-1.0539513324470178,0.2919051993491357,0.0,3.3022298688148397,8,0.9139851775585908,0.0,Higher in Control,,0.7098603711444892,False,0.09383371489953303
CRC_vs_Control,Female,Bacteroides finegoldii,rCLR_Bacteroides finegoldii,CRC,Control,10,245,293,0.09023759712667911,0.08748093462883776,-0.08122503474584289,0.2617002289992011,1.0315115803178974,0.30230098052870824,0.0,6.939961738134612,9,0.6433703080797344,0.0,Higher in CRC,,0.7188045537015951,False,0.09023759712667911
CRC_vs_Control,Female,Megamonas funiformis,rCLR_Megamonas funiformis,CRC,Control,9,238,276,-0.10693814102345564,0.10666024062645567,-0.3159922126513087,0.10211593060439747,-1.0026054731863323,0.3160512540078032,0.018665750730069645,8.183828323497684,8,0.41572249067154743,2.246238755642879,Higher in Control,,0.7318060982434713,False,0.10693814102345564
CRC_vs_Control,Female,Parasutterella excrementihominis,rCLR_Parasutterella excrementihominis,CRC,Control,10,245,293,-0.08841845668708506,0.09139849473737485,-0.2675595063723398,0.09072259299816965,-0.9673951079954581,0.333346554668002,0.003402672515937853,10.212917086789393,9,0.3335250715669703,11.876304061631172,Higher in Control,,0.7318060982434713,False,0.08841845668708506
CRC_vs_Control,Female,Bacteroides caccae,rCLR_Bacteroides caccae,CRC,Control,10,245,293,0.08288238462289399,0.0875393392205644,-0.08869472024941222,0.2544594894952002,0.9468015792769839,0.3437398968921732,0.0,8.631456568211801,9,0.47196523578800464,0.0,Higher in CRC,,0.7318060982434713,False,0.08288238462289399
CRC_vs_Control,Female,Oscillibacter sp. CAG:241,rCLR_Oscillibacter sp. CAG:241,CRC,Control,10,245,293,0.09166529905432393,0.09713185060862148,-0.09871312813857418,0.282043726247222,0.9437202985421927,0.34531259835469386,0.009701735657239965,8.014659698632146,9,0.5326695482951878,0.0,Higher in CRC,,0.7318060982434713,False,0.09166529905432393
CRC_vs_Control,Female,Oscillibacter sp. 57_20,rCLR_Oscillibacter sp. 57_20,CRC,Control,10,245,293,-0.1357212401246505,0.14429897350543208,-0.4185472281952973,0.14710474794599634,-0.9405558253644911,0.34693252865817237,0.10056106806073183,17.57731447684433,9,0.04040644452558507,48.7976390713368,Higher in Control,,0.7318060982434713,False,0.1357212401246505
CRC_vs_Control,Female,Adlercreutzia equolifaciens_1,rCLR_Adlercreutzia equolifaciens_1,CRC,Control,10,245,293,-0.080843694220887,0.08788751934843518,-0.2531032321438199,0.09141584370204595,-0.9198540910044061,0.357649012389884,0.0003895331985516013,6.103758710023191,9,0.7294904386100118,0.0,Higher in Control,,0.7318060982434713,False,0.080843694220887
CRC_vs_Control,Female,[Eubacterium] siraeum,rCLR_[Eubacterium] siraeum,CRC,Control,10,245,293,-0.07996959875754255,0.0874265601921325,-0.25132565673412227,0.09138645921903717,-0.9147059953153571,0.36034599611744345,0.0,5.77498637100372,9,0.7622102811360447,0.0,Higher in Control,,0.7318060982434713,False,0.07996959875754255
CRC_vs_Control,Female,Roseburia faecis,rCLR_Roseburia faecis,CRC,Control,10,245,293,-0.07955584686865332,0.0873943401425501,-0.25084875354805153,0.09173705981074488,-0.9103089140428167,0.362659618804281,0.0,5.058178811763932,9,0.8292074478274246,0.0,Higher in Control,,0.7318060982434713,False,0.07955584686865332
CRC_vs_Control,Female,Coprococcus catus,rCLR_Coprococcus catus,CRC,Control,10,245,293,0.09106845372448213,0.10235248411831255,-0.10954241514741045,0.29167932259637475,0.8897532337291703,0.3735984029587651,0.016300399261340002,9.378001295265408,9,0.4031378940290319,4.030723427776089,Higher in CRC,,0.7318060982434713,False,0.09106845372448213
CRC_vs_Control,Female,Bacteroides salyersiae,rCLR_Bacteroides salyersiae,CRC,Control,9,238,276,-0.07890564396942966,0.08915992501120706,-0.2536590969913955,0.09584780905253619,-0.8849900216886849,0.376162013115803,0.0,6.30222938325803,8,0.6134177349306638,0.0,Higher in Control,,0.7318060982434713,False,0.07890564396942966
CRC_vs_Control,Female,Gemmiger formicilis,rCLR_Gemmiger formicilis,CRC,Control,10,245,293,-0.07433078840087554,0.08739783262058112,-0.24563054033721454,0.09696896353546347,-0.8504877772377566,0.3950539530675833,0.0,5.229976163405592,9,0.8138174699059744,0.0,Higher in Control,,0.7444309764130315,False,0.07433078840087554
CRC_vs_Control,Female,[Ruminococcus] lactaris,rCLR_[Ruminococcus] lactaris,CRC,Control,10,245,293,-0.07349428202252459,0.08767192611646052,-0.2453312572107872,0.09834269316573802,-0.8382875257570729,0.4018692400797368,0.0,11.547990178124548,9,0.24000677514937452,22.064360454265252,Higher in Control,,0.7444309764130315,False,0.07349428202252459
CRC_vs_Control,Female,Eubacterium ramulus,rCLR_Eubacterium ramulus,CRC,Control,10,245,293,0.09069702396576364,0.10857429467096208,-0.12210859358932204,0.3035026415208493,0.8353452743176818,0.40352333300893295,0.02502682363381399,12.95467050138189,9,0.16466812455463073,30.526986394289544,Higher in CRC,,0.7444309764130315,False,0.09069702396576364
CRC_vs_Control,Female,Lawsonibacter asaccharolyticus,rCLR_Lawsonibacter asaccharolyticus,CRC,Control,10,245,293,0.09963416124871848,0.12377618362320801,-0.1429671586527692,0.3422354811502062,0.8049542192383211,0.4208460986570868,0.053042276639314295,13.676777135454085,9,0.1342963569838098,34.19502335334947,Higher in CRC,,0.7632293653611574,False,0.09963416124871848
CRC_vs_Control,Female,Coprobacter fastidiosus,rCLR_Coprobacter fastidiosus,CRC,Control,9,238,276,-0.06759227590407602,0.08903653368450452,-0.24210388192570487,0.10691933011755284,-0.7591521492018668,0.44776154654706946,0.0,3.949094571390642,8,0.8616868551824954,0.0,Higher in Control,,0.7939803350741476,False,0.06759227590407602
CRC_vs_Control,Female,Roseburia hominis,rCLR_Roseburia hominis,CRC,Control,10,245,293,-0.0646736828155627,0.08733492537759249,-0.23585013655564396,0.10650277092451858,-0.7405248534414619,0.458981586362321,0.0,3.9919071719936845,9,0.9119443683184656,0.0,Higher in Control,,0.7939803350741476,False,0.0646736828155627
CRC_vs_Control,Female,Eubacterium sp. CAG:38,rCLR_Eubacterium sp. CAG:38,CRC,Control,10,245,293,-0.06433860950666138,0.08737229878541473,-0.23558831512607425,0.1069110961127515,-0.7363730885080202,0.46150367758692923,0.0,4.936617103786016,9,0.8397981173171957,0.0,Higher in Control,,0.7939803350741476,False,0.06433860950666138
CRC_vs_Control,Female,Phocaeicola dorei,rCLR_Phocaeicola dorei,CRC,Control,10,245,293,0.09231356787627248,0.12735292362946754,-0.1572981624374839,0.34192529819002887,0.7248641432438424,0.46853538024624397,0.06033154362576868,15.006429115660987,9,0.09075953110660358,40.02570544509197,Higher in CRC,,0.7939803350741476,False,0.09231356787627248
CRC_vs_Control,Female,Alistipes inops,rCLR_Alistipes inops,CRC,Control,10,245,293,0.06248802867838507,0.0874542445999292,-0.10892229073747617,0.2338983480942463,0.7145225364903062,0.4749041256518266,0.0,6.778529831976016,9,0.660165156594029,0.0,Higher in CRC,,0.7939803350741476,False,0.06248802867838507
CRC_vs_Control,Female,Firmicutes bacterium CAG:145,rCLR_Firmicutes bacterium CAG:145,CRC,Control,10,245,293,0.08077076944338156,0.11873623493331872,-0.15195225102592314,0.3134937899126862,0.6802537531086593,0.49634380190126715,0.04288416115844781,13.180478018009849,9,0.1546084322173364,31.71719578225941,Higher in CRC,,0.7965623411857795,False,0.08077076944338156
CRC_vs_Control,Female,Parvimonas micra,rCLR_Parvimonas micra,CRC,Control,9,238,276,-0.09011635221574173,0.13445387457695496,-0.35364594638657343,0.17341324195509,-0.6702399056872358,0.5027048687779594,0.06650655249980722,13.983950051271258,8,0.08218471253184459,42.791557673843855,Higher in Control,,0.7965623411857795,False,0.09011635221574173
CRC_vs_Control,Female,Klebsiella variicola,rCLR_Klebsiella variicola,CRC,Control,10,245,293,0.08339616418690861,0.12597706070284087,-0.16351887479065952,0.3303112031644767,0.6619948403434052,0.5079745284155821,0.057027491994302286,15.526318659101424,9,0.07745678138708366,42.03390901857949,Higher in CRC,,0.7965623411857795,False,0.08339616418690861
CRC_vs_Control,Female,Firmicutes bacterium CAG:110,rCLR_Firmicutes bacterium CAG:110,CRC,Control,10,245,293,0.09256597056468586,0.1404878440265653,-0.18279020372738214,0.36792214485675384,0.6588895374263289,0.5099667048900782,0.09050091621417654,17.822640042172033,9,0.03728788418434051,49.5024307358273,Higher in CRC,,0.7965623411857795,False,0.09256597056468586
CRC_vs_Control,Female,Bacteroides xylanisolvens,rCLR_Bacteroides xylanisolvens,CRC,Control,10,245,293,0.05647017595384144,0.08751239901431723,-0.11505412611422033,0.2279944780219032,0.6452820010636754,0.5187444545438389,0.0,8.464546644103791,9,0.4880915095913977,0.0,Higher in CRC,,0.7965623411857795,False,0.05647017595384144
CRC_vs_Control,Female,Prevotella copri,rCLR_Prevotella copri,CRC,Control,10,245,293,-0.05571739245568873,0.08724482560051769,-0.22671725063270337,0.11528246572132593,-0.6386326303271115,0.5230619487575034,0.0,2.023937697518664,9,0.9910833768616161,0.0,Higher in Control,,0.7965623411857795,False,0.05571739245568873
CRC_vs_Control,Female,Blautia sp. CAG:257,rCLR_Blautia sp. CAG:257,CRC,Control,10,245,293,0.07363167791376629,0.11830219260949294,-0.15824061960083988,0.3055039754283725,0.6224033239757372,0.5336766953038143,0.04208603470701187,12.978355742694376,9,0.1635880901978511,30.653773263487754,Higher in CRC,,0.7965623411857795,False,0.07363167791376629
CRC_vs_Control,Female,Eubacterium ventriosum,rCLR_Eubacterium ventriosum,CRC,Control,10,245,293,-0.05407964508635263,0.08752926276495253,-0.22563700010565957,0.11747770993295431,-0.6178464593215629,0.5366765548974284,0.0,8.54081927004118,9,0.4806921012305432,0.0,Higher in Control,,0.7965623411857795,False,0.05407964508635263
CRC_vs_Control,Female,Streptococcus thermophilus,rCLR_Streptococcus thermophilus,CRC,Control,10,245,293,-0.07372018884406187,0.12132901122952297,-0.3115250508539269,0.16408467316580316,-0.6076056179556464,0.5434490738931019,0.04816549865875206,13.93540161670999,9,0.12464174401073781,35.416285460994054,Higher in Control,,0.7965623411857795,False,0.07372018884406187
CRC_vs_Control,Female,Streptococcus parasanguinis,rCLR_Streptococcus parasanguinis,CRC,Control,10,245,293,-0.059156924712341775,0.10160229540862004,-0.25829742371323705,0.1399835742885535,-0.5822400416686142,0.5604050056866767,0.015290276793495653,9.53386054298376,9,0.3895209624268199,5.599626096656545,Higher in Control,,0.810315346060465,False,0.059156924712341775
CRC_vs_Control,Female,Alistipes putredinis,rCLR_Alistipes putredinis,CRC,Control,10,245,293,-0.05693054676632594,0.10062357970655891,-0.2541527629911814,0.14029166945852953,-0.5657773946459496,0.5715451152452997,0.013830194790813948,11.09675037990107,9,0.2691354690637049,18.89517478647441,Higher in Control,,0.8154043644166277,False,0.05693054676632594
CRC_vs_Control,Female,Bacteroides ovatus,rCLR_Bacteroides ovatus,CRC,Control,10,245,293,0.048204642535055395,0.08745047842205265,-0.12319829517216781,0.2196075802422786,0.5512221705913445,0.5814813836745438,0.0,7.0031236634639695,9,0.6367941720707238,0.0,Higher in CRC,,0.8186645796470551,False,0.048204642535055395
CRC_vs_Control,Female,Intestinibacter bartlettii,rCLR_Intestinibacter bartlettii,CRC,Control,9,239,282,-0.048667710123453,0.09103877040118731,-0.22710370010978012,0.12976827986287412,-0.5345822434660024,0.5929387648167075,0.001799164547994613,10.012970636984273,8,0.2641167264255679,20.103630680280745,Higher in Control,,0.8239538679920481,False,0.048667710123453
CRC_vs_Control,Female,Phocaeicola massiliensis,rCLR_Phocaeicola massiliensis,CRC,Control,10,245,293,-0.0608650872850739,0.11915872895829227,-0.29441619604332675,0.17268602147317896,-0.5107900010109858,0.6094981114562043,0.04316955806574965,15.380248447553237,9,0.08100688042456128,41.48339000705959,Higher in Control,,0.8358073415892538,False,0.0608650872850739
CRC_vs_Control,Female,Eubacterium sp. CAG:180,rCLR_Eubacterium sp. CAG:180,CRC,Control,10,245,293,0.043809261207566015,0.08762258520520133,-0.1279310057946286,0.21554952820976062,0.49997681653617165,0.617091401734122,0.0,11.081597368744427,9,0.2701573102359255,18.784271792941684,Higher in CRC,,0.8358073415892538,False,0.043809261207566015
CRC_vs_Control,Female,Klebsiella pneumoniae,rCLR_Klebsiella pneumoniae,CRC,Control,10,245,293,0.04790451890066768,0.09847758093943629,-0.14511153974062743,0.2409205775419628,0.48645101193264445,0.6266474302098912,0.011069542710043352,11.864160088780084,9,0.22107611188209067,24.14127984912067,Higher in CRC,,0.8381409379057295,False,0.04790451890066768
CRC_vs_Control,Female,Ruminococcus bromii,rCLR_Ruminococcus bromii,CRC,Control,10,245,293,0.04662061223224359,0.10798473883079698,-0.1650294758761185,0.2582707003406057,0.4317333424799422,0.6659352311277023,0.02403368011726638,14.019119142588744,9,0.12164674662512913,35.801957965683734,Higher in CRC,,0.8796922188970883,False,0.04662061223224359
CRC_vs_Control,Female,Methanobrevibacter smithii,rCLR_Methanobrevibacter smithii,CRC,Control,9,239,282,0.03682996988509836,0.08878786377700891,-0.13719424311783912,0.2108541828880358,0.41480860467143327,0.6782820200031943,0.0,7.103605932698504,8,0.5254968094139028,0.0,Higher in CRC,,0.885075318784656,False,0.03682996988509836
CRC_vs_Control,Female,Slackia isoflavoniconvertens,rCLR_Slackia isoflavoniconvertens,CRC,Control,10,245,293,-0.03280909399456377,0.08742369201993434,-0.2041595303536351,0.13854134236450755,-0.37528835989999876,0.7074460220568479,0.0,6.657513119570975,9,0.6727280799869557,0.0,Higher in Control,,0.9086793992707412,False,0.03280909399456377
CRC_vs_Control,Female,Bacteroides eggerthii,rCLR_Bacteroides eggerthii,CRC,Control,10,245,293,-0.03211563819651076,0.08742448223528061,-0.20346762337766075,0.13923634698463924,-0.3673529127696718,0.7133557900817034,0.0,6.671770567595108,9,0.6712497460656008,0.0,Higher in Control,,0.9086793992707412,False,0.03211563819651076
CRC_vs_Control,Female,Dialister invisus,rCLR_Dialister invisus,CRC,Control,10,245,293,0.03587923031496028,0.10279611020971997,-0.16560114569609086,0.23735960632601144,0.3490329570035393,0.7270645674684393,0.01669648204304609,11.717830917598342,9,0.229688080400926,23.19397622913799,Higher in CRC,,0.9152459849308588,False,0.03587923031496028
CRC_vs_Control,Female,Acidaminococcus intestini,rCLR_Acidaminococcus intestini,CRC,Control,9,226,277,-0.02875893085628354,0.09039334327388304,-0.20592988367309428,0.14841202196052722,-0.3181531937495306,0.7503687354105267,0.0,4.671407569221555,8,0.7920494709570692,0.0,Higher in Control,,0.933598310336353,False,0.02875893085628354
CRC_vs_Control,Female,Phocaeicola vulgatus,rCLR_Phocaeicola vulgatus,CRC,Control,10,245,293,-0.035769142834784,0.13542801622142908,-0.30120805462878497,0.22966976895921698,-0.2641192260861322,0.791688049491003,0.07850215843897458,16.227401370135706,9,0.062282052685165706,44.53825480299478,Higher in Control,,0.9456921739583478,False,0.035769142834784
CRC_vs_Control,Female,Blautia wexlerae,rCLR_Blautia wexlerae,CRC,Control,10,245,293,-0.022966455096355223,0.08754306623889661,-0.1945508649245926,0.14861795473188213,-0.2623446502739803,0.7930557411712921,0.0,9.338977436683237,9,0.4065901285902732,3.629706131976969,Higher in Control,,0.9456921739583478,False,0.022966455096355223
CRC_vs_Control,Female,Phocaeicola coprocola,rCLR_Phocaeicola coprocola,CRC,Control,9,238,276,0.02652112090393348,0.10164433102870657,-0.17270176791233138,0.22574400972019837,0.26092080724544625,0.7941535786324849,0.01243048271313571,7.3873326522278635,8,0.4954759998009113,0.0,Higher in CRC,,0.9456921739583478,False,0.02652112090393348
CRC_vs_Control,Female,Agathobaculum butyriciproducens,rCLR_Agathobaculum butyriciproducens,CRC,Control,10,245,293,-0.02270454302284141,0.08757764506047579,-0.19435672734137396,0.14894764129569113,-0.2592504400770657,0.7954420154789842,0.0,10.077251823035214,9,0.34426753393793447,10.689936521907333,Higher in Control,,0.9456921739583478,False,0.02270454302284141
CRC_vs_Control,Female,Anaerotignum lactatifermentans,rCLR_Anaerotignum lactatifermentans,CRC,Control,10,245,293,0.02615693931309256,0.11860538399762738,-0.20630961332225708,0.2586234919484422,0.22053753743266674,0.8254525412828723,0.0424848416232387,13.728724675649692,9,0.13230751452354467,34.44402001911304,Higher in CRC,,0.9484472362103807,False,0.02615693931309256
CRC_vs_Control,Female,Blautia obeum,rCLR_Blautia obeum,CRC,Control,10,245,293,0.018355807313052388,0.08749042006211846,-0.1531254160086998,0.1898370306348046,0.20980362535715005,0.8338209434131081,0.0,8.148732871408553,9,0.5192299135018479,0.0,Higher in CRC,,0.9484472362103807,False,0.018355807313052388
CRC_vs_Control,Female,Roseburia intestinalis,rCLR_Roseburia intestinalis,CRC,Control,10,245,293,-0.01819228342210649,0.08747683322600203,-0.18964687654507045,0.15326230970085747,-0.20796687249875123,0.8352548337290308,0.0,7.90347025735295,9,0.5439026823422195,0.0,Higher in Control,,0.9484472362103807,False,0.01819228342210649
CRC_vs_Control,Female,Alistipes shahii,rCLR_Alistipes shahii,CRC,Control,10,245,293,-0.017712603905930376,0.08745159896288633,-0.18911773787318759,0.15369253006132683,-0.2025417958732515,0.8394931870482492,0.0,7.201234168608072,9,0.6161769047515706,0.0,Higher in Control,,0.9484472362103807,False,0.017712603905930376
CRC_vs_Control,Female,[Eubacterium] rectale,rCLR_[Eubacterium] rectale,CRC,Control,10,245,293,0.018057507789448556,0.09553882640603927,-0.1691985919663884,0.20531360754528552,0.18900700865535325,0.8500873236867607,0.007888538635520831,8.447995944124164,9,0.4897036658115135,0.0,Higher in CRC,,0.9484472362103807,False,0.018057507789448556
CRC_vs_Control,Female,Bifidobacterium bifidum,rCLR_Bifidobacterium bifidum,CRC,Control,10,245,293,0.01642763163737891,0.08742056288447474,-0.15491667161619155,0.1877719348909494,0.1879149606836533,0.8509433147308089,0.0,6.509528560142267,9,0.6880359910978451,0.0,Higher in CRC,,0.9484472362103807,False,0.01642763163737891
CRC_vs_Control,Female,Escherichia coli,rCLR_Escherichia coli,CRC,Control,10,245,293,0.013832055544932442,0.08729863718131473,-0.1572732733304444,0.1849373844203093,0.15844526319699564,0.8741059493405999,0.0,3.6652240186458105,9,0.9320344488036529,0.0,Higher in CRC,,0.9638699472611143,False,0.013832055544932442
CRC_vs_Control,Female,Gordonibacter pamelaeae,rCLR_Gordonibacter pamelaeae,CRC,Control,10,245,293,0.01291016853134428,0.087571244632868,-0.158729470949077,0.18454980801176554,0.1474247463932781,0.882796774127002,0.0,9.69936939385313,9,0.37536664946884335,7.210462510030273,Higher in CRC,,0.9638699472611143,False,0.01291016853134428
CRC_vs_Control,Female,Roseburia inulinivorans,rCLR_Roseburia inulinivorans,CRC,Control,10,245,293,0.01069788795583515,0.0874271967981308,-0.1606594177685012,0.1820551936801715,0.12236338745409567,0.9026112331509919,0.0,6.716156573143885,9,0.6666442114656008,0.0,Higher in CRC,,0.9678099065896282,False,0.01069788795583515
CRC_vs_Control,Female,Eggerthella lenta,rCLR_Eggerthella lenta,CRC,Control,10,245,293,0.01025933690830225,0.09535749122565075,-0.17664134589397323,0.19716001971057773,0.10758815879525292,0.9143223903776769,0.007678126592218187,8.676107831170063,9,0.4676932569668548,0.0,Higher in CRC,,0.9678099065896282,False,0.01025933690830225
CRC_vs_Control,Female,Dorea longicatena,rCLR_Dorea longicatena,CRC,Control,10,245,293,-0.009742742492778317,0.10422567517422879,-0.21402506583426673,0.1945395808487101,-0.09347737471109559,0.9255243233466658,0.019011797585553086,9.15548217066492,9,0.4230474831235598,1.6982412041945762,Higher in Control,,0.9678099065896282,False,0.009742742492778317
CRC_vs_Control,Female,Bacteroides intestinalis,rCLR_Bacteroides intestinalis,CRC,Control,10,245,293,-0.007330480317870839,0.08740328481377747,-0.1786409185528747,0.16397995791713302,-0.08386962038657074,0.933160093854061,0.0,6.062196938130411,9,0.7336775740311361,0.0,Higher in Control,,0.9678099065896282,False,0.007330480317870839
CRC_vs_Control,Female,Bacteroides uniformis,rCLR_Bacteroides uniformis,CRC,Control,10,245,293,-0.007313540270747076,0.08732180187368306,-0.17846427194316586,0.16383719140167172,-0.08375388635849053,0.9332521124916385,0.0,4.268985669838615,9,0.8928334872580768,0.0,Higher in Control,,0.9678099065896282,False,0.007313540270747076
CRC_vs_Control,Female,Bifidobacterium pseudocatenulatum,rCLR_Bifidobacterium pseudocatenulatum,CRC,Control,10,245,293,0.007283171731626264,0.09938584611938087,-0.18751308666236022,0.20207943012561275,0.07328178021322897,0.9415818899966973,0.012243240947031395,11.449416913017041,9,0.24615629636285252,21.393376899676493,Higher in CRC,,0.9678099065896282,False,0.007283171731626264
CRC_vs_Control,Female,Enterocloster bolteae,rCLR_Enterocloster bolteae,CRC,Control,10,245,293,-0.007431262302753222,0.11784730534742512,-0.23841198078370646,0.2235494561782,-0.0630583981606126,0.9497200017935603,0.0409358982357214,14.496428420042857,9,0.10572973954631132,37.915742145447766,Higher in Control,,0.9678099065896282,False,0.007431262302753222
CRC_vs_Control,Female,Ruminococcus bicirculans,rCLR_Ruminococcus bicirculans,CRC,Control,10,245,293,-0.0063742409727506,0.13443135078590743,-0.26985968851312914,0.257111206567628,-0.047416327631060434,0.9621814160888386,0.07643535020806498,15.846322801461149,9,0.07016095330543384,43.20448906184006,Higher in Control,,0.971258599259488,False,0.0063742409727506
CRC_vs_Control,Female,Phascolarctobacterium faecium,rCLR_Phascolarctobacterium faecium,CRC,Control,10,245,293,-0.001346939788298259,0.08745294964618554,-0.1727547210948219,0.1700608415182254,-0.01540187945343944,0.9877115640181517,0.0,7.499982919442773,9,0.585210532710253,0.0,Higher in Control,,0.9877115640181517,False,0.001346939788298259
CRC_vs_Control,Male,Ruthenibacterium lactatiformans,rCLR_Ruthenibacterium lactatiformans,CRC,Control,10,426,371,0.4167075885893412,0.07615554599047465,0.26744271844801093,0.5659724587306715,5.4717956935331005,4.45498252850122e-08,0.0031701666302220493,5.2498378740171745,9,0.8120080561486042,0.0,Higher in CRC,,4.766831305496306e-06,True,0.4167075885893412
CRC_vs_Control,Male,Lachnospira eligens,rCLR_Lachnospira eligens,CRC,Control,10,426,371,-0.33422380867849877,0.0721124649589327,-0.47556423999800684,-0.1928833773589907,-4.634757789361878,3.573556510281508e-06,0.0,8.261124474883868,9,0.508060555948711,0.0,Higher in Control,,0.0001911852733000607,True,0.33422380867849877
CRC_vs_Control,Male,Odoribacter splanchnicus,rCLR_Odoribacter splanchnicus,CRC,Control,10,426,371,0.2806156912717633,0.07204871086603493,0.13940021797433483,0.42183116456919173,3.8948051658208174,9.827769279833703e-05,0.0,11.828644447292398,9,0.22314282365669358,23.91351316625195,Higher in CRC,,0.0035052377098073544,True,0.2806156912717633
CRC_vs_Control,Male,Lachnospira pectinoschiza,rCLR_Lachnospira pectinoschiza,CRC,Control,10,426,371,-0.25828168251667916,0.07182969162102348,-0.3990678780938852,-0.11749548693947312,-3.595750958801053,0.0003234571320452605,0.0,4.818412058377521,9,0.8498416786761003,0.0,Higher in Control,,0.008652478282210718,True,0.25828168251667916
CRC_vs_Control,Male,Eubacterium ventriosum,rCLR_Eubacterium ventriosum,CRC,Control,10,426,371,-0.3277836503705257,0.09868267076138396,-0.5212016850628383,-0.13436561567821315,-3.3215928170723212,0.0008950520724463177,0.032721308073226235,13.326089015746543,9,0.1483976412470546,32.463305705332566,Higher in Control,,0.015669289512976893,True,0.3277836503705257
CRC_vs_Control,Male,Fusicatenibacter saccharivorans,rCLR_Fusicatenibacter saccharivorans,CRC,Control,10,426,371,-0.23685407105254436,0.07184437500839498,-0.37766904606899854,-0.0960390960360902,-3.2967656970342922,0.0009780505606657812,0.0,7.649507176431396,9,0.5698161810189872,0.0,Higher in Control,,0.015669289512976893,True,0.23685407105254436
CRC_vs_Control,Male,Roseburia faecis,rCLR_Roseburia faecis,CRC,Control,10,426,371,-0.2681891397606379,0.08167664402332814,-0.4282753620463611,-0.10810291747491477,-3.283547493504249,0.0010250937064564323,0.008852841235742148,16.49249225983179,9,0.05728260205831741,45.42971518064673,Higher in Control,,0.015669289512976893,True,0.2681891397606379
CRC_vs_Control,Male,Anaerostipes hadrus,rCLR_Anaerostipes hadrus,CRC,Control,10,426,371,-0.20511934258101952,0.07169467234939529,-0.3456409003858343,-0.06459778477620476,-2.8610123438655983,0.004222906096789235,0.0,3.7255572747194656,9,0.9285298268467933,0.0,Higher in Control,,0.056481369044556015,False,0.20511934258101952
CRC_vs_Control,Male,Roseburia intestinalis,rCLR_Roseburia intestinalis,CRC,Control,10,426,371,-0.24153243095462398,0.08810425198485065,-0.41421676484493125,-0.06884809706431672,-2.741438982946646,0.006117072099962707,0.017019666301844153,12.461965527317746,9,0.18850042976575004,27.7802527998397,Higher in Control,,0.07272519052177885,False,0.24153243095462398
CRC_vs_Control,Male,Bacteroides caccae,rCLR_Bacteroides caccae,CRC,Control,10,426,371,0.1938166521787623,0.0718127334284873,0.053063694658927185,0.3345696096985974,2.6989176281915124,0.006956539248669326,0.0,9.633042249498311,9,0.38100064901737346,6.571571400834252,Higher in CRC,,0.0744349699607618,False,0.1938166521787623
CRC_vs_Control,Male,Agathobaculum butyriciproducens,rCLR_Agathobaculum butyriciproducens,CRC,Control,10,426,371,-0.18048090750100507,0.07173144635463112,-0.32107454235608207,-0.03988727264592806,-2.5160639673809237,0.01186736418061194,0.0,7.120921629711044,9,0.6245312468652758,0.0,Higher in Control,,0.11543708793867978,False,0.18048090750100507
CRC_vs_Control,Male,Paraprevotella xylaniphila,rCLR_Paraprevotella xylaniphila,CRC,Control,10,426,371,-0.22297845853992743,0.09508358566567557,-0.40934228644465154,-0.036614630635203316,-2.345078353733361,0.0190230814245399,0.027216442306176074,13.087878498327916,9,0.1586700066336639,31.234080442068407,Higher in Control,,0.14651479889836058,False,0.22297845853992743
CRC_vs_Control,Male,Flavonifractor plautii,rCLR_Flavonifractor plautii,CRC,Control,10,426,371,0.1675064540805489,0.0716937243409384,0.02698675437230963,0.30802615378878817,2.336417247400547,0.019469505909652525,0.0,6.357254072486844,9,0.703698450578918,0.0,Higher in CRC,,0.14651479889836058,False,0.1675064540805489
CRC_vs_Control,Male,Alistipes shahii,rCLR_Alistipes shahii,CRC,Control,10,426,371,0.1672908088269933,0.07174852180676587,0.02666370608573218,0.30791791156825443,2.331627253276984,0.019720308824369474,0.0,8.723852065552949,9,0.4631457075697135,0.0,Higher in CRC,,0.14651479889836058,False,0.1672908088269933
CRC_vs_Control,Male,Alistipes putredinis,rCLR_Alistipes putredinis,CRC,Control,10,426,371,0.16605049715007375,0.07168643773143704,0.025545079196457154,0.30655591510369035,2.316344658834327,0.0205394577894898,0.0,6.147525187465911,9,0.7250673699172345,0.0,Higher in CRC,,0.14651479889836058,False,0.16605049715007375
CRC_vs_Control,Male,Akkermansia muciniphila,rCLR_Akkermansia muciniphila,CRC,Control,10,426,371,0.1595364153837531,0.07162165260217232,0.01915797628349536,0.29991485448401084,2.2274886097631637,0.025914636215926396,0.0,3.935147935731931,9,0.9156287989875199,0.0,Higher in CRC,,0.17257305762434133,False,0.1595364153837531
CRC_vs_Control,Male,Butyricimonas virosa,rCLR_Butyricimonas virosa,CRC,Control,9,406,360,0.1595098385703253,0.07308038583495569,0.01627228233381217,0.30274739480683843,2.182662786298931,0.029060652344667457,0.0,8.887733449518308,8,0.35185505008046764,9.988299655481011,Higher in CRC,,0.17257305762434133,False,0.1595098385703253
CRC_vs_Control,Male,Bacteroides thetaiotaomicron,rCLR_Bacteroides thetaiotaomicron,CRC,Control,10,426,371,0.15548240244147088,0.07171444859377574,0.014922083197670438,0.29604272168527135,2.1680763847491336,0.030152875281009833,0.0,8.029640646402594,9,0.5311619354384844,0.0,Higher in CRC,,0.17257305762434133,False,0.15548240244147088
CRC_vs_Control,Male,[Eubacterium] siraeum,rCLR_[Eubacterium] siraeum,CRC,Control,10,426,371,0.15933260379398062,0.07370819209217801,0.014864547293311742,0.30380066029464947,2.161667506302724,0.030643813970677433,0.0015423259607901935,9.214109286751007,9,0.41774953375870993,2.323711170420735,Higher in CRC,,0.17257305762434133,False,0.15933260379398062
CRC_vs_Control,Male,Parvimonas micra,rCLR_Parvimonas micra,CRC,Control,9,406,360,-0.3166235899909385,0.14905125715081435,-0.6087640540065347,-0.024483125975342357,-2.124259775082404,0.03364842732061893,0.13294213205537844,23.482757437364164,8,0.0027967033272861303,65.93245055935832,Higher in Control,,0.17978297100946777,False,0.3166235899909385
CRC_vs_Control,Male,Eubacterium sp. CAG:38,rCLR_Eubacterium sp. CAG:38,CRC,Control,10,426,371,-0.22171028154929184,0.10603076878607996,-0.42953058837000857,-0.013889974728575116,-2.0909994720173963,0.036528111309532874,0.04601658723302166,15.728281941090104,9,0.07277719409960016,42.7782383752448,Higher in Control,,0.17978297100946777,False,0.22171028154929184
CRC_vs_Control,Male,Roseburia inulinivorans,rCLR_Roseburia inulinivorans,CRC,Control,10,426,371,-0.14943510376305227,0.07163188399483214,-0.2898335963929233,-0.009036611133181272,-2.0861534756482634,0.03696472301129244,0.0,4.960738929413327,9,0.8377172216700238,0.0,Higher in Control,,0.17978297100946777,False,0.14943510376305227
CRC_vs_Control,Male,Faecalibacterium prausnitzii,rCLR_Faecalibacterium prausnitzii,CRC,Control,10,426,371,-0.1940261715332828,0.09402628711215961,-0.3783176942731157,-0.009734648793449957,-2.0635311410503525,0.03906219224508934,0.02572395158735513,13.121023127904277,9,0.15720612770601325,31.407788003514458,Higher in Control,,0.18172411174889389,False,0.1940261715332828
CRC_vs_Control,Male,Bifidobacterium longum,rCLR_Bifidobacterium longum,CRC,Control,10,426,371,-0.1447892529419781,0.07162254963253134,-0.28516945022173956,-0.004409055662216693,-2.0215596021761013,0.04322186906390799,0.0,4.848647259602299,9,0.8472973705176191,0.0,Higher in Control,,0.1926974995765898,False,0.1447892529419781
CRC_vs_Control,Male,Blautia obeum,rCLR_Blautia obeum,CRC,Control,10,426,371,0.14325836579666673,0.07169555302311614,0.0027350818713590963,0.2837816497219744,1.9981485567239747,0.04570055680797653,0.0,8.127797461804057,9,0.5213204677832232,0.0,Higher in CRC,,0.19559838313813954,False,0.14325836579666673
CRC_vs_Control,Male,Parabacteroides distasonis,rCLR_Parabacteroides distasonis,CRC,Control,10,426,371,0.1539322566438756,0.08122629258048583,-0.005271276813876624,0.31313579010162784,1.8951038112609486,0.0580786498360526,0.008742844460443353,10.835236258531914,9,0.28717200280029614,16.937667206719254,Higher in CRC,,0.22780471058258475,False,0.1539322566438756
CRC_vs_Control,Male,Streptococcus thermophilus,rCLR_Streptococcus thermophilus,CRC,Control,10,426,371,-0.1354220241258886,0.07170563324388055,-0.2759650652838945,0.005121017032117259,-1.8885827793375731,0.05894775627561557,0.0,8.804123037594803,9,0.4555484723655172,0.0,Higher in Control,,0.22780471058258475,False,0.1354220241258886
CRC_vs_Control,Male,Escherichia coli,rCLR_Escherichia coli,CRC,Control,10,426,371,0.17056971717178152,0.09055280614773131,-0.006913782877771862,0.34805321722133487,1.883649159292839,0.0596124476290876,0.02052611177037278,12.290476144082586,9,0.19742458089323744,26.772568495377858,Higher in CRC,,0.22780471058258475,False,0.17056971717178152
CRC_vs_Control,Male,[Eubacterium] rectale,rCLR_[Eubacterium] rectale,CRC,Control,10,426,371,-0.1415747408571295,0.07669180036793566,-0.2918906695782834,0.008741187864024391,-1.8460218716722288,0.0648890297486207,0.004106318594353476,12.344676919613626,9,0.19456805476074795,27.094082262286623,Higher in Control,,0.23941814424491084,False,0.1415747408571295
CRC_vs_Control,Male,Coprococcus comes,rCLR_Coprococcus comes,CRC,Control,10,426,371,-0.1326068215857489,0.07363832641298303,-0.27693794135519567,0.011724298183697829,-1.800785379641236,0.07173671415992527,0.0014743666296532568,11.333100958684582,9,0.2535656979094346,20.586607030061984,Higher in Control,,0.250336167420487,False,0.1326068215857489
CRC_vs_Control,Male,Dorea formicigenerans,rCLR_Dorea formicigenerans,CRC,Control,10,426,371,0.13528221714273225,0.07533281906712391,-0.012370108228830612,0.2829345425142951,1.7957939025511782,0.0725273008414495,0.002903785709417114,11.880195583514165,9,0.2201478961470565,24.243671438464677,Higher in CRC,,0.250336167420487,False,0.13528221714273225
CRC_vs_Control,Male,Clostridium sp. CAG:58,rCLR_Clostridium sp. CAG:58,CRC,Control,10,426,371,0.12367009303287846,0.07169214132578902,-0.01684650396566803,0.2641866900314249,1.725016030291063,0.08452458365450545,0.0,8.86521592048667,9,0.44980795472298196,0.0,Higher in CRC,,0.2826290765947526,False,0.12367009303287846
CRC_vs_Control,Male,Eubacterium sp. CAG:251,rCLR_Eubacterium sp. CAG:251,CRC,Control,10,426,371,-0.11677310701937976,0.07170182876447806,-0.25730869139775675,0.023762477358997225,-1.6285931479230353,0.10339917577599184,0.0,9.623918891591114,9,0.3817796349486784,6.483002388312539,Higher in Control,,0.3069510631146763,False,0.11677310701937976
CRC_vs_Control,Male,Collinsella aerofaciens,rCLR_Collinsella aerofaciens,CRC,Control,10,426,371,0.17690019184026223,0.10878672109766489,-0.036321781511160944,0.3901221651916854,1.6261193466934944,0.10392426914672132,0.05132278671826633,16.971534479837118,9,0.049163613768009685,46.970027897640186,Higher in CRC,,0.3069510631146763,False,0.17690019184026223
CRC_vs_Control,Male,Ruminococcus bicirculans,rCLR_Ruminococcus bicirculans,CRC,Control,10,426,371,-0.11524499411907567,0.07161303764271834,-0.2556065478988036,0.02511655966065228,-1.6092739243102594,0.10755645820950056,0.0,5.864639361654733,9,0.7533856354338195,0.0,Higher in Control,,0.3069510631146763,False,0.11524499411907567
CRC_vs_Control,Male,[Ruminococcus] torques,rCLR_[Ruminococcus] torques,CRC,Control,10,426,371,0.126155703312808,0.07849313875384147,-0.027690848644721267,0.2800022552703373,1.6072195011647936,0.10800622561009185,0.006025339244301796,7.745063345167452,9,0.5600278791916293,0.0,Higher in CRC,,0.3069510631146763,False,0.126155703312808
CRC_vs_Control,Male,Phocaeicola vulgatus,rCLR_Phocaeicola vulgatus,CRC,Control,10,426,371,0.1147109602666283,0.07156278196483369,-0.025552092384445724,0.25497401291770233,1.6029416006073918,0.10894754802043997,0.0,3.7309874328035217,9,0.9282097709304845,0.0,Higher in CRC,,0.3069510631146763,False,0.1147109602666283
CRC_vs_Control,Male,Phocaeicola coprocola,rCLR_Phocaeicola coprocola,CRC,Control,10,426,371,-0.11486217364702364,0.07166989362909819,-0.25533516516005605,0.0256108178660088,-1.602655840979081,0.10901065792857662,0.0,8.48229796631434,9,0.48636496839714394,0.0,Higher in Control,,0.3069510631146763,False,0.11486217364702364
CRC_vs_Control,Male,Bifidobacterium pseudocatenulatum,rCLR_Bifidobacterium pseudocatenulatum,CRC,Control,10,426,371,-0.14000446057626573,0.08827092913221467,-0.3130154816754065,0.03300656052287501,-1.5860766613950912,0.11272192037990296,0.017440655186384997,11.426384434000536,9,0.24761029870047288,21.234927356203304,Higher in Control,,0.3092627046320415,False,0.14000446057626573
CRC_vs_Control,Male,Bacteroides fragilis,rCLR_Bacteroides fragilis,CRC,Control,10,426,371,0.11101863288713426,0.07162038809937865,-0.02935732778764788,0.2513945935619164,1.5500981750208835,0.12111795402463042,0.0,6.418241797241567,9,0.697438182437516,0.0,Higher in CRC,,0.3239905270158864,False,0.11101863288713426
CRC_vs_Control,Male,Bifidobacterium bifidum,rCLR_Bifidobacterium bifidum,CRC,Control,10,426,371,-0.11181628724149699,0.07594373917761141,-0.26066601602961537,0.03703344154662137,-1.4723568848774962,0.14092452951888076,0.0035533773568590886,8.192029760969433,9,0.5149162303726806,0.0,Higher in Control,,0.36777865020781075,False,0.11181628724149699
CRC_vs_Control,Male,Alistipes finegoldii,rCLR_Alistipes finegoldii,CRC,Control,10,426,371,0.0995052378420508,0.07160077844425648,-0.04083228790869191,0.2398427635927935,1.3897228494452591,0.16461305354834,0.0,5.944229433436448,9,0.74548682740916,0.0,Higher in CRC,,0.41563918675594114,False,0.0995052378420508
CRC_vs_Control,Male,Ruminococcus bromii,rCLR_Ruminococcus bromii,CRC,Control,10,426,371,0.1171862610025435,0.08480685301609105,-0.049035170908994966,0.28340769291408197,1.38180178647012,0.1670325703785558,0.013029555602553517,9.963321080665512,9,0.353462746302773,9.668674459713046,Higher in CRC,,0.41563918675594114,False,0.1171862610025435
CRC_vs_Control,Male,Blautia sp. CAG:257,rCLR_Blautia sp. CAG:257,CRC,Control,10,426,371,0.09585737739616505,0.07165552425910178,-0.04458745015167444,0.23630220494400456,1.3377527885993956,0.18097703656537112,0.0,8.483549991823695,9,0.4862432937996046,0.0,Higher in CRC,,0.4401032480112434,False,0.09585737739616505
CRC_vs_Control,Male,Oscillibacter sp. 57_20,rCLR_Oscillibacter sp. 57_20,CRC,Control,10,426,371,0.09052071541419672,0.07160722427989961,-0.04982944417440653,0.23087087500279996,1.2641282541600511,0.20618399694457423,0.0,6.539639259586397,9,0.6849272843072078,0.0,Higher in CRC,,0.48487150099934695,False,0.09052071541419672
CRC_vs_Control,Male,Coprococcus catus,rCLR_Coprococcus catus,CRC,Control,10,426,371,0.11540624920496623,0.09200104697588038,-0.0649158028677593,0.2957283012776918,1.2544014769225607,0.20969611601043114,0.02273848673133524,12.765815335852968,9,0.17349232395482628,29.499215183511424,Higher in CRC,,0.48487150099934695,False,0.11540624920496623
CRC_vs_Control,Male,Methanobrevibacter smithii,rCLR_Methanobrevibacter smithii,CRC,Control,9,403,358,0.09088904714095408,0.07316831304552865,-0.05252084642828206,0.23429894071019022,1.2421913716173665,0.21416596241325758,0.0,6.160310657078977,8,0.6292800677379995,0.0,Higher in CRC,,0.48487150099934695,False,0.09088904714095408
CRC_vs_Control,Male,Anaerotignum lactatifermentans,rCLR_Anaerotignum lactatifermentans,CRC,Control,10,426,371,-0.08809671364249373,0.07157259465432105,-0.22837899916496296,0.05218557187997551,-1.2308721525044652,0.2183706843297284,0.0,5.241654749121729,9,0.8127542745969762,0.0,Higher in Control,,0.48487150099934695,False,0.08809671364249373
CRC_vs_Control,Male,Veillonella parvula,rCLR_Veillonella parvula,CRC,Control,10,426,371,0.0874996707062407,0.07165578207575514,-0.052945662162239365,0.22794500357472078,1.2211110976883242,0.2220439584015701,0.0,8.85095616275505,9,0.4511445917160367,0.0,Higher in CRC,,0.48487150099934695,False,0.0874996707062407
CRC_vs_Control,Male,Coprobacter fastidiosus,rCLR_Coprobacter fastidiosus,CRC,Control,9,406,360,0.12243569757507727,0.11096838217638526,-0.09506233149063784,0.33993372664079236,1.1033385832413471,0.2698801570976761,0.04929220846080642,14.708094271323215,8,0.06507616593301385,45.60818109795621,Higher in CRC,,0.5627561962288395,False,0.12243569757507727
CRC_vs_Control,Male,Bacteroides cellulosilyticus,rCLR_Bacteroides cellulosilyticus,CRC,Control,10,426,371,0.07887893104511397,0.07165296991337934,-0.06156088998510954,0.21931875207533746,1.1008466381849913,0.27096340971115185,0.0,9.037026764668788,9,0.433863337376785,0.40972286165564875,Higher in CRC,,0.5627561962288395,False,0.07887893104511397
CRC_vs_Control,Male,Dorea longicatena,rCLR_Dorea longicatena,CRC,Control,10,426,371,0.07845792556864464,0.07164694478549316,-0.061970086210921954,0.21888593734821124,1.0950631014838548,0.27348899255980985,0.0,8.775169811550349,9,0.4582816612535656,0.0,Higher in CRC,,0.5627561962288395,False,0.07845792556864464
CRC_vs_Control,Male,Eubacterium sp. CAG:274,rCLR_Eubacterium sp. CAG:274,CRC,Control,10,426,371,-0.08909733262785238,0.08302774317657967,-0.25183170925394854,0.07363704399824378,-1.0731031486471236,0.28322483844346114,0.0109541604273129,9.881747413244826,9,0.3601430664091668,8.922990806899103,Higher in Control,,0.571793541763214,False,0.08909733262785238
CRC_vs_Control,Male,Gordonibacter pamelaeae,rCLR_Gordonibacter pamelaeae,CRC,Control,10,426,371,-0.14055513884748658,0.1394134732129126,-0.41380554634479527,0.1326952686498221,-1.0081890624217533,0.3133637076838558,0.1228143110719236,26.32889607597,9,0.0018044916385219522,65.81702486108345,Higher in Control,,0.6209243837439365,False,0.14055513884748658
CRC_vs_Control,Male,Coprococcus eutactus,rCLR_Coprococcus eutactus,CRC,Control,10,426,371,-0.07096114047754533,0.07165036758181524,-0.2113958609379032,0.06947357998281255,-0.9903806899038877,0.3219880802073959,0.0,9.205795603112305,9,0.4184985639475091,2.2355004606307958,Higher in Control,,0.6264131742216611,False,0.07096114047754533
CRC_vs_Control,Male,Eubacterium sp. CAG:180,rCLR_Eubacterium sp. CAG:180,CRC,Control,10,426,371,0.06900464578734086,0.071644343557069,-0.07141826758451439,0.2094275591591961,0.9631555313557244,0.33546947740765676,0.0,8.906961479628531,9,0.44590649060990417,0.0,Higher in CRC,,0.6409863229039157,False,0.06900464578734086
CRC_vs_Control,Male,Firmicutes bacterium CAG:145,rCLR_Firmicutes bacterium CAG:145,CRC,Control,10,426,371,-0.06547458479075025,0.0715848948457244,-0.2057809786883701,0.0748318091068696,-0.9146424665686421,0.3603793570883368,0.0,6.452731908107,9,0.693890046167164,0.0,Higher in Control,,0.6701386274172839,False,0.06547458479075025
CRC_vs_Control,Male,Gemmiger formicilis,rCLR_Gemmiger formicilis,CRC,Control,10,426,371,-0.06512981679873961,0.07163541903965756,-0.20553523811646843,0.07527560451898921,-0.9091845580282509,0.3632527139271259,0.0,8.711653002690856,9,0.4643056250856813,0.0,Higher in Control,,0.6701386274172839,False,0.06512981679873961
CRC_vs_Control,Male,Barnesiella intestinihominis,rCLR_Barnesiella intestinihominis,CRC,Control,10,426,371,0.0630378827317989,0.07153254456206676,-0.07716590460985194,0.20324167007344973,0.8812475932140611,0.37818382449170884,0.0,4.095318947358552,9,0.905027502560426,0.0,Higher in CRC,,0.6753398461831399,False,0.0630378827317989
CRC_vs_Control,Male,Prevotella copri,rCLR_Prevotella copri,CRC,Control,10,426,371,0.06222912628805173,0.07157546399566254,-0.07805878314344684,0.20251703571955032,0.8694198097245001,0.38461755174869594,0.0,6.0722933000413235,9,0.7326616286326495,0.0,Higher in CRC,,0.6753398461831399,False,0.06222912628805173
CRC_vs_Control,Male,Bifidobacterium adolescentis,rCLR_Bifidobacterium adolescentis,CRC,Control,10,426,371,-0.06200164238414682,0.07158785464423613,-0.20231383748684964,0.078310552718556,-0.8660916393188612,0.38643990973592035,0.0,6.74061937675849,9,0.6641040351119223,0.0,Higher in Control,,0.6753398461831399,False,0.06200164238414682
CRC_vs_Control,Male,Oscillibacter sp. CAG:241,rCLR_Oscillibacter sp. CAG:241,CRC,Control,10,426,371,0.07745931884232744,0.09036013884979453,-0.09964655330326984,0.25456519098792474,0.8572288602952227,0.39131841554537083,0.02042236829052962,11.852267993666036,9,0.22176646012011522,24.065166221269337,Higher in CRC,,0.6753398461831399,False,0.07745931884232744
CRC_vs_Control,Male,Anaerobutyricum hallii,rCLR_Anaerobutyricum hallii,CRC,Control,10,426,371,0.1002358233015985,0.1186785397914968,-0.13237411468973523,0.3328457612929322,0.8445993983217199,0.3983345451109459,0.0720835654125465,19.99427142053618,9,0.01794779058893761,54.98710700327859,Higher in CRC,,0.6765364496328764,False,0.1002358233015985
CRC_vs_Control,Male,Phocaeicola plebeius,rCLR_Phocaeicola plebeius,CRC,Control,10,426,371,0.05889416220088879,0.07148476836458048,-0.08121598379368895,0.19900430819546655,0.823870085170058,0.4100133796999572,0.0,2.22779772028382,9,0.9873318421814007,0.0,Higher in CRC,,0.6778428113646675,False,0.05889416220088879
CRC_vs_Control,Male,Megamonas funiformis,rCLR_Megamonas funiformis,CRC,Control,9,390,334,-0.06168478199936153,0.07515419003192907,-0.2089869944619425,0.08561743046321943,-0.8207763528973555,0.4117736704551719,0.0,5.343255851258245,8,0.7203371056774905,0.0,Higher in Control,,0.6778428113646675,False,0.06168478199936153
CRC_vs_Control,Male,Acidaminococcus intestini,rCLR_Acidaminococcus intestini,CRC,Control,9,406,360,0.08901851078262765,0.11553623086024109,-0.13743250170344487,0.31546952326870015,0.7704813470184023,0.4410144156018262,0.057990075120019864,17.501096045460685,8,0.025294185892281582,54.28857724556637,Higher in CRC,,0.7149779162029606,False,0.08901851078262765
CRC_vs_Control,Male,Klebsiella variicola,rCLR_Klebsiella variicola,CRC,Control,10,426,371,0.05250590711017848,0.07159857943049869,-0.08782730857359895,0.19283912279395593,0.7333372746752104,0.4633527459773744,0.0,7.4293136529986015,9,0.5925143635341409,0.0,Higher in CRC,,0.730593346485231,False,0.05250590711017848
CRC_vs_Control,Male,Alistipes inops,rCLR_Alistipes inops,CRC,Control,10,426,371,-0.062192398995689166,0.08754786013932307,-0.2337862048687624,0.10940140687738405,-0.7103817146040646,0.4774674591812361,0.016593320178046107,10.99221333234109,9,0.2762430514226102,18.12385979154567,Higher in Control,,0.730593346485231,False,0.062192398995689166
CRC_vs_Control,Male,Desulfovibrio piger,rCLR_Desulfovibrio piger,CRC,Control,10,426,371,0.050860556005788066,0.07162052563936257,-0.08951567424736256,0.1912367862589387,0.7101393846491844,0.47761770516900925,0.0,8.167348590732821,9,0.5173735851525456,0.0,Higher in CRC,,0.730593346485231,False,0.050860556005788066
CRC_vs_Control,Male,Holdemanella biformis,rCLR_Holdemanella biformis,CRC,Control,10,426,371,0.05081032145513843,0.0716051567124036,-0.08953578570117261,0.1911564286114495,0.7095902556182376,0.4779582640557586,0.0,7.620664083127438,9,0.5727787784194471,0.0,Higher in CRC,,0.730593346485231,False,0.05081032145513843
CRC_vs_Control,Male,Bacteroides salyersiae,rCLR_Bacteroides salyersiae,CRC,Control,9,406,360,0.0492541708628053,0.07523864442074751,-0.09821357220185982,0.1967219139274704,0.6546392647290062,0.5127000375658108,0.0017195880955488583,8.329094024556877,8,0.40200115967534783,3.951138306118298,Higher in CRC,,0.772660619993546,False,0.0492541708628053
CRC_vs_Control,Male,Firmicutes bacterium CAG:110,rCLR_Firmicutes bacterium CAG:110,CRC,Control,9,406,360,-0.04710071759831081,0.07647931503087091,-0.19700017505881778,0.10279873986219618,-0.6158621789342463,0.537985485203427,0.0027198650735265318,8.375914863872065,8,0.39763706771450313,4.488045425264569,Higher in Control,,0.7995062071773151,False,0.04710071759831081
CRC_vs_Control,Male,Roseburia hominis,rCLR_Roseburia hominis,CRC,Control,10,426,371,-0.0432436417885017,0.07213755725564418,-0.1846332540095643,0.09814597043256088,-0.5994608555326184,0.5488656060074799,0.0004084772272950547,7.682660037939839,9,0.5664153961087183,0.0,Higher in Control,,0.8016505619022808,False,0.0432436417885017
CRC_vs_Control,Male,Firmicutes bacterium CAG:83,rCLR_Firmicutes bacterium CAG:83,CRC,Control,10,426,371,0.05044611223954966,0.08568242540419527,-0.11749144155267306,0.2183836660317724,0.5887568191677224,0.5560244162777288,0.014156917441419545,10.97715933416666,9,0.277277800677703,18.011575435665815,Higher in CRC,,0.8016505619022808,False,0.05044611223954966
CRC_vs_Control,Male,Phascolarctobacterium faecium,rCLR_Phascolarctobacterium faecium,CRC,Control,10,426,371,0.04094255606640722,0.07157851531458435,-0.0993513339501781,0.18123644608299255,0.5719950446927619,0.5673253317521839,0.0,6.576409893599923,9,0.6811265403096277,0.0,Higher in CRC,,0.8016505619022808,False,0.04094255606640722
CRC_vs_Control,Male,Erysipelatoclostridium ramosum,rCLR_Erysipelatoclostridium ramosum,CRC,Control,10,426,371,-0.04077751600088489,0.07167275124912845,-0.18125610844917664,0.09970107644740686,-0.5689402916757818,0.5693966607904051,0.0,10.729347612306356,9,0.2947179567974024,16.117919511926587,Higher in Control,,0.8016505619022808,False,0.04077751600088489
CRC_vs_Control,Male,Eggerthella lenta,rCLR_Eggerthella lenta,CRC,Control,10,426,371,-0.03646203867655317,0.07166424775848748,-0.17692396428318863,0.10399988693008227,-0.5087898054750016,0.6108995659129661,0.0,10.405034690065095,9,0.31870085353754346,13.503411876239552,Higher in Control,,0.8380809416196046,False,0.03646203867655317
CRC_vs_Control,Male,Blautia wexlerae,rCLR_Blautia wexlerae,CRC,Control,10,426,371,-0.05049368182395506,0.10109977354663623,-0.24864923797536206,0.14766187432745195,-0.4994440645375222,0.6174665830427623,0.03761185777681929,14.28722791064698,9,0.11246853767182553,37.00667437877775,Higher in Control,,0.8380809416196046,False,0.05049368182395506
CRC_vs_Control,Male,Bacteroides stercoris,rCLR_Bacteroides stercoris,CRC,Control,10,426,371,-0.0348399073291441,0.07151109743877064,-0.17500165830913456,0.10532184365084635,-0.4871958140339656,0.6261195714966781,0.0,3.731582464439803,9,0.9281746531509443,0.0,Higher in Control,,0.8380809416196046,False,0.0348399073291441
CRC_vs_Control,Male,Bacteroides xylanisolvens,rCLR_Bacteroides xylanisolvens,CRC,Control,10,426,371,-0.05633944849785205,0.12059967249253603,-0.2927148065832227,0.18003590958751856,-0.4671608747638923,0.6403847836582557,0.07645791479829461,20.002778513772842,9,0.017895265059036315,55.00625078759393,Higher in Control,,0.8380809416196046,False,0.05633944849785205
CRC_vs_Control,Male,Phocaeicola massiliensis,rCLR_Phocaeicola massiliensis,CRC,Control,10,426,371,-0.033279673676202666,0.07162264363660463,-0.17366005520394773,0.10710070785154241,-0.46465296429234587,0.6421799967668169,0.0,8.636326344679732,9,0.47149843980031403,0.0,Higher in Control,,0.8380809416196046,False,0.033279673676202666
CRC_vs_Control,Male,Proteobacteria bacterium CAG:139,rCLR_Proteobacteria bacterium CAG:139,CRC,Control,9,406,360,-0.06309987483680267,0.13583577514434084,-0.3293379941197107,0.20313824444610534,-0.4645306052087672,0.6422676375028745,0.10121081013895292,22.270594571108983,8,0.00443849952371639,64.07819299814216,Higher in Control,,0.8380809416196046,False,0.06309987483680267
CRC_vs_Control,Male,Phascolarctobacterium succinatutens,rCLR_Phascolarctobacterium succinatutens,CRC,Control,10,426,371,0.032257272071437325,0.07154600458426016,-0.10797289691371259,0.17248744105658725,0.45086056529470825,0.6520900468018769,0.0,5.352900842765169,9,0.8025242011632985,0.0,Higher in CRC,,0.8406462049132629,False,0.032257272071437325
CRC_vs_Control,Male,[Ruminococcus] lactaris,rCLR_[Ruminococcus] lactaris,CRC,Control,10,426,371,-0.03107855091785942,0.07154201622793106,-0.1713009027246043,0.10914380088888546,-0.43440977143898124,0.6639909032636718,0.0,5.223140640582462,9,0.8144387894436309,0.0,Higher in Control,,0.8457979363001533,False,0.03107855091785942
CRC_vs_Control,Male,Bacteroides sp. CAG:144,rCLR_Bacteroides sp. CAG:144,CRC,Control,8,358,327,-0.03247542805555833,0.07695643375497953,-0.18331003821531822,0.11835918210420154,-0.42199757019609785,0.6730267909892313,0.0,4.171368907564627,7,0.7598410951855934,0.0,Higher in Control,,0.845875282912833,False,0.03247542805555833
CRC_vs_Control,Male,Eubacterium ramulus,rCLR_Eubacterium ramulus,CRC,Control,10,426,371,-0.02952365539466306,0.0715463187656379,-0.16975444017531333,0.1107071293859872,-0.4126509358416161,0.6798623769205947,0.0,5.4378649272234245,9,0.7945913598130724,0.0,Higher in Control,,0.845875282912833,False,0.02952365539466306
CRC_vs_Control,Male,Bacteroides ovatus,rCLR_Bacteroides ovatus,CRC,Control,10,426,371,-0.0451642017367851,0.11919815377404512,-0.27879258313391353,0.18846417966034335,-0.378900178457457,0.7047619916762249,0.0734970914113511,19.878814809386746,9,0.018675188425627272,54.72567109106418,Higher in Control,,0.8608348291642145,False,0.0451642017367851
CRC_vs_Control,Male,Veillonella atypica,rCLR_Veillonella atypica,CRC,Control,9,406,360,-0.027337699926851772,0.07298317923133946,-0.1703847312202771,0.11570933136657356,-0.3745753503036325,0.7079763080976718,0.0,9.478340944191459,8,0.30356247832919275,15.597043331696348,Higher in Control,,0.8608348291642145,False,0.027337699926851772
CRC_vs_Control,Male,Slackia isoflavoniconvertens,rCLR_Slackia isoflavoniconvertens,CRC,Control,10,426,371,0.0430126182643814,0.13156290488272995,-0.2148506753057693,0.3008759118345321,0.32693575976238265,0.7437164735940605,0.10239978820182932,22.544728632506548,9,0.007303929842896993,60.079359806428634,Higher in CRC,,0.8941310412872412,False,0.0430126182643814
CRC_vs_Control,Male,Adlercreutzia equolifaciens_1,rCLR_Adlercreutzia equolifaciens_1,CRC,Control,10,426,371,0.02251666007367378,0.07164976864156426,-0.11791688646379217,0.16295020661113974,0.31426005276187025,0.7533235356518329,0.0,10.059883304015624,9,0.34565911572861036,10.535741538796465,Higher in CRC,,0.8956179812749567,False,0.02251666007367378
CRC_vs_Control,Male,Lawsonibacter asaccharolyticus,rCLR_Lawsonibacter asaccharolyticus,CRC,Control,10,426,371,0.019583824563536585,0.07154016078331271,-0.12063489057175633,0.1598025396988295,0.2737458841175076,0.7842799136516806,0.0,5.251762453628671,9,0.8118324057709646,0.0,Higher in CRC,,0.9221752830849431,False,0.019583824563536585
CRC_vs_Control,Male,Bacteroides finegoldii,rCLR_Bacteroides finegoldii,CRC,Control,10,426,371,-0.01706589723288763,0.0715149930731342,-0.15723528365623066,0.12310348919045541,-0.23863383745888547,0.8113895245210954,0.0,4.114221286254079,9,0.9037350720338103,0.0,Higher in Control,,0.9436812948234479,False,0.01706589723288763
CRC_vs_Control,Male,Streptococcus parasanguinis,rCLR_Streptococcus parasanguinis,CRC,Control,10,426,371,0.01548943178234469,0.07157452649343984,-0.12479664014479741,0.15577550370948678,0.21640983938279176,0.8286682972698305,0.0,6.786691883823172,9,0.6593167892499034,0.0,Higher in CRC,,0.953414062450235,False,0.01548943178234469
CRC_vs_Control,Male,Klebsiella pneumoniae,rCLR_Klebsiella pneumoniae,CRC,Control,10,426,371,-0.014033963807530888,0.08206975326686726,-0.1748906802105907,0.14682275259552893,-0.1710004386378069,0.8642234206925345,0.009988797695104551,6.749225746012702,9,0.6632100738445467,0.0,Higher in Control,,0.9739563857888279,False,0.014033963807530888
CRC_vs_Control,Male,Bacteroides eggerthii,rCLR_Bacteroides eggerthii,CRC,Control,10,426,371,-0.010614084648265429,0.07150274612407118,-0.15075946705144494,0.12953129775491407,-0.14844303503879314,0.8819931392075511,0.0,3.674504154802621,9,0.9315015446549378,0.0,Higher in Control,,0.9739563857888279,False,0.010614084648265429
CRC_vs_Control,Male,Bacteroides uniformis,rCLR_Bacteroides uniformis,CRC,Control,10,426,371,-0.010097689300680477,0.07165310509510378,-0.15053777528708387,0.13034239668572292,-0.1409246575885024,0.8879294625974469,0.0,10.165189020925089,9,0.3372785838892375,11.462541606718203,Higher in Control,,0.9739563857888279,False,0.010097689300680477
CRC_vs_Control,Male,Parasutterella excrementihominis,rCLR_Parasutterella excrementihominis,CRC,Control,10,426,371,-0.009955398193157241,0.07161433512548616,-0.15031949503911013,0.13040869865279564,-0.139014042031011,0.8894390528534086,0.0,8.531236281335689,9,0.4816190210428941,0.0,Higher in Control,,0.9739563857888279,False,0.009955398193157241
CRC_vs_Control,Male,Intestinibacter bartlettii,rCLR_Intestinibacter bartlettii,CRC,Control,10,426,371,0.009713325711845217,0.071563647391659,-0.13055142317580642,0.14997807459949686,0.13572988613458148,0.89203482062902,0.0,6.3011772392768215,9,0.7094376636130197,0.0,Higher in CRC,,0.9739563857888279,False,0.009713325711845217
CRC_vs_Control,Male,Streptococcus salivarius,rCLR_Streptococcus salivarius,CRC,Control,10,426,371,-0.0074821720640186875,0.0715005216203111,-0.14762319443982846,0.1326588503117911,-0.10464499970715223,0.916657506101762,0.0,3.6116725147302837,9,0.9350656691354955,0.0,Higher in Control,,0.9801098207519426,False,0.0074821720640186875
CRC_vs_Control,Male,Dialister invisus,rCLR_Dialister invisus,CRC,Control,10,426,371,0.007174000893604519,0.07155109534599623,-0.13306614598454808,0.1474141477717571,0.10026402613284317,0.920134716523436,0.0,5.782379505668058,9,0.7614856361905595,0.0,Higher in CRC,,0.9801098207519426,False,0.007174000893604519
CRC_vs_Control,Male,[Ruminococcus] gnavus,rCLR_[Ruminococcus] gnavus,CRC,Control,10,426,371,-0.006298362676843115,0.07163184776857891,-0.14669678430325778,0.13410005894957155,-0.08792684920248382,0.9299348166668577,0.0,9.288083381159234,9,0.4111178469579591,3.1016450793670516,Higher in Control,,0.9801098207519426,False,0.006298362676843115
CRC_vs_Control,Male,Phocaeicola dorei,rCLR_Phocaeicola dorei,CRC,Control,10,426,371,0.009111992024393192,0.11228562895618871,-0.21096784072973668,0.22919182477852307,0.08115011786547041,0.9353225687889926,0.05858201562827179,17.608410069059058,9,0.0399982593350806,48.888059940093534,Higher in CRC,,0.9801098207519426,False,0.009111992024393192
CRC_vs_Control,Male,Klebsiella quasipneumoniae,rCLR_Klebsiella quasipneumoniae,CRC,Control,10,426,371,0.00715127898883582,0.10085153689427985,-0.19051773332395266,0.20482029130162432,0.07090897381496851,0.9434702012845804,0.03712581983026587,14.336981856486913,9,0.11083293183538566,37.22528151259494,Higher in CRC,,0.9801098207519426,False,0.00715127898883582
CRC_vs_Control,Male,Adlercreutzia equolifaciens,rCLR_Adlercreutzia equolifaciens,CRC,Control,10,426,371,0.002536576084563917,0.07163944963006044,-0.13787674519035453,0.14294989735948238,0.035407531711404316,0.9717547790419974,0.0,9.719664527111219,9,0.3736530496409032,7.404211586766668,Higher in CRC,,0.990789897566175,False,0.002536576084563917
CRC_vs_Control,Male,Enterocloster bolteae,rCLR_Enterocloster bolteae,CRC,Control,10,426,371,-0.0027819873498564555,0.08003226296086773,-0.1596452227531572,0.15408124805344428,-0.034760823284688644,0.9722704602284894,0.007589543143456704,10.343756631273695,9,0.3233795382948353,12.990992336487617,Higher in Control,,0.990789897566175,False,0.0027819873498564555
CRC_vs_Control,Male,Bacteroides intestinalis,rCLR_Bacteroides intestinalis,CRC,Control,10,426,371,-0.0014198344982786846,0.08554108686498602,-0.16908036475365126,0.1662406957570939,-0.016598275171785973,0.9867571005831093,0.013828643391575574,14.24963820687834,9,0.11371809735676885,36.84050170722457,Higher in Control,,0.9909422191366523,False,0.0014198344982786846
CRC_vs_Control,Male,Parabacteroides merdae,rCLR_Parabacteroides merdae,CRC,Control,10,426,371,-0.0008119932906234706,0.0715255760565668,-0.1410021223614944,0.13937813578024744,-0.011352488653587308,0.9909422191366521,0.0,4.68386317317653,9,0.8609503888912882,0.0,Higher in Control,,0.9909422191366523,False,0.0008119932906234706
