Arrangement,Model,Study,Selected_C,Fold_AUC,Fold_AUPRC,Fold_F1,Feature,Feature_Type,Species,Species_clean,Species_key,Coefficient,AbsCoefficient,IsNonZero,Direction,AbsCoefRank
OnlyFemale,LASSO_LogisticRegression,FengQ_2015,0.03,0.7177777777777778,0.6763858901227802,0.6666666666666666,PA_Parvimonas micra,PA,Parvimonas micra,Parvimonas micra,parvimonas micra,0.24645284651182192,0.24645284651182192,True,CRC-associated,1
OnlyFemale,LASSO_LogisticRegression,FengQ_2015,0.03,0.7177777777777778,0.6763858901227802,0.6666666666666666,rCLR_Ruthenibacterium lactatiformans,rCLR,Ruthenibacterium lactatiformans,Ruthenibacterium lactatiformans,ruthenibacterium lactatiformans,0.054661569957329986,0.054661569957329986,True,CRC-associated,2
OnlyFemale,LASSO_LogisticRegression,FengQ_2015,0.03,0.7177777777777778,0.6763858901227802,0.6666666666666666,rCLR_Dorea formicigenerans,rCLR,Dorea formicigenerans,Dorea formicigenerans,dorea formicigenerans,0.04386717143885475,0.04386717143885475,True,CRC-associated,3
OnlyFemale,LASSO_LogisticRegression,FengQ_2015,0.03,0.7177777777777778,0.6763858901227802,0.6666666666666666,rCLR_Bacteroides thetaiotaomicron,rCLR,Bacteroides thetaiotaomicron,Bacteroides thetaiotaomicron,bacteroides thetaiotaomicron,0.016305724385108664,0.016305724385108664,True,CRC-associated,4
OnlyFemale,LASSO_LogisticRegression,FengQ_2015,0.03,0.7177777777777778,0.6763858901227802,0.6666666666666666,rCLR_Bacteroides fragilis,rCLR,Bacteroides fragilis,Bacteroides fragilis,bacteroides fragilis,0.0037063653228335577,0.0037063653228335577,True,CRC-associated,5
OnlyFemale,LASSO_LogisticRegression,FengQ_2015,0.03,0.7177777777777778,0.6763858901227802,0.6666666666666666,PA_Streptococcus salivarius,PA,Streptococcus salivarius,Streptococcus salivarius,streptococcus salivarius,0.0,0.0,False,zero,6
OnlyFemale,LASSO_LogisticRegression,FengQ_2015,0.03,0.7177777777777778,0.6763858901227802,0.6666666666666666,PA_Faecalibacterium prausnitzii,PA,Faecalibacterium prausnitzii,Faecalibacterium prausnitzii,faecalibacterium prausnitzii,0.0,0.0,False,zero,7
OnlyFemale,LASSO_LogisticRegression,FengQ_2015,0.03,0.7177777777777778,0.6763858901227802,0.6666666666666666,PA_Phocaeicola vulgatus,PA,Phocaeicola vulgatus,Phocaeicola vulgatus,phocaeicola vulgatus,0.0,0.0,False,zero,8
OnlyFemale,LASSO_LogisticRegression,FengQ_2015,0.03,0.7177777777777778,0.6763858901227802,0.6666666666666666,PA_Dorea longicatena,PA,Dorea longicatena,Dorea longicatena,dorea longicatena,0.0,0.0,False,zero,9
OnlyFemale,LASSO_LogisticRegression,FengQ_2015,0.03,0.7177777777777778,0.6763858901227802,0.6666666666666666,PA_Eubacterium sp. CAG:251,PA,Eubacterium sp. CAG:251,Eubacterium sp. CAG:251,eubacterium sp. cag:251,0.0,0.0,False,zero,10
OnlyFemale,LASSO_LogisticRegression,FengQ_2015,0.03,0.7177777777777778,0.6763858901227802,0.6666666666666666,PA_Fusicatenibacter saccharivorans,PA,Fusicatenibacter saccharivorans,Fusicatenibacter saccharivorans,fusicatenibacter saccharivorans,0.0,0.0,False,zero,11
OnlyFemale,LASSO_LogisticRegression,FengQ_2015,0.03,0.7177777777777778,0.6763858901227802,0.6666666666666666,PA_Coprococcus comes,PA,Coprococcus comes,Coprococcus comes,coprococcus comes,0.0,0.0,False,zero,12
OnlyFemale,LASSO_LogisticRegression,FengQ_2015,0.03,0.7177777777777778,0.6763858901227802,0.6666666666666666,PA_[Ruminococcus] torques,PA,[Ruminococcus] torques,[Ruminococcus] torques,[ruminococcus] torques,0.0,0.0,False,zero,13
OnlyFemale,LASSO_LogisticRegression,FengQ_2015,0.03,0.7177777777777778,0.6763858901227802,0.6666666666666666,PA_Anaerobutyricum hallii,PA,Anaerobutyricum hallii,Anaerobutyricum hallii,anaerobutyricum hallii,0.0,0.0,False,zero,14
OnlyFemale,LASSO_LogisticRegression,FengQ_2015,0.03,0.7177777777777778,0.6763858901227802,0.6666666666666666,PA_Holdemanella biformis,PA,Holdemanella biformis,Holdemanella biformis,holdemanella biformis,0.0,0.0,False,zero,15
OnlyFemale,LASSO_LogisticRegression,FengQ_2015,0.03,0.7177777777777778,0.6763858901227802,0.6666666666666666,PA_Bacteroides uniformis,PA,Bacteroides uniformis,Bacteroides uniformis,bacteroides uniformis,0.0,0.0,False,zero,16
OnlyFemale,LASSO_LogisticRegression,FengQ_2015,0.03,0.7177777777777778,0.6763858901227802,0.6666666666666666,PA_Blautia wexlerae,PA,Blautia wexlerae,Blautia wexlerae,blautia wexlerae,0.0,0.0,False,zero,17
OnlyFemale,LASSO_LogisticRegression,FengQ_2015,0.03,0.7177777777777778,0.6763858901227802,0.6666666666666666,PA_Gemmiger formicilis,PA,Gemmiger formicilis,Gemmiger formicilis,gemmiger formicilis,0.0,0.0,False,zero,18
OnlyFemale,LASSO_LogisticRegression,FengQ_2015,0.03,0.7177777777777778,0.6763858901227802,0.6666666666666666,PA_Anaerostipes hadrus,PA,Anaerostipes hadrus,Anaerostipes hadrus,anaerostipes hadrus,0.0,0.0,False,zero,19
OnlyFemale,LASSO_LogisticRegression,FengQ_2015,0.03,0.7177777777777778,0.6763858901227802,0.6666666666666666,PA_Bacteroides stercoris,PA,Bacteroides stercoris,Bacteroides stercoris,bacteroides stercoris,0.0,0.0,False,zero,20
OnlyFemale,LASSO_LogisticRegression,FengQ_2015,0.03,0.7177777777777778,0.6763858901227802,0.6666666666666666,PA_Collinsella aerofaciens,PA,Collinsella aerofaciens,Collinsella aerofaciens,collinsella aerofaciens,0.0,0.0,False,zero,21
OnlyFemale,LASSO_LogisticRegression,FengQ_2015,0.03,0.7177777777777778,0.6763858901227802,0.6666666666666666,PA_Bifidobacterium longum,PA,Bifidobacterium longum,Bifidobacterium longum,bifidobacterium longum,0.0,0.0,False,zero,22
OnlyFemale,LASSO_LogisticRegression,FengQ_2015,0.03,0.7177777777777778,0.6763858901227802,0.6666666666666666,PA_Phocaeicola plebeius,PA,Phocaeicola plebeius,Phocaeicola plebeius,phocaeicola plebeius,0.0,0.0,False,zero,23
OnlyFemale,LASSO_LogisticRegression,FengQ_2015,0.03,0.7177777777777778,0.6763858901227802,0.6666666666666666,PA_Roseburia intestinalis,PA,Roseburia intestinalis,Roseburia intestinalis,roseburia intestinalis,0.0,0.0,False,zero,24
OnlyFemale,LASSO_LogisticRegression,FengQ_2015,0.03,0.7177777777777778,0.6763858901227802,0.6666666666666666,PA_Roseburia inulinivorans,PA,Roseburia inulinivorans,Roseburia inulinivorans,roseburia inulinivorans,0.0,0.0,False,zero,25
OnlyFemale,LASSO_LogisticRegression,FengQ_2015,0.03,0.7177777777777778,0.6763858901227802,0.6666666666666666,PA_Phascolarctobacterium succinatutens,PA,Phascolarctobacterium succinatutens,Phascolarctobacterium succinatutens,phascolarctobacterium succinatutens,0.0,0.0,False,zero,26
OnlyFemale,LASSO_LogisticRegression,FengQ_2015,0.03,0.7177777777777778,0.6763858901227802,0.6666666666666666,PA_[Eubacterium] rectale,PA,[Eubacterium] rectale,[Eubacterium] rectale,[eubacterium] rectale,0.0,0.0,False,zero,27
OnlyFemale,LASSO_LogisticRegression,FengQ_2015,0.03,0.7177777777777778,0.6763858901227802,0.6666666666666666,PA_Blautia obeum,PA,Blautia obeum,Blautia obeum,blautia obeum,0.0,0.0,False,zero,28
OnlyFemale,LASSO_LogisticRegression,FengQ_2015,0.03,0.7177777777777778,0.6763858901227802,0.6666666666666666,PA_Agathobaculum butyriciproducens,PA,Agathobaculum butyriciproducens,Agathobaculum butyriciproducens,agathobaculum butyriciproducens,0.0,0.0,False,zero,29
OnlyFemale,LASSO_LogisticRegression,FengQ_2015,0.03,0.7177777777777778,0.6763858901227802,0.6666666666666666,PA_Bacteroides xylanisolvens,PA,Bacteroides xylanisolvens,Bacteroides xylanisolvens,bacteroides xylanisolvens,0.0,0.0,False,zero,30
OnlyFemale,LASSO_LogisticRegression,FengQ_2015,0.03,0.7177777777777778,0.6763858901227802,0.6666666666666666,PA_Bacteroides ovatus,PA,Bacteroides ovatus,Bacteroides ovatus,bacteroides ovatus,0.0,0.0,False,zero,31
OnlyFemale,LASSO_LogisticRegression,FengQ_2015,0.03,0.7177777777777778,0.6763858901227802,0.6666666666666666,PA_Bacteroides thetaiotaomicron,PA,Bacteroides thetaiotaomicron,Bacteroides thetaiotaomicron,bacteroides thetaiotaomicron,0.0,0.0,False,zero,32
OnlyFemale,LASSO_LogisticRegression,FengQ_2015,0.03,0.7177777777777778,0.6763858901227802,0.6666666666666666,PA_Streptococcus thermophilus,PA,Streptococcus thermophilus,Streptococcus thermophilus,streptococcus thermophilus,0.0,0.0,False,zero,33
OnlyFemale,LASSO_LogisticRegression,FengQ_2015,0.03,0.7177777777777778,0.6763858901227802,0.6666666666666666,PA_Eubacterium ramulus,PA,Eubacterium ramulus,Eubacterium ramulus,eubacterium ramulus,0.0,0.0,False,zero,34
OnlyFemale,LASSO_LogisticRegression,FengQ_2015,0.03,0.7177777777777778,0.6763858901227802,0.6666666666666666,PA_Bifidobacterium adolescentis,PA,Bifidobacterium adolescentis,Bifidobacterium adolescentis,bifidobacterium adolescentis,0.0,0.0,False,zero,35
OnlyFemale,LASSO_LogisticRegression,FengQ_2015,0.03,0.7177777777777778,0.6763858901227802,0.6666666666666666,PA_Eubacterium sp. CAG:274,PA,Eubacterium sp. CAG:274,Eubacterium sp. CAG:274,eubacterium sp. cag:274,0.0,0.0,False,zero,36
OnlyFemale,LASSO_LogisticRegression,FengQ_2015,0.03,0.7177777777777778,0.6763858901227802,0.6666666666666666,PA_Eubacterium ventriosum,PA,Eubacterium ventriosum,Eubacterium ventriosum,eubacterium ventriosum,0.0,0.0,False,zero,37
OnlyFemale,LASSO_LogisticRegression,FengQ_2015,0.03,0.7177777777777778,0.6763858901227802,0.6666666666666666,PA_Flavonifractor plautii,PA,Flavonifractor plautii,Flavonifractor plautii,flavonifractor plautii,0.0,0.0,False,zero,38
OnlyFemale,LASSO_LogisticRegression,FengQ_2015,0.03,0.7177777777777778,0.6763858901227802,0.6666666666666666,PA_Oscillibacter sp. 57_20,PA,Oscillibacter sp. 57_20,Oscillibacter sp. 57 20,oscillibacter sp. 57 20,0.0,0.0,False,zero,39
OnlyFemale,LASSO_LogisticRegression,FengQ_2015,0.03,0.7177777777777778,0.6763858901227802,0.6666666666666666,PA_Roseburia hominis,PA,Roseburia hominis,Roseburia hominis,roseburia hominis,0.0,0.0,False,zero,40
OnlyFemale,LASSO_LogisticRegression,FengQ_2015,0.03,0.7177777777777778,0.6763858901227802,0.6666666666666666,PA_Alistipes finegoldii,PA,Alistipes finegoldii,Alistipes finegoldii,alistipes finegoldii,0.0,0.0,False,zero,41
OnlyFemale,LASSO_LogisticRegression,FengQ_2015,0.03,0.7177777777777778,0.6763858901227802,0.6666666666666666,PA_Alistipes putredinis,PA,Alistipes putredinis,Alistipes putredinis,alistipes putredinis,0.0,0.0,False,zero,42
OnlyFemale,LASSO_LogisticRegression,FengQ_2015,0.03,0.7177777777777778,0.6763858901227802,0.6666666666666666,PA_Veillonella atypica,PA,Veillonella atypica,Veillonella atypica,veillonella atypica,0.0,0.0,False,zero,43
OnlyFemale,LASSO_LogisticRegression,FengQ_2015,0.03,0.7177777777777778,0.6763858901227802,0.6666666666666666,PA_Ruminococcus bromii,PA,Ruminococcus bromii,Ruminococcus bromii,ruminococcus bromii,0.0,0.0,False,zero,44
OnlyFemale,LASSO_LogisticRegression,FengQ_2015,0.03,0.7177777777777778,0.6763858901227802,0.6666666666666666,PA_Firmicutes bacterium CAG:83,PA,Firmicutes bacterium CAG:83,Firmicutes bacterium CAG:83,firmicutes bacterium cag:83,0.0,0.0,False,zero,45
OnlyFemale,LASSO_LogisticRegression,FengQ_2015,0.03,0.7177777777777778,0.6763858901227802,0.6666666666666666,PA_Veillonella parvula,PA,Veillonella parvula,Veillonella parvula,veillonella parvula,0.0,0.0,False,zero,46
OnlyFemale,LASSO_LogisticRegression,FengQ_2015,0.03,0.7177777777777778,0.6763858901227802,0.6666666666666666,PA_Lachnospira eligens,PA,Lachnospira eligens,Lachnospira eligens,lachnospira eligens,0.0,0.0,False,zero,47
OnlyFemale,LASSO_LogisticRegression,FengQ_2015,0.03,0.7177777777777778,0.6763858901227802,0.6666666666666666,PA_[Ruminococcus] gnavus,PA,[Ruminococcus] gnavus,[Ruminococcus] gnavus,[ruminococcus] gnavus,0.0,0.0,False,zero,48
OnlyFemale,LASSO_LogisticRegression,FengQ_2015,0.03,0.7177777777777778,0.6763858901227802,0.6666666666666666,PA_Bacteroides eggerthii,PA,Bacteroides eggerthii,Bacteroides eggerthii,bacteroides eggerthii,0.0,0.0,False,zero,49
OnlyFemale,LASSO_LogisticRegression,FengQ_2015,0.03,0.7177777777777778,0.6763858901227802,0.6666666666666666,PA_Roseburia faecis,PA,Roseburia faecis,Roseburia faecis,roseburia faecis,0.0,0.0,False,zero,50
OnlyFemale,LASSO_LogisticRegression,FengQ_2015,0.03,0.7177777777777778,0.6763858901227802,0.6666666666666666,PA_Phocaeicola coprocola,PA,Phocaeicola coprocola,Phocaeicola coprocola,phocaeicola coprocola,0.0,0.0,False,zero,51
OnlyFemale,LASSO_LogisticRegression,FengQ_2015,0.03,0.7177777777777778,0.6763858901227802,0.6666666666666666,PA_Adlercreutzia equolifaciens,PA,Adlercreutzia equolifaciens,Adlercreutzia equolifaciens,adlercreutzia equolifaciens,0.0,0.0,False,zero,52
OnlyFemale,LASSO_LogisticRegression,FengQ_2015,0.03,0.7177777777777778,0.6763858901227802,0.6666666666666666,PA_Gordonibacter pamelaeae,PA,Gordonibacter pamelaeae,Gordonibacter pamelaeae,gordonibacter pamelaeae,0.0,0.0,False,zero,53
OnlyFemale,LASSO_LogisticRegression,FengQ_2015,0.03,0.7177777777777778,0.6763858901227802,0.6666666666666666,PA_Eubacterium sp. CAG:180,PA,Eubacterium sp. CAG:180,Eubacterium sp. CAG:180,eubacterium sp. cag:180,0.0,0.0,False,zero,54
OnlyFemale,LASSO_LogisticRegression,FengQ_2015,0.03,0.7177777777777778,0.6763858901227802,0.6666666666666666,PA_Parabacteroides merdae,PA,Parabacteroides merdae,Parabacteroides merdae,parabacteroides merdae,0.0,0.0,False,zero,55
OnlyFemale,LASSO_LogisticRegression,FengQ_2015,0.03,0.7177777777777778,0.6763858901227802,0.6666666666666666,PA_Phocaeicola dorei,PA,Phocaeicola dorei,Phocaeicola dorei,phocaeicola dorei,0.0,0.0,False,zero,56
OnlyFemale,LASSO_LogisticRegression,FengQ_2015,0.03,0.7177777777777778,0.6763858901227802,0.6666666666666666,PA_[Eubacterium] siraeum,PA,[Eubacterium] siraeum,[Eubacterium] siraeum,[eubacterium] siraeum,0.0,0.0,False,zero,57
OnlyFemale,LASSO_LogisticRegression,FengQ_2015,0.03,0.7177777777777778,0.6763858901227802,0.6666666666666666,PA_Barnesiella intestinihominis,PA,Barnesiella intestinihominis,Barnesiella intestinihominis,barnesiella intestinihominis,0.0,0.0,False,zero,58
OnlyFemale,LASSO_LogisticRegression,FengQ_2015,0.03,0.7177777777777778,0.6763858901227802,0.6666666666666666,PA_Methanobrevibacter smithii,PA,Methanobrevibacter smithii,Methanobrevibacter smithii,methanobrevibacter smithii,0.0,0.0,False,zero,59
OnlyFemale,LASSO_LogisticRegression,FengQ_2015,0.03,0.7177777777777778,0.6763858901227802,0.6666666666666666,PA_Firmicutes bacterium CAG:145,PA,Firmicutes bacterium CAG:145,Firmicutes bacterium CAG:145,firmicutes bacterium cag:145,0.0,0.0,False,zero,60
OnlyFemale,LASSO_LogisticRegression,FengQ_2015,0.03,0.7177777777777778,0.6763858901227802,0.6666666666666666,PA_Bacteroides cellulosilyticus,PA,Bacteroides cellulosilyticus,Bacteroides cellulosilyticus,bacteroides cellulosilyticus,0.0,0.0,False,zero,61
OnlyFemale,LASSO_LogisticRegression,FengQ_2015,0.03,0.7177777777777778,0.6763858901227802,0.6666666666666666,PA_Adlercreutzia equolifaciens_1,PA,Adlercreutzia equolifaciens_1,Adlercreutzia equolifaciens 1,adlercreutzia equolifaciens 1,0.0,0.0,False,zero,62
OnlyFemale,LASSO_LogisticRegression,FengQ_2015,0.03,0.7177777777777778,0.6763858901227802,0.6666666666666666,PA_Ruminococcus bicirculans,PA,Ruminococcus bicirculans,Ruminococcus bicirculans,ruminococcus bicirculans,0.0,0.0,False,zero,63
OnlyFemale,LASSO_LogisticRegression,FengQ_2015,0.03,0.7177777777777778,0.6763858901227802,0.6666666666666666,PA_Firmicutes bacterium CAG:110,PA,Firmicutes bacterium CAG:110,Firmicutes bacterium CAG:110,firmicutes bacterium cag:110,0.0,0.0,False,zero,64
OnlyFemale,LASSO_LogisticRegression,FengQ_2015,0.03,0.7177777777777778,0.6763858901227802,0.6666666666666666,PA_Parabacteroides distasonis,PA,Parabacteroides distasonis,Parabacteroides distasonis,parabacteroides distasonis,0.0,0.0,False,zero,65
OnlyFemale,LASSO_LogisticRegression,FengQ_2015,0.03,0.7177777777777778,0.6763858901227802,0.6666666666666666,PA_Ruthenibacterium lactatiformans,PA,Ruthenibacterium lactatiformans,Ruthenibacterium lactatiformans,ruthenibacterium lactatiformans,0.0,0.0,False,zero,66
OnlyFemale,LASSO_LogisticRegression,FengQ_2015,0.03,0.7177777777777778,0.6763858901227802,0.6666666666666666,PA_Odoribacter splanchnicus,PA,Odoribacter splanchnicus,Odoribacter splanchnicus,odoribacter splanchnicus,0.0,0.0,False,zero,67
OnlyFemale,LASSO_LogisticRegression,FengQ_2015,0.03,0.7177777777777778,0.6763858901227802,0.6666666666666666,PA_Oscillibacter sp. CAG:241,PA,Oscillibacter sp. CAG:241,Oscillibacter sp. CAG:241,oscillibacter sp. cag:241,0.0,0.0,False,zero,68
OnlyFemale,LASSO_LogisticRegression,FengQ_2015,0.03,0.7177777777777778,0.6763858901227802,0.6666666666666666,PA_Alistipes shahii,PA,Alistipes shahii,Alistipes shahii,alistipes shahii,0.0,0.0,False,zero,69
OnlyFemale,LASSO_LogisticRegression,FengQ_2015,0.03,0.7177777777777778,0.6763858901227802,0.6666666666666666,PA_Eggerthella lenta,PA,Eggerthella lenta,Eggerthella lenta,eggerthella lenta,0.0,0.0,False,zero,70
OnlyFemale,LASSO_LogisticRegression,FengQ_2015,0.03,0.7177777777777778,0.6763858901227802,0.6666666666666666,PA_Escherichia coli,PA,Escherichia coli,Escherichia coli,escherichia coli,0.0,0.0,False,zero,71
OnlyFemale,LASSO_LogisticRegression,FengQ_2015,0.03,0.7177777777777778,0.6763858901227802,0.6666666666666666,PA_Butyricimonas virosa,PA,Butyricimonas virosa,Butyricimonas virosa,butyricimonas virosa,0.0,0.0,False,zero,72
OnlyFemale,LASSO_LogisticRegression,FengQ_2015,0.03,0.7177777777777778,0.6763858901227802,0.6666666666666666,PA_Bacteroides sp. CAG:144,PA,Bacteroides sp. CAG:144,Bacteroides sp. CAG:144,bacteroides sp. cag:144,0.0,0.0,False,zero,73
OnlyFemale,LASSO_LogisticRegression,FengQ_2015,0.03,0.7177777777777778,0.6763858901227802,0.6666666666666666,PA_Intestinibacter bartlettii,PA,Intestinibacter bartlettii,Intestinibacter bartlettii,intestinibacter bartlettii,0.0,0.0,False,zero,74
OnlyFemale,LASSO_LogisticRegression,FengQ_2015,0.03,0.7177777777777778,0.6763858901227802,0.6666666666666666,PA_Erysipelatoclostridium ramosum,PA,Erysipelatoclostridium ramosum,Erysipelatoclostridium ramosum,erysipelatoclostridium ramosum,0.0,0.0,False,zero,75
OnlyFemale,LASSO_LogisticRegression,FengQ_2015,0.03,0.7177777777777778,0.6763858901227802,0.6666666666666666,PA_Slackia isoflavoniconvertens,PA,Slackia isoflavoniconvertens,Slackia isoflavoniconvertens,slackia isoflavoniconvertens,0.0,0.0,False,zero,76
OnlyFemale,LASSO_LogisticRegression,FengQ_2015,0.03,0.7177777777777778,0.6763858901227802,0.6666666666666666,PA_Clostridium sp. CAG:58,PA,Clostridium sp. CAG:58,Clostridium sp. CAG:58,clostridium sp. cag:58,0.0,0.0,False,zero,77
OnlyFemale,LASSO_LogisticRegression,FengQ_2015,0.03,0.7177777777777778,0.6763858901227802,0.6666666666666666,PA_Akkermansia muciniphila,PA,Akkermansia muciniphila,Akkermansia muciniphila,akkermansia muciniphila,0.0,0.0,False,zero,78
OnlyFemale,LASSO_LogisticRegression,FengQ_2015,0.03,0.7177777777777778,0.6763858901227802,0.6666666666666666,PA_Bacteroides intestinalis,PA,Bacteroides intestinalis,Bacteroides intestinalis,bacteroides intestinalis,0.0,0.0,False,zero,79
OnlyFemale,LASSO_LogisticRegression,FengQ_2015,0.03,0.7177777777777778,0.6763858901227802,0.6666666666666666,PA_Bifidobacterium pseudocatenulatum,PA,Bifidobacterium pseudocatenulatum,Bifidobacterium pseudocatenulatum,bifidobacterium pseudocatenulatum,0.0,0.0,False,zero,80
OnlyFemale,LASSO_LogisticRegression,FengQ_2015,0.03,0.7177777777777778,0.6763858901227802,0.6666666666666666,PA_Eubacterium sp. CAG:38,PA,Eubacterium sp. CAG:38,Eubacterium sp. CAG:38,eubacterium sp. cag:38,0.0,0.0,False,zero,81
OnlyFemale,LASSO_LogisticRegression,FengQ_2015,0.03,0.7177777777777778,0.6763858901227802,0.6666666666666666,PA_Bacteroides fragilis,PA,Bacteroides fragilis,Bacteroides fragilis,bacteroides fragilis,0.0,0.0,False,zero,82
OnlyFemale,LASSO_LogisticRegression,FengQ_2015,0.03,0.7177777777777778,0.6763858901227802,0.6666666666666666,PA_Dorea formicigenerans,PA,Dorea formicigenerans,Dorea formicigenerans,dorea formicigenerans,0.0,0.0,False,zero,83
OnlyFemale,LASSO_LogisticRegression,FengQ_2015,0.03,0.7177777777777778,0.6763858901227802,0.6666666666666666,PA_Streptococcus parasanguinis,PA,Streptococcus parasanguinis,Streptococcus parasanguinis,streptococcus parasanguinis,0.0,0.0,False,zero,84
OnlyFemale,LASSO_LogisticRegression,FengQ_2015,0.03,0.7177777777777778,0.6763858901227802,0.6666666666666666,PA_Coprococcus eutactus,PA,Coprococcus eutactus,Coprococcus eutactus,coprococcus eutactus,0.0,0.0,False,zero,85
OnlyFemale,LASSO_LogisticRegression,FengQ_2015,0.03,0.7177777777777778,0.6763858901227802,0.6666666666666666,PA_[Ruminococcus] lactaris,PA,[Ruminococcus] lactaris,[Ruminococcus] lactaris,[ruminococcus] lactaris,0.0,0.0,False,zero,86
OnlyFemale,LASSO_LogisticRegression,FengQ_2015,0.03,0.7177777777777778,0.6763858901227802,0.6666666666666666,PA_Coprococcus catus,PA,Coprococcus catus,Coprococcus catus,coprococcus catus,0.0,0.0,False,zero,87
OnlyFemale,LASSO_LogisticRegression,FengQ_2015,0.03,0.7177777777777778,0.6763858901227802,0.6666666666666666,PA_Lawsonibacter asaccharolyticus,PA,Lawsonibacter asaccharolyticus,Lawsonibacter asaccharolyticus,lawsonibacter asaccharolyticus,0.0,0.0,False,zero,88
OnlyFemale,LASSO_LogisticRegression,FengQ_2015,0.03,0.7177777777777778,0.6763858901227802,0.6666666666666666,PA_Proteobacteria bacterium CAG:139,PA,Proteobacteria bacterium CAG:139,Proteobacteria bacterium CAG:139,proteobacteria bacterium cag:139,0.0,0.0,False,zero,89
OnlyFemale,LASSO_LogisticRegression,FengQ_2015,0.03,0.7177777777777778,0.6763858901227802,0.6666666666666666,PA_Parasutterella excrementihominis,PA,Parasutterella excrementihominis,Parasutterella excrementihominis,parasutterella excrementihominis,0.0,0.0,False,zero,90
OnlyFemale,LASSO_LogisticRegression,FengQ_2015,0.03,0.7177777777777778,0.6763858901227802,0.6666666666666666,PA_Blautia sp. CAG:257,PA,Blautia sp. CAG:257,Blautia sp. CAG:257,blautia sp. cag:257,0.0,0.0,False,zero,91
OnlyFemale,LASSO_LogisticRegression,FengQ_2015,0.03,0.7177777777777778,0.6763858901227802,0.6666666666666666,PA_Bifidobacterium bifidum,PA,Bifidobacterium bifidum,Bifidobacterium bifidum,bifidobacterium bifidum,0.0,0.0,False,zero,92
OnlyFemale,LASSO_LogisticRegression,FengQ_2015,0.03,0.7177777777777778,0.6763858901227802,0.6666666666666666,PA_Enterocloster bolteae,PA,Enterocloster bolteae,Enterocloster bolteae,enterocloster bolteae,0.0,0.0,False,zero,93
OnlyFemale,LASSO_LogisticRegression,FengQ_2015,0.03,0.7177777777777778,0.6763858901227802,0.6666666666666666,PA_Dialister invisus,PA,Dialister invisus,Dialister invisus,dialister invisus,0.0,0.0,False,zero,94
OnlyFemale,LASSO_LogisticRegression,FengQ_2015,0.03,0.7177777777777778,0.6763858901227802,0.6666666666666666,PA_Coprobacter fastidiosus,PA,Coprobacter fastidiosus,Coprobacter fastidiosus,coprobacter fastidiosus,0.0,0.0,False,zero,95
OnlyFemale,LASSO_LogisticRegression,FengQ_2015,0.03,0.7177777777777778,0.6763858901227802,0.6666666666666666,PA_Lachnospira pectinoschiza,PA,Lachnospira pectinoschiza,Lachnospira pectinoschiza,lachnospira pectinoschiza,0.0,0.0,False,zero,96
OnlyFemale,LASSO_LogisticRegression,FengQ_2015,0.03,0.7177777777777778,0.6763858901227802,0.6666666666666666,PA_Prevotella copri,PA,Prevotella copri,Prevotella copri,prevotella copri,0.0,0.0,False,zero,97
OnlyFemale,LASSO_LogisticRegression,FengQ_2015,0.03,0.7177777777777778,0.6763858901227802,0.6666666666666666,PA_Phocaeicola massiliensis,PA,Phocaeicola massiliensis,Phocaeicola massiliensis,phocaeicola massiliensis,0.0,0.0,False,zero,98
OnlyFemale,LASSO_LogisticRegression,FengQ_2015,0.03,0.7177777777777778,0.6763858901227802,0.6666666666666666,PA_Megamonas funiformis,PA,Megamonas funiformis,Megamonas funiformis,megamonas funiformis,0.0,0.0,False,zero,99
OnlyFemale,LASSO_LogisticRegression,FengQ_2015,0.03,0.7177777777777778,0.6763858901227802,0.6666666666666666,PA_Phascolarctobacterium faecium,PA,Phascolarctobacterium faecium,Phascolarctobacterium faecium,phascolarctobacterium faecium,0.0,0.0,False,zero,100
OnlyFemale,LASSO_LogisticRegression,FengQ_2015,0.03,0.7177777777777778,0.6763858901227802,0.6666666666666666,PA_Acidaminococcus intestini,PA,Acidaminococcus intestini,Acidaminococcus intestini,acidaminococcus intestini,0.0,0.0,False,zero,101
OnlyFemale,LASSO_LogisticRegression,FengQ_2015,0.03,0.7177777777777778,0.6763858901227802,0.6666666666666666,PA_Bacteroides finegoldii,PA,Bacteroides finegoldii,Bacteroides finegoldii,bacteroides finegoldii,0.0,0.0,False,zero,102
OnlyFemale,LASSO_LogisticRegression,FengQ_2015,0.03,0.7177777777777778,0.6763858901227802,0.6666666666666666,PA_Alistipes inops,PA,Alistipes inops,Alistipes inops,alistipes inops,0.0,0.0,False,zero,103
OnlyFemale,LASSO_LogisticRegression,FengQ_2015,0.03,0.7177777777777778,0.6763858901227802,0.6666666666666666,PA_Bacteroides salyersiae,PA,Bacteroides salyersiae,Bacteroides salyersiae,bacteroides salyersiae,0.0,0.0,False,zero,104
OnlyFemale,LASSO_LogisticRegression,FengQ_2015,0.03,0.7177777777777778,0.6763858901227802,0.6666666666666666,PA_Klebsiella pneumoniae,PA,Klebsiella pneumoniae,Klebsiella pneumoniae,klebsiella pneumoniae,0.0,0.0,False,zero,105
OnlyFemale,LASSO_LogisticRegression,FengQ_2015,0.03,0.7177777777777778,0.6763858901227802,0.6666666666666666,PA_Klebsiella variicola,PA,Klebsiella variicola,Klebsiella variicola,klebsiella variicola,0.0,0.0,False,zero,106
OnlyFemale,LASSO_LogisticRegression,FengQ_2015,0.03,0.7177777777777778,0.6763858901227802,0.6666666666666666,PA_Klebsiella quasipneumoniae,PA,Klebsiella quasipneumoniae,Klebsiella quasipneumoniae,klebsiella quasipneumoniae,0.0,0.0,False,zero,107
OnlyFemale,LASSO_LogisticRegression,FengQ_2015,0.03,0.7177777777777778,0.6763858901227802,0.6666666666666666,rCLR_Faecalibacterium prausnitzii,rCLR,Faecalibacterium prausnitzii,Faecalibacterium prausnitzii,faecalibacterium prausnitzii,0.0,0.0,False,zero,108
OnlyFemale,LASSO_LogisticRegression,FengQ_2015,0.03,0.7177777777777778,0.6763858901227802,0.6666666666666666,rCLR_Streptococcus salivarius,rCLR,Streptococcus salivarius,Streptococcus salivarius,streptococcus salivarius,0.0,0.0,False,zero,109
OnlyFemale,LASSO_LogisticRegression,FengQ_2015,0.03,0.7177777777777778,0.6763858901227802,0.6666666666666666,rCLR_Anaerostipes hadrus,rCLR,Anaerostipes hadrus,Anaerostipes hadrus,anaerostipes hadrus,0.0,0.0,False,zero,110
OnlyFemale,LASSO_LogisticRegression,FengQ_2015,0.03,0.7177777777777778,0.6763858901227802,0.6666666666666666,rCLR_Bacteroides stercoris,rCLR,Bacteroides stercoris,Bacteroides stercoris,bacteroides stercoris,0.0,0.0,False,zero,111
OnlyFemale,LASSO_LogisticRegression,FengQ_2015,0.03,0.7177777777777778,0.6763858901227802,0.6666666666666666,rCLR_Collinsella aerofaciens,rCLR,Collinsella aerofaciens,Collinsella aerofaciens,collinsella aerofaciens,0.0,0.0,False,zero,112
OnlyFemale,LASSO_LogisticRegression,FengQ_2015,0.03,0.7177777777777778,0.6763858901227802,0.6666666666666666,rCLR_Bifidobacterium longum,rCLR,Bifidobacterium longum,Bifidobacterium longum,bifidobacterium longum,0.0,0.0,False,zero,113
OnlyFemale,LASSO_LogisticRegression,FengQ_2015,0.03,0.7177777777777778,0.6763858901227802,0.6666666666666666,rCLR_Phocaeicola plebeius,rCLR,Phocaeicola plebeius,Phocaeicola plebeius,phocaeicola plebeius,0.0,0.0,False,zero,114
OnlyFemale,LASSO_LogisticRegression,FengQ_2015,0.03,0.7177777777777778,0.6763858901227802,0.6666666666666666,rCLR_Phocaeicola vulgatus,rCLR,Phocaeicola vulgatus,Phocaeicola vulgatus,phocaeicola vulgatus,0.0,0.0,False,zero,115
OnlyFemale,LASSO_LogisticRegression,FengQ_2015,0.03,0.7177777777777778,0.6763858901227802,0.6666666666666666,rCLR_Dorea longicatena,rCLR,Dorea longicatena,Dorea longicatena,dorea longicatena,0.0,0.0,False,zero,116
OnlyFemale,LASSO_LogisticRegression,FengQ_2015,0.03,0.7177777777777778,0.6763858901227802,0.6666666666666666,rCLR_Eubacterium sp. CAG:251,rCLR,Eubacterium sp. CAG:251,Eubacterium sp. CAG:251,eubacterium sp. cag:251,0.0,0.0,False,zero,117
OnlyFemale,LASSO_LogisticRegression,FengQ_2015,0.03,0.7177777777777778,0.6763858901227802,0.6666666666666666,PA_Bacteroides caccae,PA,Bacteroides caccae,Bacteroides caccae,bacteroides caccae,0.0,0.0,False,zero,118
OnlyFemale,LASSO_LogisticRegression,FengQ_2015,0.03,0.7177777777777778,0.6763858901227802,0.6666666666666666,PA_Paraprevotella xylaniphila,PA,Paraprevotella xylaniphila,Paraprevotella xylaniphila,paraprevotella xylaniphila,0.0,0.0,False,zero,119
OnlyFemale,LASSO_LogisticRegression,FengQ_2015,0.03,0.7177777777777778,0.6763858901227802,0.6666666666666666,rCLR_Coprococcus comes,rCLR,Coprococcus comes,Coprococcus comes,coprococcus comes,0.0,0.0,False,zero,120
OnlyFemale,LASSO_LogisticRegression,FengQ_2015,0.03,0.7177777777777778,0.6763858901227802,0.6666666666666666,rCLR_Fusicatenibacter saccharivorans,rCLR,Fusicatenibacter saccharivorans,Fusicatenibacter saccharivorans,fusicatenibacter saccharivorans,0.0,0.0,False,zero,121
OnlyFemale,LASSO_LogisticRegression,FengQ_2015,0.03,0.7177777777777778,0.6763858901227802,0.6666666666666666,rCLR_Holdemanella biformis,rCLR,Holdemanella biformis,Holdemanella biformis,holdemanella biformis,0.0,0.0,False,zero,122
OnlyFemale,LASSO_LogisticRegression,FengQ_2015,0.03,0.7177777777777778,0.6763858901227802,0.6666666666666666,rCLR_[Ruminococcus] torques,rCLR,[Ruminococcus] torques,[Ruminococcus] torques,[ruminococcus] torques,0.0,0.0,False,zero,123
OnlyFemale,LASSO_LogisticRegression,FengQ_2015,0.03,0.7177777777777778,0.6763858901227802,0.6666666666666666,rCLR_Bacteroides uniformis,rCLR,Bacteroides uniformis,Bacteroides uniformis,bacteroides uniformis,0.0,0.0,False,zero,124
OnlyFemale,LASSO_LogisticRegression,FengQ_2015,0.03,0.7177777777777778,0.6763858901227802,0.6666666666666666,rCLR_Blautia wexlerae,rCLR,Blautia wexlerae,Blautia wexlerae,blautia wexlerae,0.0,0.0,False,zero,125
OnlyFemale,LASSO_LogisticRegression,FengQ_2015,0.03,0.7177777777777778,0.6763858901227802,0.6666666666666666,rCLR_Gemmiger formicilis,rCLR,Gemmiger formicilis,Gemmiger formicilis,gemmiger formicilis,0.0,0.0,False,zero,126
OnlyFemale,LASSO_LogisticRegression,FengQ_2015,0.03,0.7177777777777778,0.6763858901227802,0.6666666666666666,rCLR_Anaerobutyricum hallii,rCLR,Anaerobutyricum hallii,Anaerobutyricum hallii,anaerobutyricum hallii,0.0,0.0,False,zero,127
OnlyFemale,LASSO_LogisticRegression,FengQ_2015,0.03,0.7177777777777778,0.6763858901227802,0.6666666666666666,rCLR_Coprococcus eutactus,rCLR,Coprococcus eutactus,Coprococcus eutactus,coprococcus eutactus,0.0,0.0,False,zero,128
OnlyFemale,LASSO_LogisticRegression,FengQ_2015,0.03,0.7177777777777778,0.6763858901227802,0.6666666666666666,rCLR_[Ruminococcus] lactaris,rCLR,[Ruminococcus] lactaris,[Ruminococcus] lactaris,[ruminococcus] lactaris,0.0,0.0,False,zero,129
OnlyFemale,LASSO_LogisticRegression,FengQ_2015,0.03,0.7177777777777778,0.6763858901227802,0.6666666666666666,rCLR_Coprococcus catus,rCLR,Coprococcus catus,Coprococcus catus,coprococcus catus,0.0,0.0,False,zero,130
OnlyFemale,LASSO_LogisticRegression,FengQ_2015,0.03,0.7177777777777778,0.6763858901227802,0.6666666666666666,rCLR_Roseburia intestinalis,rCLR,Roseburia intestinalis,Roseburia intestinalis,roseburia intestinalis,0.0,0.0,False,zero,131
OnlyFemale,LASSO_LogisticRegression,FengQ_2015,0.03,0.7177777777777778,0.6763858901227802,0.6666666666666666,rCLR_Roseburia inulinivorans,rCLR,Roseburia inulinivorans,Roseburia inulinivorans,roseburia inulinivorans,0.0,0.0,False,zero,132
OnlyFemale,LASSO_LogisticRegression,FengQ_2015,0.03,0.7177777777777778,0.6763858901227802,0.6666666666666666,rCLR_Phascolarctobacterium succinatutens,rCLR,Phascolarctobacterium succinatutens,Phascolarctobacterium succinatutens,phascolarctobacterium succinatutens,0.0,0.0,False,zero,133
OnlyFemale,LASSO_LogisticRegression,FengQ_2015,0.03,0.7177777777777778,0.6763858901227802,0.6666666666666666,rCLR_[Eubacterium] rectale,rCLR,[Eubacterium] rectale,[Eubacterium] rectale,[eubacterium] rectale,0.0,0.0,False,zero,134
OnlyFemale,LASSO_LogisticRegression,FengQ_2015,0.03,0.7177777777777778,0.6763858901227802,0.6666666666666666,rCLR_Streptococcus parasanguinis,rCLR,Streptococcus parasanguinis,Streptococcus parasanguinis,streptococcus parasanguinis,0.0,0.0,False,zero,135
OnlyFemale,LASSO_LogisticRegression,FengQ_2015,0.03,0.7177777777777778,0.6763858901227802,0.6666666666666666,rCLR_Blautia obeum,rCLR,Blautia obeum,Blautia obeum,blautia obeum,0.0,0.0,False,zero,136
OnlyFemale,LASSO_LogisticRegression,FengQ_2015,0.03,0.7177777777777778,0.6763858901227802,0.6666666666666666,rCLR_Agathobaculum butyriciproducens,rCLR,Agathobaculum butyriciproducens,Agathobaculum butyriciproducens,agathobaculum butyriciproducens,0.0,0.0,False,zero,137
OnlyFemale,LASSO_LogisticRegression,FengQ_2015,0.03,0.7177777777777778,0.6763858901227802,0.6666666666666666,rCLR_Bacteroides xylanisolvens,rCLR,Bacteroides xylanisolvens,Bacteroides xylanisolvens,bacteroides xylanisolvens,0.0,0.0,False,zero,138
OnlyFemale,LASSO_LogisticRegression,FengQ_2015,0.03,0.7177777777777778,0.6763858901227802,0.6666666666666666,rCLR_Bacteroides ovatus,rCLR,Bacteroides ovatus,Bacteroides ovatus,bacteroides ovatus,0.0,0.0,False,zero,139
OnlyFemale,LASSO_LogisticRegression,FengQ_2015,0.03,0.7177777777777778,0.6763858901227802,0.6666666666666666,rCLR_Streptococcus thermophilus,rCLR,Streptococcus thermophilus,Streptococcus thermophilus,streptococcus thermophilus,0.0,0.0,False,zero,140
OnlyFemale,LASSO_LogisticRegression,FengQ_2015,0.03,0.7177777777777778,0.6763858901227802,0.6666666666666666,rCLR_Eubacterium ramulus,rCLR,Eubacterium ramulus,Eubacterium ramulus,eubacterium ramulus,0.0,0.0,False,zero,141
OnlyFemale,LASSO_LogisticRegression,FengQ_2015,0.03,0.7177777777777778,0.6763858901227802,0.6666666666666666,rCLR_Bifidobacterium adolescentis,rCLR,Bifidobacterium adolescentis,Bifidobacterium adolescentis,bifidobacterium adolescentis,0.0,0.0,False,zero,142
OnlyFemale,LASSO_LogisticRegression,FengQ_2015,0.03,0.7177777777777778,0.6763858901227802,0.6666666666666666,rCLR_Eubacterium sp. CAG:274,rCLR,Eubacterium sp. CAG:274,Eubacterium sp. CAG:274,eubacterium sp. cag:274,0.0,0.0,False,zero,143
OnlyFemale,LASSO_LogisticRegression,FengQ_2015,0.03,0.7177777777777778,0.6763858901227802,0.6666666666666666,rCLR_Eubacterium ventriosum,rCLR,Eubacterium ventriosum,Eubacterium ventriosum,eubacterium ventriosum,0.0,0.0,False,zero,144
OnlyFemale,LASSO_LogisticRegression,FengQ_2015,0.03,0.7177777777777778,0.6763858901227802,0.6666666666666666,rCLR_Flavonifractor plautii,rCLR,Flavonifractor plautii,Flavonifractor plautii,flavonifractor plautii,0.0,0.0,False,zero,145
OnlyFemale,LASSO_LogisticRegression,FengQ_2015,0.03,0.7177777777777778,0.6763858901227802,0.6666666666666666,rCLR_Oscillibacter sp. 57_20,rCLR,Oscillibacter sp. 57_20,Oscillibacter sp. 57 20,oscillibacter sp. 57 20,0.0,0.0,False,zero,146
OnlyFemale,LASSO_LogisticRegression,FengQ_2015,0.03,0.7177777777777778,0.6763858901227802,0.6666666666666666,rCLR_Roseburia hominis,rCLR,Roseburia hominis,Roseburia hominis,roseburia hominis,0.0,0.0,False,zero,147
OnlyFemale,LASSO_LogisticRegression,FengQ_2015,0.03,0.7177777777777778,0.6763858901227802,0.6666666666666666,rCLR_Alistipes finegoldii,rCLR,Alistipes finegoldii,Alistipes finegoldii,alistipes finegoldii,0.0,0.0,False,zero,148
OnlyFemale,LASSO_LogisticRegression,FengQ_2015,0.03,0.7177777777777778,0.6763858901227802,0.6666666666666666,rCLR_Alistipes putredinis,rCLR,Alistipes putredinis,Alistipes putredinis,alistipes putredinis,0.0,0.0,False,zero,149
OnlyFemale,LASSO_LogisticRegression,FengQ_2015,0.03,0.7177777777777778,0.6763858901227802,0.6666666666666666,PA_Anaerotignum lactatifermentans,PA,Anaerotignum lactatifermentans,Anaerotignum lactatifermentans,anaerotignum lactatifermentans,0.0,0.0,False,zero,150
OnlyFemale,LASSO_LogisticRegression,FengQ_2015,0.03,0.7177777777777778,0.6763858901227802,0.6666666666666666,PA_Desulfovibrio piger,PA,Desulfovibrio piger,Desulfovibrio piger,desulfovibrio piger,0.0,0.0,False,zero,151
OnlyFemale,LASSO_LogisticRegression,FengQ_2015,0.03,0.7177777777777778,0.6763858901227802,0.6666666666666666,rCLR_Ruminococcus bromii,rCLR,Ruminococcus bromii,Ruminococcus bromii,ruminococcus bromii,0.0,0.0,False,zero,152
OnlyFemale,LASSO_LogisticRegression,FengQ_2015,0.03,0.7177777777777778,0.6763858901227802,0.6666666666666666,rCLR_Veillonella atypica,rCLR,Veillonella atypica,Veillonella atypica,veillonella atypica,0.0,0.0,False,zero,153
OnlyFemale,LASSO_LogisticRegression,FengQ_2015,0.03,0.7177777777777778,0.6763858901227802,0.6666666666666666,rCLR_Lachnospira eligens,rCLR,Lachnospira eligens,Lachnospira eligens,lachnospira eligens,0.0,0.0,False,zero,154
OnlyFemale,LASSO_LogisticRegression,FengQ_2015,0.03,0.7177777777777778,0.6763858901227802,0.6666666666666666,rCLR_Firmicutes bacterium CAG:83,rCLR,Firmicutes bacterium CAG:83,Firmicutes bacterium CAG:83,firmicutes bacterium cag:83,0.0,0.0,False,zero,155
OnlyFemale,LASSO_LogisticRegression,FengQ_2015,0.03,0.7177777777777778,0.6763858901227802,0.6666666666666666,rCLR_Bacteroides eggerthii,rCLR,Bacteroides eggerthii,Bacteroides eggerthii,bacteroides eggerthii,0.0,0.0,False,zero,156
OnlyFemale,LASSO_LogisticRegression,FengQ_2015,0.03,0.7177777777777778,0.6763858901227802,0.6666666666666666,rCLR_Roseburia faecis,rCLR,Roseburia faecis,Roseburia faecis,roseburia faecis,0.0,0.0,False,zero,157
OnlyFemale,LASSO_LogisticRegression,FengQ_2015,0.03,0.7177777777777778,0.6763858901227802,0.6666666666666666,rCLR_Phocaeicola coprocola,rCLR,Phocaeicola coprocola,Phocaeicola coprocola,phocaeicola coprocola,0.0,0.0,False,zero,158
OnlyFemale,LASSO_LogisticRegression,FengQ_2015,0.03,0.7177777777777778,0.6763858901227802,0.6666666666666666,rCLR_Veillonella parvula,rCLR,Veillonella parvula,Veillonella parvula,veillonella parvula,0.0,0.0,False,zero,159
OnlyFemale,LASSO_LogisticRegression,FengQ_2015,0.03,0.7177777777777778,0.6763858901227802,0.6666666666666666,rCLR_Gordonibacter pamelaeae,rCLR,Gordonibacter pamelaeae,Gordonibacter pamelaeae,gordonibacter pamelaeae,0.0,0.0,False,zero,160
OnlyFemale,LASSO_LogisticRegression,FengQ_2015,0.03,0.7177777777777778,0.6763858901227802,0.6666666666666666,rCLR_Eubacterium sp. CAG:180,rCLR,Eubacterium sp. CAG:180,Eubacterium sp. CAG:180,eubacterium sp. cag:180,0.0,0.0,False,zero,161
OnlyFemale,LASSO_LogisticRegression,FengQ_2015,0.03,0.7177777777777778,0.6763858901227802,0.6666666666666666,rCLR_Parabacteroides merdae,rCLR,Parabacteroides merdae,Parabacteroides merdae,parabacteroides merdae,0.0,0.0,False,zero,162
OnlyFemale,LASSO_LogisticRegression,FengQ_2015,0.03,0.7177777777777778,0.6763858901227802,0.6666666666666666,rCLR_Phocaeicola dorei,rCLR,Phocaeicola dorei,Phocaeicola dorei,phocaeicola dorei,0.0,0.0,False,zero,163
OnlyFemale,LASSO_LogisticRegression,FengQ_2015,0.03,0.7177777777777778,0.6763858901227802,0.6666666666666666,rCLR_[Eubacterium] siraeum,rCLR,[Eubacterium] siraeum,[Eubacterium] siraeum,[eubacterium] siraeum,0.0,0.0,False,zero,164
OnlyFemale,LASSO_LogisticRegression,FengQ_2015,0.03,0.7177777777777778,0.6763858901227802,0.6666666666666666,rCLR_Barnesiella intestinihominis,rCLR,Barnesiella intestinihominis,Barnesiella intestinihominis,barnesiella intestinihominis,0.0,0.0,False,zero,165
OnlyFemale,LASSO_LogisticRegression,FengQ_2015,0.03,0.7177777777777778,0.6763858901227802,0.6666666666666666,rCLR_Methanobrevibacter smithii,rCLR,Methanobrevibacter smithii,Methanobrevibacter smithii,methanobrevibacter smithii,0.0,0.0,False,zero,166
OnlyFemale,LASSO_LogisticRegression,FengQ_2015,0.03,0.7177777777777778,0.6763858901227802,0.6666666666666666,rCLR_[Ruminococcus] gnavus,rCLR,[Ruminococcus] gnavus,[Ruminococcus] gnavus,[ruminococcus] gnavus,0.0,0.0,False,zero,167
OnlyFemale,LASSO_LogisticRegression,FengQ_2015,0.03,0.7177777777777778,0.6763858901227802,0.6666666666666666,rCLR_Firmicutes bacterium CAG:145,rCLR,Firmicutes bacterium CAG:145,Firmicutes bacterium CAG:145,firmicutes bacterium cag:145,0.0,0.0,False,zero,168
OnlyFemale,LASSO_LogisticRegression,FengQ_2015,0.03,0.7177777777777778,0.6763858901227802,0.6666666666666666,rCLR_Bacteroides cellulosilyticus,rCLR,Bacteroides cellulosilyticus,Bacteroides cellulosilyticus,bacteroides cellulosilyticus,0.0,0.0,False,zero,169
OnlyFemale,LASSO_LogisticRegression,FengQ_2015,0.03,0.7177777777777778,0.6763858901227802,0.6666666666666666,rCLR_Ruminococcus bicirculans,rCLR,Ruminococcus bicirculans,Ruminococcus bicirculans,ruminococcus bicirculans,0.0,0.0,False,zero,170
OnlyFemale,LASSO_LogisticRegression,FengQ_2015,0.03,0.7177777777777778,0.6763858901227802,0.6666666666666666,rCLR_Adlercreutzia equolifaciens_1,rCLR,Adlercreutzia equolifaciens_1,Adlercreutzia equolifaciens 1,adlercreutzia equolifaciens 1,0.0,0.0,False,zero,171
OnlyFemale,LASSO_LogisticRegression,FengQ_2015,0.03,0.7177777777777778,0.6763858901227802,0.6666666666666666,rCLR_Firmicutes bacterium CAG:110,rCLR,Firmicutes bacterium CAG:110,Firmicutes bacterium CAG:110,firmicutes bacterium cag:110,0.0,0.0,False,zero,172
OnlyFemale,LASSO_LogisticRegression,FengQ_2015,0.03,0.7177777777777778,0.6763858901227802,0.6666666666666666,rCLR_Parabacteroides distasonis,rCLR,Parabacteroides distasonis,Parabacteroides distasonis,parabacteroides distasonis,0.0,0.0,False,zero,173
OnlyFemale,LASSO_LogisticRegression,FengQ_2015,0.03,0.7177777777777778,0.6763858901227802,0.6666666666666666,rCLR_Odoribacter splanchnicus,rCLR,Odoribacter splanchnicus,Odoribacter splanchnicus,odoribacter splanchnicus,0.0,0.0,False,zero,174
OnlyFemale,LASSO_LogisticRegression,FengQ_2015,0.03,0.7177777777777778,0.6763858901227802,0.6666666666666666,rCLR_Oscillibacter sp. CAG:241,rCLR,Oscillibacter sp. CAG:241,Oscillibacter sp. CAG:241,oscillibacter sp. cag:241,0.0,0.0,False,zero,175
OnlyFemale,LASSO_LogisticRegression,FengQ_2015,0.03,0.7177777777777778,0.6763858901227802,0.6666666666666666,rCLR_Alistipes shahii,rCLR,Alistipes shahii,Alistipes shahii,alistipes shahii,0.0,0.0,False,zero,176
OnlyFemale,LASSO_LogisticRegression,FengQ_2015,0.03,0.7177777777777778,0.6763858901227802,0.6666666666666666,rCLR_Eggerthella lenta,rCLR,Eggerthella lenta,Eggerthella lenta,eggerthella lenta,0.0,0.0,False,zero,177
OnlyFemale,LASSO_LogisticRegression,FengQ_2015,0.03,0.7177777777777778,0.6763858901227802,0.6666666666666666,rCLR_Escherichia coli,rCLR,Escherichia coli,Escherichia coli,escherichia coli,0.0,0.0,False,zero,178
OnlyFemale,LASSO_LogisticRegression,FengQ_2015,0.03,0.7177777777777778,0.6763858901227802,0.6666666666666666,rCLR_Butyricimonas virosa,rCLR,Butyricimonas virosa,Butyricimonas virosa,butyricimonas virosa,0.0,0.0,False,zero,179
OnlyFemale,LASSO_LogisticRegression,FengQ_2015,0.03,0.7177777777777778,0.6763858901227802,0.6666666666666666,rCLR_Bacteroides sp. CAG:144,rCLR,Bacteroides sp. CAG:144,Bacteroides sp. CAG:144,bacteroides sp. cag:144,0.0,0.0,False,zero,180
OnlyFemale,LASSO_LogisticRegression,FengQ_2015,0.03,0.7177777777777778,0.6763858901227802,0.6666666666666666,rCLR_Intestinibacter bartlettii,rCLR,Intestinibacter bartlettii,Intestinibacter bartlettii,intestinibacter bartlettii,0.0,0.0,False,zero,181
OnlyFemale,LASSO_LogisticRegression,FengQ_2015,0.03,0.7177777777777778,0.6763858901227802,0.6666666666666666,rCLR_Erysipelatoclostridium ramosum,rCLR,Erysipelatoclostridium ramosum,Erysipelatoclostridium ramosum,erysipelatoclostridium ramosum,0.0,0.0,False,zero,182
OnlyFemale,LASSO_LogisticRegression,FengQ_2015,0.03,0.7177777777777778,0.6763858901227802,0.6666666666666666,rCLR_Adlercreutzia equolifaciens,rCLR,Adlercreutzia equolifaciens,Adlercreutzia equolifaciens,adlercreutzia equolifaciens,0.0,0.0,False,zero,183
OnlyFemale,LASSO_LogisticRegression,FengQ_2015,0.03,0.7177777777777778,0.6763858901227802,0.6666666666666666,rCLR_Slackia isoflavoniconvertens,rCLR,Slackia isoflavoniconvertens,Slackia isoflavoniconvertens,slackia isoflavoniconvertens,0.0,0.0,False,zero,184
OnlyFemale,LASSO_LogisticRegression,FengQ_2015,0.03,0.7177777777777778,0.6763858901227802,0.6666666666666666,rCLR_Clostridium sp. CAG:58,rCLR,Clostridium sp. CAG:58,Clostridium sp. CAG:58,clostridium sp. cag:58,0.0,0.0,False,zero,185
OnlyFemale,LASSO_LogisticRegression,FengQ_2015,0.03,0.7177777777777778,0.6763858901227802,0.6666666666666666,rCLR_Bacteroides intestinalis,rCLR,Bacteroides intestinalis,Bacteroides intestinalis,bacteroides intestinalis,0.0,0.0,False,zero,186
OnlyFemale,LASSO_LogisticRegression,FengQ_2015,0.03,0.7177777777777778,0.6763858901227802,0.6666666666666666,rCLR_Akkermansia muciniphila,rCLR,Akkermansia muciniphila,Akkermansia muciniphila,akkermansia muciniphila,0.0,0.0,False,zero,187
OnlyFemale,LASSO_LogisticRegression,FengQ_2015,0.03,0.7177777777777778,0.6763858901227802,0.6666666666666666,rCLR_Bifidobacterium pseudocatenulatum,rCLR,Bifidobacterium pseudocatenulatum,Bifidobacterium pseudocatenulatum,bifidobacterium pseudocatenulatum,0.0,0.0,False,zero,188
OnlyFemale,LASSO_LogisticRegression,FengQ_2015,0.03,0.7177777777777778,0.6763858901227802,0.6666666666666666,rCLR_Eubacterium sp. CAG:38,rCLR,Eubacterium sp. CAG:38,Eubacterium sp. CAG:38,eubacterium sp. cag:38,0.0,0.0,False,zero,189
OnlyFemale,LASSO_LogisticRegression,FengQ_2015,0.03,0.7177777777777778,0.6763858901227802,0.6666666666666666,rCLR_Bifidobacterium bifidum,rCLR,Bifidobacterium bifidum,Bifidobacterium bifidum,bifidobacterium bifidum,0.0,0.0,False,zero,190
OnlyFemale,LASSO_LogisticRegression,FengQ_2015,0.03,0.7177777777777778,0.6763858901227802,0.6666666666666666,rCLR_Blautia sp. CAG:257,rCLR,Blautia sp. CAG:257,Blautia sp. CAG:257,blautia sp. cag:257,0.0,0.0,False,zero,191
OnlyFemale,LASSO_LogisticRegression,FengQ_2015,0.03,0.7177777777777778,0.6763858901227802,0.6666666666666666,rCLR_Parasutterella excrementihominis,rCLR,Parasutterella excrementihominis,Parasutterella excrementihominis,parasutterella excrementihominis,0.0,0.0,False,zero,192
OnlyFemale,LASSO_LogisticRegression,FengQ_2015,0.03,0.7177777777777778,0.6763858901227802,0.6666666666666666,rCLR_Proteobacteria bacterium CAG:139,rCLR,Proteobacteria bacterium CAG:139,Proteobacteria bacterium CAG:139,proteobacteria bacterium cag:139,0.0,0.0,False,zero,193
OnlyFemale,LASSO_LogisticRegression,FengQ_2015,0.03,0.7177777777777778,0.6763858901227802,0.6666666666666666,rCLR_Lawsonibacter asaccharolyticus,rCLR,Lawsonibacter asaccharolyticus,Lawsonibacter asaccharolyticus,lawsonibacter asaccharolyticus,0.0,0.0,False,zero,194
OnlyFemale,LASSO_LogisticRegression,FengQ_2015,0.03,0.7177777777777778,0.6763858901227802,0.6666666666666666,rCLR_Coprobacter fastidiosus,rCLR,Coprobacter fastidiosus,Coprobacter fastidiosus,coprobacter fastidiosus,0.0,0.0,False,zero,195
OnlyFemale,LASSO_LogisticRegression,FengQ_2015,0.03,0.7177777777777778,0.6763858901227802,0.6666666666666666,rCLR_Alistipes inops,rCLR,Alistipes inops,Alistipes inops,alistipes inops,0.0,0.0,False,zero,196
OnlyFemale,LASSO_LogisticRegression,FengQ_2015,0.03,0.7177777777777778,0.6763858901227802,0.6666666666666666,rCLR_Bacteroides finegoldii,rCLR,Bacteroides finegoldii,Bacteroides finegoldii,bacteroides finegoldii,0.0,0.0,False,zero,197
OnlyFemale,LASSO_LogisticRegression,FengQ_2015,0.03,0.7177777777777778,0.6763858901227802,0.6666666666666666,rCLR_Paraprevotella xylaniphila,rCLR,Paraprevotella xylaniphila,Paraprevotella xylaniphila,paraprevotella xylaniphila,0.0,0.0,False,zero,198
OnlyFemale,LASSO_LogisticRegression,FengQ_2015,0.03,0.7177777777777778,0.6763858901227802,0.6666666666666666,rCLR_Dialister invisus,rCLR,Dialister invisus,Dialister invisus,dialister invisus,0.0,0.0,False,zero,199
OnlyFemale,LASSO_LogisticRegression,FengQ_2015,0.03,0.7177777777777778,0.6763858901227802,0.6666666666666666,rCLR_Enterocloster bolteae,rCLR,Enterocloster bolteae,Enterocloster bolteae,enterocloster bolteae,0.0,0.0,False,zero,200
OnlyFemale,LASSO_LogisticRegression,FengQ_2015,0.03,0.7177777777777778,0.6763858901227802,0.6666666666666666,rCLR_Bacteroides caccae,rCLR,Bacteroides caccae,Bacteroides caccae,bacteroides caccae,0.0,0.0,False,zero,201
OnlyFemale,LASSO_LogisticRegression,FengQ_2015,0.03,0.7177777777777778,0.6763858901227802,0.6666666666666666,rCLR_Desulfovibrio piger,rCLR,Desulfovibrio piger,Desulfovibrio piger,desulfovibrio piger,0.0,0.0,False,zero,202
OnlyFemale,LASSO_LogisticRegression,FengQ_2015,0.03,0.7177777777777778,0.6763858901227802,0.6666666666666666,rCLR_Lachnospira pectinoschiza,rCLR,Lachnospira pectinoschiza,Lachnospira pectinoschiza,lachnospira pectinoschiza,0.0,0.0,False,zero,203
OnlyFemale,LASSO_LogisticRegression,FengQ_2015,0.03,0.7177777777777778,0.6763858901227802,0.6666666666666666,rCLR_Prevotella copri,rCLR,Prevotella copri,Prevotella copri,prevotella copri,0.0,0.0,False,zero,204
OnlyFemale,LASSO_LogisticRegression,FengQ_2015,0.03,0.7177777777777778,0.6763858901227802,0.6666666666666666,rCLR_Phocaeicola massiliensis,rCLR,Phocaeicola massiliensis,Phocaeicola massiliensis,phocaeicola massiliensis,0.0,0.0,False,zero,205
OnlyFemale,LASSO_LogisticRegression,FengQ_2015,0.03,0.7177777777777778,0.6763858901227802,0.6666666666666666,rCLR_Megamonas funiformis,rCLR,Megamonas funiformis,Megamonas funiformis,megamonas funiformis,0.0,0.0,False,zero,206
OnlyFemale,LASSO_LogisticRegression,FengQ_2015,0.03,0.7177777777777778,0.6763858901227802,0.6666666666666666,rCLR_Phascolarctobacterium faecium,rCLR,Phascolarctobacterium faecium,Phascolarctobacterium faecium,phascolarctobacterium faecium,0.0,0.0,False,zero,207
OnlyFemale,LASSO_LogisticRegression,FengQ_2015,0.03,0.7177777777777778,0.6763858901227802,0.6666666666666666,rCLR_Acidaminococcus intestini,rCLR,Acidaminococcus intestini,Acidaminococcus intestini,acidaminococcus intestini,0.0,0.0,False,zero,208
OnlyFemale,LASSO_LogisticRegression,FengQ_2015,0.03,0.7177777777777778,0.6763858901227802,0.6666666666666666,rCLR_Anaerotignum lactatifermentans,rCLR,Anaerotignum lactatifermentans,Anaerotignum lactatifermentans,anaerotignum lactatifermentans,0.0,0.0,False,zero,209
OnlyFemale,LASSO_LogisticRegression,FengQ_2015,0.03,0.7177777777777778,0.6763858901227802,0.6666666666666666,rCLR_Bacteroides salyersiae,rCLR,Bacteroides salyersiae,Bacteroides salyersiae,bacteroides salyersiae,0.0,0.0,False,zero,210
OnlyFemale,LASSO_LogisticRegression,FengQ_2015,0.03,0.7177777777777778,0.6763858901227802,0.6666666666666666,rCLR_Parvimonas micra,rCLR,Parvimonas micra,Parvimonas micra,parvimonas micra,0.0,0.0,False,zero,211
OnlyFemale,LASSO_LogisticRegression,FengQ_2015,0.03,0.7177777777777778,0.6763858901227802,0.6666666666666666,rCLR_Klebsiella pneumoniae,rCLR,Klebsiella pneumoniae,Klebsiella pneumoniae,klebsiella pneumoniae,0.0,0.0,False,zero,212
OnlyFemale,LASSO_LogisticRegression,FengQ_2015,0.03,0.7177777777777778,0.6763858901227802,0.6666666666666666,rCLR_Klebsiella variicola,rCLR,Klebsiella variicola,Klebsiella variicola,klebsiella variicola,0.0,0.0,False,zero,213
OnlyFemale,LASSO_LogisticRegression,FengQ_2015,0.03,0.7177777777777778,0.6763858901227802,0.6666666666666666,rCLR_Klebsiella quasipneumoniae,rCLR,Klebsiella quasipneumoniae,Klebsiella quasipneumoniae,klebsiella quasipneumoniae,0.0,0.0,False,zero,214
OnlyFemale,LASSO_LogisticRegression,FengQ_2015,0.03,0.7177777777777778,0.6763858901227802,0.6666666666666666,Age,covariate,Age,Age,age,0.0,0.0,False,zero,215
OnlyFemale,LASSO_LogisticRegression,HanniganGD_2017,0.03,0.4789915966386554,0.325503663003663,0.0,PA_Parvimonas micra,PA,Parvimonas micra,Parvimonas micra,parvimonas micra,0.2713458495575345,0.2713458495575345,True,CRC-associated,1
OnlyFemale,LASSO_LogisticRegression,HanniganGD_2017,0.03,0.4789915966386554,0.325503663003663,0.0,rCLR_Dorea formicigenerans,rCLR,Dorea formicigenerans,Dorea formicigenerans,dorea formicigenerans,0.07794439862324017,0.07794439862324017,True,CRC-associated,2
OnlyFemale,LASSO_LogisticRegression,HanniganGD_2017,0.03,0.4789915966386554,0.325503663003663,0.0,rCLR_Anaerostipes hadrus,rCLR,Anaerostipes hadrus,Anaerostipes hadrus,anaerostipes hadrus,-0.05277311418464256,0.05277311418464256,True,Control-associated,3
OnlyFemale,LASSO_LogisticRegression,HanniganGD_2017,0.03,0.4789915966386554,0.325503663003663,0.0,rCLR_Ruthenibacterium lactatiformans,rCLR,Ruthenibacterium lactatiformans,Ruthenibacterium lactatiformans,ruthenibacterium lactatiformans,0.04576125628616034,0.04576125628616034,True,CRC-associated,4
OnlyFemale,LASSO_LogisticRegression,HanniganGD_2017,0.03,0.4789915966386554,0.325503663003663,0.0,PA_Flavonifractor plautii,PA,Flavonifractor plautii,Flavonifractor plautii,flavonifractor plautii,0.04566696758627212,0.04566696758627212,True,CRC-associated,5
OnlyFemale,LASSO_LogisticRegression,HanniganGD_2017,0.03,0.4789915966386554,0.325503663003663,0.0,rCLR_Bacteroides fragilis,rCLR,Bacteroides fragilis,Bacteroides fragilis,bacteroides fragilis,0.012470167692356765,0.012470167692356765,True,CRC-associated,6
OnlyFemale,LASSO_LogisticRegression,HanniganGD_2017,0.03,0.4789915966386554,0.325503663003663,0.0,PA_Streptococcus salivarius,PA,Streptococcus salivarius,Streptococcus salivarius,streptococcus salivarius,0.0,0.0,False,zero,7
OnlyFemale,LASSO_LogisticRegression,HanniganGD_2017,0.03,0.4789915966386554,0.325503663003663,0.0,PA_Phocaeicola vulgatus,PA,Phocaeicola vulgatus,Phocaeicola vulgatus,phocaeicola vulgatus,0.0,0.0,False,zero,8
OnlyFemale,LASSO_LogisticRegression,HanniganGD_2017,0.03,0.4789915966386554,0.325503663003663,0.0,PA_Dorea longicatena,PA,Dorea longicatena,Dorea longicatena,dorea longicatena,0.0,0.0,False,zero,9
OnlyFemale,LASSO_LogisticRegression,HanniganGD_2017,0.03,0.4789915966386554,0.325503663003663,0.0,PA_Eubacterium sp. CAG:251,PA,Eubacterium sp. CAG:251,Eubacterium sp. CAG:251,eubacterium sp. cag:251,0.0,0.0,False,zero,10
OnlyFemale,LASSO_LogisticRegression,HanniganGD_2017,0.03,0.4789915966386554,0.325503663003663,0.0,PA_Fusicatenibacter saccharivorans,PA,Fusicatenibacter saccharivorans,Fusicatenibacter saccharivorans,fusicatenibacter saccharivorans,0.0,0.0,False,zero,11
OnlyFemale,LASSO_LogisticRegression,HanniganGD_2017,0.03,0.4789915966386554,0.325503663003663,0.0,PA_Coprococcus comes,PA,Coprococcus comes,Coprococcus comes,coprococcus comes,0.0,0.0,False,zero,12
OnlyFemale,LASSO_LogisticRegression,HanniganGD_2017,0.03,0.4789915966386554,0.325503663003663,0.0,PA_[Ruminococcus] torques,PA,[Ruminococcus] torques,[Ruminococcus] torques,[ruminococcus] torques,0.0,0.0,False,zero,13
OnlyFemale,LASSO_LogisticRegression,HanniganGD_2017,0.03,0.4789915966386554,0.325503663003663,0.0,PA_Anaerobutyricum hallii,PA,Anaerobutyricum hallii,Anaerobutyricum hallii,anaerobutyricum hallii,0.0,0.0,False,zero,14
OnlyFemale,LASSO_LogisticRegression,HanniganGD_2017,0.03,0.4789915966386554,0.325503663003663,0.0,PA_Holdemanella biformis,PA,Holdemanella biformis,Holdemanella biformis,holdemanella biformis,0.0,0.0,False,zero,15
OnlyFemale,LASSO_LogisticRegression,HanniganGD_2017,0.03,0.4789915966386554,0.325503663003663,0.0,PA_Bacteroides uniformis,PA,Bacteroides uniformis,Bacteroides uniformis,bacteroides uniformis,0.0,0.0,False,zero,16
OnlyFemale,LASSO_LogisticRegression,HanniganGD_2017,0.03,0.4789915966386554,0.325503663003663,0.0,PA_Blautia wexlerae,PA,Blautia wexlerae,Blautia wexlerae,blautia wexlerae,0.0,0.0,False,zero,17
OnlyFemale,LASSO_LogisticRegression,HanniganGD_2017,0.03,0.4789915966386554,0.325503663003663,0.0,PA_Gemmiger formicilis,PA,Gemmiger formicilis,Gemmiger formicilis,gemmiger formicilis,0.0,0.0,False,zero,18
OnlyFemale,LASSO_LogisticRegression,HanniganGD_2017,0.03,0.4789915966386554,0.325503663003663,0.0,PA_Faecalibacterium prausnitzii,PA,Faecalibacterium prausnitzii,Faecalibacterium prausnitzii,faecalibacterium prausnitzii,0.0,0.0,False,zero,19
OnlyFemale,LASSO_LogisticRegression,HanniganGD_2017,0.03,0.4789915966386554,0.325503663003663,0.0,PA_Bacteroides stercoris,PA,Bacteroides stercoris,Bacteroides stercoris,bacteroides stercoris,0.0,0.0,False,zero,20
OnlyFemale,LASSO_LogisticRegression,HanniganGD_2017,0.03,0.4789915966386554,0.325503663003663,0.0,PA_Collinsella aerofaciens,PA,Collinsella aerofaciens,Collinsella aerofaciens,collinsella aerofaciens,0.0,0.0,False,zero,21
OnlyFemale,LASSO_LogisticRegression,HanniganGD_2017,0.03,0.4789915966386554,0.325503663003663,0.0,PA_Bifidobacterium longum,PA,Bifidobacterium longum,Bifidobacterium longum,bifidobacterium longum,0.0,0.0,False,zero,22
OnlyFemale,LASSO_LogisticRegression,HanniganGD_2017,0.03,0.4789915966386554,0.325503663003663,0.0,PA_Anaerostipes hadrus,PA,Anaerostipes hadrus,Anaerostipes hadrus,anaerostipes hadrus,0.0,0.0,False,zero,23
OnlyFemale,LASSO_LogisticRegression,HanniganGD_2017,0.03,0.4789915966386554,0.325503663003663,0.0,PA_Coprococcus catus,PA,Coprococcus catus,Coprococcus catus,coprococcus catus,0.0,0.0,False,zero,24
OnlyFemale,LASSO_LogisticRegression,HanniganGD_2017,0.03,0.4789915966386554,0.325503663003663,0.0,PA_Roseburia intestinalis,PA,Roseburia intestinalis,Roseburia intestinalis,roseburia intestinalis,0.0,0.0,False,zero,25
OnlyFemale,LASSO_LogisticRegression,HanniganGD_2017,0.03,0.4789915966386554,0.325503663003663,0.0,PA_Phascolarctobacterium succinatutens,PA,Phascolarctobacterium succinatutens,Phascolarctobacterium succinatutens,phascolarctobacterium succinatutens,0.0,0.0,False,zero,26
OnlyFemale,LASSO_LogisticRegression,HanniganGD_2017,0.03,0.4789915966386554,0.325503663003663,0.0,PA_Roseburia inulinivorans,PA,Roseburia inulinivorans,Roseburia inulinivorans,roseburia inulinivorans,0.0,0.0,False,zero,27
OnlyFemale,LASSO_LogisticRegression,HanniganGD_2017,0.03,0.4789915966386554,0.325503663003663,0.0,PA_Blautia obeum,PA,Blautia obeum,Blautia obeum,blautia obeum,0.0,0.0,False,zero,28
OnlyFemale,LASSO_LogisticRegression,HanniganGD_2017,0.03,0.4789915966386554,0.325503663003663,0.0,PA_Agathobaculum butyriciproducens,PA,Agathobaculum butyriciproducens,Agathobaculum butyriciproducens,agathobaculum butyriciproducens,0.0,0.0,False,zero,29
OnlyFemale,LASSO_LogisticRegression,HanniganGD_2017,0.03,0.4789915966386554,0.325503663003663,0.0,PA_Bacteroides xylanisolvens,PA,Bacteroides xylanisolvens,Bacteroides xylanisolvens,bacteroides xylanisolvens,0.0,0.0,False,zero,30
OnlyFemale,LASSO_LogisticRegression,HanniganGD_2017,0.03,0.4789915966386554,0.325503663003663,0.0,PA_[Eubacterium] rectale,PA,[Eubacterium] rectale,[Eubacterium] rectale,[eubacterium] rectale,0.0,0.0,False,zero,31
OnlyFemale,LASSO_LogisticRegression,HanniganGD_2017,0.03,0.4789915966386554,0.325503663003663,0.0,PA_Bacteroides ovatus,PA,Bacteroides ovatus,Bacteroides ovatus,bacteroides ovatus,0.0,0.0,False,zero,32
OnlyFemale,LASSO_LogisticRegression,HanniganGD_2017,0.03,0.4789915966386554,0.325503663003663,0.0,PA_Bacteroides thetaiotaomicron,PA,Bacteroides thetaiotaomicron,Bacteroides thetaiotaomicron,bacteroides thetaiotaomicron,0.0,0.0,False,zero,33
OnlyFemale,LASSO_LogisticRegression,HanniganGD_2017,0.03,0.4789915966386554,0.325503663003663,0.0,PA_Eubacterium ramulus,PA,Eubacterium ramulus,Eubacterium ramulus,eubacterium ramulus,0.0,0.0,False,zero,34
OnlyFemale,LASSO_LogisticRegression,HanniganGD_2017,0.03,0.4789915966386554,0.325503663003663,0.0,PA_Streptococcus thermophilus,PA,Streptococcus thermophilus,Streptococcus thermophilus,streptococcus thermophilus,0.0,0.0,False,zero,35
OnlyFemale,LASSO_LogisticRegression,HanniganGD_2017,0.03,0.4789915966386554,0.325503663003663,0.0,PA_Bifidobacterium adolescentis,PA,Bifidobacterium adolescentis,Bifidobacterium adolescentis,bifidobacterium adolescentis,0.0,0.0,False,zero,36
OnlyFemale,LASSO_LogisticRegression,HanniganGD_2017,0.03,0.4789915966386554,0.325503663003663,0.0,PA_Eubacterium sp. CAG:274,PA,Eubacterium sp. CAG:274,Eubacterium sp. CAG:274,eubacterium sp. cag:274,0.0,0.0,False,zero,37
OnlyFemale,LASSO_LogisticRegression,HanniganGD_2017,0.03,0.4789915966386554,0.325503663003663,0.0,PA_Eubacterium ventriosum,PA,Eubacterium ventriosum,Eubacterium ventriosum,eubacterium ventriosum,0.0,0.0,False,zero,38
OnlyFemale,LASSO_LogisticRegression,HanniganGD_2017,0.03,0.4789915966386554,0.325503663003663,0.0,PA_Oscillibacter sp. 57_20,PA,Oscillibacter sp. 57_20,Oscillibacter sp. 57 20,oscillibacter sp. 57 20,0.0,0.0,False,zero,39
OnlyFemale,LASSO_LogisticRegression,HanniganGD_2017,0.03,0.4789915966386554,0.325503663003663,0.0,PA_Roseburia hominis,PA,Roseburia hominis,Roseburia hominis,roseburia hominis,0.0,0.0,False,zero,40
OnlyFemale,LASSO_LogisticRegression,HanniganGD_2017,0.03,0.4789915966386554,0.325503663003663,0.0,PA_Alistipes finegoldii,PA,Alistipes finegoldii,Alistipes finegoldii,alistipes finegoldii,0.0,0.0,False,zero,41
OnlyFemale,LASSO_LogisticRegression,HanniganGD_2017,0.03,0.4789915966386554,0.325503663003663,0.0,PA_Alistipes putredinis,PA,Alistipes putredinis,Alistipes putredinis,alistipes putredinis,0.0,0.0,False,zero,42
OnlyFemale,LASSO_LogisticRegression,HanniganGD_2017,0.03,0.4789915966386554,0.325503663003663,0.0,PA_Veillonella atypica,PA,Veillonella atypica,Veillonella atypica,veillonella atypica,0.0,0.0,False,zero,43
OnlyFemale,LASSO_LogisticRegression,HanniganGD_2017,0.03,0.4789915966386554,0.325503663003663,0.0,PA_Ruminococcus bromii,PA,Ruminococcus bromii,Ruminococcus bromii,ruminococcus bromii,0.0,0.0,False,zero,44
OnlyFemale,LASSO_LogisticRegression,HanniganGD_2017,0.03,0.4789915966386554,0.325503663003663,0.0,PA_Firmicutes bacterium CAG:83,PA,Firmicutes bacterium CAG:83,Firmicutes bacterium CAG:83,firmicutes bacterium cag:83,0.0,0.0,False,zero,45
OnlyFemale,LASSO_LogisticRegression,HanniganGD_2017,0.03,0.4789915966386554,0.325503663003663,0.0,PA_Veillonella parvula,PA,Veillonella parvula,Veillonella parvula,veillonella parvula,0.0,0.0,False,zero,46
OnlyFemale,LASSO_LogisticRegression,HanniganGD_2017,0.03,0.4789915966386554,0.325503663003663,0.0,PA_Lachnospira eligens,PA,Lachnospira eligens,Lachnospira eligens,lachnospira eligens,0.0,0.0,False,zero,47
OnlyFemale,LASSO_LogisticRegression,HanniganGD_2017,0.03,0.4789915966386554,0.325503663003663,0.0,PA_[Ruminococcus] gnavus,PA,[Ruminococcus] gnavus,[Ruminococcus] gnavus,[ruminococcus] gnavus,0.0,0.0,False,zero,48
OnlyFemale,LASSO_LogisticRegression,HanniganGD_2017,0.03,0.4789915966386554,0.325503663003663,0.0,PA_Bacteroides eggerthii,PA,Bacteroides eggerthii,Bacteroides eggerthii,bacteroides eggerthii,0.0,0.0,False,zero,49
OnlyFemale,LASSO_LogisticRegression,HanniganGD_2017,0.03,0.4789915966386554,0.325503663003663,0.0,PA_Roseburia faecis,PA,Roseburia faecis,Roseburia faecis,roseburia faecis,0.0,0.0,False,zero,50
OnlyFemale,LASSO_LogisticRegression,HanniganGD_2017,0.03,0.4789915966386554,0.325503663003663,0.0,PA_Phocaeicola coprocola,PA,Phocaeicola coprocola,Phocaeicola coprocola,phocaeicola coprocola,0.0,0.0,False,zero,51
OnlyFemale,LASSO_LogisticRegression,HanniganGD_2017,0.03,0.4789915966386554,0.325503663003663,0.0,PA_Adlercreutzia equolifaciens,PA,Adlercreutzia equolifaciens,Adlercreutzia equolifaciens,adlercreutzia equolifaciens,0.0,0.0,False,zero,52
OnlyFemale,LASSO_LogisticRegression,HanniganGD_2017,0.03,0.4789915966386554,0.325503663003663,0.0,PA_Gordonibacter pamelaeae,PA,Gordonibacter pamelaeae,Gordonibacter pamelaeae,gordonibacter pamelaeae,0.0,0.0,False,zero,53
OnlyFemale,LASSO_LogisticRegression,HanniganGD_2017,0.03,0.4789915966386554,0.325503663003663,0.0,PA_Eubacterium sp. CAG:180,PA,Eubacterium sp. CAG:180,Eubacterium sp. CAG:180,eubacterium sp. cag:180,0.0,0.0,False,zero,54
OnlyFemale,LASSO_LogisticRegression,HanniganGD_2017,0.03,0.4789915966386554,0.325503663003663,0.0,PA_Parabacteroides merdae,PA,Parabacteroides merdae,Parabacteroides merdae,parabacteroides merdae,0.0,0.0,False,zero,55
OnlyFemale,LASSO_LogisticRegression,HanniganGD_2017,0.03,0.4789915966386554,0.325503663003663,0.0,PA_Phocaeicola dorei,PA,Phocaeicola dorei,Phocaeicola dorei,phocaeicola dorei,0.0,0.0,False,zero,56
OnlyFemale,LASSO_LogisticRegression,HanniganGD_2017,0.03,0.4789915966386554,0.325503663003663,0.0,PA_[Eubacterium] siraeum,PA,[Eubacterium] siraeum,[Eubacterium] siraeum,[eubacterium] siraeum,0.0,0.0,False,zero,57
OnlyFemale,LASSO_LogisticRegression,HanniganGD_2017,0.03,0.4789915966386554,0.325503663003663,0.0,PA_Barnesiella intestinihominis,PA,Barnesiella intestinihominis,Barnesiella intestinihominis,barnesiella intestinihominis,0.0,0.0,False,zero,58
OnlyFemale,LASSO_LogisticRegression,HanniganGD_2017,0.03,0.4789915966386554,0.325503663003663,0.0,PA_Methanobrevibacter smithii,PA,Methanobrevibacter smithii,Methanobrevibacter smithii,methanobrevibacter smithii,0.0,0.0,False,zero,59
OnlyFemale,LASSO_LogisticRegression,HanniganGD_2017,0.03,0.4789915966386554,0.325503663003663,0.0,PA_Firmicutes bacterium CAG:145,PA,Firmicutes bacterium CAG:145,Firmicutes bacterium CAG:145,firmicutes bacterium cag:145,0.0,0.0,False,zero,60
OnlyFemale,LASSO_LogisticRegression,HanniganGD_2017,0.03,0.4789915966386554,0.325503663003663,0.0,PA_Bacteroides cellulosilyticus,PA,Bacteroides cellulosilyticus,Bacteroides cellulosilyticus,bacteroides cellulosilyticus,0.0,0.0,False,zero,61
OnlyFemale,LASSO_LogisticRegression,HanniganGD_2017,0.03,0.4789915966386554,0.325503663003663,0.0,PA_Adlercreutzia equolifaciens_1,PA,Adlercreutzia equolifaciens_1,Adlercreutzia equolifaciens 1,adlercreutzia equolifaciens 1,0.0,0.0,False,zero,62
OnlyFemale,LASSO_LogisticRegression,HanniganGD_2017,0.03,0.4789915966386554,0.325503663003663,0.0,PA_Ruminococcus bicirculans,PA,Ruminococcus bicirculans,Ruminococcus bicirculans,ruminococcus bicirculans,0.0,0.0,False,zero,63
OnlyFemale,LASSO_LogisticRegression,HanniganGD_2017,0.03,0.4789915966386554,0.325503663003663,0.0,PA_Firmicutes bacterium CAG:110,PA,Firmicutes bacterium CAG:110,Firmicutes bacterium CAG:110,firmicutes bacterium cag:110,0.0,0.0,False,zero,64
OnlyFemale,LASSO_LogisticRegression,HanniganGD_2017,0.03,0.4789915966386554,0.325503663003663,0.0,PA_Parabacteroides distasonis,PA,Parabacteroides distasonis,Parabacteroides distasonis,parabacteroides distasonis,0.0,0.0,False,zero,65
OnlyFemale,LASSO_LogisticRegression,HanniganGD_2017,0.03,0.4789915966386554,0.325503663003663,0.0,PA_Ruthenibacterium lactatiformans,PA,Ruthenibacterium lactatiformans,Ruthenibacterium lactatiformans,ruthenibacterium lactatiformans,0.0,0.0,False,zero,66
OnlyFemale,LASSO_LogisticRegression,HanniganGD_2017,0.03,0.4789915966386554,0.325503663003663,0.0,PA_Odoribacter splanchnicus,PA,Odoribacter splanchnicus,Odoribacter splanchnicus,odoribacter splanchnicus,0.0,0.0,False,zero,67
OnlyFemale,LASSO_LogisticRegression,HanniganGD_2017,0.03,0.4789915966386554,0.325503663003663,0.0,PA_Oscillibacter sp. CAG:241,PA,Oscillibacter sp. CAG:241,Oscillibacter sp. CAG:241,oscillibacter sp. cag:241,0.0,0.0,False,zero,68
OnlyFemale,LASSO_LogisticRegression,HanniganGD_2017,0.03,0.4789915966386554,0.325503663003663,0.0,PA_Alistipes shahii,PA,Alistipes shahii,Alistipes shahii,alistipes shahii,0.0,0.0,False,zero,69
OnlyFemale,LASSO_LogisticRegression,HanniganGD_2017,0.03,0.4789915966386554,0.325503663003663,0.0,PA_Eggerthella lenta,PA,Eggerthella lenta,Eggerthella lenta,eggerthella lenta,0.0,0.0,False,zero,70
OnlyFemale,LASSO_LogisticRegression,HanniganGD_2017,0.03,0.4789915966386554,0.325503663003663,0.0,PA_Escherichia coli,PA,Escherichia coli,Escherichia coli,escherichia coli,0.0,0.0,False,zero,71
OnlyFemale,LASSO_LogisticRegression,HanniganGD_2017,0.03,0.4789915966386554,0.325503663003663,0.0,PA_Butyricimonas virosa,PA,Butyricimonas virosa,Butyricimonas virosa,butyricimonas virosa,0.0,0.0,False,zero,72
OnlyFemale,LASSO_LogisticRegression,HanniganGD_2017,0.03,0.4789915966386554,0.325503663003663,0.0,PA_Bacteroides sp. CAG:144,PA,Bacteroides sp. CAG:144,Bacteroides sp. CAG:144,bacteroides sp. cag:144,0.0,0.0,False,zero,73
OnlyFemale,LASSO_LogisticRegression,HanniganGD_2017,0.03,0.4789915966386554,0.325503663003663,0.0,PA_Intestinibacter bartlettii,PA,Intestinibacter bartlettii,Intestinibacter bartlettii,intestinibacter bartlettii,0.0,0.0,False,zero,74
OnlyFemale,LASSO_LogisticRegression,HanniganGD_2017,0.03,0.4789915966386554,0.325503663003663,0.0,PA_Erysipelatoclostridium ramosum,PA,Erysipelatoclostridium ramosum,Erysipelatoclostridium ramosum,erysipelatoclostridium ramosum,0.0,0.0,False,zero,75
OnlyFemale,LASSO_LogisticRegression,HanniganGD_2017,0.03,0.4789915966386554,0.325503663003663,0.0,PA_Slackia isoflavoniconvertens,PA,Slackia isoflavoniconvertens,Slackia isoflavoniconvertens,slackia isoflavoniconvertens,0.0,0.0,False,zero,76
OnlyFemale,LASSO_LogisticRegression,HanniganGD_2017,0.03,0.4789915966386554,0.325503663003663,0.0,PA_Clostridium sp. CAG:58,PA,Clostridium sp. CAG:58,Clostridium sp. CAG:58,clostridium sp. cag:58,0.0,0.0,False,zero,77
OnlyFemale,LASSO_LogisticRegression,HanniganGD_2017,0.03,0.4789915966386554,0.325503663003663,0.0,PA_Akkermansia muciniphila,PA,Akkermansia muciniphila,Akkermansia muciniphila,akkermansia muciniphila,0.0,0.0,False,zero,78
OnlyFemale,LASSO_LogisticRegression,HanniganGD_2017,0.03,0.4789915966386554,0.325503663003663,0.0,PA_Bacteroides intestinalis,PA,Bacteroides intestinalis,Bacteroides intestinalis,bacteroides intestinalis,0.0,0.0,False,zero,79
OnlyFemale,LASSO_LogisticRegression,HanniganGD_2017,0.03,0.4789915966386554,0.325503663003663,0.0,PA_Bifidobacterium pseudocatenulatum,PA,Bifidobacterium pseudocatenulatum,Bifidobacterium pseudocatenulatum,bifidobacterium pseudocatenulatum,0.0,0.0,False,zero,80
OnlyFemale,LASSO_LogisticRegression,HanniganGD_2017,0.03,0.4789915966386554,0.325503663003663,0.0,PA_Eubacterium sp. CAG:38,PA,Eubacterium sp. CAG:38,Eubacterium sp. CAG:38,eubacterium sp. cag:38,0.0,0.0,False,zero,81
OnlyFemale,LASSO_LogisticRegression,HanniganGD_2017,0.03,0.4789915966386554,0.325503663003663,0.0,PA_Bacteroides fragilis,PA,Bacteroides fragilis,Bacteroides fragilis,bacteroides fragilis,0.0,0.0,False,zero,82
OnlyFemale,LASSO_LogisticRegression,HanniganGD_2017,0.03,0.4789915966386554,0.325503663003663,0.0,PA_Dorea formicigenerans,PA,Dorea formicigenerans,Dorea formicigenerans,dorea formicigenerans,0.0,0.0,False,zero,83
OnlyFemale,LASSO_LogisticRegression,HanniganGD_2017,0.03,0.4789915966386554,0.325503663003663,0.0,PA_Streptococcus parasanguinis,PA,Streptococcus parasanguinis,Streptococcus parasanguinis,streptococcus parasanguinis,0.0,0.0,False,zero,84
OnlyFemale,LASSO_LogisticRegression,HanniganGD_2017,0.03,0.4789915966386554,0.325503663003663,0.0,PA_Coprococcus eutactus,PA,Coprococcus eutactus,Coprococcus eutactus,coprococcus eutactus,0.0,0.0,False,zero,85
OnlyFemale,LASSO_LogisticRegression,HanniganGD_2017,0.03,0.4789915966386554,0.325503663003663,0.0,PA_[Ruminococcus] lactaris,PA,[Ruminococcus] lactaris,[Ruminococcus] lactaris,[ruminococcus] lactaris,0.0,0.0,False,zero,86
OnlyFemale,LASSO_LogisticRegression,HanniganGD_2017,0.03,0.4789915966386554,0.325503663003663,0.0,PA_Phocaeicola plebeius,PA,Phocaeicola plebeius,Phocaeicola plebeius,phocaeicola plebeius,0.0,0.0,False,zero,87
OnlyFemale,LASSO_LogisticRegression,HanniganGD_2017,0.03,0.4789915966386554,0.325503663003663,0.0,PA_Lawsonibacter asaccharolyticus,PA,Lawsonibacter asaccharolyticus,Lawsonibacter asaccharolyticus,lawsonibacter asaccharolyticus,0.0,0.0,False,zero,88
OnlyFemale,LASSO_LogisticRegression,HanniganGD_2017,0.03,0.4789915966386554,0.325503663003663,0.0,PA_Proteobacteria bacterium CAG:139,PA,Proteobacteria bacterium CAG:139,Proteobacteria bacterium CAG:139,proteobacteria bacterium cag:139,0.0,0.0,False,zero,89
OnlyFemale,LASSO_LogisticRegression,HanniganGD_2017,0.03,0.4789915966386554,0.325503663003663,0.0,PA_Parasutterella excrementihominis,PA,Parasutterella excrementihominis,Parasutterella excrementihominis,parasutterella excrementihominis,0.0,0.0,False,zero,90
OnlyFemale,LASSO_LogisticRegression,HanniganGD_2017,0.03,0.4789915966386554,0.325503663003663,0.0,PA_Blautia sp. CAG:257,PA,Blautia sp. CAG:257,Blautia sp. CAG:257,blautia sp. cag:257,0.0,0.0,False,zero,91
OnlyFemale,LASSO_LogisticRegression,HanniganGD_2017,0.03,0.4789915966386554,0.325503663003663,0.0,PA_Bifidobacterium bifidum,PA,Bifidobacterium bifidum,Bifidobacterium bifidum,bifidobacterium bifidum,0.0,0.0,False,zero,92
OnlyFemale,LASSO_LogisticRegression,HanniganGD_2017,0.03,0.4789915966386554,0.325503663003663,0.0,PA_Enterocloster bolteae,PA,Enterocloster bolteae,Enterocloster bolteae,enterocloster bolteae,0.0,0.0,False,zero,93
OnlyFemale,LASSO_LogisticRegression,HanniganGD_2017,0.03,0.4789915966386554,0.325503663003663,0.0,PA_Dialister invisus,PA,Dialister invisus,Dialister invisus,dialister invisus,0.0,0.0,False,zero,94
OnlyFemale,LASSO_LogisticRegression,HanniganGD_2017,0.03,0.4789915966386554,0.325503663003663,0.0,PA_Coprobacter fastidiosus,PA,Coprobacter fastidiosus,Coprobacter fastidiosus,coprobacter fastidiosus,0.0,0.0,False,zero,95
OnlyFemale,LASSO_LogisticRegression,HanniganGD_2017,0.03,0.4789915966386554,0.325503663003663,0.0,PA_Lachnospira pectinoschiza,PA,Lachnospira pectinoschiza,Lachnospira pectinoschiza,lachnospira pectinoschiza,0.0,0.0,False,zero,96
OnlyFemale,LASSO_LogisticRegression,HanniganGD_2017,0.03,0.4789915966386554,0.325503663003663,0.0,PA_Prevotella copri,PA,Prevotella copri,Prevotella copri,prevotella copri,0.0,0.0,False,zero,97
OnlyFemale,LASSO_LogisticRegression,HanniganGD_2017,0.03,0.4789915966386554,0.325503663003663,0.0,PA_Phocaeicola massiliensis,PA,Phocaeicola massiliensis,Phocaeicola massiliensis,phocaeicola massiliensis,0.0,0.0,False,zero,98
OnlyFemale,LASSO_LogisticRegression,HanniganGD_2017,0.03,0.4789915966386554,0.325503663003663,0.0,PA_Megamonas funiformis,PA,Megamonas funiformis,Megamonas funiformis,megamonas funiformis,0.0,0.0,False,zero,99
OnlyFemale,LASSO_LogisticRegression,HanniganGD_2017,0.03,0.4789915966386554,0.325503663003663,0.0,PA_Phascolarctobacterium faecium,PA,Phascolarctobacterium faecium,Phascolarctobacterium faecium,phascolarctobacterium faecium,0.0,0.0,False,zero,100
OnlyFemale,LASSO_LogisticRegression,HanniganGD_2017,0.03,0.4789915966386554,0.325503663003663,0.0,PA_Acidaminococcus intestini,PA,Acidaminococcus intestini,Acidaminococcus intestini,acidaminococcus intestini,0.0,0.0,False,zero,101
OnlyFemale,LASSO_LogisticRegression,HanniganGD_2017,0.03,0.4789915966386554,0.325503663003663,0.0,PA_Bacteroides finegoldii,PA,Bacteroides finegoldii,Bacteroides finegoldii,bacteroides finegoldii,0.0,0.0,False,zero,102
OnlyFemale,LASSO_LogisticRegression,HanniganGD_2017,0.03,0.4789915966386554,0.325503663003663,0.0,PA_Alistipes inops,PA,Alistipes inops,Alistipes inops,alistipes inops,0.0,0.0,False,zero,103
OnlyFemale,LASSO_LogisticRegression,HanniganGD_2017,0.03,0.4789915966386554,0.325503663003663,0.0,PA_Bacteroides salyersiae,PA,Bacteroides salyersiae,Bacteroides salyersiae,bacteroides salyersiae,0.0,0.0,False,zero,104
OnlyFemale,LASSO_LogisticRegression,HanniganGD_2017,0.03,0.4789915966386554,0.325503663003663,0.0,PA_Anaerotignum lactatifermentans,PA,Anaerotignum lactatifermentans,Anaerotignum lactatifermentans,anaerotignum lactatifermentans,0.0,0.0,False,zero,105
OnlyFemale,LASSO_LogisticRegression,HanniganGD_2017,0.03,0.4789915966386554,0.325503663003663,0.0,PA_Klebsiella variicola,PA,Klebsiella variicola,Klebsiella variicola,klebsiella variicola,0.0,0.0,False,zero,106
OnlyFemale,LASSO_LogisticRegression,HanniganGD_2017,0.03,0.4789915966386554,0.325503663003663,0.0,PA_Klebsiella pneumoniae,PA,Klebsiella pneumoniae,Klebsiella pneumoniae,klebsiella pneumoniae,0.0,0.0,False,zero,107
OnlyFemale,LASSO_LogisticRegression,HanniganGD_2017,0.03,0.4789915966386554,0.325503663003663,0.0,PA_Klebsiella quasipneumoniae,PA,Klebsiella quasipneumoniae,Klebsiella quasipneumoniae,klebsiella quasipneumoniae,0.0,0.0,False,zero,108
OnlyFemale,LASSO_LogisticRegression,HanniganGD_2017,0.03,0.4789915966386554,0.325503663003663,0.0,rCLR_Faecalibacterium prausnitzii,rCLR,Faecalibacterium prausnitzii,Faecalibacterium prausnitzii,faecalibacterium prausnitzii,0.0,0.0,False,zero,109
OnlyFemale,LASSO_LogisticRegression,HanniganGD_2017,0.03,0.4789915966386554,0.325503663003663,0.0,rCLR_Streptococcus salivarius,rCLR,Streptococcus salivarius,Streptococcus salivarius,streptococcus salivarius,0.0,0.0,False,zero,110
OnlyFemale,LASSO_LogisticRegression,HanniganGD_2017,0.03,0.4789915966386554,0.325503663003663,0.0,rCLR_Bacteroides stercoris,rCLR,Bacteroides stercoris,Bacteroides stercoris,bacteroides stercoris,0.0,0.0,False,zero,111
OnlyFemale,LASSO_LogisticRegression,HanniganGD_2017,0.03,0.4789915966386554,0.325503663003663,0.0,rCLR_Collinsella aerofaciens,rCLR,Collinsella aerofaciens,Collinsella aerofaciens,collinsella aerofaciens,0.0,0.0,False,zero,112
OnlyFemale,LASSO_LogisticRegression,HanniganGD_2017,0.03,0.4789915966386554,0.325503663003663,0.0,rCLR_Bifidobacterium longum,rCLR,Bifidobacterium longum,Bifidobacterium longum,bifidobacterium longum,0.0,0.0,False,zero,113
OnlyFemale,LASSO_LogisticRegression,HanniganGD_2017,0.03,0.4789915966386554,0.325503663003663,0.0,rCLR_Phocaeicola plebeius,rCLR,Phocaeicola plebeius,Phocaeicola plebeius,phocaeicola plebeius,0.0,0.0,False,zero,114
OnlyFemale,LASSO_LogisticRegression,HanniganGD_2017,0.03,0.4789915966386554,0.325503663003663,0.0,rCLR_Phocaeicola vulgatus,rCLR,Phocaeicola vulgatus,Phocaeicola vulgatus,phocaeicola vulgatus,0.0,0.0,False,zero,115
OnlyFemale,LASSO_LogisticRegression,HanniganGD_2017,0.03,0.4789915966386554,0.325503663003663,0.0,rCLR_Dorea longicatena,rCLR,Dorea longicatena,Dorea longicatena,dorea longicatena,0.0,0.0,False,zero,116
OnlyFemale,LASSO_LogisticRegression,HanniganGD_2017,0.03,0.4789915966386554,0.325503663003663,0.0,rCLR_Eubacterium sp. CAG:251,rCLR,Eubacterium sp. CAG:251,Eubacterium sp. CAG:251,eubacterium sp. cag:251,0.0,0.0,False,zero,117
OnlyFemale,LASSO_LogisticRegression,HanniganGD_2017,0.03,0.4789915966386554,0.325503663003663,0.0,PA_Bacteroides caccae,PA,Bacteroides caccae,Bacteroides caccae,bacteroides caccae,0.0,0.0,False,zero,118
OnlyFemale,LASSO_LogisticRegression,HanniganGD_2017,0.03,0.4789915966386554,0.325503663003663,0.0,PA_Paraprevotella xylaniphila,PA,Paraprevotella xylaniphila,Paraprevotella xylaniphila,paraprevotella xylaniphila,0.0,0.0,False,zero,119
OnlyFemale,LASSO_LogisticRegression,HanniganGD_2017,0.03,0.4789915966386554,0.325503663003663,0.0,rCLR_Coprococcus comes,rCLR,Coprococcus comes,Coprococcus comes,coprococcus comes,0.0,0.0,False,zero,120
OnlyFemale,LASSO_LogisticRegression,HanniganGD_2017,0.03,0.4789915966386554,0.325503663003663,0.0,rCLR_[Ruminococcus] torques,rCLR,[Ruminococcus] torques,[Ruminococcus] torques,[ruminococcus] torques,0.0,0.0,False,zero,121
OnlyFemale,LASSO_LogisticRegression,HanniganGD_2017,0.03,0.4789915966386554,0.325503663003663,0.0,rCLR_Holdemanella biformis,rCLR,Holdemanella biformis,Holdemanella biformis,holdemanella biformis,0.0,0.0,False,zero,122
OnlyFemale,LASSO_LogisticRegression,HanniganGD_2017,0.03,0.4789915966386554,0.325503663003663,0.0,rCLR_Anaerobutyricum hallii,rCLR,Anaerobutyricum hallii,Anaerobutyricum hallii,anaerobutyricum hallii,0.0,0.0,False,zero,123
OnlyFemale,LASSO_LogisticRegression,HanniganGD_2017,0.03,0.4789915966386554,0.325503663003663,0.0,rCLR_Bacteroides uniformis,rCLR,Bacteroides uniformis,Bacteroides uniformis,bacteroides uniformis,0.0,0.0,False,zero,124
OnlyFemale,LASSO_LogisticRegression,HanniganGD_2017,0.03,0.4789915966386554,0.325503663003663,0.0,rCLR_Blautia wexlerae,rCLR,Blautia wexlerae,Blautia wexlerae,blautia wexlerae,0.0,0.0,False,zero,125
OnlyFemale,LASSO_LogisticRegression,HanniganGD_2017,0.03,0.4789915966386554,0.325503663003663,0.0,rCLR_Gemmiger formicilis,rCLR,Gemmiger formicilis,Gemmiger formicilis,gemmiger formicilis,0.0,0.0,False,zero,126
OnlyFemale,LASSO_LogisticRegression,HanniganGD_2017,0.03,0.4789915966386554,0.325503663003663,0.0,rCLR_Streptococcus parasanguinis,rCLR,Streptococcus parasanguinis,Streptococcus parasanguinis,streptococcus parasanguinis,0.0,0.0,False,zero,127
OnlyFemale,LASSO_LogisticRegression,HanniganGD_2017,0.03,0.4789915966386554,0.325503663003663,0.0,rCLR_Coprococcus eutactus,rCLR,Coprococcus eutactus,Coprococcus eutactus,coprococcus eutactus,0.0,0.0,False,zero,128
OnlyFemale,LASSO_LogisticRegression,HanniganGD_2017,0.03,0.4789915966386554,0.325503663003663,0.0,rCLR_[Ruminococcus] lactaris,rCLR,[Ruminococcus] lactaris,[Ruminococcus] lactaris,[ruminococcus] lactaris,0.0,0.0,False,zero,129
OnlyFemale,LASSO_LogisticRegression,HanniganGD_2017,0.03,0.4789915966386554,0.325503663003663,0.0,rCLR_Coprococcus catus,rCLR,Coprococcus catus,Coprococcus catus,coprococcus catus,0.0,0.0,False,zero,130
OnlyFemale,LASSO_LogisticRegression,HanniganGD_2017,0.03,0.4789915966386554,0.325503663003663,0.0,rCLR_Roseburia intestinalis,rCLR,Roseburia intestinalis,Roseburia intestinalis,roseburia intestinalis,0.0,0.0,False,zero,131
OnlyFemale,LASSO_LogisticRegression,HanniganGD_2017,0.03,0.4789915966386554,0.325503663003663,0.0,rCLR_Roseburia inulinivorans,rCLR,Roseburia inulinivorans,Roseburia inulinivorans,roseburia inulinivorans,0.0,0.0,False,zero,132
OnlyFemale,LASSO_LogisticRegression,HanniganGD_2017,0.03,0.4789915966386554,0.325503663003663,0.0,rCLR_Phascolarctobacterium succinatutens,rCLR,Phascolarctobacterium succinatutens,Phascolarctobacterium succinatutens,phascolarctobacterium succinatutens,0.0,0.0,False,zero,133
OnlyFemale,LASSO_LogisticRegression,HanniganGD_2017,0.03,0.4789915966386554,0.325503663003663,0.0,rCLR_[Eubacterium] rectale,rCLR,[Eubacterium] rectale,[Eubacterium] rectale,[eubacterium] rectale,0.0,0.0,False,zero,134
OnlyFemale,LASSO_LogisticRegression,HanniganGD_2017,0.03,0.4789915966386554,0.325503663003663,0.0,rCLR_Blautia obeum,rCLR,Blautia obeum,Blautia obeum,blautia obeum,0.0,0.0,False,zero,135
OnlyFemale,LASSO_LogisticRegression,HanniganGD_2017,0.03,0.4789915966386554,0.325503663003663,0.0,rCLR_Agathobaculum butyriciproducens,rCLR,Agathobaculum butyriciproducens,Agathobaculum butyriciproducens,agathobaculum butyriciproducens,0.0,0.0,False,zero,136
OnlyFemale,LASSO_LogisticRegression,HanniganGD_2017,0.03,0.4789915966386554,0.325503663003663,0.0,rCLR_Bacteroides xylanisolvens,rCLR,Bacteroides xylanisolvens,Bacteroides xylanisolvens,bacteroides xylanisolvens,0.0,0.0,False,zero,137
OnlyFemale,LASSO_LogisticRegression,HanniganGD_2017,0.03,0.4789915966386554,0.325503663003663,0.0,rCLR_Bacteroides ovatus,rCLR,Bacteroides ovatus,Bacteroides ovatus,bacteroides ovatus,0.0,0.0,False,zero,138
OnlyFemale,LASSO_LogisticRegression,HanniganGD_2017,0.03,0.4789915966386554,0.325503663003663,0.0,rCLR_Bacteroides thetaiotaomicron,rCLR,Bacteroides thetaiotaomicron,Bacteroides thetaiotaomicron,bacteroides thetaiotaomicron,0.0,0.0,False,zero,139
OnlyFemale,LASSO_LogisticRegression,HanniganGD_2017,0.03,0.4789915966386554,0.325503663003663,0.0,rCLR_Streptococcus thermophilus,rCLR,Streptococcus thermophilus,Streptococcus thermophilus,streptococcus thermophilus,0.0,0.0,False,zero,140
OnlyFemale,LASSO_LogisticRegression,HanniganGD_2017,0.03,0.4789915966386554,0.325503663003663,0.0,rCLR_Eubacterium ramulus,rCLR,Eubacterium ramulus,Eubacterium ramulus,eubacterium ramulus,0.0,0.0,False,zero,141
OnlyFemale,LASSO_LogisticRegression,HanniganGD_2017,0.03,0.4789915966386554,0.325503663003663,0.0,rCLR_Bifidobacterium adolescentis,rCLR,Bifidobacterium adolescentis,Bifidobacterium adolescentis,bifidobacterium adolescentis,0.0,0.0,False,zero,142
OnlyFemale,LASSO_LogisticRegression,HanniganGD_2017,0.03,0.4789915966386554,0.325503663003663,0.0,rCLR_Eubacterium sp. CAG:274,rCLR,Eubacterium sp. CAG:274,Eubacterium sp. CAG:274,eubacterium sp. cag:274,0.0,0.0,False,zero,143
OnlyFemale,LASSO_LogisticRegression,HanniganGD_2017,0.03,0.4789915966386554,0.325503663003663,0.0,rCLR_Eubacterium ventriosum,rCLR,Eubacterium ventriosum,Eubacterium ventriosum,eubacterium ventriosum,0.0,0.0,False,zero,144
OnlyFemale,LASSO_LogisticRegression,HanniganGD_2017,0.03,0.4789915966386554,0.325503663003663,0.0,rCLR_Flavonifractor plautii,rCLR,Flavonifractor plautii,Flavonifractor plautii,flavonifractor plautii,0.0,0.0,False,zero,145
OnlyFemale,LASSO_LogisticRegression,HanniganGD_2017,0.03,0.4789915966386554,0.325503663003663,0.0,rCLR_Oscillibacter sp. 57_20,rCLR,Oscillibacter sp. 57_20,Oscillibacter sp. 57 20,oscillibacter sp. 57 20,0.0,0.0,False,zero,146
OnlyFemale,LASSO_LogisticRegression,HanniganGD_2017,0.03,0.4789915966386554,0.325503663003663,0.0,rCLR_Roseburia hominis,rCLR,Roseburia hominis,Roseburia hominis,roseburia hominis,0.0,0.0,False,zero,147
OnlyFemale,LASSO_LogisticRegression,HanniganGD_2017,0.03,0.4789915966386554,0.325503663003663,0.0,rCLR_Alistipes finegoldii,rCLR,Alistipes finegoldii,Alistipes finegoldii,alistipes finegoldii,0.0,0.0,False,zero,148
OnlyFemale,LASSO_LogisticRegression,HanniganGD_2017,0.03,0.4789915966386554,0.325503663003663,0.0,rCLR_Alistipes putredinis,rCLR,Alistipes putredinis,Alistipes putredinis,alistipes putredinis,0.0,0.0,False,zero,149
OnlyFemale,LASSO_LogisticRegression,HanniganGD_2017,0.03,0.4789915966386554,0.325503663003663,0.0,rCLR_Fusicatenibacter saccharivorans,rCLR,Fusicatenibacter saccharivorans,Fusicatenibacter saccharivorans,fusicatenibacter saccharivorans,0.0,0.0,False,zero,150
OnlyFemale,LASSO_LogisticRegression,HanniganGD_2017,0.03,0.4789915966386554,0.325503663003663,0.0,PA_Desulfovibrio piger,PA,Desulfovibrio piger,Desulfovibrio piger,desulfovibrio piger,0.0,0.0,False,zero,151
OnlyFemale,LASSO_LogisticRegression,HanniganGD_2017,0.03,0.4789915966386554,0.325503663003663,0.0,rCLR_Ruminococcus bromii,rCLR,Ruminococcus bromii,Ruminococcus bromii,ruminococcus bromii,0.0,0.0,False,zero,152
OnlyFemale,LASSO_LogisticRegression,HanniganGD_2017,0.03,0.4789915966386554,0.325503663003663,0.0,rCLR_Veillonella atypica,rCLR,Veillonella atypica,Veillonella atypica,veillonella atypica,0.0,0.0,False,zero,153
OnlyFemale,LASSO_LogisticRegression,HanniganGD_2017,0.03,0.4789915966386554,0.325503663003663,0.0,rCLR_Lachnospira eligens,rCLR,Lachnospira eligens,Lachnospira eligens,lachnospira eligens,0.0,0.0,False,zero,154
OnlyFemale,LASSO_LogisticRegression,HanniganGD_2017,0.03,0.4789915966386554,0.325503663003663,0.0,rCLR_Firmicutes bacterium CAG:83,rCLR,Firmicutes bacterium CAG:83,Firmicutes bacterium CAG:83,firmicutes bacterium cag:83,0.0,0.0,False,zero,155
OnlyFemale,LASSO_LogisticRegression,HanniganGD_2017,0.03,0.4789915966386554,0.325503663003663,0.0,rCLR_Bacteroides eggerthii,rCLR,Bacteroides eggerthii,Bacteroides eggerthii,bacteroides eggerthii,0.0,0.0,False,zero,156
OnlyFemale,LASSO_LogisticRegression,HanniganGD_2017,0.03,0.4789915966386554,0.325503663003663,0.0,rCLR_Roseburia faecis,rCLR,Roseburia faecis,Roseburia faecis,roseburia faecis,0.0,0.0,False,zero,157
OnlyFemale,LASSO_LogisticRegression,HanniganGD_2017,0.03,0.4789915966386554,0.325503663003663,0.0,rCLR_Phocaeicola coprocola,rCLR,Phocaeicola coprocola,Phocaeicola coprocola,phocaeicola coprocola,0.0,0.0,False,zero,158
OnlyFemale,LASSO_LogisticRegression,HanniganGD_2017,0.03,0.4789915966386554,0.325503663003663,0.0,rCLR_Veillonella parvula,rCLR,Veillonella parvula,Veillonella parvula,veillonella parvula,0.0,0.0,False,zero,159
OnlyFemale,LASSO_LogisticRegression,HanniganGD_2017,0.03,0.4789915966386554,0.325503663003663,0.0,rCLR_Gordonibacter pamelaeae,rCLR,Gordonibacter pamelaeae,Gordonibacter pamelaeae,gordonibacter pamelaeae,0.0,0.0,False,zero,160
OnlyFemale,LASSO_LogisticRegression,HanniganGD_2017,0.03,0.4789915966386554,0.325503663003663,0.0,rCLR_Eubacterium sp. CAG:180,rCLR,Eubacterium sp. CAG:180,Eubacterium sp. CAG:180,eubacterium sp. cag:180,0.0,0.0,False,zero,161
OnlyFemale,LASSO_LogisticRegression,HanniganGD_2017,0.03,0.4789915966386554,0.325503663003663,0.0,rCLR_Parabacteroides merdae,rCLR,Parabacteroides merdae,Parabacteroides merdae,parabacteroides merdae,0.0,0.0,False,zero,162
OnlyFemale,LASSO_LogisticRegression,HanniganGD_2017,0.03,0.4789915966386554,0.325503663003663,0.0,rCLR_Phocaeicola dorei,rCLR,Phocaeicola dorei,Phocaeicola dorei,phocaeicola dorei,0.0,0.0,False,zero,163
OnlyFemale,LASSO_LogisticRegression,HanniganGD_2017,0.03,0.4789915966386554,0.325503663003663,0.0,rCLR_[Eubacterium] siraeum,rCLR,[Eubacterium] siraeum,[Eubacterium] siraeum,[eubacterium] siraeum,0.0,0.0,False,zero,164
OnlyFemale,LASSO_LogisticRegression,HanniganGD_2017,0.03,0.4789915966386554,0.325503663003663,0.0,rCLR_Barnesiella intestinihominis,rCLR,Barnesiella intestinihominis,Barnesiella intestinihominis,barnesiella intestinihominis,0.0,0.0,False,zero,165
OnlyFemale,LASSO_LogisticRegression,HanniganGD_2017,0.03,0.4789915966386554,0.325503663003663,0.0,rCLR_Methanobrevibacter smithii,rCLR,Methanobrevibacter smithii,Methanobrevibacter smithii,methanobrevibacter smithii,0.0,0.0,False,zero,166
OnlyFemale,LASSO_LogisticRegression,HanniganGD_2017,0.03,0.4789915966386554,0.325503663003663,0.0,rCLR_[Ruminococcus] gnavus,rCLR,[Ruminococcus] gnavus,[Ruminococcus] gnavus,[ruminococcus] gnavus,0.0,0.0,False,zero,167
OnlyFemale,LASSO_LogisticRegression,HanniganGD_2017,0.03,0.4789915966386554,0.325503663003663,0.0,rCLR_Firmicutes bacterium CAG:145,rCLR,Firmicutes bacterium CAG:145,Firmicutes bacterium CAG:145,firmicutes bacterium cag:145,0.0,0.0,False,zero,168
OnlyFemale,LASSO_LogisticRegression,HanniganGD_2017,0.03,0.4789915966386554,0.325503663003663,0.0,rCLR_Bacteroides cellulosilyticus,rCLR,Bacteroides cellulosilyticus,Bacteroides cellulosilyticus,bacteroides cellulosilyticus,0.0,0.0,False,zero,169
OnlyFemale,LASSO_LogisticRegression,HanniganGD_2017,0.03,0.4789915966386554,0.325503663003663,0.0,rCLR_Ruminococcus bicirculans,rCLR,Ruminococcus bicirculans,Ruminococcus bicirculans,ruminococcus bicirculans,0.0,0.0,False,zero,170
OnlyFemale,LASSO_LogisticRegression,HanniganGD_2017,0.03,0.4789915966386554,0.325503663003663,0.0,rCLR_Adlercreutzia equolifaciens_1,rCLR,Adlercreutzia equolifaciens_1,Adlercreutzia equolifaciens 1,adlercreutzia equolifaciens 1,0.0,0.0,False,zero,171
OnlyFemale,LASSO_LogisticRegression,HanniganGD_2017,0.03,0.4789915966386554,0.325503663003663,0.0,rCLR_Firmicutes bacterium CAG:110,rCLR,Firmicutes bacterium CAG:110,Firmicutes bacterium CAG:110,firmicutes bacterium cag:110,0.0,0.0,False,zero,172
OnlyFemale,LASSO_LogisticRegression,HanniganGD_2017,0.03,0.4789915966386554,0.325503663003663,0.0,rCLR_Parabacteroides distasonis,rCLR,Parabacteroides distasonis,Parabacteroides distasonis,parabacteroides distasonis,0.0,0.0,False,zero,173
OnlyFemale,LASSO_LogisticRegression,HanniganGD_2017,0.03,0.4789915966386554,0.325503663003663,0.0,rCLR_Odoribacter splanchnicus,rCLR,Odoribacter splanchnicus,Odoribacter splanchnicus,odoribacter splanchnicus,0.0,0.0,False,zero,174
OnlyFemale,LASSO_LogisticRegression,HanniganGD_2017,0.03,0.4789915966386554,0.325503663003663,0.0,rCLR_Oscillibacter sp. CAG:241,rCLR,Oscillibacter sp. CAG:241,Oscillibacter sp. CAG:241,oscillibacter sp. cag:241,0.0,0.0,False,zero,175
OnlyFemale,LASSO_LogisticRegression,HanniganGD_2017,0.03,0.4789915966386554,0.325503663003663,0.0,rCLR_Alistipes shahii,rCLR,Alistipes shahii,Alistipes shahii,alistipes shahii,0.0,0.0,False,zero,176
OnlyFemale,LASSO_LogisticRegression,HanniganGD_2017,0.03,0.4789915966386554,0.325503663003663,0.0,rCLR_Eggerthella lenta,rCLR,Eggerthella lenta,Eggerthella lenta,eggerthella lenta,0.0,0.0,False,zero,177
OnlyFemale,LASSO_LogisticRegression,HanniganGD_2017,0.03,0.4789915966386554,0.325503663003663,0.0,rCLR_Escherichia coli,rCLR,Escherichia coli,Escherichia coli,escherichia coli,0.0,0.0,False,zero,178
OnlyFemale,LASSO_LogisticRegression,HanniganGD_2017,0.03,0.4789915966386554,0.325503663003663,0.0,rCLR_Butyricimonas virosa,rCLR,Butyricimonas virosa,Butyricimonas virosa,butyricimonas virosa,0.0,0.0,False,zero,179
OnlyFemale,LASSO_LogisticRegression,HanniganGD_2017,0.03,0.4789915966386554,0.325503663003663,0.0,rCLR_Bacteroides sp. CAG:144,rCLR,Bacteroides sp. CAG:144,Bacteroides sp. CAG:144,bacteroides sp. cag:144,0.0,0.0,False,zero,180
OnlyFemale,LASSO_LogisticRegression,HanniganGD_2017,0.03,0.4789915966386554,0.325503663003663,0.0,rCLR_Intestinibacter bartlettii,rCLR,Intestinibacter bartlettii,Intestinibacter bartlettii,intestinibacter bartlettii,0.0,0.0,False,zero,181
OnlyFemale,LASSO_LogisticRegression,HanniganGD_2017,0.03,0.4789915966386554,0.325503663003663,0.0,rCLR_Erysipelatoclostridium ramosum,rCLR,Erysipelatoclostridium ramosum,Erysipelatoclostridium ramosum,erysipelatoclostridium ramosum,0.0,0.0,False,zero,182
OnlyFemale,LASSO_LogisticRegression,HanniganGD_2017,0.03,0.4789915966386554,0.325503663003663,0.0,rCLR_Adlercreutzia equolifaciens,rCLR,Adlercreutzia equolifaciens,Adlercreutzia equolifaciens,adlercreutzia equolifaciens,0.0,0.0,False,zero,183
OnlyFemale,LASSO_LogisticRegression,HanniganGD_2017,0.03,0.4789915966386554,0.325503663003663,0.0,rCLR_Slackia isoflavoniconvertens,rCLR,Slackia isoflavoniconvertens,Slackia isoflavoniconvertens,slackia isoflavoniconvertens,0.0,0.0,False,zero,184
OnlyFemale,LASSO_LogisticRegression,HanniganGD_2017,0.03,0.4789915966386554,0.325503663003663,0.0,rCLR_Clostridium sp. CAG:58,rCLR,Clostridium sp. CAG:58,Clostridium sp. CAG:58,clostridium sp. cag:58,0.0,0.0,False,zero,185
OnlyFemale,LASSO_LogisticRegression,HanniganGD_2017,0.03,0.4789915966386554,0.325503663003663,0.0,rCLR_Bacteroides intestinalis,rCLR,Bacteroides intestinalis,Bacteroides intestinalis,bacteroides intestinalis,0.0,0.0,False,zero,186
OnlyFemale,LASSO_LogisticRegression,HanniganGD_2017,0.03,0.4789915966386554,0.325503663003663,0.0,rCLR_Akkermansia muciniphila,rCLR,Akkermansia muciniphila,Akkermansia muciniphila,akkermansia muciniphila,0.0,0.0,False,zero,187
OnlyFemale,LASSO_LogisticRegression,HanniganGD_2017,0.03,0.4789915966386554,0.325503663003663,0.0,rCLR_Bifidobacterium pseudocatenulatum,rCLR,Bifidobacterium pseudocatenulatum,Bifidobacterium pseudocatenulatum,bifidobacterium pseudocatenulatum,0.0,0.0,False,zero,188
OnlyFemale,LASSO_LogisticRegression,HanniganGD_2017,0.03,0.4789915966386554,0.325503663003663,0.0,rCLR_Eubacterium sp. CAG:38,rCLR,Eubacterium sp. CAG:38,Eubacterium sp. CAG:38,eubacterium sp. cag:38,0.0,0.0,False,zero,189
OnlyFemale,LASSO_LogisticRegression,HanniganGD_2017,0.03,0.4789915966386554,0.325503663003663,0.0,rCLR_Bifidobacterium bifidum,rCLR,Bifidobacterium bifidum,Bifidobacterium bifidum,bifidobacterium bifidum,0.0,0.0,False,zero,190
OnlyFemale,LASSO_LogisticRegression,HanniganGD_2017,0.03,0.4789915966386554,0.325503663003663,0.0,rCLR_Blautia sp. CAG:257,rCLR,Blautia sp. CAG:257,Blautia sp. CAG:257,blautia sp. cag:257,0.0,0.0,False,zero,191
OnlyFemale,LASSO_LogisticRegression,HanniganGD_2017,0.03,0.4789915966386554,0.325503663003663,0.0,rCLR_Parasutterella excrementihominis,rCLR,Parasutterella excrementihominis,Parasutterella excrementihominis,parasutterella excrementihominis,0.0,0.0,False,zero,192
OnlyFemale,LASSO_LogisticRegression,HanniganGD_2017,0.03,0.4789915966386554,0.325503663003663,0.0,rCLR_Proteobacteria bacterium CAG:139,rCLR,Proteobacteria bacterium CAG:139,Proteobacteria bacterium CAG:139,proteobacteria bacterium cag:139,0.0,0.0,False,zero,193
OnlyFemale,LASSO_LogisticRegression,HanniganGD_2017,0.03,0.4789915966386554,0.325503663003663,0.0,rCLR_Lawsonibacter asaccharolyticus,rCLR,Lawsonibacter asaccharolyticus,Lawsonibacter asaccharolyticus,lawsonibacter asaccharolyticus,0.0,0.0,False,zero,194
OnlyFemale,LASSO_LogisticRegression,HanniganGD_2017,0.03,0.4789915966386554,0.325503663003663,0.0,rCLR_Coprobacter fastidiosus,rCLR,Coprobacter fastidiosus,Coprobacter fastidiosus,coprobacter fastidiosus,0.0,0.0,False,zero,195
OnlyFemale,LASSO_LogisticRegression,HanniganGD_2017,0.03,0.4789915966386554,0.325503663003663,0.0,rCLR_Alistipes inops,rCLR,Alistipes inops,Alistipes inops,alistipes inops,0.0,0.0,False,zero,196
OnlyFemale,LASSO_LogisticRegression,HanniganGD_2017,0.03,0.4789915966386554,0.325503663003663,0.0,rCLR_Bacteroides finegoldii,rCLR,Bacteroides finegoldii,Bacteroides finegoldii,bacteroides finegoldii,0.0,0.0,False,zero,197
OnlyFemale,LASSO_LogisticRegression,HanniganGD_2017,0.03,0.4789915966386554,0.325503663003663,0.0,rCLR_Paraprevotella xylaniphila,rCLR,Paraprevotella xylaniphila,Paraprevotella xylaniphila,paraprevotella xylaniphila,0.0,0.0,False,zero,198
OnlyFemale,LASSO_LogisticRegression,HanniganGD_2017,0.03,0.4789915966386554,0.325503663003663,0.0,rCLR_Dialister invisus,rCLR,Dialister invisus,Dialister invisus,dialister invisus,0.0,0.0,False,zero,199
OnlyFemale,LASSO_LogisticRegression,HanniganGD_2017,0.03,0.4789915966386554,0.325503663003663,0.0,rCLR_Enterocloster bolteae,rCLR,Enterocloster bolteae,Enterocloster bolteae,enterocloster bolteae,0.0,0.0,False,zero,200
OnlyFemale,LASSO_LogisticRegression,HanniganGD_2017,0.03,0.4789915966386554,0.325503663003663,0.0,rCLR_Bacteroides caccae,rCLR,Bacteroides caccae,Bacteroides caccae,bacteroides caccae,0.0,0.0,False,zero,201
OnlyFemale,LASSO_LogisticRegression,HanniganGD_2017,0.03,0.4789915966386554,0.325503663003663,0.0,rCLR_Desulfovibrio piger,rCLR,Desulfovibrio piger,Desulfovibrio piger,desulfovibrio piger,0.0,0.0,False,zero,202
OnlyFemale,LASSO_LogisticRegression,HanniganGD_2017,0.03,0.4789915966386554,0.325503663003663,0.0,rCLR_Lachnospira pectinoschiza,rCLR,Lachnospira pectinoschiza,Lachnospira pectinoschiza,lachnospira pectinoschiza,0.0,0.0,False,zero,203
OnlyFemale,LASSO_LogisticRegression,HanniganGD_2017,0.03,0.4789915966386554,0.325503663003663,0.0,rCLR_Prevotella copri,rCLR,Prevotella copri,Prevotella copri,prevotella copri,0.0,0.0,False,zero,204
OnlyFemale,LASSO_LogisticRegression,HanniganGD_2017,0.03,0.4789915966386554,0.325503663003663,0.0,rCLR_Phocaeicola massiliensis,rCLR,Phocaeicola massiliensis,Phocaeicola massiliensis,phocaeicola massiliensis,0.0,0.0,False,zero,205
OnlyFemale,LASSO_LogisticRegression,HanniganGD_2017,0.03,0.4789915966386554,0.325503663003663,0.0,rCLR_Megamonas funiformis,rCLR,Megamonas funiformis,Megamonas funiformis,megamonas funiformis,0.0,0.0,False,zero,206
OnlyFemale,LASSO_LogisticRegression,HanniganGD_2017,0.03,0.4789915966386554,0.325503663003663,0.0,rCLR_Phascolarctobacterium faecium,rCLR,Phascolarctobacterium faecium,Phascolarctobacterium faecium,phascolarctobacterium faecium,0.0,0.0,False,zero,207
OnlyFemale,LASSO_LogisticRegression,HanniganGD_2017,0.03,0.4789915966386554,0.325503663003663,0.0,rCLR_Acidaminococcus intestini,rCLR,Acidaminococcus intestini,Acidaminococcus intestini,acidaminococcus intestini,0.0,0.0,False,zero,208
OnlyFemale,LASSO_LogisticRegression,HanniganGD_2017,0.03,0.4789915966386554,0.325503663003663,0.0,rCLR_Anaerotignum lactatifermentans,rCLR,Anaerotignum lactatifermentans,Anaerotignum lactatifermentans,anaerotignum lactatifermentans,0.0,0.0,False,zero,209
OnlyFemale,LASSO_LogisticRegression,HanniganGD_2017,0.03,0.4789915966386554,0.325503663003663,0.0,rCLR_Bacteroides salyersiae,rCLR,Bacteroides salyersiae,Bacteroides salyersiae,bacteroides salyersiae,0.0,0.0,False,zero,210
OnlyFemale,LASSO_LogisticRegression,HanniganGD_2017,0.03,0.4789915966386554,0.325503663003663,0.0,rCLR_Parvimonas micra,rCLR,Parvimonas micra,Parvimonas micra,parvimonas micra,0.0,0.0,False,zero,211
OnlyFemale,LASSO_LogisticRegression,HanniganGD_2017,0.03,0.4789915966386554,0.325503663003663,0.0,rCLR_Klebsiella pneumoniae,rCLR,Klebsiella pneumoniae,Klebsiella pneumoniae,klebsiella pneumoniae,0.0,0.0,False,zero,212
OnlyFemale,LASSO_LogisticRegression,HanniganGD_2017,0.03,0.4789915966386554,0.325503663003663,0.0,rCLR_Klebsiella variicola,rCLR,Klebsiella variicola,Klebsiella variicola,klebsiella variicola,0.0,0.0,False,zero,213
OnlyFemale,LASSO_LogisticRegression,HanniganGD_2017,0.03,0.4789915966386554,0.325503663003663,0.0,rCLR_Klebsiella quasipneumoniae,rCLR,Klebsiella quasipneumoniae,Klebsiella quasipneumoniae,klebsiella quasipneumoniae,0.0,0.0,False,zero,214
OnlyFemale,LASSO_LogisticRegression,HanniganGD_2017,0.03,0.4789915966386554,0.325503663003663,0.0,Age,covariate,Age,Age,age,0.0,0.0,False,zero,215
OnlyFemale,LASSO_LogisticRegression,ThomasAM_2018a,0.03,0.7272727272727273,0.7493686868686869,0.5,PA_Parvimonas micra,PA,Parvimonas micra,Parvimonas micra,parvimonas micra,0.2637845153485283,0.2637845153485283,True,CRC-associated,1
OnlyFemale,LASSO_LogisticRegression,ThomasAM_2018a,0.03,0.7272727272727273,0.7493686868686869,0.5,PA_Flavonifractor plautii,PA,Flavonifractor plautii,Flavonifractor plautii,flavonifractor plautii,0.06730107778332095,0.06730107778332095,True,CRC-associated,2
OnlyFemale,LASSO_LogisticRegression,ThomasAM_2018a,0.03,0.7272727272727273,0.7493686868686869,0.5,rCLR_Ruthenibacterium lactatiformans,rCLR,Ruthenibacterium lactatiformans,Ruthenibacterium lactatiformans,ruthenibacterium lactatiformans,0.060347314325827454,0.060347314325827454,True,CRC-associated,3
OnlyFemale,LASSO_LogisticRegression,ThomasAM_2018a,0.03,0.7272727272727273,0.7493686868686869,0.5,rCLR_Anaerostipes hadrus,rCLR,Anaerostipes hadrus,Anaerostipes hadrus,anaerostipes hadrus,-0.054931940870143345,0.054931940870143345,True,Control-associated,4
OnlyFemale,LASSO_LogisticRegression,ThomasAM_2018a,0.03,0.7272727272727273,0.7493686868686869,0.5,rCLR_Dorea formicigenerans,rCLR,Dorea formicigenerans,Dorea formicigenerans,dorea formicigenerans,0.03525289473292073,0.03525289473292073,True,CRC-associated,5
OnlyFemale,LASSO_LogisticRegression,ThomasAM_2018a,0.03,0.7272727272727273,0.7493686868686869,0.5,rCLR_Anaerobutyricum hallii,rCLR,Anaerobutyricum hallii,Anaerobutyricum hallii,anaerobutyricum hallii,-0.02315572782540787,0.02315572782540787,True,Control-associated,6
OnlyFemale,LASSO_LogisticRegression,ThomasAM_2018a,0.03,0.7272727272727273,0.7493686868686869,0.5,PA_Streptococcus salivarius,PA,Streptococcus salivarius,Streptococcus salivarius,streptococcus salivarius,0.0,0.0,False,zero,7
OnlyFemale,LASSO_LogisticRegression,ThomasAM_2018a,0.03,0.7272727272727273,0.7493686868686869,0.5,PA_Phocaeicola vulgatus,PA,Phocaeicola vulgatus,Phocaeicola vulgatus,phocaeicola vulgatus,0.0,0.0,False,zero,8
OnlyFemale,LASSO_LogisticRegression,ThomasAM_2018a,0.03,0.7272727272727273,0.7493686868686869,0.5,PA_Dorea longicatena,PA,Dorea longicatena,Dorea longicatena,dorea longicatena,0.0,0.0,False,zero,9
OnlyFemale,LASSO_LogisticRegression,ThomasAM_2018a,0.03,0.7272727272727273,0.7493686868686869,0.5,PA_Eubacterium sp. CAG:251,PA,Eubacterium sp. CAG:251,Eubacterium sp. CAG:251,eubacterium sp. cag:251,0.0,0.0,False,zero,10
OnlyFemale,LASSO_LogisticRegression,ThomasAM_2018a,0.03,0.7272727272727273,0.7493686868686869,0.5,PA_Fusicatenibacter saccharivorans,PA,Fusicatenibacter saccharivorans,Fusicatenibacter saccharivorans,fusicatenibacter saccharivorans,0.0,0.0,False,zero,11
OnlyFemale,LASSO_LogisticRegression,ThomasAM_2018a,0.03,0.7272727272727273,0.7493686868686869,0.5,PA_Coprococcus comes,PA,Coprococcus comes,Coprococcus comes,coprococcus comes,0.0,0.0,False,zero,12
OnlyFemale,LASSO_LogisticRegression,ThomasAM_2018a,0.03,0.7272727272727273,0.7493686868686869,0.5,PA_[Ruminococcus] torques,PA,[Ruminococcus] torques,[Ruminococcus] torques,[ruminococcus] torques,0.0,0.0,False,zero,13
OnlyFemale,LASSO_LogisticRegression,ThomasAM_2018a,0.03,0.7272727272727273,0.7493686868686869,0.5,PA_Anaerobutyricum hallii,PA,Anaerobutyricum hallii,Anaerobutyricum hallii,anaerobutyricum hallii,0.0,0.0,False,zero,14
OnlyFemale,LASSO_LogisticRegression,ThomasAM_2018a,0.03,0.7272727272727273,0.7493686868686869,0.5,PA_Holdemanella biformis,PA,Holdemanella biformis,Holdemanella biformis,holdemanella biformis,0.0,0.0,False,zero,15
OnlyFemale,LASSO_LogisticRegression,ThomasAM_2018a,0.03,0.7272727272727273,0.7493686868686869,0.5,PA_Bacteroides uniformis,PA,Bacteroides uniformis,Bacteroides uniformis,bacteroides uniformis,0.0,0.0,False,zero,16
OnlyFemale,LASSO_LogisticRegression,ThomasAM_2018a,0.03,0.7272727272727273,0.7493686868686869,0.5,PA_Blautia wexlerae,PA,Blautia wexlerae,Blautia wexlerae,blautia wexlerae,0.0,0.0,False,zero,17
OnlyFemale,LASSO_LogisticRegression,ThomasAM_2018a,0.03,0.7272727272727273,0.7493686868686869,0.5,PA_Gemmiger formicilis,PA,Gemmiger formicilis,Gemmiger formicilis,gemmiger formicilis,0.0,0.0,False,zero,18
OnlyFemale,LASSO_LogisticRegression,ThomasAM_2018a,0.03,0.7272727272727273,0.7493686868686869,0.5,PA_Faecalibacterium prausnitzii,PA,Faecalibacterium prausnitzii,Faecalibacterium prausnitzii,faecalibacterium prausnitzii,0.0,0.0,False,zero,19
OnlyFemale,LASSO_LogisticRegression,ThomasAM_2018a,0.03,0.7272727272727273,0.7493686868686869,0.5,PA_Bacteroides stercoris,PA,Bacteroides stercoris,Bacteroides stercoris,bacteroides stercoris,0.0,0.0,False,zero,20
OnlyFemale,LASSO_LogisticRegression,ThomasAM_2018a,0.03,0.7272727272727273,0.7493686868686869,0.5,PA_Collinsella aerofaciens,PA,Collinsella aerofaciens,Collinsella aerofaciens,collinsella aerofaciens,0.0,0.0,False,zero,21
OnlyFemale,LASSO_LogisticRegression,ThomasAM_2018a,0.03,0.7272727272727273,0.7493686868686869,0.5,PA_Bifidobacterium longum,PA,Bifidobacterium longum,Bifidobacterium longum,bifidobacterium longum,0.0,0.0,False,zero,22
OnlyFemale,LASSO_LogisticRegression,ThomasAM_2018a,0.03,0.7272727272727273,0.7493686868686869,0.5,PA_Anaerostipes hadrus,PA,Anaerostipes hadrus,Anaerostipes hadrus,anaerostipes hadrus,0.0,0.0,False,zero,23
OnlyFemale,LASSO_LogisticRegression,ThomasAM_2018a,0.03,0.7272727272727273,0.7493686868686869,0.5,PA_Coprococcus catus,PA,Coprococcus catus,Coprococcus catus,coprococcus catus,0.0,0.0,False,zero,24
OnlyFemale,LASSO_LogisticRegression,ThomasAM_2018a,0.03,0.7272727272727273,0.7493686868686869,0.5,PA_Roseburia intestinalis,PA,Roseburia intestinalis,Roseburia intestinalis,roseburia intestinalis,0.0,0.0,False,zero,25
OnlyFemale,LASSO_LogisticRegression,ThomasAM_2018a,0.03,0.7272727272727273,0.7493686868686869,0.5,PA_Phascolarctobacterium succinatutens,PA,Phascolarctobacterium succinatutens,Phascolarctobacterium succinatutens,phascolarctobacterium succinatutens,0.0,0.0,False,zero,26
OnlyFemale,LASSO_LogisticRegression,ThomasAM_2018a,0.03,0.7272727272727273,0.7493686868686869,0.5,PA_Roseburia inulinivorans,PA,Roseburia inulinivorans,Roseburia inulinivorans,roseburia inulinivorans,0.0,0.0,False,zero,27
OnlyFemale,LASSO_LogisticRegression,ThomasAM_2018a,0.03,0.7272727272727273,0.7493686868686869,0.5,PA_Blautia obeum,PA,Blautia obeum,Blautia obeum,blautia obeum,0.0,0.0,False,zero,28
OnlyFemale,LASSO_LogisticRegression,ThomasAM_2018a,0.03,0.7272727272727273,0.7493686868686869,0.5,PA_Agathobaculum butyriciproducens,PA,Agathobaculum butyriciproducens,Agathobaculum butyriciproducens,agathobaculum butyriciproducens,0.0,0.0,False,zero,29
OnlyFemale,LASSO_LogisticRegression,ThomasAM_2018a,0.03,0.7272727272727273,0.7493686868686869,0.5,PA_Bacteroides xylanisolvens,PA,Bacteroides xylanisolvens,Bacteroides xylanisolvens,bacteroides xylanisolvens,0.0,0.0,False,zero,30
OnlyFemale,LASSO_LogisticRegression,ThomasAM_2018a,0.03,0.7272727272727273,0.7493686868686869,0.5,PA_[Eubacterium] rectale,PA,[Eubacterium] rectale,[Eubacterium] rectale,[eubacterium] rectale,0.0,0.0,False,zero,31
OnlyFemale,LASSO_LogisticRegression,ThomasAM_2018a,0.03,0.7272727272727273,0.7493686868686869,0.5,PA_Bacteroides ovatus,PA,Bacteroides ovatus,Bacteroides ovatus,bacteroides ovatus,0.0,0.0,False,zero,32
OnlyFemale,LASSO_LogisticRegression,ThomasAM_2018a,0.03,0.7272727272727273,0.7493686868686869,0.5,PA_Bacteroides thetaiotaomicron,PA,Bacteroides thetaiotaomicron,Bacteroides thetaiotaomicron,bacteroides thetaiotaomicron,0.0,0.0,False,zero,33
OnlyFemale,LASSO_LogisticRegression,ThomasAM_2018a,0.03,0.7272727272727273,0.7493686868686869,0.5,PA_Eubacterium ramulus,PA,Eubacterium ramulus,Eubacterium ramulus,eubacterium ramulus,0.0,0.0,False,zero,34
OnlyFemale,LASSO_LogisticRegression,ThomasAM_2018a,0.03,0.7272727272727273,0.7493686868686869,0.5,PA_Streptococcus thermophilus,PA,Streptococcus thermophilus,Streptococcus thermophilus,streptococcus thermophilus,0.0,0.0,False,zero,35
OnlyFemale,LASSO_LogisticRegression,ThomasAM_2018a,0.03,0.7272727272727273,0.7493686868686869,0.5,PA_Bifidobacterium adolescentis,PA,Bifidobacterium adolescentis,Bifidobacterium adolescentis,bifidobacterium adolescentis,0.0,0.0,False,zero,36
OnlyFemale,LASSO_LogisticRegression,ThomasAM_2018a,0.03,0.7272727272727273,0.7493686868686869,0.5,PA_Eubacterium sp. CAG:274,PA,Eubacterium sp. CAG:274,Eubacterium sp. CAG:274,eubacterium sp. cag:274,0.0,0.0,False,zero,37
OnlyFemale,LASSO_LogisticRegression,ThomasAM_2018a,0.03,0.7272727272727273,0.7493686868686869,0.5,PA_Eubacterium ventriosum,PA,Eubacterium ventriosum,Eubacterium ventriosum,eubacterium ventriosum,0.0,0.0,False,zero,38
OnlyFemale,LASSO_LogisticRegression,ThomasAM_2018a,0.03,0.7272727272727273,0.7493686868686869,0.5,PA_Oscillibacter sp. 57_20,PA,Oscillibacter sp. 57_20,Oscillibacter sp. 57 20,oscillibacter sp. 57 20,0.0,0.0,False,zero,39
OnlyFemale,LASSO_LogisticRegression,ThomasAM_2018a,0.03,0.7272727272727273,0.7493686868686869,0.5,PA_Roseburia hominis,PA,Roseburia hominis,Roseburia hominis,roseburia hominis,0.0,0.0,False,zero,40
OnlyFemale,LASSO_LogisticRegression,ThomasAM_2018a,0.03,0.7272727272727273,0.7493686868686869,0.5,PA_Alistipes finegoldii,PA,Alistipes finegoldii,Alistipes finegoldii,alistipes finegoldii,0.0,0.0,False,zero,41
OnlyFemale,LASSO_LogisticRegression,ThomasAM_2018a,0.03,0.7272727272727273,0.7493686868686869,0.5,PA_Alistipes putredinis,PA,Alistipes putredinis,Alistipes putredinis,alistipes putredinis,0.0,0.0,False,zero,42
OnlyFemale,LASSO_LogisticRegression,ThomasAM_2018a,0.03,0.7272727272727273,0.7493686868686869,0.5,PA_Veillonella atypica,PA,Veillonella atypica,Veillonella atypica,veillonella atypica,0.0,0.0,False,zero,43
OnlyFemale,LASSO_LogisticRegression,ThomasAM_2018a,0.03,0.7272727272727273,0.7493686868686869,0.5,PA_Ruminococcus bromii,PA,Ruminococcus bromii,Ruminococcus bromii,ruminococcus bromii,0.0,0.0,False,zero,44
OnlyFemale,LASSO_LogisticRegression,ThomasAM_2018a,0.03,0.7272727272727273,0.7493686868686869,0.5,PA_Firmicutes bacterium CAG:83,PA,Firmicutes bacterium CAG:83,Firmicutes bacterium CAG:83,firmicutes bacterium cag:83,0.0,0.0,False,zero,45
OnlyFemale,LASSO_LogisticRegression,ThomasAM_2018a,0.03,0.7272727272727273,0.7493686868686869,0.5,PA_Veillonella parvula,PA,Veillonella parvula,Veillonella parvula,veillonella parvula,0.0,0.0,False,zero,46
OnlyFemale,LASSO_LogisticRegression,ThomasAM_2018a,0.03,0.7272727272727273,0.7493686868686869,0.5,PA_Lachnospira eligens,PA,Lachnospira eligens,Lachnospira eligens,lachnospira eligens,0.0,0.0,False,zero,47
OnlyFemale,LASSO_LogisticRegression,ThomasAM_2018a,0.03,0.7272727272727273,0.7493686868686869,0.5,PA_[Ruminococcus] gnavus,PA,[Ruminococcus] gnavus,[Ruminococcus] gnavus,[ruminococcus] gnavus,0.0,0.0,False,zero,48
OnlyFemale,LASSO_LogisticRegression,ThomasAM_2018a,0.03,0.7272727272727273,0.7493686868686869,0.5,PA_Bacteroides eggerthii,PA,Bacteroides eggerthii,Bacteroides eggerthii,bacteroides eggerthii,0.0,0.0,False,zero,49
OnlyFemale,LASSO_LogisticRegression,ThomasAM_2018a,0.03,0.7272727272727273,0.7493686868686869,0.5,PA_Roseburia faecis,PA,Roseburia faecis,Roseburia faecis,roseburia faecis,0.0,0.0,False,zero,50
OnlyFemale,LASSO_LogisticRegression,ThomasAM_2018a,0.03,0.7272727272727273,0.7493686868686869,0.5,PA_Phocaeicola coprocola,PA,Phocaeicola coprocola,Phocaeicola coprocola,phocaeicola coprocola,0.0,0.0,False,zero,51
OnlyFemale,LASSO_LogisticRegression,ThomasAM_2018a,0.03,0.7272727272727273,0.7493686868686869,0.5,PA_Adlercreutzia equolifaciens,PA,Adlercreutzia equolifaciens,Adlercreutzia equolifaciens,adlercreutzia equolifaciens,0.0,0.0,False,zero,52
OnlyFemale,LASSO_LogisticRegression,ThomasAM_2018a,0.03,0.7272727272727273,0.7493686868686869,0.5,PA_Gordonibacter pamelaeae,PA,Gordonibacter pamelaeae,Gordonibacter pamelaeae,gordonibacter pamelaeae,0.0,0.0,False,zero,53
OnlyFemale,LASSO_LogisticRegression,ThomasAM_2018a,0.03,0.7272727272727273,0.7493686868686869,0.5,PA_Eubacterium sp. CAG:180,PA,Eubacterium sp. CAG:180,Eubacterium sp. CAG:180,eubacterium sp. cag:180,0.0,0.0,False,zero,54
OnlyFemale,LASSO_LogisticRegression,ThomasAM_2018a,0.03,0.7272727272727273,0.7493686868686869,0.5,PA_Parabacteroides merdae,PA,Parabacteroides merdae,Parabacteroides merdae,parabacteroides merdae,0.0,0.0,False,zero,55
OnlyFemale,LASSO_LogisticRegression,ThomasAM_2018a,0.03,0.7272727272727273,0.7493686868686869,0.5,PA_Phocaeicola dorei,PA,Phocaeicola dorei,Phocaeicola dorei,phocaeicola dorei,0.0,0.0,False,zero,56
OnlyFemale,LASSO_LogisticRegression,ThomasAM_2018a,0.03,0.7272727272727273,0.7493686868686869,0.5,PA_[Eubacterium] siraeum,PA,[Eubacterium] siraeum,[Eubacterium] siraeum,[eubacterium] siraeum,0.0,0.0,False,zero,57
OnlyFemale,LASSO_LogisticRegression,ThomasAM_2018a,0.03,0.7272727272727273,0.7493686868686869,0.5,PA_Barnesiella intestinihominis,PA,Barnesiella intestinihominis,Barnesiella intestinihominis,barnesiella intestinihominis,0.0,0.0,False,zero,58
OnlyFemale,LASSO_LogisticRegression,ThomasAM_2018a,0.03,0.7272727272727273,0.7493686868686869,0.5,PA_Methanobrevibacter smithii,PA,Methanobrevibacter smithii,Methanobrevibacter smithii,methanobrevibacter smithii,0.0,0.0,False,zero,59
OnlyFemale,LASSO_LogisticRegression,ThomasAM_2018a,0.03,0.7272727272727273,0.7493686868686869,0.5,PA_Firmicutes bacterium CAG:145,PA,Firmicutes bacterium CAG:145,Firmicutes bacterium CAG:145,firmicutes bacterium cag:145,0.0,0.0,False,zero,60
OnlyFemale,LASSO_LogisticRegression,ThomasAM_2018a,0.03,0.7272727272727273,0.7493686868686869,0.5,PA_Bacteroides cellulosilyticus,PA,Bacteroides cellulosilyticus,Bacteroides cellulosilyticus,bacteroides cellulosilyticus,0.0,0.0,False,zero,61
OnlyFemale,LASSO_LogisticRegression,ThomasAM_2018a,0.03,0.7272727272727273,0.7493686868686869,0.5,PA_Adlercreutzia equolifaciens_1,PA,Adlercreutzia equolifaciens_1,Adlercreutzia equolifaciens 1,adlercreutzia equolifaciens 1,0.0,0.0,False,zero,62
OnlyFemale,LASSO_LogisticRegression,ThomasAM_2018a,0.03,0.7272727272727273,0.7493686868686869,0.5,PA_Ruminococcus bicirculans,PA,Ruminococcus bicirculans,Ruminococcus bicirculans,ruminococcus bicirculans,0.0,0.0,False,zero,63
OnlyFemale,LASSO_LogisticRegression,ThomasAM_2018a,0.03,0.7272727272727273,0.7493686868686869,0.5,PA_Firmicutes bacterium CAG:110,PA,Firmicutes bacterium CAG:110,Firmicutes bacterium CAG:110,firmicutes bacterium cag:110,0.0,0.0,False,zero,64
OnlyFemale,LASSO_LogisticRegression,ThomasAM_2018a,0.03,0.7272727272727273,0.7493686868686869,0.5,PA_Parabacteroides distasonis,PA,Parabacteroides distasonis,Parabacteroides distasonis,parabacteroides distasonis,0.0,0.0,False,zero,65
OnlyFemale,LASSO_LogisticRegression,ThomasAM_2018a,0.03,0.7272727272727273,0.7493686868686869,0.5,PA_Ruthenibacterium lactatiformans,PA,Ruthenibacterium lactatiformans,Ruthenibacterium lactatiformans,ruthenibacterium lactatiformans,0.0,0.0,False,zero,66
OnlyFemale,LASSO_LogisticRegression,ThomasAM_2018a,0.03,0.7272727272727273,0.7493686868686869,0.5,PA_Odoribacter splanchnicus,PA,Odoribacter splanchnicus,Odoribacter splanchnicus,odoribacter splanchnicus,0.0,0.0,False,zero,67
OnlyFemale,LASSO_LogisticRegression,ThomasAM_2018a,0.03,0.7272727272727273,0.7493686868686869,0.5,PA_Oscillibacter sp. CAG:241,PA,Oscillibacter sp. CAG:241,Oscillibacter sp. CAG:241,oscillibacter sp. cag:241,0.0,0.0,False,zero,68
OnlyFemale,LASSO_LogisticRegression,ThomasAM_2018a,0.03,0.7272727272727273,0.7493686868686869,0.5,PA_Alistipes shahii,PA,Alistipes shahii,Alistipes shahii,alistipes shahii,0.0,0.0,False,zero,69
OnlyFemale,LASSO_LogisticRegression,ThomasAM_2018a,0.03,0.7272727272727273,0.7493686868686869,0.5,PA_Eggerthella lenta,PA,Eggerthella lenta,Eggerthella lenta,eggerthella lenta,0.0,0.0,False,zero,70
OnlyFemale,LASSO_LogisticRegression,ThomasAM_2018a,0.03,0.7272727272727273,0.7493686868686869,0.5,PA_Escherichia coli,PA,Escherichia coli,Escherichia coli,escherichia coli,0.0,0.0,False,zero,71
OnlyFemale,LASSO_LogisticRegression,ThomasAM_2018a,0.03,0.7272727272727273,0.7493686868686869,0.5,PA_Butyricimonas virosa,PA,Butyricimonas virosa,Butyricimonas virosa,butyricimonas virosa,0.0,0.0,False,zero,72
OnlyFemale,LASSO_LogisticRegression,ThomasAM_2018a,0.03,0.7272727272727273,0.7493686868686869,0.5,PA_Bacteroides sp. CAG:144,PA,Bacteroides sp. CAG:144,Bacteroides sp. CAG:144,bacteroides sp. cag:144,0.0,0.0,False,zero,73
OnlyFemale,LASSO_LogisticRegression,ThomasAM_2018a,0.03,0.7272727272727273,0.7493686868686869,0.5,PA_Intestinibacter bartlettii,PA,Intestinibacter bartlettii,Intestinibacter bartlettii,intestinibacter bartlettii,0.0,0.0,False,zero,74
OnlyFemale,LASSO_LogisticRegression,ThomasAM_2018a,0.03,0.7272727272727273,0.7493686868686869,0.5,PA_Erysipelatoclostridium ramosum,PA,Erysipelatoclostridium ramosum,Erysipelatoclostridium ramosum,erysipelatoclostridium ramosum,0.0,0.0,False,zero,75
OnlyFemale,LASSO_LogisticRegression,ThomasAM_2018a,0.03,0.7272727272727273,0.7493686868686869,0.5,PA_Slackia isoflavoniconvertens,PA,Slackia isoflavoniconvertens,Slackia isoflavoniconvertens,slackia isoflavoniconvertens,0.0,0.0,False,zero,76
OnlyFemale,LASSO_LogisticRegression,ThomasAM_2018a,0.03,0.7272727272727273,0.7493686868686869,0.5,PA_Clostridium sp. CAG:58,PA,Clostridium sp. CAG:58,Clostridium sp. CAG:58,clostridium sp. cag:58,0.0,0.0,False,zero,77
OnlyFemale,LASSO_LogisticRegression,ThomasAM_2018a,0.03,0.7272727272727273,0.7493686868686869,0.5,PA_Akkermansia muciniphila,PA,Akkermansia muciniphila,Akkermansia muciniphila,akkermansia muciniphila,0.0,0.0,False,zero,78
OnlyFemale,LASSO_LogisticRegression,ThomasAM_2018a,0.03,0.7272727272727273,0.7493686868686869,0.5,PA_Bacteroides intestinalis,PA,Bacteroides intestinalis,Bacteroides intestinalis,bacteroides intestinalis,0.0,0.0,False,zero,79
OnlyFemale,LASSO_LogisticRegression,ThomasAM_2018a,0.03,0.7272727272727273,0.7493686868686869,0.5,PA_Bifidobacterium pseudocatenulatum,PA,Bifidobacterium pseudocatenulatum,Bifidobacterium pseudocatenulatum,bifidobacterium pseudocatenulatum,0.0,0.0,False,zero,80
OnlyFemale,LASSO_LogisticRegression,ThomasAM_2018a,0.03,0.7272727272727273,0.7493686868686869,0.5,PA_Eubacterium sp. CAG:38,PA,Eubacterium sp. CAG:38,Eubacterium sp. CAG:38,eubacterium sp. cag:38,0.0,0.0,False,zero,81
OnlyFemale,LASSO_LogisticRegression,ThomasAM_2018a,0.03,0.7272727272727273,0.7493686868686869,0.5,PA_Bacteroides fragilis,PA,Bacteroides fragilis,Bacteroides fragilis,bacteroides fragilis,0.0,0.0,False,zero,82
OnlyFemale,LASSO_LogisticRegression,ThomasAM_2018a,0.03,0.7272727272727273,0.7493686868686869,0.5,PA_Dorea formicigenerans,PA,Dorea formicigenerans,Dorea formicigenerans,dorea formicigenerans,0.0,0.0,False,zero,83
OnlyFemale,LASSO_LogisticRegression,ThomasAM_2018a,0.03,0.7272727272727273,0.7493686868686869,0.5,PA_Streptococcus parasanguinis,PA,Streptococcus parasanguinis,Streptococcus parasanguinis,streptococcus parasanguinis,0.0,0.0,False,zero,84
OnlyFemale,LASSO_LogisticRegression,ThomasAM_2018a,0.03,0.7272727272727273,0.7493686868686869,0.5,PA_Coprococcus eutactus,PA,Coprococcus eutactus,Coprococcus eutactus,coprococcus eutactus,0.0,0.0,False,zero,85
OnlyFemale,LASSO_LogisticRegression,ThomasAM_2018a,0.03,0.7272727272727273,0.7493686868686869,0.5,PA_[Ruminococcus] lactaris,PA,[Ruminococcus] lactaris,[Ruminococcus] lactaris,[ruminococcus] lactaris,0.0,0.0,False,zero,86
OnlyFemale,LASSO_LogisticRegression,ThomasAM_2018a,0.03,0.7272727272727273,0.7493686868686869,0.5,PA_Phocaeicola plebeius,PA,Phocaeicola plebeius,Phocaeicola plebeius,phocaeicola plebeius,0.0,0.0,False,zero,87
OnlyFemale,LASSO_LogisticRegression,ThomasAM_2018a,0.03,0.7272727272727273,0.7493686868686869,0.5,PA_Lawsonibacter asaccharolyticus,PA,Lawsonibacter asaccharolyticus,Lawsonibacter asaccharolyticus,lawsonibacter asaccharolyticus,0.0,0.0,False,zero,88
OnlyFemale,LASSO_LogisticRegression,ThomasAM_2018a,0.03,0.7272727272727273,0.7493686868686869,0.5,PA_Proteobacteria bacterium CAG:139,PA,Proteobacteria bacterium CAG:139,Proteobacteria bacterium CAG:139,proteobacteria bacterium cag:139,0.0,0.0,False,zero,89
OnlyFemale,LASSO_LogisticRegression,ThomasAM_2018a,0.03,0.7272727272727273,0.7493686868686869,0.5,PA_Parasutterella excrementihominis,PA,Parasutterella excrementihominis,Parasutterella excrementihominis,parasutterella excrementihominis,0.0,0.0,False,zero,90
OnlyFemale,LASSO_LogisticRegression,ThomasAM_2018a,0.03,0.7272727272727273,0.7493686868686869,0.5,PA_Blautia sp. CAG:257,PA,Blautia sp. CAG:257,Blautia sp. CAG:257,blautia sp. cag:257,0.0,0.0,False,zero,91
OnlyFemale,LASSO_LogisticRegression,ThomasAM_2018a,0.03,0.7272727272727273,0.7493686868686869,0.5,PA_Bifidobacterium bifidum,PA,Bifidobacterium bifidum,Bifidobacterium bifidum,bifidobacterium bifidum,0.0,0.0,False,zero,92
OnlyFemale,LASSO_LogisticRegression,ThomasAM_2018a,0.03,0.7272727272727273,0.7493686868686869,0.5,PA_Dialister invisus,PA,Dialister invisus,Dialister invisus,dialister invisus,0.0,0.0,False,zero,93
OnlyFemale,LASSO_LogisticRegression,ThomasAM_2018a,0.03,0.7272727272727273,0.7493686868686869,0.5,PA_Coprobacter fastidiosus,PA,Coprobacter fastidiosus,Coprobacter fastidiosus,coprobacter fastidiosus,0.0,0.0,False,zero,94
OnlyFemale,LASSO_LogisticRegression,ThomasAM_2018a,0.03,0.7272727272727273,0.7493686868686869,0.5,PA_Enterocloster bolteae,PA,Enterocloster bolteae,Enterocloster bolteae,enterocloster bolteae,0.0,0.0,False,zero,95
OnlyFemale,LASSO_LogisticRegression,ThomasAM_2018a,0.03,0.7272727272727273,0.7493686868686869,0.5,PA_Lachnospira pectinoschiza,PA,Lachnospira pectinoschiza,Lachnospira pectinoschiza,lachnospira pectinoschiza,0.0,0.0,False,zero,96
OnlyFemale,LASSO_LogisticRegression,ThomasAM_2018a,0.03,0.7272727272727273,0.7493686868686869,0.5,PA_Prevotella copri,PA,Prevotella copri,Prevotella copri,prevotella copri,0.0,0.0,False,zero,97
OnlyFemale,LASSO_LogisticRegression,ThomasAM_2018a,0.03,0.7272727272727273,0.7493686868686869,0.5,PA_Phocaeicola massiliensis,PA,Phocaeicola massiliensis,Phocaeicola massiliensis,phocaeicola massiliensis,0.0,0.0,False,zero,98
OnlyFemale,LASSO_LogisticRegression,ThomasAM_2018a,0.03,0.7272727272727273,0.7493686868686869,0.5,PA_Megamonas funiformis,PA,Megamonas funiformis,Megamonas funiformis,megamonas funiformis,0.0,0.0,False,zero,99
OnlyFemale,LASSO_LogisticRegression,ThomasAM_2018a,0.03,0.7272727272727273,0.7493686868686869,0.5,PA_Phascolarctobacterium faecium,PA,Phascolarctobacterium faecium,Phascolarctobacterium faecium,phascolarctobacterium faecium,0.0,0.0,False,zero,100
OnlyFemale,LASSO_LogisticRegression,ThomasAM_2018a,0.03,0.7272727272727273,0.7493686868686869,0.5,PA_Acidaminococcus intestini,PA,Acidaminococcus intestini,Acidaminococcus intestini,acidaminococcus intestini,0.0,0.0,False,zero,101
OnlyFemale,LASSO_LogisticRegression,ThomasAM_2018a,0.03,0.7272727272727273,0.7493686868686869,0.5,PA_Bacteroides finegoldii,PA,Bacteroides finegoldii,Bacteroides finegoldii,bacteroides finegoldii,0.0,0.0,False,zero,102
OnlyFemale,LASSO_LogisticRegression,ThomasAM_2018a,0.03,0.7272727272727273,0.7493686868686869,0.5,PA_Alistipes inops,PA,Alistipes inops,Alistipes inops,alistipes inops,0.0,0.0,False,zero,103
OnlyFemale,LASSO_LogisticRegression,ThomasAM_2018a,0.03,0.7272727272727273,0.7493686868686869,0.5,PA_Bacteroides salyersiae,PA,Bacteroides salyersiae,Bacteroides salyersiae,bacteroides salyersiae,0.0,0.0,False,zero,104
OnlyFemale,LASSO_LogisticRegression,ThomasAM_2018a,0.03,0.7272727272727273,0.7493686868686869,0.5,PA_Anaerotignum lactatifermentans,PA,Anaerotignum lactatifermentans,Anaerotignum lactatifermentans,anaerotignum lactatifermentans,0.0,0.0,False,zero,105
OnlyFemale,LASSO_LogisticRegression,ThomasAM_2018a,0.03,0.7272727272727273,0.7493686868686869,0.5,PA_Klebsiella variicola,PA,Klebsiella variicola,Klebsiella variicola,klebsiella variicola,0.0,0.0,False,zero,106
OnlyFemale,LASSO_LogisticRegression,ThomasAM_2018a,0.03,0.7272727272727273,0.7493686868686869,0.5,PA_Klebsiella pneumoniae,PA,Klebsiella pneumoniae,Klebsiella pneumoniae,klebsiella pneumoniae,0.0,0.0,False,zero,107
OnlyFemale,LASSO_LogisticRegression,ThomasAM_2018a,0.03,0.7272727272727273,0.7493686868686869,0.5,PA_Klebsiella quasipneumoniae,PA,Klebsiella quasipneumoniae,Klebsiella quasipneumoniae,klebsiella quasipneumoniae,0.0,0.0,False,zero,108
OnlyFemale,LASSO_LogisticRegression,ThomasAM_2018a,0.03,0.7272727272727273,0.7493686868686869,0.5,rCLR_Faecalibacterium prausnitzii,rCLR,Faecalibacterium prausnitzii,Faecalibacterium prausnitzii,faecalibacterium prausnitzii,0.0,0.0,False,zero,109
OnlyFemale,LASSO_LogisticRegression,ThomasAM_2018a,0.03,0.7272727272727273,0.7493686868686869,0.5,rCLR_Streptococcus salivarius,rCLR,Streptococcus salivarius,Streptococcus salivarius,streptococcus salivarius,0.0,0.0,False,zero,110
OnlyFemale,LASSO_LogisticRegression,ThomasAM_2018a,0.03,0.7272727272727273,0.7493686868686869,0.5,rCLR_Bacteroides stercoris,rCLR,Bacteroides stercoris,Bacteroides stercoris,bacteroides stercoris,0.0,0.0,False,zero,111
OnlyFemale,LASSO_LogisticRegression,ThomasAM_2018a,0.03,0.7272727272727273,0.7493686868686869,0.5,rCLR_Collinsella aerofaciens,rCLR,Collinsella aerofaciens,Collinsella aerofaciens,collinsella aerofaciens,0.0,0.0,False,zero,112
OnlyFemale,LASSO_LogisticRegression,ThomasAM_2018a,0.03,0.7272727272727273,0.7493686868686869,0.5,rCLR_Bifidobacterium longum,rCLR,Bifidobacterium longum,Bifidobacterium longum,bifidobacterium longum,0.0,0.0,False,zero,113
OnlyFemale,LASSO_LogisticRegression,ThomasAM_2018a,0.03,0.7272727272727273,0.7493686868686869,0.5,rCLR_Phocaeicola plebeius,rCLR,Phocaeicola plebeius,Phocaeicola plebeius,phocaeicola plebeius,0.0,0.0,False,zero,114
OnlyFemale,LASSO_LogisticRegression,ThomasAM_2018a,0.03,0.7272727272727273,0.7493686868686869,0.5,rCLR_Phocaeicola vulgatus,rCLR,Phocaeicola vulgatus,Phocaeicola vulgatus,phocaeicola vulgatus,0.0,0.0,False,zero,115
OnlyFemale,LASSO_LogisticRegression,ThomasAM_2018a,0.03,0.7272727272727273,0.7493686868686869,0.5,rCLR_Dorea longicatena,rCLR,Dorea longicatena,Dorea longicatena,dorea longicatena,0.0,0.0,False,zero,116
OnlyFemale,LASSO_LogisticRegression,ThomasAM_2018a,0.03,0.7272727272727273,0.7493686868686869,0.5,rCLR_Eubacterium sp. CAG:251,rCLR,Eubacterium sp. CAG:251,Eubacterium sp. CAG:251,eubacterium sp. cag:251,0.0,0.0,False,zero,117
OnlyFemale,LASSO_LogisticRegression,ThomasAM_2018a,0.03,0.7272727272727273,0.7493686868686869,0.5,PA_Bacteroides caccae,PA,Bacteroides caccae,Bacteroides caccae,bacteroides caccae,0.0,0.0,False,zero,118
OnlyFemale,LASSO_LogisticRegression,ThomasAM_2018a,0.03,0.7272727272727273,0.7493686868686869,0.5,PA_Paraprevotella xylaniphila,PA,Paraprevotella xylaniphila,Paraprevotella xylaniphila,paraprevotella xylaniphila,0.0,0.0,False,zero,119
OnlyFemale,LASSO_LogisticRegression,ThomasAM_2018a,0.03,0.7272727272727273,0.7493686868686869,0.5,rCLR_Coprococcus comes,rCLR,Coprococcus comes,Coprococcus comes,coprococcus comes,0.0,0.0,False,zero,120
OnlyFemale,LASSO_LogisticRegression,ThomasAM_2018a,0.03,0.7272727272727273,0.7493686868686869,0.5,rCLR_Fusicatenibacter saccharivorans,rCLR,Fusicatenibacter saccharivorans,Fusicatenibacter saccharivorans,fusicatenibacter saccharivorans,0.0,0.0,False,zero,121
OnlyFemale,LASSO_LogisticRegression,ThomasAM_2018a,0.03,0.7272727272727273,0.7493686868686869,0.5,rCLR_Holdemanella biformis,rCLR,Holdemanella biformis,Holdemanella biformis,holdemanella biformis,0.0,0.0,False,zero,122
OnlyFemale,LASSO_LogisticRegression,ThomasAM_2018a,0.03,0.7272727272727273,0.7493686868686869,0.5,rCLR_[Ruminococcus] torques,rCLR,[Ruminococcus] torques,[Ruminococcus] torques,[ruminococcus] torques,0.0,0.0,False,zero,123
OnlyFemale,LASSO_LogisticRegression,ThomasAM_2018a,0.03,0.7272727272727273,0.7493686868686869,0.5,rCLR_Bacteroides uniformis,rCLR,Bacteroides uniformis,Bacteroides uniformis,bacteroides uniformis,0.0,0.0,False,zero,124
OnlyFemale,LASSO_LogisticRegression,ThomasAM_2018a,0.03,0.7272727272727273,0.7493686868686869,0.5,rCLR_Blautia wexlerae,rCLR,Blautia wexlerae,Blautia wexlerae,blautia wexlerae,0.0,0.0,False,zero,125
OnlyFemale,LASSO_LogisticRegression,ThomasAM_2018a,0.03,0.7272727272727273,0.7493686868686869,0.5,rCLR_Gemmiger formicilis,rCLR,Gemmiger formicilis,Gemmiger formicilis,gemmiger formicilis,0.0,0.0,False,zero,126
OnlyFemale,LASSO_LogisticRegression,ThomasAM_2018a,0.03,0.7272727272727273,0.7493686868686869,0.5,rCLR_Streptococcus parasanguinis,rCLR,Streptococcus parasanguinis,Streptococcus parasanguinis,streptococcus parasanguinis,0.0,0.0,False,zero,127
OnlyFemale,LASSO_LogisticRegression,ThomasAM_2018a,0.03,0.7272727272727273,0.7493686868686869,0.5,rCLR_Coprococcus eutactus,rCLR,Coprococcus eutactus,Coprococcus eutactus,coprococcus eutactus,0.0,0.0,False,zero,128
OnlyFemale,LASSO_LogisticRegression,ThomasAM_2018a,0.03,0.7272727272727273,0.7493686868686869,0.5,rCLR_[Ruminococcus] lactaris,rCLR,[Ruminococcus] lactaris,[Ruminococcus] lactaris,[ruminococcus] lactaris,0.0,0.0,False,zero,129
OnlyFemale,LASSO_LogisticRegression,ThomasAM_2018a,0.03,0.7272727272727273,0.7493686868686869,0.5,rCLR_Coprococcus catus,rCLR,Coprococcus catus,Coprococcus catus,coprococcus catus,0.0,0.0,False,zero,130
OnlyFemale,LASSO_LogisticRegression,ThomasAM_2018a,0.03,0.7272727272727273,0.7493686868686869,0.5,rCLR_Roseburia intestinalis,rCLR,Roseburia intestinalis,Roseburia intestinalis,roseburia intestinalis,0.0,0.0,False,zero,131
OnlyFemale,LASSO_LogisticRegression,ThomasAM_2018a,0.03,0.7272727272727273,0.7493686868686869,0.5,rCLR_Roseburia inulinivorans,rCLR,Roseburia inulinivorans,Roseburia inulinivorans,roseburia inulinivorans,0.0,0.0,False,zero,132
OnlyFemale,LASSO_LogisticRegression,ThomasAM_2018a,0.03,0.7272727272727273,0.7493686868686869,0.5,rCLR_Phascolarctobacterium succinatutens,rCLR,Phascolarctobacterium succinatutens,Phascolarctobacterium succinatutens,phascolarctobacterium succinatutens,0.0,0.0,False,zero,133
OnlyFemale,LASSO_LogisticRegression,ThomasAM_2018a,0.03,0.7272727272727273,0.7493686868686869,0.5,rCLR_[Eubacterium] rectale,rCLR,[Eubacterium] rectale,[Eubacterium] rectale,[eubacterium] rectale,0.0,0.0,False,zero,134
OnlyFemale,LASSO_LogisticRegression,ThomasAM_2018a,0.03,0.7272727272727273,0.7493686868686869,0.5,rCLR_Blautia obeum,rCLR,Blautia obeum,Blautia obeum,blautia obeum,0.0,0.0,False,zero,135
OnlyFemale,LASSO_LogisticRegression,ThomasAM_2018a,0.03,0.7272727272727273,0.7493686868686869,0.5,rCLR_Agathobaculum butyriciproducens,rCLR,Agathobaculum butyriciproducens,Agathobaculum butyriciproducens,agathobaculum butyriciproducens,0.0,0.0,False,zero,136
OnlyFemale,LASSO_LogisticRegression,ThomasAM_2018a,0.03,0.7272727272727273,0.7493686868686869,0.5,rCLR_Bacteroides xylanisolvens,rCLR,Bacteroides xylanisolvens,Bacteroides xylanisolvens,bacteroides xylanisolvens,0.0,0.0,False,zero,137
OnlyFemale,LASSO_LogisticRegression,ThomasAM_2018a,0.03,0.7272727272727273,0.7493686868686869,0.5,rCLR_Bacteroides ovatus,rCLR,Bacteroides ovatus,Bacteroides ovatus,bacteroides ovatus,0.0,0.0,False,zero,138
OnlyFemale,LASSO_LogisticRegression,ThomasAM_2018a,0.03,0.7272727272727273,0.7493686868686869,0.5,rCLR_Bacteroides thetaiotaomicron,rCLR,Bacteroides thetaiotaomicron,Bacteroides thetaiotaomicron,bacteroides thetaiotaomicron,0.0,0.0,False,zero,139
OnlyFemale,LASSO_LogisticRegression,ThomasAM_2018a,0.03,0.7272727272727273,0.7493686868686869,0.5,rCLR_Streptococcus thermophilus,rCLR,Streptococcus thermophilus,Streptococcus thermophilus,streptococcus thermophilus,0.0,0.0,False,zero,140
OnlyFemale,LASSO_LogisticRegression,ThomasAM_2018a,0.03,0.7272727272727273,0.7493686868686869,0.5,rCLR_Eubacterium ramulus,rCLR,Eubacterium ramulus,Eubacterium ramulus,eubacterium ramulus,0.0,0.0,False,zero,141
OnlyFemale,LASSO_LogisticRegression,ThomasAM_2018a,0.03,0.7272727272727273,0.7493686868686869,0.5,rCLR_Bifidobacterium adolescentis,rCLR,Bifidobacterium adolescentis,Bifidobacterium adolescentis,bifidobacterium adolescentis,0.0,0.0,False,zero,142
OnlyFemale,LASSO_LogisticRegression,ThomasAM_2018a,0.03,0.7272727272727273,0.7493686868686869,0.5,rCLR_Eubacterium sp. CAG:274,rCLR,Eubacterium sp. CAG:274,Eubacterium sp. CAG:274,eubacterium sp. cag:274,0.0,0.0,False,zero,143
OnlyFemale,LASSO_LogisticRegression,ThomasAM_2018a,0.03,0.7272727272727273,0.7493686868686869,0.5,rCLR_Eubacterium ventriosum,rCLR,Eubacterium ventriosum,Eubacterium ventriosum,eubacterium ventriosum,0.0,0.0,False,zero,144
OnlyFemale,LASSO_LogisticRegression,ThomasAM_2018a,0.03,0.7272727272727273,0.7493686868686869,0.5,rCLR_Flavonifractor plautii,rCLR,Flavonifractor plautii,Flavonifractor plautii,flavonifractor plautii,0.0,0.0,False,zero,145
OnlyFemale,LASSO_LogisticRegression,ThomasAM_2018a,0.03,0.7272727272727273,0.7493686868686869,0.5,rCLR_Oscillibacter sp. 57_20,rCLR,Oscillibacter sp. 57_20,Oscillibacter sp. 57 20,oscillibacter sp. 57 20,0.0,0.0,False,zero,146
OnlyFemale,LASSO_LogisticRegression,ThomasAM_2018a,0.03,0.7272727272727273,0.7493686868686869,0.5,rCLR_Roseburia hominis,rCLR,Roseburia hominis,Roseburia hominis,roseburia hominis,0.0,0.0,False,zero,147
OnlyFemale,LASSO_LogisticRegression,ThomasAM_2018a,0.03,0.7272727272727273,0.7493686868686869,0.5,rCLR_Alistipes finegoldii,rCLR,Alistipes finegoldii,Alistipes finegoldii,alistipes finegoldii,0.0,0.0,False,zero,148
OnlyFemale,LASSO_LogisticRegression,ThomasAM_2018a,0.03,0.7272727272727273,0.7493686868686869,0.5,rCLR_Alistipes putredinis,rCLR,Alistipes putredinis,Alistipes putredinis,alistipes putredinis,0.0,0.0,False,zero,149
OnlyFemale,LASSO_LogisticRegression,ThomasAM_2018a,0.03,0.7272727272727273,0.7493686868686869,0.5,rCLR_Veillonella atypica,rCLR,Veillonella atypica,Veillonella atypica,veillonella atypica,0.0,0.0,False,zero,150
OnlyFemale,LASSO_LogisticRegression,ThomasAM_2018a,0.03,0.7272727272727273,0.7493686868686869,0.5,PA_Desulfovibrio piger,PA,Desulfovibrio piger,Desulfovibrio piger,desulfovibrio piger,0.0,0.0,False,zero,151
OnlyFemale,LASSO_LogisticRegression,ThomasAM_2018a,0.03,0.7272727272727273,0.7493686868686869,0.5,rCLR_Ruminococcus bromii,rCLR,Ruminococcus bromii,Ruminococcus bromii,ruminococcus bromii,0.0,0.0,False,zero,152
OnlyFemale,LASSO_LogisticRegression,ThomasAM_2018a,0.03,0.7272727272727273,0.7493686868686869,0.5,rCLR_Firmicutes bacterium CAG:83,rCLR,Firmicutes bacterium CAG:83,Firmicutes bacterium CAG:83,firmicutes bacterium cag:83,0.0,0.0,False,zero,153
OnlyFemale,LASSO_LogisticRegression,ThomasAM_2018a,0.03,0.7272727272727273,0.7493686868686869,0.5,rCLR_Lachnospira eligens,rCLR,Lachnospira eligens,Lachnospira eligens,lachnospira eligens,0.0,0.0,False,zero,154
OnlyFemale,LASSO_LogisticRegression,ThomasAM_2018a,0.03,0.7272727272727273,0.7493686868686869,0.5,rCLR_Veillonella parvula,rCLR,Veillonella parvula,Veillonella parvula,veillonella parvula,0.0,0.0,False,zero,155
OnlyFemale,LASSO_LogisticRegression,ThomasAM_2018a,0.03,0.7272727272727273,0.7493686868686869,0.5,rCLR_Bacteroides eggerthii,rCLR,Bacteroides eggerthii,Bacteroides eggerthii,bacteroides eggerthii,0.0,0.0,False,zero,156
OnlyFemale,LASSO_LogisticRegression,ThomasAM_2018a,0.03,0.7272727272727273,0.7493686868686869,0.5,rCLR_Roseburia faecis,rCLR,Roseburia faecis,Roseburia faecis,roseburia faecis,0.0,0.0,False,zero,157
OnlyFemale,LASSO_LogisticRegression,ThomasAM_2018a,0.03,0.7272727272727273,0.7493686868686869,0.5,rCLR_Phocaeicola coprocola,rCLR,Phocaeicola coprocola,Phocaeicola coprocola,phocaeicola coprocola,0.0,0.0,False,zero,158
OnlyFemale,LASSO_LogisticRegression,ThomasAM_2018a,0.03,0.7272727272727273,0.7493686868686869,0.5,rCLR_[Ruminococcus] gnavus,rCLR,[Ruminococcus] gnavus,[Ruminococcus] gnavus,[ruminococcus] gnavus,0.0,0.0,False,zero,159
OnlyFemale,LASSO_LogisticRegression,ThomasAM_2018a,0.03,0.7272727272727273,0.7493686868686869,0.5,rCLR_Gordonibacter pamelaeae,rCLR,Gordonibacter pamelaeae,Gordonibacter pamelaeae,gordonibacter pamelaeae,0.0,0.0,False,zero,160
OnlyFemale,LASSO_LogisticRegression,ThomasAM_2018a,0.03,0.7272727272727273,0.7493686868686869,0.5,rCLR_Eubacterium sp. CAG:180,rCLR,Eubacterium sp. CAG:180,Eubacterium sp. CAG:180,eubacterium sp. cag:180,0.0,0.0,False,zero,161
OnlyFemale,LASSO_LogisticRegression,ThomasAM_2018a,0.03,0.7272727272727273,0.7493686868686869,0.5,rCLR_Parabacteroides merdae,rCLR,Parabacteroides merdae,Parabacteroides merdae,parabacteroides merdae,0.0,0.0,False,zero,162
OnlyFemale,LASSO_LogisticRegression,ThomasAM_2018a,0.03,0.7272727272727273,0.7493686868686869,0.5,rCLR_Phocaeicola dorei,rCLR,Phocaeicola dorei,Phocaeicola dorei,phocaeicola dorei,0.0,0.0,False,zero,163
OnlyFemale,LASSO_LogisticRegression,ThomasAM_2018a,0.03,0.7272727272727273,0.7493686868686869,0.5,rCLR_[Eubacterium] siraeum,rCLR,[Eubacterium] siraeum,[Eubacterium] siraeum,[eubacterium] siraeum,0.0,0.0,False,zero,164
OnlyFemale,LASSO_LogisticRegression,ThomasAM_2018a,0.03,0.7272727272727273,0.7493686868686869,0.5,rCLR_Barnesiella intestinihominis,rCLR,Barnesiella intestinihominis,Barnesiella intestinihominis,barnesiella intestinihominis,0.0,0.0,False,zero,165
OnlyFemale,LASSO_LogisticRegression,ThomasAM_2018a,0.03,0.7272727272727273,0.7493686868686869,0.5,rCLR_Methanobrevibacter smithii,rCLR,Methanobrevibacter smithii,Methanobrevibacter smithii,methanobrevibacter smithii,0.0,0.0,False,zero,166
OnlyFemale,LASSO_LogisticRegression,ThomasAM_2018a,0.03,0.7272727272727273,0.7493686868686869,0.5,rCLR_Adlercreutzia equolifaciens,rCLR,Adlercreutzia equolifaciens,Adlercreutzia equolifaciens,adlercreutzia equolifaciens,0.0,0.0,False,zero,167
OnlyFemale,LASSO_LogisticRegression,ThomasAM_2018a,0.03,0.7272727272727273,0.7493686868686869,0.5,rCLR_Firmicutes bacterium CAG:145,rCLR,Firmicutes bacterium CAG:145,Firmicutes bacterium CAG:145,firmicutes bacterium cag:145,0.0,0.0,False,zero,168
OnlyFemale,LASSO_LogisticRegression,ThomasAM_2018a,0.03,0.7272727272727273,0.7493686868686869,0.5,rCLR_Bacteroides cellulosilyticus,rCLR,Bacteroides cellulosilyticus,Bacteroides cellulosilyticus,bacteroides cellulosilyticus,0.0,0.0,False,zero,169
OnlyFemale,LASSO_LogisticRegression,ThomasAM_2018a,0.03,0.7272727272727273,0.7493686868686869,0.5,rCLR_Ruminococcus bicirculans,rCLR,Ruminococcus bicirculans,Ruminococcus bicirculans,ruminococcus bicirculans,0.0,0.0,False,zero,170
OnlyFemale,LASSO_LogisticRegression,ThomasAM_2018a,0.03,0.7272727272727273,0.7493686868686869,0.5,rCLR_Adlercreutzia equolifaciens_1,rCLR,Adlercreutzia equolifaciens_1,Adlercreutzia equolifaciens 1,adlercreutzia equolifaciens 1,0.0,0.0,False,zero,171
OnlyFemale,LASSO_LogisticRegression,ThomasAM_2018a,0.03,0.7272727272727273,0.7493686868686869,0.5,rCLR_Firmicutes bacterium CAG:110,rCLR,Firmicutes bacterium CAG:110,Firmicutes bacterium CAG:110,firmicutes bacterium cag:110,0.0,0.0,False,zero,172
OnlyFemale,LASSO_LogisticRegression,ThomasAM_2018a,0.03,0.7272727272727273,0.7493686868686869,0.5,rCLR_Parabacteroides distasonis,rCLR,Parabacteroides distasonis,Parabacteroides distasonis,parabacteroides distasonis,0.0,0.0,False,zero,173
OnlyFemale,LASSO_LogisticRegression,ThomasAM_2018a,0.03,0.7272727272727273,0.7493686868686869,0.5,rCLR_Odoribacter splanchnicus,rCLR,Odoribacter splanchnicus,Odoribacter splanchnicus,odoribacter splanchnicus,0.0,0.0,False,zero,174
OnlyFemale,LASSO_LogisticRegression,ThomasAM_2018a,0.03,0.7272727272727273,0.7493686868686869,0.5,rCLR_Oscillibacter sp. CAG:241,rCLR,Oscillibacter sp. CAG:241,Oscillibacter sp. CAG:241,oscillibacter sp. cag:241,0.0,0.0,False,zero,175
OnlyFemale,LASSO_LogisticRegression,ThomasAM_2018a,0.03,0.7272727272727273,0.7493686868686869,0.5,rCLR_Alistipes shahii,rCLR,Alistipes shahii,Alistipes shahii,alistipes shahii,0.0,0.0,False,zero,176
OnlyFemale,LASSO_LogisticRegression,ThomasAM_2018a,0.03,0.7272727272727273,0.7493686868686869,0.5,rCLR_Eggerthella lenta,rCLR,Eggerthella lenta,Eggerthella lenta,eggerthella lenta,0.0,0.0,False,zero,177
OnlyFemale,LASSO_LogisticRegression,ThomasAM_2018a,0.03,0.7272727272727273,0.7493686868686869,0.5,rCLR_Escherichia coli,rCLR,Escherichia coli,Escherichia coli,escherichia coli,0.0,0.0,False,zero,178
OnlyFemale,LASSO_LogisticRegression,ThomasAM_2018a,0.03,0.7272727272727273,0.7493686868686869,0.5,rCLR_Butyricimonas virosa,rCLR,Butyricimonas virosa,Butyricimonas virosa,butyricimonas virosa,0.0,0.0,False,zero,179
OnlyFemale,LASSO_LogisticRegression,ThomasAM_2018a,0.03,0.7272727272727273,0.7493686868686869,0.5,rCLR_Bacteroides sp. CAG:144,rCLR,Bacteroides sp. CAG:144,Bacteroides sp. CAG:144,bacteroides sp. cag:144,0.0,0.0,False,zero,180
OnlyFemale,LASSO_LogisticRegression,ThomasAM_2018a,0.03,0.7272727272727273,0.7493686868686869,0.5,rCLR_Intestinibacter bartlettii,rCLR,Intestinibacter bartlettii,Intestinibacter bartlettii,intestinibacter bartlettii,0.0,0.0,False,zero,181
OnlyFemale,LASSO_LogisticRegression,ThomasAM_2018a,0.03,0.7272727272727273,0.7493686868686869,0.5,rCLR_Erysipelatoclostridium ramosum,rCLR,Erysipelatoclostridium ramosum,Erysipelatoclostridium ramosum,erysipelatoclostridium ramosum,0.0,0.0,False,zero,182
OnlyFemale,LASSO_LogisticRegression,ThomasAM_2018a,0.03,0.7272727272727273,0.7493686868686869,0.5,rCLR_Slackia isoflavoniconvertens,rCLR,Slackia isoflavoniconvertens,Slackia isoflavoniconvertens,slackia isoflavoniconvertens,0.0,0.0,False,zero,183
OnlyFemale,LASSO_LogisticRegression,ThomasAM_2018a,0.03,0.7272727272727273,0.7493686868686869,0.5,rCLR_Clostridium sp. CAG:58,rCLR,Clostridium sp. CAG:58,Clostridium sp. CAG:58,clostridium sp. cag:58,0.0,0.0,False,zero,184
OnlyFemale,LASSO_LogisticRegression,ThomasAM_2018a,0.03,0.7272727272727273,0.7493686868686869,0.5,rCLR_Akkermansia muciniphila,rCLR,Akkermansia muciniphila,Akkermansia muciniphila,akkermansia muciniphila,0.0,0.0,False,zero,185
OnlyFemale,LASSO_LogisticRegression,ThomasAM_2018a,0.03,0.7272727272727273,0.7493686868686869,0.5,rCLR_Bacteroides intestinalis,rCLR,Bacteroides intestinalis,Bacteroides intestinalis,bacteroides intestinalis,0.0,0.0,False,zero,186
OnlyFemale,LASSO_LogisticRegression,ThomasAM_2018a,0.03,0.7272727272727273,0.7493686868686869,0.5,rCLR_Bifidobacterium pseudocatenulatum,rCLR,Bifidobacterium pseudocatenulatum,Bifidobacterium pseudocatenulatum,bifidobacterium pseudocatenulatum,0.0,0.0,False,zero,187
OnlyFemale,LASSO_LogisticRegression,ThomasAM_2018a,0.03,0.7272727272727273,0.7493686868686869,0.5,rCLR_Eubacterium sp. CAG:38,rCLR,Eubacterium sp. CAG:38,Eubacterium sp. CAG:38,eubacterium sp. cag:38,0.0,0.0,False,zero,188
OnlyFemale,LASSO_LogisticRegression,ThomasAM_2018a,0.03,0.7272727272727273,0.7493686868686869,0.5,rCLR_Bacteroides fragilis,rCLR,Bacteroides fragilis,Bacteroides fragilis,bacteroides fragilis,0.0,0.0,False,zero,189
OnlyFemale,LASSO_LogisticRegression,ThomasAM_2018a,0.03,0.7272727272727273,0.7493686868686869,0.5,rCLR_Bifidobacterium bifidum,rCLR,Bifidobacterium bifidum,Bifidobacterium bifidum,bifidobacterium bifidum,0.0,0.0,False,zero,190
OnlyFemale,LASSO_LogisticRegression,ThomasAM_2018a,0.03,0.7272727272727273,0.7493686868686869,0.5,rCLR_Blautia sp. CAG:257,rCLR,Blautia sp. CAG:257,Blautia sp. CAG:257,blautia sp. cag:257,0.0,0.0,False,zero,191
OnlyFemale,LASSO_LogisticRegression,ThomasAM_2018a,0.03,0.7272727272727273,0.7493686868686869,0.5,rCLR_Parasutterella excrementihominis,rCLR,Parasutterella excrementihominis,Parasutterella excrementihominis,parasutterella excrementihominis,0.0,0.0,False,zero,192
OnlyFemale,LASSO_LogisticRegression,ThomasAM_2018a,0.03,0.7272727272727273,0.7493686868686869,0.5,rCLR_Proteobacteria bacterium CAG:139,rCLR,Proteobacteria bacterium CAG:139,Proteobacteria bacterium CAG:139,proteobacteria bacterium cag:139,0.0,0.0,False,zero,193
OnlyFemale,LASSO_LogisticRegression,ThomasAM_2018a,0.03,0.7272727272727273,0.7493686868686869,0.5,rCLR_Lawsonibacter asaccharolyticus,rCLR,Lawsonibacter asaccharolyticus,Lawsonibacter asaccharolyticus,lawsonibacter asaccharolyticus,0.0,0.0,False,zero,194
OnlyFemale,LASSO_LogisticRegression,ThomasAM_2018a,0.03,0.7272727272727273,0.7493686868686869,0.5,rCLR_Coprobacter fastidiosus,rCLR,Coprobacter fastidiosus,Coprobacter fastidiosus,coprobacter fastidiosus,0.0,0.0,False,zero,195
OnlyFemale,LASSO_LogisticRegression,ThomasAM_2018a,0.03,0.7272727272727273,0.7493686868686869,0.5,rCLR_Alistipes inops,rCLR,Alistipes inops,Alistipes inops,alistipes inops,0.0,0.0,False,zero,196
OnlyFemale,LASSO_LogisticRegression,ThomasAM_2018a,0.03,0.7272727272727273,0.7493686868686869,0.5,rCLR_Bacteroides finegoldii,rCLR,Bacteroides finegoldii,Bacteroides finegoldii,bacteroides finegoldii,0.0,0.0,False,zero,197
OnlyFemale,LASSO_LogisticRegression,ThomasAM_2018a,0.03,0.7272727272727273,0.7493686868686869,0.5,rCLR_Paraprevotella xylaniphila,rCLR,Paraprevotella xylaniphila,Paraprevotella xylaniphila,paraprevotella xylaniphila,0.0,0.0,False,zero,198
OnlyFemale,LASSO_LogisticRegression,ThomasAM_2018a,0.03,0.7272727272727273,0.7493686868686869,0.5,rCLR_Dialister invisus,rCLR,Dialister invisus,Dialister invisus,dialister invisus,0.0,0.0,False,zero,199
OnlyFemale,LASSO_LogisticRegression,ThomasAM_2018a,0.03,0.7272727272727273,0.7493686868686869,0.5,rCLR_Enterocloster bolteae,rCLR,Enterocloster bolteae,Enterocloster bolteae,enterocloster bolteae,0.0,0.0,False,zero,200
OnlyFemale,LASSO_LogisticRegression,ThomasAM_2018a,0.03,0.7272727272727273,0.7493686868686869,0.5,rCLR_Bacteroides caccae,rCLR,Bacteroides caccae,Bacteroides caccae,bacteroides caccae,0.0,0.0,False,zero,201
OnlyFemale,LASSO_LogisticRegression,ThomasAM_2018a,0.03,0.7272727272727273,0.7493686868686869,0.5,rCLR_Desulfovibrio piger,rCLR,Desulfovibrio piger,Desulfovibrio piger,desulfovibrio piger,0.0,0.0,False,zero,202
OnlyFemale,LASSO_LogisticRegression,ThomasAM_2018a,0.03,0.7272727272727273,0.7493686868686869,0.5,rCLR_Lachnospira pectinoschiza,rCLR,Lachnospira pectinoschiza,Lachnospira pectinoschiza,lachnospira pectinoschiza,0.0,0.0,False,zero,203
OnlyFemale,LASSO_LogisticRegression,ThomasAM_2018a,0.03,0.7272727272727273,0.7493686868686869,0.5,rCLR_Prevotella copri,rCLR,Prevotella copri,Prevotella copri,prevotella copri,0.0,0.0,False,zero,204
OnlyFemale,LASSO_LogisticRegression,ThomasAM_2018a,0.03,0.7272727272727273,0.7493686868686869,0.5,rCLR_Phocaeicola massiliensis,rCLR,Phocaeicola massiliensis,Phocaeicola massiliensis,phocaeicola massiliensis,0.0,0.0,False,zero,205
OnlyFemale,LASSO_LogisticRegression,ThomasAM_2018a,0.03,0.7272727272727273,0.7493686868686869,0.5,rCLR_Megamonas funiformis,rCLR,Megamonas funiformis,Megamonas funiformis,megamonas funiformis,0.0,0.0,False,zero,206
OnlyFemale,LASSO_LogisticRegression,ThomasAM_2018a,0.03,0.7272727272727273,0.7493686868686869,0.5,rCLR_Phascolarctobacterium faecium,rCLR,Phascolarctobacterium faecium,Phascolarctobacterium faecium,phascolarctobacterium faecium,0.0,0.0,False,zero,207
OnlyFemale,LASSO_LogisticRegression,ThomasAM_2018a,0.03,0.7272727272727273,0.7493686868686869,0.5,rCLR_Acidaminococcus intestini,rCLR,Acidaminococcus intestini,Acidaminococcus intestini,acidaminococcus intestini,0.0,0.0,False,zero,208
OnlyFemale,LASSO_LogisticRegression,ThomasAM_2018a,0.03,0.7272727272727273,0.7493686868686869,0.5,rCLR_Anaerotignum lactatifermentans,rCLR,Anaerotignum lactatifermentans,Anaerotignum lactatifermentans,anaerotignum lactatifermentans,0.0,0.0,False,zero,209
OnlyFemale,LASSO_LogisticRegression,ThomasAM_2018a,0.03,0.7272727272727273,0.7493686868686869,0.5,rCLR_Bacteroides salyersiae,rCLR,Bacteroides salyersiae,Bacteroides salyersiae,bacteroides salyersiae,0.0,0.0,False,zero,210
OnlyFemale,LASSO_LogisticRegression,ThomasAM_2018a,0.03,0.7272727272727273,0.7493686868686869,0.5,rCLR_Parvimonas micra,rCLR,Parvimonas micra,Parvimonas micra,parvimonas micra,0.0,0.0,False,zero,211
OnlyFemale,LASSO_LogisticRegression,ThomasAM_2018a,0.03,0.7272727272727273,0.7493686868686869,0.5,rCLR_Klebsiella pneumoniae,rCLR,Klebsiella pneumoniae,Klebsiella pneumoniae,klebsiella pneumoniae,0.0,0.0,False,zero,212
OnlyFemale,LASSO_LogisticRegression,ThomasAM_2018a,0.03,0.7272727272727273,0.7493686868686869,0.5,rCLR_Klebsiella variicola,rCLR,Klebsiella variicola,Klebsiella variicola,klebsiella variicola,0.0,0.0,False,zero,213
OnlyFemale,LASSO_LogisticRegression,ThomasAM_2018a,0.03,0.7272727272727273,0.7493686868686869,0.5,rCLR_Klebsiella quasipneumoniae,rCLR,Klebsiella quasipneumoniae,Klebsiella quasipneumoniae,klebsiella quasipneumoniae,0.0,0.0,False,zero,214
OnlyFemale,LASSO_LogisticRegression,ThomasAM_2018a,0.03,0.7272727272727273,0.7493686868686869,0.5,Age,covariate,Age,Age,age,0.0,0.0,False,zero,215
OnlyFemale,LASSO_LogisticRegression,ThomasAM_2018b,0.03,0.7314814814814815,0.756432202510634,0.5333333333333333,PA_Parvimonas micra,PA,Parvimonas micra,Parvimonas micra,parvimonas micra,0.24954887301056072,0.24954887301056072,True,CRC-associated,1
OnlyFemale,LASSO_LogisticRegression,ThomasAM_2018b,0.03,0.7314814814814815,0.756432202510634,0.5333333333333333,PA_Flavonifractor plautii,PA,Flavonifractor plautii,Flavonifractor plautii,flavonifractor plautii,0.09145451543982927,0.09145451543982927,True,CRC-associated,2
OnlyFemale,LASSO_LogisticRegression,ThomasAM_2018b,0.03,0.7314814814814815,0.756432202510634,0.5333333333333333,rCLR_Anaerostipes hadrus,rCLR,Anaerostipes hadrus,Anaerostipes hadrus,anaerostipes hadrus,-0.08124621429128898,0.08124621429128898,True,Control-associated,3
OnlyFemale,LASSO_LogisticRegression,ThomasAM_2018b,0.03,0.7314814814814815,0.756432202510634,0.5333333333333333,rCLR_Dorea formicigenerans,rCLR,Dorea formicigenerans,Dorea formicigenerans,dorea formicigenerans,0.052620259510519,0.052620259510519,True,CRC-associated,4
OnlyFemale,LASSO_LogisticRegression,ThomasAM_2018b,0.03,0.7314814814814815,0.756432202510634,0.5333333333333333,rCLR_Bacteroides fragilis,rCLR,Bacteroides fragilis,Bacteroides fragilis,bacteroides fragilis,0.03780273212525827,0.03780273212525827,True,CRC-associated,5
OnlyFemale,LASSO_LogisticRegression,ThomasAM_2018b,0.03,0.7314814814814815,0.756432202510634,0.5333333333333333,rCLR_Ruthenibacterium lactatiformans,rCLR,Ruthenibacterium lactatiformans,Ruthenibacterium lactatiformans,ruthenibacterium lactatiformans,0.008339759947565957,0.008339759947565957,True,CRC-associated,6
OnlyFemale,LASSO_LogisticRegression,ThomasAM_2018b,0.03,0.7314814814814815,0.756432202510634,0.5333333333333333,PA_Streptococcus salivarius,PA,Streptococcus salivarius,Streptococcus salivarius,streptococcus salivarius,0.0,0.0,False,zero,7
OnlyFemale,LASSO_LogisticRegression,ThomasAM_2018b,0.03,0.7314814814814815,0.756432202510634,0.5333333333333333,PA_Phocaeicola vulgatus,PA,Phocaeicola vulgatus,Phocaeicola vulgatus,phocaeicola vulgatus,0.0,0.0,False,zero,8
OnlyFemale,LASSO_LogisticRegression,ThomasAM_2018b,0.03,0.7314814814814815,0.756432202510634,0.5333333333333333,PA_Dorea longicatena,PA,Dorea longicatena,Dorea longicatena,dorea longicatena,0.0,0.0,False,zero,9
OnlyFemale,LASSO_LogisticRegression,ThomasAM_2018b,0.03,0.7314814814814815,0.756432202510634,0.5333333333333333,PA_Eubacterium sp. CAG:251,PA,Eubacterium sp. CAG:251,Eubacterium sp. CAG:251,eubacterium sp. cag:251,0.0,0.0,False,zero,10
OnlyFemale,LASSO_LogisticRegression,ThomasAM_2018b,0.03,0.7314814814814815,0.756432202510634,0.5333333333333333,PA_Fusicatenibacter saccharivorans,PA,Fusicatenibacter saccharivorans,Fusicatenibacter saccharivorans,fusicatenibacter saccharivorans,0.0,0.0,False,zero,11
OnlyFemale,LASSO_LogisticRegression,ThomasAM_2018b,0.03,0.7314814814814815,0.756432202510634,0.5333333333333333,PA_Coprococcus comes,PA,Coprococcus comes,Coprococcus comes,coprococcus comes,0.0,0.0,False,zero,12
OnlyFemale,LASSO_LogisticRegression,ThomasAM_2018b,0.03,0.7314814814814815,0.756432202510634,0.5333333333333333,PA_[Ruminococcus] torques,PA,[Ruminococcus] torques,[Ruminococcus] torques,[ruminococcus] torques,0.0,0.0,False,zero,13
OnlyFemale,LASSO_LogisticRegression,ThomasAM_2018b,0.03,0.7314814814814815,0.756432202510634,0.5333333333333333,PA_Anaerobutyricum hallii,PA,Anaerobutyricum hallii,Anaerobutyricum hallii,anaerobutyricum hallii,0.0,0.0,False,zero,14
OnlyFemale,LASSO_LogisticRegression,ThomasAM_2018b,0.03,0.7314814814814815,0.756432202510634,0.5333333333333333,PA_Holdemanella biformis,PA,Holdemanella biformis,Holdemanella biformis,holdemanella biformis,0.0,0.0,False,zero,15
OnlyFemale,LASSO_LogisticRegression,ThomasAM_2018b,0.03,0.7314814814814815,0.756432202510634,0.5333333333333333,PA_Bacteroides uniformis,PA,Bacteroides uniformis,Bacteroides uniformis,bacteroides uniformis,0.0,0.0,False,zero,16
OnlyFemale,LASSO_LogisticRegression,ThomasAM_2018b,0.03,0.7314814814814815,0.756432202510634,0.5333333333333333,PA_Blautia wexlerae,PA,Blautia wexlerae,Blautia wexlerae,blautia wexlerae,0.0,0.0,False,zero,17
OnlyFemale,LASSO_LogisticRegression,ThomasAM_2018b,0.03,0.7314814814814815,0.756432202510634,0.5333333333333333,PA_Gemmiger formicilis,PA,Gemmiger formicilis,Gemmiger formicilis,gemmiger formicilis,0.0,0.0,False,zero,18
OnlyFemale,LASSO_LogisticRegression,ThomasAM_2018b,0.03,0.7314814814814815,0.756432202510634,0.5333333333333333,PA_Faecalibacterium prausnitzii,PA,Faecalibacterium prausnitzii,Faecalibacterium prausnitzii,faecalibacterium prausnitzii,0.0,0.0,False,zero,19
OnlyFemale,LASSO_LogisticRegression,ThomasAM_2018b,0.03,0.7314814814814815,0.756432202510634,0.5333333333333333,PA_Bacteroides stercoris,PA,Bacteroides stercoris,Bacteroides stercoris,bacteroides stercoris,0.0,0.0,False,zero,20
OnlyFemale,LASSO_LogisticRegression,ThomasAM_2018b,0.03,0.7314814814814815,0.756432202510634,0.5333333333333333,PA_Collinsella aerofaciens,PA,Collinsella aerofaciens,Collinsella aerofaciens,collinsella aerofaciens,0.0,0.0,False,zero,21
OnlyFemale,LASSO_LogisticRegression,ThomasAM_2018b,0.03,0.7314814814814815,0.756432202510634,0.5333333333333333,PA_Bifidobacterium longum,PA,Bifidobacterium longum,Bifidobacterium longum,bifidobacterium longum,0.0,0.0,False,zero,22
OnlyFemale,LASSO_LogisticRegression,ThomasAM_2018b,0.03,0.7314814814814815,0.756432202510634,0.5333333333333333,PA_Anaerostipes hadrus,PA,Anaerostipes hadrus,Anaerostipes hadrus,anaerostipes hadrus,0.0,0.0,False,zero,23
OnlyFemale,LASSO_LogisticRegression,ThomasAM_2018b,0.03,0.7314814814814815,0.756432202510634,0.5333333333333333,PA_Coprococcus catus,PA,Coprococcus catus,Coprococcus catus,coprococcus catus,0.0,0.0,False,zero,24
OnlyFemale,LASSO_LogisticRegression,ThomasAM_2018b,0.03,0.7314814814814815,0.756432202510634,0.5333333333333333,PA_Roseburia intestinalis,PA,Roseburia intestinalis,Roseburia intestinalis,roseburia intestinalis,0.0,0.0,False,zero,25
OnlyFemale,LASSO_LogisticRegression,ThomasAM_2018b,0.03,0.7314814814814815,0.756432202510634,0.5333333333333333,PA_Phascolarctobacterium succinatutens,PA,Phascolarctobacterium succinatutens,Phascolarctobacterium succinatutens,phascolarctobacterium succinatutens,0.0,0.0,False,zero,26
OnlyFemale,LASSO_LogisticRegression,ThomasAM_2018b,0.03,0.7314814814814815,0.756432202510634,0.5333333333333333,PA_Roseburia inulinivorans,PA,Roseburia inulinivorans,Roseburia inulinivorans,roseburia inulinivorans,0.0,0.0,False,zero,27
OnlyFemale,LASSO_LogisticRegression,ThomasAM_2018b,0.03,0.7314814814814815,0.756432202510634,0.5333333333333333,PA_Blautia obeum,PA,Blautia obeum,Blautia obeum,blautia obeum,0.0,0.0,False,zero,28
OnlyFemale,LASSO_LogisticRegression,ThomasAM_2018b,0.03,0.7314814814814815,0.756432202510634,0.5333333333333333,PA_Agathobaculum butyriciproducens,PA,Agathobaculum butyriciproducens,Agathobaculum butyriciproducens,agathobaculum butyriciproducens,0.0,0.0,False,zero,29
OnlyFemale,LASSO_LogisticRegression,ThomasAM_2018b,0.03,0.7314814814814815,0.756432202510634,0.5333333333333333,PA_Bacteroides xylanisolvens,PA,Bacteroides xylanisolvens,Bacteroides xylanisolvens,bacteroides xylanisolvens,0.0,0.0,False,zero,30
OnlyFemale,LASSO_LogisticRegression,ThomasAM_2018b,0.03,0.7314814814814815,0.756432202510634,0.5333333333333333,PA_[Eubacterium] rectale,PA,[Eubacterium] rectale,[Eubacterium] rectale,[eubacterium] rectale,0.0,0.0,False,zero,31
OnlyFemale,LASSO_LogisticRegression,ThomasAM_2018b,0.03,0.7314814814814815,0.756432202510634,0.5333333333333333,PA_Bacteroides ovatus,PA,Bacteroides ovatus,Bacteroides ovatus,bacteroides ovatus,0.0,0.0,False,zero,32
OnlyFemale,LASSO_LogisticRegression,ThomasAM_2018b,0.03,0.7314814814814815,0.756432202510634,0.5333333333333333,PA_Bacteroides thetaiotaomicron,PA,Bacteroides thetaiotaomicron,Bacteroides thetaiotaomicron,bacteroides thetaiotaomicron,0.0,0.0,False,zero,33
OnlyFemale,LASSO_LogisticRegression,ThomasAM_2018b,0.03,0.7314814814814815,0.756432202510634,0.5333333333333333,PA_Eubacterium ramulus,PA,Eubacterium ramulus,Eubacterium ramulus,eubacterium ramulus,0.0,0.0,False,zero,34
OnlyFemale,LASSO_LogisticRegression,ThomasAM_2018b,0.03,0.7314814814814815,0.756432202510634,0.5333333333333333,PA_Streptococcus thermophilus,PA,Streptococcus thermophilus,Streptococcus thermophilus,streptococcus thermophilus,0.0,0.0,False,zero,35
OnlyFemale,LASSO_LogisticRegression,ThomasAM_2018b,0.03,0.7314814814814815,0.756432202510634,0.5333333333333333,PA_Bifidobacterium adolescentis,PA,Bifidobacterium adolescentis,Bifidobacterium adolescentis,bifidobacterium adolescentis,0.0,0.0,False,zero,36
OnlyFemale,LASSO_LogisticRegression,ThomasAM_2018b,0.03,0.7314814814814815,0.756432202510634,0.5333333333333333,PA_Eubacterium sp. CAG:274,PA,Eubacterium sp. CAG:274,Eubacterium sp. CAG:274,eubacterium sp. cag:274,0.0,0.0,False,zero,37
OnlyFemale,LASSO_LogisticRegression,ThomasAM_2018b,0.03,0.7314814814814815,0.756432202510634,0.5333333333333333,PA_Eubacterium ventriosum,PA,Eubacterium ventriosum,Eubacterium ventriosum,eubacterium ventriosum,0.0,0.0,False,zero,38
OnlyFemale,LASSO_LogisticRegression,ThomasAM_2018b,0.03,0.7314814814814815,0.756432202510634,0.5333333333333333,PA_Oscillibacter sp. 57_20,PA,Oscillibacter sp. 57_20,Oscillibacter sp. 57 20,oscillibacter sp. 57 20,0.0,0.0,False,zero,39
OnlyFemale,LASSO_LogisticRegression,ThomasAM_2018b,0.03,0.7314814814814815,0.756432202510634,0.5333333333333333,PA_Roseburia hominis,PA,Roseburia hominis,Roseburia hominis,roseburia hominis,0.0,0.0,False,zero,40
OnlyFemale,LASSO_LogisticRegression,ThomasAM_2018b,0.03,0.7314814814814815,0.756432202510634,0.5333333333333333,PA_Alistipes finegoldii,PA,Alistipes finegoldii,Alistipes finegoldii,alistipes finegoldii,0.0,0.0,False,zero,41
OnlyFemale,LASSO_LogisticRegression,ThomasAM_2018b,0.03,0.7314814814814815,0.756432202510634,0.5333333333333333,PA_Alistipes putredinis,PA,Alistipes putredinis,Alistipes putredinis,alistipes putredinis,0.0,0.0,False,zero,42
OnlyFemale,LASSO_LogisticRegression,ThomasAM_2018b,0.03,0.7314814814814815,0.756432202510634,0.5333333333333333,PA_Veillonella atypica,PA,Veillonella atypica,Veillonella atypica,veillonella atypica,0.0,0.0,False,zero,43
OnlyFemale,LASSO_LogisticRegression,ThomasAM_2018b,0.03,0.7314814814814815,0.756432202510634,0.5333333333333333,PA_Ruminococcus bromii,PA,Ruminococcus bromii,Ruminococcus bromii,ruminococcus bromii,0.0,0.0,False,zero,44
OnlyFemale,LASSO_LogisticRegression,ThomasAM_2018b,0.03,0.7314814814814815,0.756432202510634,0.5333333333333333,PA_Firmicutes bacterium CAG:83,PA,Firmicutes bacterium CAG:83,Firmicutes bacterium CAG:83,firmicutes bacterium cag:83,0.0,0.0,False,zero,45
OnlyFemale,LASSO_LogisticRegression,ThomasAM_2018b,0.03,0.7314814814814815,0.756432202510634,0.5333333333333333,PA_Veillonella parvula,PA,Veillonella parvula,Veillonella parvula,veillonella parvula,0.0,0.0,False,zero,46
OnlyFemale,LASSO_LogisticRegression,ThomasAM_2018b,0.03,0.7314814814814815,0.756432202510634,0.5333333333333333,PA_Lachnospira eligens,PA,Lachnospira eligens,Lachnospira eligens,lachnospira eligens,0.0,0.0,False,zero,47
OnlyFemale,LASSO_LogisticRegression,ThomasAM_2018b,0.03,0.7314814814814815,0.756432202510634,0.5333333333333333,PA_[Ruminococcus] gnavus,PA,[Ruminococcus] gnavus,[Ruminococcus] gnavus,[ruminococcus] gnavus,0.0,0.0,False,zero,48
OnlyFemale,LASSO_LogisticRegression,ThomasAM_2018b,0.03,0.7314814814814815,0.756432202510634,0.5333333333333333,PA_Bacteroides eggerthii,PA,Bacteroides eggerthii,Bacteroides eggerthii,bacteroides eggerthii,0.0,0.0,False,zero,49
OnlyFemale,LASSO_LogisticRegression,ThomasAM_2018b,0.03,0.7314814814814815,0.756432202510634,0.5333333333333333,PA_Roseburia faecis,PA,Roseburia faecis,Roseburia faecis,roseburia faecis,0.0,0.0,False,zero,50
OnlyFemale,LASSO_LogisticRegression,ThomasAM_2018b,0.03,0.7314814814814815,0.756432202510634,0.5333333333333333,PA_Phocaeicola coprocola,PA,Phocaeicola coprocola,Phocaeicola coprocola,phocaeicola coprocola,0.0,0.0,False,zero,51
OnlyFemale,LASSO_LogisticRegression,ThomasAM_2018b,0.03,0.7314814814814815,0.756432202510634,0.5333333333333333,PA_Adlercreutzia equolifaciens,PA,Adlercreutzia equolifaciens,Adlercreutzia equolifaciens,adlercreutzia equolifaciens,0.0,0.0,False,zero,52
OnlyFemale,LASSO_LogisticRegression,ThomasAM_2018b,0.03,0.7314814814814815,0.756432202510634,0.5333333333333333,PA_Gordonibacter pamelaeae,PA,Gordonibacter pamelaeae,Gordonibacter pamelaeae,gordonibacter pamelaeae,0.0,0.0,False,zero,53
OnlyFemale,LASSO_LogisticRegression,ThomasAM_2018b,0.03,0.7314814814814815,0.756432202510634,0.5333333333333333,PA_Eubacterium sp. CAG:180,PA,Eubacterium sp. CAG:180,Eubacterium sp. CAG:180,eubacterium sp. cag:180,0.0,0.0,False,zero,54
OnlyFemale,LASSO_LogisticRegression,ThomasAM_2018b,0.03,0.7314814814814815,0.756432202510634,0.5333333333333333,PA_Parabacteroides merdae,PA,Parabacteroides merdae,Parabacteroides merdae,parabacteroides merdae,0.0,0.0,False,zero,55
OnlyFemale,LASSO_LogisticRegression,ThomasAM_2018b,0.03,0.7314814814814815,0.756432202510634,0.5333333333333333,PA_Phocaeicola dorei,PA,Phocaeicola dorei,Phocaeicola dorei,phocaeicola dorei,0.0,0.0,False,zero,56
OnlyFemale,LASSO_LogisticRegression,ThomasAM_2018b,0.03,0.7314814814814815,0.756432202510634,0.5333333333333333,PA_[Eubacterium] siraeum,PA,[Eubacterium] siraeum,[Eubacterium] siraeum,[eubacterium] siraeum,0.0,0.0,False,zero,57
OnlyFemale,LASSO_LogisticRegression,ThomasAM_2018b,0.03,0.7314814814814815,0.756432202510634,0.5333333333333333,PA_Barnesiella intestinihominis,PA,Barnesiella intestinihominis,Barnesiella intestinihominis,barnesiella intestinihominis,0.0,0.0,False,zero,58
OnlyFemale,LASSO_LogisticRegression,ThomasAM_2018b,0.03,0.7314814814814815,0.756432202510634,0.5333333333333333,PA_Methanobrevibacter smithii,PA,Methanobrevibacter smithii,Methanobrevibacter smithii,methanobrevibacter smithii,0.0,0.0,False,zero,59
OnlyFemale,LASSO_LogisticRegression,ThomasAM_2018b,0.03,0.7314814814814815,0.756432202510634,0.5333333333333333,PA_Firmicutes bacterium CAG:145,PA,Firmicutes bacterium CAG:145,Firmicutes bacterium CAG:145,firmicutes bacterium cag:145,0.0,0.0,False,zero,60
OnlyFemale,LASSO_LogisticRegression,ThomasAM_2018b,0.03,0.7314814814814815,0.756432202510634,0.5333333333333333,PA_Bacteroides cellulosilyticus,PA,Bacteroides cellulosilyticus,Bacteroides cellulosilyticus,bacteroides cellulosilyticus,0.0,0.0,False,zero,61
OnlyFemale,LASSO_LogisticRegression,ThomasAM_2018b,0.03,0.7314814814814815,0.756432202510634,0.5333333333333333,PA_Adlercreutzia equolifaciens_1,PA,Adlercreutzia equolifaciens_1,Adlercreutzia equolifaciens 1,adlercreutzia equolifaciens 1,0.0,0.0,False,zero,62
OnlyFemale,LASSO_LogisticRegression,ThomasAM_2018b,0.03,0.7314814814814815,0.756432202510634,0.5333333333333333,PA_Ruminococcus bicirculans,PA,Ruminococcus bicirculans,Ruminococcus bicirculans,ruminococcus bicirculans,0.0,0.0,False,zero,63
OnlyFemale,LASSO_LogisticRegression,ThomasAM_2018b,0.03,0.7314814814814815,0.756432202510634,0.5333333333333333,PA_Firmicutes bacterium CAG:110,PA,Firmicutes bacterium CAG:110,Firmicutes bacterium CAG:110,firmicutes bacterium cag:110,0.0,0.0,False,zero,64
OnlyFemale,LASSO_LogisticRegression,ThomasAM_2018b,0.03,0.7314814814814815,0.756432202510634,0.5333333333333333,PA_Parabacteroides distasonis,PA,Parabacteroides distasonis,Parabacteroides distasonis,parabacteroides distasonis,0.0,0.0,False,zero,65
OnlyFemale,LASSO_LogisticRegression,ThomasAM_2018b,0.03,0.7314814814814815,0.756432202510634,0.5333333333333333,PA_Ruthenibacterium lactatiformans,PA,Ruthenibacterium lactatiformans,Ruthenibacterium lactatiformans,ruthenibacterium lactatiformans,0.0,0.0,False,zero,66
OnlyFemale,LASSO_LogisticRegression,ThomasAM_2018b,0.03,0.7314814814814815,0.756432202510634,0.5333333333333333,PA_Odoribacter splanchnicus,PA,Odoribacter splanchnicus,Odoribacter splanchnicus,odoribacter splanchnicus,0.0,0.0,False,zero,67
OnlyFemale,LASSO_LogisticRegression,ThomasAM_2018b,0.03,0.7314814814814815,0.756432202510634,0.5333333333333333,PA_Oscillibacter sp. CAG:241,PA,Oscillibacter sp. CAG:241,Oscillibacter sp. CAG:241,oscillibacter sp. cag:241,0.0,0.0,False,zero,68
OnlyFemale,LASSO_LogisticRegression,ThomasAM_2018b,0.03,0.7314814814814815,0.756432202510634,0.5333333333333333,PA_Alistipes shahii,PA,Alistipes shahii,Alistipes shahii,alistipes shahii,0.0,0.0,False,zero,69
OnlyFemale,LASSO_LogisticRegression,ThomasAM_2018b,0.03,0.7314814814814815,0.756432202510634,0.5333333333333333,PA_Eggerthella lenta,PA,Eggerthella lenta,Eggerthella lenta,eggerthella lenta,0.0,0.0,False,zero,70
OnlyFemale,LASSO_LogisticRegression,ThomasAM_2018b,0.03,0.7314814814814815,0.756432202510634,0.5333333333333333,PA_Escherichia coli,PA,Escherichia coli,Escherichia coli,escherichia coli,0.0,0.0,False,zero,71
OnlyFemale,LASSO_LogisticRegression,ThomasAM_2018b,0.03,0.7314814814814815,0.756432202510634,0.5333333333333333,PA_Butyricimonas virosa,PA,Butyricimonas virosa,Butyricimonas virosa,butyricimonas virosa,0.0,0.0,False,zero,72
OnlyFemale,LASSO_LogisticRegression,ThomasAM_2018b,0.03,0.7314814814814815,0.756432202510634,0.5333333333333333,PA_Bacteroides sp. CAG:144,PA,Bacteroides sp. CAG:144,Bacteroides sp. CAG:144,bacteroides sp. cag:144,0.0,0.0,False,zero,73
OnlyFemale,LASSO_LogisticRegression,ThomasAM_2018b,0.03,0.7314814814814815,0.756432202510634,0.5333333333333333,PA_Intestinibacter bartlettii,PA,Intestinibacter bartlettii,Intestinibacter bartlettii,intestinibacter bartlettii,0.0,0.0,False,zero,74
OnlyFemale,LASSO_LogisticRegression,ThomasAM_2018b,0.03,0.7314814814814815,0.756432202510634,0.5333333333333333,PA_Erysipelatoclostridium ramosum,PA,Erysipelatoclostridium ramosum,Erysipelatoclostridium ramosum,erysipelatoclostridium ramosum,0.0,0.0,False,zero,75
OnlyFemale,LASSO_LogisticRegression,ThomasAM_2018b,0.03,0.7314814814814815,0.756432202510634,0.5333333333333333,PA_Slackia isoflavoniconvertens,PA,Slackia isoflavoniconvertens,Slackia isoflavoniconvertens,slackia isoflavoniconvertens,0.0,0.0,False,zero,76
OnlyFemale,LASSO_LogisticRegression,ThomasAM_2018b,0.03,0.7314814814814815,0.756432202510634,0.5333333333333333,PA_Clostridium sp. CAG:58,PA,Clostridium sp. CAG:58,Clostridium sp. CAG:58,clostridium sp. cag:58,0.0,0.0,False,zero,77
OnlyFemale,LASSO_LogisticRegression,ThomasAM_2018b,0.03,0.7314814814814815,0.756432202510634,0.5333333333333333,PA_Akkermansia muciniphila,PA,Akkermansia muciniphila,Akkermansia muciniphila,akkermansia muciniphila,0.0,0.0,False,zero,78
OnlyFemale,LASSO_LogisticRegression,ThomasAM_2018b,0.03,0.7314814814814815,0.756432202510634,0.5333333333333333,PA_Bacteroides intestinalis,PA,Bacteroides intestinalis,Bacteroides intestinalis,bacteroides intestinalis,0.0,0.0,False,zero,79
OnlyFemale,LASSO_LogisticRegression,ThomasAM_2018b,0.03,0.7314814814814815,0.756432202510634,0.5333333333333333,PA_Bifidobacterium pseudocatenulatum,PA,Bifidobacterium pseudocatenulatum,Bifidobacterium pseudocatenulatum,bifidobacterium pseudocatenulatum,0.0,0.0,False,zero,80
OnlyFemale,LASSO_LogisticRegression,ThomasAM_2018b,0.03,0.7314814814814815,0.756432202510634,0.5333333333333333,PA_Eubacterium sp. CAG:38,PA,Eubacterium sp. CAG:38,Eubacterium sp. CAG:38,eubacterium sp. cag:38,0.0,0.0,False,zero,81
OnlyFemale,LASSO_LogisticRegression,ThomasAM_2018b,0.03,0.7314814814814815,0.756432202510634,0.5333333333333333,PA_Bacteroides fragilis,PA,Bacteroides fragilis,Bacteroides fragilis,bacteroides fragilis,0.0,0.0,False,zero,82
OnlyFemale,LASSO_LogisticRegression,ThomasAM_2018b,0.03,0.7314814814814815,0.756432202510634,0.5333333333333333,PA_Dorea formicigenerans,PA,Dorea formicigenerans,Dorea formicigenerans,dorea formicigenerans,0.0,0.0,False,zero,83
OnlyFemale,LASSO_LogisticRegression,ThomasAM_2018b,0.03,0.7314814814814815,0.756432202510634,0.5333333333333333,PA_Streptococcus parasanguinis,PA,Streptococcus parasanguinis,Streptococcus parasanguinis,streptococcus parasanguinis,0.0,0.0,False,zero,84
OnlyFemale,LASSO_LogisticRegression,ThomasAM_2018b,0.03,0.7314814814814815,0.756432202510634,0.5333333333333333,PA_Coprococcus eutactus,PA,Coprococcus eutactus,Coprococcus eutactus,coprococcus eutactus,0.0,0.0,False,zero,85
OnlyFemale,LASSO_LogisticRegression,ThomasAM_2018b,0.03,0.7314814814814815,0.756432202510634,0.5333333333333333,PA_[Ruminococcus] lactaris,PA,[Ruminococcus] lactaris,[Ruminococcus] lactaris,[ruminococcus] lactaris,0.0,0.0,False,zero,86
OnlyFemale,LASSO_LogisticRegression,ThomasAM_2018b,0.03,0.7314814814814815,0.756432202510634,0.5333333333333333,PA_Phocaeicola plebeius,PA,Phocaeicola plebeius,Phocaeicola plebeius,phocaeicola plebeius,0.0,0.0,False,zero,87
OnlyFemale,LASSO_LogisticRegression,ThomasAM_2018b,0.03,0.7314814814814815,0.756432202510634,0.5333333333333333,PA_Lawsonibacter asaccharolyticus,PA,Lawsonibacter asaccharolyticus,Lawsonibacter asaccharolyticus,lawsonibacter asaccharolyticus,0.0,0.0,False,zero,88
OnlyFemale,LASSO_LogisticRegression,ThomasAM_2018b,0.03,0.7314814814814815,0.756432202510634,0.5333333333333333,PA_Proteobacteria bacterium CAG:139,PA,Proteobacteria bacterium CAG:139,Proteobacteria bacterium CAG:139,proteobacteria bacterium cag:139,0.0,0.0,False,zero,89
OnlyFemale,LASSO_LogisticRegression,ThomasAM_2018b,0.03,0.7314814814814815,0.756432202510634,0.5333333333333333,PA_Parasutterella excrementihominis,PA,Parasutterella excrementihominis,Parasutterella excrementihominis,parasutterella excrementihominis,0.0,0.0,False,zero,90
OnlyFemale,LASSO_LogisticRegression,ThomasAM_2018b,0.03,0.7314814814814815,0.756432202510634,0.5333333333333333,PA_Blautia sp. CAG:257,PA,Blautia sp. CAG:257,Blautia sp. CAG:257,blautia sp. cag:257,0.0,0.0,False,zero,91
OnlyFemale,LASSO_LogisticRegression,ThomasAM_2018b,0.03,0.7314814814814815,0.756432202510634,0.5333333333333333,PA_Bifidobacterium bifidum,PA,Bifidobacterium bifidum,Bifidobacterium bifidum,bifidobacterium bifidum,0.0,0.0,False,zero,92
OnlyFemale,LASSO_LogisticRegression,ThomasAM_2018b,0.03,0.7314814814814815,0.756432202510634,0.5333333333333333,PA_Enterocloster bolteae,PA,Enterocloster bolteae,Enterocloster bolteae,enterocloster bolteae,0.0,0.0,False,zero,93
OnlyFemale,LASSO_LogisticRegression,ThomasAM_2018b,0.03,0.7314814814814815,0.756432202510634,0.5333333333333333,PA_Dialister invisus,PA,Dialister invisus,Dialister invisus,dialister invisus,0.0,0.0,False,zero,94
OnlyFemale,LASSO_LogisticRegression,ThomasAM_2018b,0.03,0.7314814814814815,0.756432202510634,0.5333333333333333,PA_Coprobacter fastidiosus,PA,Coprobacter fastidiosus,Coprobacter fastidiosus,coprobacter fastidiosus,0.0,0.0,False,zero,95
OnlyFemale,LASSO_LogisticRegression,ThomasAM_2018b,0.03,0.7314814814814815,0.756432202510634,0.5333333333333333,PA_Lachnospira pectinoschiza,PA,Lachnospira pectinoschiza,Lachnospira pectinoschiza,lachnospira pectinoschiza,0.0,0.0,False,zero,96
OnlyFemale,LASSO_LogisticRegression,ThomasAM_2018b,0.03,0.7314814814814815,0.756432202510634,0.5333333333333333,PA_Prevotella copri,PA,Prevotella copri,Prevotella copri,prevotella copri,0.0,0.0,False,zero,97
OnlyFemale,LASSO_LogisticRegression,ThomasAM_2018b,0.03,0.7314814814814815,0.756432202510634,0.5333333333333333,PA_Phocaeicola massiliensis,PA,Phocaeicola massiliensis,Phocaeicola massiliensis,phocaeicola massiliensis,0.0,0.0,False,zero,98
OnlyFemale,LASSO_LogisticRegression,ThomasAM_2018b,0.03,0.7314814814814815,0.756432202510634,0.5333333333333333,PA_Megamonas funiformis,PA,Megamonas funiformis,Megamonas funiformis,megamonas funiformis,0.0,0.0,False,zero,99
OnlyFemale,LASSO_LogisticRegression,ThomasAM_2018b,0.03,0.7314814814814815,0.756432202510634,0.5333333333333333,PA_Phascolarctobacterium faecium,PA,Phascolarctobacterium faecium,Phascolarctobacterium faecium,phascolarctobacterium faecium,0.0,0.0,False,zero,100
OnlyFemale,LASSO_LogisticRegression,ThomasAM_2018b,0.03,0.7314814814814815,0.756432202510634,0.5333333333333333,PA_Acidaminococcus intestini,PA,Acidaminococcus intestini,Acidaminococcus intestini,acidaminococcus intestini,0.0,0.0,False,zero,101
OnlyFemale,LASSO_LogisticRegression,ThomasAM_2018b,0.03,0.7314814814814815,0.756432202510634,0.5333333333333333,PA_Bacteroides finegoldii,PA,Bacteroides finegoldii,Bacteroides finegoldii,bacteroides finegoldii,0.0,0.0,False,zero,102
OnlyFemale,LASSO_LogisticRegression,ThomasAM_2018b,0.03,0.7314814814814815,0.756432202510634,0.5333333333333333,PA_Alistipes inops,PA,Alistipes inops,Alistipes inops,alistipes inops,0.0,0.0,False,zero,103
OnlyFemale,LASSO_LogisticRegression,ThomasAM_2018b,0.03,0.7314814814814815,0.756432202510634,0.5333333333333333,PA_Bacteroides salyersiae,PA,Bacteroides salyersiae,Bacteroides salyersiae,bacteroides salyersiae,0.0,0.0,False,zero,104
OnlyFemale,LASSO_LogisticRegression,ThomasAM_2018b,0.03,0.7314814814814815,0.756432202510634,0.5333333333333333,PA_Anaerotignum lactatifermentans,PA,Anaerotignum lactatifermentans,Anaerotignum lactatifermentans,anaerotignum lactatifermentans,0.0,0.0,False,zero,105
OnlyFemale,LASSO_LogisticRegression,ThomasAM_2018b,0.03,0.7314814814814815,0.756432202510634,0.5333333333333333,PA_Klebsiella variicola,PA,Klebsiella variicola,Klebsiella variicola,klebsiella variicola,0.0,0.0,False,zero,106
OnlyFemale,LASSO_LogisticRegression,ThomasAM_2018b,0.03,0.7314814814814815,0.756432202510634,0.5333333333333333,PA_Klebsiella pneumoniae,PA,Klebsiella pneumoniae,Klebsiella pneumoniae,klebsiella pneumoniae,0.0,0.0,False,zero,107
OnlyFemale,LASSO_LogisticRegression,ThomasAM_2018b,0.03,0.7314814814814815,0.756432202510634,0.5333333333333333,PA_Klebsiella quasipneumoniae,PA,Klebsiella quasipneumoniae,Klebsiella quasipneumoniae,klebsiella quasipneumoniae,0.0,0.0,False,zero,108
OnlyFemale,LASSO_LogisticRegression,ThomasAM_2018b,0.03,0.7314814814814815,0.756432202510634,0.5333333333333333,rCLR_Faecalibacterium prausnitzii,rCLR,Faecalibacterium prausnitzii,Faecalibacterium prausnitzii,faecalibacterium prausnitzii,0.0,0.0,False,zero,109
OnlyFemale,LASSO_LogisticRegression,ThomasAM_2018b,0.03,0.7314814814814815,0.756432202510634,0.5333333333333333,rCLR_Streptococcus salivarius,rCLR,Streptococcus salivarius,Streptococcus salivarius,streptococcus salivarius,0.0,0.0,False,zero,110
OnlyFemale,LASSO_LogisticRegression,ThomasAM_2018b,0.03,0.7314814814814815,0.756432202510634,0.5333333333333333,rCLR_Bacteroides stercoris,rCLR,Bacteroides stercoris,Bacteroides stercoris,bacteroides stercoris,0.0,0.0,False,zero,111
OnlyFemale,LASSO_LogisticRegression,ThomasAM_2018b,0.03,0.7314814814814815,0.756432202510634,0.5333333333333333,rCLR_Collinsella aerofaciens,rCLR,Collinsella aerofaciens,Collinsella aerofaciens,collinsella aerofaciens,0.0,0.0,False,zero,112
OnlyFemale,LASSO_LogisticRegression,ThomasAM_2018b,0.03,0.7314814814814815,0.756432202510634,0.5333333333333333,rCLR_Bifidobacterium longum,rCLR,Bifidobacterium longum,Bifidobacterium longum,bifidobacterium longum,0.0,0.0,False,zero,113
OnlyFemale,LASSO_LogisticRegression,ThomasAM_2018b,0.03,0.7314814814814815,0.756432202510634,0.5333333333333333,rCLR_Phocaeicola plebeius,rCLR,Phocaeicola plebeius,Phocaeicola plebeius,phocaeicola plebeius,0.0,0.0,False,zero,114
OnlyFemale,LASSO_LogisticRegression,ThomasAM_2018b,0.03,0.7314814814814815,0.756432202510634,0.5333333333333333,rCLR_Phocaeicola vulgatus,rCLR,Phocaeicola vulgatus,Phocaeicola vulgatus,phocaeicola vulgatus,0.0,0.0,False,zero,115
OnlyFemale,LASSO_LogisticRegression,ThomasAM_2018b,0.03,0.7314814814814815,0.756432202510634,0.5333333333333333,rCLR_Dorea longicatena,rCLR,Dorea longicatena,Dorea longicatena,dorea longicatena,0.0,0.0,False,zero,116
OnlyFemale,LASSO_LogisticRegression,ThomasAM_2018b,0.03,0.7314814814814815,0.756432202510634,0.5333333333333333,rCLR_Eubacterium sp. CAG:251,rCLR,Eubacterium sp. CAG:251,Eubacterium sp. CAG:251,eubacterium sp. cag:251,0.0,0.0,False,zero,117
OnlyFemale,LASSO_LogisticRegression,ThomasAM_2018b,0.03,0.7314814814814815,0.756432202510634,0.5333333333333333,PA_Bacteroides caccae,PA,Bacteroides caccae,Bacteroides caccae,bacteroides caccae,0.0,0.0,False,zero,118
OnlyFemale,LASSO_LogisticRegression,ThomasAM_2018b,0.03,0.7314814814814815,0.756432202510634,0.5333333333333333,PA_Paraprevotella xylaniphila,PA,Paraprevotella xylaniphila,Paraprevotella xylaniphila,paraprevotella xylaniphila,0.0,0.0,False,zero,119
OnlyFemale,LASSO_LogisticRegression,ThomasAM_2018b,0.03,0.7314814814814815,0.756432202510634,0.5333333333333333,rCLR_Coprococcus comes,rCLR,Coprococcus comes,Coprococcus comes,coprococcus comes,0.0,0.0,False,zero,120
OnlyFemale,LASSO_LogisticRegression,ThomasAM_2018b,0.03,0.7314814814814815,0.756432202510634,0.5333333333333333,rCLR_[Ruminococcus] torques,rCLR,[Ruminococcus] torques,[Ruminococcus] torques,[ruminococcus] torques,0.0,0.0,False,zero,121
OnlyFemale,LASSO_LogisticRegression,ThomasAM_2018b,0.03,0.7314814814814815,0.756432202510634,0.5333333333333333,rCLR_Holdemanella biformis,rCLR,Holdemanella biformis,Holdemanella biformis,holdemanella biformis,0.0,0.0,False,zero,122
OnlyFemale,LASSO_LogisticRegression,ThomasAM_2018b,0.03,0.7314814814814815,0.756432202510634,0.5333333333333333,rCLR_Anaerobutyricum hallii,rCLR,Anaerobutyricum hallii,Anaerobutyricum hallii,anaerobutyricum hallii,0.0,0.0,False,zero,123
OnlyFemale,LASSO_LogisticRegression,ThomasAM_2018b,0.03,0.7314814814814815,0.756432202510634,0.5333333333333333,rCLR_Bacteroides uniformis,rCLR,Bacteroides uniformis,Bacteroides uniformis,bacteroides uniformis,0.0,0.0,False,zero,124
OnlyFemale,LASSO_LogisticRegression,ThomasAM_2018b,0.03,0.7314814814814815,0.756432202510634,0.5333333333333333,rCLR_Blautia wexlerae,rCLR,Blautia wexlerae,Blautia wexlerae,blautia wexlerae,0.0,0.0,False,zero,125
OnlyFemale,LASSO_LogisticRegression,ThomasAM_2018b,0.03,0.7314814814814815,0.756432202510634,0.5333333333333333,rCLR_Gemmiger formicilis,rCLR,Gemmiger formicilis,Gemmiger formicilis,gemmiger formicilis,0.0,0.0,False,zero,126
OnlyFemale,LASSO_LogisticRegression,ThomasAM_2018b,0.03,0.7314814814814815,0.756432202510634,0.5333333333333333,rCLR_Streptococcus parasanguinis,rCLR,Streptococcus parasanguinis,Streptococcus parasanguinis,streptococcus parasanguinis,0.0,0.0,False,zero,127
OnlyFemale,LASSO_LogisticRegression,ThomasAM_2018b,0.03,0.7314814814814815,0.756432202510634,0.5333333333333333,rCLR_Coprococcus eutactus,rCLR,Coprococcus eutactus,Coprococcus eutactus,coprococcus eutactus,0.0,0.0,False,zero,128
OnlyFemale,LASSO_LogisticRegression,ThomasAM_2018b,0.03,0.7314814814814815,0.756432202510634,0.5333333333333333,rCLR_[Ruminococcus] lactaris,rCLR,[Ruminococcus] lactaris,[Ruminococcus] lactaris,[ruminococcus] lactaris,0.0,0.0,False,zero,129
OnlyFemale,LASSO_LogisticRegression,ThomasAM_2018b,0.03,0.7314814814814815,0.756432202510634,0.5333333333333333,rCLR_Coprococcus catus,rCLR,Coprococcus catus,Coprococcus catus,coprococcus catus,0.0,0.0,False,zero,130
OnlyFemale,LASSO_LogisticRegression,ThomasAM_2018b,0.03,0.7314814814814815,0.756432202510634,0.5333333333333333,rCLR_Roseburia intestinalis,rCLR,Roseburia intestinalis,Roseburia intestinalis,roseburia intestinalis,0.0,0.0,False,zero,131
OnlyFemale,LASSO_LogisticRegression,ThomasAM_2018b,0.03,0.7314814814814815,0.756432202510634,0.5333333333333333,rCLR_Roseburia inulinivorans,rCLR,Roseburia inulinivorans,Roseburia inulinivorans,roseburia inulinivorans,0.0,0.0,False,zero,132
OnlyFemale,LASSO_LogisticRegression,ThomasAM_2018b,0.03,0.7314814814814815,0.756432202510634,0.5333333333333333,rCLR_Phascolarctobacterium succinatutens,rCLR,Phascolarctobacterium succinatutens,Phascolarctobacterium succinatutens,phascolarctobacterium succinatutens,0.0,0.0,False,zero,133
OnlyFemale,LASSO_LogisticRegression,ThomasAM_2018b,0.03,0.7314814814814815,0.756432202510634,0.5333333333333333,rCLR_[Eubacterium] rectale,rCLR,[Eubacterium] rectale,[Eubacterium] rectale,[eubacterium] rectale,0.0,0.0,False,zero,134
OnlyFemale,LASSO_LogisticRegression,ThomasAM_2018b,0.03,0.7314814814814815,0.756432202510634,0.5333333333333333,rCLR_Blautia obeum,rCLR,Blautia obeum,Blautia obeum,blautia obeum,0.0,0.0,False,zero,135
OnlyFemale,LASSO_LogisticRegression,ThomasAM_2018b,0.03,0.7314814814814815,0.756432202510634,0.5333333333333333,rCLR_Agathobaculum butyriciproducens,rCLR,Agathobaculum butyriciproducens,Agathobaculum butyriciproducens,agathobaculum butyriciproducens,0.0,0.0,False,zero,136
OnlyFemale,LASSO_LogisticRegression,ThomasAM_2018b,0.03,0.7314814814814815,0.756432202510634,0.5333333333333333,rCLR_Bacteroides xylanisolvens,rCLR,Bacteroides xylanisolvens,Bacteroides xylanisolvens,bacteroides xylanisolvens,0.0,0.0,False,zero,137
OnlyFemale,LASSO_LogisticRegression,ThomasAM_2018b,0.03,0.7314814814814815,0.756432202510634,0.5333333333333333,rCLR_Bacteroides ovatus,rCLR,Bacteroides ovatus,Bacteroides ovatus,bacteroides ovatus,0.0,0.0,False,zero,138
OnlyFemale,LASSO_LogisticRegression,ThomasAM_2018b,0.03,0.7314814814814815,0.756432202510634,0.5333333333333333,rCLR_Bacteroides thetaiotaomicron,rCLR,Bacteroides thetaiotaomicron,Bacteroides thetaiotaomicron,bacteroides thetaiotaomicron,0.0,0.0,False,zero,139
OnlyFemale,LASSO_LogisticRegression,ThomasAM_2018b,0.03,0.7314814814814815,0.756432202510634,0.5333333333333333,rCLR_Streptococcus thermophilus,rCLR,Streptococcus thermophilus,Streptococcus thermophilus,streptococcus thermophilus,0.0,0.0,False,zero,140
OnlyFemale,LASSO_LogisticRegression,ThomasAM_2018b,0.03,0.7314814814814815,0.756432202510634,0.5333333333333333,rCLR_Eubacterium ramulus,rCLR,Eubacterium ramulus,Eubacterium ramulus,eubacterium ramulus,0.0,0.0,False,zero,141
OnlyFemale,LASSO_LogisticRegression,ThomasAM_2018b,0.03,0.7314814814814815,0.756432202510634,0.5333333333333333,rCLR_Bifidobacterium adolescentis,rCLR,Bifidobacterium adolescentis,Bifidobacterium adolescentis,bifidobacterium adolescentis,0.0,0.0,False,zero,142
OnlyFemale,LASSO_LogisticRegression,ThomasAM_2018b,0.03,0.7314814814814815,0.756432202510634,0.5333333333333333,rCLR_Eubacterium sp. CAG:274,rCLR,Eubacterium sp. CAG:274,Eubacterium sp. CAG:274,eubacterium sp. cag:274,0.0,0.0,False,zero,143
OnlyFemale,LASSO_LogisticRegression,ThomasAM_2018b,0.03,0.7314814814814815,0.756432202510634,0.5333333333333333,rCLR_Eubacterium ventriosum,rCLR,Eubacterium ventriosum,Eubacterium ventriosum,eubacterium ventriosum,0.0,0.0,False,zero,144
OnlyFemale,LASSO_LogisticRegression,ThomasAM_2018b,0.03,0.7314814814814815,0.756432202510634,0.5333333333333333,rCLR_Flavonifractor plautii,rCLR,Flavonifractor plautii,Flavonifractor plautii,flavonifractor plautii,0.0,0.0,False,zero,145
OnlyFemale,LASSO_LogisticRegression,ThomasAM_2018b,0.03,0.7314814814814815,0.756432202510634,0.5333333333333333,rCLR_Oscillibacter sp. 57_20,rCLR,Oscillibacter sp. 57_20,Oscillibacter sp. 57 20,oscillibacter sp. 57 20,0.0,0.0,False,zero,146
OnlyFemale,LASSO_LogisticRegression,ThomasAM_2018b,0.03,0.7314814814814815,0.756432202510634,0.5333333333333333,rCLR_Roseburia hominis,rCLR,Roseburia hominis,Roseburia hominis,roseburia hominis,0.0,0.0,False,zero,147
OnlyFemale,LASSO_LogisticRegression,ThomasAM_2018b,0.03,0.7314814814814815,0.756432202510634,0.5333333333333333,rCLR_Alistipes finegoldii,rCLR,Alistipes finegoldii,Alistipes finegoldii,alistipes finegoldii,0.0,0.0,False,zero,148
OnlyFemale,LASSO_LogisticRegression,ThomasAM_2018b,0.03,0.7314814814814815,0.756432202510634,0.5333333333333333,rCLR_Alistipes putredinis,rCLR,Alistipes putredinis,Alistipes putredinis,alistipes putredinis,0.0,0.0,False,zero,149
OnlyFemale,LASSO_LogisticRegression,ThomasAM_2018b,0.03,0.7314814814814815,0.756432202510634,0.5333333333333333,rCLR_Fusicatenibacter saccharivorans,rCLR,Fusicatenibacter saccharivorans,Fusicatenibacter saccharivorans,fusicatenibacter saccharivorans,0.0,0.0,False,zero,150
OnlyFemale,LASSO_LogisticRegression,ThomasAM_2018b,0.03,0.7314814814814815,0.756432202510634,0.5333333333333333,PA_Desulfovibrio piger,PA,Desulfovibrio piger,Desulfovibrio piger,desulfovibrio piger,0.0,0.0,False,zero,151
OnlyFemale,LASSO_LogisticRegression,ThomasAM_2018b,0.03,0.7314814814814815,0.756432202510634,0.5333333333333333,rCLR_Ruminococcus bromii,rCLR,Ruminococcus bromii,Ruminococcus bromii,ruminococcus bromii,0.0,0.0,False,zero,152
OnlyFemale,LASSO_LogisticRegression,ThomasAM_2018b,0.03,0.7314814814814815,0.756432202510634,0.5333333333333333,rCLR_Veillonella atypica,rCLR,Veillonella atypica,Veillonella atypica,veillonella atypica,0.0,0.0,False,zero,153
OnlyFemale,LASSO_LogisticRegression,ThomasAM_2018b,0.03,0.7314814814814815,0.756432202510634,0.5333333333333333,rCLR_Lachnospira eligens,rCLR,Lachnospira eligens,Lachnospira eligens,lachnospira eligens,0.0,0.0,False,zero,154
OnlyFemale,LASSO_LogisticRegression,ThomasAM_2018b,0.03,0.7314814814814815,0.756432202510634,0.5333333333333333,rCLR_Firmicutes bacterium CAG:83,rCLR,Firmicutes bacterium CAG:83,Firmicutes bacterium CAG:83,firmicutes bacterium cag:83,0.0,0.0,False,zero,155
OnlyFemale,LASSO_LogisticRegression,ThomasAM_2018b,0.03,0.7314814814814815,0.756432202510634,0.5333333333333333,rCLR_Bacteroides eggerthii,rCLR,Bacteroides eggerthii,Bacteroides eggerthii,bacteroides eggerthii,0.0,0.0,False,zero,156
OnlyFemale,LASSO_LogisticRegression,ThomasAM_2018b,0.03,0.7314814814814815,0.756432202510634,0.5333333333333333,rCLR_Roseburia faecis,rCLR,Roseburia faecis,Roseburia faecis,roseburia faecis,0.0,0.0,False,zero,157
OnlyFemale,LASSO_LogisticRegression,ThomasAM_2018b,0.03,0.7314814814814815,0.756432202510634,0.5333333333333333,rCLR_Phocaeicola coprocola,rCLR,Phocaeicola coprocola,Phocaeicola coprocola,phocaeicola coprocola,0.0,0.0,False,zero,158
OnlyFemale,LASSO_LogisticRegression,ThomasAM_2018b,0.03,0.7314814814814815,0.756432202510634,0.5333333333333333,rCLR_Veillonella parvula,rCLR,Veillonella parvula,Veillonella parvula,veillonella parvula,0.0,0.0,False,zero,159
OnlyFemale,LASSO_LogisticRegression,ThomasAM_2018b,0.03,0.7314814814814815,0.756432202510634,0.5333333333333333,rCLR_Gordonibacter pamelaeae,rCLR,Gordonibacter pamelaeae,Gordonibacter pamelaeae,gordonibacter pamelaeae,0.0,0.0,False,zero,160
OnlyFemale,LASSO_LogisticRegression,ThomasAM_2018b,0.03,0.7314814814814815,0.756432202510634,0.5333333333333333,rCLR_Eubacterium sp. CAG:180,rCLR,Eubacterium sp. CAG:180,Eubacterium sp. CAG:180,eubacterium sp. cag:180,0.0,0.0,False,zero,161
OnlyFemale,LASSO_LogisticRegression,ThomasAM_2018b,0.03,0.7314814814814815,0.756432202510634,0.5333333333333333,rCLR_Parabacteroides merdae,rCLR,Parabacteroides merdae,Parabacteroides merdae,parabacteroides merdae,0.0,0.0,False,zero,162
OnlyFemale,LASSO_LogisticRegression,ThomasAM_2018b,0.03,0.7314814814814815,0.756432202510634,0.5333333333333333,rCLR_Phocaeicola dorei,rCLR,Phocaeicola dorei,Phocaeicola dorei,phocaeicola dorei,0.0,0.0,False,zero,163
OnlyFemale,LASSO_LogisticRegression,ThomasAM_2018b,0.03,0.7314814814814815,0.756432202510634,0.5333333333333333,rCLR_[Eubacterium] siraeum,rCLR,[Eubacterium] siraeum,[Eubacterium] siraeum,[eubacterium] siraeum,0.0,0.0,False,zero,164
OnlyFemale,LASSO_LogisticRegression,ThomasAM_2018b,0.03,0.7314814814814815,0.756432202510634,0.5333333333333333,rCLR_Barnesiella intestinihominis,rCLR,Barnesiella intestinihominis,Barnesiella intestinihominis,barnesiella intestinihominis,0.0,0.0,False,zero,165
OnlyFemale,LASSO_LogisticRegression,ThomasAM_2018b,0.03,0.7314814814814815,0.756432202510634,0.5333333333333333,rCLR_Methanobrevibacter smithii,rCLR,Methanobrevibacter smithii,Methanobrevibacter smithii,methanobrevibacter smithii,0.0,0.0,False,zero,166
OnlyFemale,LASSO_LogisticRegression,ThomasAM_2018b,0.03,0.7314814814814815,0.756432202510634,0.5333333333333333,rCLR_[Ruminococcus] gnavus,rCLR,[Ruminococcus] gnavus,[Ruminococcus] gnavus,[ruminococcus] gnavus,0.0,0.0,False,zero,167
OnlyFemale,LASSO_LogisticRegression,ThomasAM_2018b,0.03,0.7314814814814815,0.756432202510634,0.5333333333333333,rCLR_Firmicutes bacterium CAG:145,rCLR,Firmicutes bacterium CAG:145,Firmicutes bacterium CAG:145,firmicutes bacterium cag:145,0.0,0.0,False,zero,168
OnlyFemale,LASSO_LogisticRegression,ThomasAM_2018b,0.03,0.7314814814814815,0.756432202510634,0.5333333333333333,rCLR_Bacteroides cellulosilyticus,rCLR,Bacteroides cellulosilyticus,Bacteroides cellulosilyticus,bacteroides cellulosilyticus,0.0,0.0,False,zero,169
OnlyFemale,LASSO_LogisticRegression,ThomasAM_2018b,0.03,0.7314814814814815,0.756432202510634,0.5333333333333333,rCLR_Ruminococcus bicirculans,rCLR,Ruminococcus bicirculans,Ruminococcus bicirculans,ruminococcus bicirculans,0.0,0.0,False,zero,170
OnlyFemale,LASSO_LogisticRegression,ThomasAM_2018b,0.03,0.7314814814814815,0.756432202510634,0.5333333333333333,rCLR_Adlercreutzia equolifaciens_1,rCLR,Adlercreutzia equolifaciens_1,Adlercreutzia equolifaciens 1,adlercreutzia equolifaciens 1,0.0,0.0,False,zero,171
OnlyFemale,LASSO_LogisticRegression,ThomasAM_2018b,0.03,0.7314814814814815,0.756432202510634,0.5333333333333333,rCLR_Firmicutes bacterium CAG:110,rCLR,Firmicutes bacterium CAG:110,Firmicutes bacterium CAG:110,firmicutes bacterium cag:110,0.0,0.0,False,zero,172
OnlyFemale,LASSO_LogisticRegression,ThomasAM_2018b,0.03,0.7314814814814815,0.756432202510634,0.5333333333333333,rCLR_Parabacteroides distasonis,rCLR,Parabacteroides distasonis,Parabacteroides distasonis,parabacteroides distasonis,0.0,0.0,False,zero,173
OnlyFemale,LASSO_LogisticRegression,ThomasAM_2018b,0.03,0.7314814814814815,0.756432202510634,0.5333333333333333,rCLR_Odoribacter splanchnicus,rCLR,Odoribacter splanchnicus,Odoribacter splanchnicus,odoribacter splanchnicus,0.0,0.0,False,zero,174
OnlyFemale,LASSO_LogisticRegression,ThomasAM_2018b,0.03,0.7314814814814815,0.756432202510634,0.5333333333333333,rCLR_Oscillibacter sp. CAG:241,rCLR,Oscillibacter sp. CAG:241,Oscillibacter sp. CAG:241,oscillibacter sp. cag:241,0.0,0.0,False,zero,175
OnlyFemale,LASSO_LogisticRegression,ThomasAM_2018b,0.03,0.7314814814814815,0.756432202510634,0.5333333333333333,rCLR_Alistipes shahii,rCLR,Alistipes shahii,Alistipes shahii,alistipes shahii,0.0,0.0,False,zero,176
OnlyFemale,LASSO_LogisticRegression,ThomasAM_2018b,0.03,0.7314814814814815,0.756432202510634,0.5333333333333333,rCLR_Eggerthella lenta,rCLR,Eggerthella lenta,Eggerthella lenta,eggerthella lenta,0.0,0.0,False,zero,177
OnlyFemale,LASSO_LogisticRegression,ThomasAM_2018b,0.03,0.7314814814814815,0.756432202510634,0.5333333333333333,rCLR_Escherichia coli,rCLR,Escherichia coli,Escherichia coli,escherichia coli,0.0,0.0,False,zero,178
OnlyFemale,LASSO_LogisticRegression,ThomasAM_2018b,0.03,0.7314814814814815,0.756432202510634,0.5333333333333333,rCLR_Butyricimonas virosa,rCLR,Butyricimonas virosa,Butyricimonas virosa,butyricimonas virosa,0.0,0.0,False,zero,179
OnlyFemale,LASSO_LogisticRegression,ThomasAM_2018b,0.03,0.7314814814814815,0.756432202510634,0.5333333333333333,rCLR_Bacteroides sp. CAG:144,rCLR,Bacteroides sp. CAG:144,Bacteroides sp. CAG:144,bacteroides sp. cag:144,0.0,0.0,False,zero,180
OnlyFemale,LASSO_LogisticRegression,ThomasAM_2018b,0.03,0.7314814814814815,0.756432202510634,0.5333333333333333,rCLR_Intestinibacter bartlettii,rCLR,Intestinibacter bartlettii,Intestinibacter bartlettii,intestinibacter bartlettii,0.0,0.0,False,zero,181
OnlyFemale,LASSO_LogisticRegression,ThomasAM_2018b,0.03,0.7314814814814815,0.756432202510634,0.5333333333333333,rCLR_Erysipelatoclostridium ramosum,rCLR,Erysipelatoclostridium ramosum,Erysipelatoclostridium ramosum,erysipelatoclostridium ramosum,0.0,0.0,False,zero,182
OnlyFemale,LASSO_LogisticRegression,ThomasAM_2018b,0.03,0.7314814814814815,0.756432202510634,0.5333333333333333,rCLR_Adlercreutzia equolifaciens,rCLR,Adlercreutzia equolifaciens,Adlercreutzia equolifaciens,adlercreutzia equolifaciens,0.0,0.0,False,zero,183
OnlyFemale,LASSO_LogisticRegression,ThomasAM_2018b,0.03,0.7314814814814815,0.756432202510634,0.5333333333333333,rCLR_Slackia isoflavoniconvertens,rCLR,Slackia isoflavoniconvertens,Slackia isoflavoniconvertens,slackia isoflavoniconvertens,0.0,0.0,False,zero,184
OnlyFemale,LASSO_LogisticRegression,ThomasAM_2018b,0.03,0.7314814814814815,0.756432202510634,0.5333333333333333,rCLR_Clostridium sp. CAG:58,rCLR,Clostridium sp. CAG:58,Clostridium sp. CAG:58,clostridium sp. cag:58,0.0,0.0,False,zero,185
OnlyFemale,LASSO_LogisticRegression,ThomasAM_2018b,0.03,0.7314814814814815,0.756432202510634,0.5333333333333333,rCLR_Bacteroides intestinalis,rCLR,Bacteroides intestinalis,Bacteroides intestinalis,bacteroides intestinalis,0.0,0.0,False,zero,186
OnlyFemale,LASSO_LogisticRegression,ThomasAM_2018b,0.03,0.7314814814814815,0.756432202510634,0.5333333333333333,rCLR_Akkermansia muciniphila,rCLR,Akkermansia muciniphila,Akkermansia muciniphila,akkermansia muciniphila,0.0,0.0,False,zero,187
OnlyFemale,LASSO_LogisticRegression,ThomasAM_2018b,0.03,0.7314814814814815,0.756432202510634,0.5333333333333333,rCLR_Bifidobacterium pseudocatenulatum,rCLR,Bifidobacterium pseudocatenulatum,Bifidobacterium pseudocatenulatum,bifidobacterium pseudocatenulatum,0.0,0.0,False,zero,188
OnlyFemale,LASSO_LogisticRegression,ThomasAM_2018b,0.03,0.7314814814814815,0.756432202510634,0.5333333333333333,rCLR_Eubacterium sp. CAG:38,rCLR,Eubacterium sp. CAG:38,Eubacterium sp. CAG:38,eubacterium sp. cag:38,0.0,0.0,False,zero,189
OnlyFemale,LASSO_LogisticRegression,ThomasAM_2018b,0.03,0.7314814814814815,0.756432202510634,0.5333333333333333,rCLR_Bifidobacterium bifidum,rCLR,Bifidobacterium bifidum,Bifidobacterium bifidum,bifidobacterium bifidum,0.0,0.0,False,zero,190
OnlyFemale,LASSO_LogisticRegression,ThomasAM_2018b,0.03,0.7314814814814815,0.756432202510634,0.5333333333333333,rCLR_Blautia sp. CAG:257,rCLR,Blautia sp. CAG:257,Blautia sp. CAG:257,blautia sp. cag:257,0.0,0.0,False,zero,191
OnlyFemale,LASSO_LogisticRegression,ThomasAM_2018b,0.03,0.7314814814814815,0.756432202510634,0.5333333333333333,rCLR_Parasutterella excrementihominis,rCLR,Parasutterella excrementihominis,Parasutterella excrementihominis,parasutterella excrementihominis,0.0,0.0,False,zero,192
OnlyFemale,LASSO_LogisticRegression,ThomasAM_2018b,0.03,0.7314814814814815,0.756432202510634,0.5333333333333333,rCLR_Proteobacteria bacterium CAG:139,rCLR,Proteobacteria bacterium CAG:139,Proteobacteria bacterium CAG:139,proteobacteria bacterium cag:139,0.0,0.0,False,zero,193
OnlyFemale,LASSO_LogisticRegression,ThomasAM_2018b,0.03,0.7314814814814815,0.756432202510634,0.5333333333333333,rCLR_Lawsonibacter asaccharolyticus,rCLR,Lawsonibacter asaccharolyticus,Lawsonibacter asaccharolyticus,lawsonibacter asaccharolyticus,0.0,0.0,False,zero,194
OnlyFemale,LASSO_LogisticRegression,ThomasAM_2018b,0.03,0.7314814814814815,0.756432202510634,0.5333333333333333,rCLR_Coprobacter fastidiosus,rCLR,Coprobacter fastidiosus,Coprobacter fastidiosus,coprobacter fastidiosus,0.0,0.0,False,zero,195
OnlyFemale,LASSO_LogisticRegression,ThomasAM_2018b,0.03,0.7314814814814815,0.756432202510634,0.5333333333333333,rCLR_Alistipes inops,rCLR,Alistipes inops,Alistipes inops,alistipes inops,0.0,0.0,False,zero,196
OnlyFemale,LASSO_LogisticRegression,ThomasAM_2018b,0.03,0.7314814814814815,0.756432202510634,0.5333333333333333,rCLR_Bacteroides finegoldii,rCLR,Bacteroides finegoldii,Bacteroides finegoldii,bacteroides finegoldii,0.0,0.0,False,zero,197
OnlyFemale,LASSO_LogisticRegression,ThomasAM_2018b,0.03,0.7314814814814815,0.756432202510634,0.5333333333333333,rCLR_Paraprevotella xylaniphila,rCLR,Paraprevotella xylaniphila,Paraprevotella xylaniphila,paraprevotella xylaniphila,0.0,0.0,False,zero,198
OnlyFemale,LASSO_LogisticRegression,ThomasAM_2018b,0.03,0.7314814814814815,0.756432202510634,0.5333333333333333,rCLR_Dialister invisus,rCLR,Dialister invisus,Dialister invisus,dialister invisus,0.0,0.0,False,zero,199
OnlyFemale,LASSO_LogisticRegression,ThomasAM_2018b,0.03,0.7314814814814815,0.756432202510634,0.5333333333333333,rCLR_Enterocloster bolteae,rCLR,Enterocloster bolteae,Enterocloster bolteae,enterocloster bolteae,0.0,0.0,False,zero,200
OnlyFemale,LASSO_LogisticRegression,ThomasAM_2018b,0.03,0.7314814814814815,0.756432202510634,0.5333333333333333,rCLR_Bacteroides caccae,rCLR,Bacteroides caccae,Bacteroides caccae,bacteroides caccae,0.0,0.0,False,zero,201
OnlyFemale,LASSO_LogisticRegression,ThomasAM_2018b,0.03,0.7314814814814815,0.756432202510634,0.5333333333333333,rCLR_Desulfovibrio piger,rCLR,Desulfovibrio piger,Desulfovibrio piger,desulfovibrio piger,0.0,0.0,False,zero,202
OnlyFemale,LASSO_LogisticRegression,ThomasAM_2018b,0.03,0.7314814814814815,0.756432202510634,0.5333333333333333,rCLR_Lachnospira pectinoschiza,rCLR,Lachnospira pectinoschiza,Lachnospira pectinoschiza,lachnospira pectinoschiza,0.0,0.0,False,zero,203
OnlyFemale,LASSO_LogisticRegression,ThomasAM_2018b,0.03,0.7314814814814815,0.756432202510634,0.5333333333333333,rCLR_Prevotella copri,rCLR,Prevotella copri,Prevotella copri,prevotella copri,0.0,0.0,False,zero,204
OnlyFemale,LASSO_LogisticRegression,ThomasAM_2018b,0.03,0.7314814814814815,0.756432202510634,0.5333333333333333,rCLR_Phocaeicola massiliensis,rCLR,Phocaeicola massiliensis,Phocaeicola massiliensis,phocaeicola massiliensis,0.0,0.0,False,zero,205
OnlyFemale,LASSO_LogisticRegression,ThomasAM_2018b,0.03,0.7314814814814815,0.756432202510634,0.5333333333333333,rCLR_Megamonas funiformis,rCLR,Megamonas funiformis,Megamonas funiformis,megamonas funiformis,0.0,0.0,False,zero,206
OnlyFemale,LASSO_LogisticRegression,ThomasAM_2018b,0.03,0.7314814814814815,0.756432202510634,0.5333333333333333,rCLR_Phascolarctobacterium faecium,rCLR,Phascolarctobacterium faecium,Phascolarctobacterium faecium,phascolarctobacterium faecium,0.0,0.0,False,zero,207
OnlyFemale,LASSO_LogisticRegression,ThomasAM_2018b,0.03,0.7314814814814815,0.756432202510634,0.5333333333333333,rCLR_Acidaminococcus intestini,rCLR,Acidaminococcus intestini,Acidaminococcus intestini,acidaminococcus intestini,0.0,0.0,False,zero,208
OnlyFemale,LASSO_LogisticRegression,ThomasAM_2018b,0.03,0.7314814814814815,0.756432202510634,0.5333333333333333,rCLR_Anaerotignum lactatifermentans,rCLR,Anaerotignum lactatifermentans,Anaerotignum lactatifermentans,anaerotignum lactatifermentans,0.0,0.0,False,zero,209
OnlyFemale,LASSO_LogisticRegression,ThomasAM_2018b,0.03,0.7314814814814815,0.756432202510634,0.5333333333333333,rCLR_Bacteroides salyersiae,rCLR,Bacteroides salyersiae,Bacteroides salyersiae,bacteroides salyersiae,0.0,0.0,False,zero,210
OnlyFemale,LASSO_LogisticRegression,ThomasAM_2018b,0.03,0.7314814814814815,0.756432202510634,0.5333333333333333,rCLR_Parvimonas micra,rCLR,Parvimonas micra,Parvimonas micra,parvimonas micra,0.0,0.0,False,zero,211
OnlyFemale,LASSO_LogisticRegression,ThomasAM_2018b,0.03,0.7314814814814815,0.756432202510634,0.5333333333333333,rCLR_Klebsiella pneumoniae,rCLR,Klebsiella pneumoniae,Klebsiella pneumoniae,klebsiella pneumoniae,0.0,0.0,False,zero,212
OnlyFemale,LASSO_LogisticRegression,ThomasAM_2018b,0.03,0.7314814814814815,0.756432202510634,0.5333333333333333,rCLR_Klebsiella variicola,rCLR,Klebsiella variicola,Klebsiella variicola,klebsiella variicola,0.0,0.0,False,zero,213
OnlyFemale,LASSO_LogisticRegression,ThomasAM_2018b,0.03,0.7314814814814815,0.756432202510634,0.5333333333333333,rCLR_Klebsiella quasipneumoniae,rCLR,Klebsiella quasipneumoniae,Klebsiella quasipneumoniae,klebsiella quasipneumoniae,0.0,0.0,False,zero,214
OnlyFemale,LASSO_LogisticRegression,ThomasAM_2018b,0.03,0.7314814814814815,0.756432202510634,0.5333333333333333,Age,covariate,Age,Age,age,0.0,0.0,False,zero,215
OnlyFemale,LASSO_LogisticRegression,ThomasAM_2019_c,0.03,0.7532894736842105,0.8254213178029188,0.6111111111111112,PA_Parvimonas micra,PA,Parvimonas micra,Parvimonas micra,parvimonas micra,0.2625765124553801,0.2625765124553801,True,CRC-associated,1
OnlyFemale,LASSO_LogisticRegression,ThomasAM_2019_c,0.03,0.7532894736842105,0.8254213178029188,0.6111111111111112,PA_Flavonifractor plautii,PA,Flavonifractor plautii,Flavonifractor plautii,flavonifractor plautii,0.06314910716663454,0.06314910716663454,True,CRC-associated,2
OnlyFemale,LASSO_LogisticRegression,ThomasAM_2019_c,0.03,0.7532894736842105,0.8254213178029188,0.6111111111111112,rCLR_Dorea formicigenerans,rCLR,Dorea formicigenerans,Dorea formicigenerans,dorea formicigenerans,0.03117155268033051,0.03117155268033051,True,CRC-associated,3
OnlyFemale,LASSO_LogisticRegression,ThomasAM_2019_c,0.03,0.7532894736842105,0.8254213178029188,0.6111111111111112,rCLR_Anaerostipes hadrus,rCLR,Anaerostipes hadrus,Anaerostipes hadrus,anaerostipes hadrus,-0.02409118374581992,0.02409118374581992,True,Control-associated,4
OnlyFemale,LASSO_LogisticRegression,ThomasAM_2019_c,0.03,0.7532894736842105,0.8254213178029188,0.6111111111111112,rCLR_Bacteroides fragilis,rCLR,Bacteroides fragilis,Bacteroides fragilis,bacteroides fragilis,0.019368667864882984,0.019368667864882984,True,CRC-associated,5
OnlyFemale,LASSO_LogisticRegression,ThomasAM_2019_c,0.03,0.7532894736842105,0.8254213178029188,0.6111111111111112,rCLR_Anaerobutyricum hallii,rCLR,Anaerobutyricum hallii,Anaerobutyricum hallii,anaerobutyricum hallii,-0.010297937202119285,0.010297937202119285,True,Control-associated,6
OnlyFemale,LASSO_LogisticRegression,ThomasAM_2019_c,0.03,0.7532894736842105,0.8254213178029188,0.6111111111111112,rCLR_Ruthenibacterium lactatiformans,rCLR,Ruthenibacterium lactatiformans,Ruthenibacterium lactatiformans,ruthenibacterium lactatiformans,0.008130809515451285,0.008130809515451285,True,CRC-associated,7
OnlyFemale,LASSO_LogisticRegression,ThomasAM_2019_c,0.03,0.7532894736842105,0.8254213178029188,0.6111111111111112,PA_Phocaeicola vulgatus,PA,Phocaeicola vulgatus,Phocaeicola vulgatus,phocaeicola vulgatus,0.0,0.0,False,zero,8
OnlyFemale,LASSO_LogisticRegression,ThomasAM_2019_c,0.03,0.7532894736842105,0.8254213178029188,0.6111111111111112,PA_Dorea longicatena,PA,Dorea longicatena,Dorea longicatena,dorea longicatena,0.0,0.0,False,zero,9
OnlyFemale,LASSO_LogisticRegression,ThomasAM_2019_c,0.03,0.7532894736842105,0.8254213178029188,0.6111111111111112,PA_Eubacterium sp. CAG:251,PA,Eubacterium sp. CAG:251,Eubacterium sp. CAG:251,eubacterium sp. cag:251,0.0,0.0,False,zero,10
OnlyFemale,LASSO_LogisticRegression,ThomasAM_2019_c,0.03,0.7532894736842105,0.8254213178029188,0.6111111111111112,PA_Fusicatenibacter saccharivorans,PA,Fusicatenibacter saccharivorans,Fusicatenibacter saccharivorans,fusicatenibacter saccharivorans,0.0,0.0,False,zero,11
OnlyFemale,LASSO_LogisticRegression,ThomasAM_2019_c,0.03,0.7532894736842105,0.8254213178029188,0.6111111111111112,PA_Coprococcus comes,PA,Coprococcus comes,Coprococcus comes,coprococcus comes,0.0,0.0,False,zero,12
OnlyFemale,LASSO_LogisticRegression,ThomasAM_2019_c,0.03,0.7532894736842105,0.8254213178029188,0.6111111111111112,PA_[Ruminococcus] torques,PA,[Ruminococcus] torques,[Ruminococcus] torques,[ruminococcus] torques,0.0,0.0,False,zero,13
OnlyFemale,LASSO_LogisticRegression,ThomasAM_2019_c,0.03,0.7532894736842105,0.8254213178029188,0.6111111111111112,PA_Anaerobutyricum hallii,PA,Anaerobutyricum hallii,Anaerobutyricum hallii,anaerobutyricum hallii,0.0,0.0,False,zero,14
OnlyFemale,LASSO_LogisticRegression,ThomasAM_2019_c,0.03,0.7532894736842105,0.8254213178029188,0.6111111111111112,PA_Holdemanella biformis,PA,Holdemanella biformis,Holdemanella biformis,holdemanella biformis,0.0,0.0,False,zero,15
OnlyFemale,LASSO_LogisticRegression,ThomasAM_2019_c,0.03,0.7532894736842105,0.8254213178029188,0.6111111111111112,PA_Bacteroides uniformis,PA,Bacteroides uniformis,Bacteroides uniformis,bacteroides uniformis,0.0,0.0,False,zero,16
OnlyFemale,LASSO_LogisticRegression,ThomasAM_2019_c,0.03,0.7532894736842105,0.8254213178029188,0.6111111111111112,PA_Blautia wexlerae,PA,Blautia wexlerae,Blautia wexlerae,blautia wexlerae,0.0,0.0,False,zero,17
OnlyFemale,LASSO_LogisticRegression,ThomasAM_2019_c,0.03,0.7532894736842105,0.8254213178029188,0.6111111111111112,PA_Streptococcus salivarius,PA,Streptococcus salivarius,Streptococcus salivarius,streptococcus salivarius,0.0,0.0,False,zero,18
OnlyFemale,LASSO_LogisticRegression,ThomasAM_2019_c,0.03,0.7532894736842105,0.8254213178029188,0.6111111111111112,PA_Faecalibacterium prausnitzii,PA,Faecalibacterium prausnitzii,Faecalibacterium prausnitzii,faecalibacterium prausnitzii,0.0,0.0,False,zero,19
OnlyFemale,LASSO_LogisticRegression,ThomasAM_2019_c,0.03,0.7532894736842105,0.8254213178029188,0.6111111111111112,PA_Bacteroides stercoris,PA,Bacteroides stercoris,Bacteroides stercoris,bacteroides stercoris,0.0,0.0,False,zero,20
OnlyFemale,LASSO_LogisticRegression,ThomasAM_2019_c,0.03,0.7532894736842105,0.8254213178029188,0.6111111111111112,PA_Collinsella aerofaciens,PA,Collinsella aerofaciens,Collinsella aerofaciens,collinsella aerofaciens,0.0,0.0,False,zero,21
OnlyFemale,LASSO_LogisticRegression,ThomasAM_2019_c,0.03,0.7532894736842105,0.8254213178029188,0.6111111111111112,PA_Bifidobacterium longum,PA,Bifidobacterium longum,Bifidobacterium longum,bifidobacterium longum,0.0,0.0,False,zero,22
OnlyFemale,LASSO_LogisticRegression,ThomasAM_2019_c,0.03,0.7532894736842105,0.8254213178029188,0.6111111111111112,PA_Anaerostipes hadrus,PA,Anaerostipes hadrus,Anaerostipes hadrus,anaerostipes hadrus,0.0,0.0,False,zero,23
OnlyFemale,LASSO_LogisticRegression,ThomasAM_2019_c,0.03,0.7532894736842105,0.8254213178029188,0.6111111111111112,PA_Coprococcus catus,PA,Coprococcus catus,Coprococcus catus,coprococcus catus,0.0,0.0,False,zero,24
OnlyFemale,LASSO_LogisticRegression,ThomasAM_2019_c,0.03,0.7532894736842105,0.8254213178029188,0.6111111111111112,PA_Roseburia intestinalis,PA,Roseburia intestinalis,Roseburia intestinalis,roseburia intestinalis,0.0,0.0,False,zero,25
OnlyFemale,LASSO_LogisticRegression,ThomasAM_2019_c,0.03,0.7532894736842105,0.8254213178029188,0.6111111111111112,PA_Phascolarctobacterium succinatutens,PA,Phascolarctobacterium succinatutens,Phascolarctobacterium succinatutens,phascolarctobacterium succinatutens,0.0,0.0,False,zero,26
OnlyFemale,LASSO_LogisticRegression,ThomasAM_2019_c,0.03,0.7532894736842105,0.8254213178029188,0.6111111111111112,PA_Roseburia inulinivorans,PA,Roseburia inulinivorans,Roseburia inulinivorans,roseburia inulinivorans,0.0,0.0,False,zero,27
OnlyFemale,LASSO_LogisticRegression,ThomasAM_2019_c,0.03,0.7532894736842105,0.8254213178029188,0.6111111111111112,PA_Blautia obeum,PA,Blautia obeum,Blautia obeum,blautia obeum,0.0,0.0,False,zero,28
OnlyFemale,LASSO_LogisticRegression,ThomasAM_2019_c,0.03,0.7532894736842105,0.8254213178029188,0.6111111111111112,PA_Agathobaculum butyriciproducens,PA,Agathobaculum butyriciproducens,Agathobaculum butyriciproducens,agathobaculum butyriciproducens,0.0,0.0,False,zero,29
OnlyFemale,LASSO_LogisticRegression,ThomasAM_2019_c,0.03,0.7532894736842105,0.8254213178029188,0.6111111111111112,PA_Bacteroides xylanisolvens,PA,Bacteroides xylanisolvens,Bacteroides xylanisolvens,bacteroides xylanisolvens,0.0,0.0,False,zero,30
OnlyFemale,LASSO_LogisticRegression,ThomasAM_2019_c,0.03,0.7532894736842105,0.8254213178029188,0.6111111111111112,PA_[Eubacterium] rectale,PA,[Eubacterium] rectale,[Eubacterium] rectale,[eubacterium] rectale,0.0,0.0,False,zero,31
OnlyFemale,LASSO_LogisticRegression,ThomasAM_2019_c,0.03,0.7532894736842105,0.8254213178029188,0.6111111111111112,PA_Bacteroides ovatus,PA,Bacteroides ovatus,Bacteroides ovatus,bacteroides ovatus,0.0,0.0,False,zero,32
OnlyFemale,LASSO_LogisticRegression,ThomasAM_2019_c,0.03,0.7532894736842105,0.8254213178029188,0.6111111111111112,PA_Bacteroides thetaiotaomicron,PA,Bacteroides thetaiotaomicron,Bacteroides thetaiotaomicron,bacteroides thetaiotaomicron,0.0,0.0,False,zero,33
OnlyFemale,LASSO_LogisticRegression,ThomasAM_2019_c,0.03,0.7532894736842105,0.8254213178029188,0.6111111111111112,PA_Eubacterium ramulus,PA,Eubacterium ramulus,Eubacterium ramulus,eubacterium ramulus,0.0,0.0,False,zero,34
OnlyFemale,LASSO_LogisticRegression,ThomasAM_2019_c,0.03,0.7532894736842105,0.8254213178029188,0.6111111111111112,PA_Streptococcus thermophilus,PA,Streptococcus thermophilus,Streptococcus thermophilus,streptococcus thermophilus,0.0,0.0,False,zero,35
OnlyFemale,LASSO_LogisticRegression,ThomasAM_2019_c,0.03,0.7532894736842105,0.8254213178029188,0.6111111111111112,PA_Bifidobacterium adolescentis,PA,Bifidobacterium adolescentis,Bifidobacterium adolescentis,bifidobacterium adolescentis,0.0,0.0,False,zero,36
OnlyFemale,LASSO_LogisticRegression,ThomasAM_2019_c,0.03,0.7532894736842105,0.8254213178029188,0.6111111111111112,PA_Eubacterium sp. CAG:274,PA,Eubacterium sp. CAG:274,Eubacterium sp. CAG:274,eubacterium sp. cag:274,0.0,0.0,False,zero,37
OnlyFemale,LASSO_LogisticRegression,ThomasAM_2019_c,0.03,0.7532894736842105,0.8254213178029188,0.6111111111111112,PA_Eubacterium ventriosum,PA,Eubacterium ventriosum,Eubacterium ventriosum,eubacterium ventriosum,0.0,0.0,False,zero,38
OnlyFemale,LASSO_LogisticRegression,ThomasAM_2019_c,0.03,0.7532894736842105,0.8254213178029188,0.6111111111111112,PA_Oscillibacter sp. 57_20,PA,Oscillibacter sp. 57_20,Oscillibacter sp. 57 20,oscillibacter sp. 57 20,0.0,0.0,False,zero,39
OnlyFemale,LASSO_LogisticRegression,ThomasAM_2019_c,0.03,0.7532894736842105,0.8254213178029188,0.6111111111111112,PA_Roseburia hominis,PA,Roseburia hominis,Roseburia hominis,roseburia hominis,0.0,0.0,False,zero,40
OnlyFemale,LASSO_LogisticRegression,ThomasAM_2019_c,0.03,0.7532894736842105,0.8254213178029188,0.6111111111111112,PA_Alistipes finegoldii,PA,Alistipes finegoldii,Alistipes finegoldii,alistipes finegoldii,0.0,0.0,False,zero,41
OnlyFemale,LASSO_LogisticRegression,ThomasAM_2019_c,0.03,0.7532894736842105,0.8254213178029188,0.6111111111111112,PA_Alistipes putredinis,PA,Alistipes putredinis,Alistipes putredinis,alistipes putredinis,0.0,0.0,False,zero,42
OnlyFemale,LASSO_LogisticRegression,ThomasAM_2019_c,0.03,0.7532894736842105,0.8254213178029188,0.6111111111111112,PA_Veillonella atypica,PA,Veillonella atypica,Veillonella atypica,veillonella atypica,0.0,0.0,False,zero,43
OnlyFemale,LASSO_LogisticRegression,ThomasAM_2019_c,0.03,0.7532894736842105,0.8254213178029188,0.6111111111111112,PA_Ruminococcus bromii,PA,Ruminococcus bromii,Ruminococcus bromii,ruminococcus bromii,0.0,0.0,False,zero,44
OnlyFemale,LASSO_LogisticRegression,ThomasAM_2019_c,0.03,0.7532894736842105,0.8254213178029188,0.6111111111111112,PA_Firmicutes bacterium CAG:83,PA,Firmicutes bacterium CAG:83,Firmicutes bacterium CAG:83,firmicutes bacterium cag:83,0.0,0.0,False,zero,45
OnlyFemale,LASSO_LogisticRegression,ThomasAM_2019_c,0.03,0.7532894736842105,0.8254213178029188,0.6111111111111112,PA_Veillonella parvula,PA,Veillonella parvula,Veillonella parvula,veillonella parvula,0.0,0.0,False,zero,46
OnlyFemale,LASSO_LogisticRegression,ThomasAM_2019_c,0.03,0.7532894736842105,0.8254213178029188,0.6111111111111112,PA_Lachnospira eligens,PA,Lachnospira eligens,Lachnospira eligens,lachnospira eligens,0.0,0.0,False,zero,47
OnlyFemale,LASSO_LogisticRegression,ThomasAM_2019_c,0.03,0.7532894736842105,0.8254213178029188,0.6111111111111112,PA_[Ruminococcus] gnavus,PA,[Ruminococcus] gnavus,[Ruminococcus] gnavus,[ruminococcus] gnavus,0.0,0.0,False,zero,48
OnlyFemale,LASSO_LogisticRegression,ThomasAM_2019_c,0.03,0.7532894736842105,0.8254213178029188,0.6111111111111112,PA_Bacteroides eggerthii,PA,Bacteroides eggerthii,Bacteroides eggerthii,bacteroides eggerthii,0.0,0.0,False,zero,49
OnlyFemale,LASSO_LogisticRegression,ThomasAM_2019_c,0.03,0.7532894736842105,0.8254213178029188,0.6111111111111112,PA_Roseburia faecis,PA,Roseburia faecis,Roseburia faecis,roseburia faecis,0.0,0.0,False,zero,50
OnlyFemale,LASSO_LogisticRegression,ThomasAM_2019_c,0.03,0.7532894736842105,0.8254213178029188,0.6111111111111112,PA_Phocaeicola coprocola,PA,Phocaeicola coprocola,Phocaeicola coprocola,phocaeicola coprocola,0.0,0.0,False,zero,51
OnlyFemale,LASSO_LogisticRegression,ThomasAM_2019_c,0.03,0.7532894736842105,0.8254213178029188,0.6111111111111112,PA_Adlercreutzia equolifaciens,PA,Adlercreutzia equolifaciens,Adlercreutzia equolifaciens,adlercreutzia equolifaciens,0.0,0.0,False,zero,52
OnlyFemale,LASSO_LogisticRegression,ThomasAM_2019_c,0.03,0.7532894736842105,0.8254213178029188,0.6111111111111112,PA_Gordonibacter pamelaeae,PA,Gordonibacter pamelaeae,Gordonibacter pamelaeae,gordonibacter pamelaeae,0.0,0.0,False,zero,53
OnlyFemale,LASSO_LogisticRegression,ThomasAM_2019_c,0.03,0.7532894736842105,0.8254213178029188,0.6111111111111112,PA_Eubacterium sp. CAG:180,PA,Eubacterium sp. CAG:180,Eubacterium sp. CAG:180,eubacterium sp. cag:180,0.0,0.0,False,zero,54
OnlyFemale,LASSO_LogisticRegression,ThomasAM_2019_c,0.03,0.7532894736842105,0.8254213178029188,0.6111111111111112,PA_Parabacteroides merdae,PA,Parabacteroides merdae,Parabacteroides merdae,parabacteroides merdae,0.0,0.0,False,zero,55
OnlyFemale,LASSO_LogisticRegression,ThomasAM_2019_c,0.03,0.7532894736842105,0.8254213178029188,0.6111111111111112,PA_Phocaeicola dorei,PA,Phocaeicola dorei,Phocaeicola dorei,phocaeicola dorei,0.0,0.0,False,zero,56
OnlyFemale,LASSO_LogisticRegression,ThomasAM_2019_c,0.03,0.7532894736842105,0.8254213178029188,0.6111111111111112,PA_[Eubacterium] siraeum,PA,[Eubacterium] siraeum,[Eubacterium] siraeum,[eubacterium] siraeum,0.0,0.0,False,zero,57
OnlyFemale,LASSO_LogisticRegression,ThomasAM_2019_c,0.03,0.7532894736842105,0.8254213178029188,0.6111111111111112,PA_Barnesiella intestinihominis,PA,Barnesiella intestinihominis,Barnesiella intestinihominis,barnesiella intestinihominis,0.0,0.0,False,zero,58
OnlyFemale,LASSO_LogisticRegression,ThomasAM_2019_c,0.03,0.7532894736842105,0.8254213178029188,0.6111111111111112,PA_Methanobrevibacter smithii,PA,Methanobrevibacter smithii,Methanobrevibacter smithii,methanobrevibacter smithii,0.0,0.0,False,zero,59
OnlyFemale,LASSO_LogisticRegression,ThomasAM_2019_c,0.03,0.7532894736842105,0.8254213178029188,0.6111111111111112,PA_Firmicutes bacterium CAG:145,PA,Firmicutes bacterium CAG:145,Firmicutes bacterium CAG:145,firmicutes bacterium cag:145,0.0,0.0,False,zero,60
OnlyFemale,LASSO_LogisticRegression,ThomasAM_2019_c,0.03,0.7532894736842105,0.8254213178029188,0.6111111111111112,PA_Bacteroides cellulosilyticus,PA,Bacteroides cellulosilyticus,Bacteroides cellulosilyticus,bacteroides cellulosilyticus,0.0,0.0,False,zero,61
OnlyFemale,LASSO_LogisticRegression,ThomasAM_2019_c,0.03,0.7532894736842105,0.8254213178029188,0.6111111111111112,PA_Adlercreutzia equolifaciens_1,PA,Adlercreutzia equolifaciens_1,Adlercreutzia equolifaciens 1,adlercreutzia equolifaciens 1,0.0,0.0,False,zero,62
OnlyFemale,LASSO_LogisticRegression,ThomasAM_2019_c,0.03,0.7532894736842105,0.8254213178029188,0.6111111111111112,PA_Ruminococcus bicirculans,PA,Ruminococcus bicirculans,Ruminococcus bicirculans,ruminococcus bicirculans,0.0,0.0,False,zero,63
OnlyFemale,LASSO_LogisticRegression,ThomasAM_2019_c,0.03,0.7532894736842105,0.8254213178029188,0.6111111111111112,PA_Firmicutes bacterium CAG:110,PA,Firmicutes bacterium CAG:110,Firmicutes bacterium CAG:110,firmicutes bacterium cag:110,0.0,0.0,False,zero,64
OnlyFemale,LASSO_LogisticRegression,ThomasAM_2019_c,0.03,0.7532894736842105,0.8254213178029188,0.6111111111111112,PA_Parabacteroides distasonis,PA,Parabacteroides distasonis,Parabacteroides distasonis,parabacteroides distasonis,0.0,0.0,False,zero,65
OnlyFemale,LASSO_LogisticRegression,ThomasAM_2019_c,0.03,0.7532894736842105,0.8254213178029188,0.6111111111111112,PA_Ruthenibacterium lactatiformans,PA,Ruthenibacterium lactatiformans,Ruthenibacterium lactatiformans,ruthenibacterium lactatiformans,0.0,0.0,False,zero,66
OnlyFemale,LASSO_LogisticRegression,ThomasAM_2019_c,0.03,0.7532894736842105,0.8254213178029188,0.6111111111111112,PA_Odoribacter splanchnicus,PA,Odoribacter splanchnicus,Odoribacter splanchnicus,odoribacter splanchnicus,0.0,0.0,False,zero,67
OnlyFemale,LASSO_LogisticRegression,ThomasAM_2019_c,0.03,0.7532894736842105,0.8254213178029188,0.6111111111111112,PA_Oscillibacter sp. CAG:241,PA,Oscillibacter sp. CAG:241,Oscillibacter sp. CAG:241,oscillibacter sp. cag:241,0.0,0.0,False,zero,68
OnlyFemale,LASSO_LogisticRegression,ThomasAM_2019_c,0.03,0.7532894736842105,0.8254213178029188,0.6111111111111112,PA_Alistipes shahii,PA,Alistipes shahii,Alistipes shahii,alistipes shahii,0.0,0.0,False,zero,69
OnlyFemale,LASSO_LogisticRegression,ThomasAM_2019_c,0.03,0.7532894736842105,0.8254213178029188,0.6111111111111112,PA_Eggerthella lenta,PA,Eggerthella lenta,Eggerthella lenta,eggerthella lenta,0.0,0.0,False,zero,70
OnlyFemale,LASSO_LogisticRegression,ThomasAM_2019_c,0.03,0.7532894736842105,0.8254213178029188,0.6111111111111112,PA_Escherichia coli,PA,Escherichia coli,Escherichia coli,escherichia coli,0.0,0.0,False,zero,71
OnlyFemale,LASSO_LogisticRegression,ThomasAM_2019_c,0.03,0.7532894736842105,0.8254213178029188,0.6111111111111112,PA_Butyricimonas virosa,PA,Butyricimonas virosa,Butyricimonas virosa,butyricimonas virosa,0.0,0.0,False,zero,72
OnlyFemale,LASSO_LogisticRegression,ThomasAM_2019_c,0.03,0.7532894736842105,0.8254213178029188,0.6111111111111112,PA_Bacteroides sp. CAG:144,PA,Bacteroides sp. CAG:144,Bacteroides sp. CAG:144,bacteroides sp. cag:144,0.0,0.0,False,zero,73
OnlyFemale,LASSO_LogisticRegression,ThomasAM_2019_c,0.03,0.7532894736842105,0.8254213178029188,0.6111111111111112,PA_Intestinibacter bartlettii,PA,Intestinibacter bartlettii,Intestinibacter bartlettii,intestinibacter bartlettii,0.0,0.0,False,zero,74
OnlyFemale,LASSO_LogisticRegression,ThomasAM_2019_c,0.03,0.7532894736842105,0.8254213178029188,0.6111111111111112,PA_Erysipelatoclostridium ramosum,PA,Erysipelatoclostridium ramosum,Erysipelatoclostridium ramosum,erysipelatoclostridium ramosum,0.0,0.0,False,zero,75
OnlyFemale,LASSO_LogisticRegression,ThomasAM_2019_c,0.03,0.7532894736842105,0.8254213178029188,0.6111111111111112,PA_Slackia isoflavoniconvertens,PA,Slackia isoflavoniconvertens,Slackia isoflavoniconvertens,slackia isoflavoniconvertens,0.0,0.0,False,zero,76
OnlyFemale,LASSO_LogisticRegression,ThomasAM_2019_c,0.03,0.7532894736842105,0.8254213178029188,0.6111111111111112,PA_Clostridium sp. CAG:58,PA,Clostridium sp. CAG:58,Clostridium sp. CAG:58,clostridium sp. cag:58,0.0,0.0,False,zero,77
OnlyFemale,LASSO_LogisticRegression,ThomasAM_2019_c,0.03,0.7532894736842105,0.8254213178029188,0.6111111111111112,PA_Akkermansia muciniphila,PA,Akkermansia muciniphila,Akkermansia muciniphila,akkermansia muciniphila,0.0,0.0,False,zero,78
OnlyFemale,LASSO_LogisticRegression,ThomasAM_2019_c,0.03,0.7532894736842105,0.8254213178029188,0.6111111111111112,PA_Bacteroides intestinalis,PA,Bacteroides intestinalis,Bacteroides intestinalis,bacteroides intestinalis,0.0,0.0,False,zero,79
OnlyFemale,LASSO_LogisticRegression,ThomasAM_2019_c,0.03,0.7532894736842105,0.8254213178029188,0.6111111111111112,PA_Bifidobacterium pseudocatenulatum,PA,Bifidobacterium pseudocatenulatum,Bifidobacterium pseudocatenulatum,bifidobacterium pseudocatenulatum,0.0,0.0,False,zero,80
OnlyFemale,LASSO_LogisticRegression,ThomasAM_2019_c,0.03,0.7532894736842105,0.8254213178029188,0.6111111111111112,PA_Eubacterium sp. CAG:38,PA,Eubacterium sp. CAG:38,Eubacterium sp. CAG:38,eubacterium sp. cag:38,0.0,0.0,False,zero,81
OnlyFemale,LASSO_LogisticRegression,ThomasAM_2019_c,0.03,0.7532894736842105,0.8254213178029188,0.6111111111111112,PA_Gemmiger formicilis,PA,Gemmiger formicilis,Gemmiger formicilis,gemmiger formicilis,0.0,0.0,False,zero,82
OnlyFemale,LASSO_LogisticRegression,ThomasAM_2019_c,0.03,0.7532894736842105,0.8254213178029188,0.6111111111111112,PA_Dorea formicigenerans,PA,Dorea formicigenerans,Dorea formicigenerans,dorea formicigenerans,0.0,0.0,False,zero,83
OnlyFemale,LASSO_LogisticRegression,ThomasAM_2019_c,0.03,0.7532894736842105,0.8254213178029188,0.6111111111111112,PA_Streptococcus parasanguinis,PA,Streptococcus parasanguinis,Streptococcus parasanguinis,streptococcus parasanguinis,0.0,0.0,False,zero,84
OnlyFemale,LASSO_LogisticRegression,ThomasAM_2019_c,0.03,0.7532894736842105,0.8254213178029188,0.6111111111111112,PA_Coprococcus eutactus,PA,Coprococcus eutactus,Coprococcus eutactus,coprococcus eutactus,0.0,0.0,False,zero,85
OnlyFemale,LASSO_LogisticRegression,ThomasAM_2019_c,0.03,0.7532894736842105,0.8254213178029188,0.6111111111111112,PA_[Ruminococcus] lactaris,PA,[Ruminococcus] lactaris,[Ruminococcus] lactaris,[ruminococcus] lactaris,0.0,0.0,False,zero,86
OnlyFemale,LASSO_LogisticRegression,ThomasAM_2019_c,0.03,0.7532894736842105,0.8254213178029188,0.6111111111111112,PA_Phocaeicola plebeius,PA,Phocaeicola plebeius,Phocaeicola plebeius,phocaeicola plebeius,0.0,0.0,False,zero,87
OnlyFemale,LASSO_LogisticRegression,ThomasAM_2019_c,0.03,0.7532894736842105,0.8254213178029188,0.6111111111111112,PA_Lawsonibacter asaccharolyticus,PA,Lawsonibacter asaccharolyticus,Lawsonibacter asaccharolyticus,lawsonibacter asaccharolyticus,0.0,0.0,False,zero,88
OnlyFemale,LASSO_LogisticRegression,ThomasAM_2019_c,0.03,0.7532894736842105,0.8254213178029188,0.6111111111111112,PA_Proteobacteria bacterium CAG:139,PA,Proteobacteria bacterium CAG:139,Proteobacteria bacterium CAG:139,proteobacteria bacterium cag:139,0.0,0.0,False,zero,89
OnlyFemale,LASSO_LogisticRegression,ThomasAM_2019_c,0.03,0.7532894736842105,0.8254213178029188,0.6111111111111112,PA_Parasutterella excrementihominis,PA,Parasutterella excrementihominis,Parasutterella excrementihominis,parasutterella excrementihominis,0.0,0.0,False,zero,90
OnlyFemale,LASSO_LogisticRegression,ThomasAM_2019_c,0.03,0.7532894736842105,0.8254213178029188,0.6111111111111112,PA_Blautia sp. CAG:257,PA,Blautia sp. CAG:257,Blautia sp. CAG:257,blautia sp. cag:257,0.0,0.0,False,zero,91
OnlyFemale,LASSO_LogisticRegression,ThomasAM_2019_c,0.03,0.7532894736842105,0.8254213178029188,0.6111111111111112,PA_Bifidobacterium bifidum,PA,Bifidobacterium bifidum,Bifidobacterium bifidum,bifidobacterium bifidum,0.0,0.0,False,zero,92
OnlyFemale,LASSO_LogisticRegression,ThomasAM_2019_c,0.03,0.7532894736842105,0.8254213178029188,0.6111111111111112,PA_Bacteroides fragilis,PA,Bacteroides fragilis,Bacteroides fragilis,bacteroides fragilis,0.0,0.0,False,zero,93
OnlyFemale,LASSO_LogisticRegression,ThomasAM_2019_c,0.03,0.7532894736842105,0.8254213178029188,0.6111111111111112,PA_Dialister invisus,PA,Dialister invisus,Dialister invisus,dialister invisus,0.0,0.0,False,zero,94
OnlyFemale,LASSO_LogisticRegression,ThomasAM_2019_c,0.03,0.7532894736842105,0.8254213178029188,0.6111111111111112,PA_Enterocloster bolteae,PA,Enterocloster bolteae,Enterocloster bolteae,enterocloster bolteae,0.0,0.0,False,zero,95
OnlyFemale,LASSO_LogisticRegression,ThomasAM_2019_c,0.03,0.7532894736842105,0.8254213178029188,0.6111111111111112,PA_Lachnospira pectinoschiza,PA,Lachnospira pectinoschiza,Lachnospira pectinoschiza,lachnospira pectinoschiza,0.0,0.0,False,zero,96
OnlyFemale,LASSO_LogisticRegression,ThomasAM_2019_c,0.03,0.7532894736842105,0.8254213178029188,0.6111111111111112,PA_Prevotella copri,PA,Prevotella copri,Prevotella copri,prevotella copri,0.0,0.0,False,zero,97
OnlyFemale,LASSO_LogisticRegression,ThomasAM_2019_c,0.03,0.7532894736842105,0.8254213178029188,0.6111111111111112,PA_Phocaeicola massiliensis,PA,Phocaeicola massiliensis,Phocaeicola massiliensis,phocaeicola massiliensis,0.0,0.0,False,zero,98
OnlyFemale,LASSO_LogisticRegression,ThomasAM_2019_c,0.03,0.7532894736842105,0.8254213178029188,0.6111111111111112,PA_Megamonas funiformis,PA,Megamonas funiformis,Megamonas funiformis,megamonas funiformis,0.0,0.0,False,zero,99
OnlyFemale,LASSO_LogisticRegression,ThomasAM_2019_c,0.03,0.7532894736842105,0.8254213178029188,0.6111111111111112,PA_Phascolarctobacterium faecium,PA,Phascolarctobacterium faecium,Phascolarctobacterium faecium,phascolarctobacterium faecium,0.0,0.0,False,zero,100
OnlyFemale,LASSO_LogisticRegression,ThomasAM_2019_c,0.03,0.7532894736842105,0.8254213178029188,0.6111111111111112,PA_Acidaminococcus intestini,PA,Acidaminococcus intestini,Acidaminococcus intestini,acidaminococcus intestini,0.0,0.0,False,zero,101
OnlyFemale,LASSO_LogisticRegression,ThomasAM_2019_c,0.03,0.7532894736842105,0.8254213178029188,0.6111111111111112,PA_Coprobacter fastidiosus,PA,Coprobacter fastidiosus,Coprobacter fastidiosus,coprobacter fastidiosus,0.0,0.0,False,zero,102
OnlyFemale,LASSO_LogisticRegression,ThomasAM_2019_c,0.03,0.7532894736842105,0.8254213178029188,0.6111111111111112,PA_Alistipes inops,PA,Alistipes inops,Alistipes inops,alistipes inops,0.0,0.0,False,zero,103
OnlyFemale,LASSO_LogisticRegression,ThomasAM_2019_c,0.03,0.7532894736842105,0.8254213178029188,0.6111111111111112,PA_Bacteroides salyersiae,PA,Bacteroides salyersiae,Bacteroides salyersiae,bacteroides salyersiae,0.0,0.0,False,zero,104
OnlyFemale,LASSO_LogisticRegression,ThomasAM_2019_c,0.03,0.7532894736842105,0.8254213178029188,0.6111111111111112,PA_Anaerotignum lactatifermentans,PA,Anaerotignum lactatifermentans,Anaerotignum lactatifermentans,anaerotignum lactatifermentans,0.0,0.0,False,zero,105
OnlyFemale,LASSO_LogisticRegression,ThomasAM_2019_c,0.03,0.7532894736842105,0.8254213178029188,0.6111111111111112,PA_Klebsiella variicola,PA,Klebsiella variicola,Klebsiella variicola,klebsiella variicola,0.0,0.0,False,zero,106
OnlyFemale,LASSO_LogisticRegression,ThomasAM_2019_c,0.03,0.7532894736842105,0.8254213178029188,0.6111111111111112,PA_Klebsiella pneumoniae,PA,Klebsiella pneumoniae,Klebsiella pneumoniae,klebsiella pneumoniae,0.0,0.0,False,zero,107
OnlyFemale,LASSO_LogisticRegression,ThomasAM_2019_c,0.03,0.7532894736842105,0.8254213178029188,0.6111111111111112,PA_Klebsiella quasipneumoniae,PA,Klebsiella quasipneumoniae,Klebsiella quasipneumoniae,klebsiella quasipneumoniae,0.0,0.0,False,zero,108
OnlyFemale,LASSO_LogisticRegression,ThomasAM_2019_c,0.03,0.7532894736842105,0.8254213178029188,0.6111111111111112,rCLR_Faecalibacterium prausnitzii,rCLR,Faecalibacterium prausnitzii,Faecalibacterium prausnitzii,faecalibacterium prausnitzii,0.0,0.0,False,zero,109
OnlyFemale,LASSO_LogisticRegression,ThomasAM_2019_c,0.03,0.7532894736842105,0.8254213178029188,0.6111111111111112,rCLR_Streptococcus salivarius,rCLR,Streptococcus salivarius,Streptococcus salivarius,streptococcus salivarius,0.0,0.0,False,zero,110
OnlyFemale,LASSO_LogisticRegression,ThomasAM_2019_c,0.03,0.7532894736842105,0.8254213178029188,0.6111111111111112,rCLR_Bacteroides stercoris,rCLR,Bacteroides stercoris,Bacteroides stercoris,bacteroides stercoris,0.0,0.0,False,zero,111
OnlyFemale,LASSO_LogisticRegression,ThomasAM_2019_c,0.03,0.7532894736842105,0.8254213178029188,0.6111111111111112,rCLR_Collinsella aerofaciens,rCLR,Collinsella aerofaciens,Collinsella aerofaciens,collinsella aerofaciens,0.0,0.0,False,zero,112
OnlyFemale,LASSO_LogisticRegression,ThomasAM_2019_c,0.03,0.7532894736842105,0.8254213178029188,0.6111111111111112,rCLR_Bifidobacterium longum,rCLR,Bifidobacterium longum,Bifidobacterium longum,bifidobacterium longum,0.0,0.0,False,zero,113
OnlyFemale,LASSO_LogisticRegression,ThomasAM_2019_c,0.03,0.7532894736842105,0.8254213178029188,0.6111111111111112,rCLR_Phocaeicola plebeius,rCLR,Phocaeicola plebeius,Phocaeicola plebeius,phocaeicola plebeius,0.0,0.0,False,zero,114
OnlyFemale,LASSO_LogisticRegression,ThomasAM_2019_c,0.03,0.7532894736842105,0.8254213178029188,0.6111111111111112,rCLR_Phocaeicola vulgatus,rCLR,Phocaeicola vulgatus,Phocaeicola vulgatus,phocaeicola vulgatus,0.0,0.0,False,zero,115
OnlyFemale,LASSO_LogisticRegression,ThomasAM_2019_c,0.03,0.7532894736842105,0.8254213178029188,0.6111111111111112,rCLR_Dorea longicatena,rCLR,Dorea longicatena,Dorea longicatena,dorea longicatena,0.0,0.0,False,zero,116
OnlyFemale,LASSO_LogisticRegression,ThomasAM_2019_c,0.03,0.7532894736842105,0.8254213178029188,0.6111111111111112,rCLR_Eubacterium sp. CAG:251,rCLR,Eubacterium sp. CAG:251,Eubacterium sp. CAG:251,eubacterium sp. cag:251,0.0,0.0,False,zero,117
OnlyFemale,LASSO_LogisticRegression,ThomasAM_2019_c,0.03,0.7532894736842105,0.8254213178029188,0.6111111111111112,PA_Bacteroides finegoldii,PA,Bacteroides finegoldii,Bacteroides finegoldii,bacteroides finegoldii,0.0,0.0,False,zero,118
OnlyFemale,LASSO_LogisticRegression,ThomasAM_2019_c,0.03,0.7532894736842105,0.8254213178029188,0.6111111111111112,PA_Paraprevotella xylaniphila,PA,Paraprevotella xylaniphila,Paraprevotella xylaniphila,paraprevotella xylaniphila,0.0,0.0,False,zero,119
OnlyFemale,LASSO_LogisticRegression,ThomasAM_2019_c,0.03,0.7532894736842105,0.8254213178029188,0.6111111111111112,rCLR_Coprococcus comes,rCLR,Coprococcus comes,Coprococcus comes,coprococcus comes,0.0,0.0,False,zero,120
OnlyFemale,LASSO_LogisticRegression,ThomasAM_2019_c,0.03,0.7532894736842105,0.8254213178029188,0.6111111111111112,rCLR_Fusicatenibacter saccharivorans,rCLR,Fusicatenibacter saccharivorans,Fusicatenibacter saccharivorans,fusicatenibacter saccharivorans,0.0,0.0,False,zero,121
OnlyFemale,LASSO_LogisticRegression,ThomasAM_2019_c,0.03,0.7532894736842105,0.8254213178029188,0.6111111111111112,rCLR_Holdemanella biformis,rCLR,Holdemanella biformis,Holdemanella biformis,holdemanella biformis,0.0,0.0,False,zero,122
OnlyFemale,LASSO_LogisticRegression,ThomasAM_2019_c,0.03,0.7532894736842105,0.8254213178029188,0.6111111111111112,rCLR_[Ruminococcus] torques,rCLR,[Ruminococcus] torques,[Ruminococcus] torques,[ruminococcus] torques,0.0,0.0,False,zero,123
OnlyFemale,LASSO_LogisticRegression,ThomasAM_2019_c,0.03,0.7532894736842105,0.8254213178029188,0.6111111111111112,rCLR_Bacteroides uniformis,rCLR,Bacteroides uniformis,Bacteroides uniformis,bacteroides uniformis,0.0,0.0,False,zero,124
OnlyFemale,LASSO_LogisticRegression,ThomasAM_2019_c,0.03,0.7532894736842105,0.8254213178029188,0.6111111111111112,rCLR_Blautia wexlerae,rCLR,Blautia wexlerae,Blautia wexlerae,blautia wexlerae,0.0,0.0,False,zero,125
OnlyFemale,LASSO_LogisticRegression,ThomasAM_2019_c,0.03,0.7532894736842105,0.8254213178029188,0.6111111111111112,rCLR_Gemmiger formicilis,rCLR,Gemmiger formicilis,Gemmiger formicilis,gemmiger formicilis,0.0,0.0,False,zero,126
OnlyFemale,LASSO_LogisticRegression,ThomasAM_2019_c,0.03,0.7532894736842105,0.8254213178029188,0.6111111111111112,rCLR_Streptococcus parasanguinis,rCLR,Streptococcus parasanguinis,Streptococcus parasanguinis,streptococcus parasanguinis,0.0,0.0,False,zero,127
OnlyFemale,LASSO_LogisticRegression,ThomasAM_2019_c,0.03,0.7532894736842105,0.8254213178029188,0.6111111111111112,rCLR_Coprococcus eutactus,rCLR,Coprococcus eutactus,Coprococcus eutactus,coprococcus eutactus,0.0,0.0,False,zero,128
OnlyFemale,LASSO_LogisticRegression,ThomasAM_2019_c,0.03,0.7532894736842105,0.8254213178029188,0.6111111111111112,rCLR_[Ruminococcus] lactaris,rCLR,[Ruminococcus] lactaris,[Ruminococcus] lactaris,[ruminococcus] lactaris,0.0,0.0,False,zero,129
OnlyFemale,LASSO_LogisticRegression,ThomasAM_2019_c,0.03,0.7532894736842105,0.8254213178029188,0.6111111111111112,rCLR_Coprococcus catus,rCLR,Coprococcus catus,Coprococcus catus,coprococcus catus,0.0,0.0,False,zero,130
OnlyFemale,LASSO_LogisticRegression,ThomasAM_2019_c,0.03,0.7532894736842105,0.8254213178029188,0.6111111111111112,rCLR_Roseburia intestinalis,rCLR,Roseburia intestinalis,Roseburia intestinalis,roseburia intestinalis,0.0,0.0,False,zero,131
OnlyFemale,LASSO_LogisticRegression,ThomasAM_2019_c,0.03,0.7532894736842105,0.8254213178029188,0.6111111111111112,rCLR_Roseburia inulinivorans,rCLR,Roseburia inulinivorans,Roseburia inulinivorans,roseburia inulinivorans,0.0,0.0,False,zero,132
OnlyFemale,LASSO_LogisticRegression,ThomasAM_2019_c,0.03,0.7532894736842105,0.8254213178029188,0.6111111111111112,rCLR_Phascolarctobacterium succinatutens,rCLR,Phascolarctobacterium succinatutens,Phascolarctobacterium succinatutens,phascolarctobacterium succinatutens,0.0,0.0,False,zero,133
OnlyFemale,LASSO_LogisticRegression,ThomasAM_2019_c,0.03,0.7532894736842105,0.8254213178029188,0.6111111111111112,rCLR_[Eubacterium] rectale,rCLR,[Eubacterium] rectale,[Eubacterium] rectale,[eubacterium] rectale,0.0,0.0,False,zero,134
OnlyFemale,LASSO_LogisticRegression,ThomasAM_2019_c,0.03,0.7532894736842105,0.8254213178029188,0.6111111111111112,rCLR_Blautia obeum,rCLR,Blautia obeum,Blautia obeum,blautia obeum,0.0,0.0,False,zero,135
OnlyFemale,LASSO_LogisticRegression,ThomasAM_2019_c,0.03,0.7532894736842105,0.8254213178029188,0.6111111111111112,rCLR_Agathobaculum butyriciproducens,rCLR,Agathobaculum butyriciproducens,Agathobaculum butyriciproducens,agathobaculum butyriciproducens,0.0,0.0,False,zero,136
OnlyFemale,LASSO_LogisticRegression,ThomasAM_2019_c,0.03,0.7532894736842105,0.8254213178029188,0.6111111111111112,rCLR_Bacteroides xylanisolvens,rCLR,Bacteroides xylanisolvens,Bacteroides xylanisolvens,bacteroides xylanisolvens,0.0,0.0,False,zero,137
OnlyFemale,LASSO_LogisticRegression,ThomasAM_2019_c,0.03,0.7532894736842105,0.8254213178029188,0.6111111111111112,rCLR_Bacteroides ovatus,rCLR,Bacteroides ovatus,Bacteroides ovatus,bacteroides ovatus,0.0,0.0,False,zero,138
OnlyFemale,LASSO_LogisticRegression,ThomasAM_2019_c,0.03,0.7532894736842105,0.8254213178029188,0.6111111111111112,rCLR_Bacteroides thetaiotaomicron,rCLR,Bacteroides thetaiotaomicron,Bacteroides thetaiotaomicron,bacteroides thetaiotaomicron,0.0,0.0,False,zero,139
OnlyFemale,LASSO_LogisticRegression,ThomasAM_2019_c,0.03,0.7532894736842105,0.8254213178029188,0.6111111111111112,rCLR_Streptococcus thermophilus,rCLR,Streptococcus thermophilus,Streptococcus thermophilus,streptococcus thermophilus,0.0,0.0,False,zero,140
OnlyFemale,LASSO_LogisticRegression,ThomasAM_2019_c,0.03,0.7532894736842105,0.8254213178029188,0.6111111111111112,rCLR_Eubacterium ramulus,rCLR,Eubacterium ramulus,Eubacterium ramulus,eubacterium ramulus,0.0,0.0,False,zero,141
OnlyFemale,LASSO_LogisticRegression,ThomasAM_2019_c,0.03,0.7532894736842105,0.8254213178029188,0.6111111111111112,rCLR_Bifidobacterium adolescentis,rCLR,Bifidobacterium adolescentis,Bifidobacterium adolescentis,bifidobacterium adolescentis,0.0,0.0,False,zero,142
OnlyFemale,LASSO_LogisticRegression,ThomasAM_2019_c,0.03,0.7532894736842105,0.8254213178029188,0.6111111111111112,rCLR_Eubacterium sp. CAG:274,rCLR,Eubacterium sp. CAG:274,Eubacterium sp. CAG:274,eubacterium sp. cag:274,0.0,0.0,False,zero,143
OnlyFemale,LASSO_LogisticRegression,ThomasAM_2019_c,0.03,0.7532894736842105,0.8254213178029188,0.6111111111111112,rCLR_Eubacterium ventriosum,rCLR,Eubacterium ventriosum,Eubacterium ventriosum,eubacterium ventriosum,0.0,0.0,False,zero,144
OnlyFemale,LASSO_LogisticRegression,ThomasAM_2019_c,0.03,0.7532894736842105,0.8254213178029188,0.6111111111111112,rCLR_Flavonifractor plautii,rCLR,Flavonifractor plautii,Flavonifractor plautii,flavonifractor plautii,0.0,0.0,False,zero,145
OnlyFemale,LASSO_LogisticRegression,ThomasAM_2019_c,0.03,0.7532894736842105,0.8254213178029188,0.6111111111111112,rCLR_Oscillibacter sp. 57_20,rCLR,Oscillibacter sp. 57_20,Oscillibacter sp. 57 20,oscillibacter sp. 57 20,0.0,0.0,False,zero,146
OnlyFemale,LASSO_LogisticRegression,ThomasAM_2019_c,0.03,0.7532894736842105,0.8254213178029188,0.6111111111111112,rCLR_Roseburia hominis,rCLR,Roseburia hominis,Roseburia hominis,roseburia hominis,0.0,0.0,False,zero,147
OnlyFemale,LASSO_LogisticRegression,ThomasAM_2019_c,0.03,0.7532894736842105,0.8254213178029188,0.6111111111111112,rCLR_Alistipes finegoldii,rCLR,Alistipes finegoldii,Alistipes finegoldii,alistipes finegoldii,0.0,0.0,False,zero,148
OnlyFemale,LASSO_LogisticRegression,ThomasAM_2019_c,0.03,0.7532894736842105,0.8254213178029188,0.6111111111111112,rCLR_Alistipes putredinis,rCLR,Alistipes putredinis,Alistipes putredinis,alistipes putredinis,0.0,0.0,False,zero,149
OnlyFemale,LASSO_LogisticRegression,ThomasAM_2019_c,0.03,0.7532894736842105,0.8254213178029188,0.6111111111111112,PA_Bacteroides caccae,PA,Bacteroides caccae,Bacteroides caccae,bacteroides caccae,0.0,0.0,False,zero,150
OnlyFemale,LASSO_LogisticRegression,ThomasAM_2019_c,0.03,0.7532894736842105,0.8254213178029188,0.6111111111111112,PA_Desulfovibrio piger,PA,Desulfovibrio piger,Desulfovibrio piger,desulfovibrio piger,0.0,0.0,False,zero,151
OnlyFemale,LASSO_LogisticRegression,ThomasAM_2019_c,0.03,0.7532894736842105,0.8254213178029188,0.6111111111111112,rCLR_Ruminococcus bromii,rCLR,Ruminococcus bromii,Ruminococcus bromii,ruminococcus bromii,0.0,0.0,False,zero,152
OnlyFemale,LASSO_LogisticRegression,ThomasAM_2019_c,0.03,0.7532894736842105,0.8254213178029188,0.6111111111111112,rCLR_Veillonella atypica,rCLR,Veillonella atypica,Veillonella atypica,veillonella atypica,0.0,0.0,False,zero,153
OnlyFemale,LASSO_LogisticRegression,ThomasAM_2019_c,0.03,0.7532894736842105,0.8254213178029188,0.6111111111111112,rCLR_Lachnospira eligens,rCLR,Lachnospira eligens,Lachnospira eligens,lachnospira eligens,0.0,0.0,False,zero,154
OnlyFemale,LASSO_LogisticRegression,ThomasAM_2019_c,0.03,0.7532894736842105,0.8254213178029188,0.6111111111111112,rCLR_Firmicutes bacterium CAG:83,rCLR,Firmicutes bacterium CAG:83,Firmicutes bacterium CAG:83,firmicutes bacterium cag:83,0.0,0.0,False,zero,155
OnlyFemale,LASSO_LogisticRegression,ThomasAM_2019_c,0.03,0.7532894736842105,0.8254213178029188,0.6111111111111112,rCLR_Bacteroides eggerthii,rCLR,Bacteroides eggerthii,Bacteroides eggerthii,bacteroides eggerthii,0.0,0.0,False,zero,156
OnlyFemale,LASSO_LogisticRegression,ThomasAM_2019_c,0.03,0.7532894736842105,0.8254213178029188,0.6111111111111112,rCLR_Roseburia faecis,rCLR,Roseburia faecis,Roseburia faecis,roseburia faecis,0.0,0.0,False,zero,157
OnlyFemale,LASSO_LogisticRegression,ThomasAM_2019_c,0.03,0.7532894736842105,0.8254213178029188,0.6111111111111112,rCLR_Phocaeicola coprocola,rCLR,Phocaeicola coprocola,Phocaeicola coprocola,phocaeicola coprocola,0.0,0.0,False,zero,158
OnlyFemale,LASSO_LogisticRegression,ThomasAM_2019_c,0.03,0.7532894736842105,0.8254213178029188,0.6111111111111112,rCLR_Veillonella parvula,rCLR,Veillonella parvula,Veillonella parvula,veillonella parvula,0.0,0.0,False,zero,159
OnlyFemale,LASSO_LogisticRegression,ThomasAM_2019_c,0.03,0.7532894736842105,0.8254213178029188,0.6111111111111112,rCLR_Gordonibacter pamelaeae,rCLR,Gordonibacter pamelaeae,Gordonibacter pamelaeae,gordonibacter pamelaeae,0.0,0.0,False,zero,160
OnlyFemale,LASSO_LogisticRegression,ThomasAM_2019_c,0.03,0.7532894736842105,0.8254213178029188,0.6111111111111112,rCLR_Eubacterium sp. CAG:180,rCLR,Eubacterium sp. CAG:180,Eubacterium sp. CAG:180,eubacterium sp. cag:180,0.0,0.0,False,zero,161
OnlyFemale,LASSO_LogisticRegression,ThomasAM_2019_c,0.03,0.7532894736842105,0.8254213178029188,0.6111111111111112,rCLR_Parabacteroides merdae,rCLR,Parabacteroides merdae,Parabacteroides merdae,parabacteroides merdae,0.0,0.0,False,zero,162
OnlyFemale,LASSO_LogisticRegression,ThomasAM_2019_c,0.03,0.7532894736842105,0.8254213178029188,0.6111111111111112,rCLR_Phocaeicola dorei,rCLR,Phocaeicola dorei,Phocaeicola dorei,phocaeicola dorei,0.0,0.0,False,zero,163
OnlyFemale,LASSO_LogisticRegression,ThomasAM_2019_c,0.03,0.7532894736842105,0.8254213178029188,0.6111111111111112,rCLR_[Eubacterium] siraeum,rCLR,[Eubacterium] siraeum,[Eubacterium] siraeum,[eubacterium] siraeum,0.0,0.0,False,zero,164
OnlyFemale,LASSO_LogisticRegression,ThomasAM_2019_c,0.03,0.7532894736842105,0.8254213178029188,0.6111111111111112,rCLR_Barnesiella intestinihominis,rCLR,Barnesiella intestinihominis,Barnesiella intestinihominis,barnesiella intestinihominis,0.0,0.0,False,zero,165
OnlyFemale,LASSO_LogisticRegression,ThomasAM_2019_c,0.03,0.7532894736842105,0.8254213178029188,0.6111111111111112,rCLR_Methanobrevibacter smithii,rCLR,Methanobrevibacter smithii,Methanobrevibacter smithii,methanobrevibacter smithii,0.0,0.0,False,zero,166
OnlyFemale,LASSO_LogisticRegression,ThomasAM_2019_c,0.03,0.7532894736842105,0.8254213178029188,0.6111111111111112,rCLR_[Ruminococcus] gnavus,rCLR,[Ruminococcus] gnavus,[Ruminococcus] gnavus,[ruminococcus] gnavus,0.0,0.0,False,zero,167
OnlyFemale,LASSO_LogisticRegression,ThomasAM_2019_c,0.03,0.7532894736842105,0.8254213178029188,0.6111111111111112,rCLR_Firmicutes bacterium CAG:145,rCLR,Firmicutes bacterium CAG:145,Firmicutes bacterium CAG:145,firmicutes bacterium cag:145,0.0,0.0,False,zero,168
OnlyFemale,LASSO_LogisticRegression,ThomasAM_2019_c,0.03,0.7532894736842105,0.8254213178029188,0.6111111111111112,rCLR_Bacteroides cellulosilyticus,rCLR,Bacteroides cellulosilyticus,Bacteroides cellulosilyticus,bacteroides cellulosilyticus,0.0,0.0,False,zero,169
OnlyFemale,LASSO_LogisticRegression,ThomasAM_2019_c,0.03,0.7532894736842105,0.8254213178029188,0.6111111111111112,rCLR_Ruminococcus bicirculans,rCLR,Ruminococcus bicirculans,Ruminococcus bicirculans,ruminococcus bicirculans,0.0,0.0,False,zero,170
OnlyFemale,LASSO_LogisticRegression,ThomasAM_2019_c,0.03,0.7532894736842105,0.8254213178029188,0.6111111111111112,rCLR_Adlercreutzia equolifaciens_1,rCLR,Adlercreutzia equolifaciens_1,Adlercreutzia equolifaciens 1,adlercreutzia equolifaciens 1,0.0,0.0,False,zero,171
OnlyFemale,LASSO_LogisticRegression,ThomasAM_2019_c,0.03,0.7532894736842105,0.8254213178029188,0.6111111111111112,rCLR_Firmicutes bacterium CAG:110,rCLR,Firmicutes bacterium CAG:110,Firmicutes bacterium CAG:110,firmicutes bacterium cag:110,0.0,0.0,False,zero,172
OnlyFemale,LASSO_LogisticRegression,ThomasAM_2019_c,0.03,0.7532894736842105,0.8254213178029188,0.6111111111111112,rCLR_Parabacteroides distasonis,rCLR,Parabacteroides distasonis,Parabacteroides distasonis,parabacteroides distasonis,0.0,0.0,False,zero,173
OnlyFemale,LASSO_LogisticRegression,ThomasAM_2019_c,0.03,0.7532894736842105,0.8254213178029188,0.6111111111111112,rCLR_Odoribacter splanchnicus,rCLR,Odoribacter splanchnicus,Odoribacter splanchnicus,odoribacter splanchnicus,0.0,0.0,False,zero,174
OnlyFemale,LASSO_LogisticRegression,ThomasAM_2019_c,0.03,0.7532894736842105,0.8254213178029188,0.6111111111111112,rCLR_Oscillibacter sp. CAG:241,rCLR,Oscillibacter sp. CAG:241,Oscillibacter sp. CAG:241,oscillibacter sp. cag:241,0.0,0.0,False,zero,175
OnlyFemale,LASSO_LogisticRegression,ThomasAM_2019_c,0.03,0.7532894736842105,0.8254213178029188,0.6111111111111112,rCLR_Alistipes shahii,rCLR,Alistipes shahii,Alistipes shahii,alistipes shahii,0.0,0.0,False,zero,176
OnlyFemale,LASSO_LogisticRegression,ThomasAM_2019_c,0.03,0.7532894736842105,0.8254213178029188,0.6111111111111112,rCLR_Eggerthella lenta,rCLR,Eggerthella lenta,Eggerthella lenta,eggerthella lenta,0.0,0.0,False,zero,177
OnlyFemale,LASSO_LogisticRegression,ThomasAM_2019_c,0.03,0.7532894736842105,0.8254213178029188,0.6111111111111112,rCLR_Escherichia coli,rCLR,Escherichia coli,Escherichia coli,escherichia coli,0.0,0.0,False,zero,178
OnlyFemale,LASSO_LogisticRegression,ThomasAM_2019_c,0.03,0.7532894736842105,0.8254213178029188,0.6111111111111112,rCLR_Butyricimonas virosa,rCLR,Butyricimonas virosa,Butyricimonas virosa,butyricimonas virosa,0.0,0.0,False,zero,179
OnlyFemale,LASSO_LogisticRegression,ThomasAM_2019_c,0.03,0.7532894736842105,0.8254213178029188,0.6111111111111112,rCLR_Bacteroides sp. CAG:144,rCLR,Bacteroides sp. CAG:144,Bacteroides sp. CAG:144,bacteroides sp. cag:144,0.0,0.0,False,zero,180
OnlyFemale,LASSO_LogisticRegression,ThomasAM_2019_c,0.03,0.7532894736842105,0.8254213178029188,0.6111111111111112,rCLR_Intestinibacter bartlettii,rCLR,Intestinibacter bartlettii,Intestinibacter bartlettii,intestinibacter bartlettii,0.0,0.0,False,zero,181
OnlyFemale,LASSO_LogisticRegression,ThomasAM_2019_c,0.03,0.7532894736842105,0.8254213178029188,0.6111111111111112,rCLR_Erysipelatoclostridium ramosum,rCLR,Erysipelatoclostridium ramosum,Erysipelatoclostridium ramosum,erysipelatoclostridium ramosum,0.0,0.0,False,zero,182
OnlyFemale,LASSO_LogisticRegression,ThomasAM_2019_c,0.03,0.7532894736842105,0.8254213178029188,0.6111111111111112,rCLR_Adlercreutzia equolifaciens,rCLR,Adlercreutzia equolifaciens,Adlercreutzia equolifaciens,adlercreutzia equolifaciens,0.0,0.0,False,zero,183
OnlyFemale,LASSO_LogisticRegression,ThomasAM_2019_c,0.03,0.7532894736842105,0.8254213178029188,0.6111111111111112,rCLR_Slackia isoflavoniconvertens,rCLR,Slackia isoflavoniconvertens,Slackia isoflavoniconvertens,slackia isoflavoniconvertens,0.0,0.0,False,zero,184
OnlyFemale,LASSO_LogisticRegression,ThomasAM_2019_c,0.03,0.7532894736842105,0.8254213178029188,0.6111111111111112,rCLR_Clostridium sp. CAG:58,rCLR,Clostridium sp. CAG:58,Clostridium sp. CAG:58,clostridium sp. cag:58,0.0,0.0,False,zero,185
OnlyFemale,LASSO_LogisticRegression,ThomasAM_2019_c,0.03,0.7532894736842105,0.8254213178029188,0.6111111111111112,rCLR_Bacteroides intestinalis,rCLR,Bacteroides intestinalis,Bacteroides intestinalis,bacteroides intestinalis,0.0,0.0,False,zero,186
OnlyFemale,LASSO_LogisticRegression,ThomasAM_2019_c,0.03,0.7532894736842105,0.8254213178029188,0.6111111111111112,rCLR_Akkermansia muciniphila,rCLR,Akkermansia muciniphila,Akkermansia muciniphila,akkermansia muciniphila,0.0,0.0,False,zero,187
OnlyFemale,LASSO_LogisticRegression,ThomasAM_2019_c,0.03,0.7532894736842105,0.8254213178029188,0.6111111111111112,rCLR_Bifidobacterium pseudocatenulatum,rCLR,Bifidobacterium pseudocatenulatum,Bifidobacterium pseudocatenulatum,bifidobacterium pseudocatenulatum,0.0,0.0,False,zero,188
OnlyFemale,LASSO_LogisticRegression,ThomasAM_2019_c,0.03,0.7532894736842105,0.8254213178029188,0.6111111111111112,rCLR_Eubacterium sp. CAG:38,rCLR,Eubacterium sp. CAG:38,Eubacterium sp. CAG:38,eubacterium sp. cag:38,0.0,0.0,False,zero,189
OnlyFemale,LASSO_LogisticRegression,ThomasAM_2019_c,0.03,0.7532894736842105,0.8254213178029188,0.6111111111111112,rCLR_Bifidobacterium bifidum,rCLR,Bifidobacterium bifidum,Bifidobacterium bifidum,bifidobacterium bifidum,0.0,0.0,False,zero,190
OnlyFemale,LASSO_LogisticRegression,ThomasAM_2019_c,0.03,0.7532894736842105,0.8254213178029188,0.6111111111111112,rCLR_Blautia sp. CAG:257,rCLR,Blautia sp. CAG:257,Blautia sp. CAG:257,blautia sp. cag:257,0.0,0.0,False,zero,191
OnlyFemale,LASSO_LogisticRegression,ThomasAM_2019_c,0.03,0.7532894736842105,0.8254213178029188,0.6111111111111112,rCLR_Parasutterella excrementihominis,rCLR,Parasutterella excrementihominis,Parasutterella excrementihominis,parasutterella excrementihominis,0.0,0.0,False,zero,192
OnlyFemale,LASSO_LogisticRegression,ThomasAM_2019_c,0.03,0.7532894736842105,0.8254213178029188,0.6111111111111112,rCLR_Proteobacteria bacterium CAG:139,rCLR,Proteobacteria bacterium CAG:139,Proteobacteria bacterium CAG:139,proteobacteria bacterium cag:139,0.0,0.0,False,zero,193
OnlyFemale,LASSO_LogisticRegression,ThomasAM_2019_c,0.03,0.7532894736842105,0.8254213178029188,0.6111111111111112,rCLR_Lawsonibacter asaccharolyticus,rCLR,Lawsonibacter asaccharolyticus,Lawsonibacter asaccharolyticus,lawsonibacter asaccharolyticus,0.0,0.0,False,zero,194
OnlyFemale,LASSO_LogisticRegression,ThomasAM_2019_c,0.03,0.7532894736842105,0.8254213178029188,0.6111111111111112,rCLR_Coprobacter fastidiosus,rCLR,Coprobacter fastidiosus,Coprobacter fastidiosus,coprobacter fastidiosus,0.0,0.0,False,zero,195
OnlyFemale,LASSO_LogisticRegression,ThomasAM_2019_c,0.03,0.7532894736842105,0.8254213178029188,0.6111111111111112,rCLR_Alistipes inops,rCLR,Alistipes inops,Alistipes inops,alistipes inops,0.0,0.0,False,zero,196
OnlyFemale,LASSO_LogisticRegression,ThomasAM_2019_c,0.03,0.7532894736842105,0.8254213178029188,0.6111111111111112,rCLR_Bacteroides finegoldii,rCLR,Bacteroides finegoldii,Bacteroides finegoldii,bacteroides finegoldii,0.0,0.0,False,zero,197
OnlyFemale,LASSO_LogisticRegression,ThomasAM_2019_c,0.03,0.7532894736842105,0.8254213178029188,0.6111111111111112,rCLR_Paraprevotella xylaniphila,rCLR,Paraprevotella xylaniphila,Paraprevotella xylaniphila,paraprevotella xylaniphila,0.0,0.0,False,zero,198
OnlyFemale,LASSO_LogisticRegression,ThomasAM_2019_c,0.03,0.7532894736842105,0.8254213178029188,0.6111111111111112,rCLR_Dialister invisus,rCLR,Dialister invisus,Dialister invisus,dialister invisus,0.0,0.0,False,zero,199
OnlyFemale,LASSO_LogisticRegression,ThomasAM_2019_c,0.03,0.7532894736842105,0.8254213178029188,0.6111111111111112,rCLR_Enterocloster bolteae,rCLR,Enterocloster bolteae,Enterocloster bolteae,enterocloster bolteae,0.0,0.0,False,zero,200
OnlyFemale,LASSO_LogisticRegression,ThomasAM_2019_c,0.03,0.7532894736842105,0.8254213178029188,0.6111111111111112,rCLR_Bacteroides caccae,rCLR,Bacteroides caccae,Bacteroides caccae,bacteroides caccae,0.0,0.0,False,zero,201
OnlyFemale,LASSO_LogisticRegression,ThomasAM_2019_c,0.03,0.7532894736842105,0.8254213178029188,0.6111111111111112,rCLR_Desulfovibrio piger,rCLR,Desulfovibrio piger,Desulfovibrio piger,desulfovibrio piger,0.0,0.0,False,zero,202
OnlyFemale,LASSO_LogisticRegression,ThomasAM_2019_c,0.03,0.7532894736842105,0.8254213178029188,0.6111111111111112,rCLR_Lachnospira pectinoschiza,rCLR,Lachnospira pectinoschiza,Lachnospira pectinoschiza,lachnospira pectinoschiza,0.0,0.0,False,zero,203
OnlyFemale,LASSO_LogisticRegression,ThomasAM_2019_c,0.03,0.7532894736842105,0.8254213178029188,0.6111111111111112,rCLR_Prevotella copri,rCLR,Prevotella copri,Prevotella copri,prevotella copri,0.0,0.0,False,zero,204
OnlyFemale,LASSO_LogisticRegression,ThomasAM_2019_c,0.03,0.7532894736842105,0.8254213178029188,0.6111111111111112,rCLR_Phocaeicola massiliensis,rCLR,Phocaeicola massiliensis,Phocaeicola massiliensis,phocaeicola massiliensis,0.0,0.0,False,zero,205
OnlyFemale,LASSO_LogisticRegression,ThomasAM_2019_c,0.03,0.7532894736842105,0.8254213178029188,0.6111111111111112,rCLR_Megamonas funiformis,rCLR,Megamonas funiformis,Megamonas funiformis,megamonas funiformis,0.0,0.0,False,zero,206
OnlyFemale,LASSO_LogisticRegression,ThomasAM_2019_c,0.03,0.7532894736842105,0.8254213178029188,0.6111111111111112,rCLR_Phascolarctobacterium faecium,rCLR,Phascolarctobacterium faecium,Phascolarctobacterium faecium,phascolarctobacterium faecium,0.0,0.0,False,zero,207
OnlyFemale,LASSO_LogisticRegression,ThomasAM_2019_c,0.03,0.7532894736842105,0.8254213178029188,0.6111111111111112,rCLR_Acidaminococcus intestini,rCLR,Acidaminococcus intestini,Acidaminococcus intestini,acidaminococcus intestini,0.0,0.0,False,zero,208
OnlyFemale,LASSO_LogisticRegression,ThomasAM_2019_c,0.03,0.7532894736842105,0.8254213178029188,0.6111111111111112,rCLR_Anaerotignum lactatifermentans,rCLR,Anaerotignum lactatifermentans,Anaerotignum lactatifermentans,anaerotignum lactatifermentans,0.0,0.0,False,zero,209
OnlyFemale,LASSO_LogisticRegression,ThomasAM_2019_c,0.03,0.7532894736842105,0.8254213178029188,0.6111111111111112,rCLR_Bacteroides salyersiae,rCLR,Bacteroides salyersiae,Bacteroides salyersiae,bacteroides salyersiae,0.0,0.0,False,zero,210
OnlyFemale,LASSO_LogisticRegression,ThomasAM_2019_c,0.03,0.7532894736842105,0.8254213178029188,0.6111111111111112,rCLR_Parvimonas micra,rCLR,Parvimonas micra,Parvimonas micra,parvimonas micra,0.0,0.0,False,zero,211
OnlyFemale,LASSO_LogisticRegression,ThomasAM_2019_c,0.03,0.7532894736842105,0.8254213178029188,0.6111111111111112,rCLR_Klebsiella pneumoniae,rCLR,Klebsiella pneumoniae,Klebsiella pneumoniae,klebsiella pneumoniae,0.0,0.0,False,zero,212
OnlyFemale,LASSO_LogisticRegression,ThomasAM_2019_c,0.03,0.7532894736842105,0.8254213178029188,0.6111111111111112,rCLR_Klebsiella variicola,rCLR,Klebsiella variicola,Klebsiella variicola,klebsiella variicola,0.0,0.0,False,zero,213
OnlyFemale,LASSO_LogisticRegression,ThomasAM_2019_c,0.03,0.7532894736842105,0.8254213178029188,0.6111111111111112,rCLR_Klebsiella quasipneumoniae,rCLR,Klebsiella quasipneumoniae,Klebsiella quasipneumoniae,klebsiella quasipneumoniae,0.0,0.0,False,zero,214
OnlyFemale,LASSO_LogisticRegression,ThomasAM_2019_c,0.03,0.7532894736842105,0.8254213178029188,0.6111111111111112,Age,covariate,Age,Age,age,0.0,0.0,False,zero,215
OnlyFemale,LASSO_LogisticRegression,VogtmannE_2016,0.03,0.6533333333333333,0.7052799625779165,0.3157894736842105,PA_Parvimonas micra,PA,Parvimonas micra,Parvimonas micra,parvimonas micra,0.2814000503696292,0.2814000503696292,True,CRC-associated,1
OnlyFemale,LASSO_LogisticRegression,VogtmannE_2016,0.03,0.6533333333333333,0.7052799625779165,0.3157894736842105,rCLR_Dorea formicigenerans,rCLR,Dorea formicigenerans,Dorea formicigenerans,dorea formicigenerans,0.06410019185826711,0.06410019185826711,True,CRC-associated,2
OnlyFemale,LASSO_LogisticRegression,VogtmannE_2016,0.03,0.6533333333333333,0.7052799625779165,0.3157894736842105,rCLR_Anaerostipes hadrus,rCLR,Anaerostipes hadrus,Anaerostipes hadrus,anaerostipes hadrus,-0.06195154806906019,0.06195154806906019,True,Control-associated,3
OnlyFemale,LASSO_LogisticRegression,VogtmannE_2016,0.03,0.6533333333333333,0.7052799625779165,0.3157894736842105,PA_Flavonifractor plautii,PA,Flavonifractor plautii,Flavonifractor plautii,flavonifractor plautii,0.042775021009730255,0.042775021009730255,True,CRC-associated,4
OnlyFemale,LASSO_LogisticRegression,VogtmannE_2016,0.03,0.6533333333333333,0.7052799625779165,0.3157894736842105,rCLR_Ruthenibacterium lactatiformans,rCLR,Ruthenibacterium lactatiformans,Ruthenibacterium lactatiformans,ruthenibacterium lactatiformans,0.042076284004133026,0.042076284004133026,True,CRC-associated,5
OnlyFemale,LASSO_LogisticRegression,VogtmannE_2016,0.03,0.6533333333333333,0.7052799625779165,0.3157894736842105,PA_Streptococcus salivarius,PA,Streptococcus salivarius,Streptococcus salivarius,streptococcus salivarius,0.0,0.0,False,zero,6
OnlyFemale,LASSO_LogisticRegression,VogtmannE_2016,0.03,0.6533333333333333,0.7052799625779165,0.3157894736842105,PA_Faecalibacterium prausnitzii,PA,Faecalibacterium prausnitzii,Faecalibacterium prausnitzii,faecalibacterium prausnitzii,0.0,0.0,False,zero,7
OnlyFemale,LASSO_LogisticRegression,VogtmannE_2016,0.03,0.6533333333333333,0.7052799625779165,0.3157894736842105,PA_Phocaeicola vulgatus,PA,Phocaeicola vulgatus,Phocaeicola vulgatus,phocaeicola vulgatus,0.0,0.0,False,zero,8
OnlyFemale,LASSO_LogisticRegression,VogtmannE_2016,0.03,0.6533333333333333,0.7052799625779165,0.3157894736842105,PA_Dorea longicatena,PA,Dorea longicatena,Dorea longicatena,dorea longicatena,0.0,0.0,False,zero,9
OnlyFemale,LASSO_LogisticRegression,VogtmannE_2016,0.03,0.6533333333333333,0.7052799625779165,0.3157894736842105,PA_Eubacterium sp. CAG:251,PA,Eubacterium sp. CAG:251,Eubacterium sp. CAG:251,eubacterium sp. cag:251,0.0,0.0,False,zero,10
OnlyFemale,LASSO_LogisticRegression,VogtmannE_2016,0.03,0.6533333333333333,0.7052799625779165,0.3157894736842105,PA_Fusicatenibacter saccharivorans,PA,Fusicatenibacter saccharivorans,Fusicatenibacter saccharivorans,fusicatenibacter saccharivorans,0.0,0.0,False,zero,11
OnlyFemale,LASSO_LogisticRegression,VogtmannE_2016,0.03,0.6533333333333333,0.7052799625779165,0.3157894736842105,PA_Coprococcus comes,PA,Coprococcus comes,Coprococcus comes,coprococcus comes,0.0,0.0,False,zero,12
OnlyFemale,LASSO_LogisticRegression,VogtmannE_2016,0.03,0.6533333333333333,0.7052799625779165,0.3157894736842105,PA_[Ruminococcus] torques,PA,[Ruminococcus] torques,[Ruminococcus] torques,[ruminococcus] torques,0.0,0.0,False,zero,13
OnlyFemale,LASSO_LogisticRegression,VogtmannE_2016,0.03,0.6533333333333333,0.7052799625779165,0.3157894736842105,PA_Anaerobutyricum hallii,PA,Anaerobutyricum hallii,Anaerobutyricum hallii,anaerobutyricum hallii,0.0,0.0,False,zero,14
OnlyFemale,LASSO_LogisticRegression,VogtmannE_2016,0.03,0.6533333333333333,0.7052799625779165,0.3157894736842105,PA_Holdemanella biformis,PA,Holdemanella biformis,Holdemanella biformis,holdemanella biformis,0.0,0.0,False,zero,15
OnlyFemale,LASSO_LogisticRegression,VogtmannE_2016,0.03,0.6533333333333333,0.7052799625779165,0.3157894736842105,PA_Bacteroides uniformis,PA,Bacteroides uniformis,Bacteroides uniformis,bacteroides uniformis,0.0,0.0,False,zero,16
OnlyFemale,LASSO_LogisticRegression,VogtmannE_2016,0.03,0.6533333333333333,0.7052799625779165,0.3157894736842105,PA_Blautia wexlerae,PA,Blautia wexlerae,Blautia wexlerae,blautia wexlerae,0.0,0.0,False,zero,17
OnlyFemale,LASSO_LogisticRegression,VogtmannE_2016,0.03,0.6533333333333333,0.7052799625779165,0.3157894736842105,PA_Gemmiger formicilis,PA,Gemmiger formicilis,Gemmiger formicilis,gemmiger formicilis,0.0,0.0,False,zero,18
OnlyFemale,LASSO_LogisticRegression,VogtmannE_2016,0.03,0.6533333333333333,0.7052799625779165,0.3157894736842105,PA_Dorea formicigenerans,PA,Dorea formicigenerans,Dorea formicigenerans,dorea formicigenerans,0.0,0.0,False,zero,19
OnlyFemale,LASSO_LogisticRegression,VogtmannE_2016,0.03,0.6533333333333333,0.7052799625779165,0.3157894736842105,PA_Bacteroides stercoris,PA,Bacteroides stercoris,Bacteroides stercoris,bacteroides stercoris,0.0,0.0,False,zero,20
OnlyFemale,LASSO_LogisticRegression,VogtmannE_2016,0.03,0.6533333333333333,0.7052799625779165,0.3157894736842105,PA_Collinsella aerofaciens,PA,Collinsella aerofaciens,Collinsella aerofaciens,collinsella aerofaciens,0.0,0.0,False,zero,21
OnlyFemale,LASSO_LogisticRegression,VogtmannE_2016,0.03,0.6533333333333333,0.7052799625779165,0.3157894736842105,PA_Bifidobacterium longum,PA,Bifidobacterium longum,Bifidobacterium longum,bifidobacterium longum,0.0,0.0,False,zero,22
OnlyFemale,LASSO_LogisticRegression,VogtmannE_2016,0.03,0.6533333333333333,0.7052799625779165,0.3157894736842105,PA_Anaerostipes hadrus,PA,Anaerostipes hadrus,Anaerostipes hadrus,anaerostipes hadrus,0.0,0.0,False,zero,23
OnlyFemale,LASSO_LogisticRegression,VogtmannE_2016,0.03,0.6533333333333333,0.7052799625779165,0.3157894736842105,PA_Coprococcus catus,PA,Coprococcus catus,Coprococcus catus,coprococcus catus,0.0,0.0,False,zero,24
OnlyFemale,LASSO_LogisticRegression,VogtmannE_2016,0.03,0.6533333333333333,0.7052799625779165,0.3157894736842105,PA_Roseburia intestinalis,PA,Roseburia intestinalis,Roseburia intestinalis,roseburia intestinalis,0.0,0.0,False,zero,25
OnlyFemale,LASSO_LogisticRegression,VogtmannE_2016,0.03,0.6533333333333333,0.7052799625779165,0.3157894736842105,PA_Phascolarctobacterium succinatutens,PA,Phascolarctobacterium succinatutens,Phascolarctobacterium succinatutens,phascolarctobacterium succinatutens,0.0,0.0,False,zero,26
OnlyFemale,LASSO_LogisticRegression,VogtmannE_2016,0.03,0.6533333333333333,0.7052799625779165,0.3157894736842105,PA_Roseburia inulinivorans,PA,Roseburia inulinivorans,Roseburia inulinivorans,roseburia inulinivorans,0.0,0.0,False,zero,27
OnlyFemale,LASSO_LogisticRegression,VogtmannE_2016,0.03,0.6533333333333333,0.7052799625779165,0.3157894736842105,PA_Blautia obeum,PA,Blautia obeum,Blautia obeum,blautia obeum,0.0,0.0,False,zero,28
OnlyFemale,LASSO_LogisticRegression,VogtmannE_2016,0.03,0.6533333333333333,0.7052799625779165,0.3157894736842105,PA_Agathobaculum butyriciproducens,PA,Agathobaculum butyriciproducens,Agathobaculum butyriciproducens,agathobaculum butyriciproducens,0.0,0.0,False,zero,29
OnlyFemale,LASSO_LogisticRegression,VogtmannE_2016,0.03,0.6533333333333333,0.7052799625779165,0.3157894736842105,PA_Bacteroides xylanisolvens,PA,Bacteroides xylanisolvens,Bacteroides xylanisolvens,bacteroides xylanisolvens,0.0,0.0,False,zero,30
OnlyFemale,LASSO_LogisticRegression,VogtmannE_2016,0.03,0.6533333333333333,0.7052799625779165,0.3157894736842105,PA_[Eubacterium] rectale,PA,[Eubacterium] rectale,[Eubacterium] rectale,[eubacterium] rectale,0.0,0.0,False,zero,31
OnlyFemale,LASSO_LogisticRegression,VogtmannE_2016,0.03,0.6533333333333333,0.7052799625779165,0.3157894736842105,PA_Bacteroides ovatus,PA,Bacteroides ovatus,Bacteroides ovatus,bacteroides ovatus,0.0,0.0,False,zero,32
OnlyFemale,LASSO_LogisticRegression,VogtmannE_2016,0.03,0.6533333333333333,0.7052799625779165,0.3157894736842105,PA_Bacteroides thetaiotaomicron,PA,Bacteroides thetaiotaomicron,Bacteroides thetaiotaomicron,bacteroides thetaiotaomicron,0.0,0.0,False,zero,33
OnlyFemale,LASSO_LogisticRegression,VogtmannE_2016,0.03,0.6533333333333333,0.7052799625779165,0.3157894736842105,PA_Eubacterium ramulus,PA,Eubacterium ramulus,Eubacterium ramulus,eubacterium ramulus,0.0,0.0,False,zero,34
OnlyFemale,LASSO_LogisticRegression,VogtmannE_2016,0.03,0.6533333333333333,0.7052799625779165,0.3157894736842105,PA_Streptococcus thermophilus,PA,Streptococcus thermophilus,Streptococcus thermophilus,streptococcus thermophilus,0.0,0.0,False,zero,35
OnlyFemale,LASSO_LogisticRegression,VogtmannE_2016,0.03,0.6533333333333333,0.7052799625779165,0.3157894736842105,PA_Bifidobacterium adolescentis,PA,Bifidobacterium adolescentis,Bifidobacterium adolescentis,bifidobacterium adolescentis,0.0,0.0,False,zero,36
OnlyFemale,LASSO_LogisticRegression,VogtmannE_2016,0.03,0.6533333333333333,0.7052799625779165,0.3157894736842105,PA_Eubacterium sp. CAG:274,PA,Eubacterium sp. CAG:274,Eubacterium sp. CAG:274,eubacterium sp. cag:274,0.0,0.0,False,zero,37
OnlyFemale,LASSO_LogisticRegression,VogtmannE_2016,0.03,0.6533333333333333,0.7052799625779165,0.3157894736842105,PA_Eubacterium ventriosum,PA,Eubacterium ventriosum,Eubacterium ventriosum,eubacterium ventriosum,0.0,0.0,False,zero,38
OnlyFemale,LASSO_LogisticRegression,VogtmannE_2016,0.03,0.6533333333333333,0.7052799625779165,0.3157894736842105,PA_Oscillibacter sp. 57_20,PA,Oscillibacter sp. 57_20,Oscillibacter sp. 57 20,oscillibacter sp. 57 20,0.0,0.0,False,zero,39
OnlyFemale,LASSO_LogisticRegression,VogtmannE_2016,0.03,0.6533333333333333,0.7052799625779165,0.3157894736842105,PA_Roseburia hominis,PA,Roseburia hominis,Roseburia hominis,roseburia hominis,0.0,0.0,False,zero,40
OnlyFemale,LASSO_LogisticRegression,VogtmannE_2016,0.03,0.6533333333333333,0.7052799625779165,0.3157894736842105,PA_Alistipes finegoldii,PA,Alistipes finegoldii,Alistipes finegoldii,alistipes finegoldii,0.0,0.0,False,zero,41
OnlyFemale,LASSO_LogisticRegression,VogtmannE_2016,0.03,0.6533333333333333,0.7052799625779165,0.3157894736842105,PA_Alistipes putredinis,PA,Alistipes putredinis,Alistipes putredinis,alistipes putredinis,0.0,0.0,False,zero,42
OnlyFemale,LASSO_LogisticRegression,VogtmannE_2016,0.03,0.6533333333333333,0.7052799625779165,0.3157894736842105,PA_Veillonella atypica,PA,Veillonella atypica,Veillonella atypica,veillonella atypica,0.0,0.0,False,zero,43
OnlyFemale,LASSO_LogisticRegression,VogtmannE_2016,0.03,0.6533333333333333,0.7052799625779165,0.3157894736842105,PA_Ruminococcus bromii,PA,Ruminococcus bromii,Ruminococcus bromii,ruminococcus bromii,0.0,0.0,False,zero,44
OnlyFemale,LASSO_LogisticRegression,VogtmannE_2016,0.03,0.6533333333333333,0.7052799625779165,0.3157894736842105,PA_Firmicutes bacterium CAG:83,PA,Firmicutes bacterium CAG:83,Firmicutes bacterium CAG:83,firmicutes bacterium cag:83,0.0,0.0,False,zero,45
OnlyFemale,LASSO_LogisticRegression,VogtmannE_2016,0.03,0.6533333333333333,0.7052799625779165,0.3157894736842105,PA_Veillonella parvula,PA,Veillonella parvula,Veillonella parvula,veillonella parvula,0.0,0.0,False,zero,46
OnlyFemale,LASSO_LogisticRegression,VogtmannE_2016,0.03,0.6533333333333333,0.7052799625779165,0.3157894736842105,PA_Lachnospira eligens,PA,Lachnospira eligens,Lachnospira eligens,lachnospira eligens,0.0,0.0,False,zero,47
OnlyFemale,LASSO_LogisticRegression,VogtmannE_2016,0.03,0.6533333333333333,0.7052799625779165,0.3157894736842105,PA_[Ruminococcus] gnavus,PA,[Ruminococcus] gnavus,[Ruminococcus] gnavus,[ruminococcus] gnavus,0.0,0.0,False,zero,48
OnlyFemale,LASSO_LogisticRegression,VogtmannE_2016,0.03,0.6533333333333333,0.7052799625779165,0.3157894736842105,PA_Bacteroides eggerthii,PA,Bacteroides eggerthii,Bacteroides eggerthii,bacteroides eggerthii,0.0,0.0,False,zero,49
OnlyFemale,LASSO_LogisticRegression,VogtmannE_2016,0.03,0.6533333333333333,0.7052799625779165,0.3157894736842105,PA_Roseburia faecis,PA,Roseburia faecis,Roseburia faecis,roseburia faecis,0.0,0.0,False,zero,50
OnlyFemale,LASSO_LogisticRegression,VogtmannE_2016,0.03,0.6533333333333333,0.7052799625779165,0.3157894736842105,PA_Phocaeicola coprocola,PA,Phocaeicola coprocola,Phocaeicola coprocola,phocaeicola coprocola,0.0,0.0,False,zero,51
OnlyFemale,LASSO_LogisticRegression,VogtmannE_2016,0.03,0.6533333333333333,0.7052799625779165,0.3157894736842105,PA_Adlercreutzia equolifaciens,PA,Adlercreutzia equolifaciens,Adlercreutzia equolifaciens,adlercreutzia equolifaciens,0.0,0.0,False,zero,52
OnlyFemale,LASSO_LogisticRegression,VogtmannE_2016,0.03,0.6533333333333333,0.7052799625779165,0.3157894736842105,PA_Gordonibacter pamelaeae,PA,Gordonibacter pamelaeae,Gordonibacter pamelaeae,gordonibacter pamelaeae,0.0,0.0,False,zero,53
OnlyFemale,LASSO_LogisticRegression,VogtmannE_2016,0.03,0.6533333333333333,0.7052799625779165,0.3157894736842105,PA_Eubacterium sp. CAG:180,PA,Eubacterium sp. CAG:180,Eubacterium sp. CAG:180,eubacterium sp. cag:180,0.0,0.0,False,zero,54
OnlyFemale,LASSO_LogisticRegression,VogtmannE_2016,0.03,0.6533333333333333,0.7052799625779165,0.3157894736842105,PA_Parabacteroides merdae,PA,Parabacteroides merdae,Parabacteroides merdae,parabacteroides merdae,0.0,0.0,False,zero,55
OnlyFemale,LASSO_LogisticRegression,VogtmannE_2016,0.03,0.6533333333333333,0.7052799625779165,0.3157894736842105,PA_Phocaeicola dorei,PA,Phocaeicola dorei,Phocaeicola dorei,phocaeicola dorei,0.0,0.0,False,zero,56
OnlyFemale,LASSO_LogisticRegression,VogtmannE_2016,0.03,0.6533333333333333,0.7052799625779165,0.3157894736842105,PA_[Eubacterium] siraeum,PA,[Eubacterium] siraeum,[Eubacterium] siraeum,[eubacterium] siraeum,0.0,0.0,False,zero,57
OnlyFemale,LASSO_LogisticRegression,VogtmannE_2016,0.03,0.6533333333333333,0.7052799625779165,0.3157894736842105,PA_Barnesiella intestinihominis,PA,Barnesiella intestinihominis,Barnesiella intestinihominis,barnesiella intestinihominis,0.0,0.0,False,zero,58
OnlyFemale,LASSO_LogisticRegression,VogtmannE_2016,0.03,0.6533333333333333,0.7052799625779165,0.3157894736842105,PA_Methanobrevibacter smithii,PA,Methanobrevibacter smithii,Methanobrevibacter smithii,methanobrevibacter smithii,0.0,0.0,False,zero,59
OnlyFemale,LASSO_LogisticRegression,VogtmannE_2016,0.03,0.6533333333333333,0.7052799625779165,0.3157894736842105,PA_Firmicutes bacterium CAG:145,PA,Firmicutes bacterium CAG:145,Firmicutes bacterium CAG:145,firmicutes bacterium cag:145,0.0,0.0,False,zero,60
OnlyFemale,LASSO_LogisticRegression,VogtmannE_2016,0.03,0.6533333333333333,0.7052799625779165,0.3157894736842105,PA_Bacteroides cellulosilyticus,PA,Bacteroides cellulosilyticus,Bacteroides cellulosilyticus,bacteroides cellulosilyticus,0.0,0.0,False,zero,61
OnlyFemale,LASSO_LogisticRegression,VogtmannE_2016,0.03,0.6533333333333333,0.7052799625779165,0.3157894736842105,PA_Adlercreutzia equolifaciens_1,PA,Adlercreutzia equolifaciens_1,Adlercreutzia equolifaciens 1,adlercreutzia equolifaciens 1,0.0,0.0,False,zero,62
OnlyFemale,LASSO_LogisticRegression,VogtmannE_2016,0.03,0.6533333333333333,0.7052799625779165,0.3157894736842105,PA_Ruminococcus bicirculans,PA,Ruminococcus bicirculans,Ruminococcus bicirculans,ruminococcus bicirculans,0.0,0.0,False,zero,63
OnlyFemale,LASSO_LogisticRegression,VogtmannE_2016,0.03,0.6533333333333333,0.7052799625779165,0.3157894736842105,PA_Firmicutes bacterium CAG:110,PA,Firmicutes bacterium CAG:110,Firmicutes bacterium CAG:110,firmicutes bacterium cag:110,0.0,0.0,False,zero,64
OnlyFemale,LASSO_LogisticRegression,VogtmannE_2016,0.03,0.6533333333333333,0.7052799625779165,0.3157894736842105,PA_Parabacteroides distasonis,PA,Parabacteroides distasonis,Parabacteroides distasonis,parabacteroides distasonis,0.0,0.0,False,zero,65
OnlyFemale,LASSO_LogisticRegression,VogtmannE_2016,0.03,0.6533333333333333,0.7052799625779165,0.3157894736842105,PA_Ruthenibacterium lactatiformans,PA,Ruthenibacterium lactatiformans,Ruthenibacterium lactatiformans,ruthenibacterium lactatiformans,0.0,0.0,False,zero,66
OnlyFemale,LASSO_LogisticRegression,VogtmannE_2016,0.03,0.6533333333333333,0.7052799625779165,0.3157894736842105,PA_Odoribacter splanchnicus,PA,Odoribacter splanchnicus,Odoribacter splanchnicus,odoribacter splanchnicus,0.0,0.0,False,zero,67
OnlyFemale,LASSO_LogisticRegression,VogtmannE_2016,0.03,0.6533333333333333,0.7052799625779165,0.3157894736842105,PA_Oscillibacter sp. CAG:241,PA,Oscillibacter sp. CAG:241,Oscillibacter sp. CAG:241,oscillibacter sp. cag:241,0.0,0.0,False,zero,68
OnlyFemale,LASSO_LogisticRegression,VogtmannE_2016,0.03,0.6533333333333333,0.7052799625779165,0.3157894736842105,PA_Alistipes shahii,PA,Alistipes shahii,Alistipes shahii,alistipes shahii,0.0,0.0,False,zero,69
OnlyFemale,LASSO_LogisticRegression,VogtmannE_2016,0.03,0.6533333333333333,0.7052799625779165,0.3157894736842105,PA_Eggerthella lenta,PA,Eggerthella lenta,Eggerthella lenta,eggerthella lenta,0.0,0.0,False,zero,70
OnlyFemale,LASSO_LogisticRegression,VogtmannE_2016,0.03,0.6533333333333333,0.7052799625779165,0.3157894736842105,PA_Escherichia coli,PA,Escherichia coli,Escherichia coli,escherichia coli,0.0,0.0,False,zero,71
OnlyFemale,LASSO_LogisticRegression,VogtmannE_2016,0.03,0.6533333333333333,0.7052799625779165,0.3157894736842105,PA_Butyricimonas virosa,PA,Butyricimonas virosa,Butyricimonas virosa,butyricimonas virosa,0.0,0.0,False,zero,72
OnlyFemale,LASSO_LogisticRegression,VogtmannE_2016,0.03,0.6533333333333333,0.7052799625779165,0.3157894736842105,PA_Bacteroides sp. CAG:144,PA,Bacteroides sp. CAG:144,Bacteroides sp. CAG:144,bacteroides sp. cag:144,0.0,0.0,False,zero,73
OnlyFemale,LASSO_LogisticRegression,VogtmannE_2016,0.03,0.6533333333333333,0.7052799625779165,0.3157894736842105,PA_Intestinibacter bartlettii,PA,Intestinibacter bartlettii,Intestinibacter bartlettii,intestinibacter bartlettii,0.0,0.0,False,zero,74
OnlyFemale,LASSO_LogisticRegression,VogtmannE_2016,0.03,0.6533333333333333,0.7052799625779165,0.3157894736842105,PA_Erysipelatoclostridium ramosum,PA,Erysipelatoclostridium ramosum,Erysipelatoclostridium ramosum,erysipelatoclostridium ramosum,0.0,0.0,False,zero,75
OnlyFemale,LASSO_LogisticRegression,VogtmannE_2016,0.03,0.6533333333333333,0.7052799625779165,0.3157894736842105,PA_Slackia isoflavoniconvertens,PA,Slackia isoflavoniconvertens,Slackia isoflavoniconvertens,slackia isoflavoniconvertens,0.0,0.0,False,zero,76
OnlyFemale,LASSO_LogisticRegression,VogtmannE_2016,0.03,0.6533333333333333,0.7052799625779165,0.3157894736842105,PA_Clostridium sp. CAG:58,PA,Clostridium sp. CAG:58,Clostridium sp. CAG:58,clostridium sp. cag:58,0.0,0.0,False,zero,77
OnlyFemale,LASSO_LogisticRegression,VogtmannE_2016,0.03,0.6533333333333333,0.7052799625779165,0.3157894736842105,PA_Akkermansia muciniphila,PA,Akkermansia muciniphila,Akkermansia muciniphila,akkermansia muciniphila,0.0,0.0,False,zero,78
OnlyFemale,LASSO_LogisticRegression,VogtmannE_2016,0.03,0.6533333333333333,0.7052799625779165,0.3157894736842105,PA_Bacteroides intestinalis,PA,Bacteroides intestinalis,Bacteroides intestinalis,bacteroides intestinalis,0.0,0.0,False,zero,79
OnlyFemale,LASSO_LogisticRegression,VogtmannE_2016,0.03,0.6533333333333333,0.7052799625779165,0.3157894736842105,PA_Bifidobacterium pseudocatenulatum,PA,Bifidobacterium pseudocatenulatum,Bifidobacterium pseudocatenulatum,bifidobacterium pseudocatenulatum,0.0,0.0,False,zero,80
OnlyFemale,LASSO_LogisticRegression,VogtmannE_2016,0.03,0.6533333333333333,0.7052799625779165,0.3157894736842105,PA_Eubacterium sp. CAG:38,PA,Eubacterium sp. CAG:38,Eubacterium sp. CAG:38,eubacterium sp. cag:38,0.0,0.0,False,zero,81
OnlyFemale,LASSO_LogisticRegression,VogtmannE_2016,0.03,0.6533333333333333,0.7052799625779165,0.3157894736842105,PA_Bacteroides fragilis,PA,Bacteroides fragilis,Bacteroides fragilis,bacteroides fragilis,0.0,0.0,False,zero,82
OnlyFemale,LASSO_LogisticRegression,VogtmannE_2016,0.03,0.6533333333333333,0.7052799625779165,0.3157894736842105,PA_Bifidobacterium bifidum,PA,Bifidobacterium bifidum,Bifidobacterium bifidum,bifidobacterium bifidum,0.0,0.0,False,zero,83
OnlyFemale,LASSO_LogisticRegression,VogtmannE_2016,0.03,0.6533333333333333,0.7052799625779165,0.3157894736842105,PA_Streptococcus parasanguinis,PA,Streptococcus parasanguinis,Streptococcus parasanguinis,streptococcus parasanguinis,0.0,0.0,False,zero,84
OnlyFemale,LASSO_LogisticRegression,VogtmannE_2016,0.03,0.6533333333333333,0.7052799625779165,0.3157894736842105,PA_Coprococcus eutactus,PA,Coprococcus eutactus,Coprococcus eutactus,coprococcus eutactus,0.0,0.0,False,zero,85
OnlyFemale,LASSO_LogisticRegression,VogtmannE_2016,0.03,0.6533333333333333,0.7052799625779165,0.3157894736842105,PA_[Ruminococcus] lactaris,PA,[Ruminococcus] lactaris,[Ruminococcus] lactaris,[ruminococcus] lactaris,0.0,0.0,False,zero,86
OnlyFemale,LASSO_LogisticRegression,VogtmannE_2016,0.03,0.6533333333333333,0.7052799625779165,0.3157894736842105,PA_Phocaeicola plebeius,PA,Phocaeicola plebeius,Phocaeicola plebeius,phocaeicola plebeius,0.0,0.0,False,zero,87
OnlyFemale,LASSO_LogisticRegression,VogtmannE_2016,0.03,0.6533333333333333,0.7052799625779165,0.3157894736842105,PA_Lawsonibacter asaccharolyticus,PA,Lawsonibacter asaccharolyticus,Lawsonibacter asaccharolyticus,lawsonibacter asaccharolyticus,0.0,0.0,False,zero,88
OnlyFemale,LASSO_LogisticRegression,VogtmannE_2016,0.03,0.6533333333333333,0.7052799625779165,0.3157894736842105,PA_Proteobacteria bacterium CAG:139,PA,Proteobacteria bacterium CAG:139,Proteobacteria bacterium CAG:139,proteobacteria bacterium cag:139,0.0,0.0,False,zero,89
OnlyFemale,LASSO_LogisticRegression,VogtmannE_2016,0.03,0.6533333333333333,0.7052799625779165,0.3157894736842105,PA_Parasutterella excrementihominis,PA,Parasutterella excrementihominis,Parasutterella excrementihominis,parasutterella excrementihominis,0.0,0.0,False,zero,90
OnlyFemale,LASSO_LogisticRegression,VogtmannE_2016,0.03,0.6533333333333333,0.7052799625779165,0.3157894736842105,PA_Blautia sp. CAG:257,PA,Blautia sp. CAG:257,Blautia sp. CAG:257,blautia sp. cag:257,0.0,0.0,False,zero,91
OnlyFemale,LASSO_LogisticRegression,VogtmannE_2016,0.03,0.6533333333333333,0.7052799625779165,0.3157894736842105,PA_Dialister invisus,PA,Dialister invisus,Dialister invisus,dialister invisus,0.0,0.0,False,zero,92
OnlyFemale,LASSO_LogisticRegression,VogtmannE_2016,0.03,0.6533333333333333,0.7052799625779165,0.3157894736842105,PA_Enterocloster bolteae,PA,Enterocloster bolteae,Enterocloster bolteae,enterocloster bolteae,0.0,0.0,False,zero,93
OnlyFemale,LASSO_LogisticRegression,VogtmannE_2016,0.03,0.6533333333333333,0.7052799625779165,0.3157894736842105,PA_Bacteroides finegoldii,PA,Bacteroides finegoldii,Bacteroides finegoldii,bacteroides finegoldii,0.0,0.0,False,zero,94
OnlyFemale,LASSO_LogisticRegression,VogtmannE_2016,0.03,0.6533333333333333,0.7052799625779165,0.3157894736842105,PA_Coprobacter fastidiosus,PA,Coprobacter fastidiosus,Coprobacter fastidiosus,coprobacter fastidiosus,0.0,0.0,False,zero,95
OnlyFemale,LASSO_LogisticRegression,VogtmannE_2016,0.03,0.6533333333333333,0.7052799625779165,0.3157894736842105,PA_Lachnospira pectinoschiza,PA,Lachnospira pectinoschiza,Lachnospira pectinoschiza,lachnospira pectinoschiza,0.0,0.0,False,zero,96
OnlyFemale,LASSO_LogisticRegression,VogtmannE_2016,0.03,0.6533333333333333,0.7052799625779165,0.3157894736842105,PA_Prevotella copri,PA,Prevotella copri,Prevotella copri,prevotella copri,0.0,0.0,False,zero,97
OnlyFemale,LASSO_LogisticRegression,VogtmannE_2016,0.03,0.6533333333333333,0.7052799625779165,0.3157894736842105,PA_Phocaeicola massiliensis,PA,Phocaeicola massiliensis,Phocaeicola massiliensis,phocaeicola massiliensis,0.0,0.0,False,zero,98
OnlyFemale,LASSO_LogisticRegression,VogtmannE_2016,0.03,0.6533333333333333,0.7052799625779165,0.3157894736842105,PA_Megamonas funiformis,PA,Megamonas funiformis,Megamonas funiformis,megamonas funiformis,0.0,0.0,False,zero,99
OnlyFemale,LASSO_LogisticRegression,VogtmannE_2016,0.03,0.6533333333333333,0.7052799625779165,0.3157894736842105,PA_Phascolarctobacterium faecium,PA,Phascolarctobacterium faecium,Phascolarctobacterium faecium,phascolarctobacterium faecium,0.0,0.0,False,zero,100
OnlyFemale,LASSO_LogisticRegression,VogtmannE_2016,0.03,0.6533333333333333,0.7052799625779165,0.3157894736842105,PA_Acidaminococcus intestini,PA,Acidaminococcus intestini,Acidaminococcus intestini,acidaminococcus intestini,0.0,0.0,False,zero,101
OnlyFemale,LASSO_LogisticRegression,VogtmannE_2016,0.03,0.6533333333333333,0.7052799625779165,0.3157894736842105,PA_Bacteroides caccae,PA,Bacteroides caccae,Bacteroides caccae,bacteroides caccae,0.0,0.0,False,zero,102
OnlyFemale,LASSO_LogisticRegression,VogtmannE_2016,0.03,0.6533333333333333,0.7052799625779165,0.3157894736842105,PA_Alistipes inops,PA,Alistipes inops,Alistipes inops,alistipes inops,0.0,0.0,False,zero,103
OnlyFemale,LASSO_LogisticRegression,VogtmannE_2016,0.03,0.6533333333333333,0.7052799625779165,0.3157894736842105,PA_Bacteroides salyersiae,PA,Bacteroides salyersiae,Bacteroides salyersiae,bacteroides salyersiae,0.0,0.0,False,zero,104
OnlyFemale,LASSO_LogisticRegression,VogtmannE_2016,0.03,0.6533333333333333,0.7052799625779165,0.3157894736842105,PA_Anaerotignum lactatifermentans,PA,Anaerotignum lactatifermentans,Anaerotignum lactatifermentans,anaerotignum lactatifermentans,0.0,0.0,False,zero,105
OnlyFemale,LASSO_LogisticRegression,VogtmannE_2016,0.03,0.6533333333333333,0.7052799625779165,0.3157894736842105,PA_Klebsiella variicola,PA,Klebsiella variicola,Klebsiella variicola,klebsiella variicola,0.0,0.0,False,zero,106
OnlyFemale,LASSO_LogisticRegression,VogtmannE_2016,0.03,0.6533333333333333,0.7052799625779165,0.3157894736842105,PA_Klebsiella pneumoniae,PA,Klebsiella pneumoniae,Klebsiella pneumoniae,klebsiella pneumoniae,0.0,0.0,False,zero,107
OnlyFemale,LASSO_LogisticRegression,VogtmannE_2016,0.03,0.6533333333333333,0.7052799625779165,0.3157894736842105,PA_Klebsiella quasipneumoniae,PA,Klebsiella quasipneumoniae,Klebsiella quasipneumoniae,klebsiella quasipneumoniae,0.0,0.0,False,zero,108
OnlyFemale,LASSO_LogisticRegression,VogtmannE_2016,0.03,0.6533333333333333,0.7052799625779165,0.3157894736842105,rCLR_Faecalibacterium prausnitzii,rCLR,Faecalibacterium prausnitzii,Faecalibacterium prausnitzii,faecalibacterium prausnitzii,0.0,0.0,False,zero,109
OnlyFemale,LASSO_LogisticRegression,VogtmannE_2016,0.03,0.6533333333333333,0.7052799625779165,0.3157894736842105,rCLR_Streptococcus salivarius,rCLR,Streptococcus salivarius,Streptococcus salivarius,streptococcus salivarius,0.0,0.0,False,zero,110
OnlyFemale,LASSO_LogisticRegression,VogtmannE_2016,0.03,0.6533333333333333,0.7052799625779165,0.3157894736842105,rCLR_Bacteroides stercoris,rCLR,Bacteroides stercoris,Bacteroides stercoris,bacteroides stercoris,0.0,0.0,False,zero,111
OnlyFemale,LASSO_LogisticRegression,VogtmannE_2016,0.03,0.6533333333333333,0.7052799625779165,0.3157894736842105,rCLR_Collinsella aerofaciens,rCLR,Collinsella aerofaciens,Collinsella aerofaciens,collinsella aerofaciens,0.0,0.0,False,zero,112
OnlyFemale,LASSO_LogisticRegression,VogtmannE_2016,0.03,0.6533333333333333,0.7052799625779165,0.3157894736842105,rCLR_Bifidobacterium longum,rCLR,Bifidobacterium longum,Bifidobacterium longum,bifidobacterium longum,0.0,0.0,False,zero,113
OnlyFemale,LASSO_LogisticRegression,VogtmannE_2016,0.03,0.6533333333333333,0.7052799625779165,0.3157894736842105,rCLR_Phocaeicola plebeius,rCLR,Phocaeicola plebeius,Phocaeicola plebeius,phocaeicola plebeius,0.0,0.0,False,zero,114
OnlyFemale,LASSO_LogisticRegression,VogtmannE_2016,0.03,0.6533333333333333,0.7052799625779165,0.3157894736842105,rCLR_Phocaeicola vulgatus,rCLR,Phocaeicola vulgatus,Phocaeicola vulgatus,phocaeicola vulgatus,0.0,0.0,False,zero,115
OnlyFemale,LASSO_LogisticRegression,VogtmannE_2016,0.03,0.6533333333333333,0.7052799625779165,0.3157894736842105,rCLR_Dorea longicatena,rCLR,Dorea longicatena,Dorea longicatena,dorea longicatena,0.0,0.0,False,zero,116
OnlyFemale,LASSO_LogisticRegression,VogtmannE_2016,0.03,0.6533333333333333,0.7052799625779165,0.3157894736842105,rCLR_Eubacterium sp. CAG:251,rCLR,Eubacterium sp. CAG:251,Eubacterium sp. CAG:251,eubacterium sp. cag:251,0.0,0.0,False,zero,117
OnlyFemale,LASSO_LogisticRegression,VogtmannE_2016,0.03,0.6533333333333333,0.7052799625779165,0.3157894736842105,rCLR_Fusicatenibacter saccharivorans,rCLR,Fusicatenibacter saccharivorans,Fusicatenibacter saccharivorans,fusicatenibacter saccharivorans,0.0,0.0,False,zero,118
OnlyFemale,LASSO_LogisticRegression,VogtmannE_2016,0.03,0.6533333333333333,0.7052799625779165,0.3157894736842105,PA_Paraprevotella xylaniphila,PA,Paraprevotella xylaniphila,Paraprevotella xylaniphila,paraprevotella xylaniphila,0.0,0.0,False,zero,119
OnlyFemale,LASSO_LogisticRegression,VogtmannE_2016,0.03,0.6533333333333333,0.7052799625779165,0.3157894736842105,rCLR_Coprococcus comes,rCLR,Coprococcus comes,Coprococcus comes,coprococcus comes,0.0,0.0,False,zero,120
OnlyFemale,LASSO_LogisticRegression,VogtmannE_2016,0.03,0.6533333333333333,0.7052799625779165,0.3157894736842105,rCLR_[Ruminococcus] torques,rCLR,[Ruminococcus] torques,[Ruminococcus] torques,[ruminococcus] torques,0.0,0.0,False,zero,121
OnlyFemale,LASSO_LogisticRegression,VogtmannE_2016,0.03,0.6533333333333333,0.7052799625779165,0.3157894736842105,rCLR_Holdemanella biformis,rCLR,Holdemanella biformis,Holdemanella biformis,holdemanella biformis,0.0,0.0,False,zero,122
OnlyFemale,LASSO_LogisticRegression,VogtmannE_2016,0.03,0.6533333333333333,0.7052799625779165,0.3157894736842105,rCLR_Anaerobutyricum hallii,rCLR,Anaerobutyricum hallii,Anaerobutyricum hallii,anaerobutyricum hallii,0.0,0.0,False,zero,123
OnlyFemale,LASSO_LogisticRegression,VogtmannE_2016,0.03,0.6533333333333333,0.7052799625779165,0.3157894736842105,rCLR_Bacteroides uniformis,rCLR,Bacteroides uniformis,Bacteroides uniformis,bacteroides uniformis,0.0,0.0,False,zero,124
OnlyFemale,LASSO_LogisticRegression,VogtmannE_2016,0.03,0.6533333333333333,0.7052799625779165,0.3157894736842105,rCLR_Blautia wexlerae,rCLR,Blautia wexlerae,Blautia wexlerae,blautia wexlerae,0.0,0.0,False,zero,125
OnlyFemale,LASSO_LogisticRegression,VogtmannE_2016,0.03,0.6533333333333333,0.7052799625779165,0.3157894736842105,rCLR_Gemmiger formicilis,rCLR,Gemmiger formicilis,Gemmiger formicilis,gemmiger formicilis,0.0,0.0,False,zero,126
OnlyFemale,LASSO_LogisticRegression,VogtmannE_2016,0.03,0.6533333333333333,0.7052799625779165,0.3157894736842105,rCLR_Streptococcus parasanguinis,rCLR,Streptococcus parasanguinis,Streptococcus parasanguinis,streptococcus parasanguinis,0.0,0.0,False,zero,127
OnlyFemale,LASSO_LogisticRegression,VogtmannE_2016,0.03,0.6533333333333333,0.7052799625779165,0.3157894736842105,rCLR_Coprococcus eutactus,rCLR,Coprococcus eutactus,Coprococcus eutactus,coprococcus eutactus,0.0,0.0,False,zero,128
OnlyFemale,LASSO_LogisticRegression,VogtmannE_2016,0.03,0.6533333333333333,0.7052799625779165,0.3157894736842105,rCLR_[Ruminococcus] lactaris,rCLR,[Ruminococcus] lactaris,[Ruminococcus] lactaris,[ruminococcus] lactaris,0.0,0.0,False,zero,129
OnlyFemale,LASSO_LogisticRegression,VogtmannE_2016,0.03,0.6533333333333333,0.7052799625779165,0.3157894736842105,rCLR_Coprococcus catus,rCLR,Coprococcus catus,Coprococcus catus,coprococcus catus,0.0,0.0,False,zero,130
OnlyFemale,LASSO_LogisticRegression,VogtmannE_2016,0.03,0.6533333333333333,0.7052799625779165,0.3157894736842105,rCLR_Roseburia intestinalis,rCLR,Roseburia intestinalis,Roseburia intestinalis,roseburia intestinalis,0.0,0.0,False,zero,131
OnlyFemale,LASSO_LogisticRegression,VogtmannE_2016,0.03,0.6533333333333333,0.7052799625779165,0.3157894736842105,rCLR_Roseburia inulinivorans,rCLR,Roseburia inulinivorans,Roseburia inulinivorans,roseburia inulinivorans,0.0,0.0,False,zero,132
OnlyFemale,LASSO_LogisticRegression,VogtmannE_2016,0.03,0.6533333333333333,0.7052799625779165,0.3157894736842105,rCLR_Phascolarctobacterium succinatutens,rCLR,Phascolarctobacterium succinatutens,Phascolarctobacterium succinatutens,phascolarctobacterium succinatutens,0.0,0.0,False,zero,133
OnlyFemale,LASSO_LogisticRegression,VogtmannE_2016,0.03,0.6533333333333333,0.7052799625779165,0.3157894736842105,rCLR_[Eubacterium] rectale,rCLR,[Eubacterium] rectale,[Eubacterium] rectale,[eubacterium] rectale,0.0,0.0,False,zero,134
OnlyFemale,LASSO_LogisticRegression,VogtmannE_2016,0.03,0.6533333333333333,0.7052799625779165,0.3157894736842105,rCLR_Blautia obeum,rCLR,Blautia obeum,Blautia obeum,blautia obeum,0.0,0.0,False,zero,135
OnlyFemale,LASSO_LogisticRegression,VogtmannE_2016,0.03,0.6533333333333333,0.7052799625779165,0.3157894736842105,rCLR_Agathobaculum butyriciproducens,rCLR,Agathobaculum butyriciproducens,Agathobaculum butyriciproducens,agathobaculum butyriciproducens,0.0,0.0,False,zero,136
OnlyFemale,LASSO_LogisticRegression,VogtmannE_2016,0.03,0.6533333333333333,0.7052799625779165,0.3157894736842105,rCLR_Bacteroides xylanisolvens,rCLR,Bacteroides xylanisolvens,Bacteroides xylanisolvens,bacteroides xylanisolvens,0.0,0.0,False,zero,137
OnlyFemale,LASSO_LogisticRegression,VogtmannE_2016,0.03,0.6533333333333333,0.7052799625779165,0.3157894736842105,rCLR_Bacteroides ovatus,rCLR,Bacteroides ovatus,Bacteroides ovatus,bacteroides ovatus,0.0,0.0,False,zero,138
OnlyFemale,LASSO_LogisticRegression,VogtmannE_2016,0.03,0.6533333333333333,0.7052799625779165,0.3157894736842105,rCLR_Bacteroides thetaiotaomicron,rCLR,Bacteroides thetaiotaomicron,Bacteroides thetaiotaomicron,bacteroides thetaiotaomicron,0.0,0.0,False,zero,139
OnlyFemale,LASSO_LogisticRegression,VogtmannE_2016,0.03,0.6533333333333333,0.7052799625779165,0.3157894736842105,rCLR_Streptococcus thermophilus,rCLR,Streptococcus thermophilus,Streptococcus thermophilus,streptococcus thermophilus,0.0,0.0,False,zero,140
OnlyFemale,LASSO_LogisticRegression,VogtmannE_2016,0.03,0.6533333333333333,0.7052799625779165,0.3157894736842105,rCLR_Eubacterium ramulus,rCLR,Eubacterium ramulus,Eubacterium ramulus,eubacterium ramulus,0.0,0.0,False,zero,141
OnlyFemale,LASSO_LogisticRegression,VogtmannE_2016,0.03,0.6533333333333333,0.7052799625779165,0.3157894736842105,rCLR_Bifidobacterium adolescentis,rCLR,Bifidobacterium adolescentis,Bifidobacterium adolescentis,bifidobacterium adolescentis,0.0,0.0,False,zero,142
OnlyFemale,LASSO_LogisticRegression,VogtmannE_2016,0.03,0.6533333333333333,0.7052799625779165,0.3157894736842105,rCLR_Eubacterium sp. CAG:274,rCLR,Eubacterium sp. CAG:274,Eubacterium sp. CAG:274,eubacterium sp. cag:274,0.0,0.0,False,zero,143
OnlyFemale,LASSO_LogisticRegression,VogtmannE_2016,0.03,0.6533333333333333,0.7052799625779165,0.3157894736842105,rCLR_Eubacterium ventriosum,rCLR,Eubacterium ventriosum,Eubacterium ventriosum,eubacterium ventriosum,0.0,0.0,False,zero,144
OnlyFemale,LASSO_LogisticRegression,VogtmannE_2016,0.03,0.6533333333333333,0.7052799625779165,0.3157894736842105,rCLR_Flavonifractor plautii,rCLR,Flavonifractor plautii,Flavonifractor plautii,flavonifractor plautii,0.0,0.0,False,zero,145
OnlyFemale,LASSO_LogisticRegression,VogtmannE_2016,0.03,0.6533333333333333,0.7052799625779165,0.3157894736842105,rCLR_Oscillibacter sp. 57_20,rCLR,Oscillibacter sp. 57_20,Oscillibacter sp. 57 20,oscillibacter sp. 57 20,0.0,0.0,False,zero,146
OnlyFemale,LASSO_LogisticRegression,VogtmannE_2016,0.03,0.6533333333333333,0.7052799625779165,0.3157894736842105,rCLR_Roseburia hominis,rCLR,Roseburia hominis,Roseburia hominis,roseburia hominis,0.0,0.0,False,zero,147
OnlyFemale,LASSO_LogisticRegression,VogtmannE_2016,0.03,0.6533333333333333,0.7052799625779165,0.3157894736842105,rCLR_Alistipes finegoldii,rCLR,Alistipes finegoldii,Alistipes finegoldii,alistipes finegoldii,0.0,0.0,False,zero,148
OnlyFemale,LASSO_LogisticRegression,VogtmannE_2016,0.03,0.6533333333333333,0.7052799625779165,0.3157894736842105,rCLR_Alistipes putredinis,rCLR,Alistipes putredinis,Alistipes putredinis,alistipes putredinis,0.0,0.0,False,zero,149
OnlyFemale,LASSO_LogisticRegression,VogtmannE_2016,0.03,0.6533333333333333,0.7052799625779165,0.3157894736842105,rCLR_Veillonella atypica,rCLR,Veillonella atypica,Veillonella atypica,veillonella atypica,0.0,0.0,False,zero,150
OnlyFemale,LASSO_LogisticRegression,VogtmannE_2016,0.03,0.6533333333333333,0.7052799625779165,0.3157894736842105,PA_Desulfovibrio piger,PA,Desulfovibrio piger,Desulfovibrio piger,desulfovibrio piger,0.0,0.0,False,zero,151
OnlyFemale,LASSO_LogisticRegression,VogtmannE_2016,0.03,0.6533333333333333,0.7052799625779165,0.3157894736842105,rCLR_Ruminococcus bromii,rCLR,Ruminococcus bromii,Ruminococcus bromii,ruminococcus bromii,0.0,0.0,False,zero,152
OnlyFemale,LASSO_LogisticRegression,VogtmannE_2016,0.03,0.6533333333333333,0.7052799625779165,0.3157894736842105,rCLR_Firmicutes bacterium CAG:83,rCLR,Firmicutes bacterium CAG:83,Firmicutes bacterium CAG:83,firmicutes bacterium cag:83,0.0,0.0,False,zero,153
OnlyFemale,LASSO_LogisticRegression,VogtmannE_2016,0.03,0.6533333333333333,0.7052799625779165,0.3157894736842105,rCLR_Lachnospira eligens,rCLR,Lachnospira eligens,Lachnospira eligens,lachnospira eligens,0.0,0.0,False,zero,154
OnlyFemale,LASSO_LogisticRegression,VogtmannE_2016,0.03,0.6533333333333333,0.7052799625779165,0.3157894736842105,rCLR_Veillonella parvula,rCLR,Veillonella parvula,Veillonella parvula,veillonella parvula,0.0,0.0,False,zero,155
OnlyFemale,LASSO_LogisticRegression,VogtmannE_2016,0.03,0.6533333333333333,0.7052799625779165,0.3157894736842105,rCLR_Bacteroides eggerthii,rCLR,Bacteroides eggerthii,Bacteroides eggerthii,bacteroides eggerthii,0.0,0.0,False,zero,156
OnlyFemale,LASSO_LogisticRegression,VogtmannE_2016,0.03,0.6533333333333333,0.7052799625779165,0.3157894736842105,rCLR_Roseburia faecis,rCLR,Roseburia faecis,Roseburia faecis,roseburia faecis,0.0,0.0,False,zero,157
OnlyFemale,LASSO_LogisticRegression,VogtmannE_2016,0.03,0.6533333333333333,0.7052799625779165,0.3157894736842105,rCLR_Phocaeicola coprocola,rCLR,Phocaeicola coprocola,Phocaeicola coprocola,phocaeicola coprocola,0.0,0.0,False,zero,158
OnlyFemale,LASSO_LogisticRegression,VogtmannE_2016,0.03,0.6533333333333333,0.7052799625779165,0.3157894736842105,rCLR_[Ruminococcus] gnavus,rCLR,[Ruminococcus] gnavus,[Ruminococcus] gnavus,[ruminococcus] gnavus,0.0,0.0,False,zero,159
OnlyFemale,LASSO_LogisticRegression,VogtmannE_2016,0.03,0.6533333333333333,0.7052799625779165,0.3157894736842105,rCLR_Gordonibacter pamelaeae,rCLR,Gordonibacter pamelaeae,Gordonibacter pamelaeae,gordonibacter pamelaeae,0.0,0.0,False,zero,160
OnlyFemale,LASSO_LogisticRegression,VogtmannE_2016,0.03,0.6533333333333333,0.7052799625779165,0.3157894736842105,rCLR_Eubacterium sp. CAG:180,rCLR,Eubacterium sp. CAG:180,Eubacterium sp. CAG:180,eubacterium sp. cag:180,0.0,0.0,False,zero,161
OnlyFemale,LASSO_LogisticRegression,VogtmannE_2016,0.03,0.6533333333333333,0.7052799625779165,0.3157894736842105,rCLR_Parabacteroides merdae,rCLR,Parabacteroides merdae,Parabacteroides merdae,parabacteroides merdae,0.0,0.0,False,zero,162
OnlyFemale,LASSO_LogisticRegression,VogtmannE_2016,0.03,0.6533333333333333,0.7052799625779165,0.3157894736842105,rCLR_Phocaeicola dorei,rCLR,Phocaeicola dorei,Phocaeicola dorei,phocaeicola dorei,0.0,0.0,False,zero,163
OnlyFemale,LASSO_LogisticRegression,VogtmannE_2016,0.03,0.6533333333333333,0.7052799625779165,0.3157894736842105,rCLR_[Eubacterium] siraeum,rCLR,[Eubacterium] siraeum,[Eubacterium] siraeum,[eubacterium] siraeum,0.0,0.0,False,zero,164
OnlyFemale,LASSO_LogisticRegression,VogtmannE_2016,0.03,0.6533333333333333,0.7052799625779165,0.3157894736842105,rCLR_Barnesiella intestinihominis,rCLR,Barnesiella intestinihominis,Barnesiella intestinihominis,barnesiella intestinihominis,0.0,0.0,False,zero,165
OnlyFemale,LASSO_LogisticRegression,VogtmannE_2016,0.03,0.6533333333333333,0.7052799625779165,0.3157894736842105,rCLR_Methanobrevibacter smithii,rCLR,Methanobrevibacter smithii,Methanobrevibacter smithii,methanobrevibacter smithii,0.0,0.0,False,zero,166
OnlyFemale,LASSO_LogisticRegression,VogtmannE_2016,0.03,0.6533333333333333,0.7052799625779165,0.3157894736842105,rCLR_Adlercreutzia equolifaciens,rCLR,Adlercreutzia equolifaciens,Adlercreutzia equolifaciens,adlercreutzia equolifaciens,0.0,0.0,False,zero,167
OnlyFemale,LASSO_LogisticRegression,VogtmannE_2016,0.03,0.6533333333333333,0.7052799625779165,0.3157894736842105,rCLR_Firmicutes bacterium CAG:145,rCLR,Firmicutes bacterium CAG:145,Firmicutes bacterium CAG:145,firmicutes bacterium cag:145,0.0,0.0,False,zero,168
OnlyFemale,LASSO_LogisticRegression,VogtmannE_2016,0.03,0.6533333333333333,0.7052799625779165,0.3157894736842105,rCLR_Bacteroides cellulosilyticus,rCLR,Bacteroides cellulosilyticus,Bacteroides cellulosilyticus,bacteroides cellulosilyticus,0.0,0.0,False,zero,169
OnlyFemale,LASSO_LogisticRegression,VogtmannE_2016,0.03,0.6533333333333333,0.7052799625779165,0.3157894736842105,rCLR_Ruminococcus bicirculans,rCLR,Ruminococcus bicirculans,Ruminococcus bicirculans,ruminococcus bicirculans,0.0,0.0,False,zero,170
OnlyFemale,LASSO_LogisticRegression,VogtmannE_2016,0.03,0.6533333333333333,0.7052799625779165,0.3157894736842105,rCLR_Adlercreutzia equolifaciens_1,rCLR,Adlercreutzia equolifaciens_1,Adlercreutzia equolifaciens 1,adlercreutzia equolifaciens 1,0.0,0.0,False,zero,171
OnlyFemale,LASSO_LogisticRegression,VogtmannE_2016,0.03,0.6533333333333333,0.7052799625779165,0.3157894736842105,rCLR_Firmicutes bacterium CAG:110,rCLR,Firmicutes bacterium CAG:110,Firmicutes bacterium CAG:110,firmicutes bacterium cag:110,0.0,0.0,False,zero,172
OnlyFemale,LASSO_LogisticRegression,VogtmannE_2016,0.03,0.6533333333333333,0.7052799625779165,0.3157894736842105,rCLR_Parabacteroides distasonis,rCLR,Parabacteroides distasonis,Parabacteroides distasonis,parabacteroides distasonis,0.0,0.0,False,zero,173
OnlyFemale,LASSO_LogisticRegression,VogtmannE_2016,0.03,0.6533333333333333,0.7052799625779165,0.3157894736842105,rCLR_Odoribacter splanchnicus,rCLR,Odoribacter splanchnicus,Odoribacter splanchnicus,odoribacter splanchnicus,0.0,0.0,False,zero,174
OnlyFemale,LASSO_LogisticRegression,VogtmannE_2016,0.03,0.6533333333333333,0.7052799625779165,0.3157894736842105,rCLR_Oscillibacter sp. CAG:241,rCLR,Oscillibacter sp. CAG:241,Oscillibacter sp. CAG:241,oscillibacter sp. cag:241,0.0,0.0,False,zero,175
OnlyFemale,LASSO_LogisticRegression,VogtmannE_2016,0.03,0.6533333333333333,0.7052799625779165,0.3157894736842105,rCLR_Alistipes shahii,rCLR,Alistipes shahii,Alistipes shahii,alistipes shahii,0.0,0.0,False,zero,176
OnlyFemale,LASSO_LogisticRegression,VogtmannE_2016,0.03,0.6533333333333333,0.7052799625779165,0.3157894736842105,rCLR_Eggerthella lenta,rCLR,Eggerthella lenta,Eggerthella lenta,eggerthella lenta,0.0,0.0,False,zero,177
OnlyFemale,LASSO_LogisticRegression,VogtmannE_2016,0.03,0.6533333333333333,0.7052799625779165,0.3157894736842105,rCLR_Escherichia coli,rCLR,Escherichia coli,Escherichia coli,escherichia coli,0.0,0.0,False,zero,178
OnlyFemale,LASSO_LogisticRegression,VogtmannE_2016,0.03,0.6533333333333333,0.7052799625779165,0.3157894736842105,rCLR_Butyricimonas virosa,rCLR,Butyricimonas virosa,Butyricimonas virosa,butyricimonas virosa,0.0,0.0,False,zero,179
OnlyFemale,LASSO_LogisticRegression,VogtmannE_2016,0.03,0.6533333333333333,0.7052799625779165,0.3157894736842105,rCLR_Bacteroides sp. CAG:144,rCLR,Bacteroides sp. CAG:144,Bacteroides sp. CAG:144,bacteroides sp. cag:144,0.0,0.0,False,zero,180
OnlyFemale,LASSO_LogisticRegression,VogtmannE_2016,0.03,0.6533333333333333,0.7052799625779165,0.3157894736842105,rCLR_Intestinibacter bartlettii,rCLR,Intestinibacter bartlettii,Intestinibacter bartlettii,intestinibacter bartlettii,0.0,0.0,False,zero,181
OnlyFemale,LASSO_LogisticRegression,VogtmannE_2016,0.03,0.6533333333333333,0.7052799625779165,0.3157894736842105,rCLR_Erysipelatoclostridium ramosum,rCLR,Erysipelatoclostridium ramosum,Erysipelatoclostridium ramosum,erysipelatoclostridium ramosum,0.0,0.0,False,zero,182
OnlyFemale,LASSO_LogisticRegression,VogtmannE_2016,0.03,0.6533333333333333,0.7052799625779165,0.3157894736842105,rCLR_Slackia isoflavoniconvertens,rCLR,Slackia isoflavoniconvertens,Slackia isoflavoniconvertens,slackia isoflavoniconvertens,0.0,0.0,False,zero,183
OnlyFemale,LASSO_LogisticRegression,VogtmannE_2016,0.03,0.6533333333333333,0.7052799625779165,0.3157894736842105,rCLR_Clostridium sp. CAG:58,rCLR,Clostridium sp. CAG:58,Clostridium sp. CAG:58,clostridium sp. cag:58,0.0,0.0,False,zero,184
OnlyFemale,LASSO_LogisticRegression,VogtmannE_2016,0.03,0.6533333333333333,0.7052799625779165,0.3157894736842105,rCLR_Akkermansia muciniphila,rCLR,Akkermansia muciniphila,Akkermansia muciniphila,akkermansia muciniphila,0.0,0.0,False,zero,185
OnlyFemale,LASSO_LogisticRegression,VogtmannE_2016,0.03,0.6533333333333333,0.7052799625779165,0.3157894736842105,rCLR_Bacteroides intestinalis,rCLR,Bacteroides intestinalis,Bacteroides intestinalis,bacteroides intestinalis,0.0,0.0,False,zero,186
OnlyFemale,LASSO_LogisticRegression,VogtmannE_2016,0.03,0.6533333333333333,0.7052799625779165,0.3157894736842105,rCLR_Bifidobacterium pseudocatenulatum,rCLR,Bifidobacterium pseudocatenulatum,Bifidobacterium pseudocatenulatum,bifidobacterium pseudocatenulatum,0.0,0.0,False,zero,187
OnlyFemale,LASSO_LogisticRegression,VogtmannE_2016,0.03,0.6533333333333333,0.7052799625779165,0.3157894736842105,rCLR_Eubacterium sp. CAG:38,rCLR,Eubacterium sp. CAG:38,Eubacterium sp. CAG:38,eubacterium sp. cag:38,0.0,0.0,False,zero,188
OnlyFemale,LASSO_LogisticRegression,VogtmannE_2016,0.03,0.6533333333333333,0.7052799625779165,0.3157894736842105,rCLR_Bacteroides fragilis,rCLR,Bacteroides fragilis,Bacteroides fragilis,bacteroides fragilis,0.0,0.0,False,zero,189
OnlyFemale,LASSO_LogisticRegression,VogtmannE_2016,0.03,0.6533333333333333,0.7052799625779165,0.3157894736842105,rCLR_Bifidobacterium bifidum,rCLR,Bifidobacterium bifidum,Bifidobacterium bifidum,bifidobacterium bifidum,0.0,0.0,False,zero,190
OnlyFemale,LASSO_LogisticRegression,VogtmannE_2016,0.03,0.6533333333333333,0.7052799625779165,0.3157894736842105,rCLR_Blautia sp. CAG:257,rCLR,Blautia sp. CAG:257,Blautia sp. CAG:257,blautia sp. cag:257,0.0,0.0,False,zero,191
OnlyFemale,LASSO_LogisticRegression,VogtmannE_2016,0.03,0.6533333333333333,0.7052799625779165,0.3157894736842105,rCLR_Parasutterella excrementihominis,rCLR,Parasutterella excrementihominis,Parasutterella excrementihominis,parasutterella excrementihominis,0.0,0.0,False,zero,192
OnlyFemale,LASSO_LogisticRegression,VogtmannE_2016,0.03,0.6533333333333333,0.7052799625779165,0.3157894736842105,rCLR_Proteobacteria bacterium CAG:139,rCLR,Proteobacteria bacterium CAG:139,Proteobacteria bacterium CAG:139,proteobacteria bacterium cag:139,0.0,0.0,False,zero,193
OnlyFemale,LASSO_LogisticRegression,VogtmannE_2016,0.03,0.6533333333333333,0.7052799625779165,0.3157894736842105,rCLR_Lawsonibacter asaccharolyticus,rCLR,Lawsonibacter asaccharolyticus,Lawsonibacter asaccharolyticus,lawsonibacter asaccharolyticus,0.0,0.0,False,zero,194
OnlyFemale,LASSO_LogisticRegression,VogtmannE_2016,0.03,0.6533333333333333,0.7052799625779165,0.3157894736842105,rCLR_Coprobacter fastidiosus,rCLR,Coprobacter fastidiosus,Coprobacter fastidiosus,coprobacter fastidiosus,0.0,0.0,False,zero,195
OnlyFemale,LASSO_LogisticRegression,VogtmannE_2016,0.03,0.6533333333333333,0.7052799625779165,0.3157894736842105,rCLR_Alistipes inops,rCLR,Alistipes inops,Alistipes inops,alistipes inops,0.0,0.0,False,zero,196
OnlyFemale,LASSO_LogisticRegression,VogtmannE_2016,0.03,0.6533333333333333,0.7052799625779165,0.3157894736842105,rCLR_Bacteroides finegoldii,rCLR,Bacteroides finegoldii,Bacteroides finegoldii,bacteroides finegoldii,0.0,0.0,False,zero,197
OnlyFemale,LASSO_LogisticRegression,VogtmannE_2016,0.03,0.6533333333333333,0.7052799625779165,0.3157894736842105,rCLR_Paraprevotella xylaniphila,rCLR,Paraprevotella xylaniphila,Paraprevotella xylaniphila,paraprevotella xylaniphila,0.0,0.0,False,zero,198
OnlyFemale,LASSO_LogisticRegression,VogtmannE_2016,0.03,0.6533333333333333,0.7052799625779165,0.3157894736842105,rCLR_Dialister invisus,rCLR,Dialister invisus,Dialister invisus,dialister invisus,0.0,0.0,False,zero,199
OnlyFemale,LASSO_LogisticRegression,VogtmannE_2016,0.03,0.6533333333333333,0.7052799625779165,0.3157894736842105,rCLR_Enterocloster bolteae,rCLR,Enterocloster bolteae,Enterocloster bolteae,enterocloster bolteae,0.0,0.0,False,zero,200
OnlyFemale,LASSO_LogisticRegression,VogtmannE_2016,0.03,0.6533333333333333,0.7052799625779165,0.3157894736842105,rCLR_Bacteroides caccae,rCLR,Bacteroides caccae,Bacteroides caccae,bacteroides caccae,0.0,0.0,False,zero,201
OnlyFemale,LASSO_LogisticRegression,VogtmannE_2016,0.03,0.6533333333333333,0.7052799625779165,0.3157894736842105,rCLR_Desulfovibrio piger,rCLR,Desulfovibrio piger,Desulfovibrio piger,desulfovibrio piger,0.0,0.0,False,zero,202
OnlyFemale,LASSO_LogisticRegression,VogtmannE_2016,0.03,0.6533333333333333,0.7052799625779165,0.3157894736842105,rCLR_Lachnospira pectinoschiza,rCLR,Lachnospira pectinoschiza,Lachnospira pectinoschiza,lachnospira pectinoschiza,0.0,0.0,False,zero,203
OnlyFemale,LASSO_LogisticRegression,VogtmannE_2016,0.03,0.6533333333333333,0.7052799625779165,0.3157894736842105,rCLR_Prevotella copri,rCLR,Prevotella copri,Prevotella copri,prevotella copri,0.0,0.0,False,zero,204
OnlyFemale,LASSO_LogisticRegression,VogtmannE_2016,0.03,0.6533333333333333,0.7052799625779165,0.3157894736842105,rCLR_Phocaeicola massiliensis,rCLR,Phocaeicola massiliensis,Phocaeicola massiliensis,phocaeicola massiliensis,0.0,0.0,False,zero,205
OnlyFemale,LASSO_LogisticRegression,VogtmannE_2016,0.03,0.6533333333333333,0.7052799625779165,0.3157894736842105,rCLR_Megamonas funiformis,rCLR,Megamonas funiformis,Megamonas funiformis,megamonas funiformis,0.0,0.0,False,zero,206
OnlyFemale,LASSO_LogisticRegression,VogtmannE_2016,0.03,0.6533333333333333,0.7052799625779165,0.3157894736842105,rCLR_Phascolarctobacterium faecium,rCLR,Phascolarctobacterium faecium,Phascolarctobacterium faecium,phascolarctobacterium faecium,0.0,0.0,False,zero,207
OnlyFemale,LASSO_LogisticRegression,VogtmannE_2016,0.03,0.6533333333333333,0.7052799625779165,0.3157894736842105,rCLR_Acidaminococcus intestini,rCLR,Acidaminococcus intestini,Acidaminococcus intestini,acidaminococcus intestini,0.0,0.0,False,zero,208
OnlyFemale,LASSO_LogisticRegression,VogtmannE_2016,0.03,0.6533333333333333,0.7052799625779165,0.3157894736842105,rCLR_Anaerotignum lactatifermentans,rCLR,Anaerotignum lactatifermentans,Anaerotignum lactatifermentans,anaerotignum lactatifermentans,0.0,0.0,False,zero,209
OnlyFemale,LASSO_LogisticRegression,VogtmannE_2016,0.03,0.6533333333333333,0.7052799625779165,0.3157894736842105,rCLR_Bacteroides salyersiae,rCLR,Bacteroides salyersiae,Bacteroides salyersiae,bacteroides salyersiae,0.0,0.0,False,zero,210
OnlyFemale,LASSO_LogisticRegression,VogtmannE_2016,0.03,0.6533333333333333,0.7052799625779165,0.3157894736842105,rCLR_Parvimonas micra,rCLR,Parvimonas micra,Parvimonas micra,parvimonas micra,0.0,0.0,False,zero,211
OnlyFemale,LASSO_LogisticRegression,VogtmannE_2016,0.03,0.6533333333333333,0.7052799625779165,0.3157894736842105,rCLR_Klebsiella pneumoniae,rCLR,Klebsiella pneumoniae,Klebsiella pneumoniae,klebsiella pneumoniae,0.0,0.0,False,zero,212
OnlyFemale,LASSO_LogisticRegression,VogtmannE_2016,0.03,0.6533333333333333,0.7052799625779165,0.3157894736842105,rCLR_Klebsiella variicola,rCLR,Klebsiella variicola,Klebsiella variicola,klebsiella variicola,0.0,0.0,False,zero,213
OnlyFemale,LASSO_LogisticRegression,VogtmannE_2016,0.03,0.6533333333333333,0.7052799625779165,0.3157894736842105,rCLR_Klebsiella quasipneumoniae,rCLR,Klebsiella quasipneumoniae,Klebsiella quasipneumoniae,klebsiella quasipneumoniae,0.0,0.0,False,zero,214
OnlyFemale,LASSO_LogisticRegression,VogtmannE_2016,0.03,0.6533333333333333,0.7052799625779165,0.3157894736842105,Age,covariate,Age,Age,age,0.0,0.0,False,zero,215
OnlyFemale,LASSO_LogisticRegression,WirbelJ_2018,0.03,0.7589285714285715,0.7935569483631497,0.6666666666666666,PA_Parvimonas micra,PA,Parvimonas micra,Parvimonas micra,parvimonas micra,0.211536148449817,0.211536148449817,True,CRC-associated,1
OnlyFemale,LASSO_LogisticRegression,WirbelJ_2018,0.03,0.7589285714285715,0.7935569483631497,0.6666666666666666,rCLR_Anaerostipes hadrus,rCLR,Anaerostipes hadrus,Anaerostipes hadrus,anaerostipes hadrus,-0.03706576446791194,0.03706576446791194,True,Control-associated,2
OnlyFemale,LASSO_LogisticRegression,WirbelJ_2018,0.03,0.7589285714285715,0.7935569483631497,0.6666666666666666,PA_Flavonifractor plautii,PA,Flavonifractor plautii,Flavonifractor plautii,flavonifractor plautii,0.020984546690865687,0.020984546690865687,True,CRC-associated,3
OnlyFemale,LASSO_LogisticRegression,WirbelJ_2018,0.03,0.7589285714285715,0.7935569483631497,0.6666666666666666,rCLR_Anaerobutyricum hallii,rCLR,Anaerobutyricum hallii,Anaerobutyricum hallii,anaerobutyricum hallii,-0.016633664887010697,0.016633664887010697,True,Control-associated,4
OnlyFemale,LASSO_LogisticRegression,WirbelJ_2018,0.03,0.7589285714285715,0.7935569483631497,0.6666666666666666,PA_Phocaeicola plebeius,PA,Phocaeicola plebeius,Phocaeicola plebeius,phocaeicola plebeius,0.013779072894888502,0.013779072894888502,True,CRC-associated,5
OnlyFemale,LASSO_LogisticRegression,WirbelJ_2018,0.03,0.7589285714285715,0.7935569483631497,0.6666666666666666,PA_Anaerostipes hadrus,PA,Anaerostipes hadrus,Anaerostipes hadrus,anaerostipes hadrus,0.0,0.0,False,zero,6
OnlyFemale,LASSO_LogisticRegression,WirbelJ_2018,0.03,0.7589285714285715,0.7935569483631497,0.6666666666666666,PA_Streptococcus salivarius,PA,Streptococcus salivarius,Streptococcus salivarius,streptococcus salivarius,0.0,0.0,False,zero,7
OnlyFemale,LASSO_LogisticRegression,WirbelJ_2018,0.03,0.7589285714285715,0.7935569483631497,0.6666666666666666,PA_Phocaeicola vulgatus,PA,Phocaeicola vulgatus,Phocaeicola vulgatus,phocaeicola vulgatus,0.0,0.0,False,zero,8
OnlyFemale,LASSO_LogisticRegression,WirbelJ_2018,0.03,0.7589285714285715,0.7935569483631497,0.6666666666666666,PA_Dorea longicatena,PA,Dorea longicatena,Dorea longicatena,dorea longicatena,0.0,0.0,False,zero,9
OnlyFemale,LASSO_LogisticRegression,WirbelJ_2018,0.03,0.7589285714285715,0.7935569483631497,0.6666666666666666,PA_Eubacterium sp. CAG:251,PA,Eubacterium sp. CAG:251,Eubacterium sp. CAG:251,eubacterium sp. cag:251,0.0,0.0,False,zero,10
OnlyFemale,LASSO_LogisticRegression,WirbelJ_2018,0.03,0.7589285714285715,0.7935569483631497,0.6666666666666666,PA_Fusicatenibacter saccharivorans,PA,Fusicatenibacter saccharivorans,Fusicatenibacter saccharivorans,fusicatenibacter saccharivorans,0.0,0.0,False,zero,11
OnlyFemale,LASSO_LogisticRegression,WirbelJ_2018,0.03,0.7589285714285715,0.7935569483631497,0.6666666666666666,PA_Coprococcus comes,PA,Coprococcus comes,Coprococcus comes,coprococcus comes,0.0,0.0,False,zero,12
OnlyFemale,LASSO_LogisticRegression,WirbelJ_2018,0.03,0.7589285714285715,0.7935569483631497,0.6666666666666666,PA_[Ruminococcus] torques,PA,[Ruminococcus] torques,[Ruminococcus] torques,[ruminococcus] torques,0.0,0.0,False,zero,13
OnlyFemale,LASSO_LogisticRegression,WirbelJ_2018,0.03,0.7589285714285715,0.7935569483631497,0.6666666666666666,PA_Anaerobutyricum hallii,PA,Anaerobutyricum hallii,Anaerobutyricum hallii,anaerobutyricum hallii,0.0,0.0,False,zero,14
OnlyFemale,LASSO_LogisticRegression,WirbelJ_2018,0.03,0.7589285714285715,0.7935569483631497,0.6666666666666666,PA_Holdemanella biformis,PA,Holdemanella biformis,Holdemanella biformis,holdemanella biformis,0.0,0.0,False,zero,15
OnlyFemale,LASSO_LogisticRegression,WirbelJ_2018,0.03,0.7589285714285715,0.7935569483631497,0.6666666666666666,PA_Bacteroides uniformis,PA,Bacteroides uniformis,Bacteroides uniformis,bacteroides uniformis,0.0,0.0,False,zero,16
OnlyFemale,LASSO_LogisticRegression,WirbelJ_2018,0.03,0.7589285714285715,0.7935569483631497,0.6666666666666666,PA_Blautia wexlerae,PA,Blautia wexlerae,Blautia wexlerae,blautia wexlerae,0.0,0.0,False,zero,17
OnlyFemale,LASSO_LogisticRegression,WirbelJ_2018,0.03,0.7589285714285715,0.7935569483631497,0.6666666666666666,PA_Gemmiger formicilis,PA,Gemmiger formicilis,Gemmiger formicilis,gemmiger formicilis,0.0,0.0,False,zero,18
OnlyFemale,LASSO_LogisticRegression,WirbelJ_2018,0.03,0.7589285714285715,0.7935569483631497,0.6666666666666666,PA_Dorea formicigenerans,PA,Dorea formicigenerans,Dorea formicigenerans,dorea formicigenerans,0.0,0.0,False,zero,19
OnlyFemale,LASSO_LogisticRegression,WirbelJ_2018,0.03,0.7589285714285715,0.7935569483631497,0.6666666666666666,PA_Streptococcus parasanguinis,PA,Streptococcus parasanguinis,Streptococcus parasanguinis,streptococcus parasanguinis,0.0,0.0,False,zero,20
OnlyFemale,LASSO_LogisticRegression,WirbelJ_2018,0.03,0.7589285714285715,0.7935569483631497,0.6666666666666666,PA_Bacteroides stercoris,PA,Bacteroides stercoris,Bacteroides stercoris,bacteroides stercoris,0.0,0.0,False,zero,21
OnlyFemale,LASSO_LogisticRegression,WirbelJ_2018,0.03,0.7589285714285715,0.7935569483631497,0.6666666666666666,PA_Collinsella aerofaciens,PA,Collinsella aerofaciens,Collinsella aerofaciens,collinsella aerofaciens,0.0,0.0,False,zero,22
OnlyFemale,LASSO_LogisticRegression,WirbelJ_2018,0.03,0.7589285714285715,0.7935569483631497,0.6666666666666666,PA_Faecalibacterium prausnitzii,PA,Faecalibacterium prausnitzii,Faecalibacterium prausnitzii,faecalibacterium prausnitzii,0.0,0.0,False,zero,23
OnlyFemale,LASSO_LogisticRegression,WirbelJ_2018,0.03,0.7589285714285715,0.7935569483631497,0.6666666666666666,PA_Coprococcus catus,PA,Coprococcus catus,Coprococcus catus,coprococcus catus,0.0,0.0,False,zero,24
OnlyFemale,LASSO_LogisticRegression,WirbelJ_2018,0.03,0.7589285714285715,0.7935569483631497,0.6666666666666666,PA_Roseburia intestinalis,PA,Roseburia intestinalis,Roseburia intestinalis,roseburia intestinalis,0.0,0.0,False,zero,25
OnlyFemale,LASSO_LogisticRegression,WirbelJ_2018,0.03,0.7589285714285715,0.7935569483631497,0.6666666666666666,PA_Phascolarctobacterium succinatutens,PA,Phascolarctobacterium succinatutens,Phascolarctobacterium succinatutens,phascolarctobacterium succinatutens,0.0,0.0,False,zero,26
OnlyFemale,LASSO_LogisticRegression,WirbelJ_2018,0.03,0.7589285714285715,0.7935569483631497,0.6666666666666666,PA_Roseburia inulinivorans,PA,Roseburia inulinivorans,Roseburia inulinivorans,roseburia inulinivorans,0.0,0.0,False,zero,27
OnlyFemale,LASSO_LogisticRegression,WirbelJ_2018,0.03,0.7589285714285715,0.7935569483631497,0.6666666666666666,PA_Blautia obeum,PA,Blautia obeum,Blautia obeum,blautia obeum,0.0,0.0,False,zero,28
OnlyFemale,LASSO_LogisticRegression,WirbelJ_2018,0.03,0.7589285714285715,0.7935569483631497,0.6666666666666666,PA_Agathobaculum butyriciproducens,PA,Agathobaculum butyriciproducens,Agathobaculum butyriciproducens,agathobaculum butyriciproducens,0.0,0.0,False,zero,29
OnlyFemale,LASSO_LogisticRegression,WirbelJ_2018,0.03,0.7589285714285715,0.7935569483631497,0.6666666666666666,PA_Bacteroides xylanisolvens,PA,Bacteroides xylanisolvens,Bacteroides xylanisolvens,bacteroides xylanisolvens,0.0,0.0,False,zero,30
OnlyFemale,LASSO_LogisticRegression,WirbelJ_2018,0.03,0.7589285714285715,0.7935569483631497,0.6666666666666666,PA_[Eubacterium] rectale,PA,[Eubacterium] rectale,[Eubacterium] rectale,[eubacterium] rectale,0.0,0.0,False,zero,31
OnlyFemale,LASSO_LogisticRegression,WirbelJ_2018,0.03,0.7589285714285715,0.7935569483631497,0.6666666666666666,PA_Bacteroides ovatus,PA,Bacteroides ovatus,Bacteroides ovatus,bacteroides ovatus,0.0,0.0,False,zero,32
OnlyFemale,LASSO_LogisticRegression,WirbelJ_2018,0.03,0.7589285714285715,0.7935569483631497,0.6666666666666666,PA_Bacteroides thetaiotaomicron,PA,Bacteroides thetaiotaomicron,Bacteroides thetaiotaomicron,bacteroides thetaiotaomicron,0.0,0.0,False,zero,33
OnlyFemale,LASSO_LogisticRegression,WirbelJ_2018,0.03,0.7589285714285715,0.7935569483631497,0.6666666666666666,PA_Eubacterium ramulus,PA,Eubacterium ramulus,Eubacterium ramulus,eubacterium ramulus,0.0,0.0,False,zero,34
OnlyFemale,LASSO_LogisticRegression,WirbelJ_2018,0.03,0.7589285714285715,0.7935569483631497,0.6666666666666666,PA_Streptococcus thermophilus,PA,Streptococcus thermophilus,Streptococcus thermophilus,streptococcus thermophilus,0.0,0.0,False,zero,35
OnlyFemale,LASSO_LogisticRegression,WirbelJ_2018,0.03,0.7589285714285715,0.7935569483631497,0.6666666666666666,PA_Bifidobacterium adolescentis,PA,Bifidobacterium adolescentis,Bifidobacterium adolescentis,bifidobacterium adolescentis,0.0,0.0,False,zero,36
OnlyFemale,LASSO_LogisticRegression,WirbelJ_2018,0.03,0.7589285714285715,0.7935569483631497,0.6666666666666666,PA_Eubacterium sp. CAG:274,PA,Eubacterium sp. CAG:274,Eubacterium sp. CAG:274,eubacterium sp. cag:274,0.0,0.0,False,zero,37
OnlyFemale,LASSO_LogisticRegression,WirbelJ_2018,0.03,0.7589285714285715,0.7935569483631497,0.6666666666666666,PA_Eubacterium ventriosum,PA,Eubacterium ventriosum,Eubacterium ventriosum,eubacterium ventriosum,0.0,0.0,False,zero,38
OnlyFemale,LASSO_LogisticRegression,WirbelJ_2018,0.03,0.7589285714285715,0.7935569483631497,0.6666666666666666,PA_Oscillibacter sp. 57_20,PA,Oscillibacter sp. 57_20,Oscillibacter sp. 57 20,oscillibacter sp. 57 20,0.0,0.0,False,zero,39
OnlyFemale,LASSO_LogisticRegression,WirbelJ_2018,0.03,0.7589285714285715,0.7935569483631497,0.6666666666666666,PA_Roseburia hominis,PA,Roseburia hominis,Roseburia hominis,roseburia hominis,0.0,0.0,False,zero,40
OnlyFemale,LASSO_LogisticRegression,WirbelJ_2018,0.03,0.7589285714285715,0.7935569483631497,0.6666666666666666,PA_Alistipes finegoldii,PA,Alistipes finegoldii,Alistipes finegoldii,alistipes finegoldii,0.0,0.0,False,zero,41
OnlyFemale,LASSO_LogisticRegression,WirbelJ_2018,0.03,0.7589285714285715,0.7935569483631497,0.6666666666666666,PA_Alistipes putredinis,PA,Alistipes putredinis,Alistipes putredinis,alistipes putredinis,0.0,0.0,False,zero,42
OnlyFemale,LASSO_LogisticRegression,WirbelJ_2018,0.03,0.7589285714285715,0.7935569483631497,0.6666666666666666,PA_Veillonella atypica,PA,Veillonella atypica,Veillonella atypica,veillonella atypica,0.0,0.0,False,zero,43
OnlyFemale,LASSO_LogisticRegression,WirbelJ_2018,0.03,0.7589285714285715,0.7935569483631497,0.6666666666666666,PA_Ruminococcus bromii,PA,Ruminococcus bromii,Ruminococcus bromii,ruminococcus bromii,0.0,0.0,False,zero,44
OnlyFemale,LASSO_LogisticRegression,WirbelJ_2018,0.03,0.7589285714285715,0.7935569483631497,0.6666666666666666,PA_Firmicutes bacterium CAG:83,PA,Firmicutes bacterium CAG:83,Firmicutes bacterium CAG:83,firmicutes bacterium cag:83,0.0,0.0,False,zero,45
OnlyFemale,LASSO_LogisticRegression,WirbelJ_2018,0.03,0.7589285714285715,0.7935569483631497,0.6666666666666666,PA_Veillonella parvula,PA,Veillonella parvula,Veillonella parvula,veillonella parvula,0.0,0.0,False,zero,46
OnlyFemale,LASSO_LogisticRegression,WirbelJ_2018,0.03,0.7589285714285715,0.7935569483631497,0.6666666666666666,PA_Lachnospira eligens,PA,Lachnospira eligens,Lachnospira eligens,lachnospira eligens,0.0,0.0,False,zero,47
OnlyFemale,LASSO_LogisticRegression,WirbelJ_2018,0.03,0.7589285714285715,0.7935569483631497,0.6666666666666666,PA_[Ruminococcus] gnavus,PA,[Ruminococcus] gnavus,[Ruminococcus] gnavus,[ruminococcus] gnavus,0.0,0.0,False,zero,48
OnlyFemale,LASSO_LogisticRegression,WirbelJ_2018,0.03,0.7589285714285715,0.7935569483631497,0.6666666666666666,PA_Bacteroides eggerthii,PA,Bacteroides eggerthii,Bacteroides eggerthii,bacteroides eggerthii,0.0,0.0,False,zero,49
OnlyFemale,LASSO_LogisticRegression,WirbelJ_2018,0.03,0.7589285714285715,0.7935569483631497,0.6666666666666666,PA_Roseburia faecis,PA,Roseburia faecis,Roseburia faecis,roseburia faecis,0.0,0.0,False,zero,50
OnlyFemale,LASSO_LogisticRegression,WirbelJ_2018,0.03,0.7589285714285715,0.7935569483631497,0.6666666666666666,PA_Phocaeicola coprocola,PA,Phocaeicola coprocola,Phocaeicola coprocola,phocaeicola coprocola,0.0,0.0,False,zero,51
OnlyFemale,LASSO_LogisticRegression,WirbelJ_2018,0.03,0.7589285714285715,0.7935569483631497,0.6666666666666666,PA_Adlercreutzia equolifaciens,PA,Adlercreutzia equolifaciens,Adlercreutzia equolifaciens,adlercreutzia equolifaciens,0.0,0.0,False,zero,52
OnlyFemale,LASSO_LogisticRegression,WirbelJ_2018,0.03,0.7589285714285715,0.7935569483631497,0.6666666666666666,PA_Gordonibacter pamelaeae,PA,Gordonibacter pamelaeae,Gordonibacter pamelaeae,gordonibacter pamelaeae,0.0,0.0,False,zero,53
OnlyFemale,LASSO_LogisticRegression,WirbelJ_2018,0.03,0.7589285714285715,0.7935569483631497,0.6666666666666666,PA_Eubacterium sp. CAG:180,PA,Eubacterium sp. CAG:180,Eubacterium sp. CAG:180,eubacterium sp. cag:180,0.0,0.0,False,zero,54
OnlyFemale,LASSO_LogisticRegression,WirbelJ_2018,0.03,0.7589285714285715,0.7935569483631497,0.6666666666666666,PA_Parabacteroides merdae,PA,Parabacteroides merdae,Parabacteroides merdae,parabacteroides merdae,0.0,0.0,False,zero,55
OnlyFemale,LASSO_LogisticRegression,WirbelJ_2018,0.03,0.7589285714285715,0.7935569483631497,0.6666666666666666,PA_Phocaeicola dorei,PA,Phocaeicola dorei,Phocaeicola dorei,phocaeicola dorei,0.0,0.0,False,zero,56
OnlyFemale,LASSO_LogisticRegression,WirbelJ_2018,0.03,0.7589285714285715,0.7935569483631497,0.6666666666666666,PA_[Eubacterium] siraeum,PA,[Eubacterium] siraeum,[Eubacterium] siraeum,[eubacterium] siraeum,0.0,0.0,False,zero,57
OnlyFemale,LASSO_LogisticRegression,WirbelJ_2018,0.03,0.7589285714285715,0.7935569483631497,0.6666666666666666,PA_Barnesiella intestinihominis,PA,Barnesiella intestinihominis,Barnesiella intestinihominis,barnesiella intestinihominis,0.0,0.0,False,zero,58
OnlyFemale,LASSO_LogisticRegression,WirbelJ_2018,0.03,0.7589285714285715,0.7935569483631497,0.6666666666666666,PA_Methanobrevibacter smithii,PA,Methanobrevibacter smithii,Methanobrevibacter smithii,methanobrevibacter smithii,0.0,0.0,False,zero,59
OnlyFemale,LASSO_LogisticRegression,WirbelJ_2018,0.03,0.7589285714285715,0.7935569483631497,0.6666666666666666,PA_Firmicutes bacterium CAG:145,PA,Firmicutes bacterium CAG:145,Firmicutes bacterium CAG:145,firmicutes bacterium cag:145,0.0,0.0,False,zero,60
OnlyFemale,LASSO_LogisticRegression,WirbelJ_2018,0.03,0.7589285714285715,0.7935569483631497,0.6666666666666666,PA_Bacteroides cellulosilyticus,PA,Bacteroides cellulosilyticus,Bacteroides cellulosilyticus,bacteroides cellulosilyticus,0.0,0.0,False,zero,61
OnlyFemale,LASSO_LogisticRegression,WirbelJ_2018,0.03,0.7589285714285715,0.7935569483631497,0.6666666666666666,PA_Adlercreutzia equolifaciens_1,PA,Adlercreutzia equolifaciens_1,Adlercreutzia equolifaciens 1,adlercreutzia equolifaciens 1,0.0,0.0,False,zero,62
OnlyFemale,LASSO_LogisticRegression,WirbelJ_2018,0.03,0.7589285714285715,0.7935569483631497,0.6666666666666666,PA_Ruminococcus bicirculans,PA,Ruminococcus bicirculans,Ruminococcus bicirculans,ruminococcus bicirculans,0.0,0.0,False,zero,63
OnlyFemale,LASSO_LogisticRegression,WirbelJ_2018,0.03,0.7589285714285715,0.7935569483631497,0.6666666666666666,PA_Firmicutes bacterium CAG:110,PA,Firmicutes bacterium CAG:110,Firmicutes bacterium CAG:110,firmicutes bacterium cag:110,0.0,0.0,False,zero,64
OnlyFemale,LASSO_LogisticRegression,WirbelJ_2018,0.03,0.7589285714285715,0.7935569483631497,0.6666666666666666,PA_Parabacteroides distasonis,PA,Parabacteroides distasonis,Parabacteroides distasonis,parabacteroides distasonis,0.0,0.0,False,zero,65
OnlyFemale,LASSO_LogisticRegression,WirbelJ_2018,0.03,0.7589285714285715,0.7935569483631497,0.6666666666666666,PA_Ruthenibacterium lactatiformans,PA,Ruthenibacterium lactatiformans,Ruthenibacterium lactatiformans,ruthenibacterium lactatiformans,0.0,0.0,False,zero,66
OnlyFemale,LASSO_LogisticRegression,WirbelJ_2018,0.03,0.7589285714285715,0.7935569483631497,0.6666666666666666,PA_Odoribacter splanchnicus,PA,Odoribacter splanchnicus,Odoribacter splanchnicus,odoribacter splanchnicus,0.0,0.0,False,zero,67
OnlyFemale,LASSO_LogisticRegression,WirbelJ_2018,0.03,0.7589285714285715,0.7935569483631497,0.6666666666666666,PA_Oscillibacter sp. CAG:241,PA,Oscillibacter sp. CAG:241,Oscillibacter sp. CAG:241,oscillibacter sp. cag:241,0.0,0.0,False,zero,68
OnlyFemale,LASSO_LogisticRegression,WirbelJ_2018,0.03,0.7589285714285715,0.7935569483631497,0.6666666666666666,PA_Alistipes shahii,PA,Alistipes shahii,Alistipes shahii,alistipes shahii,0.0,0.0,False,zero,69
OnlyFemale,LASSO_LogisticRegression,WirbelJ_2018,0.03,0.7589285714285715,0.7935569483631497,0.6666666666666666,PA_Eggerthella lenta,PA,Eggerthella lenta,Eggerthella lenta,eggerthella lenta,0.0,0.0,False,zero,70
OnlyFemale,LASSO_LogisticRegression,WirbelJ_2018,0.03,0.7589285714285715,0.7935569483631497,0.6666666666666666,PA_Escherichia coli,PA,Escherichia coli,Escherichia coli,escherichia coli,0.0,0.0,False,zero,71
OnlyFemale,LASSO_LogisticRegression,WirbelJ_2018,0.03,0.7589285714285715,0.7935569483631497,0.6666666666666666,PA_Butyricimonas virosa,PA,Butyricimonas virosa,Butyricimonas virosa,butyricimonas virosa,0.0,0.0,False,zero,72
OnlyFemale,LASSO_LogisticRegression,WirbelJ_2018,0.03,0.7589285714285715,0.7935569483631497,0.6666666666666666,PA_Bacteroides sp. CAG:144,PA,Bacteroides sp. CAG:144,Bacteroides sp. CAG:144,bacteroides sp. cag:144,0.0,0.0,False,zero,73
OnlyFemale,LASSO_LogisticRegression,WirbelJ_2018,0.03,0.7589285714285715,0.7935569483631497,0.6666666666666666,PA_Intestinibacter bartlettii,PA,Intestinibacter bartlettii,Intestinibacter bartlettii,intestinibacter bartlettii,0.0,0.0,False,zero,74
OnlyFemale,LASSO_LogisticRegression,WirbelJ_2018,0.03,0.7589285714285715,0.7935569483631497,0.6666666666666666,PA_Erysipelatoclostridium ramosum,PA,Erysipelatoclostridium ramosum,Erysipelatoclostridium ramosum,erysipelatoclostridium ramosum,0.0,0.0,False,zero,75
OnlyFemale,LASSO_LogisticRegression,WirbelJ_2018,0.03,0.7589285714285715,0.7935569483631497,0.6666666666666666,PA_Slackia isoflavoniconvertens,PA,Slackia isoflavoniconvertens,Slackia isoflavoniconvertens,slackia isoflavoniconvertens,0.0,0.0,False,zero,76
OnlyFemale,LASSO_LogisticRegression,WirbelJ_2018,0.03,0.7589285714285715,0.7935569483631497,0.6666666666666666,PA_Clostridium sp. CAG:58,PA,Clostridium sp. CAG:58,Clostridium sp. CAG:58,clostridium sp. cag:58,0.0,0.0,False,zero,77
OnlyFemale,LASSO_LogisticRegression,WirbelJ_2018,0.03,0.7589285714285715,0.7935569483631497,0.6666666666666666,PA_Akkermansia muciniphila,PA,Akkermansia muciniphila,Akkermansia muciniphila,akkermansia muciniphila,0.0,0.0,False,zero,78
OnlyFemale,LASSO_LogisticRegression,WirbelJ_2018,0.03,0.7589285714285715,0.7935569483631497,0.6666666666666666,PA_Bacteroides intestinalis,PA,Bacteroides intestinalis,Bacteroides intestinalis,bacteroides intestinalis,0.0,0.0,False,zero,79
OnlyFemale,LASSO_LogisticRegression,WirbelJ_2018,0.03,0.7589285714285715,0.7935569483631497,0.6666666666666666,PA_Bifidobacterium pseudocatenulatum,PA,Bifidobacterium pseudocatenulatum,Bifidobacterium pseudocatenulatum,bifidobacterium pseudocatenulatum,0.0,0.0,False,zero,80
OnlyFemale,LASSO_LogisticRegression,WirbelJ_2018,0.03,0.7589285714285715,0.7935569483631497,0.6666666666666666,PA_Eubacterium sp. CAG:38,PA,Eubacterium sp. CAG:38,Eubacterium sp. CAG:38,eubacterium sp. cag:38,0.0,0.0,False,zero,81
OnlyFemale,LASSO_LogisticRegression,WirbelJ_2018,0.03,0.7589285714285715,0.7935569483631497,0.6666666666666666,PA_Bacteroides fragilis,PA,Bacteroides fragilis,Bacteroides fragilis,bacteroides fragilis,0.0,0.0,False,zero,82
OnlyFemale,LASSO_LogisticRegression,WirbelJ_2018,0.03,0.7589285714285715,0.7935569483631497,0.6666666666666666,PA_Bifidobacterium bifidum,PA,Bifidobacterium bifidum,Bifidobacterium bifidum,bifidobacterium bifidum,0.0,0.0,False,zero,83
OnlyFemale,LASSO_LogisticRegression,WirbelJ_2018,0.03,0.7589285714285715,0.7935569483631497,0.6666666666666666,PA_Blautia sp. CAG:257,PA,Blautia sp. CAG:257,Blautia sp. CAG:257,blautia sp. cag:257,0.0,0.0,False,zero,84
OnlyFemale,LASSO_LogisticRegression,WirbelJ_2018,0.03,0.7589285714285715,0.7935569483631497,0.6666666666666666,PA_Coprococcus eutactus,PA,Coprococcus eutactus,Coprococcus eutactus,coprococcus eutactus,0.0,0.0,False,zero,85
OnlyFemale,LASSO_LogisticRegression,WirbelJ_2018,0.03,0.7589285714285715,0.7935569483631497,0.6666666666666666,PA_[Ruminococcus] lactaris,PA,[Ruminococcus] lactaris,[Ruminococcus] lactaris,[ruminococcus] lactaris,0.0,0.0,False,zero,86
OnlyFemale,LASSO_LogisticRegression,WirbelJ_2018,0.03,0.7589285714285715,0.7935569483631497,0.6666666666666666,PA_Bifidobacterium longum,PA,Bifidobacterium longum,Bifidobacterium longum,bifidobacterium longum,0.0,0.0,False,zero,87
OnlyFemale,LASSO_LogisticRegression,WirbelJ_2018,0.03,0.7589285714285715,0.7935569483631497,0.6666666666666666,PA_Lawsonibacter asaccharolyticus,PA,Lawsonibacter asaccharolyticus,Lawsonibacter asaccharolyticus,lawsonibacter asaccharolyticus,0.0,0.0,False,zero,88
OnlyFemale,LASSO_LogisticRegression,WirbelJ_2018,0.03,0.7589285714285715,0.7935569483631497,0.6666666666666666,PA_Proteobacteria bacterium CAG:139,PA,Proteobacteria bacterium CAG:139,Proteobacteria bacterium CAG:139,proteobacteria bacterium cag:139,0.0,0.0,False,zero,89
OnlyFemale,LASSO_LogisticRegression,WirbelJ_2018,0.03,0.7589285714285715,0.7935569483631497,0.6666666666666666,PA_Parasutterella excrementihominis,PA,Parasutterella excrementihominis,Parasutterella excrementihominis,parasutterella excrementihominis,0.0,0.0,False,zero,90
OnlyFemale,LASSO_LogisticRegression,WirbelJ_2018,0.03,0.7589285714285715,0.7935569483631497,0.6666666666666666,PA_Coprobacter fastidiosus,PA,Coprobacter fastidiosus,Coprobacter fastidiosus,coprobacter fastidiosus,0.0,0.0,False,zero,91
OnlyFemale,LASSO_LogisticRegression,WirbelJ_2018,0.03,0.7589285714285715,0.7935569483631497,0.6666666666666666,PA_Dialister invisus,PA,Dialister invisus,Dialister invisus,dialister invisus,0.0,0.0,False,zero,92
OnlyFemale,LASSO_LogisticRegression,WirbelJ_2018,0.03,0.7589285714285715,0.7935569483631497,0.6666666666666666,PA_Enterocloster bolteae,PA,Enterocloster bolteae,Enterocloster bolteae,enterocloster bolteae,0.0,0.0,False,zero,93
OnlyFemale,LASSO_LogisticRegression,WirbelJ_2018,0.03,0.7589285714285715,0.7935569483631497,0.6666666666666666,PA_Bacteroides finegoldii,PA,Bacteroides finegoldii,Bacteroides finegoldii,bacteroides finegoldii,0.0,0.0,False,zero,94
OnlyFemale,LASSO_LogisticRegression,WirbelJ_2018,0.03,0.7589285714285715,0.7935569483631497,0.6666666666666666,PA_Alistipes inops,PA,Alistipes inops,Alistipes inops,alistipes inops,0.0,0.0,False,zero,95
OnlyFemale,LASSO_LogisticRegression,WirbelJ_2018,0.03,0.7589285714285715,0.7935569483631497,0.6666666666666666,PA_Lachnospira pectinoschiza,PA,Lachnospira pectinoschiza,Lachnospira pectinoschiza,lachnospira pectinoschiza,0.0,0.0,False,zero,96
OnlyFemale,LASSO_LogisticRegression,WirbelJ_2018,0.03,0.7589285714285715,0.7935569483631497,0.6666666666666666,PA_Prevotella copri,PA,Prevotella copri,Prevotella copri,prevotella copri,0.0,0.0,False,zero,97
OnlyFemale,LASSO_LogisticRegression,WirbelJ_2018,0.03,0.7589285714285715,0.7935569483631497,0.6666666666666666,PA_Phocaeicola massiliensis,PA,Phocaeicola massiliensis,Phocaeicola massiliensis,phocaeicola massiliensis,0.0,0.0,False,zero,98
OnlyFemale,LASSO_LogisticRegression,WirbelJ_2018,0.03,0.7589285714285715,0.7935569483631497,0.6666666666666666,PA_Megamonas funiformis,PA,Megamonas funiformis,Megamonas funiformis,megamonas funiformis,0.0,0.0,False,zero,99
OnlyFemale,LASSO_LogisticRegression,WirbelJ_2018,0.03,0.7589285714285715,0.7935569483631497,0.6666666666666666,PA_Phascolarctobacterium faecium,PA,Phascolarctobacterium faecium,Phascolarctobacterium faecium,phascolarctobacterium faecium,0.0,0.0,False,zero,100
OnlyFemale,LASSO_LogisticRegression,WirbelJ_2018,0.03,0.7589285714285715,0.7935569483631497,0.6666666666666666,PA_Acidaminococcus intestini,PA,Acidaminococcus intestini,Acidaminococcus intestini,acidaminococcus intestini,0.0,0.0,False,zero,101
OnlyFemale,LASSO_LogisticRegression,WirbelJ_2018,0.03,0.7589285714285715,0.7935569483631497,0.6666666666666666,PA_Bacteroides caccae,PA,Bacteroides caccae,Bacteroides caccae,bacteroides caccae,0.0,0.0,False,zero,102
OnlyFemale,LASSO_LogisticRegression,WirbelJ_2018,0.03,0.7589285714285715,0.7935569483631497,0.6666666666666666,PA_Paraprevotella xylaniphila,PA,Paraprevotella xylaniphila,Paraprevotella xylaniphila,paraprevotella xylaniphila,0.0,0.0,False,zero,103
OnlyFemale,LASSO_LogisticRegression,WirbelJ_2018,0.03,0.7589285714285715,0.7935569483631497,0.6666666666666666,PA_Bacteroides salyersiae,PA,Bacteroides salyersiae,Bacteroides salyersiae,bacteroides salyersiae,0.0,0.0,False,zero,104
OnlyFemale,LASSO_LogisticRegression,WirbelJ_2018,0.03,0.7589285714285715,0.7935569483631497,0.6666666666666666,PA_Anaerotignum lactatifermentans,PA,Anaerotignum lactatifermentans,Anaerotignum lactatifermentans,anaerotignum lactatifermentans,0.0,0.0,False,zero,105
OnlyFemale,LASSO_LogisticRegression,WirbelJ_2018,0.03,0.7589285714285715,0.7935569483631497,0.6666666666666666,PA_Klebsiella variicola,PA,Klebsiella variicola,Klebsiella variicola,klebsiella variicola,0.0,0.0,False,zero,106
OnlyFemale,LASSO_LogisticRegression,WirbelJ_2018,0.03,0.7589285714285715,0.7935569483631497,0.6666666666666666,PA_Klebsiella pneumoniae,PA,Klebsiella pneumoniae,Klebsiella pneumoniae,klebsiella pneumoniae,0.0,0.0,False,zero,107
OnlyFemale,LASSO_LogisticRegression,WirbelJ_2018,0.03,0.7589285714285715,0.7935569483631497,0.6666666666666666,PA_Klebsiella quasipneumoniae,PA,Klebsiella quasipneumoniae,Klebsiella quasipneumoniae,klebsiella quasipneumoniae,0.0,0.0,False,zero,108
OnlyFemale,LASSO_LogisticRegression,WirbelJ_2018,0.03,0.7589285714285715,0.7935569483631497,0.6666666666666666,rCLR_Faecalibacterium prausnitzii,rCLR,Faecalibacterium prausnitzii,Faecalibacterium prausnitzii,faecalibacterium prausnitzii,0.0,0.0,False,zero,109
OnlyFemale,LASSO_LogisticRegression,WirbelJ_2018,0.03,0.7589285714285715,0.7935569483631497,0.6666666666666666,rCLR_Streptococcus salivarius,rCLR,Streptococcus salivarius,Streptococcus salivarius,streptococcus salivarius,0.0,0.0,False,zero,110
OnlyFemale,LASSO_LogisticRegression,WirbelJ_2018,0.03,0.7589285714285715,0.7935569483631497,0.6666666666666666,rCLR_Bacteroides stercoris,rCLR,Bacteroides stercoris,Bacteroides stercoris,bacteroides stercoris,0.0,0.0,False,zero,111
OnlyFemale,LASSO_LogisticRegression,WirbelJ_2018,0.03,0.7589285714285715,0.7935569483631497,0.6666666666666666,rCLR_Collinsella aerofaciens,rCLR,Collinsella aerofaciens,Collinsella aerofaciens,collinsella aerofaciens,0.0,0.0,False,zero,112
OnlyFemale,LASSO_LogisticRegression,WirbelJ_2018,0.03,0.7589285714285715,0.7935569483631497,0.6666666666666666,rCLR_Bifidobacterium longum,rCLR,Bifidobacterium longum,Bifidobacterium longum,bifidobacterium longum,0.0,0.0,False,zero,113
OnlyFemale,LASSO_LogisticRegression,WirbelJ_2018,0.03,0.7589285714285715,0.7935569483631497,0.6666666666666666,rCLR_Phocaeicola plebeius,rCLR,Phocaeicola plebeius,Phocaeicola plebeius,phocaeicola plebeius,0.0,0.0,False,zero,114
OnlyFemale,LASSO_LogisticRegression,WirbelJ_2018,0.03,0.7589285714285715,0.7935569483631497,0.6666666666666666,rCLR_Phocaeicola vulgatus,rCLR,Phocaeicola vulgatus,Phocaeicola vulgatus,phocaeicola vulgatus,0.0,0.0,False,zero,115
OnlyFemale,LASSO_LogisticRegression,WirbelJ_2018,0.03,0.7589285714285715,0.7935569483631497,0.6666666666666666,rCLR_Dorea longicatena,rCLR,Dorea longicatena,Dorea longicatena,dorea longicatena,0.0,0.0,False,zero,116
OnlyFemale,LASSO_LogisticRegression,WirbelJ_2018,0.03,0.7589285714285715,0.7935569483631497,0.6666666666666666,rCLR_Eubacterium sp. CAG:251,rCLR,Eubacterium sp. CAG:251,Eubacterium sp. CAG:251,eubacterium sp. cag:251,0.0,0.0,False,zero,117
OnlyFemale,LASSO_LogisticRegression,WirbelJ_2018,0.03,0.7589285714285715,0.7935569483631497,0.6666666666666666,rCLR_Fusicatenibacter saccharivorans,rCLR,Fusicatenibacter saccharivorans,Fusicatenibacter saccharivorans,fusicatenibacter saccharivorans,0.0,0.0,False,zero,118
OnlyFemale,LASSO_LogisticRegression,WirbelJ_2018,0.03,0.7589285714285715,0.7935569483631497,0.6666666666666666,PA_Desulfovibrio piger,PA,Desulfovibrio piger,Desulfovibrio piger,desulfovibrio piger,0.0,0.0,False,zero,119
OnlyFemale,LASSO_LogisticRegression,WirbelJ_2018,0.03,0.7589285714285715,0.7935569483631497,0.6666666666666666,rCLR_Coprococcus comes,rCLR,Coprococcus comes,Coprococcus comes,coprococcus comes,0.0,0.0,False,zero,120
OnlyFemale,LASSO_LogisticRegression,WirbelJ_2018,0.03,0.7589285714285715,0.7935569483631497,0.6666666666666666,rCLR_[Ruminococcus] torques,rCLR,[Ruminococcus] torques,[Ruminococcus] torques,[ruminococcus] torques,0.0,0.0,False,zero,121
OnlyFemale,LASSO_LogisticRegression,WirbelJ_2018,0.03,0.7589285714285715,0.7935569483631497,0.6666666666666666,rCLR_Holdemanella biformis,rCLR,Holdemanella biformis,Holdemanella biformis,holdemanella biformis,0.0,0.0,False,zero,122
OnlyFemale,LASSO_LogisticRegression,WirbelJ_2018,0.03,0.7589285714285715,0.7935569483631497,0.6666666666666666,rCLR_Bacteroides uniformis,rCLR,Bacteroides uniformis,Bacteroides uniformis,bacteroides uniformis,0.0,0.0,False,zero,123
OnlyFemale,LASSO_LogisticRegression,WirbelJ_2018,0.03,0.7589285714285715,0.7935569483631497,0.6666666666666666,rCLR_Blautia wexlerae,rCLR,Blautia wexlerae,Blautia wexlerae,blautia wexlerae,0.0,0.0,False,zero,124
OnlyFemale,LASSO_LogisticRegression,WirbelJ_2018,0.03,0.7589285714285715,0.7935569483631497,0.6666666666666666,rCLR_Gemmiger formicilis,rCLR,Gemmiger formicilis,Gemmiger formicilis,gemmiger formicilis,0.0,0.0,False,zero,125
OnlyFemale,LASSO_LogisticRegression,WirbelJ_2018,0.03,0.7589285714285715,0.7935569483631497,0.6666666666666666,rCLR_Dorea formicigenerans,rCLR,Dorea formicigenerans,Dorea formicigenerans,dorea formicigenerans,0.0,0.0,False,zero,126
OnlyFemale,LASSO_LogisticRegression,WirbelJ_2018,0.03,0.7589285714285715,0.7935569483631497,0.6666666666666666,rCLR_Streptococcus parasanguinis,rCLR,Streptococcus parasanguinis,Streptococcus parasanguinis,streptococcus parasanguinis,0.0,0.0,False,zero,127
OnlyFemale,LASSO_LogisticRegression,WirbelJ_2018,0.03,0.7589285714285715,0.7935569483631497,0.6666666666666666,rCLR_Coprococcus eutactus,rCLR,Coprococcus eutactus,Coprococcus eutactus,coprococcus eutactus,0.0,0.0,False,zero,128
OnlyFemale,LASSO_LogisticRegression,WirbelJ_2018,0.03,0.7589285714285715,0.7935569483631497,0.6666666666666666,rCLR_[Ruminococcus] lactaris,rCLR,[Ruminococcus] lactaris,[Ruminococcus] lactaris,[ruminococcus] lactaris,0.0,0.0,False,zero,129
OnlyFemale,LASSO_LogisticRegression,WirbelJ_2018,0.03,0.7589285714285715,0.7935569483631497,0.6666666666666666,rCLR_Coprococcus catus,rCLR,Coprococcus catus,Coprococcus catus,coprococcus catus,0.0,0.0,False,zero,130
OnlyFemale,LASSO_LogisticRegression,WirbelJ_2018,0.03,0.7589285714285715,0.7935569483631497,0.6666666666666666,rCLR_Roseburia intestinalis,rCLR,Roseburia intestinalis,Roseburia intestinalis,roseburia intestinalis,0.0,0.0,False,zero,131
OnlyFemale,LASSO_LogisticRegression,WirbelJ_2018,0.03,0.7589285714285715,0.7935569483631497,0.6666666666666666,rCLR_Roseburia inulinivorans,rCLR,Roseburia inulinivorans,Roseburia inulinivorans,roseburia inulinivorans,0.0,0.0,False,zero,132
OnlyFemale,LASSO_LogisticRegression,WirbelJ_2018,0.03,0.7589285714285715,0.7935569483631497,0.6666666666666666,rCLR_Phascolarctobacterium succinatutens,rCLR,Phascolarctobacterium succinatutens,Phascolarctobacterium succinatutens,phascolarctobacterium succinatutens,0.0,0.0,False,zero,133
OnlyFemale,LASSO_LogisticRegression,WirbelJ_2018,0.03,0.7589285714285715,0.7935569483631497,0.6666666666666666,rCLR_[Eubacterium] rectale,rCLR,[Eubacterium] rectale,[Eubacterium] rectale,[eubacterium] rectale,0.0,0.0,False,zero,134
OnlyFemale,LASSO_LogisticRegression,WirbelJ_2018,0.03,0.7589285714285715,0.7935569483631497,0.6666666666666666,rCLR_Blautia obeum,rCLR,Blautia obeum,Blautia obeum,blautia obeum,0.0,0.0,False,zero,135
OnlyFemale,LASSO_LogisticRegression,WirbelJ_2018,0.03,0.7589285714285715,0.7935569483631497,0.6666666666666666,rCLR_Agathobaculum butyriciproducens,rCLR,Agathobaculum butyriciproducens,Agathobaculum butyriciproducens,agathobaculum butyriciproducens,0.0,0.0,False,zero,136
OnlyFemale,LASSO_LogisticRegression,WirbelJ_2018,0.03,0.7589285714285715,0.7935569483631497,0.6666666666666666,rCLR_Bacteroides xylanisolvens,rCLR,Bacteroides xylanisolvens,Bacteroides xylanisolvens,bacteroides xylanisolvens,0.0,0.0,False,zero,137
OnlyFemale,LASSO_LogisticRegression,WirbelJ_2018,0.03,0.7589285714285715,0.7935569483631497,0.6666666666666666,rCLR_Bacteroides ovatus,rCLR,Bacteroides ovatus,Bacteroides ovatus,bacteroides ovatus,0.0,0.0,False,zero,138
OnlyFemale,LASSO_LogisticRegression,WirbelJ_2018,0.03,0.7589285714285715,0.7935569483631497,0.6666666666666666,rCLR_Bacteroides thetaiotaomicron,rCLR,Bacteroides thetaiotaomicron,Bacteroides thetaiotaomicron,bacteroides thetaiotaomicron,0.0,0.0,False,zero,139
OnlyFemale,LASSO_LogisticRegression,WirbelJ_2018,0.03,0.7589285714285715,0.7935569483631497,0.6666666666666666,rCLR_Streptococcus thermophilus,rCLR,Streptococcus thermophilus,Streptococcus thermophilus,streptococcus thermophilus,0.0,0.0,False,zero,140
OnlyFemale,LASSO_LogisticRegression,WirbelJ_2018,0.03,0.7589285714285715,0.7935569483631497,0.6666666666666666,rCLR_Eubacterium ramulus,rCLR,Eubacterium ramulus,Eubacterium ramulus,eubacterium ramulus,0.0,0.0,False,zero,141
OnlyFemale,LASSO_LogisticRegression,WirbelJ_2018,0.03,0.7589285714285715,0.7935569483631497,0.6666666666666666,rCLR_Bifidobacterium adolescentis,rCLR,Bifidobacterium adolescentis,Bifidobacterium adolescentis,bifidobacterium adolescentis,0.0,0.0,False,zero,142
OnlyFemale,LASSO_LogisticRegression,WirbelJ_2018,0.03,0.7589285714285715,0.7935569483631497,0.6666666666666666,rCLR_Eubacterium sp. CAG:274,rCLR,Eubacterium sp. CAG:274,Eubacterium sp. CAG:274,eubacterium sp. cag:274,0.0,0.0,False,zero,143
OnlyFemale,LASSO_LogisticRegression,WirbelJ_2018,0.03,0.7589285714285715,0.7935569483631497,0.6666666666666666,rCLR_Eubacterium ventriosum,rCLR,Eubacterium ventriosum,Eubacterium ventriosum,eubacterium ventriosum,0.0,0.0,False,zero,144
OnlyFemale,LASSO_LogisticRegression,WirbelJ_2018,0.03,0.7589285714285715,0.7935569483631497,0.6666666666666666,rCLR_Flavonifractor plautii,rCLR,Flavonifractor plautii,Flavonifractor plautii,flavonifractor plautii,0.0,0.0,False,zero,145
OnlyFemale,LASSO_LogisticRegression,WirbelJ_2018,0.03,0.7589285714285715,0.7935569483631497,0.6666666666666666,rCLR_Oscillibacter sp. 57_20,rCLR,Oscillibacter sp. 57_20,Oscillibacter sp. 57 20,oscillibacter sp. 57 20,0.0,0.0,False,zero,146
OnlyFemale,LASSO_LogisticRegression,WirbelJ_2018,0.03,0.7589285714285715,0.7935569483631497,0.6666666666666666,rCLR_Roseburia hominis,rCLR,Roseburia hominis,Roseburia hominis,roseburia hominis,0.0,0.0,False,zero,147
OnlyFemale,LASSO_LogisticRegression,WirbelJ_2018,0.03,0.7589285714285715,0.7935569483631497,0.6666666666666666,rCLR_Alistipes finegoldii,rCLR,Alistipes finegoldii,Alistipes finegoldii,alistipes finegoldii,0.0,0.0,False,zero,148
OnlyFemale,LASSO_LogisticRegression,WirbelJ_2018,0.03,0.7589285714285715,0.7935569483631497,0.6666666666666666,rCLR_Alistipes putredinis,rCLR,Alistipes putredinis,Alistipes putredinis,alistipes putredinis,0.0,0.0,False,zero,149
OnlyFemale,LASSO_LogisticRegression,WirbelJ_2018,0.03,0.7589285714285715,0.7935569483631497,0.6666666666666666,rCLR_Veillonella atypica,rCLR,Veillonella atypica,Veillonella atypica,veillonella atypica,0.0,0.0,False,zero,150
OnlyFemale,LASSO_LogisticRegression,WirbelJ_2018,0.03,0.7589285714285715,0.7935569483631497,0.6666666666666666,rCLR_Ruminococcus bromii,rCLR,Ruminococcus bromii,Ruminococcus bromii,ruminococcus bromii,0.0,0.0,False,zero,151
OnlyFemale,LASSO_LogisticRegression,WirbelJ_2018,0.03,0.7589285714285715,0.7935569483631497,0.6666666666666666,rCLR_Firmicutes bacterium CAG:83,rCLR,Firmicutes bacterium CAG:83,Firmicutes bacterium CAG:83,firmicutes bacterium cag:83,0.0,0.0,False,zero,152
OnlyFemale,LASSO_LogisticRegression,WirbelJ_2018,0.03,0.7589285714285715,0.7935569483631497,0.6666666666666666,rCLR_Veillonella parvula,rCLR,Veillonella parvula,Veillonella parvula,veillonella parvula,0.0,0.0,False,zero,153
OnlyFemale,LASSO_LogisticRegression,WirbelJ_2018,0.03,0.7589285714285715,0.7935569483631497,0.6666666666666666,rCLR_Lachnospira eligens,rCLR,Lachnospira eligens,Lachnospira eligens,lachnospira eligens,0.0,0.0,False,zero,154
OnlyFemale,LASSO_LogisticRegression,WirbelJ_2018,0.03,0.7589285714285715,0.7935569483631497,0.6666666666666666,rCLR_[Ruminococcus] gnavus,rCLR,[Ruminococcus] gnavus,[Ruminococcus] gnavus,[ruminococcus] gnavus,0.0,0.0,False,zero,155
OnlyFemale,LASSO_LogisticRegression,WirbelJ_2018,0.03,0.7589285714285715,0.7935569483631497,0.6666666666666666,rCLR_Bacteroides eggerthii,rCLR,Bacteroides eggerthii,Bacteroides eggerthii,bacteroides eggerthii,0.0,0.0,False,zero,156
OnlyFemale,LASSO_LogisticRegression,WirbelJ_2018,0.03,0.7589285714285715,0.7935569483631497,0.6666666666666666,rCLR_Roseburia faecis,rCLR,Roseburia faecis,Roseburia faecis,roseburia faecis,0.0,0.0,False,zero,157
OnlyFemale,LASSO_LogisticRegression,WirbelJ_2018,0.03,0.7589285714285715,0.7935569483631497,0.6666666666666666,rCLR_Phocaeicola coprocola,rCLR,Phocaeicola coprocola,Phocaeicola coprocola,phocaeicola coprocola,0.0,0.0,False,zero,158
OnlyFemale,LASSO_LogisticRegression,WirbelJ_2018,0.03,0.7589285714285715,0.7935569483631497,0.6666666666666666,rCLR_Adlercreutzia equolifaciens,rCLR,Adlercreutzia equolifaciens,Adlercreutzia equolifaciens,adlercreutzia equolifaciens,0.0,0.0,False,zero,159
OnlyFemale,LASSO_LogisticRegression,WirbelJ_2018,0.03,0.7589285714285715,0.7935569483631497,0.6666666666666666,rCLR_Gordonibacter pamelaeae,rCLR,Gordonibacter pamelaeae,Gordonibacter pamelaeae,gordonibacter pamelaeae,0.0,0.0,False,zero,160
OnlyFemale,LASSO_LogisticRegression,WirbelJ_2018,0.03,0.7589285714285715,0.7935569483631497,0.6666666666666666,rCLR_Eubacterium sp. CAG:180,rCLR,Eubacterium sp. CAG:180,Eubacterium sp. CAG:180,eubacterium sp. cag:180,0.0,0.0,False,zero,161
OnlyFemale,LASSO_LogisticRegression,WirbelJ_2018,0.03,0.7589285714285715,0.7935569483631497,0.6666666666666666,rCLR_Parabacteroides merdae,rCLR,Parabacteroides merdae,Parabacteroides merdae,parabacteroides merdae,0.0,0.0,False,zero,162
OnlyFemale,LASSO_LogisticRegression,WirbelJ_2018,0.03,0.7589285714285715,0.7935569483631497,0.6666666666666666,rCLR_Phocaeicola dorei,rCLR,Phocaeicola dorei,Phocaeicola dorei,phocaeicola dorei,0.0,0.0,False,zero,163
OnlyFemale,LASSO_LogisticRegression,WirbelJ_2018,0.03,0.7589285714285715,0.7935569483631497,0.6666666666666666,rCLR_[Eubacterium] siraeum,rCLR,[Eubacterium] siraeum,[Eubacterium] siraeum,[eubacterium] siraeum,0.0,0.0,False,zero,164
OnlyFemale,LASSO_LogisticRegression,WirbelJ_2018,0.03,0.7589285714285715,0.7935569483631497,0.6666666666666666,rCLR_Barnesiella intestinihominis,rCLR,Barnesiella intestinihominis,Barnesiella intestinihominis,barnesiella intestinihominis,0.0,0.0,False,zero,165
OnlyFemale,LASSO_LogisticRegression,WirbelJ_2018,0.03,0.7589285714285715,0.7935569483631497,0.6666666666666666,rCLR_Methanobrevibacter smithii,rCLR,Methanobrevibacter smithii,Methanobrevibacter smithii,methanobrevibacter smithii,0.0,0.0,False,zero,166
OnlyFemale,LASSO_LogisticRegression,WirbelJ_2018,0.03,0.7589285714285715,0.7935569483631497,0.6666666666666666,rCLR_Firmicutes bacterium CAG:145,rCLR,Firmicutes bacterium CAG:145,Firmicutes bacterium CAG:145,firmicutes bacterium cag:145,0.0,0.0,False,zero,167
OnlyFemale,LASSO_LogisticRegression,WirbelJ_2018,0.03,0.7589285714285715,0.7935569483631497,0.6666666666666666,rCLR_Bacteroides cellulosilyticus,rCLR,Bacteroides cellulosilyticus,Bacteroides cellulosilyticus,bacteroides cellulosilyticus,0.0,0.0,False,zero,168
OnlyFemale,LASSO_LogisticRegression,WirbelJ_2018,0.03,0.7589285714285715,0.7935569483631497,0.6666666666666666,rCLR_Adlercreutzia equolifaciens_1,rCLR,Adlercreutzia equolifaciens_1,Adlercreutzia equolifaciens 1,adlercreutzia equolifaciens 1,0.0,0.0,False,zero,169
OnlyFemale,LASSO_LogisticRegression,WirbelJ_2018,0.03,0.7589285714285715,0.7935569483631497,0.6666666666666666,rCLR_Ruminococcus bicirculans,rCLR,Ruminococcus bicirculans,Ruminococcus bicirculans,ruminococcus bicirculans,0.0,0.0,False,zero,170
OnlyFemale,LASSO_LogisticRegression,WirbelJ_2018,0.03,0.7589285714285715,0.7935569483631497,0.6666666666666666,rCLR_Firmicutes bacterium CAG:110,rCLR,Firmicutes bacterium CAG:110,Firmicutes bacterium CAG:110,firmicutes bacterium cag:110,0.0,0.0,False,zero,171
OnlyFemale,LASSO_LogisticRegression,WirbelJ_2018,0.03,0.7589285714285715,0.7935569483631497,0.6666666666666666,rCLR_Parabacteroides distasonis,rCLR,Parabacteroides distasonis,Parabacteroides distasonis,parabacteroides distasonis,0.0,0.0,False,zero,172
OnlyFemale,LASSO_LogisticRegression,WirbelJ_2018,0.03,0.7589285714285715,0.7935569483631497,0.6666666666666666,rCLR_Ruthenibacterium lactatiformans,rCLR,Ruthenibacterium lactatiformans,Ruthenibacterium lactatiformans,ruthenibacterium lactatiformans,0.0,0.0,False,zero,173
OnlyFemale,LASSO_LogisticRegression,WirbelJ_2018,0.03,0.7589285714285715,0.7935569483631497,0.6666666666666666,rCLR_Odoribacter splanchnicus,rCLR,Odoribacter splanchnicus,Odoribacter splanchnicus,odoribacter splanchnicus,0.0,0.0,False,zero,174
OnlyFemale,LASSO_LogisticRegression,WirbelJ_2018,0.03,0.7589285714285715,0.7935569483631497,0.6666666666666666,rCLR_Oscillibacter sp. CAG:241,rCLR,Oscillibacter sp. CAG:241,Oscillibacter sp. CAG:241,oscillibacter sp. cag:241,0.0,0.0,False,zero,175
OnlyFemale,LASSO_LogisticRegression,WirbelJ_2018,0.03,0.7589285714285715,0.7935569483631497,0.6666666666666666,rCLR_Alistipes shahii,rCLR,Alistipes shahii,Alistipes shahii,alistipes shahii,0.0,0.0,False,zero,176
OnlyFemale,LASSO_LogisticRegression,WirbelJ_2018,0.03,0.7589285714285715,0.7935569483631497,0.6666666666666666,rCLR_Eggerthella lenta,rCLR,Eggerthella lenta,Eggerthella lenta,eggerthella lenta,0.0,0.0,False,zero,177
OnlyFemale,LASSO_LogisticRegression,WirbelJ_2018,0.03,0.7589285714285715,0.7935569483631497,0.6666666666666666,rCLR_Escherichia coli,rCLR,Escherichia coli,Escherichia coli,escherichia coli,0.0,0.0,False,zero,178
OnlyFemale,LASSO_LogisticRegression,WirbelJ_2018,0.03,0.7589285714285715,0.7935569483631497,0.6666666666666666,rCLR_Butyricimonas virosa,rCLR,Butyricimonas virosa,Butyricimonas virosa,butyricimonas virosa,0.0,0.0,False,zero,179
OnlyFemale,LASSO_LogisticRegression,WirbelJ_2018,0.03,0.7589285714285715,0.7935569483631497,0.6666666666666666,rCLR_Bacteroides sp. CAG:144,rCLR,Bacteroides sp. CAG:144,Bacteroides sp. CAG:144,bacteroides sp. cag:144,0.0,0.0,False,zero,180
OnlyFemale,LASSO_LogisticRegression,WirbelJ_2018,0.03,0.7589285714285715,0.7935569483631497,0.6666666666666666,rCLR_Intestinibacter bartlettii,rCLR,Intestinibacter bartlettii,Intestinibacter bartlettii,intestinibacter bartlettii,0.0,0.0,False,zero,181
OnlyFemale,LASSO_LogisticRegression,WirbelJ_2018,0.03,0.7589285714285715,0.7935569483631497,0.6666666666666666,rCLR_Erysipelatoclostridium ramosum,rCLR,Erysipelatoclostridium ramosum,Erysipelatoclostridium ramosum,erysipelatoclostridium ramosum,0.0,0.0,False,zero,182
OnlyFemale,LASSO_LogisticRegression,WirbelJ_2018,0.03,0.7589285714285715,0.7935569483631497,0.6666666666666666,rCLR_Slackia isoflavoniconvertens,rCLR,Slackia isoflavoniconvertens,Slackia isoflavoniconvertens,slackia isoflavoniconvertens,0.0,0.0,False,zero,183
OnlyFemale,LASSO_LogisticRegression,WirbelJ_2018,0.03,0.7589285714285715,0.7935569483631497,0.6666666666666666,rCLR_Clostridium sp. CAG:58,rCLR,Clostridium sp. CAG:58,Clostridium sp. CAG:58,clostridium sp. cag:58,0.0,0.0,False,zero,184
OnlyFemale,LASSO_LogisticRegression,WirbelJ_2018,0.03,0.7589285714285715,0.7935569483631497,0.6666666666666666,rCLR_Akkermansia muciniphila,rCLR,Akkermansia muciniphila,Akkermansia muciniphila,akkermansia muciniphila,0.0,0.0,False,zero,185
OnlyFemale,LASSO_LogisticRegression,WirbelJ_2018,0.03,0.7589285714285715,0.7935569483631497,0.6666666666666666,rCLR_Bacteroides intestinalis,rCLR,Bacteroides intestinalis,Bacteroides intestinalis,bacteroides intestinalis,0.0,0.0,False,zero,186
OnlyFemale,LASSO_LogisticRegression,WirbelJ_2018,0.03,0.7589285714285715,0.7935569483631497,0.6666666666666666,rCLR_Bifidobacterium pseudocatenulatum,rCLR,Bifidobacterium pseudocatenulatum,Bifidobacterium pseudocatenulatum,bifidobacterium pseudocatenulatum,0.0,0.0,False,zero,187
OnlyFemale,LASSO_LogisticRegression,WirbelJ_2018,0.03,0.7589285714285715,0.7935569483631497,0.6666666666666666,rCLR_Eubacterium sp. CAG:38,rCLR,Eubacterium sp. CAG:38,Eubacterium sp. CAG:38,eubacterium sp. cag:38,0.0,0.0,False,zero,188
OnlyFemale,LASSO_LogisticRegression,WirbelJ_2018,0.03,0.7589285714285715,0.7935569483631497,0.6666666666666666,rCLR_Bacteroides fragilis,rCLR,Bacteroides fragilis,Bacteroides fragilis,bacteroides fragilis,0.0,0.0,False,zero,189
OnlyFemale,LASSO_LogisticRegression,WirbelJ_2018,0.03,0.7589285714285715,0.7935569483631497,0.6666666666666666,rCLR_Bifidobacterium bifidum,rCLR,Bifidobacterium bifidum,Bifidobacterium bifidum,bifidobacterium bifidum,0.0,0.0,False,zero,190
OnlyFemale,LASSO_LogisticRegression,WirbelJ_2018,0.03,0.7589285714285715,0.7935569483631497,0.6666666666666666,rCLR_Blautia sp. CAG:257,rCLR,Blautia sp. CAG:257,Blautia sp. CAG:257,blautia sp. cag:257,0.0,0.0,False,zero,191
OnlyFemale,LASSO_LogisticRegression,WirbelJ_2018,0.03,0.7589285714285715,0.7935569483631497,0.6666666666666666,rCLR_Parasutterella excrementihominis,rCLR,Parasutterella excrementihominis,Parasutterella excrementihominis,parasutterella excrementihominis,0.0,0.0,False,zero,192
OnlyFemale,LASSO_LogisticRegression,WirbelJ_2018,0.03,0.7589285714285715,0.7935569483631497,0.6666666666666666,rCLR_Proteobacteria bacterium CAG:139,rCLR,Proteobacteria bacterium CAG:139,Proteobacteria bacterium CAG:139,proteobacteria bacterium cag:139,0.0,0.0,False,zero,193
OnlyFemale,LASSO_LogisticRegression,WirbelJ_2018,0.03,0.7589285714285715,0.7935569483631497,0.6666666666666666,rCLR_Lawsonibacter asaccharolyticus,rCLR,Lawsonibacter asaccharolyticus,Lawsonibacter asaccharolyticus,lawsonibacter asaccharolyticus,0.0,0.0,False,zero,194
OnlyFemale,LASSO_LogisticRegression,WirbelJ_2018,0.03,0.7589285714285715,0.7935569483631497,0.6666666666666666,rCLR_Coprobacter fastidiosus,rCLR,Coprobacter fastidiosus,Coprobacter fastidiosus,coprobacter fastidiosus,0.0,0.0,False,zero,195
OnlyFemale,LASSO_LogisticRegression,WirbelJ_2018,0.03,0.7589285714285715,0.7935569483631497,0.6666666666666666,rCLR_Alistipes inops,rCLR,Alistipes inops,Alistipes inops,alistipes inops,0.0,0.0,False,zero,196
OnlyFemale,LASSO_LogisticRegression,WirbelJ_2018,0.03,0.7589285714285715,0.7935569483631497,0.6666666666666666,rCLR_Bacteroides finegoldii,rCLR,Bacteroides finegoldii,Bacteroides finegoldii,bacteroides finegoldii,0.0,0.0,False,zero,197
OnlyFemale,LASSO_LogisticRegression,WirbelJ_2018,0.03,0.7589285714285715,0.7935569483631497,0.6666666666666666,rCLR_Paraprevotella xylaniphila,rCLR,Paraprevotella xylaniphila,Paraprevotella xylaniphila,paraprevotella xylaniphila,0.0,0.0,False,zero,198
OnlyFemale,LASSO_LogisticRegression,WirbelJ_2018,0.03,0.7589285714285715,0.7935569483631497,0.6666666666666666,rCLR_Dialister invisus,rCLR,Dialister invisus,Dialister invisus,dialister invisus,0.0,0.0,False,zero,199
OnlyFemale,LASSO_LogisticRegression,WirbelJ_2018,0.03,0.7589285714285715,0.7935569483631497,0.6666666666666666,rCLR_Enterocloster bolteae,rCLR,Enterocloster bolteae,Enterocloster bolteae,enterocloster bolteae,0.0,0.0,False,zero,200
OnlyFemale,LASSO_LogisticRegression,WirbelJ_2018,0.03,0.7589285714285715,0.7935569483631497,0.6666666666666666,rCLR_Bacteroides caccae,rCLR,Bacteroides caccae,Bacteroides caccae,bacteroides caccae,0.0,0.0,False,zero,201
OnlyFemale,LASSO_LogisticRegression,WirbelJ_2018,0.03,0.7589285714285715,0.7935569483631497,0.6666666666666666,rCLR_Desulfovibrio piger,rCLR,Desulfovibrio piger,Desulfovibrio piger,desulfovibrio piger,0.0,0.0,False,zero,202
OnlyFemale,LASSO_LogisticRegression,WirbelJ_2018,0.03,0.7589285714285715,0.7935569483631497,0.6666666666666666,rCLR_Lachnospira pectinoschiza,rCLR,Lachnospira pectinoschiza,Lachnospira pectinoschiza,lachnospira pectinoschiza,0.0,0.0,False,zero,203
OnlyFemale,LASSO_LogisticRegression,WirbelJ_2018,0.03,0.7589285714285715,0.7935569483631497,0.6666666666666666,rCLR_Prevotella copri,rCLR,Prevotella copri,Prevotella copri,prevotella copri,0.0,0.0,False,zero,204
OnlyFemale,LASSO_LogisticRegression,WirbelJ_2018,0.03,0.7589285714285715,0.7935569483631497,0.6666666666666666,rCLR_Phocaeicola massiliensis,rCLR,Phocaeicola massiliensis,Phocaeicola massiliensis,phocaeicola massiliensis,0.0,0.0,False,zero,205
OnlyFemale,LASSO_LogisticRegression,WirbelJ_2018,0.03,0.7589285714285715,0.7935569483631497,0.6666666666666666,rCLR_Megamonas funiformis,rCLR,Megamonas funiformis,Megamonas funiformis,megamonas funiformis,0.0,0.0,False,zero,206
OnlyFemale,LASSO_LogisticRegression,WirbelJ_2018,0.03,0.7589285714285715,0.7935569483631497,0.6666666666666666,rCLR_Phascolarctobacterium faecium,rCLR,Phascolarctobacterium faecium,Phascolarctobacterium faecium,phascolarctobacterium faecium,0.0,0.0,False,zero,207
OnlyFemale,LASSO_LogisticRegression,WirbelJ_2018,0.03,0.7589285714285715,0.7935569483631497,0.6666666666666666,rCLR_Acidaminococcus intestini,rCLR,Acidaminococcus intestini,Acidaminococcus intestini,acidaminococcus intestini,0.0,0.0,False,zero,208
OnlyFemale,LASSO_LogisticRegression,WirbelJ_2018,0.03,0.7589285714285715,0.7935569483631497,0.6666666666666666,rCLR_Anaerotignum lactatifermentans,rCLR,Anaerotignum lactatifermentans,Anaerotignum lactatifermentans,anaerotignum lactatifermentans,0.0,0.0,False,zero,209
OnlyFemale,LASSO_LogisticRegression,WirbelJ_2018,0.03,0.7589285714285715,0.7935569483631497,0.6666666666666666,rCLR_Bacteroides salyersiae,rCLR,Bacteroides salyersiae,Bacteroides salyersiae,bacteroides salyersiae,0.0,0.0,False,zero,210
OnlyFemale,LASSO_LogisticRegression,WirbelJ_2018,0.03,0.7589285714285715,0.7935569483631497,0.6666666666666666,rCLR_Parvimonas micra,rCLR,Parvimonas micra,Parvimonas micra,parvimonas micra,0.0,0.0,False,zero,211
OnlyFemale,LASSO_LogisticRegression,WirbelJ_2018,0.03,0.7589285714285715,0.7935569483631497,0.6666666666666666,rCLR_Klebsiella pneumoniae,rCLR,Klebsiella pneumoniae,Klebsiella pneumoniae,klebsiella pneumoniae,0.0,0.0,False,zero,212
OnlyFemale,LASSO_LogisticRegression,WirbelJ_2018,0.03,0.7589285714285715,0.7935569483631497,0.6666666666666666,rCLR_Klebsiella variicola,rCLR,Klebsiella variicola,Klebsiella variicola,klebsiella variicola,0.0,0.0,False,zero,213
OnlyFemale,LASSO_LogisticRegression,WirbelJ_2018,0.03,0.7589285714285715,0.7935569483631497,0.6666666666666666,rCLR_Klebsiella quasipneumoniae,rCLR,Klebsiella quasipneumoniae,Klebsiella quasipneumoniae,klebsiella quasipneumoniae,0.0,0.0,False,zero,214
OnlyFemale,LASSO_LogisticRegression,WirbelJ_2018,0.03,0.7589285714285715,0.7935569483631497,0.6666666666666666,Age,covariate,Age,Age,age,0.0,0.0,False,zero,215
OnlyFemale,LASSO_LogisticRegression,YachidaS_2019,0.03,0.59341102644554,0.5945910728314767,0.4473684210526316,PA_Parvimonas micra,PA,Parvimonas micra,Parvimonas micra,parvimonas micra,0.20920958430448158,0.20920958430448158,True,CRC-associated,1
OnlyFemale,LASSO_LogisticRegression,YachidaS_2019,0.03,0.59341102644554,0.5945910728314767,0.4473684210526316,rCLR_Ruthenibacterium lactatiformans,rCLR,Ruthenibacterium lactatiformans,Ruthenibacterium lactatiformans,ruthenibacterium lactatiformans,0.06782967606969698,0.06782967606969698,True,CRC-associated,2
OnlyFemale,LASSO_LogisticRegression,YachidaS_2019,0.03,0.59341102644554,0.5945910728314767,0.4473684210526316,rCLR_Anaerostipes hadrus,rCLR,Anaerostipes hadrus,Anaerostipes hadrus,anaerostipes hadrus,-0.05367160945413673,0.05367160945413673,True,Control-associated,3
OnlyFemale,LASSO_LogisticRegression,YachidaS_2019,0.03,0.59341102644554,0.5945910728314767,0.4473684210526316,rCLR_Bacteroides fragilis,rCLR,Bacteroides fragilis,Bacteroides fragilis,bacteroides fragilis,0.042852042410408644,0.042852042410408644,True,CRC-associated,4
OnlyFemale,LASSO_LogisticRegression,YachidaS_2019,0.03,0.59341102644554,0.5945910728314767,0.4473684210526316,PA_[Ruminococcus] gnavus,PA,[Ruminococcus] gnavus,[Ruminococcus] gnavus,[ruminococcus] gnavus,0.028814216193520124,0.028814216193520124,True,CRC-associated,5
OnlyFemale,LASSO_LogisticRegression,YachidaS_2019,0.03,0.59341102644554,0.5945910728314767,0.4473684210526316,PA_Streptococcus salivarius,PA,Streptococcus salivarius,Streptococcus salivarius,streptococcus salivarius,0.0,0.0,False,zero,6
OnlyFemale,LASSO_LogisticRegression,YachidaS_2019,0.03,0.59341102644554,0.5945910728314767,0.4473684210526316,PA_Faecalibacterium prausnitzii,PA,Faecalibacterium prausnitzii,Faecalibacterium prausnitzii,faecalibacterium prausnitzii,0.0,0.0,False,zero,7
OnlyFemale,LASSO_LogisticRegression,YachidaS_2019,0.03,0.59341102644554,0.5945910728314767,0.4473684210526316,PA_Phocaeicola vulgatus,PA,Phocaeicola vulgatus,Phocaeicola vulgatus,phocaeicola vulgatus,0.0,0.0,False,zero,8
OnlyFemale,LASSO_LogisticRegression,YachidaS_2019,0.03,0.59341102644554,0.5945910728314767,0.4473684210526316,PA_Dorea longicatena,PA,Dorea longicatena,Dorea longicatena,dorea longicatena,0.0,0.0,False,zero,9
OnlyFemale,LASSO_LogisticRegression,YachidaS_2019,0.03,0.59341102644554,0.5945910728314767,0.4473684210526316,PA_Eubacterium sp. CAG:251,PA,Eubacterium sp. CAG:251,Eubacterium sp. CAG:251,eubacterium sp. cag:251,0.0,0.0,False,zero,10
OnlyFemale,LASSO_LogisticRegression,YachidaS_2019,0.03,0.59341102644554,0.5945910728314767,0.4473684210526316,PA_Fusicatenibacter saccharivorans,PA,Fusicatenibacter saccharivorans,Fusicatenibacter saccharivorans,fusicatenibacter saccharivorans,0.0,0.0,False,zero,11
OnlyFemale,LASSO_LogisticRegression,YachidaS_2019,0.03,0.59341102644554,0.5945910728314767,0.4473684210526316,PA_Coprococcus comes,PA,Coprococcus comes,Coprococcus comes,coprococcus comes,0.0,0.0,False,zero,12
OnlyFemale,LASSO_LogisticRegression,YachidaS_2019,0.03,0.59341102644554,0.5945910728314767,0.4473684210526316,PA_[Ruminococcus] torques,PA,[Ruminococcus] torques,[Ruminococcus] torques,[ruminococcus] torques,0.0,0.0,False,zero,13
OnlyFemale,LASSO_LogisticRegression,YachidaS_2019,0.03,0.59341102644554,0.5945910728314767,0.4473684210526316,PA_Anaerobutyricum hallii,PA,Anaerobutyricum hallii,Anaerobutyricum hallii,anaerobutyricum hallii,0.0,0.0,False,zero,14
OnlyFemale,LASSO_LogisticRegression,YachidaS_2019,0.03,0.59341102644554,0.5945910728314767,0.4473684210526316,PA_Holdemanella biformis,PA,Holdemanella biformis,Holdemanella biformis,holdemanella biformis,0.0,0.0,False,zero,15
OnlyFemale,LASSO_LogisticRegression,YachidaS_2019,0.03,0.59341102644554,0.5945910728314767,0.4473684210526316,PA_Bacteroides uniformis,PA,Bacteroides uniformis,Bacteroides uniformis,bacteroides uniformis,0.0,0.0,False,zero,16
OnlyFemale,LASSO_LogisticRegression,YachidaS_2019,0.03,0.59341102644554,0.5945910728314767,0.4473684210526316,PA_Blautia wexlerae,PA,Blautia wexlerae,Blautia wexlerae,blautia wexlerae,0.0,0.0,False,zero,17
OnlyFemale,LASSO_LogisticRegression,YachidaS_2019,0.03,0.59341102644554,0.5945910728314767,0.4473684210526316,PA_Gemmiger formicilis,PA,Gemmiger formicilis,Gemmiger formicilis,gemmiger formicilis,0.0,0.0,False,zero,18
OnlyFemale,LASSO_LogisticRegression,YachidaS_2019,0.03,0.59341102644554,0.5945910728314767,0.4473684210526316,PA_Dorea formicigenerans,PA,Dorea formicigenerans,Dorea formicigenerans,dorea formicigenerans,0.0,0.0,False,zero,19
OnlyFemale,LASSO_LogisticRegression,YachidaS_2019,0.03,0.59341102644554,0.5945910728314767,0.4473684210526316,PA_Bacteroides stercoris,PA,Bacteroides stercoris,Bacteroides stercoris,bacteroides stercoris,0.0,0.0,False,zero,20
OnlyFemale,LASSO_LogisticRegression,YachidaS_2019,0.03,0.59341102644554,0.5945910728314767,0.4473684210526316,PA_Collinsella aerofaciens,PA,Collinsella aerofaciens,Collinsella aerofaciens,collinsella aerofaciens,0.0,0.0,False,zero,21
OnlyFemale,LASSO_LogisticRegression,YachidaS_2019,0.03,0.59341102644554,0.5945910728314767,0.4473684210526316,PA_Bifidobacterium longum,PA,Bifidobacterium longum,Bifidobacterium longum,bifidobacterium longum,0.0,0.0,False,zero,22
OnlyFemale,LASSO_LogisticRegression,YachidaS_2019,0.03,0.59341102644554,0.5945910728314767,0.4473684210526316,PA_Anaerostipes hadrus,PA,Anaerostipes hadrus,Anaerostipes hadrus,anaerostipes hadrus,0.0,0.0,False,zero,23
OnlyFemale,LASSO_LogisticRegression,YachidaS_2019,0.03,0.59341102644554,0.5945910728314767,0.4473684210526316,PA_Coprococcus catus,PA,Coprococcus catus,Coprococcus catus,coprococcus catus,0.0,0.0,False,zero,24
OnlyFemale,LASSO_LogisticRegression,YachidaS_2019,0.03,0.59341102644554,0.5945910728314767,0.4473684210526316,PA_Roseburia intestinalis,PA,Roseburia intestinalis,Roseburia intestinalis,roseburia intestinalis,0.0,0.0,False,zero,25
OnlyFemale,LASSO_LogisticRegression,YachidaS_2019,0.03,0.59341102644554,0.5945910728314767,0.4473684210526316,PA_Phascolarctobacterium succinatutens,PA,Phascolarctobacterium succinatutens,Phascolarctobacterium succinatutens,phascolarctobacterium succinatutens,0.0,0.0,False,zero,26
OnlyFemale,LASSO_LogisticRegression,YachidaS_2019,0.03,0.59341102644554,0.5945910728314767,0.4473684210526316,PA_Roseburia inulinivorans,PA,Roseburia inulinivorans,Roseburia inulinivorans,roseburia inulinivorans,0.0,0.0,False,zero,27
OnlyFemale,LASSO_LogisticRegression,YachidaS_2019,0.03,0.59341102644554,0.5945910728314767,0.4473684210526316,PA_Blautia obeum,PA,Blautia obeum,Blautia obeum,blautia obeum,0.0,0.0,False,zero,28
OnlyFemale,LASSO_LogisticRegression,YachidaS_2019,0.03,0.59341102644554,0.5945910728314767,0.4473684210526316,PA_Agathobaculum butyriciproducens,PA,Agathobaculum butyriciproducens,Agathobaculum butyriciproducens,agathobaculum butyriciproducens,0.0,0.0,False,zero,29
OnlyFemale,LASSO_LogisticRegression,YachidaS_2019,0.03,0.59341102644554,0.5945910728314767,0.4473684210526316,PA_Bacteroides xylanisolvens,PA,Bacteroides xylanisolvens,Bacteroides xylanisolvens,bacteroides xylanisolvens,0.0,0.0,False,zero,30
OnlyFemale,LASSO_LogisticRegression,YachidaS_2019,0.03,0.59341102644554,0.5945910728314767,0.4473684210526316,PA_[Eubacterium] rectale,PA,[Eubacterium] rectale,[Eubacterium] rectale,[eubacterium] rectale,0.0,0.0,False,zero,31
OnlyFemale,LASSO_LogisticRegression,YachidaS_2019,0.03,0.59341102644554,0.5945910728314767,0.4473684210526316,PA_Bacteroides thetaiotaomicron,PA,Bacteroides thetaiotaomicron,Bacteroides thetaiotaomicron,bacteroides thetaiotaomicron,0.0,0.0,False,zero,32
OnlyFemale,LASSO_LogisticRegression,YachidaS_2019,0.03,0.59341102644554,0.5945910728314767,0.4473684210526316,PA_Streptococcus thermophilus,PA,Streptococcus thermophilus,Streptococcus thermophilus,streptococcus thermophilus,0.0,0.0,False,zero,33
OnlyFemale,LASSO_LogisticRegression,YachidaS_2019,0.03,0.59341102644554,0.5945910728314767,0.4473684210526316,PA_Eubacterium ramulus,PA,Eubacterium ramulus,Eubacterium ramulus,eubacterium ramulus,0.0,0.0,False,zero,34
OnlyFemale,LASSO_LogisticRegression,YachidaS_2019,0.03,0.59341102644554,0.5945910728314767,0.4473684210526316,PA_Bifidobacterium adolescentis,PA,Bifidobacterium adolescentis,Bifidobacterium adolescentis,bifidobacterium adolescentis,0.0,0.0,False,zero,35
OnlyFemale,LASSO_LogisticRegression,YachidaS_2019,0.03,0.59341102644554,0.5945910728314767,0.4473684210526316,PA_Eubacterium sp. CAG:274,PA,Eubacterium sp. CAG:274,Eubacterium sp. CAG:274,eubacterium sp. cag:274,0.0,0.0,False,zero,36
OnlyFemale,LASSO_LogisticRegression,YachidaS_2019,0.03,0.59341102644554,0.5945910728314767,0.4473684210526316,PA_Eubacterium ventriosum,PA,Eubacterium ventriosum,Eubacterium ventriosum,eubacterium ventriosum,0.0,0.0,False,zero,37
OnlyFemale,LASSO_LogisticRegression,YachidaS_2019,0.03,0.59341102644554,0.5945910728314767,0.4473684210526316,PA_Flavonifractor plautii,PA,Flavonifractor plautii,Flavonifractor plautii,flavonifractor plautii,0.0,0.0,False,zero,38
OnlyFemale,LASSO_LogisticRegression,YachidaS_2019,0.03,0.59341102644554,0.5945910728314767,0.4473684210526316,PA_Bacteroides ovatus,PA,Bacteroides ovatus,Bacteroides ovatus,bacteroides ovatus,0.0,0.0,False,zero,39
OnlyFemale,LASSO_LogisticRegression,YachidaS_2019,0.03,0.59341102644554,0.5945910728314767,0.4473684210526316,PA_Oscillibacter sp. 57_20,PA,Oscillibacter sp. 57_20,Oscillibacter sp. 57 20,oscillibacter sp. 57 20,0.0,0.0,False,zero,40
OnlyFemale,LASSO_LogisticRegression,YachidaS_2019,0.03,0.59341102644554,0.5945910728314767,0.4473684210526316,PA_Roseburia hominis,PA,Roseburia hominis,Roseburia hominis,roseburia hominis,0.0,0.0,False,zero,41
OnlyFemale,LASSO_LogisticRegression,YachidaS_2019,0.03,0.59341102644554,0.5945910728314767,0.4473684210526316,PA_Alistipes putredinis,PA,Alistipes putredinis,Alistipes putredinis,alistipes putredinis,0.0,0.0,False,zero,42
OnlyFemale,LASSO_LogisticRegression,YachidaS_2019,0.03,0.59341102644554,0.5945910728314767,0.4473684210526316,PA_Alistipes finegoldii,PA,Alistipes finegoldii,Alistipes finegoldii,alistipes finegoldii,0.0,0.0,False,zero,43
OnlyFemale,LASSO_LogisticRegression,YachidaS_2019,0.03,0.59341102644554,0.5945910728314767,0.4473684210526316,PA_Ruminococcus bromii,PA,Ruminococcus bromii,Ruminococcus bromii,ruminococcus bromii,0.0,0.0,False,zero,44
OnlyFemale,LASSO_LogisticRegression,YachidaS_2019,0.03,0.59341102644554,0.5945910728314767,0.4473684210526316,PA_Firmicutes bacterium CAG:83,PA,Firmicutes bacterium CAG:83,Firmicutes bacterium CAG:83,firmicutes bacterium cag:83,0.0,0.0,False,zero,45
OnlyFemale,LASSO_LogisticRegression,YachidaS_2019,0.03,0.59341102644554,0.5945910728314767,0.4473684210526316,PA_Veillonella parvula,PA,Veillonella parvula,Veillonella parvula,veillonella parvula,0.0,0.0,False,zero,46
OnlyFemale,LASSO_LogisticRegression,YachidaS_2019,0.03,0.59341102644554,0.5945910728314767,0.4473684210526316,PA_Veillonella atypica,PA,Veillonella atypica,Veillonella atypica,veillonella atypica,0.0,0.0,False,zero,47
OnlyFemale,LASSO_LogisticRegression,YachidaS_2019,0.03,0.59341102644554,0.5945910728314767,0.4473684210526316,PA_Lachnospira eligens,PA,Lachnospira eligens,Lachnospira eligens,lachnospira eligens,0.0,0.0,False,zero,48
OnlyFemale,LASSO_LogisticRegression,YachidaS_2019,0.03,0.59341102644554,0.5945910728314767,0.4473684210526316,PA_Bacteroides eggerthii,PA,Bacteroides eggerthii,Bacteroides eggerthii,bacteroides eggerthii,0.0,0.0,False,zero,49
OnlyFemale,LASSO_LogisticRegression,YachidaS_2019,0.03,0.59341102644554,0.5945910728314767,0.4473684210526316,PA_Roseburia faecis,PA,Roseburia faecis,Roseburia faecis,roseburia faecis,0.0,0.0,False,zero,50
OnlyFemale,LASSO_LogisticRegression,YachidaS_2019,0.03,0.59341102644554,0.5945910728314767,0.4473684210526316,PA_Phocaeicola coprocola,PA,Phocaeicola coprocola,Phocaeicola coprocola,phocaeicola coprocola,0.0,0.0,False,zero,51
OnlyFemale,LASSO_LogisticRegression,YachidaS_2019,0.03,0.59341102644554,0.5945910728314767,0.4473684210526316,PA_Adlercreutzia equolifaciens,PA,Adlercreutzia equolifaciens,Adlercreutzia equolifaciens,adlercreutzia equolifaciens,0.0,0.0,False,zero,52
OnlyFemale,LASSO_LogisticRegression,YachidaS_2019,0.03,0.59341102644554,0.5945910728314767,0.4473684210526316,PA_Gordonibacter pamelaeae,PA,Gordonibacter pamelaeae,Gordonibacter pamelaeae,gordonibacter pamelaeae,0.0,0.0,False,zero,53
OnlyFemale,LASSO_LogisticRegression,YachidaS_2019,0.03,0.59341102644554,0.5945910728314767,0.4473684210526316,PA_Eubacterium sp. CAG:180,PA,Eubacterium sp. CAG:180,Eubacterium sp. CAG:180,eubacterium sp. cag:180,0.0,0.0,False,zero,54
OnlyFemale,LASSO_LogisticRegression,YachidaS_2019,0.03,0.59341102644554,0.5945910728314767,0.4473684210526316,PA_Parabacteroides merdae,PA,Parabacteroides merdae,Parabacteroides merdae,parabacteroides merdae,0.0,0.0,False,zero,55
OnlyFemale,LASSO_LogisticRegression,YachidaS_2019,0.03,0.59341102644554,0.5945910728314767,0.4473684210526316,PA_Phocaeicola dorei,PA,Phocaeicola dorei,Phocaeicola dorei,phocaeicola dorei,0.0,0.0,False,zero,56
OnlyFemale,LASSO_LogisticRegression,YachidaS_2019,0.03,0.59341102644554,0.5945910728314767,0.4473684210526316,PA_[Eubacterium] siraeum,PA,[Eubacterium] siraeum,[Eubacterium] siraeum,[eubacterium] siraeum,0.0,0.0,False,zero,57
OnlyFemale,LASSO_LogisticRegression,YachidaS_2019,0.03,0.59341102644554,0.5945910728314767,0.4473684210526316,PA_Barnesiella intestinihominis,PA,Barnesiella intestinihominis,Barnesiella intestinihominis,barnesiella intestinihominis,0.0,0.0,False,zero,58
OnlyFemale,LASSO_LogisticRegression,YachidaS_2019,0.03,0.59341102644554,0.5945910728314767,0.4473684210526316,PA_Methanobrevibacter smithii,PA,Methanobrevibacter smithii,Methanobrevibacter smithii,methanobrevibacter smithii,0.0,0.0,False,zero,59
OnlyFemale,LASSO_LogisticRegression,YachidaS_2019,0.03,0.59341102644554,0.5945910728314767,0.4473684210526316,PA_Firmicutes bacterium CAG:145,PA,Firmicutes bacterium CAG:145,Firmicutes bacterium CAG:145,firmicutes bacterium cag:145,0.0,0.0,False,zero,60
OnlyFemale,LASSO_LogisticRegression,YachidaS_2019,0.03,0.59341102644554,0.5945910728314767,0.4473684210526316,PA_Bacteroides cellulosilyticus,PA,Bacteroides cellulosilyticus,Bacteroides cellulosilyticus,bacteroides cellulosilyticus,0.0,0.0,False,zero,61
OnlyFemale,LASSO_LogisticRegression,YachidaS_2019,0.03,0.59341102644554,0.5945910728314767,0.4473684210526316,PA_Adlercreutzia equolifaciens_1,PA,Adlercreutzia equolifaciens_1,Adlercreutzia equolifaciens 1,adlercreutzia equolifaciens 1,0.0,0.0,False,zero,62
OnlyFemale,LASSO_LogisticRegression,YachidaS_2019,0.03,0.59341102644554,0.5945910728314767,0.4473684210526316,PA_Ruminococcus bicirculans,PA,Ruminococcus bicirculans,Ruminococcus bicirculans,ruminococcus bicirculans,0.0,0.0,False,zero,63
OnlyFemale,LASSO_LogisticRegression,YachidaS_2019,0.03,0.59341102644554,0.5945910728314767,0.4473684210526316,PA_Firmicutes bacterium CAG:110,PA,Firmicutes bacterium CAG:110,Firmicutes bacterium CAG:110,firmicutes bacterium cag:110,0.0,0.0,False,zero,64
OnlyFemale,LASSO_LogisticRegression,YachidaS_2019,0.03,0.59341102644554,0.5945910728314767,0.4473684210526316,PA_Parabacteroides distasonis,PA,Parabacteroides distasonis,Parabacteroides distasonis,parabacteroides distasonis,0.0,0.0,False,zero,65
OnlyFemale,LASSO_LogisticRegression,YachidaS_2019,0.03,0.59341102644554,0.5945910728314767,0.4473684210526316,PA_Ruthenibacterium lactatiformans,PA,Ruthenibacterium lactatiformans,Ruthenibacterium lactatiformans,ruthenibacterium lactatiformans,0.0,0.0,False,zero,66
OnlyFemale,LASSO_LogisticRegression,YachidaS_2019,0.03,0.59341102644554,0.5945910728314767,0.4473684210526316,PA_Odoribacter splanchnicus,PA,Odoribacter splanchnicus,Odoribacter splanchnicus,odoribacter splanchnicus,0.0,0.0,False,zero,67
OnlyFemale,LASSO_LogisticRegression,YachidaS_2019,0.03,0.59341102644554,0.5945910728314767,0.4473684210526316,PA_Oscillibacter sp. CAG:241,PA,Oscillibacter sp. CAG:241,Oscillibacter sp. CAG:241,oscillibacter sp. cag:241,0.0,0.0,False,zero,68
OnlyFemale,LASSO_LogisticRegression,YachidaS_2019,0.03,0.59341102644554,0.5945910728314767,0.4473684210526316,PA_Alistipes shahii,PA,Alistipes shahii,Alistipes shahii,alistipes shahii,0.0,0.0,False,zero,69
OnlyFemale,LASSO_LogisticRegression,YachidaS_2019,0.03,0.59341102644554,0.5945910728314767,0.4473684210526316,PA_Eggerthella lenta,PA,Eggerthella lenta,Eggerthella lenta,eggerthella lenta,0.0,0.0,False,zero,70
OnlyFemale,LASSO_LogisticRegression,YachidaS_2019,0.03,0.59341102644554,0.5945910728314767,0.4473684210526316,PA_Escherichia coli,PA,Escherichia coli,Escherichia coli,escherichia coli,0.0,0.0,False,zero,71
OnlyFemale,LASSO_LogisticRegression,YachidaS_2019,0.03,0.59341102644554,0.5945910728314767,0.4473684210526316,PA_Butyricimonas virosa,PA,Butyricimonas virosa,Butyricimonas virosa,butyricimonas virosa,0.0,0.0,False,zero,72
OnlyFemale,LASSO_LogisticRegression,YachidaS_2019,0.03,0.59341102644554,0.5945910728314767,0.4473684210526316,PA_Bacteroides sp. CAG:144,PA,Bacteroides sp. CAG:144,Bacteroides sp. CAG:144,bacteroides sp. cag:144,0.0,0.0,False,zero,73
OnlyFemale,LASSO_LogisticRegression,YachidaS_2019,0.03,0.59341102644554,0.5945910728314767,0.4473684210526316,PA_Intestinibacter bartlettii,PA,Intestinibacter bartlettii,Intestinibacter bartlettii,intestinibacter bartlettii,0.0,0.0,False,zero,74
OnlyFemale,LASSO_LogisticRegression,YachidaS_2019,0.03,0.59341102644554,0.5945910728314767,0.4473684210526316,PA_Erysipelatoclostridium ramosum,PA,Erysipelatoclostridium ramosum,Erysipelatoclostridium ramosum,erysipelatoclostridium ramosum,0.0,0.0,False,zero,75
OnlyFemale,LASSO_LogisticRegression,YachidaS_2019,0.03,0.59341102644554,0.5945910728314767,0.4473684210526316,PA_Slackia isoflavoniconvertens,PA,Slackia isoflavoniconvertens,Slackia isoflavoniconvertens,slackia isoflavoniconvertens,0.0,0.0,False,zero,76
OnlyFemale,LASSO_LogisticRegression,YachidaS_2019,0.03,0.59341102644554,0.5945910728314767,0.4473684210526316,PA_Clostridium sp. CAG:58,PA,Clostridium sp. CAG:58,Clostridium sp. CAG:58,clostridium sp. cag:58,0.0,0.0,False,zero,77
OnlyFemale,LASSO_LogisticRegression,YachidaS_2019,0.03,0.59341102644554,0.5945910728314767,0.4473684210526316,PA_Akkermansia muciniphila,PA,Akkermansia muciniphila,Akkermansia muciniphila,akkermansia muciniphila,0.0,0.0,False,zero,78
OnlyFemale,LASSO_LogisticRegression,YachidaS_2019,0.03,0.59341102644554,0.5945910728314767,0.4473684210526316,PA_Bacteroides intestinalis,PA,Bacteroides intestinalis,Bacteroides intestinalis,bacteroides intestinalis,0.0,0.0,False,zero,79
OnlyFemale,LASSO_LogisticRegression,YachidaS_2019,0.03,0.59341102644554,0.5945910728314767,0.4473684210526316,PA_Bifidobacterium pseudocatenulatum,PA,Bifidobacterium pseudocatenulatum,Bifidobacterium pseudocatenulatum,bifidobacterium pseudocatenulatum,0.0,0.0,False,zero,80
OnlyFemale,LASSO_LogisticRegression,YachidaS_2019,0.03,0.59341102644554,0.5945910728314767,0.4473684210526316,PA_Eubacterium sp. CAG:38,PA,Eubacterium sp. CAG:38,Eubacterium sp. CAG:38,eubacterium sp. cag:38,0.0,0.0,False,zero,81
OnlyFemale,LASSO_LogisticRegression,YachidaS_2019,0.03,0.59341102644554,0.5945910728314767,0.4473684210526316,PA_Bacteroides fragilis,PA,Bacteroides fragilis,Bacteroides fragilis,bacteroides fragilis,0.0,0.0,False,zero,82
OnlyFemale,LASSO_LogisticRegression,YachidaS_2019,0.03,0.59341102644554,0.5945910728314767,0.4473684210526316,PA_Bifidobacterium bifidum,PA,Bifidobacterium bifidum,Bifidobacterium bifidum,bifidobacterium bifidum,0.0,0.0,False,zero,83
OnlyFemale,LASSO_LogisticRegression,YachidaS_2019,0.03,0.59341102644554,0.5945910728314767,0.4473684210526316,PA_Streptococcus parasanguinis,PA,Streptococcus parasanguinis,Streptococcus parasanguinis,streptococcus parasanguinis,0.0,0.0,False,zero,84
OnlyFemale,LASSO_LogisticRegression,YachidaS_2019,0.03,0.59341102644554,0.5945910728314767,0.4473684210526316,PA_Coprococcus eutactus,PA,Coprococcus eutactus,Coprococcus eutactus,coprococcus eutactus,0.0,0.0,False,zero,85
OnlyFemale,LASSO_LogisticRegression,YachidaS_2019,0.03,0.59341102644554,0.5945910728314767,0.4473684210526316,PA_[Ruminococcus] lactaris,PA,[Ruminococcus] lactaris,[Ruminococcus] lactaris,[ruminococcus] lactaris,0.0,0.0,False,zero,86
OnlyFemale,LASSO_LogisticRegression,YachidaS_2019,0.03,0.59341102644554,0.5945910728314767,0.4473684210526316,PA_Phocaeicola plebeius,PA,Phocaeicola plebeius,Phocaeicola plebeius,phocaeicola plebeius,0.0,0.0,False,zero,87
OnlyFemale,LASSO_LogisticRegression,YachidaS_2019,0.03,0.59341102644554,0.5945910728314767,0.4473684210526316,PA_Lawsonibacter asaccharolyticus,PA,Lawsonibacter asaccharolyticus,Lawsonibacter asaccharolyticus,lawsonibacter asaccharolyticus,0.0,0.0,False,zero,88
OnlyFemale,LASSO_LogisticRegression,YachidaS_2019,0.03,0.59341102644554,0.5945910728314767,0.4473684210526316,PA_Proteobacteria bacterium CAG:139,PA,Proteobacteria bacterium CAG:139,Proteobacteria bacterium CAG:139,proteobacteria bacterium cag:139,0.0,0.0,False,zero,89
OnlyFemale,LASSO_LogisticRegression,YachidaS_2019,0.03,0.59341102644554,0.5945910728314767,0.4473684210526316,PA_Parasutterella excrementihominis,PA,Parasutterella excrementihominis,Parasutterella excrementihominis,parasutterella excrementihominis,0.0,0.0,False,zero,90
OnlyFemale,LASSO_LogisticRegression,YachidaS_2019,0.03,0.59341102644554,0.5945910728314767,0.4473684210526316,PA_Blautia sp. CAG:257,PA,Blautia sp. CAG:257,Blautia sp. CAG:257,blautia sp. cag:257,0.0,0.0,False,zero,91
OnlyFemale,LASSO_LogisticRegression,YachidaS_2019,0.03,0.59341102644554,0.5945910728314767,0.4473684210526316,PA_Dialister invisus,PA,Dialister invisus,Dialister invisus,dialister invisus,0.0,0.0,False,zero,92
OnlyFemale,LASSO_LogisticRegression,YachidaS_2019,0.03,0.59341102644554,0.5945910728314767,0.4473684210526316,PA_Enterocloster bolteae,PA,Enterocloster bolteae,Enterocloster bolteae,enterocloster bolteae,0.0,0.0,False,zero,93
OnlyFemale,LASSO_LogisticRegression,YachidaS_2019,0.03,0.59341102644554,0.5945910728314767,0.4473684210526316,PA_Coprobacter fastidiosus,PA,Coprobacter fastidiosus,Coprobacter fastidiosus,coprobacter fastidiosus,0.0,0.0,False,zero,94
OnlyFemale,LASSO_LogisticRegression,YachidaS_2019,0.03,0.59341102644554,0.5945910728314767,0.4473684210526316,PA_Alistipes inops,PA,Alistipes inops,Alistipes inops,alistipes inops,0.0,0.0,False,zero,95
OnlyFemale,LASSO_LogisticRegression,YachidaS_2019,0.03,0.59341102644554,0.5945910728314767,0.4473684210526316,PA_Lachnospira pectinoschiza,PA,Lachnospira pectinoschiza,Lachnospira pectinoschiza,lachnospira pectinoschiza,0.0,0.0,False,zero,96
OnlyFemale,LASSO_LogisticRegression,YachidaS_2019,0.03,0.59341102644554,0.5945910728314767,0.4473684210526316,PA_Prevotella copri,PA,Prevotella copri,Prevotella copri,prevotella copri,0.0,0.0,False,zero,97
OnlyFemale,LASSO_LogisticRegression,YachidaS_2019,0.03,0.59341102644554,0.5945910728314767,0.4473684210526316,PA_Phocaeicola massiliensis,PA,Phocaeicola massiliensis,Phocaeicola massiliensis,phocaeicola massiliensis,0.0,0.0,False,zero,98
OnlyFemale,LASSO_LogisticRegression,YachidaS_2019,0.03,0.59341102644554,0.5945910728314767,0.4473684210526316,PA_Megamonas funiformis,PA,Megamonas funiformis,Megamonas funiformis,megamonas funiformis,0.0,0.0,False,zero,99
OnlyFemale,LASSO_LogisticRegression,YachidaS_2019,0.03,0.59341102644554,0.5945910728314767,0.4473684210526316,PA_Phascolarctobacterium faecium,PA,Phascolarctobacterium faecium,Phascolarctobacterium faecium,phascolarctobacterium faecium,0.0,0.0,False,zero,100
OnlyFemale,LASSO_LogisticRegression,YachidaS_2019,0.03,0.59341102644554,0.5945910728314767,0.4473684210526316,PA_Acidaminococcus intestini,PA,Acidaminococcus intestini,Acidaminococcus intestini,acidaminococcus intestini,0.0,0.0,False,zero,101
OnlyFemale,LASSO_LogisticRegression,YachidaS_2019,0.03,0.59341102644554,0.5945910728314767,0.4473684210526316,PA_Bacteroides finegoldii,PA,Bacteroides finegoldii,Bacteroides finegoldii,bacteroides finegoldii,0.0,0.0,False,zero,102
OnlyFemale,LASSO_LogisticRegression,YachidaS_2019,0.03,0.59341102644554,0.5945910728314767,0.4473684210526316,PA_Paraprevotella xylaniphila,PA,Paraprevotella xylaniphila,Paraprevotella xylaniphila,paraprevotella xylaniphila,0.0,0.0,False,zero,103
OnlyFemale,LASSO_LogisticRegression,YachidaS_2019,0.03,0.59341102644554,0.5945910728314767,0.4473684210526316,PA_Bacteroides salyersiae,PA,Bacteroides salyersiae,Bacteroides salyersiae,bacteroides salyersiae,0.0,0.0,False,zero,104
OnlyFemale,LASSO_LogisticRegression,YachidaS_2019,0.03,0.59341102644554,0.5945910728314767,0.4473684210526316,PA_Anaerotignum lactatifermentans,PA,Anaerotignum lactatifermentans,Anaerotignum lactatifermentans,anaerotignum lactatifermentans,0.0,0.0,False,zero,105
OnlyFemale,LASSO_LogisticRegression,YachidaS_2019,0.03,0.59341102644554,0.5945910728314767,0.4473684210526316,PA_Klebsiella variicola,PA,Klebsiella variicola,Klebsiella variicola,klebsiella variicola,0.0,0.0,False,zero,106
OnlyFemale,LASSO_LogisticRegression,YachidaS_2019,0.03,0.59341102644554,0.5945910728314767,0.4473684210526316,PA_Klebsiella pneumoniae,PA,Klebsiella pneumoniae,Klebsiella pneumoniae,klebsiella pneumoniae,0.0,0.0,False,zero,107
OnlyFemale,LASSO_LogisticRegression,YachidaS_2019,0.03,0.59341102644554,0.5945910728314767,0.4473684210526316,PA_Klebsiella quasipneumoniae,PA,Klebsiella quasipneumoniae,Klebsiella quasipneumoniae,klebsiella quasipneumoniae,0.0,0.0,False,zero,108
OnlyFemale,LASSO_LogisticRegression,YachidaS_2019,0.03,0.59341102644554,0.5945910728314767,0.4473684210526316,rCLR_Faecalibacterium prausnitzii,rCLR,Faecalibacterium prausnitzii,Faecalibacterium prausnitzii,faecalibacterium prausnitzii,0.0,0.0,False,zero,109
OnlyFemale,LASSO_LogisticRegression,YachidaS_2019,0.03,0.59341102644554,0.5945910728314767,0.4473684210526316,rCLR_Streptococcus salivarius,rCLR,Streptococcus salivarius,Streptococcus salivarius,streptococcus salivarius,0.0,0.0,False,zero,110
OnlyFemale,LASSO_LogisticRegression,YachidaS_2019,0.03,0.59341102644554,0.5945910728314767,0.4473684210526316,rCLR_Bacteroides stercoris,rCLR,Bacteroides stercoris,Bacteroides stercoris,bacteroides stercoris,0.0,0.0,False,zero,111
OnlyFemale,LASSO_LogisticRegression,YachidaS_2019,0.03,0.59341102644554,0.5945910728314767,0.4473684210526316,rCLR_Collinsella aerofaciens,rCLR,Collinsella aerofaciens,Collinsella aerofaciens,collinsella aerofaciens,0.0,0.0,False,zero,112
OnlyFemale,LASSO_LogisticRegression,YachidaS_2019,0.03,0.59341102644554,0.5945910728314767,0.4473684210526316,rCLR_Bifidobacterium longum,rCLR,Bifidobacterium longum,Bifidobacterium longum,bifidobacterium longum,0.0,0.0,False,zero,113
OnlyFemale,LASSO_LogisticRegression,YachidaS_2019,0.03,0.59341102644554,0.5945910728314767,0.4473684210526316,rCLR_Phocaeicola plebeius,rCLR,Phocaeicola plebeius,Phocaeicola plebeius,phocaeicola plebeius,0.0,0.0,False,zero,114
OnlyFemale,LASSO_LogisticRegression,YachidaS_2019,0.03,0.59341102644554,0.5945910728314767,0.4473684210526316,rCLR_Phocaeicola vulgatus,rCLR,Phocaeicola vulgatus,Phocaeicola vulgatus,phocaeicola vulgatus,0.0,0.0,False,zero,115
OnlyFemale,LASSO_LogisticRegression,YachidaS_2019,0.03,0.59341102644554,0.5945910728314767,0.4473684210526316,rCLR_Dorea longicatena,rCLR,Dorea longicatena,Dorea longicatena,dorea longicatena,0.0,0.0,False,zero,116
OnlyFemale,LASSO_LogisticRegression,YachidaS_2019,0.03,0.59341102644554,0.5945910728314767,0.4473684210526316,rCLR_Eubacterium sp. CAG:251,rCLR,Eubacterium sp. CAG:251,Eubacterium sp. CAG:251,eubacterium sp. cag:251,0.0,0.0,False,zero,117
OnlyFemale,LASSO_LogisticRegression,YachidaS_2019,0.03,0.59341102644554,0.5945910728314767,0.4473684210526316,PA_Bacteroides caccae,PA,Bacteroides caccae,Bacteroides caccae,bacteroides caccae,0.0,0.0,False,zero,118
OnlyFemale,LASSO_LogisticRegression,YachidaS_2019,0.03,0.59341102644554,0.5945910728314767,0.4473684210526316,PA_Desulfovibrio piger,PA,Desulfovibrio piger,Desulfovibrio piger,desulfovibrio piger,0.0,0.0,False,zero,119
OnlyFemale,LASSO_LogisticRegression,YachidaS_2019,0.03,0.59341102644554,0.5945910728314767,0.4473684210526316,rCLR_[Ruminococcus] torques,rCLR,[Ruminococcus] torques,[Ruminococcus] torques,[ruminococcus] torques,0.0,0.0,False,zero,120
OnlyFemale,LASSO_LogisticRegression,YachidaS_2019,0.03,0.59341102644554,0.5945910728314767,0.4473684210526316,rCLR_Anaerobutyricum hallii,rCLR,Anaerobutyricum hallii,Anaerobutyricum hallii,anaerobutyricum hallii,0.0,0.0,False,zero,121
OnlyFemale,LASSO_LogisticRegression,YachidaS_2019,0.03,0.59341102644554,0.5945910728314767,0.4473684210526316,rCLR_Holdemanella biformis,rCLR,Holdemanella biformis,Holdemanella biformis,holdemanella biformis,0.0,0.0,False,zero,122
OnlyFemale,LASSO_LogisticRegression,YachidaS_2019,0.03,0.59341102644554,0.5945910728314767,0.4473684210526316,rCLR_Bacteroides uniformis,rCLR,Bacteroides uniformis,Bacteroides uniformis,bacteroides uniformis,0.0,0.0,False,zero,123
OnlyFemale,LASSO_LogisticRegression,YachidaS_2019,0.03,0.59341102644554,0.5945910728314767,0.4473684210526316,rCLR_Blautia wexlerae,rCLR,Blautia wexlerae,Blautia wexlerae,blautia wexlerae,0.0,0.0,False,zero,124
OnlyFemale,LASSO_LogisticRegression,YachidaS_2019,0.03,0.59341102644554,0.5945910728314767,0.4473684210526316,rCLR_Gemmiger formicilis,rCLR,Gemmiger formicilis,Gemmiger formicilis,gemmiger formicilis,0.0,0.0,False,zero,125
OnlyFemale,LASSO_LogisticRegression,YachidaS_2019,0.03,0.59341102644554,0.5945910728314767,0.4473684210526316,rCLR_Dorea formicigenerans,rCLR,Dorea formicigenerans,Dorea formicigenerans,dorea formicigenerans,0.0,0.0,False,zero,126
OnlyFemale,LASSO_LogisticRegression,YachidaS_2019,0.03,0.59341102644554,0.5945910728314767,0.4473684210526316,rCLR_Streptococcus parasanguinis,rCLR,Streptococcus parasanguinis,Streptococcus parasanguinis,streptococcus parasanguinis,0.0,0.0,False,zero,127
OnlyFemale,LASSO_LogisticRegression,YachidaS_2019,0.03,0.59341102644554,0.5945910728314767,0.4473684210526316,rCLR_Coprococcus eutactus,rCLR,Coprococcus eutactus,Coprococcus eutactus,coprococcus eutactus,0.0,0.0,False,zero,128
OnlyFemale,LASSO_LogisticRegression,YachidaS_2019,0.03,0.59341102644554,0.5945910728314767,0.4473684210526316,rCLR_[Ruminococcus] lactaris,rCLR,[Ruminococcus] lactaris,[Ruminococcus] lactaris,[ruminococcus] lactaris,0.0,0.0,False,zero,129
OnlyFemale,LASSO_LogisticRegression,YachidaS_2019,0.03,0.59341102644554,0.5945910728314767,0.4473684210526316,rCLR_Coprococcus catus,rCLR,Coprococcus catus,Coprococcus catus,coprococcus catus,0.0,0.0,False,zero,130
OnlyFemale,LASSO_LogisticRegression,YachidaS_2019,0.03,0.59341102644554,0.5945910728314767,0.4473684210526316,rCLR_Roseburia intestinalis,rCLR,Roseburia intestinalis,Roseburia intestinalis,roseburia intestinalis,0.0,0.0,False,zero,131
OnlyFemale,LASSO_LogisticRegression,YachidaS_2019,0.03,0.59341102644554,0.5945910728314767,0.4473684210526316,rCLR_Roseburia inulinivorans,rCLR,Roseburia inulinivorans,Roseburia inulinivorans,roseburia inulinivorans,0.0,0.0,False,zero,132
OnlyFemale,LASSO_LogisticRegression,YachidaS_2019,0.03,0.59341102644554,0.5945910728314767,0.4473684210526316,rCLR_Phascolarctobacterium succinatutens,rCLR,Phascolarctobacterium succinatutens,Phascolarctobacterium succinatutens,phascolarctobacterium succinatutens,0.0,0.0,False,zero,133
OnlyFemale,LASSO_LogisticRegression,YachidaS_2019,0.03,0.59341102644554,0.5945910728314767,0.4473684210526316,rCLR_[Eubacterium] rectale,rCLR,[Eubacterium] rectale,[Eubacterium] rectale,[eubacterium] rectale,0.0,0.0,False,zero,134
OnlyFemale,LASSO_LogisticRegression,YachidaS_2019,0.03,0.59341102644554,0.5945910728314767,0.4473684210526316,rCLR_Blautia obeum,rCLR,Blautia obeum,Blautia obeum,blautia obeum,0.0,0.0,False,zero,135
OnlyFemale,LASSO_LogisticRegression,YachidaS_2019,0.03,0.59341102644554,0.5945910728314767,0.4473684210526316,rCLR_Agathobaculum butyriciproducens,rCLR,Agathobaculum butyriciproducens,Agathobaculum butyriciproducens,agathobaculum butyriciproducens,0.0,0.0,False,zero,136
OnlyFemale,LASSO_LogisticRegression,YachidaS_2019,0.03,0.59341102644554,0.5945910728314767,0.4473684210526316,rCLR_Bacteroides xylanisolvens,rCLR,Bacteroides xylanisolvens,Bacteroides xylanisolvens,bacteroides xylanisolvens,0.0,0.0,False,zero,137
OnlyFemale,LASSO_LogisticRegression,YachidaS_2019,0.03,0.59341102644554,0.5945910728314767,0.4473684210526316,rCLR_Bacteroides ovatus,rCLR,Bacteroides ovatus,Bacteroides ovatus,bacteroides ovatus,0.0,0.0,False,zero,138
OnlyFemale,LASSO_LogisticRegression,YachidaS_2019,0.03,0.59341102644554,0.5945910728314767,0.4473684210526316,rCLR_Bacteroides thetaiotaomicron,rCLR,Bacteroides thetaiotaomicron,Bacteroides thetaiotaomicron,bacteroides thetaiotaomicron,0.0,0.0,False,zero,139
OnlyFemale,LASSO_LogisticRegression,YachidaS_2019,0.03,0.59341102644554,0.5945910728314767,0.4473684210526316,rCLR_Streptococcus thermophilus,rCLR,Streptococcus thermophilus,Streptococcus thermophilus,streptococcus thermophilus,0.0,0.0,False,zero,140
OnlyFemale,LASSO_LogisticRegression,YachidaS_2019,0.03,0.59341102644554,0.5945910728314767,0.4473684210526316,rCLR_Eubacterium ramulus,rCLR,Eubacterium ramulus,Eubacterium ramulus,eubacterium ramulus,0.0,0.0,False,zero,141
OnlyFemale,LASSO_LogisticRegression,YachidaS_2019,0.03,0.59341102644554,0.5945910728314767,0.4473684210526316,rCLR_Bifidobacterium adolescentis,rCLR,Bifidobacterium adolescentis,Bifidobacterium adolescentis,bifidobacterium adolescentis,0.0,0.0,False,zero,142
OnlyFemale,LASSO_LogisticRegression,YachidaS_2019,0.03,0.59341102644554,0.5945910728314767,0.4473684210526316,rCLR_Eubacterium sp. CAG:274,rCLR,Eubacterium sp. CAG:274,Eubacterium sp. CAG:274,eubacterium sp. cag:274,0.0,0.0,False,zero,143
OnlyFemale,LASSO_LogisticRegression,YachidaS_2019,0.03,0.59341102644554,0.5945910728314767,0.4473684210526316,rCLR_Eubacterium ventriosum,rCLR,Eubacterium ventriosum,Eubacterium ventriosum,eubacterium ventriosum,0.0,0.0,False,zero,144
OnlyFemale,LASSO_LogisticRegression,YachidaS_2019,0.03,0.59341102644554,0.5945910728314767,0.4473684210526316,rCLR_Flavonifractor plautii,rCLR,Flavonifractor plautii,Flavonifractor plautii,flavonifractor plautii,0.0,0.0,False,zero,145
OnlyFemale,LASSO_LogisticRegression,YachidaS_2019,0.03,0.59341102644554,0.5945910728314767,0.4473684210526316,rCLR_Oscillibacter sp. 57_20,rCLR,Oscillibacter sp. 57_20,Oscillibacter sp. 57 20,oscillibacter sp. 57 20,0.0,0.0,False,zero,146
OnlyFemale,LASSO_LogisticRegression,YachidaS_2019,0.03,0.59341102644554,0.5945910728314767,0.4473684210526316,rCLR_Roseburia hominis,rCLR,Roseburia hominis,Roseburia hominis,roseburia hominis,0.0,0.0,False,zero,147
OnlyFemale,LASSO_LogisticRegression,YachidaS_2019,0.03,0.59341102644554,0.5945910728314767,0.4473684210526316,rCLR_Alistipes finegoldii,rCLR,Alistipes finegoldii,Alistipes finegoldii,alistipes finegoldii,0.0,0.0,False,zero,148
OnlyFemale,LASSO_LogisticRegression,YachidaS_2019,0.03,0.59341102644554,0.5945910728314767,0.4473684210526316,rCLR_Alistipes putredinis,rCLR,Alistipes putredinis,Alistipes putredinis,alistipes putredinis,0.0,0.0,False,zero,149
OnlyFemale,LASSO_LogisticRegression,YachidaS_2019,0.03,0.59341102644554,0.5945910728314767,0.4473684210526316,rCLR_Fusicatenibacter saccharivorans,rCLR,Fusicatenibacter saccharivorans,Fusicatenibacter saccharivorans,fusicatenibacter saccharivorans,0.0,0.0,False,zero,150
OnlyFemale,LASSO_LogisticRegression,YachidaS_2019,0.03,0.59341102644554,0.5945910728314767,0.4473684210526316,rCLR_Coprococcus comes,rCLR,Coprococcus comes,Coprococcus comes,coprococcus comes,0.0,0.0,False,zero,151
OnlyFemale,LASSO_LogisticRegression,YachidaS_2019,0.03,0.59341102644554,0.5945910728314767,0.4473684210526316,rCLR_Ruminococcus bromii,rCLR,Ruminococcus bromii,Ruminococcus bromii,ruminococcus bromii,0.0,0.0,False,zero,152
OnlyFemale,LASSO_LogisticRegression,YachidaS_2019,0.03,0.59341102644554,0.5945910728314767,0.4473684210526316,rCLR_Veillonella atypica,rCLR,Veillonella atypica,Veillonella atypica,veillonella atypica,0.0,0.0,False,zero,153
OnlyFemale,LASSO_LogisticRegression,YachidaS_2019,0.03,0.59341102644554,0.5945910728314767,0.4473684210526316,rCLR_Lachnospira eligens,rCLR,Lachnospira eligens,Lachnospira eligens,lachnospira eligens,0.0,0.0,False,zero,154
OnlyFemale,LASSO_LogisticRegression,YachidaS_2019,0.03,0.59341102644554,0.5945910728314767,0.4473684210526316,rCLR_Firmicutes bacterium CAG:83,rCLR,Firmicutes bacterium CAG:83,Firmicutes bacterium CAG:83,firmicutes bacterium cag:83,0.0,0.0,False,zero,155
OnlyFemale,LASSO_LogisticRegression,YachidaS_2019,0.03,0.59341102644554,0.5945910728314767,0.4473684210526316,rCLR_Bacteroides eggerthii,rCLR,Bacteroides eggerthii,Bacteroides eggerthii,bacteroides eggerthii,0.0,0.0,False,zero,156
OnlyFemale,LASSO_LogisticRegression,YachidaS_2019,0.03,0.59341102644554,0.5945910728314767,0.4473684210526316,rCLR_Roseburia faecis,rCLR,Roseburia faecis,Roseburia faecis,roseburia faecis,0.0,0.0,False,zero,157
OnlyFemale,LASSO_LogisticRegression,YachidaS_2019,0.03,0.59341102644554,0.5945910728314767,0.4473684210526316,rCLR_Phocaeicola coprocola,rCLR,Phocaeicola coprocola,Phocaeicola coprocola,phocaeicola coprocola,0.0,0.0,False,zero,158
OnlyFemale,LASSO_LogisticRegression,YachidaS_2019,0.03,0.59341102644554,0.5945910728314767,0.4473684210526316,rCLR_Veillonella parvula,rCLR,Veillonella parvula,Veillonella parvula,veillonella parvula,0.0,0.0,False,zero,159
OnlyFemale,LASSO_LogisticRegression,YachidaS_2019,0.03,0.59341102644554,0.5945910728314767,0.4473684210526316,rCLR_Gordonibacter pamelaeae,rCLR,Gordonibacter pamelaeae,Gordonibacter pamelaeae,gordonibacter pamelaeae,0.0,0.0,False,zero,160
OnlyFemale,LASSO_LogisticRegression,YachidaS_2019,0.03,0.59341102644554,0.5945910728314767,0.4473684210526316,rCLR_Eubacterium sp. CAG:180,rCLR,Eubacterium sp. CAG:180,Eubacterium sp. CAG:180,eubacterium sp. cag:180,0.0,0.0,False,zero,161
OnlyFemale,LASSO_LogisticRegression,YachidaS_2019,0.03,0.59341102644554,0.5945910728314767,0.4473684210526316,rCLR_Parabacteroides merdae,rCLR,Parabacteroides merdae,Parabacteroides merdae,parabacteroides merdae,0.0,0.0,False,zero,162
OnlyFemale,LASSO_LogisticRegression,YachidaS_2019,0.03,0.59341102644554,0.5945910728314767,0.4473684210526316,rCLR_Phocaeicola dorei,rCLR,Phocaeicola dorei,Phocaeicola dorei,phocaeicola dorei,0.0,0.0,False,zero,163
OnlyFemale,LASSO_LogisticRegression,YachidaS_2019,0.03,0.59341102644554,0.5945910728314767,0.4473684210526316,rCLR_[Eubacterium] siraeum,rCLR,[Eubacterium] siraeum,[Eubacterium] siraeum,[eubacterium] siraeum,0.0,0.0,False,zero,164
OnlyFemale,LASSO_LogisticRegression,YachidaS_2019,0.03,0.59341102644554,0.5945910728314767,0.4473684210526316,rCLR_Barnesiella intestinihominis,rCLR,Barnesiella intestinihominis,Barnesiella intestinihominis,barnesiella intestinihominis,0.0,0.0,False,zero,165
OnlyFemale,LASSO_LogisticRegression,YachidaS_2019,0.03,0.59341102644554,0.5945910728314767,0.4473684210526316,rCLR_Methanobrevibacter smithii,rCLR,Methanobrevibacter smithii,Methanobrevibacter smithii,methanobrevibacter smithii,0.0,0.0,False,zero,166
OnlyFemale,LASSO_LogisticRegression,YachidaS_2019,0.03,0.59341102644554,0.5945910728314767,0.4473684210526316,rCLR_[Ruminococcus] gnavus,rCLR,[Ruminococcus] gnavus,[Ruminococcus] gnavus,[ruminococcus] gnavus,0.0,0.0,False,zero,167
OnlyFemale,LASSO_LogisticRegression,YachidaS_2019,0.03,0.59341102644554,0.5945910728314767,0.4473684210526316,rCLR_Firmicutes bacterium CAG:145,rCLR,Firmicutes bacterium CAG:145,Firmicutes bacterium CAG:145,firmicutes bacterium cag:145,0.0,0.0,False,zero,168
OnlyFemale,LASSO_LogisticRegression,YachidaS_2019,0.03,0.59341102644554,0.5945910728314767,0.4473684210526316,rCLR_Bacteroides cellulosilyticus,rCLR,Bacteroides cellulosilyticus,Bacteroides cellulosilyticus,bacteroides cellulosilyticus,0.0,0.0,False,zero,169
OnlyFemale,LASSO_LogisticRegression,YachidaS_2019,0.03,0.59341102644554,0.5945910728314767,0.4473684210526316,rCLR_Ruminococcus bicirculans,rCLR,Ruminococcus bicirculans,Ruminococcus bicirculans,ruminococcus bicirculans,0.0,0.0,False,zero,170
OnlyFemale,LASSO_LogisticRegression,YachidaS_2019,0.03,0.59341102644554,0.5945910728314767,0.4473684210526316,rCLR_Adlercreutzia equolifaciens_1,rCLR,Adlercreutzia equolifaciens_1,Adlercreutzia equolifaciens 1,adlercreutzia equolifaciens 1,0.0,0.0,False,zero,171
OnlyFemale,LASSO_LogisticRegression,YachidaS_2019,0.03,0.59341102644554,0.5945910728314767,0.4473684210526316,rCLR_Firmicutes bacterium CAG:110,rCLR,Firmicutes bacterium CAG:110,Firmicutes bacterium CAG:110,firmicutes bacterium cag:110,0.0,0.0,False,zero,172
OnlyFemale,LASSO_LogisticRegression,YachidaS_2019,0.03,0.59341102644554,0.5945910728314767,0.4473684210526316,rCLR_Parabacteroides distasonis,rCLR,Parabacteroides distasonis,Parabacteroides distasonis,parabacteroides distasonis,0.0,0.0,False,zero,173
OnlyFemale,LASSO_LogisticRegression,YachidaS_2019,0.03,0.59341102644554,0.5945910728314767,0.4473684210526316,rCLR_Odoribacter splanchnicus,rCLR,Odoribacter splanchnicus,Odoribacter splanchnicus,odoribacter splanchnicus,0.0,0.0,False,zero,174
OnlyFemale,LASSO_LogisticRegression,YachidaS_2019,0.03,0.59341102644554,0.5945910728314767,0.4473684210526316,rCLR_Oscillibacter sp. CAG:241,rCLR,Oscillibacter sp. CAG:241,Oscillibacter sp. CAG:241,oscillibacter sp. cag:241,0.0,0.0,False,zero,175
OnlyFemale,LASSO_LogisticRegression,YachidaS_2019,0.03,0.59341102644554,0.5945910728314767,0.4473684210526316,rCLR_Alistipes shahii,rCLR,Alistipes shahii,Alistipes shahii,alistipes shahii,0.0,0.0,False,zero,176
OnlyFemale,LASSO_LogisticRegression,YachidaS_2019,0.03,0.59341102644554,0.5945910728314767,0.4473684210526316,rCLR_Eggerthella lenta,rCLR,Eggerthella lenta,Eggerthella lenta,eggerthella lenta,0.0,0.0,False,zero,177
OnlyFemale,LASSO_LogisticRegression,YachidaS_2019,0.03,0.59341102644554,0.5945910728314767,0.4473684210526316,rCLR_Escherichia coli,rCLR,Escherichia coli,Escherichia coli,escherichia coli,0.0,0.0,False,zero,178
OnlyFemale,LASSO_LogisticRegression,YachidaS_2019,0.03,0.59341102644554,0.5945910728314767,0.4473684210526316,rCLR_Butyricimonas virosa,rCLR,Butyricimonas virosa,Butyricimonas virosa,butyricimonas virosa,0.0,0.0,False,zero,179
OnlyFemale,LASSO_LogisticRegression,YachidaS_2019,0.03,0.59341102644554,0.5945910728314767,0.4473684210526316,rCLR_Bacteroides sp. CAG:144,rCLR,Bacteroides sp. CAG:144,Bacteroides sp. CAG:144,bacteroides sp. cag:144,0.0,0.0,False,zero,180
OnlyFemale,LASSO_LogisticRegression,YachidaS_2019,0.03,0.59341102644554,0.5945910728314767,0.4473684210526316,rCLR_Intestinibacter bartlettii,rCLR,Intestinibacter bartlettii,Intestinibacter bartlettii,intestinibacter bartlettii,0.0,0.0,False,zero,181
OnlyFemale,LASSO_LogisticRegression,YachidaS_2019,0.03,0.59341102644554,0.5945910728314767,0.4473684210526316,rCLR_Erysipelatoclostridium ramosum,rCLR,Erysipelatoclostridium ramosum,Erysipelatoclostridium ramosum,erysipelatoclostridium ramosum,0.0,0.0,False,zero,182
OnlyFemale,LASSO_LogisticRegression,YachidaS_2019,0.03,0.59341102644554,0.5945910728314767,0.4473684210526316,rCLR_Adlercreutzia equolifaciens,rCLR,Adlercreutzia equolifaciens,Adlercreutzia equolifaciens,adlercreutzia equolifaciens,0.0,0.0,False,zero,183
OnlyFemale,LASSO_LogisticRegression,YachidaS_2019,0.03,0.59341102644554,0.5945910728314767,0.4473684210526316,rCLR_Slackia isoflavoniconvertens,rCLR,Slackia isoflavoniconvertens,Slackia isoflavoniconvertens,slackia isoflavoniconvertens,0.0,0.0,False,zero,184
OnlyFemale,LASSO_LogisticRegression,YachidaS_2019,0.03,0.59341102644554,0.5945910728314767,0.4473684210526316,rCLR_Clostridium sp. CAG:58,rCLR,Clostridium sp. CAG:58,Clostridium sp. CAG:58,clostridium sp. cag:58,0.0,0.0,False,zero,185
OnlyFemale,LASSO_LogisticRegression,YachidaS_2019,0.03,0.59341102644554,0.5945910728314767,0.4473684210526316,rCLR_Bacteroides intestinalis,rCLR,Bacteroides intestinalis,Bacteroides intestinalis,bacteroides intestinalis,0.0,0.0,False,zero,186
OnlyFemale,LASSO_LogisticRegression,YachidaS_2019,0.03,0.59341102644554,0.5945910728314767,0.4473684210526316,rCLR_Akkermansia muciniphila,rCLR,Akkermansia muciniphila,Akkermansia muciniphila,akkermansia muciniphila,0.0,0.0,False,zero,187
OnlyFemale,LASSO_LogisticRegression,YachidaS_2019,0.03,0.59341102644554,0.5945910728314767,0.4473684210526316,rCLR_Bifidobacterium pseudocatenulatum,rCLR,Bifidobacterium pseudocatenulatum,Bifidobacterium pseudocatenulatum,bifidobacterium pseudocatenulatum,0.0,0.0,False,zero,188
OnlyFemale,LASSO_LogisticRegression,YachidaS_2019,0.03,0.59341102644554,0.5945910728314767,0.4473684210526316,rCLR_Eubacterium sp. CAG:38,rCLR,Eubacterium sp. CAG:38,Eubacterium sp. CAG:38,eubacterium sp. cag:38,0.0,0.0,False,zero,189
OnlyFemale,LASSO_LogisticRegression,YachidaS_2019,0.03,0.59341102644554,0.5945910728314767,0.4473684210526316,rCLR_Bifidobacterium bifidum,rCLR,Bifidobacterium bifidum,Bifidobacterium bifidum,bifidobacterium bifidum,0.0,0.0,False,zero,190
OnlyFemale,LASSO_LogisticRegression,YachidaS_2019,0.03,0.59341102644554,0.5945910728314767,0.4473684210526316,rCLR_Blautia sp. CAG:257,rCLR,Blautia sp. CAG:257,Blautia sp. CAG:257,blautia sp. cag:257,0.0,0.0,False,zero,191
OnlyFemale,LASSO_LogisticRegression,YachidaS_2019,0.03,0.59341102644554,0.5945910728314767,0.4473684210526316,rCLR_Parasutterella excrementihominis,rCLR,Parasutterella excrementihominis,Parasutterella excrementihominis,parasutterella excrementihominis,0.0,0.0,False,zero,192
OnlyFemale,LASSO_LogisticRegression,YachidaS_2019,0.03,0.59341102644554,0.5945910728314767,0.4473684210526316,rCLR_Proteobacteria bacterium CAG:139,rCLR,Proteobacteria bacterium CAG:139,Proteobacteria bacterium CAG:139,proteobacteria bacterium cag:139,0.0,0.0,False,zero,193
OnlyFemale,LASSO_LogisticRegression,YachidaS_2019,0.03,0.59341102644554,0.5945910728314767,0.4473684210526316,rCLR_Lawsonibacter asaccharolyticus,rCLR,Lawsonibacter asaccharolyticus,Lawsonibacter asaccharolyticus,lawsonibacter asaccharolyticus,0.0,0.0,False,zero,194
OnlyFemale,LASSO_LogisticRegression,YachidaS_2019,0.03,0.59341102644554,0.5945910728314767,0.4473684210526316,rCLR_Coprobacter fastidiosus,rCLR,Coprobacter fastidiosus,Coprobacter fastidiosus,coprobacter fastidiosus,0.0,0.0,False,zero,195
OnlyFemale,LASSO_LogisticRegression,YachidaS_2019,0.03,0.59341102644554,0.5945910728314767,0.4473684210526316,rCLR_Alistipes inops,rCLR,Alistipes inops,Alistipes inops,alistipes inops,0.0,0.0,False,zero,196
OnlyFemale,LASSO_LogisticRegression,YachidaS_2019,0.03,0.59341102644554,0.5945910728314767,0.4473684210526316,rCLR_Bacteroides finegoldii,rCLR,Bacteroides finegoldii,Bacteroides finegoldii,bacteroides finegoldii,0.0,0.0,False,zero,197
OnlyFemale,LASSO_LogisticRegression,YachidaS_2019,0.03,0.59341102644554,0.5945910728314767,0.4473684210526316,rCLR_Paraprevotella xylaniphila,rCLR,Paraprevotella xylaniphila,Paraprevotella xylaniphila,paraprevotella xylaniphila,0.0,0.0,False,zero,198
OnlyFemale,LASSO_LogisticRegression,YachidaS_2019,0.03,0.59341102644554,0.5945910728314767,0.4473684210526316,rCLR_Dialister invisus,rCLR,Dialister invisus,Dialister invisus,dialister invisus,0.0,0.0,False,zero,199
OnlyFemale,LASSO_LogisticRegression,YachidaS_2019,0.03,0.59341102644554,0.5945910728314767,0.4473684210526316,rCLR_Enterocloster bolteae,rCLR,Enterocloster bolteae,Enterocloster bolteae,enterocloster bolteae,0.0,0.0,False,zero,200
OnlyFemale,LASSO_LogisticRegression,YachidaS_2019,0.03,0.59341102644554,0.5945910728314767,0.4473684210526316,rCLR_Bacteroides caccae,rCLR,Bacteroides caccae,Bacteroides caccae,bacteroides caccae,0.0,0.0,False,zero,201
OnlyFemale,LASSO_LogisticRegression,YachidaS_2019,0.03,0.59341102644554,0.5945910728314767,0.4473684210526316,rCLR_Desulfovibrio piger,rCLR,Desulfovibrio piger,Desulfovibrio piger,desulfovibrio piger,0.0,0.0,False,zero,202
OnlyFemale,LASSO_LogisticRegression,YachidaS_2019,0.03,0.59341102644554,0.5945910728314767,0.4473684210526316,rCLR_Lachnospira pectinoschiza,rCLR,Lachnospira pectinoschiza,Lachnospira pectinoschiza,lachnospira pectinoschiza,0.0,0.0,False,zero,203
OnlyFemale,LASSO_LogisticRegression,YachidaS_2019,0.03,0.59341102644554,0.5945910728314767,0.4473684210526316,rCLR_Prevotella copri,rCLR,Prevotella copri,Prevotella copri,prevotella copri,0.0,0.0,False,zero,204
OnlyFemale,LASSO_LogisticRegression,YachidaS_2019,0.03,0.59341102644554,0.5945910728314767,0.4473684210526316,rCLR_Phocaeicola massiliensis,rCLR,Phocaeicola massiliensis,Phocaeicola massiliensis,phocaeicola massiliensis,0.0,0.0,False,zero,205
OnlyFemale,LASSO_LogisticRegression,YachidaS_2019,0.03,0.59341102644554,0.5945910728314767,0.4473684210526316,rCLR_Megamonas funiformis,rCLR,Megamonas funiformis,Megamonas funiformis,megamonas funiformis,0.0,0.0,False,zero,206
OnlyFemale,LASSO_LogisticRegression,YachidaS_2019,0.03,0.59341102644554,0.5945910728314767,0.4473684210526316,rCLR_Phascolarctobacterium faecium,rCLR,Phascolarctobacterium faecium,Phascolarctobacterium faecium,phascolarctobacterium faecium,0.0,0.0,False,zero,207
OnlyFemale,LASSO_LogisticRegression,YachidaS_2019,0.03,0.59341102644554,0.5945910728314767,0.4473684210526316,rCLR_Acidaminococcus intestini,rCLR,Acidaminococcus intestini,Acidaminococcus intestini,acidaminococcus intestini,0.0,0.0,False,zero,208
OnlyFemale,LASSO_LogisticRegression,YachidaS_2019,0.03,0.59341102644554,0.5945910728314767,0.4473684210526316,rCLR_Anaerotignum lactatifermentans,rCLR,Anaerotignum lactatifermentans,Anaerotignum lactatifermentans,anaerotignum lactatifermentans,0.0,0.0,False,zero,209
OnlyFemale,LASSO_LogisticRegression,YachidaS_2019,0.03,0.59341102644554,0.5945910728314767,0.4473684210526316,rCLR_Bacteroides salyersiae,rCLR,Bacteroides salyersiae,Bacteroides salyersiae,bacteroides salyersiae,0.0,0.0,False,zero,210
OnlyFemale,LASSO_LogisticRegression,YachidaS_2019,0.03,0.59341102644554,0.5945910728314767,0.4473684210526316,rCLR_Parvimonas micra,rCLR,Parvimonas micra,Parvimonas micra,parvimonas micra,0.0,0.0,False,zero,211
OnlyFemale,LASSO_LogisticRegression,YachidaS_2019,0.03,0.59341102644554,0.5945910728314767,0.4473684210526316,rCLR_Klebsiella pneumoniae,rCLR,Klebsiella pneumoniae,Klebsiella pneumoniae,klebsiella pneumoniae,0.0,0.0,False,zero,212
OnlyFemale,LASSO_LogisticRegression,YachidaS_2019,0.03,0.59341102644554,0.5945910728314767,0.4473684210526316,rCLR_Klebsiella variicola,rCLR,Klebsiella variicola,Klebsiella variicola,klebsiella variicola,0.0,0.0,False,zero,213
OnlyFemale,LASSO_LogisticRegression,YachidaS_2019,0.03,0.59341102644554,0.5945910728314767,0.4473684210526316,rCLR_Klebsiella quasipneumoniae,rCLR,Klebsiella quasipneumoniae,Klebsiella quasipneumoniae,klebsiella quasipneumoniae,0.0,0.0,False,zero,214
OnlyFemale,LASSO_LogisticRegression,YachidaS_2019,0.03,0.59341102644554,0.5945910728314767,0.4473684210526316,Age,covariate,Age,Age,age,0.0,0.0,False,zero,215
OnlyFemale,LASSO_LogisticRegression,YuJ_2015,0.03,0.7857142857142858,0.8700332812626231,0.782608695652174,PA_Parvimonas micra,PA,Parvimonas micra,Parvimonas micra,parvimonas micra,0.21057260180604265,0.21057260180604265,True,CRC-associated,1
OnlyFemale,LASSO_LogisticRegression,YuJ_2015,0.03,0.7857142857142858,0.8700332812626231,0.782608695652174,rCLR_Anaerostipes hadrus,rCLR,Anaerostipes hadrus,Anaerostipes hadrus,anaerostipes hadrus,-0.06280682675636227,0.06280682675636227,True,Control-associated,2
OnlyFemale,LASSO_LogisticRegression,YuJ_2015,0.03,0.7857142857142858,0.8700332812626231,0.782608695652174,PA_Flavonifractor plautii,PA,Flavonifractor plautii,Flavonifractor plautii,flavonifractor plautii,0.04363218912380798,0.04363218912380798,True,CRC-associated,3
OnlyFemale,LASSO_LogisticRegression,YuJ_2015,0.03,0.7857142857142858,0.8700332812626231,0.782608695652174,rCLR_Dorea formicigenerans,rCLR,Dorea formicigenerans,Dorea formicigenerans,dorea formicigenerans,0.02141148741408226,0.02141148741408226,True,CRC-associated,4
OnlyFemale,LASSO_LogisticRegression,YuJ_2015,0.03,0.7857142857142858,0.8700332812626231,0.782608695652174,rCLR_Bacteroides fragilis,rCLR,Bacteroides fragilis,Bacteroides fragilis,bacteroides fragilis,0.011208043984449769,0.011208043984449769,True,CRC-associated,5
OnlyFemale,LASSO_LogisticRegression,YuJ_2015,0.03,0.7857142857142858,0.8700332812626231,0.782608695652174,rCLR_Ruthenibacterium lactatiformans,rCLR,Ruthenibacterium lactatiformans,Ruthenibacterium lactatiformans,ruthenibacterium lactatiformans,0.007748419034831935,0.007748419034831935,True,CRC-associated,6
OnlyFemale,LASSO_LogisticRegression,YuJ_2015,0.03,0.7857142857142858,0.8700332812626231,0.782608695652174,PA_Phocaeicola plebeius,PA,Phocaeicola plebeius,Phocaeicola plebeius,phocaeicola plebeius,0.003900814337964233,0.003900814337964233,True,CRC-associated,7
OnlyFemale,LASSO_LogisticRegression,YuJ_2015,0.03,0.7857142857142858,0.8700332812626231,0.782608695652174,PA_Phocaeicola vulgatus,PA,Phocaeicola vulgatus,Phocaeicola vulgatus,phocaeicola vulgatus,0.0,0.0,False,zero,8
OnlyFemale,LASSO_LogisticRegression,YuJ_2015,0.03,0.7857142857142858,0.8700332812626231,0.782608695652174,PA_Dorea longicatena,PA,Dorea longicatena,Dorea longicatena,dorea longicatena,0.0,0.0,False,zero,9
OnlyFemale,LASSO_LogisticRegression,YuJ_2015,0.03,0.7857142857142858,0.8700332812626231,0.782608695652174,PA_Eubacterium sp. CAG:251,PA,Eubacterium sp. CAG:251,Eubacterium sp. CAG:251,eubacterium sp. cag:251,0.0,0.0,False,zero,10
OnlyFemale,LASSO_LogisticRegression,YuJ_2015,0.03,0.7857142857142858,0.8700332812626231,0.782608695652174,PA_Fusicatenibacter saccharivorans,PA,Fusicatenibacter saccharivorans,Fusicatenibacter saccharivorans,fusicatenibacter saccharivorans,0.0,0.0,False,zero,11
OnlyFemale,LASSO_LogisticRegression,YuJ_2015,0.03,0.7857142857142858,0.8700332812626231,0.782608695652174,PA_Coprococcus comes,PA,Coprococcus comes,Coprococcus comes,coprococcus comes,0.0,0.0,False,zero,12
OnlyFemale,LASSO_LogisticRegression,YuJ_2015,0.03,0.7857142857142858,0.8700332812626231,0.782608695652174,PA_[Ruminococcus] torques,PA,[Ruminococcus] torques,[Ruminococcus] torques,[ruminococcus] torques,0.0,0.0,False,zero,13
OnlyFemale,LASSO_LogisticRegression,YuJ_2015,0.03,0.7857142857142858,0.8700332812626231,0.782608695652174,PA_Anaerobutyricum hallii,PA,Anaerobutyricum hallii,Anaerobutyricum hallii,anaerobutyricum hallii,0.0,0.0,False,zero,14
OnlyFemale,LASSO_LogisticRegression,YuJ_2015,0.03,0.7857142857142858,0.8700332812626231,0.782608695652174,PA_Holdemanella biformis,PA,Holdemanella biformis,Holdemanella biformis,holdemanella biformis,0.0,0.0,False,zero,15
OnlyFemale,LASSO_LogisticRegression,YuJ_2015,0.03,0.7857142857142858,0.8700332812626231,0.782608695652174,PA_Bacteroides uniformis,PA,Bacteroides uniformis,Bacteroides uniformis,bacteroides uniformis,0.0,0.0,False,zero,16
OnlyFemale,LASSO_LogisticRegression,YuJ_2015,0.03,0.7857142857142858,0.8700332812626231,0.782608695652174,PA_Blautia wexlerae,PA,Blautia wexlerae,Blautia wexlerae,blautia wexlerae,0.0,0.0,False,zero,17
OnlyFemale,LASSO_LogisticRegression,YuJ_2015,0.03,0.7857142857142858,0.8700332812626231,0.782608695652174,PA_Gemmiger formicilis,PA,Gemmiger formicilis,Gemmiger formicilis,gemmiger formicilis,0.0,0.0,False,zero,18
OnlyFemale,LASSO_LogisticRegression,YuJ_2015,0.03,0.7857142857142858,0.8700332812626231,0.782608695652174,PA_Streptococcus salivarius,PA,Streptococcus salivarius,Streptococcus salivarius,streptococcus salivarius,0.0,0.0,False,zero,19
OnlyFemale,LASSO_LogisticRegression,YuJ_2015,0.03,0.7857142857142858,0.8700332812626231,0.782608695652174,PA_Anaerostipes hadrus,PA,Anaerostipes hadrus,Anaerostipes hadrus,anaerostipes hadrus,0.0,0.0,False,zero,20
OnlyFemale,LASSO_LogisticRegression,YuJ_2015,0.03,0.7857142857142858,0.8700332812626231,0.782608695652174,PA_Bacteroides stercoris,PA,Bacteroides stercoris,Bacteroides stercoris,bacteroides stercoris,0.0,0.0,False,zero,21
OnlyFemale,LASSO_LogisticRegression,YuJ_2015,0.03,0.7857142857142858,0.8700332812626231,0.782608695652174,PA_Collinsella aerofaciens,PA,Collinsella aerofaciens,Collinsella aerofaciens,collinsella aerofaciens,0.0,0.0,False,zero,22
OnlyFemale,LASSO_LogisticRegression,YuJ_2015,0.03,0.7857142857142858,0.8700332812626231,0.782608695652174,PA_Faecalibacterium prausnitzii,PA,Faecalibacterium prausnitzii,Faecalibacterium prausnitzii,faecalibacterium prausnitzii,0.0,0.0,False,zero,23
OnlyFemale,LASSO_LogisticRegression,YuJ_2015,0.03,0.7857142857142858,0.8700332812626231,0.782608695652174,PA_Coprococcus catus,PA,Coprococcus catus,Coprococcus catus,coprococcus catus,0.0,0.0,False,zero,24
OnlyFemale,LASSO_LogisticRegression,YuJ_2015,0.03,0.7857142857142858,0.8700332812626231,0.782608695652174,PA_Roseburia intestinalis,PA,Roseburia intestinalis,Roseburia intestinalis,roseburia intestinalis,0.0,0.0,False,zero,25
OnlyFemale,LASSO_LogisticRegression,YuJ_2015,0.03,0.7857142857142858,0.8700332812626231,0.782608695652174,PA_Phascolarctobacterium succinatutens,PA,Phascolarctobacterium succinatutens,Phascolarctobacterium succinatutens,phascolarctobacterium succinatutens,0.0,0.0,False,zero,26
OnlyFemale,LASSO_LogisticRegression,YuJ_2015,0.03,0.7857142857142858,0.8700332812626231,0.782608695652174,PA_Roseburia inulinivorans,PA,Roseburia inulinivorans,Roseburia inulinivorans,roseburia inulinivorans,0.0,0.0,False,zero,27
OnlyFemale,LASSO_LogisticRegression,YuJ_2015,0.03,0.7857142857142858,0.8700332812626231,0.782608695652174,PA_Blautia obeum,PA,Blautia obeum,Blautia obeum,blautia obeum,0.0,0.0,False,zero,28
OnlyFemale,LASSO_LogisticRegression,YuJ_2015,0.03,0.7857142857142858,0.8700332812626231,0.782608695652174,PA_Agathobaculum butyriciproducens,PA,Agathobaculum butyriciproducens,Agathobaculum butyriciproducens,agathobaculum butyriciproducens,0.0,0.0,False,zero,29
OnlyFemale,LASSO_LogisticRegression,YuJ_2015,0.03,0.7857142857142858,0.8700332812626231,0.782608695652174,PA_Bacteroides xylanisolvens,PA,Bacteroides xylanisolvens,Bacteroides xylanisolvens,bacteroides xylanisolvens,0.0,0.0,False,zero,30
OnlyFemale,LASSO_LogisticRegression,YuJ_2015,0.03,0.7857142857142858,0.8700332812626231,0.782608695652174,PA_[Eubacterium] rectale,PA,[Eubacterium] rectale,[Eubacterium] rectale,[eubacterium] rectale,0.0,0.0,False,zero,31
OnlyFemale,LASSO_LogisticRegression,YuJ_2015,0.03,0.7857142857142858,0.8700332812626231,0.782608695652174,PA_Bacteroides ovatus,PA,Bacteroides ovatus,Bacteroides ovatus,bacteroides ovatus,0.0,0.0,False,zero,32
OnlyFemale,LASSO_LogisticRegression,YuJ_2015,0.03,0.7857142857142858,0.8700332812626231,0.782608695652174,PA_Bacteroides thetaiotaomicron,PA,Bacteroides thetaiotaomicron,Bacteroides thetaiotaomicron,bacteroides thetaiotaomicron,0.0,0.0,False,zero,33
OnlyFemale,LASSO_LogisticRegression,YuJ_2015,0.03,0.7857142857142858,0.8700332812626231,0.782608695652174,PA_Eubacterium ramulus,PA,Eubacterium ramulus,Eubacterium ramulus,eubacterium ramulus,0.0,0.0,False,zero,34
OnlyFemale,LASSO_LogisticRegression,YuJ_2015,0.03,0.7857142857142858,0.8700332812626231,0.782608695652174,PA_Streptococcus thermophilus,PA,Streptococcus thermophilus,Streptococcus thermophilus,streptococcus thermophilus,0.0,0.0,False,zero,35
OnlyFemale,LASSO_LogisticRegression,YuJ_2015,0.03,0.7857142857142858,0.8700332812626231,0.782608695652174,PA_Bifidobacterium adolescentis,PA,Bifidobacterium adolescentis,Bifidobacterium adolescentis,bifidobacterium adolescentis,0.0,0.0,False,zero,36
OnlyFemale,LASSO_LogisticRegression,YuJ_2015,0.03,0.7857142857142858,0.8700332812626231,0.782608695652174,PA_Eubacterium sp. CAG:274,PA,Eubacterium sp. CAG:274,Eubacterium sp. CAG:274,eubacterium sp. cag:274,0.0,0.0,False,zero,37
OnlyFemale,LASSO_LogisticRegression,YuJ_2015,0.03,0.7857142857142858,0.8700332812626231,0.782608695652174,PA_Eubacterium ventriosum,PA,Eubacterium ventriosum,Eubacterium ventriosum,eubacterium ventriosum,0.0,0.0,False,zero,38
OnlyFemale,LASSO_LogisticRegression,YuJ_2015,0.03,0.7857142857142858,0.8700332812626231,0.782608695652174,PA_Oscillibacter sp. 57_20,PA,Oscillibacter sp. 57_20,Oscillibacter sp. 57 20,oscillibacter sp. 57 20,0.0,0.0,False,zero,39
OnlyFemale,LASSO_LogisticRegression,YuJ_2015,0.03,0.7857142857142858,0.8700332812626231,0.782608695652174,PA_Roseburia hominis,PA,Roseburia hominis,Roseburia hominis,roseburia hominis,0.0,0.0,False,zero,40
OnlyFemale,LASSO_LogisticRegression,YuJ_2015,0.03,0.7857142857142858,0.8700332812626231,0.782608695652174,PA_Alistipes finegoldii,PA,Alistipes finegoldii,Alistipes finegoldii,alistipes finegoldii,0.0,0.0,False,zero,41
OnlyFemale,LASSO_LogisticRegression,YuJ_2015,0.03,0.7857142857142858,0.8700332812626231,0.782608695652174,PA_Alistipes putredinis,PA,Alistipes putredinis,Alistipes putredinis,alistipes putredinis,0.0,0.0,False,zero,42
OnlyFemale,LASSO_LogisticRegression,YuJ_2015,0.03,0.7857142857142858,0.8700332812626231,0.782608695652174,PA_Veillonella atypica,PA,Veillonella atypica,Veillonella atypica,veillonella atypica,0.0,0.0,False,zero,43
OnlyFemale,LASSO_LogisticRegression,YuJ_2015,0.03,0.7857142857142858,0.8700332812626231,0.782608695652174,PA_Ruminococcus bromii,PA,Ruminococcus bromii,Ruminococcus bromii,ruminococcus bromii,0.0,0.0,False,zero,44
OnlyFemale,LASSO_LogisticRegression,YuJ_2015,0.03,0.7857142857142858,0.8700332812626231,0.782608695652174,PA_Firmicutes bacterium CAG:83,PA,Firmicutes bacterium CAG:83,Firmicutes bacterium CAG:83,firmicutes bacterium cag:83,0.0,0.0,False,zero,45
OnlyFemale,LASSO_LogisticRegression,YuJ_2015,0.03,0.7857142857142858,0.8700332812626231,0.782608695652174,PA_Veillonella parvula,PA,Veillonella parvula,Veillonella parvula,veillonella parvula,0.0,0.0,False,zero,46
OnlyFemale,LASSO_LogisticRegression,YuJ_2015,0.03,0.7857142857142858,0.8700332812626231,0.782608695652174,PA_Lachnospira eligens,PA,Lachnospira eligens,Lachnospira eligens,lachnospira eligens,0.0,0.0,False,zero,47
OnlyFemale,LASSO_LogisticRegression,YuJ_2015,0.03,0.7857142857142858,0.8700332812626231,0.782608695652174,PA_[Ruminococcus] gnavus,PA,[Ruminococcus] gnavus,[Ruminococcus] gnavus,[ruminococcus] gnavus,0.0,0.0,False,zero,48
OnlyFemale,LASSO_LogisticRegression,YuJ_2015,0.03,0.7857142857142858,0.8700332812626231,0.782608695652174,PA_Bacteroides eggerthii,PA,Bacteroides eggerthii,Bacteroides eggerthii,bacteroides eggerthii,0.0,0.0,False,zero,49
OnlyFemale,LASSO_LogisticRegression,YuJ_2015,0.03,0.7857142857142858,0.8700332812626231,0.782608695652174,PA_Roseburia faecis,PA,Roseburia faecis,Roseburia faecis,roseburia faecis,0.0,0.0,False,zero,50
OnlyFemale,LASSO_LogisticRegression,YuJ_2015,0.03,0.7857142857142858,0.8700332812626231,0.782608695652174,PA_Phocaeicola coprocola,PA,Phocaeicola coprocola,Phocaeicola coprocola,phocaeicola coprocola,0.0,0.0,False,zero,51
OnlyFemale,LASSO_LogisticRegression,YuJ_2015,0.03,0.7857142857142858,0.8700332812626231,0.782608695652174,PA_Adlercreutzia equolifaciens,PA,Adlercreutzia equolifaciens,Adlercreutzia equolifaciens,adlercreutzia equolifaciens,0.0,0.0,False,zero,52
OnlyFemale,LASSO_LogisticRegression,YuJ_2015,0.03,0.7857142857142858,0.8700332812626231,0.782608695652174,PA_Gordonibacter pamelaeae,PA,Gordonibacter pamelaeae,Gordonibacter pamelaeae,gordonibacter pamelaeae,0.0,0.0,False,zero,53
OnlyFemale,LASSO_LogisticRegression,YuJ_2015,0.03,0.7857142857142858,0.8700332812626231,0.782608695652174,PA_Eubacterium sp. CAG:180,PA,Eubacterium sp. CAG:180,Eubacterium sp. CAG:180,eubacterium sp. cag:180,0.0,0.0,False,zero,54
OnlyFemale,LASSO_LogisticRegression,YuJ_2015,0.03,0.7857142857142858,0.8700332812626231,0.782608695652174,PA_Parabacteroides merdae,PA,Parabacteroides merdae,Parabacteroides merdae,parabacteroides merdae,0.0,0.0,False,zero,55
OnlyFemale,LASSO_LogisticRegression,YuJ_2015,0.03,0.7857142857142858,0.8700332812626231,0.782608695652174,PA_Phocaeicola dorei,PA,Phocaeicola dorei,Phocaeicola dorei,phocaeicola dorei,0.0,0.0,False,zero,56
OnlyFemale,LASSO_LogisticRegression,YuJ_2015,0.03,0.7857142857142858,0.8700332812626231,0.782608695652174,PA_[Eubacterium] siraeum,PA,[Eubacterium] siraeum,[Eubacterium] siraeum,[eubacterium] siraeum,0.0,0.0,False,zero,57
OnlyFemale,LASSO_LogisticRegression,YuJ_2015,0.03,0.7857142857142858,0.8700332812626231,0.782608695652174,PA_Barnesiella intestinihominis,PA,Barnesiella intestinihominis,Barnesiella intestinihominis,barnesiella intestinihominis,0.0,0.0,False,zero,58
OnlyFemale,LASSO_LogisticRegression,YuJ_2015,0.03,0.7857142857142858,0.8700332812626231,0.782608695652174,PA_Methanobrevibacter smithii,PA,Methanobrevibacter smithii,Methanobrevibacter smithii,methanobrevibacter smithii,0.0,0.0,False,zero,59
OnlyFemale,LASSO_LogisticRegression,YuJ_2015,0.03,0.7857142857142858,0.8700332812626231,0.782608695652174,PA_Firmicutes bacterium CAG:145,PA,Firmicutes bacterium CAG:145,Firmicutes bacterium CAG:145,firmicutes bacterium cag:145,0.0,0.0,False,zero,60
OnlyFemale,LASSO_LogisticRegression,YuJ_2015,0.03,0.7857142857142858,0.8700332812626231,0.782608695652174,PA_Bacteroides cellulosilyticus,PA,Bacteroides cellulosilyticus,Bacteroides cellulosilyticus,bacteroides cellulosilyticus,0.0,0.0,False,zero,61
OnlyFemale,LASSO_LogisticRegression,YuJ_2015,0.03,0.7857142857142858,0.8700332812626231,0.782608695652174,PA_Adlercreutzia equolifaciens_1,PA,Adlercreutzia equolifaciens_1,Adlercreutzia equolifaciens 1,adlercreutzia equolifaciens 1,0.0,0.0,False,zero,62
OnlyFemale,LASSO_LogisticRegression,YuJ_2015,0.03,0.7857142857142858,0.8700332812626231,0.782608695652174,PA_Ruminococcus bicirculans,PA,Ruminococcus bicirculans,Ruminococcus bicirculans,ruminococcus bicirculans,0.0,0.0,False,zero,63
OnlyFemale,LASSO_LogisticRegression,YuJ_2015,0.03,0.7857142857142858,0.8700332812626231,0.782608695652174,PA_Firmicutes bacterium CAG:110,PA,Firmicutes bacterium CAG:110,Firmicutes bacterium CAG:110,firmicutes bacterium cag:110,0.0,0.0,False,zero,64
OnlyFemale,LASSO_LogisticRegression,YuJ_2015,0.03,0.7857142857142858,0.8700332812626231,0.782608695652174,PA_Parabacteroides distasonis,PA,Parabacteroides distasonis,Parabacteroides distasonis,parabacteroides distasonis,0.0,0.0,False,zero,65
OnlyFemale,LASSO_LogisticRegression,YuJ_2015,0.03,0.7857142857142858,0.8700332812626231,0.782608695652174,PA_Ruthenibacterium lactatiformans,PA,Ruthenibacterium lactatiformans,Ruthenibacterium lactatiformans,ruthenibacterium lactatiformans,0.0,0.0,False,zero,66
OnlyFemale,LASSO_LogisticRegression,YuJ_2015,0.03,0.7857142857142858,0.8700332812626231,0.782608695652174,PA_Odoribacter splanchnicus,PA,Odoribacter splanchnicus,Odoribacter splanchnicus,odoribacter splanchnicus,0.0,0.0,False,zero,67
OnlyFemale,LASSO_LogisticRegression,YuJ_2015,0.03,0.7857142857142858,0.8700332812626231,0.782608695652174,PA_Oscillibacter sp. CAG:241,PA,Oscillibacter sp. CAG:241,Oscillibacter sp. CAG:241,oscillibacter sp. cag:241,0.0,0.0,False,zero,68
OnlyFemale,LASSO_LogisticRegression,YuJ_2015,0.03,0.7857142857142858,0.8700332812626231,0.782608695652174,PA_Alistipes shahii,PA,Alistipes shahii,Alistipes shahii,alistipes shahii,0.0,0.0,False,zero,69
OnlyFemale,LASSO_LogisticRegression,YuJ_2015,0.03,0.7857142857142858,0.8700332812626231,0.782608695652174,PA_Eggerthella lenta,PA,Eggerthella lenta,Eggerthella lenta,eggerthella lenta,0.0,0.0,False,zero,70
OnlyFemale,LASSO_LogisticRegression,YuJ_2015,0.03,0.7857142857142858,0.8700332812626231,0.782608695652174,PA_Escherichia coli,PA,Escherichia coli,Escherichia coli,escherichia coli,0.0,0.0,False,zero,71
OnlyFemale,LASSO_LogisticRegression,YuJ_2015,0.03,0.7857142857142858,0.8700332812626231,0.782608695652174,PA_Butyricimonas virosa,PA,Butyricimonas virosa,Butyricimonas virosa,butyricimonas virosa,0.0,0.0,False,zero,72
OnlyFemale,LASSO_LogisticRegression,YuJ_2015,0.03,0.7857142857142858,0.8700332812626231,0.782608695652174,PA_Bacteroides sp. CAG:144,PA,Bacteroides sp. CAG:144,Bacteroides sp. CAG:144,bacteroides sp. cag:144,0.0,0.0,False,zero,73
OnlyFemale,LASSO_LogisticRegression,YuJ_2015,0.03,0.7857142857142858,0.8700332812626231,0.782608695652174,PA_Intestinibacter bartlettii,PA,Intestinibacter bartlettii,Intestinibacter bartlettii,intestinibacter bartlettii,0.0,0.0,False,zero,74
OnlyFemale,LASSO_LogisticRegression,YuJ_2015,0.03,0.7857142857142858,0.8700332812626231,0.782608695652174,PA_Erysipelatoclostridium ramosum,PA,Erysipelatoclostridium ramosum,Erysipelatoclostridium ramosum,erysipelatoclostridium ramosum,0.0,0.0,False,zero,75
OnlyFemale,LASSO_LogisticRegression,YuJ_2015,0.03,0.7857142857142858,0.8700332812626231,0.782608695652174,PA_Slackia isoflavoniconvertens,PA,Slackia isoflavoniconvertens,Slackia isoflavoniconvertens,slackia isoflavoniconvertens,0.0,0.0,False,zero,76
OnlyFemale,LASSO_LogisticRegression,YuJ_2015,0.03,0.7857142857142858,0.8700332812626231,0.782608695652174,PA_Clostridium sp. CAG:58,PA,Clostridium sp. CAG:58,Clostridium sp. CAG:58,clostridium sp. cag:58,0.0,0.0,False,zero,77
OnlyFemale,LASSO_LogisticRegression,YuJ_2015,0.03,0.7857142857142858,0.8700332812626231,0.782608695652174,PA_Akkermansia muciniphila,PA,Akkermansia muciniphila,Akkermansia muciniphila,akkermansia muciniphila,0.0,0.0,False,zero,78
OnlyFemale,LASSO_LogisticRegression,YuJ_2015,0.03,0.7857142857142858,0.8700332812626231,0.782608695652174,PA_Bacteroides intestinalis,PA,Bacteroides intestinalis,Bacteroides intestinalis,bacteroides intestinalis,0.0,0.0,False,zero,79
OnlyFemale,LASSO_LogisticRegression,YuJ_2015,0.03,0.7857142857142858,0.8700332812626231,0.782608695652174,PA_Bifidobacterium pseudocatenulatum,PA,Bifidobacterium pseudocatenulatum,Bifidobacterium pseudocatenulatum,bifidobacterium pseudocatenulatum,0.0,0.0,False,zero,80
OnlyFemale,LASSO_LogisticRegression,YuJ_2015,0.03,0.7857142857142858,0.8700332812626231,0.782608695652174,PA_Eubacterium sp. CAG:38,PA,Eubacterium sp. CAG:38,Eubacterium sp. CAG:38,eubacterium sp. cag:38,0.0,0.0,False,zero,81
OnlyFemale,LASSO_LogisticRegression,YuJ_2015,0.03,0.7857142857142858,0.8700332812626231,0.782608695652174,PA_Bacteroides fragilis,PA,Bacteroides fragilis,Bacteroides fragilis,bacteroides fragilis,0.0,0.0,False,zero,82
OnlyFemale,LASSO_LogisticRegression,YuJ_2015,0.03,0.7857142857142858,0.8700332812626231,0.782608695652174,PA_Dorea formicigenerans,PA,Dorea formicigenerans,Dorea formicigenerans,dorea formicigenerans,0.0,0.0,False,zero,83
OnlyFemale,LASSO_LogisticRegression,YuJ_2015,0.03,0.7857142857142858,0.8700332812626231,0.782608695652174,PA_Streptococcus parasanguinis,PA,Streptococcus parasanguinis,Streptococcus parasanguinis,streptococcus parasanguinis,0.0,0.0,False,zero,84
OnlyFemale,LASSO_LogisticRegression,YuJ_2015,0.03,0.7857142857142858,0.8700332812626231,0.782608695652174,PA_Coprococcus eutactus,PA,Coprococcus eutactus,Coprococcus eutactus,coprococcus eutactus,0.0,0.0,False,zero,85
OnlyFemale,LASSO_LogisticRegression,YuJ_2015,0.03,0.7857142857142858,0.8700332812626231,0.782608695652174,PA_[Ruminococcus] lactaris,PA,[Ruminococcus] lactaris,[Ruminococcus] lactaris,[ruminococcus] lactaris,0.0,0.0,False,zero,86
OnlyFemale,LASSO_LogisticRegression,YuJ_2015,0.03,0.7857142857142858,0.8700332812626231,0.782608695652174,PA_Bifidobacterium longum,PA,Bifidobacterium longum,Bifidobacterium longum,bifidobacterium longum,0.0,0.0,False,zero,87
OnlyFemale,LASSO_LogisticRegression,YuJ_2015,0.03,0.7857142857142858,0.8700332812626231,0.782608695652174,PA_Lawsonibacter asaccharolyticus,PA,Lawsonibacter asaccharolyticus,Lawsonibacter asaccharolyticus,lawsonibacter asaccharolyticus,0.0,0.0,False,zero,88
OnlyFemale,LASSO_LogisticRegression,YuJ_2015,0.03,0.7857142857142858,0.8700332812626231,0.782608695652174,PA_Proteobacteria bacterium CAG:139,PA,Proteobacteria bacterium CAG:139,Proteobacteria bacterium CAG:139,proteobacteria bacterium cag:139,0.0,0.0,False,zero,89
OnlyFemale,LASSO_LogisticRegression,YuJ_2015,0.03,0.7857142857142858,0.8700332812626231,0.782608695652174,PA_Parasutterella excrementihominis,PA,Parasutterella excrementihominis,Parasutterella excrementihominis,parasutterella excrementihominis,0.0,0.0,False,zero,90
OnlyFemale,LASSO_LogisticRegression,YuJ_2015,0.03,0.7857142857142858,0.8700332812626231,0.782608695652174,PA_Blautia sp. CAG:257,PA,Blautia sp. CAG:257,Blautia sp. CAG:257,blautia sp. cag:257,0.0,0.0,False,zero,91
OnlyFemale,LASSO_LogisticRegression,YuJ_2015,0.03,0.7857142857142858,0.8700332812626231,0.782608695652174,PA_Bifidobacterium bifidum,PA,Bifidobacterium bifidum,Bifidobacterium bifidum,bifidobacterium bifidum,0.0,0.0,False,zero,92
OnlyFemale,LASSO_LogisticRegression,YuJ_2015,0.03,0.7857142857142858,0.8700332812626231,0.782608695652174,PA_Enterocloster bolteae,PA,Enterocloster bolteae,Enterocloster bolteae,enterocloster bolteae,0.0,0.0,False,zero,93
OnlyFemale,LASSO_LogisticRegression,YuJ_2015,0.03,0.7857142857142858,0.8700332812626231,0.782608695652174,PA_Dialister invisus,PA,Dialister invisus,Dialister invisus,dialister invisus,0.0,0.0,False,zero,94
OnlyFemale,LASSO_LogisticRegression,YuJ_2015,0.03,0.7857142857142858,0.8700332812626231,0.782608695652174,PA_Coprobacter fastidiosus,PA,Coprobacter fastidiosus,Coprobacter fastidiosus,coprobacter fastidiosus,0.0,0.0,False,zero,95
OnlyFemale,LASSO_LogisticRegression,YuJ_2015,0.03,0.7857142857142858,0.8700332812626231,0.782608695652174,PA_Lachnospira pectinoschiza,PA,Lachnospira pectinoschiza,Lachnospira pectinoschiza,lachnospira pectinoschiza,0.0,0.0,False,zero,96
OnlyFemale,LASSO_LogisticRegression,YuJ_2015,0.03,0.7857142857142858,0.8700332812626231,0.782608695652174,PA_Prevotella copri,PA,Prevotella copri,Prevotella copri,prevotella copri,0.0,0.0,False,zero,97
OnlyFemale,LASSO_LogisticRegression,YuJ_2015,0.03,0.7857142857142858,0.8700332812626231,0.782608695652174,PA_Phocaeicola massiliensis,PA,Phocaeicola massiliensis,Phocaeicola massiliensis,phocaeicola massiliensis,0.0,0.0,False,zero,98
OnlyFemale,LASSO_LogisticRegression,YuJ_2015,0.03,0.7857142857142858,0.8700332812626231,0.782608695652174,PA_Megamonas funiformis,PA,Megamonas funiformis,Megamonas funiformis,megamonas funiformis,0.0,0.0,False,zero,99
OnlyFemale,LASSO_LogisticRegression,YuJ_2015,0.03,0.7857142857142858,0.8700332812626231,0.782608695652174,PA_Phascolarctobacterium faecium,PA,Phascolarctobacterium faecium,Phascolarctobacterium faecium,phascolarctobacterium faecium,0.0,0.0,False,zero,100
OnlyFemale,LASSO_LogisticRegression,YuJ_2015,0.03,0.7857142857142858,0.8700332812626231,0.782608695652174,PA_Acidaminococcus intestini,PA,Acidaminococcus intestini,Acidaminococcus intestini,acidaminococcus intestini,0.0,0.0,False,zero,101
OnlyFemale,LASSO_LogisticRegression,YuJ_2015,0.03,0.7857142857142858,0.8700332812626231,0.782608695652174,PA_Bacteroides finegoldii,PA,Bacteroides finegoldii,Bacteroides finegoldii,bacteroides finegoldii,0.0,0.0,False,zero,102
OnlyFemale,LASSO_LogisticRegression,YuJ_2015,0.03,0.7857142857142858,0.8700332812626231,0.782608695652174,PA_Alistipes inops,PA,Alistipes inops,Alistipes inops,alistipes inops,0.0,0.0,False,zero,103
OnlyFemale,LASSO_LogisticRegression,YuJ_2015,0.03,0.7857142857142858,0.8700332812626231,0.782608695652174,PA_Bacteroides salyersiae,PA,Bacteroides salyersiae,Bacteroides salyersiae,bacteroides salyersiae,0.0,0.0,False,zero,104
OnlyFemale,LASSO_LogisticRegression,YuJ_2015,0.03,0.7857142857142858,0.8700332812626231,0.782608695652174,PA_Anaerotignum lactatifermentans,PA,Anaerotignum lactatifermentans,Anaerotignum lactatifermentans,anaerotignum lactatifermentans,0.0,0.0,False,zero,105
OnlyFemale,LASSO_LogisticRegression,YuJ_2015,0.03,0.7857142857142858,0.8700332812626231,0.782608695652174,PA_Klebsiella variicola,PA,Klebsiella variicola,Klebsiella variicola,klebsiella variicola,0.0,0.0,False,zero,106
OnlyFemale,LASSO_LogisticRegression,YuJ_2015,0.03,0.7857142857142858,0.8700332812626231,0.782608695652174,PA_Klebsiella pneumoniae,PA,Klebsiella pneumoniae,Klebsiella pneumoniae,klebsiella pneumoniae,0.0,0.0,False,zero,107
OnlyFemale,LASSO_LogisticRegression,YuJ_2015,0.03,0.7857142857142858,0.8700332812626231,0.782608695652174,PA_Klebsiella quasipneumoniae,PA,Klebsiella quasipneumoniae,Klebsiella quasipneumoniae,klebsiella quasipneumoniae,0.0,0.0,False,zero,108
OnlyFemale,LASSO_LogisticRegression,YuJ_2015,0.03,0.7857142857142858,0.8700332812626231,0.782608695652174,rCLR_Faecalibacterium prausnitzii,rCLR,Faecalibacterium prausnitzii,Faecalibacterium prausnitzii,faecalibacterium prausnitzii,0.0,0.0,False,zero,109
OnlyFemale,LASSO_LogisticRegression,YuJ_2015,0.03,0.7857142857142858,0.8700332812626231,0.782608695652174,rCLR_Streptococcus salivarius,rCLR,Streptococcus salivarius,Streptococcus salivarius,streptococcus salivarius,0.0,0.0,False,zero,110
OnlyFemale,LASSO_LogisticRegression,YuJ_2015,0.03,0.7857142857142858,0.8700332812626231,0.782608695652174,rCLR_Bacteroides stercoris,rCLR,Bacteroides stercoris,Bacteroides stercoris,bacteroides stercoris,0.0,0.0,False,zero,111
OnlyFemale,LASSO_LogisticRegression,YuJ_2015,0.03,0.7857142857142858,0.8700332812626231,0.782608695652174,rCLR_Collinsella aerofaciens,rCLR,Collinsella aerofaciens,Collinsella aerofaciens,collinsella aerofaciens,0.0,0.0,False,zero,112
OnlyFemale,LASSO_LogisticRegression,YuJ_2015,0.03,0.7857142857142858,0.8700332812626231,0.782608695652174,rCLR_Bifidobacterium longum,rCLR,Bifidobacterium longum,Bifidobacterium longum,bifidobacterium longum,0.0,0.0,False,zero,113
OnlyFemale,LASSO_LogisticRegression,YuJ_2015,0.03,0.7857142857142858,0.8700332812626231,0.782608695652174,rCLR_Phocaeicola plebeius,rCLR,Phocaeicola plebeius,Phocaeicola plebeius,phocaeicola plebeius,0.0,0.0,False,zero,114
OnlyFemale,LASSO_LogisticRegression,YuJ_2015,0.03,0.7857142857142858,0.8700332812626231,0.782608695652174,rCLR_Phocaeicola vulgatus,rCLR,Phocaeicola vulgatus,Phocaeicola vulgatus,phocaeicola vulgatus,0.0,0.0,False,zero,115
OnlyFemale,LASSO_LogisticRegression,YuJ_2015,0.03,0.7857142857142858,0.8700332812626231,0.782608695652174,rCLR_Dorea longicatena,rCLR,Dorea longicatena,Dorea longicatena,dorea longicatena,0.0,0.0,False,zero,116
OnlyFemale,LASSO_LogisticRegression,YuJ_2015,0.03,0.7857142857142858,0.8700332812626231,0.782608695652174,rCLR_Eubacterium sp. CAG:251,rCLR,Eubacterium sp. CAG:251,Eubacterium sp. CAG:251,eubacterium sp. cag:251,0.0,0.0,False,zero,117
OnlyFemale,LASSO_LogisticRegression,YuJ_2015,0.03,0.7857142857142858,0.8700332812626231,0.782608695652174,PA_Bacteroides caccae,PA,Bacteroides caccae,Bacteroides caccae,bacteroides caccae,0.0,0.0,False,zero,118
OnlyFemale,LASSO_LogisticRegression,YuJ_2015,0.03,0.7857142857142858,0.8700332812626231,0.782608695652174,PA_Paraprevotella xylaniphila,PA,Paraprevotella xylaniphila,Paraprevotella xylaniphila,paraprevotella xylaniphila,0.0,0.0,False,zero,119
OnlyFemale,LASSO_LogisticRegression,YuJ_2015,0.03,0.7857142857142858,0.8700332812626231,0.782608695652174,rCLR_Coprococcus comes,rCLR,Coprococcus comes,Coprococcus comes,coprococcus comes,0.0,0.0,False,zero,120
OnlyFemale,LASSO_LogisticRegression,YuJ_2015,0.03,0.7857142857142858,0.8700332812626231,0.782608695652174,rCLR_[Ruminococcus] torques,rCLR,[Ruminococcus] torques,[Ruminococcus] torques,[ruminococcus] torques,0.0,0.0,False,zero,121
OnlyFemale,LASSO_LogisticRegression,YuJ_2015,0.03,0.7857142857142858,0.8700332812626231,0.782608695652174,rCLR_Holdemanella biformis,rCLR,Holdemanella biformis,Holdemanella biformis,holdemanella biformis,0.0,0.0,False,zero,122
OnlyFemale,LASSO_LogisticRegression,YuJ_2015,0.03,0.7857142857142858,0.8700332812626231,0.782608695652174,rCLR_Anaerobutyricum hallii,rCLR,Anaerobutyricum hallii,Anaerobutyricum hallii,anaerobutyricum hallii,0.0,0.0,False,zero,123
OnlyFemale,LASSO_LogisticRegression,YuJ_2015,0.03,0.7857142857142858,0.8700332812626231,0.782608695652174,rCLR_Bacteroides uniformis,rCLR,Bacteroides uniformis,Bacteroides uniformis,bacteroides uniformis,0.0,0.0,False,zero,124
OnlyFemale,LASSO_LogisticRegression,YuJ_2015,0.03,0.7857142857142858,0.8700332812626231,0.782608695652174,rCLR_Blautia wexlerae,rCLR,Blautia wexlerae,Blautia wexlerae,blautia wexlerae,0.0,0.0,False,zero,125
OnlyFemale,LASSO_LogisticRegression,YuJ_2015,0.03,0.7857142857142858,0.8700332812626231,0.782608695652174,rCLR_Gemmiger formicilis,rCLR,Gemmiger formicilis,Gemmiger formicilis,gemmiger formicilis,0.0,0.0,False,zero,126
OnlyFemale,LASSO_LogisticRegression,YuJ_2015,0.03,0.7857142857142858,0.8700332812626231,0.782608695652174,rCLR_Streptococcus parasanguinis,rCLR,Streptococcus parasanguinis,Streptococcus parasanguinis,streptococcus parasanguinis,0.0,0.0,False,zero,127
OnlyFemale,LASSO_LogisticRegression,YuJ_2015,0.03,0.7857142857142858,0.8700332812626231,0.782608695652174,rCLR_Coprococcus eutactus,rCLR,Coprococcus eutactus,Coprococcus eutactus,coprococcus eutactus,0.0,0.0,False,zero,128
OnlyFemale,LASSO_LogisticRegression,YuJ_2015,0.03,0.7857142857142858,0.8700332812626231,0.782608695652174,rCLR_[Ruminococcus] lactaris,rCLR,[Ruminococcus] lactaris,[Ruminococcus] lactaris,[ruminococcus] lactaris,0.0,0.0,False,zero,129
OnlyFemale,LASSO_LogisticRegression,YuJ_2015,0.03,0.7857142857142858,0.8700332812626231,0.782608695652174,rCLR_Coprococcus catus,rCLR,Coprococcus catus,Coprococcus catus,coprococcus catus,0.0,0.0,False,zero,130
OnlyFemale,LASSO_LogisticRegression,YuJ_2015,0.03,0.7857142857142858,0.8700332812626231,0.782608695652174,rCLR_Roseburia intestinalis,rCLR,Roseburia intestinalis,Roseburia intestinalis,roseburia intestinalis,0.0,0.0,False,zero,131
OnlyFemale,LASSO_LogisticRegression,YuJ_2015,0.03,0.7857142857142858,0.8700332812626231,0.782608695652174,rCLR_Roseburia inulinivorans,rCLR,Roseburia inulinivorans,Roseburia inulinivorans,roseburia inulinivorans,0.0,0.0,False,zero,132
OnlyFemale,LASSO_LogisticRegression,YuJ_2015,0.03,0.7857142857142858,0.8700332812626231,0.782608695652174,rCLR_Phascolarctobacterium succinatutens,rCLR,Phascolarctobacterium succinatutens,Phascolarctobacterium succinatutens,phascolarctobacterium succinatutens,0.0,0.0,False,zero,133
OnlyFemale,LASSO_LogisticRegression,YuJ_2015,0.03,0.7857142857142858,0.8700332812626231,0.782608695652174,rCLR_[Eubacterium] rectale,rCLR,[Eubacterium] rectale,[Eubacterium] rectale,[eubacterium] rectale,0.0,0.0,False,zero,134
OnlyFemale,LASSO_LogisticRegression,YuJ_2015,0.03,0.7857142857142858,0.8700332812626231,0.782608695652174,rCLR_Blautia obeum,rCLR,Blautia obeum,Blautia obeum,blautia obeum,0.0,0.0,False,zero,135
OnlyFemale,LASSO_LogisticRegression,YuJ_2015,0.03,0.7857142857142858,0.8700332812626231,0.782608695652174,rCLR_Agathobaculum butyriciproducens,rCLR,Agathobaculum butyriciproducens,Agathobaculum butyriciproducens,agathobaculum butyriciproducens,0.0,0.0,False,zero,136
OnlyFemale,LASSO_LogisticRegression,YuJ_2015,0.03,0.7857142857142858,0.8700332812626231,0.782608695652174,rCLR_Bacteroides xylanisolvens,rCLR,Bacteroides xylanisolvens,Bacteroides xylanisolvens,bacteroides xylanisolvens,0.0,0.0,False,zero,137
OnlyFemale,LASSO_LogisticRegression,YuJ_2015,0.03,0.7857142857142858,0.8700332812626231,0.782608695652174,rCLR_Bacteroides ovatus,rCLR,Bacteroides ovatus,Bacteroides ovatus,bacteroides ovatus,0.0,0.0,False,zero,138
OnlyFemale,LASSO_LogisticRegression,YuJ_2015,0.03,0.7857142857142858,0.8700332812626231,0.782608695652174,rCLR_Bacteroides thetaiotaomicron,rCLR,Bacteroides thetaiotaomicron,Bacteroides thetaiotaomicron,bacteroides thetaiotaomicron,0.0,0.0,False,zero,139
OnlyFemale,LASSO_LogisticRegression,YuJ_2015,0.03,0.7857142857142858,0.8700332812626231,0.782608695652174,rCLR_Streptococcus thermophilus,rCLR,Streptococcus thermophilus,Streptococcus thermophilus,streptococcus thermophilus,0.0,0.0,False,zero,140
OnlyFemale,LASSO_LogisticRegression,YuJ_2015,0.03,0.7857142857142858,0.8700332812626231,0.782608695652174,rCLR_Eubacterium ramulus,rCLR,Eubacterium ramulus,Eubacterium ramulus,eubacterium ramulus,0.0,0.0,False,zero,141
OnlyFemale,LASSO_LogisticRegression,YuJ_2015,0.03,0.7857142857142858,0.8700332812626231,0.782608695652174,rCLR_Bifidobacterium adolescentis,rCLR,Bifidobacterium adolescentis,Bifidobacterium adolescentis,bifidobacterium adolescentis,0.0,0.0,False,zero,142
OnlyFemale,LASSO_LogisticRegression,YuJ_2015,0.03,0.7857142857142858,0.8700332812626231,0.782608695652174,rCLR_Eubacterium sp. CAG:274,rCLR,Eubacterium sp. CAG:274,Eubacterium sp. CAG:274,eubacterium sp. cag:274,0.0,0.0,False,zero,143
OnlyFemale,LASSO_LogisticRegression,YuJ_2015,0.03,0.7857142857142858,0.8700332812626231,0.782608695652174,rCLR_Eubacterium ventriosum,rCLR,Eubacterium ventriosum,Eubacterium ventriosum,eubacterium ventriosum,0.0,0.0,False,zero,144
OnlyFemale,LASSO_LogisticRegression,YuJ_2015,0.03,0.7857142857142858,0.8700332812626231,0.782608695652174,rCLR_Flavonifractor plautii,rCLR,Flavonifractor plautii,Flavonifractor plautii,flavonifractor plautii,0.0,0.0,False,zero,145
OnlyFemale,LASSO_LogisticRegression,YuJ_2015,0.03,0.7857142857142858,0.8700332812626231,0.782608695652174,rCLR_Oscillibacter sp. 57_20,rCLR,Oscillibacter sp. 57_20,Oscillibacter sp. 57 20,oscillibacter sp. 57 20,0.0,0.0,False,zero,146
OnlyFemale,LASSO_LogisticRegression,YuJ_2015,0.03,0.7857142857142858,0.8700332812626231,0.782608695652174,rCLR_Roseburia hominis,rCLR,Roseburia hominis,Roseburia hominis,roseburia hominis,0.0,0.0,False,zero,147
OnlyFemale,LASSO_LogisticRegression,YuJ_2015,0.03,0.7857142857142858,0.8700332812626231,0.782608695652174,rCLR_Alistipes finegoldii,rCLR,Alistipes finegoldii,Alistipes finegoldii,alistipes finegoldii,0.0,0.0,False,zero,148
OnlyFemale,LASSO_LogisticRegression,YuJ_2015,0.03,0.7857142857142858,0.8700332812626231,0.782608695652174,rCLR_Alistipes putredinis,rCLR,Alistipes putredinis,Alistipes putredinis,alistipes putredinis,0.0,0.0,False,zero,149
OnlyFemale,LASSO_LogisticRegression,YuJ_2015,0.03,0.7857142857142858,0.8700332812626231,0.782608695652174,rCLR_Fusicatenibacter saccharivorans,rCLR,Fusicatenibacter saccharivorans,Fusicatenibacter saccharivorans,fusicatenibacter saccharivorans,0.0,0.0,False,zero,150
OnlyFemale,LASSO_LogisticRegression,YuJ_2015,0.03,0.7857142857142858,0.8700332812626231,0.782608695652174,PA_Desulfovibrio piger,PA,Desulfovibrio piger,Desulfovibrio piger,desulfovibrio piger,0.0,0.0,False,zero,151
OnlyFemale,LASSO_LogisticRegression,YuJ_2015,0.03,0.7857142857142858,0.8700332812626231,0.782608695652174,rCLR_Ruminococcus bromii,rCLR,Ruminococcus bromii,Ruminococcus bromii,ruminococcus bromii,0.0,0.0,False,zero,152
OnlyFemale,LASSO_LogisticRegression,YuJ_2015,0.03,0.7857142857142858,0.8700332812626231,0.782608695652174,rCLR_Veillonella atypica,rCLR,Veillonella atypica,Veillonella atypica,veillonella atypica,0.0,0.0,False,zero,153
OnlyFemale,LASSO_LogisticRegression,YuJ_2015,0.03,0.7857142857142858,0.8700332812626231,0.782608695652174,rCLR_Lachnospira eligens,rCLR,Lachnospira eligens,Lachnospira eligens,lachnospira eligens,0.0,0.0,False,zero,154
OnlyFemale,LASSO_LogisticRegression,YuJ_2015,0.03,0.7857142857142858,0.8700332812626231,0.782608695652174,rCLR_Firmicutes bacterium CAG:83,rCLR,Firmicutes bacterium CAG:83,Firmicutes bacterium CAG:83,firmicutes bacterium cag:83,0.0,0.0,False,zero,155
OnlyFemale,LASSO_LogisticRegression,YuJ_2015,0.03,0.7857142857142858,0.8700332812626231,0.782608695652174,rCLR_Bacteroides eggerthii,rCLR,Bacteroides eggerthii,Bacteroides eggerthii,bacteroides eggerthii,0.0,0.0,False,zero,156
OnlyFemale,LASSO_LogisticRegression,YuJ_2015,0.03,0.7857142857142858,0.8700332812626231,0.782608695652174,rCLR_Roseburia faecis,rCLR,Roseburia faecis,Roseburia faecis,roseburia faecis,0.0,0.0,False,zero,157
OnlyFemale,LASSO_LogisticRegression,YuJ_2015,0.03,0.7857142857142858,0.8700332812626231,0.782608695652174,rCLR_Phocaeicola coprocola,rCLR,Phocaeicola coprocola,Phocaeicola coprocola,phocaeicola coprocola,0.0,0.0,False,zero,158
OnlyFemale,LASSO_LogisticRegression,YuJ_2015,0.03,0.7857142857142858,0.8700332812626231,0.782608695652174,rCLR_Veillonella parvula,rCLR,Veillonella parvula,Veillonella parvula,veillonella parvula,0.0,0.0,False,zero,159
OnlyFemale,LASSO_LogisticRegression,YuJ_2015,0.03,0.7857142857142858,0.8700332812626231,0.782608695652174,rCLR_Gordonibacter pamelaeae,rCLR,Gordonibacter pamelaeae,Gordonibacter pamelaeae,gordonibacter pamelaeae,0.0,0.0,False,zero,160
OnlyFemale,LASSO_LogisticRegression,YuJ_2015,0.03,0.7857142857142858,0.8700332812626231,0.782608695652174,rCLR_Eubacterium sp. CAG:180,rCLR,Eubacterium sp. CAG:180,Eubacterium sp. CAG:180,eubacterium sp. cag:180,0.0,0.0,False,zero,161
OnlyFemale,LASSO_LogisticRegression,YuJ_2015,0.03,0.7857142857142858,0.8700332812626231,0.782608695652174,rCLR_Parabacteroides merdae,rCLR,Parabacteroides merdae,Parabacteroides merdae,parabacteroides merdae,0.0,0.0,False,zero,162
OnlyFemale,LASSO_LogisticRegression,YuJ_2015,0.03,0.7857142857142858,0.8700332812626231,0.782608695652174,rCLR_Phocaeicola dorei,rCLR,Phocaeicola dorei,Phocaeicola dorei,phocaeicola dorei,0.0,0.0,False,zero,163
OnlyFemale,LASSO_LogisticRegression,YuJ_2015,0.03,0.7857142857142858,0.8700332812626231,0.782608695652174,rCLR_[Eubacterium] siraeum,rCLR,[Eubacterium] siraeum,[Eubacterium] siraeum,[eubacterium] siraeum,0.0,0.0,False,zero,164
OnlyFemale,LASSO_LogisticRegression,YuJ_2015,0.03,0.7857142857142858,0.8700332812626231,0.782608695652174,rCLR_Barnesiella intestinihominis,rCLR,Barnesiella intestinihominis,Barnesiella intestinihominis,barnesiella intestinihominis,0.0,0.0,False,zero,165
OnlyFemale,LASSO_LogisticRegression,YuJ_2015,0.03,0.7857142857142858,0.8700332812626231,0.782608695652174,rCLR_Methanobrevibacter smithii,rCLR,Methanobrevibacter smithii,Methanobrevibacter smithii,methanobrevibacter smithii,0.0,0.0,False,zero,166
OnlyFemale,LASSO_LogisticRegression,YuJ_2015,0.03,0.7857142857142858,0.8700332812626231,0.782608695652174,rCLR_[Ruminococcus] gnavus,rCLR,[Ruminococcus] gnavus,[Ruminococcus] gnavus,[ruminococcus] gnavus,0.0,0.0,False,zero,167
OnlyFemale,LASSO_LogisticRegression,YuJ_2015,0.03,0.7857142857142858,0.8700332812626231,0.782608695652174,rCLR_Firmicutes bacterium CAG:145,rCLR,Firmicutes bacterium CAG:145,Firmicutes bacterium CAG:145,firmicutes bacterium cag:145,0.0,0.0,False,zero,168
OnlyFemale,LASSO_LogisticRegression,YuJ_2015,0.03,0.7857142857142858,0.8700332812626231,0.782608695652174,rCLR_Bacteroides cellulosilyticus,rCLR,Bacteroides cellulosilyticus,Bacteroides cellulosilyticus,bacteroides cellulosilyticus,0.0,0.0,False,zero,169
OnlyFemale,LASSO_LogisticRegression,YuJ_2015,0.03,0.7857142857142858,0.8700332812626231,0.782608695652174,rCLR_Ruminococcus bicirculans,rCLR,Ruminococcus bicirculans,Ruminococcus bicirculans,ruminococcus bicirculans,0.0,0.0,False,zero,170
OnlyFemale,LASSO_LogisticRegression,YuJ_2015,0.03,0.7857142857142858,0.8700332812626231,0.782608695652174,rCLR_Adlercreutzia equolifaciens_1,rCLR,Adlercreutzia equolifaciens_1,Adlercreutzia equolifaciens 1,adlercreutzia equolifaciens 1,0.0,0.0,False,zero,171
OnlyFemale,LASSO_LogisticRegression,YuJ_2015,0.03,0.7857142857142858,0.8700332812626231,0.782608695652174,rCLR_Firmicutes bacterium CAG:110,rCLR,Firmicutes bacterium CAG:110,Firmicutes bacterium CAG:110,firmicutes bacterium cag:110,0.0,0.0,False,zero,172
OnlyFemale,LASSO_LogisticRegression,YuJ_2015,0.03,0.7857142857142858,0.8700332812626231,0.782608695652174,rCLR_Parabacteroides distasonis,rCLR,Parabacteroides distasonis,Parabacteroides distasonis,parabacteroides distasonis,0.0,0.0,False,zero,173
OnlyFemale,LASSO_LogisticRegression,YuJ_2015,0.03,0.7857142857142858,0.8700332812626231,0.782608695652174,rCLR_Odoribacter splanchnicus,rCLR,Odoribacter splanchnicus,Odoribacter splanchnicus,odoribacter splanchnicus,0.0,0.0,False,zero,174
OnlyFemale,LASSO_LogisticRegression,YuJ_2015,0.03,0.7857142857142858,0.8700332812626231,0.782608695652174,rCLR_Oscillibacter sp. CAG:241,rCLR,Oscillibacter sp. CAG:241,Oscillibacter sp. CAG:241,oscillibacter sp. cag:241,0.0,0.0,False,zero,175
OnlyFemale,LASSO_LogisticRegression,YuJ_2015,0.03,0.7857142857142858,0.8700332812626231,0.782608695652174,rCLR_Alistipes shahii,rCLR,Alistipes shahii,Alistipes shahii,alistipes shahii,0.0,0.0,False,zero,176
OnlyFemale,LASSO_LogisticRegression,YuJ_2015,0.03,0.7857142857142858,0.8700332812626231,0.782608695652174,rCLR_Eggerthella lenta,rCLR,Eggerthella lenta,Eggerthella lenta,eggerthella lenta,0.0,0.0,False,zero,177
OnlyFemale,LASSO_LogisticRegression,YuJ_2015,0.03,0.7857142857142858,0.8700332812626231,0.782608695652174,rCLR_Escherichia coli,rCLR,Escherichia coli,Escherichia coli,escherichia coli,0.0,0.0,False,zero,178
OnlyFemale,LASSO_LogisticRegression,YuJ_2015,0.03,0.7857142857142858,0.8700332812626231,0.782608695652174,rCLR_Butyricimonas virosa,rCLR,Butyricimonas virosa,Butyricimonas virosa,butyricimonas virosa,0.0,0.0,False,zero,179
OnlyFemale,LASSO_LogisticRegression,YuJ_2015,0.03,0.7857142857142858,0.8700332812626231,0.782608695652174,rCLR_Bacteroides sp. CAG:144,rCLR,Bacteroides sp. CAG:144,Bacteroides sp. CAG:144,bacteroides sp. cag:144,0.0,0.0,False,zero,180
OnlyFemale,LASSO_LogisticRegression,YuJ_2015,0.03,0.7857142857142858,0.8700332812626231,0.782608695652174,rCLR_Intestinibacter bartlettii,rCLR,Intestinibacter bartlettii,Intestinibacter bartlettii,intestinibacter bartlettii,0.0,0.0,False,zero,181
OnlyFemale,LASSO_LogisticRegression,YuJ_2015,0.03,0.7857142857142858,0.8700332812626231,0.782608695652174,rCLR_Erysipelatoclostridium ramosum,rCLR,Erysipelatoclostridium ramosum,Erysipelatoclostridium ramosum,erysipelatoclostridium ramosum,0.0,0.0,False,zero,182
OnlyFemale,LASSO_LogisticRegression,YuJ_2015,0.03,0.7857142857142858,0.8700332812626231,0.782608695652174,rCLR_Adlercreutzia equolifaciens,rCLR,Adlercreutzia equolifaciens,Adlercreutzia equolifaciens,adlercreutzia equolifaciens,0.0,0.0,False,zero,183
OnlyFemale,LASSO_LogisticRegression,YuJ_2015,0.03,0.7857142857142858,0.8700332812626231,0.782608695652174,rCLR_Slackia isoflavoniconvertens,rCLR,Slackia isoflavoniconvertens,Slackia isoflavoniconvertens,slackia isoflavoniconvertens,0.0,0.0,False,zero,184
OnlyFemale,LASSO_LogisticRegression,YuJ_2015,0.03,0.7857142857142858,0.8700332812626231,0.782608695652174,rCLR_Clostridium sp. CAG:58,rCLR,Clostridium sp. CAG:58,Clostridium sp. CAG:58,clostridium sp. cag:58,0.0,0.0,False,zero,185
OnlyFemale,LASSO_LogisticRegression,YuJ_2015,0.03,0.7857142857142858,0.8700332812626231,0.782608695652174,rCLR_Bacteroides intestinalis,rCLR,Bacteroides intestinalis,Bacteroides intestinalis,bacteroides intestinalis,0.0,0.0,False,zero,186
OnlyFemale,LASSO_LogisticRegression,YuJ_2015,0.03,0.7857142857142858,0.8700332812626231,0.782608695652174,rCLR_Akkermansia muciniphila,rCLR,Akkermansia muciniphila,Akkermansia muciniphila,akkermansia muciniphila,0.0,0.0,False,zero,187
OnlyFemale,LASSO_LogisticRegression,YuJ_2015,0.03,0.7857142857142858,0.8700332812626231,0.782608695652174,rCLR_Bifidobacterium pseudocatenulatum,rCLR,Bifidobacterium pseudocatenulatum,Bifidobacterium pseudocatenulatum,bifidobacterium pseudocatenulatum,0.0,0.0,False,zero,188
OnlyFemale,LASSO_LogisticRegression,YuJ_2015,0.03,0.7857142857142858,0.8700332812626231,0.782608695652174,rCLR_Eubacterium sp. CAG:38,rCLR,Eubacterium sp. CAG:38,Eubacterium sp. CAG:38,eubacterium sp. cag:38,0.0,0.0,False,zero,189
OnlyFemale,LASSO_LogisticRegression,YuJ_2015,0.03,0.7857142857142858,0.8700332812626231,0.782608695652174,rCLR_Bifidobacterium bifidum,rCLR,Bifidobacterium bifidum,Bifidobacterium bifidum,bifidobacterium bifidum,0.0,0.0,False,zero,190
OnlyFemale,LASSO_LogisticRegression,YuJ_2015,0.03,0.7857142857142858,0.8700332812626231,0.782608695652174,rCLR_Blautia sp. CAG:257,rCLR,Blautia sp. CAG:257,Blautia sp. CAG:257,blautia sp. cag:257,0.0,0.0,False,zero,191
OnlyFemale,LASSO_LogisticRegression,YuJ_2015,0.03,0.7857142857142858,0.8700332812626231,0.782608695652174,rCLR_Parasutterella excrementihominis,rCLR,Parasutterella excrementihominis,Parasutterella excrementihominis,parasutterella excrementihominis,0.0,0.0,False,zero,192
OnlyFemale,LASSO_LogisticRegression,YuJ_2015,0.03,0.7857142857142858,0.8700332812626231,0.782608695652174,rCLR_Proteobacteria bacterium CAG:139,rCLR,Proteobacteria bacterium CAG:139,Proteobacteria bacterium CAG:139,proteobacteria bacterium cag:139,0.0,0.0,False,zero,193
OnlyFemale,LASSO_LogisticRegression,YuJ_2015,0.03,0.7857142857142858,0.8700332812626231,0.782608695652174,rCLR_Lawsonibacter asaccharolyticus,rCLR,Lawsonibacter asaccharolyticus,Lawsonibacter asaccharolyticus,lawsonibacter asaccharolyticus,0.0,0.0,False,zero,194
OnlyFemale,LASSO_LogisticRegression,YuJ_2015,0.03,0.7857142857142858,0.8700332812626231,0.782608695652174,rCLR_Coprobacter fastidiosus,rCLR,Coprobacter fastidiosus,Coprobacter fastidiosus,coprobacter fastidiosus,0.0,0.0,False,zero,195
OnlyFemale,LASSO_LogisticRegression,YuJ_2015,0.03,0.7857142857142858,0.8700332812626231,0.782608695652174,rCLR_Alistipes inops,rCLR,Alistipes inops,Alistipes inops,alistipes inops,0.0,0.0,False,zero,196
OnlyFemale,LASSO_LogisticRegression,YuJ_2015,0.03,0.7857142857142858,0.8700332812626231,0.782608695652174,rCLR_Bacteroides finegoldii,rCLR,Bacteroides finegoldii,Bacteroides finegoldii,bacteroides finegoldii,0.0,0.0,False,zero,197
OnlyFemale,LASSO_LogisticRegression,YuJ_2015,0.03,0.7857142857142858,0.8700332812626231,0.782608695652174,rCLR_Paraprevotella xylaniphila,rCLR,Paraprevotella xylaniphila,Paraprevotella xylaniphila,paraprevotella xylaniphila,0.0,0.0,False,zero,198
OnlyFemale,LASSO_LogisticRegression,YuJ_2015,0.03,0.7857142857142858,0.8700332812626231,0.782608695652174,rCLR_Dialister invisus,rCLR,Dialister invisus,Dialister invisus,dialister invisus,0.0,0.0,False,zero,199
OnlyFemale,LASSO_LogisticRegression,YuJ_2015,0.03,0.7857142857142858,0.8700332812626231,0.782608695652174,rCLR_Enterocloster bolteae,rCLR,Enterocloster bolteae,Enterocloster bolteae,enterocloster bolteae,0.0,0.0,False,zero,200
OnlyFemale,LASSO_LogisticRegression,YuJ_2015,0.03,0.7857142857142858,0.8700332812626231,0.782608695652174,rCLR_Bacteroides caccae,rCLR,Bacteroides caccae,Bacteroides caccae,bacteroides caccae,0.0,0.0,False,zero,201
OnlyFemale,LASSO_LogisticRegression,YuJ_2015,0.03,0.7857142857142858,0.8700332812626231,0.782608695652174,rCLR_Desulfovibrio piger,rCLR,Desulfovibrio piger,Desulfovibrio piger,desulfovibrio piger,0.0,0.0,False,zero,202
OnlyFemale,LASSO_LogisticRegression,YuJ_2015,0.03,0.7857142857142858,0.8700332812626231,0.782608695652174,rCLR_Lachnospira pectinoschiza,rCLR,Lachnospira pectinoschiza,Lachnospira pectinoschiza,lachnospira pectinoschiza,0.0,0.0,False,zero,203
OnlyFemale,LASSO_LogisticRegression,YuJ_2015,0.03,0.7857142857142858,0.8700332812626231,0.782608695652174,rCLR_Prevotella copri,rCLR,Prevotella copri,Prevotella copri,prevotella copri,0.0,0.0,False,zero,204
OnlyFemale,LASSO_LogisticRegression,YuJ_2015,0.03,0.7857142857142858,0.8700332812626231,0.782608695652174,rCLR_Phocaeicola massiliensis,rCLR,Phocaeicola massiliensis,Phocaeicola massiliensis,phocaeicola massiliensis,0.0,0.0,False,zero,205
OnlyFemale,LASSO_LogisticRegression,YuJ_2015,0.03,0.7857142857142858,0.8700332812626231,0.782608695652174,rCLR_Megamonas funiformis,rCLR,Megamonas funiformis,Megamonas funiformis,megamonas funiformis,0.0,0.0,False,zero,206
OnlyFemale,LASSO_LogisticRegression,YuJ_2015,0.03,0.7857142857142858,0.8700332812626231,0.782608695652174,rCLR_Phascolarctobacterium faecium,rCLR,Phascolarctobacterium faecium,Phascolarctobacterium faecium,phascolarctobacterium faecium,0.0,0.0,False,zero,207
OnlyFemale,LASSO_LogisticRegression,YuJ_2015,0.03,0.7857142857142858,0.8700332812626231,0.782608695652174,rCLR_Acidaminococcus intestini,rCLR,Acidaminococcus intestini,Acidaminococcus intestini,acidaminococcus intestini,0.0,0.0,False,zero,208
OnlyFemale,LASSO_LogisticRegression,YuJ_2015,0.03,0.7857142857142858,0.8700332812626231,0.782608695652174,rCLR_Anaerotignum lactatifermentans,rCLR,Anaerotignum lactatifermentans,Anaerotignum lactatifermentans,anaerotignum lactatifermentans,0.0,0.0,False,zero,209
OnlyFemale,LASSO_LogisticRegression,YuJ_2015,0.03,0.7857142857142858,0.8700332812626231,0.782608695652174,rCLR_Bacteroides salyersiae,rCLR,Bacteroides salyersiae,Bacteroides salyersiae,bacteroides salyersiae,0.0,0.0,False,zero,210
OnlyFemale,LASSO_LogisticRegression,YuJ_2015,0.03,0.7857142857142858,0.8700332812626231,0.782608695652174,rCLR_Parvimonas micra,rCLR,Parvimonas micra,Parvimonas micra,parvimonas micra,0.0,0.0,False,zero,211
OnlyFemale,LASSO_LogisticRegression,YuJ_2015,0.03,0.7857142857142858,0.8700332812626231,0.782608695652174,rCLR_Klebsiella pneumoniae,rCLR,Klebsiella pneumoniae,Klebsiella pneumoniae,klebsiella pneumoniae,0.0,0.0,False,zero,212
OnlyFemale,LASSO_LogisticRegression,YuJ_2015,0.03,0.7857142857142858,0.8700332812626231,0.782608695652174,rCLR_Klebsiella variicola,rCLR,Klebsiella variicola,Klebsiella variicola,klebsiella variicola,0.0,0.0,False,zero,213
OnlyFemale,LASSO_LogisticRegression,YuJ_2015,0.03,0.7857142857142858,0.8700332812626231,0.782608695652174,rCLR_Klebsiella quasipneumoniae,rCLR,Klebsiella quasipneumoniae,Klebsiella quasipneumoniae,klebsiella quasipneumoniae,0.0,0.0,False,zero,214
OnlyFemale,LASSO_LogisticRegression,YuJ_2015,0.03,0.7857142857142858,0.8700332812626231,0.782608695652174,Age,covariate,Age,Age,age,0.0,0.0,False,zero,215
OnlyFemale,LASSO_LogisticRegression,ZellerG_2014,0.03,0.4393939393939394,0.46581138273630873,0.41509433962264153,PA_Parvimonas micra,PA,Parvimonas micra,Parvimonas micra,parvimonas micra,0.35503657238320085,0.35503657238320085,True,CRC-associated,1
OnlyFemale,LASSO_LogisticRegression,ZellerG_2014,0.03,0.4393939393939394,0.46581138273630873,0.41509433962264153,rCLR_Dorea formicigenerans,rCLR,Dorea formicigenerans,Dorea formicigenerans,dorea formicigenerans,0.13251140641799858,0.13251140641799858,True,CRC-associated,2
OnlyFemale,LASSO_LogisticRegression,ZellerG_2014,0.03,0.4393939393939394,0.46581138273630873,0.41509433962264153,PA_Flavonifractor plautii,PA,Flavonifractor plautii,Flavonifractor plautii,flavonifractor plautii,0.009577847226651344,0.009577847226651344,True,CRC-associated,3
OnlyFemale,LASSO_LogisticRegression,ZellerG_2014,0.03,0.4393939393939394,0.46581138273630873,0.41509433962264153,rCLR_Ruthenibacterium lactatiformans,rCLR,Ruthenibacterium lactatiformans,Ruthenibacterium lactatiformans,ruthenibacterium lactatiformans,0.0018156606042003278,0.0018156606042003278,True,CRC-associated,4
OnlyFemale,LASSO_LogisticRegression,ZellerG_2014,0.03,0.4393939393939394,0.46581138273630873,0.41509433962264153,PA_Bacteroides stercoris,PA,Bacteroides stercoris,Bacteroides stercoris,bacteroides stercoris,0.0,0.0,False,zero,5
OnlyFemale,LASSO_LogisticRegression,ZellerG_2014,0.03,0.4393939393939394,0.46581138273630873,0.41509433962264153,PA_Streptococcus salivarius,PA,Streptococcus salivarius,Streptococcus salivarius,streptococcus salivarius,0.0,0.0,False,zero,6
OnlyFemale,LASSO_LogisticRegression,ZellerG_2014,0.03,0.4393939393939394,0.46581138273630873,0.41509433962264153,PA_Faecalibacterium prausnitzii,PA,Faecalibacterium prausnitzii,Faecalibacterium prausnitzii,faecalibacterium prausnitzii,0.0,0.0,False,zero,7
OnlyFemale,LASSO_LogisticRegression,ZellerG_2014,0.03,0.4393939393939394,0.46581138273630873,0.41509433962264153,PA_Phocaeicola vulgatus,PA,Phocaeicola vulgatus,Phocaeicola vulgatus,phocaeicola vulgatus,0.0,0.0,False,zero,8
OnlyFemale,LASSO_LogisticRegression,ZellerG_2014,0.03,0.4393939393939394,0.46581138273630873,0.41509433962264153,PA_Dorea longicatena,PA,Dorea longicatena,Dorea longicatena,dorea longicatena,0.0,0.0,False,zero,9
OnlyFemale,LASSO_LogisticRegression,ZellerG_2014,0.03,0.4393939393939394,0.46581138273630873,0.41509433962264153,PA_Eubacterium sp. CAG:251,PA,Eubacterium sp. CAG:251,Eubacterium sp. CAG:251,eubacterium sp. cag:251,0.0,0.0,False,zero,10
OnlyFemale,LASSO_LogisticRegression,ZellerG_2014,0.03,0.4393939393939394,0.46581138273630873,0.41509433962264153,PA_Fusicatenibacter saccharivorans,PA,Fusicatenibacter saccharivorans,Fusicatenibacter saccharivorans,fusicatenibacter saccharivorans,0.0,0.0,False,zero,11
OnlyFemale,LASSO_LogisticRegression,ZellerG_2014,0.03,0.4393939393939394,0.46581138273630873,0.41509433962264153,PA_Coprococcus comes,PA,Coprococcus comes,Coprococcus comes,coprococcus comes,0.0,0.0,False,zero,12
OnlyFemale,LASSO_LogisticRegression,ZellerG_2014,0.03,0.4393939393939394,0.46581138273630873,0.41509433962264153,PA_[Ruminococcus] torques,PA,[Ruminococcus] torques,[Ruminococcus] torques,[ruminococcus] torques,0.0,0.0,False,zero,13
OnlyFemale,LASSO_LogisticRegression,ZellerG_2014,0.03,0.4393939393939394,0.46581138273630873,0.41509433962264153,PA_Anaerobutyricum hallii,PA,Anaerobutyricum hallii,Anaerobutyricum hallii,anaerobutyricum hallii,0.0,0.0,False,zero,14
OnlyFemale,LASSO_LogisticRegression,ZellerG_2014,0.03,0.4393939393939394,0.46581138273630873,0.41509433962264153,PA_Holdemanella biformis,PA,Holdemanella biformis,Holdemanella biformis,holdemanella biformis,0.0,0.0,False,zero,15
OnlyFemale,LASSO_LogisticRegression,ZellerG_2014,0.03,0.4393939393939394,0.46581138273630873,0.41509433962264153,PA_Bacteroides uniformis,PA,Bacteroides uniformis,Bacteroides uniformis,bacteroides uniformis,0.0,0.0,False,zero,16
OnlyFemale,LASSO_LogisticRegression,ZellerG_2014,0.03,0.4393939393939394,0.46581138273630873,0.41509433962264153,PA_Blautia wexlerae,PA,Blautia wexlerae,Blautia wexlerae,blautia wexlerae,0.0,0.0,False,zero,17
OnlyFemale,LASSO_LogisticRegression,ZellerG_2014,0.03,0.4393939393939394,0.46581138273630873,0.41509433962264153,PA_Gemmiger formicilis,PA,Gemmiger formicilis,Gemmiger formicilis,gemmiger formicilis,0.0,0.0,False,zero,18
OnlyFemale,LASSO_LogisticRegression,ZellerG_2014,0.03,0.4393939393939394,0.46581138273630873,0.41509433962264153,PA_Dorea formicigenerans,PA,Dorea formicigenerans,Dorea formicigenerans,dorea formicigenerans,0.0,0.0,False,zero,19
OnlyFemale,LASSO_LogisticRegression,ZellerG_2014,0.03,0.4393939393939394,0.46581138273630873,0.41509433962264153,PA_Streptococcus parasanguinis,PA,Streptococcus parasanguinis,Streptococcus parasanguinis,streptococcus parasanguinis,0.0,0.0,False,zero,20
OnlyFemale,LASSO_LogisticRegression,ZellerG_2014,0.03,0.4393939393939394,0.46581138273630873,0.41509433962264153,PA_Collinsella aerofaciens,PA,Collinsella aerofaciens,Collinsella aerofaciens,collinsella aerofaciens,0.0,0.0,False,zero,21
OnlyFemale,LASSO_LogisticRegression,ZellerG_2014,0.03,0.4393939393939394,0.46581138273630873,0.41509433962264153,PA_Bifidobacterium longum,PA,Bifidobacterium longum,Bifidobacterium longum,bifidobacterium longum,0.0,0.0,False,zero,22
OnlyFemale,LASSO_LogisticRegression,ZellerG_2014,0.03,0.4393939393939394,0.46581138273630873,0.41509433962264153,PA_Anaerostipes hadrus,PA,Anaerostipes hadrus,Anaerostipes hadrus,anaerostipes hadrus,0.0,0.0,False,zero,23
OnlyFemale,LASSO_LogisticRegression,ZellerG_2014,0.03,0.4393939393939394,0.46581138273630873,0.41509433962264153,PA_Coprococcus catus,PA,Coprococcus catus,Coprococcus catus,coprococcus catus,0.0,0.0,False,zero,24
OnlyFemale,LASSO_LogisticRegression,ZellerG_2014,0.03,0.4393939393939394,0.46581138273630873,0.41509433962264153,PA_Roseburia intestinalis,PA,Roseburia intestinalis,Roseburia intestinalis,roseburia intestinalis,0.0,0.0,False,zero,25
OnlyFemale,LASSO_LogisticRegression,ZellerG_2014,0.03,0.4393939393939394,0.46581138273630873,0.41509433962264153,PA_Phascolarctobacterium succinatutens,PA,Phascolarctobacterium succinatutens,Phascolarctobacterium succinatutens,phascolarctobacterium succinatutens,0.0,0.0,False,zero,26
OnlyFemale,LASSO_LogisticRegression,ZellerG_2014,0.03,0.4393939393939394,0.46581138273630873,0.41509433962264153,PA_Roseburia inulinivorans,PA,Roseburia inulinivorans,Roseburia inulinivorans,roseburia inulinivorans,0.0,0.0,False,zero,27
OnlyFemale,LASSO_LogisticRegression,ZellerG_2014,0.03,0.4393939393939394,0.46581138273630873,0.41509433962264153,PA_Blautia obeum,PA,Blautia obeum,Blautia obeum,blautia obeum,0.0,0.0,False,zero,28
OnlyFemale,LASSO_LogisticRegression,ZellerG_2014,0.03,0.4393939393939394,0.46581138273630873,0.41509433962264153,PA_Agathobaculum butyriciproducens,PA,Agathobaculum butyriciproducens,Agathobaculum butyriciproducens,agathobaculum butyriciproducens,0.0,0.0,False,zero,29
OnlyFemale,LASSO_LogisticRegression,ZellerG_2014,0.03,0.4393939393939394,0.46581138273630873,0.41509433962264153,PA_Bacteroides xylanisolvens,PA,Bacteroides xylanisolvens,Bacteroides xylanisolvens,bacteroides xylanisolvens,0.0,0.0,False,zero,30
OnlyFemale,LASSO_LogisticRegression,ZellerG_2014,0.03,0.4393939393939394,0.46581138273630873,0.41509433962264153,PA_[Eubacterium] rectale,PA,[Eubacterium] rectale,[Eubacterium] rectale,[eubacterium] rectale,0.0,0.0,False,zero,31
OnlyFemale,LASSO_LogisticRegression,ZellerG_2014,0.03,0.4393939393939394,0.46581138273630873,0.41509433962264153,PA_Bacteroides ovatus,PA,Bacteroides ovatus,Bacteroides ovatus,bacteroides ovatus,0.0,0.0,False,zero,32
OnlyFemale,LASSO_LogisticRegression,ZellerG_2014,0.03,0.4393939393939394,0.46581138273630873,0.41509433962264153,PA_Bacteroides thetaiotaomicron,PA,Bacteroides thetaiotaomicron,Bacteroides thetaiotaomicron,bacteroides thetaiotaomicron,0.0,0.0,False,zero,33
OnlyFemale,LASSO_LogisticRegression,ZellerG_2014,0.03,0.4393939393939394,0.46581138273630873,0.41509433962264153,PA_Eubacterium ramulus,PA,Eubacterium ramulus,Eubacterium ramulus,eubacterium ramulus,0.0,0.0,False,zero,34
OnlyFemale,LASSO_LogisticRegression,ZellerG_2014,0.03,0.4393939393939394,0.46581138273630873,0.41509433962264153,PA_Streptococcus thermophilus,PA,Streptococcus thermophilus,Streptococcus thermophilus,streptococcus thermophilus,0.0,0.0,False,zero,35
OnlyFemale,LASSO_LogisticRegression,ZellerG_2014,0.03,0.4393939393939394,0.46581138273630873,0.41509433962264153,PA_Bifidobacterium adolescentis,PA,Bifidobacterium adolescentis,Bifidobacterium adolescentis,bifidobacterium adolescentis,0.0,0.0,False,zero,36
OnlyFemale,LASSO_LogisticRegression,ZellerG_2014,0.03,0.4393939393939394,0.46581138273630873,0.41509433962264153,PA_Eubacterium sp. CAG:274,PA,Eubacterium sp. CAG:274,Eubacterium sp. CAG:274,eubacterium sp. cag:274,0.0,0.0,False,zero,37
OnlyFemale,LASSO_LogisticRegression,ZellerG_2014,0.03,0.4393939393939394,0.46581138273630873,0.41509433962264153,PA_Eubacterium ventriosum,PA,Eubacterium ventriosum,Eubacterium ventriosum,eubacterium ventriosum,0.0,0.0,False,zero,38
OnlyFemale,LASSO_LogisticRegression,ZellerG_2014,0.03,0.4393939393939394,0.46581138273630873,0.41509433962264153,PA_Oscillibacter sp. 57_20,PA,Oscillibacter sp. 57_20,Oscillibacter sp. 57 20,oscillibacter sp. 57 20,0.0,0.0,False,zero,39
OnlyFemale,LASSO_LogisticRegression,ZellerG_2014,0.03,0.4393939393939394,0.46581138273630873,0.41509433962264153,PA_Roseburia hominis,PA,Roseburia hominis,Roseburia hominis,roseburia hominis,0.0,0.0,False,zero,40
OnlyFemale,LASSO_LogisticRegression,ZellerG_2014,0.03,0.4393939393939394,0.46581138273630873,0.41509433962264153,PA_Alistipes finegoldii,PA,Alistipes finegoldii,Alistipes finegoldii,alistipes finegoldii,0.0,0.0,False,zero,41
OnlyFemale,LASSO_LogisticRegression,ZellerG_2014,0.03,0.4393939393939394,0.46581138273630873,0.41509433962264153,PA_Alistipes putredinis,PA,Alistipes putredinis,Alistipes putredinis,alistipes putredinis,0.0,0.0,False,zero,42
OnlyFemale,LASSO_LogisticRegression,ZellerG_2014,0.03,0.4393939393939394,0.46581138273630873,0.41509433962264153,PA_Veillonella atypica,PA,Veillonella atypica,Veillonella atypica,veillonella atypica,0.0,0.0,False,zero,43
OnlyFemale,LASSO_LogisticRegression,ZellerG_2014,0.03,0.4393939393939394,0.46581138273630873,0.41509433962264153,PA_Ruminococcus bromii,PA,Ruminococcus bromii,Ruminococcus bromii,ruminococcus bromii,0.0,0.0,False,zero,44
OnlyFemale,LASSO_LogisticRegression,ZellerG_2014,0.03,0.4393939393939394,0.46581138273630873,0.41509433962264153,PA_Firmicutes bacterium CAG:83,PA,Firmicutes bacterium CAG:83,Firmicutes bacterium CAG:83,firmicutes bacterium cag:83,0.0,0.0,False,zero,45
OnlyFemale,LASSO_LogisticRegression,ZellerG_2014,0.03,0.4393939393939394,0.46581138273630873,0.41509433962264153,PA_Veillonella parvula,PA,Veillonella parvula,Veillonella parvula,veillonella parvula,0.0,0.0,False,zero,46
OnlyFemale,LASSO_LogisticRegression,ZellerG_2014,0.03,0.4393939393939394,0.46581138273630873,0.41509433962264153,PA_Lachnospira eligens,PA,Lachnospira eligens,Lachnospira eligens,lachnospira eligens,0.0,0.0,False,zero,47
OnlyFemale,LASSO_LogisticRegression,ZellerG_2014,0.03,0.4393939393939394,0.46581138273630873,0.41509433962264153,PA_[Ruminococcus] gnavus,PA,[Ruminococcus] gnavus,[Ruminococcus] gnavus,[ruminococcus] gnavus,0.0,0.0,False,zero,48
OnlyFemale,LASSO_LogisticRegression,ZellerG_2014,0.03,0.4393939393939394,0.46581138273630873,0.41509433962264153,PA_Bacteroides eggerthii,PA,Bacteroides eggerthii,Bacteroides eggerthii,bacteroides eggerthii,0.0,0.0,False,zero,49
OnlyFemale,LASSO_LogisticRegression,ZellerG_2014,0.03,0.4393939393939394,0.46581138273630873,0.41509433962264153,PA_Roseburia faecis,PA,Roseburia faecis,Roseburia faecis,roseburia faecis,0.0,0.0,False,zero,50
OnlyFemale,LASSO_LogisticRegression,ZellerG_2014,0.03,0.4393939393939394,0.46581138273630873,0.41509433962264153,PA_Phocaeicola coprocola,PA,Phocaeicola coprocola,Phocaeicola coprocola,phocaeicola coprocola,0.0,0.0,False,zero,51
OnlyFemale,LASSO_LogisticRegression,ZellerG_2014,0.03,0.4393939393939394,0.46581138273630873,0.41509433962264153,PA_Adlercreutzia equolifaciens,PA,Adlercreutzia equolifaciens,Adlercreutzia equolifaciens,adlercreutzia equolifaciens,0.0,0.0,False,zero,52
OnlyFemale,LASSO_LogisticRegression,ZellerG_2014,0.03,0.4393939393939394,0.46581138273630873,0.41509433962264153,PA_Gordonibacter pamelaeae,PA,Gordonibacter pamelaeae,Gordonibacter pamelaeae,gordonibacter pamelaeae,0.0,0.0,False,zero,53
OnlyFemale,LASSO_LogisticRegression,ZellerG_2014,0.03,0.4393939393939394,0.46581138273630873,0.41509433962264153,PA_Eubacterium sp. CAG:180,PA,Eubacterium sp. CAG:180,Eubacterium sp. CAG:180,eubacterium sp. cag:180,0.0,0.0,False,zero,54
OnlyFemale,LASSO_LogisticRegression,ZellerG_2014,0.03,0.4393939393939394,0.46581138273630873,0.41509433962264153,PA_Parabacteroides merdae,PA,Parabacteroides merdae,Parabacteroides merdae,parabacteroides merdae,0.0,0.0,False,zero,55
OnlyFemale,LASSO_LogisticRegression,ZellerG_2014,0.03,0.4393939393939394,0.46581138273630873,0.41509433962264153,PA_Phocaeicola dorei,PA,Phocaeicola dorei,Phocaeicola dorei,phocaeicola dorei,0.0,0.0,False,zero,56
OnlyFemale,LASSO_LogisticRegression,ZellerG_2014,0.03,0.4393939393939394,0.46581138273630873,0.41509433962264153,PA_[Eubacterium] siraeum,PA,[Eubacterium] siraeum,[Eubacterium] siraeum,[eubacterium] siraeum,0.0,0.0,False,zero,57
OnlyFemale,LASSO_LogisticRegression,ZellerG_2014,0.03,0.4393939393939394,0.46581138273630873,0.41509433962264153,PA_Barnesiella intestinihominis,PA,Barnesiella intestinihominis,Barnesiella intestinihominis,barnesiella intestinihominis,0.0,0.0,False,zero,58
OnlyFemale,LASSO_LogisticRegression,ZellerG_2014,0.03,0.4393939393939394,0.46581138273630873,0.41509433962264153,PA_Methanobrevibacter smithii,PA,Methanobrevibacter smithii,Methanobrevibacter smithii,methanobrevibacter smithii,0.0,0.0,False,zero,59
OnlyFemale,LASSO_LogisticRegression,ZellerG_2014,0.03,0.4393939393939394,0.46581138273630873,0.41509433962264153,PA_Firmicutes bacterium CAG:145,PA,Firmicutes bacterium CAG:145,Firmicutes bacterium CAG:145,firmicutes bacterium cag:145,0.0,0.0,False,zero,60
OnlyFemale,LASSO_LogisticRegression,ZellerG_2014,0.03,0.4393939393939394,0.46581138273630873,0.41509433962264153,PA_Bacteroides cellulosilyticus,PA,Bacteroides cellulosilyticus,Bacteroides cellulosilyticus,bacteroides cellulosilyticus,0.0,0.0,False,zero,61
OnlyFemale,LASSO_LogisticRegression,ZellerG_2014,0.03,0.4393939393939394,0.46581138273630873,0.41509433962264153,PA_Adlercreutzia equolifaciens_1,PA,Adlercreutzia equolifaciens_1,Adlercreutzia equolifaciens 1,adlercreutzia equolifaciens 1,0.0,0.0,False,zero,62
OnlyFemale,LASSO_LogisticRegression,ZellerG_2014,0.03,0.4393939393939394,0.46581138273630873,0.41509433962264153,PA_Ruminococcus bicirculans,PA,Ruminococcus bicirculans,Ruminococcus bicirculans,ruminococcus bicirculans,0.0,0.0,False,zero,63
OnlyFemale,LASSO_LogisticRegression,ZellerG_2014,0.03,0.4393939393939394,0.46581138273630873,0.41509433962264153,PA_Firmicutes bacterium CAG:110,PA,Firmicutes bacterium CAG:110,Firmicutes bacterium CAG:110,firmicutes bacterium cag:110,0.0,0.0,False,zero,64
OnlyFemale,LASSO_LogisticRegression,ZellerG_2014,0.03,0.4393939393939394,0.46581138273630873,0.41509433962264153,PA_Parabacteroides distasonis,PA,Parabacteroides distasonis,Parabacteroides distasonis,parabacteroides distasonis,0.0,0.0,False,zero,65
OnlyFemale,LASSO_LogisticRegression,ZellerG_2014,0.03,0.4393939393939394,0.46581138273630873,0.41509433962264153,PA_Ruthenibacterium lactatiformans,PA,Ruthenibacterium lactatiformans,Ruthenibacterium lactatiformans,ruthenibacterium lactatiformans,0.0,0.0,False,zero,66
OnlyFemale,LASSO_LogisticRegression,ZellerG_2014,0.03,0.4393939393939394,0.46581138273630873,0.41509433962264153,PA_Odoribacter splanchnicus,PA,Odoribacter splanchnicus,Odoribacter splanchnicus,odoribacter splanchnicus,0.0,0.0,False,zero,67
OnlyFemale,LASSO_LogisticRegression,ZellerG_2014,0.03,0.4393939393939394,0.46581138273630873,0.41509433962264153,PA_Oscillibacter sp. CAG:241,PA,Oscillibacter sp. CAG:241,Oscillibacter sp. CAG:241,oscillibacter sp. cag:241,0.0,0.0,False,zero,68
OnlyFemale,LASSO_LogisticRegression,ZellerG_2014,0.03,0.4393939393939394,0.46581138273630873,0.41509433962264153,PA_Alistipes shahii,PA,Alistipes shahii,Alistipes shahii,alistipes shahii,0.0,0.0,False,zero,69
OnlyFemale,LASSO_LogisticRegression,ZellerG_2014,0.03,0.4393939393939394,0.46581138273630873,0.41509433962264153,PA_Eggerthella lenta,PA,Eggerthella lenta,Eggerthella lenta,eggerthella lenta,0.0,0.0,False,zero,70
OnlyFemale,LASSO_LogisticRegression,ZellerG_2014,0.03,0.4393939393939394,0.46581138273630873,0.41509433962264153,PA_Escherichia coli,PA,Escherichia coli,Escherichia coli,escherichia coli,0.0,0.0,False,zero,71
OnlyFemale,LASSO_LogisticRegression,ZellerG_2014,0.03,0.4393939393939394,0.46581138273630873,0.41509433962264153,PA_Butyricimonas virosa,PA,Butyricimonas virosa,Butyricimonas virosa,butyricimonas virosa,0.0,0.0,False,zero,72
OnlyFemale,LASSO_LogisticRegression,ZellerG_2014,0.03,0.4393939393939394,0.46581138273630873,0.41509433962264153,PA_Bacteroides sp. CAG:144,PA,Bacteroides sp. CAG:144,Bacteroides sp. CAG:144,bacteroides sp. cag:144,0.0,0.0,False,zero,73
OnlyFemale,LASSO_LogisticRegression,ZellerG_2014,0.03,0.4393939393939394,0.46581138273630873,0.41509433962264153,PA_Intestinibacter bartlettii,PA,Intestinibacter bartlettii,Intestinibacter bartlettii,intestinibacter bartlettii,0.0,0.0,False,zero,74
OnlyFemale,LASSO_LogisticRegression,ZellerG_2014,0.03,0.4393939393939394,0.46581138273630873,0.41509433962264153,PA_Erysipelatoclostridium ramosum,PA,Erysipelatoclostridium ramosum,Erysipelatoclostridium ramosum,erysipelatoclostridium ramosum,0.0,0.0,False,zero,75
OnlyFemale,LASSO_LogisticRegression,ZellerG_2014,0.03,0.4393939393939394,0.46581138273630873,0.41509433962264153,PA_Slackia isoflavoniconvertens,PA,Slackia isoflavoniconvertens,Slackia isoflavoniconvertens,slackia isoflavoniconvertens,0.0,0.0,False,zero,76
OnlyFemale,LASSO_LogisticRegression,ZellerG_2014,0.03,0.4393939393939394,0.46581138273630873,0.41509433962264153,PA_Clostridium sp. CAG:58,PA,Clostridium sp. CAG:58,Clostridium sp. CAG:58,clostridium sp. cag:58,0.0,0.0,False,zero,77
OnlyFemale,LASSO_LogisticRegression,ZellerG_2014,0.03,0.4393939393939394,0.46581138273630873,0.41509433962264153,PA_Akkermansia muciniphila,PA,Akkermansia muciniphila,Akkermansia muciniphila,akkermansia muciniphila,0.0,0.0,False,zero,78
OnlyFemale,LASSO_LogisticRegression,ZellerG_2014,0.03,0.4393939393939394,0.46581138273630873,0.41509433962264153,PA_Bacteroides intestinalis,PA,Bacteroides intestinalis,Bacteroides intestinalis,bacteroides intestinalis,0.0,0.0,False,zero,79
OnlyFemale,LASSO_LogisticRegression,ZellerG_2014,0.03,0.4393939393939394,0.46581138273630873,0.41509433962264153,PA_Bifidobacterium pseudocatenulatum,PA,Bifidobacterium pseudocatenulatum,Bifidobacterium pseudocatenulatum,bifidobacterium pseudocatenulatum,0.0,0.0,False,zero,80
OnlyFemale,LASSO_LogisticRegression,ZellerG_2014,0.03,0.4393939393939394,0.46581138273630873,0.41509433962264153,PA_Eubacterium sp. CAG:38,PA,Eubacterium sp. CAG:38,Eubacterium sp. CAG:38,eubacterium sp. cag:38,0.0,0.0,False,zero,81
OnlyFemale,LASSO_LogisticRegression,ZellerG_2014,0.03,0.4393939393939394,0.46581138273630873,0.41509433962264153,PA_Bacteroides fragilis,PA,Bacteroides fragilis,Bacteroides fragilis,bacteroides fragilis,0.0,0.0,False,zero,82
OnlyFemale,LASSO_LogisticRegression,ZellerG_2014,0.03,0.4393939393939394,0.46581138273630873,0.41509433962264153,PA_Bifidobacterium bifidum,PA,Bifidobacterium bifidum,Bifidobacterium bifidum,bifidobacterium bifidum,0.0,0.0,False,zero,83
OnlyFemale,LASSO_LogisticRegression,ZellerG_2014,0.03,0.4393939393939394,0.46581138273630873,0.41509433962264153,PA_Blautia sp. CAG:257,PA,Blautia sp. CAG:257,Blautia sp. CAG:257,blautia sp. cag:257,0.0,0.0,False,zero,84
OnlyFemale,LASSO_LogisticRegression,ZellerG_2014,0.03,0.4393939393939394,0.46581138273630873,0.41509433962264153,PA_Coprococcus eutactus,PA,Coprococcus eutactus,Coprococcus eutactus,coprococcus eutactus,0.0,0.0,False,zero,85
OnlyFemale,LASSO_LogisticRegression,ZellerG_2014,0.03,0.4393939393939394,0.46581138273630873,0.41509433962264153,PA_[Ruminococcus] lactaris,PA,[Ruminococcus] lactaris,[Ruminococcus] lactaris,[ruminococcus] lactaris,0.0,0.0,False,zero,86
OnlyFemale,LASSO_LogisticRegression,ZellerG_2014,0.03,0.4393939393939394,0.46581138273630873,0.41509433962264153,PA_Phocaeicola plebeius,PA,Phocaeicola plebeius,Phocaeicola plebeius,phocaeicola plebeius,0.0,0.0,False,zero,87
OnlyFemale,LASSO_LogisticRegression,ZellerG_2014,0.03,0.4393939393939394,0.46581138273630873,0.41509433962264153,PA_Lawsonibacter asaccharolyticus,PA,Lawsonibacter asaccharolyticus,Lawsonibacter asaccharolyticus,lawsonibacter asaccharolyticus,0.0,0.0,False,zero,88
OnlyFemale,LASSO_LogisticRegression,ZellerG_2014,0.03,0.4393939393939394,0.46581138273630873,0.41509433962264153,PA_Proteobacteria bacterium CAG:139,PA,Proteobacteria bacterium CAG:139,Proteobacteria bacterium CAG:139,proteobacteria bacterium cag:139,0.0,0.0,False,zero,89
OnlyFemale,LASSO_LogisticRegression,ZellerG_2014,0.03,0.4393939393939394,0.46581138273630873,0.41509433962264153,PA_Parasutterella excrementihominis,PA,Parasutterella excrementihominis,Parasutterella excrementihominis,parasutterella excrementihominis,0.0,0.0,False,zero,90
OnlyFemale,LASSO_LogisticRegression,ZellerG_2014,0.03,0.4393939393939394,0.46581138273630873,0.41509433962264153,PA_Bacteroides finegoldii,PA,Bacteroides finegoldii,Bacteroides finegoldii,bacteroides finegoldii,0.0,0.0,False,zero,91
OnlyFemale,LASSO_LogisticRegression,ZellerG_2014,0.03,0.4393939393939394,0.46581138273630873,0.41509433962264153,PA_Dialister invisus,PA,Dialister invisus,Dialister invisus,dialister invisus,0.0,0.0,False,zero,92
OnlyFemale,LASSO_LogisticRegression,ZellerG_2014,0.03,0.4393939393939394,0.46581138273630873,0.41509433962264153,PA_Enterocloster bolteae,PA,Enterocloster bolteae,Enterocloster bolteae,enterocloster bolteae,0.0,0.0,False,zero,93
OnlyFemale,LASSO_LogisticRegression,ZellerG_2014,0.03,0.4393939393939394,0.46581138273630873,0.41509433962264153,PA_Bacteroides caccae,PA,Bacteroides caccae,Bacteroides caccae,bacteroides caccae,0.0,0.0,False,zero,94
OnlyFemale,LASSO_LogisticRegression,ZellerG_2014,0.03,0.4393939393939394,0.46581138273630873,0.41509433962264153,PA_Coprobacter fastidiosus,PA,Coprobacter fastidiosus,Coprobacter fastidiosus,coprobacter fastidiosus,0.0,0.0,False,zero,95
OnlyFemale,LASSO_LogisticRegression,ZellerG_2014,0.03,0.4393939393939394,0.46581138273630873,0.41509433962264153,PA_Lachnospira pectinoschiza,PA,Lachnospira pectinoschiza,Lachnospira pectinoschiza,lachnospira pectinoschiza,0.0,0.0,False,zero,96
OnlyFemale,LASSO_LogisticRegression,ZellerG_2014,0.03,0.4393939393939394,0.46581138273630873,0.41509433962264153,PA_Prevotella copri,PA,Prevotella copri,Prevotella copri,prevotella copri,0.0,0.0,False,zero,97
OnlyFemale,LASSO_LogisticRegression,ZellerG_2014,0.03,0.4393939393939394,0.46581138273630873,0.41509433962264153,PA_Phocaeicola massiliensis,PA,Phocaeicola massiliensis,Phocaeicola massiliensis,phocaeicola massiliensis,0.0,0.0,False,zero,98
OnlyFemale,LASSO_LogisticRegression,ZellerG_2014,0.03,0.4393939393939394,0.46581138273630873,0.41509433962264153,PA_Megamonas funiformis,PA,Megamonas funiformis,Megamonas funiformis,megamonas funiformis,0.0,0.0,False,zero,99
OnlyFemale,LASSO_LogisticRegression,ZellerG_2014,0.03,0.4393939393939394,0.46581138273630873,0.41509433962264153,PA_Phascolarctobacterium faecium,PA,Phascolarctobacterium faecium,Phascolarctobacterium faecium,phascolarctobacterium faecium,0.0,0.0,False,zero,100
OnlyFemale,LASSO_LogisticRegression,ZellerG_2014,0.03,0.4393939393939394,0.46581138273630873,0.41509433962264153,PA_Acidaminococcus intestini,PA,Acidaminococcus intestini,Acidaminococcus intestini,acidaminococcus intestini,0.0,0.0,False,zero,101
OnlyFemale,LASSO_LogisticRegression,ZellerG_2014,0.03,0.4393939393939394,0.46581138273630873,0.41509433962264153,PA_Anaerotignum lactatifermentans,PA,Anaerotignum lactatifermentans,Anaerotignum lactatifermentans,anaerotignum lactatifermentans,0.0,0.0,False,zero,102
OnlyFemale,LASSO_LogisticRegression,ZellerG_2014,0.03,0.4393939393939394,0.46581138273630873,0.41509433962264153,PA_Alistipes inops,PA,Alistipes inops,Alistipes inops,alistipes inops,0.0,0.0,False,zero,103
OnlyFemale,LASSO_LogisticRegression,ZellerG_2014,0.03,0.4393939393939394,0.46581138273630873,0.41509433962264153,PA_Bacteroides salyersiae,PA,Bacteroides salyersiae,Bacteroides salyersiae,bacteroides salyersiae,0.0,0.0,False,zero,104
OnlyFemale,LASSO_LogisticRegression,ZellerG_2014,0.03,0.4393939393939394,0.46581138273630873,0.41509433962264153,PA_Klebsiella pneumoniae,PA,Klebsiella pneumoniae,Klebsiella pneumoniae,klebsiella pneumoniae,0.0,0.0,False,zero,105
OnlyFemale,LASSO_LogisticRegression,ZellerG_2014,0.03,0.4393939393939394,0.46581138273630873,0.41509433962264153,PA_Klebsiella variicola,PA,Klebsiella variicola,Klebsiella variicola,klebsiella variicola,0.0,0.0,False,zero,106
OnlyFemale,LASSO_LogisticRegression,ZellerG_2014,0.03,0.4393939393939394,0.46581138273630873,0.41509433962264153,PA_Klebsiella quasipneumoniae,PA,Klebsiella quasipneumoniae,Klebsiella quasipneumoniae,klebsiella quasipneumoniae,0.0,0.0,False,zero,107
OnlyFemale,LASSO_LogisticRegression,ZellerG_2014,0.03,0.4393939393939394,0.46581138273630873,0.41509433962264153,rCLR_Faecalibacterium prausnitzii,rCLR,Faecalibacterium prausnitzii,Faecalibacterium prausnitzii,faecalibacterium prausnitzii,0.0,0.0,False,zero,108
OnlyFemale,LASSO_LogisticRegression,ZellerG_2014,0.03,0.4393939393939394,0.46581138273630873,0.41509433962264153,rCLR_Streptococcus salivarius,rCLR,Streptococcus salivarius,Streptococcus salivarius,streptococcus salivarius,0.0,0.0,False,zero,109
OnlyFemale,LASSO_LogisticRegression,ZellerG_2014,0.03,0.4393939393939394,0.46581138273630873,0.41509433962264153,rCLR_Anaerostipes hadrus,rCLR,Anaerostipes hadrus,Anaerostipes hadrus,anaerostipes hadrus,0.0,0.0,False,zero,110
OnlyFemale,LASSO_LogisticRegression,ZellerG_2014,0.03,0.4393939393939394,0.46581138273630873,0.41509433962264153,rCLR_Bacteroides stercoris,rCLR,Bacteroides stercoris,Bacteroides stercoris,bacteroides stercoris,0.0,0.0,False,zero,111
OnlyFemale,LASSO_LogisticRegression,ZellerG_2014,0.03,0.4393939393939394,0.46581138273630873,0.41509433962264153,rCLR_Collinsella aerofaciens,rCLR,Collinsella aerofaciens,Collinsella aerofaciens,collinsella aerofaciens,0.0,0.0,False,zero,112
OnlyFemale,LASSO_LogisticRegression,ZellerG_2014,0.03,0.4393939393939394,0.46581138273630873,0.41509433962264153,rCLR_Bifidobacterium longum,rCLR,Bifidobacterium longum,Bifidobacterium longum,bifidobacterium longum,0.0,0.0,False,zero,113
OnlyFemale,LASSO_LogisticRegression,ZellerG_2014,0.03,0.4393939393939394,0.46581138273630873,0.41509433962264153,rCLR_Phocaeicola plebeius,rCLR,Phocaeicola plebeius,Phocaeicola plebeius,phocaeicola plebeius,0.0,0.0,False,zero,114
OnlyFemale,LASSO_LogisticRegression,ZellerG_2014,0.03,0.4393939393939394,0.46581138273630873,0.41509433962264153,rCLR_Phocaeicola vulgatus,rCLR,Phocaeicola vulgatus,Phocaeicola vulgatus,phocaeicola vulgatus,0.0,0.0,False,zero,115
OnlyFemale,LASSO_LogisticRegression,ZellerG_2014,0.03,0.4393939393939394,0.46581138273630873,0.41509433962264153,rCLR_Dorea longicatena,rCLR,Dorea longicatena,Dorea longicatena,dorea longicatena,0.0,0.0,False,zero,116
OnlyFemale,LASSO_LogisticRegression,ZellerG_2014,0.03,0.4393939393939394,0.46581138273630873,0.41509433962264153,rCLR_Eubacterium sp. CAG:251,rCLR,Eubacterium sp. CAG:251,Eubacterium sp. CAG:251,eubacterium sp. cag:251,0.0,0.0,False,zero,117
OnlyFemale,LASSO_LogisticRegression,ZellerG_2014,0.03,0.4393939393939394,0.46581138273630873,0.41509433962264153,rCLR_Fusicatenibacter saccharivorans,rCLR,Fusicatenibacter saccharivorans,Fusicatenibacter saccharivorans,fusicatenibacter saccharivorans,0.0,0.0,False,zero,118
OnlyFemale,LASSO_LogisticRegression,ZellerG_2014,0.03,0.4393939393939394,0.46581138273630873,0.41509433962264153,PA_Paraprevotella xylaniphila,PA,Paraprevotella xylaniphila,Paraprevotella xylaniphila,paraprevotella xylaniphila,0.0,0.0,False,zero,119
OnlyFemale,LASSO_LogisticRegression,ZellerG_2014,0.03,0.4393939393939394,0.46581138273630873,0.41509433962264153,rCLR_Coprococcus comes,rCLR,Coprococcus comes,Coprococcus comes,coprococcus comes,0.0,0.0,False,zero,120
OnlyFemale,LASSO_LogisticRegression,ZellerG_2014,0.03,0.4393939393939394,0.46581138273630873,0.41509433962264153,rCLR_[Ruminococcus] torques,rCLR,[Ruminococcus] torques,[Ruminococcus] torques,[ruminococcus] torques,0.0,0.0,False,zero,121
OnlyFemale,LASSO_LogisticRegression,ZellerG_2014,0.03,0.4393939393939394,0.46581138273630873,0.41509433962264153,rCLR_Holdemanella biformis,rCLR,Holdemanella biformis,Holdemanella biformis,holdemanella biformis,0.0,0.0,False,zero,122
OnlyFemale,LASSO_LogisticRegression,ZellerG_2014,0.03,0.4393939393939394,0.46581138273630873,0.41509433962264153,rCLR_Anaerobutyricum hallii,rCLR,Anaerobutyricum hallii,Anaerobutyricum hallii,anaerobutyricum hallii,0.0,0.0,False,zero,123
OnlyFemale,LASSO_LogisticRegression,ZellerG_2014,0.03,0.4393939393939394,0.46581138273630873,0.41509433962264153,rCLR_Bacteroides uniformis,rCLR,Bacteroides uniformis,Bacteroides uniformis,bacteroides uniformis,0.0,0.0,False,zero,124
OnlyFemale,LASSO_LogisticRegression,ZellerG_2014,0.03,0.4393939393939394,0.46581138273630873,0.41509433962264153,rCLR_Blautia wexlerae,rCLR,Blautia wexlerae,Blautia wexlerae,blautia wexlerae,0.0,0.0,False,zero,125
OnlyFemale,LASSO_LogisticRegression,ZellerG_2014,0.03,0.4393939393939394,0.46581138273630873,0.41509433962264153,rCLR_Gemmiger formicilis,rCLR,Gemmiger formicilis,Gemmiger formicilis,gemmiger formicilis,0.0,0.0,False,zero,126
OnlyFemale,LASSO_LogisticRegression,ZellerG_2014,0.03,0.4393939393939394,0.46581138273630873,0.41509433962264153,rCLR_Streptococcus parasanguinis,rCLR,Streptococcus parasanguinis,Streptococcus parasanguinis,streptococcus parasanguinis,0.0,0.0,False,zero,127
OnlyFemale,LASSO_LogisticRegression,ZellerG_2014,0.03,0.4393939393939394,0.46581138273630873,0.41509433962264153,rCLR_Coprococcus eutactus,rCLR,Coprococcus eutactus,Coprococcus eutactus,coprococcus eutactus,0.0,0.0,False,zero,128
OnlyFemale,LASSO_LogisticRegression,ZellerG_2014,0.03,0.4393939393939394,0.46581138273630873,0.41509433962264153,rCLR_[Ruminococcus] lactaris,rCLR,[Ruminococcus] lactaris,[Ruminococcus] lactaris,[ruminococcus] lactaris,0.0,0.0,False,zero,129
OnlyFemale,LASSO_LogisticRegression,ZellerG_2014,0.03,0.4393939393939394,0.46581138273630873,0.41509433962264153,rCLR_Coprococcus catus,rCLR,Coprococcus catus,Coprococcus catus,coprococcus catus,0.0,0.0,False,zero,130
OnlyFemale,LASSO_LogisticRegression,ZellerG_2014,0.03,0.4393939393939394,0.46581138273630873,0.41509433962264153,rCLR_Roseburia intestinalis,rCLR,Roseburia intestinalis,Roseburia intestinalis,roseburia intestinalis,0.0,0.0,False,zero,131
OnlyFemale,LASSO_LogisticRegression,ZellerG_2014,0.03,0.4393939393939394,0.46581138273630873,0.41509433962264153,rCLR_Roseburia inulinivorans,rCLR,Roseburia inulinivorans,Roseburia inulinivorans,roseburia inulinivorans,0.0,0.0,False,zero,132
OnlyFemale,LASSO_LogisticRegression,ZellerG_2014,0.03,0.4393939393939394,0.46581138273630873,0.41509433962264153,rCLR_Phascolarctobacterium succinatutens,rCLR,Phascolarctobacterium succinatutens,Phascolarctobacterium succinatutens,phascolarctobacterium succinatutens,0.0,0.0,False,zero,133
OnlyFemale,LASSO_LogisticRegression,ZellerG_2014,0.03,0.4393939393939394,0.46581138273630873,0.41509433962264153,rCLR_[Eubacterium] rectale,rCLR,[Eubacterium] rectale,[Eubacterium] rectale,[eubacterium] rectale,0.0,0.0,False,zero,134
OnlyFemale,LASSO_LogisticRegression,ZellerG_2014,0.03,0.4393939393939394,0.46581138273630873,0.41509433962264153,rCLR_Blautia obeum,rCLR,Blautia obeum,Blautia obeum,blautia obeum,0.0,0.0,False,zero,135
OnlyFemale,LASSO_LogisticRegression,ZellerG_2014,0.03,0.4393939393939394,0.46581138273630873,0.41509433962264153,rCLR_Agathobaculum butyriciproducens,rCLR,Agathobaculum butyriciproducens,Agathobaculum butyriciproducens,agathobaculum butyriciproducens,0.0,0.0,False,zero,136
OnlyFemale,LASSO_LogisticRegression,ZellerG_2014,0.03,0.4393939393939394,0.46581138273630873,0.41509433962264153,rCLR_Bacteroides xylanisolvens,rCLR,Bacteroides xylanisolvens,Bacteroides xylanisolvens,bacteroides xylanisolvens,0.0,0.0,False,zero,137
OnlyFemale,LASSO_LogisticRegression,ZellerG_2014,0.03,0.4393939393939394,0.46581138273630873,0.41509433962264153,rCLR_Bacteroides ovatus,rCLR,Bacteroides ovatus,Bacteroides ovatus,bacteroides ovatus,0.0,0.0,False,zero,138
OnlyFemale,LASSO_LogisticRegression,ZellerG_2014,0.03,0.4393939393939394,0.46581138273630873,0.41509433962264153,rCLR_Bacteroides thetaiotaomicron,rCLR,Bacteroides thetaiotaomicron,Bacteroides thetaiotaomicron,bacteroides thetaiotaomicron,0.0,0.0,False,zero,139
OnlyFemale,LASSO_LogisticRegression,ZellerG_2014,0.03,0.4393939393939394,0.46581138273630873,0.41509433962264153,rCLR_Streptococcus thermophilus,rCLR,Streptococcus thermophilus,Streptococcus thermophilus,streptococcus thermophilus,0.0,0.0,False,zero,140
OnlyFemale,LASSO_LogisticRegression,ZellerG_2014,0.03,0.4393939393939394,0.46581138273630873,0.41509433962264153,rCLR_Eubacterium ramulus,rCLR,Eubacterium ramulus,Eubacterium ramulus,eubacterium ramulus,0.0,0.0,False,zero,141
OnlyFemale,LASSO_LogisticRegression,ZellerG_2014,0.03,0.4393939393939394,0.46581138273630873,0.41509433962264153,rCLR_Bifidobacterium adolescentis,rCLR,Bifidobacterium adolescentis,Bifidobacterium adolescentis,bifidobacterium adolescentis,0.0,0.0,False,zero,142
OnlyFemale,LASSO_LogisticRegression,ZellerG_2014,0.03,0.4393939393939394,0.46581138273630873,0.41509433962264153,rCLR_Eubacterium sp. CAG:274,rCLR,Eubacterium sp. CAG:274,Eubacterium sp. CAG:274,eubacterium sp. cag:274,0.0,0.0,False,zero,143
OnlyFemale,LASSO_LogisticRegression,ZellerG_2014,0.03,0.4393939393939394,0.46581138273630873,0.41509433962264153,rCLR_Eubacterium ventriosum,rCLR,Eubacterium ventriosum,Eubacterium ventriosum,eubacterium ventriosum,0.0,0.0,False,zero,144
OnlyFemale,LASSO_LogisticRegression,ZellerG_2014,0.03,0.4393939393939394,0.46581138273630873,0.41509433962264153,rCLR_Flavonifractor plautii,rCLR,Flavonifractor plautii,Flavonifractor plautii,flavonifractor plautii,0.0,0.0,False,zero,145
OnlyFemale,LASSO_LogisticRegression,ZellerG_2014,0.03,0.4393939393939394,0.46581138273630873,0.41509433962264153,rCLR_Oscillibacter sp. 57_20,rCLR,Oscillibacter sp. 57_20,Oscillibacter sp. 57 20,oscillibacter sp. 57 20,0.0,0.0,False,zero,146
OnlyFemale,LASSO_LogisticRegression,ZellerG_2014,0.03,0.4393939393939394,0.46581138273630873,0.41509433962264153,rCLR_Roseburia hominis,rCLR,Roseburia hominis,Roseburia hominis,roseburia hominis,0.0,0.0,False,zero,147
OnlyFemale,LASSO_LogisticRegression,ZellerG_2014,0.03,0.4393939393939394,0.46581138273630873,0.41509433962264153,rCLR_Alistipes finegoldii,rCLR,Alistipes finegoldii,Alistipes finegoldii,alistipes finegoldii,0.0,0.0,False,zero,148
OnlyFemale,LASSO_LogisticRegression,ZellerG_2014,0.03,0.4393939393939394,0.46581138273630873,0.41509433962264153,rCLR_Alistipes putredinis,rCLR,Alistipes putredinis,Alistipes putredinis,alistipes putredinis,0.0,0.0,False,zero,149
OnlyFemale,LASSO_LogisticRegression,ZellerG_2014,0.03,0.4393939393939394,0.46581138273630873,0.41509433962264153,rCLR_Veillonella atypica,rCLR,Veillonella atypica,Veillonella atypica,veillonella atypica,0.0,0.0,False,zero,150
OnlyFemale,LASSO_LogisticRegression,ZellerG_2014,0.03,0.4393939393939394,0.46581138273630873,0.41509433962264153,PA_Desulfovibrio piger,PA,Desulfovibrio piger,Desulfovibrio piger,desulfovibrio piger,0.0,0.0,False,zero,151
OnlyFemale,LASSO_LogisticRegression,ZellerG_2014,0.03,0.4393939393939394,0.46581138273630873,0.41509433962264153,rCLR_Ruminococcus bromii,rCLR,Ruminococcus bromii,Ruminococcus bromii,ruminococcus bromii,0.0,0.0,False,zero,152
OnlyFemale,LASSO_LogisticRegression,ZellerG_2014,0.03,0.4393939393939394,0.46581138273630873,0.41509433962264153,rCLR_Firmicutes bacterium CAG:83,rCLR,Firmicutes bacterium CAG:83,Firmicutes bacterium CAG:83,firmicutes bacterium cag:83,0.0,0.0,False,zero,153
OnlyFemale,LASSO_LogisticRegression,ZellerG_2014,0.03,0.4393939393939394,0.46581138273630873,0.41509433962264153,rCLR_Lachnospira eligens,rCLR,Lachnospira eligens,Lachnospira eligens,lachnospira eligens,0.0,0.0,False,zero,154
OnlyFemale,LASSO_LogisticRegression,ZellerG_2014,0.03,0.4393939393939394,0.46581138273630873,0.41509433962264153,rCLR_Veillonella parvula,rCLR,Veillonella parvula,Veillonella parvula,veillonella parvula,0.0,0.0,False,zero,155
OnlyFemale,LASSO_LogisticRegression,ZellerG_2014,0.03,0.4393939393939394,0.46581138273630873,0.41509433962264153,rCLR_Bacteroides eggerthii,rCLR,Bacteroides eggerthii,Bacteroides eggerthii,bacteroides eggerthii,0.0,0.0,False,zero,156
OnlyFemale,LASSO_LogisticRegression,ZellerG_2014,0.03,0.4393939393939394,0.46581138273630873,0.41509433962264153,rCLR_Roseburia faecis,rCLR,Roseburia faecis,Roseburia faecis,roseburia faecis,0.0,0.0,False,zero,157
OnlyFemale,LASSO_LogisticRegression,ZellerG_2014,0.03,0.4393939393939394,0.46581138273630873,0.41509433962264153,rCLR_Phocaeicola coprocola,rCLR,Phocaeicola coprocola,Phocaeicola coprocola,phocaeicola coprocola,0.0,0.0,False,zero,158
OnlyFemale,LASSO_LogisticRegression,ZellerG_2014,0.03,0.4393939393939394,0.46581138273630873,0.41509433962264153,rCLR_[Ruminococcus] gnavus,rCLR,[Ruminococcus] gnavus,[Ruminococcus] gnavus,[ruminococcus] gnavus,0.0,0.0,False,zero,159
OnlyFemale,LASSO_LogisticRegression,ZellerG_2014,0.03,0.4393939393939394,0.46581138273630873,0.41509433962264153,rCLR_Gordonibacter pamelaeae,rCLR,Gordonibacter pamelaeae,Gordonibacter pamelaeae,gordonibacter pamelaeae,0.0,0.0,False,zero,160
OnlyFemale,LASSO_LogisticRegression,ZellerG_2014,0.03,0.4393939393939394,0.46581138273630873,0.41509433962264153,rCLR_Eubacterium sp. CAG:180,rCLR,Eubacterium sp. CAG:180,Eubacterium sp. CAG:180,eubacterium sp. cag:180,0.0,0.0,False,zero,161
OnlyFemale,LASSO_LogisticRegression,ZellerG_2014,0.03,0.4393939393939394,0.46581138273630873,0.41509433962264153,rCLR_Parabacteroides merdae,rCLR,Parabacteroides merdae,Parabacteroides merdae,parabacteroides merdae,0.0,0.0,False,zero,162
OnlyFemale,LASSO_LogisticRegression,ZellerG_2014,0.03,0.4393939393939394,0.46581138273630873,0.41509433962264153,rCLR_Phocaeicola dorei,rCLR,Phocaeicola dorei,Phocaeicola dorei,phocaeicola dorei,0.0,0.0,False,zero,163
OnlyFemale,LASSO_LogisticRegression,ZellerG_2014,0.03,0.4393939393939394,0.46581138273630873,0.41509433962264153,rCLR_[Eubacterium] siraeum,rCLR,[Eubacterium] siraeum,[Eubacterium] siraeum,[eubacterium] siraeum,0.0,0.0,False,zero,164
OnlyFemale,LASSO_LogisticRegression,ZellerG_2014,0.03,0.4393939393939394,0.46581138273630873,0.41509433962264153,rCLR_Barnesiella intestinihominis,rCLR,Barnesiella intestinihominis,Barnesiella intestinihominis,barnesiella intestinihominis,0.0,0.0,False,zero,165
OnlyFemale,LASSO_LogisticRegression,ZellerG_2014,0.03,0.4393939393939394,0.46581138273630873,0.41509433962264153,rCLR_Methanobrevibacter smithii,rCLR,Methanobrevibacter smithii,Methanobrevibacter smithii,methanobrevibacter smithii,0.0,0.0,False,zero,166
OnlyFemale,LASSO_LogisticRegression,ZellerG_2014,0.03,0.4393939393939394,0.46581138273630873,0.41509433962264153,rCLR_Adlercreutzia equolifaciens,rCLR,Adlercreutzia equolifaciens,Adlercreutzia equolifaciens,adlercreutzia equolifaciens,0.0,0.0,False,zero,167
OnlyFemale,LASSO_LogisticRegression,ZellerG_2014,0.03,0.4393939393939394,0.46581138273630873,0.41509433962264153,rCLR_Firmicutes bacterium CAG:145,rCLR,Firmicutes bacterium CAG:145,Firmicutes bacterium CAG:145,firmicutes bacterium cag:145,0.0,0.0,False,zero,168
OnlyFemale,LASSO_LogisticRegression,ZellerG_2014,0.03,0.4393939393939394,0.46581138273630873,0.41509433962264153,rCLR_Bacteroides cellulosilyticus,rCLR,Bacteroides cellulosilyticus,Bacteroides cellulosilyticus,bacteroides cellulosilyticus,0.0,0.0,False,zero,169
OnlyFemale,LASSO_LogisticRegression,ZellerG_2014,0.03,0.4393939393939394,0.46581138273630873,0.41509433962264153,rCLR_Ruminococcus bicirculans,rCLR,Ruminococcus bicirculans,Ruminococcus bicirculans,ruminococcus bicirculans,0.0,0.0,False,zero,170
OnlyFemale,LASSO_LogisticRegression,ZellerG_2014,0.03,0.4393939393939394,0.46581138273630873,0.41509433962264153,rCLR_Adlercreutzia equolifaciens_1,rCLR,Adlercreutzia equolifaciens_1,Adlercreutzia equolifaciens 1,adlercreutzia equolifaciens 1,0.0,0.0,False,zero,171
OnlyFemale,LASSO_LogisticRegression,ZellerG_2014,0.03,0.4393939393939394,0.46581138273630873,0.41509433962264153,rCLR_Firmicutes bacterium CAG:110,rCLR,Firmicutes bacterium CAG:110,Firmicutes bacterium CAG:110,firmicutes bacterium cag:110,0.0,0.0,False,zero,172
OnlyFemale,LASSO_LogisticRegression,ZellerG_2014,0.03,0.4393939393939394,0.46581138273630873,0.41509433962264153,rCLR_Parabacteroides distasonis,rCLR,Parabacteroides distasonis,Parabacteroides distasonis,parabacteroides distasonis,0.0,0.0,False,zero,173
OnlyFemale,LASSO_LogisticRegression,ZellerG_2014,0.03,0.4393939393939394,0.46581138273630873,0.41509433962264153,rCLR_Odoribacter splanchnicus,rCLR,Odoribacter splanchnicus,Odoribacter splanchnicus,odoribacter splanchnicus,0.0,0.0,False,zero,174
OnlyFemale,LASSO_LogisticRegression,ZellerG_2014,0.03,0.4393939393939394,0.46581138273630873,0.41509433962264153,rCLR_Oscillibacter sp. CAG:241,rCLR,Oscillibacter sp. CAG:241,Oscillibacter sp. CAG:241,oscillibacter sp. cag:241,0.0,0.0,False,zero,175
OnlyFemale,LASSO_LogisticRegression,ZellerG_2014,0.03,0.4393939393939394,0.46581138273630873,0.41509433962264153,rCLR_Alistipes shahii,rCLR,Alistipes shahii,Alistipes shahii,alistipes shahii,0.0,0.0,False,zero,176
OnlyFemale,LASSO_LogisticRegression,ZellerG_2014,0.03,0.4393939393939394,0.46581138273630873,0.41509433962264153,rCLR_Eggerthella lenta,rCLR,Eggerthella lenta,Eggerthella lenta,eggerthella lenta,0.0,0.0,False,zero,177
OnlyFemale,LASSO_LogisticRegression,ZellerG_2014,0.03,0.4393939393939394,0.46581138273630873,0.41509433962264153,rCLR_Escherichia coli,rCLR,Escherichia coli,Escherichia coli,escherichia coli,0.0,0.0,False,zero,178
OnlyFemale,LASSO_LogisticRegression,ZellerG_2014,0.03,0.4393939393939394,0.46581138273630873,0.41509433962264153,rCLR_Butyricimonas virosa,rCLR,Butyricimonas virosa,Butyricimonas virosa,butyricimonas virosa,0.0,0.0,False,zero,179
OnlyFemale,LASSO_LogisticRegression,ZellerG_2014,0.03,0.4393939393939394,0.46581138273630873,0.41509433962264153,rCLR_Bacteroides sp. CAG:144,rCLR,Bacteroides sp. CAG:144,Bacteroides sp. CAG:144,bacteroides sp. cag:144,0.0,0.0,False,zero,180
OnlyFemale,LASSO_LogisticRegression,ZellerG_2014,0.03,0.4393939393939394,0.46581138273630873,0.41509433962264153,rCLR_Intestinibacter bartlettii,rCLR,Intestinibacter bartlettii,Intestinibacter bartlettii,intestinibacter bartlettii,0.0,0.0,False,zero,181
OnlyFemale,LASSO_LogisticRegression,ZellerG_2014,0.03,0.4393939393939394,0.46581138273630873,0.41509433962264153,rCLR_Erysipelatoclostridium ramosum,rCLR,Erysipelatoclostridium ramosum,Erysipelatoclostridium ramosum,erysipelatoclostridium ramosum,0.0,0.0,False,zero,182
OnlyFemale,LASSO_LogisticRegression,ZellerG_2014,0.03,0.4393939393939394,0.46581138273630873,0.41509433962264153,rCLR_Slackia isoflavoniconvertens,rCLR,Slackia isoflavoniconvertens,Slackia isoflavoniconvertens,slackia isoflavoniconvertens,0.0,0.0,False,zero,183
OnlyFemale,LASSO_LogisticRegression,ZellerG_2014,0.03,0.4393939393939394,0.46581138273630873,0.41509433962264153,rCLR_Clostridium sp. CAG:58,rCLR,Clostridium sp. CAG:58,Clostridium sp. CAG:58,clostridium sp. cag:58,0.0,0.0,False,zero,184
OnlyFemale,LASSO_LogisticRegression,ZellerG_2014,0.03,0.4393939393939394,0.46581138273630873,0.41509433962264153,rCLR_Akkermansia muciniphila,rCLR,Akkermansia muciniphila,Akkermansia muciniphila,akkermansia muciniphila,0.0,0.0,False,zero,185
OnlyFemale,LASSO_LogisticRegression,ZellerG_2014,0.03,0.4393939393939394,0.46581138273630873,0.41509433962264153,rCLR_Bacteroides intestinalis,rCLR,Bacteroides intestinalis,Bacteroides intestinalis,bacteroides intestinalis,0.0,0.0,False,zero,186
OnlyFemale,LASSO_LogisticRegression,ZellerG_2014,0.03,0.4393939393939394,0.46581138273630873,0.41509433962264153,rCLR_Bifidobacterium pseudocatenulatum,rCLR,Bifidobacterium pseudocatenulatum,Bifidobacterium pseudocatenulatum,bifidobacterium pseudocatenulatum,0.0,0.0,False,zero,187
OnlyFemale,LASSO_LogisticRegression,ZellerG_2014,0.03,0.4393939393939394,0.46581138273630873,0.41509433962264153,rCLR_Eubacterium sp. CAG:38,rCLR,Eubacterium sp. CAG:38,Eubacterium sp. CAG:38,eubacterium sp. cag:38,0.0,0.0,False,zero,188
OnlyFemale,LASSO_LogisticRegression,ZellerG_2014,0.03,0.4393939393939394,0.46581138273630873,0.41509433962264153,rCLR_Bacteroides fragilis,rCLR,Bacteroides fragilis,Bacteroides fragilis,bacteroides fragilis,0.0,0.0,False,zero,189
OnlyFemale,LASSO_LogisticRegression,ZellerG_2014,0.03,0.4393939393939394,0.46581138273630873,0.41509433962264153,rCLR_Bifidobacterium bifidum,rCLR,Bifidobacterium bifidum,Bifidobacterium bifidum,bifidobacterium bifidum,0.0,0.0,False,zero,190
OnlyFemale,LASSO_LogisticRegression,ZellerG_2014,0.03,0.4393939393939394,0.46581138273630873,0.41509433962264153,rCLR_Blautia sp. CAG:257,rCLR,Blautia sp. CAG:257,Blautia sp. CAG:257,blautia sp. cag:257,0.0,0.0,False,zero,191
OnlyFemale,LASSO_LogisticRegression,ZellerG_2014,0.03,0.4393939393939394,0.46581138273630873,0.41509433962264153,rCLR_Parasutterella excrementihominis,rCLR,Parasutterella excrementihominis,Parasutterella excrementihominis,parasutterella excrementihominis,0.0,0.0,False,zero,192
OnlyFemale,LASSO_LogisticRegression,ZellerG_2014,0.03,0.4393939393939394,0.46581138273630873,0.41509433962264153,rCLR_Proteobacteria bacterium CAG:139,rCLR,Proteobacteria bacterium CAG:139,Proteobacteria bacterium CAG:139,proteobacteria bacterium cag:139,0.0,0.0,False,zero,193
OnlyFemale,LASSO_LogisticRegression,ZellerG_2014,0.03,0.4393939393939394,0.46581138273630873,0.41509433962264153,rCLR_Lawsonibacter asaccharolyticus,rCLR,Lawsonibacter asaccharolyticus,Lawsonibacter asaccharolyticus,lawsonibacter asaccharolyticus,0.0,0.0,False,zero,194
OnlyFemale,LASSO_LogisticRegression,ZellerG_2014,0.03,0.4393939393939394,0.46581138273630873,0.41509433962264153,rCLR_Coprobacter fastidiosus,rCLR,Coprobacter fastidiosus,Coprobacter fastidiosus,coprobacter fastidiosus,0.0,0.0,False,zero,195
OnlyFemale,LASSO_LogisticRegression,ZellerG_2014,0.03,0.4393939393939394,0.46581138273630873,0.41509433962264153,rCLR_Alistipes inops,rCLR,Alistipes inops,Alistipes inops,alistipes inops,0.0,0.0,False,zero,196
OnlyFemale,LASSO_LogisticRegression,ZellerG_2014,0.03,0.4393939393939394,0.46581138273630873,0.41509433962264153,rCLR_Bacteroides finegoldii,rCLR,Bacteroides finegoldii,Bacteroides finegoldii,bacteroides finegoldii,0.0,0.0,False,zero,197
OnlyFemale,LASSO_LogisticRegression,ZellerG_2014,0.03,0.4393939393939394,0.46581138273630873,0.41509433962264153,rCLR_Paraprevotella xylaniphila,rCLR,Paraprevotella xylaniphila,Paraprevotella xylaniphila,paraprevotella xylaniphila,0.0,0.0,False,zero,198
OnlyFemale,LASSO_LogisticRegression,ZellerG_2014,0.03,0.4393939393939394,0.46581138273630873,0.41509433962264153,rCLR_Dialister invisus,rCLR,Dialister invisus,Dialister invisus,dialister invisus,0.0,0.0,False,zero,199
OnlyFemale,LASSO_LogisticRegression,ZellerG_2014,0.03,0.4393939393939394,0.46581138273630873,0.41509433962264153,rCLR_Enterocloster bolteae,rCLR,Enterocloster bolteae,Enterocloster bolteae,enterocloster bolteae,0.0,0.0,False,zero,200
OnlyFemale,LASSO_LogisticRegression,ZellerG_2014,0.03,0.4393939393939394,0.46581138273630873,0.41509433962264153,rCLR_Bacteroides caccae,rCLR,Bacteroides caccae,Bacteroides caccae,bacteroides caccae,0.0,0.0,False,zero,201
OnlyFemale,LASSO_LogisticRegression,ZellerG_2014,0.03,0.4393939393939394,0.46581138273630873,0.41509433962264153,rCLR_Desulfovibrio piger,rCLR,Desulfovibrio piger,Desulfovibrio piger,desulfovibrio piger,0.0,0.0,False,zero,202
OnlyFemale,LASSO_LogisticRegression,ZellerG_2014,0.03,0.4393939393939394,0.46581138273630873,0.41509433962264153,rCLR_Lachnospira pectinoschiza,rCLR,Lachnospira pectinoschiza,Lachnospira pectinoschiza,lachnospira pectinoschiza,0.0,0.0,False,zero,203
OnlyFemale,LASSO_LogisticRegression,ZellerG_2014,0.03,0.4393939393939394,0.46581138273630873,0.41509433962264153,rCLR_Prevotella copri,rCLR,Prevotella copri,Prevotella copri,prevotella copri,0.0,0.0,False,zero,204
OnlyFemale,LASSO_LogisticRegression,ZellerG_2014,0.03,0.4393939393939394,0.46581138273630873,0.41509433962264153,rCLR_Phocaeicola massiliensis,rCLR,Phocaeicola massiliensis,Phocaeicola massiliensis,phocaeicola massiliensis,0.0,0.0,False,zero,205
OnlyFemale,LASSO_LogisticRegression,ZellerG_2014,0.03,0.4393939393939394,0.46581138273630873,0.41509433962264153,rCLR_Megamonas funiformis,rCLR,Megamonas funiformis,Megamonas funiformis,megamonas funiformis,0.0,0.0,False,zero,206
OnlyFemale,LASSO_LogisticRegression,ZellerG_2014,0.03,0.4393939393939394,0.46581138273630873,0.41509433962264153,rCLR_Phascolarctobacterium faecium,rCLR,Phascolarctobacterium faecium,Phascolarctobacterium faecium,phascolarctobacterium faecium,0.0,0.0,False,zero,207
OnlyFemale,LASSO_LogisticRegression,ZellerG_2014,0.03,0.4393939393939394,0.46581138273630873,0.41509433962264153,rCLR_Acidaminococcus intestini,rCLR,Acidaminococcus intestini,Acidaminococcus intestini,acidaminococcus intestini,0.0,0.0,False,zero,208
OnlyFemale,LASSO_LogisticRegression,ZellerG_2014,0.03,0.4393939393939394,0.46581138273630873,0.41509433962264153,rCLR_Anaerotignum lactatifermentans,rCLR,Anaerotignum lactatifermentans,Anaerotignum lactatifermentans,anaerotignum lactatifermentans,0.0,0.0,False,zero,209
OnlyFemale,LASSO_LogisticRegression,ZellerG_2014,0.03,0.4393939393939394,0.46581138273630873,0.41509433962264153,rCLR_Bacteroides salyersiae,rCLR,Bacteroides salyersiae,Bacteroides salyersiae,bacteroides salyersiae,0.0,0.0,False,zero,210
OnlyFemale,LASSO_LogisticRegression,ZellerG_2014,0.03,0.4393939393939394,0.46581138273630873,0.41509433962264153,rCLR_Parvimonas micra,rCLR,Parvimonas micra,Parvimonas micra,parvimonas micra,0.0,0.0,False,zero,211
OnlyFemale,LASSO_LogisticRegression,ZellerG_2014,0.03,0.4393939393939394,0.46581138273630873,0.41509433962264153,rCLR_Klebsiella pneumoniae,rCLR,Klebsiella pneumoniae,Klebsiella pneumoniae,klebsiella pneumoniae,0.0,0.0,False,zero,212
OnlyFemale,LASSO_LogisticRegression,ZellerG_2014,0.03,0.4393939393939394,0.46581138273630873,0.41509433962264153,rCLR_Klebsiella variicola,rCLR,Klebsiella variicola,Klebsiella variicola,klebsiella variicola,0.0,0.0,False,zero,213
OnlyFemale,LASSO_LogisticRegression,ZellerG_2014,0.03,0.4393939393939394,0.46581138273630873,0.41509433962264153,rCLR_Klebsiella quasipneumoniae,rCLR,Klebsiella quasipneumoniae,Klebsiella quasipneumoniae,klebsiella quasipneumoniae,0.0,0.0,False,zero,214
OnlyFemale,LASSO_LogisticRegression,ZellerG_2014,0.03,0.4393939393939394,0.46581138273630873,0.41509433962264153,Age,covariate,Age,Age,age,0.0,0.0,False,zero,215
