feature,species,group_a,group_b,n_group_a,n_group_b,n_blocks,blocks,z,p_value,median_group_a,median_group_b,median_difference_a_minus_b,direction,comparison,test,blocking_variable,filter_sex,filter_condition,note,p_adj_BH,significant_FDR_0_05
rCLR_Phascolarctobacterium succinatutens,Phascolarctobacterium succinatutens,Adenoma,Control,209,425,5,FengQ_2015;HanniganGD_2017;ThomasAM_2018a;YachidaS_2019;ZellerG_2014,3.280260803052595,0.0010371116643425565,0.0,0.0,0.0,no_median_difference,Adenoma_vs_Control,van_elteren_blocked_wilcoxon,Study,,,ok,0.11097094808465356,False
rCLR_Bacteroides caccae,Bacteroides caccae,Adenoma,Control,209,425,5,FengQ_2015;HanniganGD_2017;ThomasAM_2018a;YachidaS_2019;ZellerG_2014,2.4570840336216513,0.014006991766491722,0.0,0.0,0.0,no_median_difference,Adenoma_vs_Control,van_elteren_blocked_wilcoxon,Study,,,ok,0.5398757058934007,False
rCLR_Oscillibacter sp. CAG:241,Oscillibacter sp. CAG:241,Adenoma,Control,209,425,5,FengQ_2015;HanniganGD_2017;ThomasAM_2018a;YachidaS_2019;ZellerG_2014,2.2600670306401924,0.023817090971627066,0.0,0.0,0.0,no_median_difference,Adenoma_vs_Control,van_elteren_blocked_wilcoxon,Study,,,ok,0.5398757058934007,False
rCLR_[Ruminococcus] torques,[Ruminococcus] torques,Adenoma,Control,209,425,5,FengQ_2015;HanniganGD_2017;ThomasAM_2018a;YachidaS_2019;ZellerG_2014,2.183046985705247,0.029032350056681974,0.5005668917452653,0.0,0.5005668917452653,higher_in_Adenoma,Adenoma_vs_Control,van_elteren_blocked_wilcoxon,Study,,,ok,0.5398757058934007,False
rCLR_Bacteroides fragilis,Bacteroides fragilis,Adenoma,Control,209,425,5,FengQ_2015;HanniganGD_2017;ThomasAM_2018a;YachidaS_2019;ZellerG_2014,2.1459573087236246,0.031876384874418885,0.0,0.0,0.0,no_median_difference,Adenoma_vs_Control,van_elteren_blocked_wilcoxon,Study,,,ok,0.5398757058934007,False
rCLR_Anaerostipes hadrus,Anaerostipes hadrus,Adenoma,Control,209,425,5,FengQ_2015;HanniganGD_2017;ThomasAM_2018a;YachidaS_2019;ZellerG_2014,-2.098392657143756,0.03587047340201661,0.8758888129320501,0.8355872334495763,0.040301579482473815,higher_in_Adenoma,Adenoma_vs_Control,van_elteren_blocked_wilcoxon,Study,,,ok,0.5398757058934007,False
rCLR_Klebsiella pneumoniae,Klebsiella pneumoniae,Adenoma,Control,209,425,5,FengQ_2015;HanniganGD_2017;ThomasAM_2018a;YachidaS_2019;ZellerG_2014,2.0736967983214436,0.03810747876631235,0.0,0.0,0.0,no_median_difference,Adenoma_vs_Control,van_elteren_blocked_wilcoxon,Study,,,ok,0.5398757058934007,False
rCLR_Streptococcus thermophilus,Streptococcus thermophilus,Adenoma,Control,209,425,5,FengQ_2015;HanniganGD_2017;ThomasAM_2018a;YachidaS_2019;ZellerG_2014,2.0499988938062303,0.040364538758385096,0.0,0.0,0.0,no_median_difference,Adenoma_vs_Control,van_elteren_blocked_wilcoxon,Study,,,ok,0.5398757058934007,False
rCLR_Parabacteroides distasonis,Parabacteroides distasonis,Adenoma,Control,209,425,5,FengQ_2015;HanniganGD_2017;ThomasAM_2018a;YachidaS_2019;ZellerG_2014,1.84746618908035,0.06467960400998139,0.535900551780591,1.0081369671651803,-0.47223641538458927,higher_in_Control,Adenoma_vs_Control,van_elteren_blocked_wilcoxon,Study,,,ok,0.7065643331628746,False
rCLR_Bifidobacterium longum,Bifidobacterium longum,Adenoma,Control,209,425,5,FengQ_2015;HanniganGD_2017;ThomasAM_2018a;YachidaS_2019;ZellerG_2014,-1.838192464282729,0.06603404982830603,0.0301793223175281,0.5384554557108716,-0.5082761333933435,higher_in_Control,Adenoma_vs_Control,van_elteren_blocked_wilcoxon,Study,,,ok,0.7065643331628746,False
rCLR_Eubacterium ventriosum,Eubacterium ventriosum,Adenoma,Control,209,425,5,FengQ_2015;HanniganGD_2017;ThomasAM_2018a;YachidaS_2019;ZellerG_2014,-1.7373955158483072,0.08231738221262962,0.0,0.0,0.0,no_median_difference,Adenoma_vs_Control,van_elteren_blocked_wilcoxon,Study,,,ok,0.761996331542459,False
rCLR_Bacteroides intestinalis,Bacteroides intestinalis,Adenoma,Control,209,425,5,FengQ_2015;HanniganGD_2017;ThomasAM_2018a;YachidaS_2019;ZellerG_2014,1.6641521272858526,0.09608203215676832,0.0,0.0,0.0,no_median_difference,Adenoma_vs_Control,van_elteren_blocked_wilcoxon,Study,,,ok,0.761996331542459,False
rCLR_Coprococcus catus,Coprococcus catus,Adenoma,Control,209,425,5,FengQ_2015;HanniganGD_2017;ThomasAM_2018a;YachidaS_2019;ZellerG_2014,1.6459347001988076,0.09977720382769567,0.0,0.0,0.0,no_median_difference,Adenoma_vs_Control,van_elteren_blocked_wilcoxon,Study,,,ok,0.761996331542459,False
rCLR_Bifidobacterium adolescentis,Bifidobacterium adolescentis,Adenoma,Control,209,425,5,FengQ_2015;HanniganGD_2017;ThomasAM_2018a;YachidaS_2019;ZellerG_2014,-1.6323535084469258,0.10260503709808112,0.0,0.0,0.0,no_median_difference,Adenoma_vs_Control,van_elteren_blocked_wilcoxon,Study,,,ok,0.761996331542459,False
rCLR_Escherichia coli,Escherichia coli,Adenoma,Control,209,425,5,FengQ_2015;HanniganGD_2017;ThomasAM_2018a;YachidaS_2019;ZellerG_2014,1.5491182332845495,0.12135330055549444,0.0,0.0,0.0,no_median_difference,Adenoma_vs_Control,van_elteren_blocked_wilcoxon,Study,,,ok,0.761996331542459,False
rCLR_Desulfovibrio piger,Desulfovibrio piger,Adenoma,Control,183,397,4,FengQ_2015;ThomasAM_2018a;YachidaS_2019;ZellerG_2014,-1.489579238175197,0.13633490441045254,0.0,0.0,0.0,no_median_difference,Adenoma_vs_Control,van_elteren_blocked_wilcoxon,Study,,,ok,0.761996331542459,False
rCLR_Bacteroides eggerthii,Bacteroides eggerthii,Adenoma,Control,209,425,5,FengQ_2015;HanniganGD_2017;ThomasAM_2018a;YachidaS_2019;ZellerG_2014,-1.4795519224056957,0.13899286506101546,0.0,0.0,0.0,no_median_difference,Adenoma_vs_Control,van_elteren_blocked_wilcoxon,Study,,,ok,0.761996331542459,False
rCLR_Butyricimonas virosa,Butyricimonas virosa,Adenoma,Control,183,397,4,FengQ_2015;ThomasAM_2018a;YachidaS_2019;ZellerG_2014,1.455966978896048,0.14540174820285517,0.0,0.0,0.0,no_median_difference,Adenoma_vs_Control,van_elteren_blocked_wilcoxon,Study,,,ok,0.761996331542459,False
rCLR_Adlercreutzia equolifaciens_1,Adlercreutzia equolifaciens_1,Adenoma,Control,209,425,5,FengQ_2015;HanniganGD_2017;ThomasAM_2018a;YachidaS_2019;ZellerG_2014,-1.3948557579934422,0.16305934079424522,-0.106232978405214,-0.412076576511554,0.30584359810634,higher_in_Adenoma,Adenoma_vs_Control,van_elteren_blocked_wilcoxon,Study,,,ok,0.761996331542459,False
rCLR_Bacteroides salyersiae,Bacteroides salyersiae,Adenoma,Control,183,397,4,FengQ_2015;ThomasAM_2018a;YachidaS_2019;ZellerG_2014,1.3889372059461196,0.16485184553743515,0.0,0.0,0.0,no_median_difference,Adenoma_vs_Control,van_elteren_blocked_wilcoxon,Study,,,ok,0.761996331542459,False
rCLR_Blautia wexlerae,Blautia wexlerae,Adenoma,Control,209,425,5,FengQ_2015;HanniganGD_2017;ThomasAM_2018a;YachidaS_2019;ZellerG_2014,-1.3882745295177168,0.16505346505923213,0.0,-0.3032527781192586,0.3032527781192586,higher_in_Adenoma,Adenoma_vs_Control,van_elteren_blocked_wilcoxon,Study,,,ok,0.761996331542459,False
rCLR_[Eubacterium] rectale,[Eubacterium] rectale,Adenoma,Control,209,425,5,FengQ_2015;HanniganGD_2017;ThomasAM_2018a;YachidaS_2019;ZellerG_2014,1.3607566596250242,0.17359060245474145,1.118711550160065,1.0124642240591144,0.10624732610095067,higher_in_Adenoma,Adenoma_vs_Control,van_elteren_blocked_wilcoxon,Study,,,ok,0.761996331542459,False
rCLR_Clostridium sp. CAG:58,Clostridium sp. CAG:58,Adenoma,Control,209,425,5,FengQ_2015;HanniganGD_2017;ThomasAM_2018a;YachidaS_2019;ZellerG_2014,-1.3449445770748805,0.17864313324457282,0.0,0.0,0.0,no_median_difference,Adenoma_vs_Control,van_elteren_blocked_wilcoxon,Study,,,ok,0.761996331542459,False
rCLR_Blautia sp. CAG:257,Blautia sp. CAG:257,Adenoma,Control,209,425,5,FengQ_2015;HanniganGD_2017;ThomasAM_2018a;YachidaS_2019;ZellerG_2014,1.3384343097223055,0.1807549008035063,0.0,0.0,0.0,no_median_difference,Adenoma_vs_Control,van_elteren_blocked_wilcoxon,Study,,,ok,0.761996331542459,False
rCLR_Bacteroides ovatus,Bacteroides ovatus,Adenoma,Control,209,425,5,FengQ_2015;HanniganGD_2017;ThomasAM_2018a;YachidaS_2019;ZellerG_2014,1.3150815360942296,0.18848250123440213,0.0,0.0,0.0,no_median_difference,Adenoma_vs_Control,van_elteren_blocked_wilcoxon,Study,,,ok,0.761996331542459,False
rCLR_Phocaeicola plebeius,Phocaeicola plebeius,Adenoma,Control,209,425,5,FengQ_2015;HanniganGD_2017;ThomasAM_2018a;YachidaS_2019;ZellerG_2014,-1.278882359765087,0.20093848544544424,0.0,0.0,0.0,no_median_difference,Adenoma_vs_Control,van_elteren_blocked_wilcoxon,Study,,,ok,0.761996331542459,False
rCLR_Coprococcus eutactus,Coprococcus eutactus,Adenoma,Control,209,425,5,FengQ_2015;HanniganGD_2017;ThomasAM_2018a;YachidaS_2019;ZellerG_2014,-1.2272694689750272,0.21972132680548084,0.0,0.0,0.0,no_median_difference,Adenoma_vs_Control,van_elteren_blocked_wilcoxon,Study,,,ok,0.761996331542459,False
rCLR_Gordonibacter pamelaeae,Gordonibacter pamelaeae,Adenoma,Control,209,425,5,FengQ_2015;HanniganGD_2017;ThomasAM_2018a;YachidaS_2019;ZellerG_2014,1.2153219222065894,0.2242433339277764,-0.8680270501030809,-1.508765305330472,0.640738255227391,higher_in_Adenoma,Adenoma_vs_Control,van_elteren_blocked_wilcoxon,Study,,,ok,0.761996331542459,False
rCLR_Intestinibacter bartlettii,Intestinibacter bartlettii,Adenoma,Control,182,401,4,FengQ_2015;HanniganGD_2017;YachidaS_2019;ZellerG_2014,1.2153119274921917,0.22424714445449712,0.0,0.0,0.0,no_median_difference,Adenoma_vs_Control,van_elteren_blocked_wilcoxon,Study,,,ok,0.761996331542459,False
rCLR_Lachnospira eligens,Lachnospira eligens,Adenoma,Control,209,425,5,FengQ_2015;HanniganGD_2017;ThomasAM_2018a;YachidaS_2019;ZellerG_2014,-1.1938897046730748,0.232521115275919,0.0,0.5778391266882336,-0.5778391266882336,higher_in_Control,Adenoma_vs_Control,van_elteren_blocked_wilcoxon,Study,,,ok,0.761996331542459,False
rCLR_Phocaeicola vulgatus,Phocaeicola vulgatus,Adenoma,Control,209,425,5,FengQ_2015;HanniganGD_2017;ThomasAM_2018a;YachidaS_2019;ZellerG_2014,-1.1867526172640133,0.23532521368974268,1.288244064054569,2.491062176764519,-1.20281811270995,higher_in_Control,Adenoma_vs_Control,van_elteren_blocked_wilcoxon,Study,,,ok,0.761996331542459,False
rCLR_Faecalibacterium prausnitzii,Faecalibacterium prausnitzii,Adenoma,Control,209,425,5,FengQ_2015;HanniganGD_2017;ThomasAM_2018a;YachidaS_2019;ZellerG_2014,-1.1830608931909976,0.23678501515661365,2.689282189799794,2.8501248392760936,-0.16084264947629956,higher_in_Control,Adenoma_vs_Control,van_elteren_blocked_wilcoxon,Study,,,ok,0.761996331542459,False
rCLR_Eubacterium sp. CAG:180,Eubacterium sp. CAG:180,Adenoma,Control,209,425,5,FengQ_2015;HanniganGD_2017;ThomasAM_2018a;YachidaS_2019;ZellerG_2014,-1.1811848026435638,0.23752931717151993,0.0,0.0,0.0,no_median_difference,Adenoma_vs_Control,van_elteren_blocked_wilcoxon,Study,,,ok,0.761996331542459,False
rCLR_Holdemanella biformis,Holdemanella biformis,Adenoma,Control,209,425,5,FengQ_2015;HanniganGD_2017;ThomasAM_2018a;YachidaS_2019;ZellerG_2014,-1.163357523691894,0.24468447572229712,0.0,0.0,0.0,no_median_difference,Adenoma_vs_Control,van_elteren_blocked_wilcoxon,Study,,,ok,0.761996331542459,False
rCLR_Prevotella copri,Prevotella copri,Adenoma,Control,209,425,5,FengQ_2015;HanniganGD_2017;ThomasAM_2018a;YachidaS_2019;ZellerG_2014,1.1361217298904656,0.2559056218774607,0.0,0.0,0.0,no_median_difference,Adenoma_vs_Control,van_elteren_blocked_wilcoxon,Study,,,ok,0.761996331542459,False
rCLR_Akkermansia muciniphila,Akkermansia muciniphila,Adenoma,Control,209,425,5,FengQ_2015;HanniganGD_2017;ThomasAM_2018a;YachidaS_2019;ZellerG_2014,1.1259416674385119,0.26019021094516326,0.0,0.0,0.0,no_median_difference,Adenoma_vs_Control,van_elteren_blocked_wilcoxon,Study,,,ok,0.761996331542459,False
rCLR_Acidaminococcus intestini,Acidaminococcus intestini,Adenoma,Control,209,425,5,FengQ_2015;HanniganGD_2017;ThomasAM_2018a;YachidaS_2019;ZellerG_2014,-1.116032554668629,0.26440819989039976,0.0,0.0,0.0,no_median_difference,Adenoma_vs_Control,van_elteren_blocked_wilcoxon,Study,,,ok,0.761996331542459,False
rCLR_Paraprevotella xylaniphila,Paraprevotella xylaniphila,Adenoma,Control,209,425,5,FengQ_2015;HanniganGD_2017;ThomasAM_2018a;YachidaS_2019;ZellerG_2014,1.1016461887675069,0.27061551961320973,0.0,0.0,0.0,no_median_difference,Adenoma_vs_Control,van_elteren_blocked_wilcoxon,Study,,,ok,0.761996331542459,False
rCLR_Alistipes finegoldii,Alistipes finegoldii,Adenoma,Control,209,425,5,FengQ_2015;HanniganGD_2017;ThomasAM_2018a;YachidaS_2019;ZellerG_2014,-1.034344291225754,0.30097523789512837,0.0,0.0,0.0,no_median_difference,Adenoma_vs_Control,van_elteren_blocked_wilcoxon,Study,,,ok,0.8229521286350304,False
rCLR_Coprobacter fastidiosus,Coprobacter fastidiosus,Adenoma,Control,183,397,4,FengQ_2015;ThomasAM_2018a;YachidaS_2019;ZellerG_2014,1.006950031654114,0.3139587872767846,0.0,0.0,0.0,no_median_difference,Adenoma_vs_Control,van_elteren_blocked_wilcoxon,Study,,,ok,0.8229521286350304,False
rCLR_Roseburia inulinivorans,Roseburia inulinivorans,Adenoma,Control,209,425,5,FengQ_2015;HanniganGD_2017;ThomasAM_2018a;YachidaS_2019;ZellerG_2014,0.9877828532913798,0.3232590068729878,0.2688724873276709,0.5683182525258316,-0.2994457651981607,higher_in_Control,Adenoma_vs_Control,van_elteren_blocked_wilcoxon,Study,,,ok,0.8229521286350304,False
rCLR_Agathobaculum butyriciproducens,Agathobaculum butyriciproducens,Adenoma,Control,209,425,5,FengQ_2015;HanniganGD_2017;ThomasAM_2018a;YachidaS_2019;ZellerG_2014,0.9728616366016462,0.3306220739831536,0.0,0.0,0.0,no_median_difference,Adenoma_vs_Control,van_elteren_blocked_wilcoxon,Study,,,ok,0.8229521286350304,False
rCLR_Odoribacter splanchnicus,Odoribacter splanchnicus,Adenoma,Control,209,425,5,FengQ_2015;HanniganGD_2017;ThomasAM_2018a;YachidaS_2019;ZellerG_2014,0.9514981788028852,0.3413515425917132,0.0,0.0,0.0,no_median_difference,Adenoma_vs_Control,van_elteren_blocked_wilcoxon,Study,,,ok,0.8229521286350304,False
rCLR_Eggerthella lenta,Eggerthella lenta,Adenoma,Control,209,425,5,FengQ_2015;HanniganGD_2017;ThomasAM_2018a;YachidaS_2019;ZellerG_2014,-0.9422663383539895,0.3460562976016318,0.0,-0.3280123278719591,0.3280123278719591,higher_in_Adenoma,Adenoma_vs_Control,van_elteren_blocked_wilcoxon,Study,,,ok,0.8229521286350304,False
rCLR_Flavonifractor plautii,Flavonifractor plautii,Adenoma,Control,209,425,5,FengQ_2015;HanniganGD_2017;ThomasAM_2018a;YachidaS_2019;ZellerG_2014,-0.9421782987585485,0.3461013625100595,0.0,-0.0820788370953841,0.0820788370953841,higher_in_Adenoma,Adenoma_vs_Control,van_elteren_blocked_wilcoxon,Study,,,ok,0.8229521286350304,False
rCLR_Oscillibacter sp. 57_20,Oscillibacter sp. 57_20,Adenoma,Control,209,425,5,FengQ_2015;HanniganGD_2017;ThomasAM_2018a;YachidaS_2019;ZellerG_2014,-0.9043990944333561,0.3657838181897489,0.0,0.0,0.0,no_median_difference,Adenoma_vs_Control,van_elteren_blocked_wilcoxon,Study,,,ok,0.8508449683978943,False
rCLR_Slackia isoflavoniconvertens,Slackia isoflavoniconvertens,Adenoma,Control,209,425,5,FengQ_2015;HanniganGD_2017;ThomasAM_2018a;YachidaS_2019;ZellerG_2014,-0.8638388090131739,0.3876764452313457,0.0,0.0,0.0,no_median_difference,Adenoma_vs_Control,van_elteren_blocked_wilcoxon,Study,,,ok,0.8583075958583892,False
rCLR_Proteobacteria bacterium CAG:139,Proteobacteria bacterium CAG:139,Adenoma,Control,209,425,5,FengQ_2015;HanniganGD_2017;ThomasAM_2018a;YachidaS_2019;ZellerG_2014,-0.8041456541498815,0.421312860669504,0.0,0.0,0.0,no_median_difference,Adenoma_vs_Control,van_elteren_blocked_wilcoxon,Study,,,ok,0.8583075958583892,False
rCLR_Phocaeicola dorei,Phocaeicola dorei,Adenoma,Control,209,425,5,FengQ_2015;HanniganGD_2017;ThomasAM_2018a;YachidaS_2019;ZellerG_2014,0.8024368953996044,0.4223002779009687,0.0,0.0,0.0,no_median_difference,Adenoma_vs_Control,van_elteren_blocked_wilcoxon,Study,,,ok,0.8583075958583892,False
rCLR_Dorea longicatena,Dorea longicatena,Adenoma,Control,209,425,5,FengQ_2015;HanniganGD_2017;ThomasAM_2018a;YachidaS_2019;ZellerG_2014,-0.7817824475857518,0.43434243814184836,0.6473407335451558,0.5937215414572712,0.05361919208788457,higher_in_Adenoma,Adenoma_vs_Control,van_elteren_blocked_wilcoxon,Study,,,ok,0.8583075958583892,False
rCLR_Ruminococcus bicirculans,Ruminococcus bicirculans,Adenoma,Control,209,425,5,FengQ_2015;HanniganGD_2017;ThomasAM_2018a;YachidaS_2019;ZellerG_2014,-0.7765843782023816,0.4374040211153354,0.0,0.0,0.0,no_median_difference,Adenoma_vs_Control,van_elteren_blocked_wilcoxon,Study,,,ok,0.8583075958583892,False
rCLR_Fusicatenibacter saccharivorans,Fusicatenibacter saccharivorans,Adenoma,Control,209,425,5,FengQ_2015;HanniganGD_2017;ThomasAM_2018a;YachidaS_2019;ZellerG_2014,-0.7660947025909524,0.44361995480559424,0.9573104666243608,1.0787629879238692,-0.12145252129950834,higher_in_Control,Adenoma_vs_Control,van_elteren_blocked_wilcoxon,Study,,,ok,0.8583075958583892,False
rCLR_Alistipes putredinis,Alistipes putredinis,Adenoma,Control,209,425,5,FengQ_2015;HanniganGD_2017;ThomasAM_2018a;YachidaS_2019;ZellerG_2014,0.7575128157880983,0.44874269081017293,0.5331873405840275,0.9127185432712712,-0.3795312026872437,higher_in_Control,Adenoma_vs_Control,van_elteren_blocked_wilcoxon,Study,,,ok,0.8583075958583892,False
rCLR_Parvimonas micra,Parvimonas micra,Adenoma,Control,183,397,4,FengQ_2015;ThomasAM_2018a;YachidaS_2019;ZellerG_2014,0.7411188323700731,0.45862139192681606,0.0,0.0,0.0,no_median_difference,Adenoma_vs_Control,van_elteren_blocked_wilcoxon,Study,,,ok,0.8583075958583892,False
rCLR_Dorea formicigenerans,Dorea formicigenerans,Adenoma,Control,209,425,5,FengQ_2015;HanniganGD_2017;ThomasAM_2018a;YachidaS_2019;ZellerG_2014,0.7343263044015564,0.4627498899129996,0.0,0.0,0.0,no_median_difference,Adenoma_vs_Control,van_elteren_blocked_wilcoxon,Study,,,ok,0.8583075958583892,False
rCLR_Anaerotignum lactatifermentans,Anaerotignum lactatifermentans,Adenoma,Control,209,425,5,FengQ_2015;HanniganGD_2017;ThomasAM_2018a;YachidaS_2019;ZellerG_2014,-0.7339184667036573,0.4629984314796246,0.0,0.0,0.0,no_median_difference,Adenoma_vs_Control,van_elteren_blocked_wilcoxon,Study,,,ok,0.8583075958583892,False
rCLR_Eubacterium ramulus,Eubacterium ramulus,Adenoma,Control,209,425,5,FengQ_2015;HanniganGD_2017;ThomasAM_2018a;YachidaS_2019;ZellerG_2014,-0.7180927489995701,0.4727001007500854,0.0,0.0,0.0,no_median_difference,Adenoma_vs_Control,van_elteren_blocked_wilcoxon,Study,,,ok,0.8583075958583892,False
rCLR_Coprococcus comes,Coprococcus comes,Adenoma,Control,209,425,5,FengQ_2015;HanniganGD_2017;ThomasAM_2018a;YachidaS_2019;ZellerG_2014,-0.7156917386982826,0.4741817130602939,0.2103266732537738,0.3245352761049882,-0.11420860285121442,higher_in_Control,Adenoma_vs_Control,van_elteren_blocked_wilcoxon,Study,,,ok,0.8583075958583892,False
rCLR_Bacteroides thetaiotaomicron,Bacteroides thetaiotaomicron,Adenoma,Control,209,425,5,FengQ_2015;HanniganGD_2017;ThomasAM_2018a;YachidaS_2019;ZellerG_2014,0.6934214896960842,0.48804508002935043,0.0,0.22919003913890995,-0.22919003913890995,higher_in_Control,Adenoma_vs_Control,van_elteren_blocked_wilcoxon,Study,,,ok,0.8583075958583892,False
rCLR_Parabacteroides merdae,Parabacteroides merdae,Adenoma,Control,209,425,5,FengQ_2015;HanniganGD_2017;ThomasAM_2018a;YachidaS_2019;ZellerG_2014,-0.6891296558124035,0.49074167918792233,0.0,0.3640483813604267,-0.3640483813604267,higher_in_Control,Adenoma_vs_Control,van_elteren_blocked_wilcoxon,Study,,,ok,0.8583075958583892,False
rCLR_Veillonella atypica,Veillonella atypica,Adenoma,Control,209,425,5,FengQ_2015;HanniganGD_2017;ThomasAM_2018a;YachidaS_2019;ZellerG_2014,-0.6700291755930775,0.5028391916823003,0.0,0.0,0.0,no_median_difference,Adenoma_vs_Control,van_elteren_blocked_wilcoxon,Study,,,ok,0.8583075958583892,False
rCLR_Phascolarctobacterium faecium,Phascolarctobacterium faecium,Adenoma,Control,209,425,5,FengQ_2015;HanniganGD_2017;ThomasAM_2018a;YachidaS_2019;ZellerG_2014,-0.667020525025891,0.504759023068895,0.0,0.0,0.0,no_median_difference,Adenoma_vs_Control,van_elteren_blocked_wilcoxon,Study,,,ok,0.8583075958583892,False
rCLR_Bacteroides stercoris,Bacteroides stercoris,Adenoma,Control,209,425,5,FengQ_2015;HanniganGD_2017;ThomasAM_2018a;YachidaS_2019;ZellerG_2014,0.6594634487952185,0.5095982100202158,0.0,0.0,0.0,no_median_difference,Adenoma_vs_Control,van_elteren_blocked_wilcoxon,Study,,,ok,0.8583075958583892,False
rCLR_Phocaeicola massiliensis,Phocaeicola massiliensis,Adenoma,Control,209,425,5,FengQ_2015;HanniganGD_2017;ThomasAM_2018a;YachidaS_2019;ZellerG_2014,-0.6398177283864666,0.5222911055437782,0.0,0.0,0.0,no_median_difference,Adenoma_vs_Control,van_elteren_blocked_wilcoxon,Study,,,ok,0.8583075958583892,False
rCLR_Methanobrevibacter smithii,Methanobrevibacter smithii,Adenoma,Control,182,401,4,FengQ_2015;HanniganGD_2017;YachidaS_2019;ZellerG_2014,0.593045082804542,0.5531509815424607,0.0,0.0,0.0,no_median_difference,Adenoma_vs_Control,van_elteren_blocked_wilcoxon,Study,,,ok,0.8583075958583892,False
rCLR_Ruminococcus bromii,Ruminococcus bromii,Adenoma,Control,209,425,5,FengQ_2015;HanniganGD_2017;ThomasAM_2018a;YachidaS_2019;ZellerG_2014,-0.5841331957680549,0.5591307025031609,0.0,0.0,0.0,no_median_difference,Adenoma_vs_Control,van_elteren_blocked_wilcoxon,Study,,,ok,0.8583075958583892,False
rCLR_Alistipes inops,Alistipes inops,Adenoma,Control,209,425,5,FengQ_2015;HanniganGD_2017;ThomasAM_2018a;YachidaS_2019;ZellerG_2014,0.5713303410198541,0.5677757384080773,0.0,0.0,0.0,no_median_difference,Adenoma_vs_Control,van_elteren_blocked_wilcoxon,Study,,,ok,0.8583075958583892,False
rCLR_Lawsonibacter asaccharolyticus,Lawsonibacter asaccharolyticus,Adenoma,Control,209,425,5,FengQ_2015;HanniganGD_2017;ThomasAM_2018a;YachidaS_2019;ZellerG_2014,-0.5711465615657032,0.5679002985145399,-0.776448206976164,-1.0792786853530159,0.30283047837685184,higher_in_Adenoma,Adenoma_vs_Control,van_elteren_blocked_wilcoxon,Study,,,ok,0.8583075958583892,False
rCLR_Adlercreutzia equolifaciens,Adlercreutzia equolifaciens,Adenoma,Control,209,425,5,FengQ_2015;HanniganGD_2017;ThomasAM_2018a;YachidaS_2019;ZellerG_2014,-0.5585494128987526,0.5764692725760798,0.0,-0.186449140553281,0.186449140553281,higher_in_Adenoma,Adenoma_vs_Control,van_elteren_blocked_wilcoxon,Study,,,ok,0.8583075958583892,False
rCLR_Erysipelatoclostridium ramosum,Erysipelatoclostridium ramosum,Adenoma,Control,209,425,5,FengQ_2015;HanniganGD_2017;ThomasAM_2018a;YachidaS_2019;ZellerG_2014,0.5329468312952894,0.5940703858434967,0.0,0.0,0.0,no_median_difference,Adenoma_vs_Control,van_elteren_blocked_wilcoxon,Study,,,ok,0.8583075958583892,False
rCLR_Ruthenibacterium lactatiformans,Ruthenibacterium lactatiformans,Adenoma,Control,209,425,5,FengQ_2015;HanniganGD_2017;ThomasAM_2018a;YachidaS_2019;ZellerG_2014,-0.5323226347107449,0.594502558041113,-0.6281374111952582,-0.8323863279665003,0.20424891677124202,higher_in_Adenoma,Adenoma_vs_Control,van_elteren_blocked_wilcoxon,Study,,,ok,0.8583075958583892,False
rCLR_Bacteroides cellulosilyticus,Bacteroides cellulosilyticus,Adenoma,Control,209,425,5,FengQ_2015;HanniganGD_2017;ThomasAM_2018a;YachidaS_2019;ZellerG_2014,-0.5197327847332412,0.6032498330713904,0.0,0.0,0.0,no_median_difference,Adenoma_vs_Control,van_elteren_blocked_wilcoxon,Study,,,ok,0.8583075958583892,False
rCLR_Barnesiella intestinihominis,Barnesiella intestinihominis,Adenoma,Control,209,425,5,FengQ_2015;HanniganGD_2017;ThomasAM_2018a;YachidaS_2019;ZellerG_2014,-0.5167954199192456,0.60529897759844,0.0,0.0,0.0,no_median_difference,Adenoma_vs_Control,van_elteren_blocked_wilcoxon,Study,,,ok,0.8583075958583892,False
rCLR_[Ruminococcus] gnavus,[Ruminococcus] gnavus,Adenoma,Control,209,425,5,FengQ_2015;HanniganGD_2017;ThomasAM_2018a;YachidaS_2019;ZellerG_2014,-0.514220220377198,0.6070980322103479,0.0,0.0,0.0,no_median_difference,Adenoma_vs_Control,van_elteren_blocked_wilcoxon,Study,,,ok,0.8583075958583892,False
rCLR_Eubacterium sp. CAG:251,Eubacterium sp. CAG:251,Adenoma,Control,209,425,5,FengQ_2015;HanniganGD_2017;ThomasAM_2018a;YachidaS_2019;ZellerG_2014,-0.5002596998723873,0.616892226685001,0.0,0.0,0.0,no_median_difference,Adenoma_vs_Control,van_elteren_blocked_wilcoxon,Study,,,ok,0.8583075958583892,False
rCLR_Collinsella aerofaciens,Collinsella aerofaciens,Adenoma,Control,209,425,5,FengQ_2015;HanniganGD_2017;ThomasAM_2018a;YachidaS_2019;ZellerG_2014,0.49994346764217373,0.6171148841806037,1.4336430029602705,1.0831244598763554,0.35051854308391506,higher_in_Adenoma,Adenoma_vs_Control,van_elteren_blocked_wilcoxon,Study,,,ok,0.8583075958583892,False
rCLR_Roseburia intestinalis,Roseburia intestinalis,Adenoma,Control,209,425,5,FengQ_2015;HanniganGD_2017;ThomasAM_2018a;YachidaS_2019;ZellerG_2014,-0.49916860985157857,0.6176606063653829,0.0,0.0,0.0,no_median_difference,Adenoma_vs_Control,van_elteren_blocked_wilcoxon,Study,,,ok,0.8583075958583892,False
rCLR_Firmicutes bacterium CAG:83,Firmicutes bacterium CAG:83,Adenoma,Control,209,425,5,FengQ_2015;HanniganGD_2017;ThomasAM_2018a;YachidaS_2019;ZellerG_2014,-0.4858238374596538,0.6270920718280532,0.0,0.0,0.0,no_median_difference,Adenoma_vs_Control,van_elteren_blocked_wilcoxon,Study,,,ok,0.8602416882769447,False
rCLR_Klebsiella variicola,Klebsiella variicola,Adenoma,Control,209,425,5,FengQ_2015;HanniganGD_2017;ThomasAM_2018a;YachidaS_2019;ZellerG_2014,0.4194435266180165,0.6748920190941519,0.0,0.0,0.0,no_median_difference,Adenoma_vs_Control,van_elteren_blocked_wilcoxon,Study,,,ok,0.9140942537098007,False
rCLR_Eubacterium sp. CAG:274,Eubacterium sp. CAG:274,Adenoma,Control,209,425,5,FengQ_2015;HanniganGD_2017;ThomasAM_2018a;YachidaS_2019;ZellerG_2014,-0.391599000898072,0.6953545262324168,0.0,0.0,0.0,no_median_difference,Adenoma_vs_Control,van_elteren_blocked_wilcoxon,Study,,,ok,0.916894848210431,False
rCLR_Lachnospira pectinoschiza,Lachnospira pectinoschiza,Adenoma,Control,209,425,5,FengQ_2015;HanniganGD_2017;ThomasAM_2018a;YachidaS_2019;ZellerG_2014,-0.37383895049090904,0.7085241388139178,0.0,0.0,0.0,no_median_difference,Adenoma_vs_Control,van_elteren_blocked_wilcoxon,Study,,,ok,0.916894848210431,False
rCLR_Streptococcus parasanguinis,Streptococcus parasanguinis,Adenoma,Control,209,425,5,FengQ_2015;HanniganGD_2017;ThomasAM_2018a;YachidaS_2019;ZellerG_2014,-0.3711803672972017,0.7105031949214666,-0.4046358707013159,-0.7895463093470857,0.3849104386457698,higher_in_Adenoma,Adenoma_vs_Control,van_elteren_blocked_wilcoxon,Study,,,ok,0.916894848210431,False
rCLR_Bifidobacterium pseudocatenulatum,Bifidobacterium pseudocatenulatum,Adenoma,Control,209,425,5,FengQ_2015;HanniganGD_2017;ThomasAM_2018a;YachidaS_2019;ZellerG_2014,-0.36355193664190466,0.7161926231066471,0.0,0.0,0.0,no_median_difference,Adenoma_vs_Control,van_elteren_blocked_wilcoxon,Study,,,ok,0.916894848210431,False
rCLR_Bacteroides sp. CAG:144,Bacteroides sp. CAG:144,Adenoma,Control,183,397,4,FengQ_2015;ThomasAM_2018a;YachidaS_2019;ZellerG_2014,-0.35871901576414805,0.719805301398843,0.0,0.0,0.0,no_median_difference,Adenoma_vs_Control,van_elteren_blocked_wilcoxon,Study,,,ok,0.916894848210431,False
rCLR_Megamonas funiformis,Megamonas funiformis,Adenoma,Control,209,425,5,FengQ_2015;HanniganGD_2017;ThomasAM_2018a;YachidaS_2019;ZellerG_2014,-0.32659709511359336,0.7439726409269867,0.0,0.0,0.0,no_median_difference,Adenoma_vs_Control,van_elteren_blocked_wilcoxon,Study,,,ok,0.9224733021969596,False
rCLR_Bifidobacterium bifidum,Bifidobacterium bifidum,Adenoma,Control,209,425,5,FengQ_2015;HanniganGD_2017;ThomasAM_2018a;YachidaS_2019;ZellerG_2014,-0.3086771223480768,0.7575671482588233,0.0,0.0,0.0,no_median_difference,Adenoma_vs_Control,van_elteren_blocked_wilcoxon,Study,,,ok,0.9224733021969596,False
rCLR_Klebsiella quasipneumoniae,Klebsiella quasipneumoniae,Adenoma,Control,183,397,4,FengQ_2015;ThomasAM_2018a;YachidaS_2019;ZellerG_2014,-0.3086346737687399,0.7575994418198404,0.0,0.0,0.0,no_median_difference,Adenoma_vs_Control,van_elteren_blocked_wilcoxon,Study,,,ok,0.9224733021969596,False
rCLR_Dialister invisus,Dialister invisus,Adenoma,Control,209,425,5,FengQ_2015;HanniganGD_2017;ThomasAM_2018a;YachidaS_2019;ZellerG_2014,-0.30257409787183076,0.7622144565861902,0.0,0.0,0.0,no_median_difference,Adenoma_vs_Control,van_elteren_blocked_wilcoxon,Study,,,ok,0.9224733021969596,False
rCLR_Veillonella parvula,Veillonella parvula,Adenoma,Control,209,425,5,FengQ_2015;HanniganGD_2017;ThomasAM_2018a;YachidaS_2019;ZellerG_2014,0.28967066787827306,0.772068198299714,0.0,0.0,0.0,no_median_difference,Adenoma_vs_Control,van_elteren_blocked_wilcoxon,Study,,,ok,0.9224733021969596,False
rCLR_Firmicutes bacterium CAG:110,Firmicutes bacterium CAG:110,Adenoma,Control,209,425,5,FengQ_2015;HanniganGD_2017;ThomasAM_2018a;YachidaS_2019;ZellerG_2014,0.2597882689316143,0.7950271003944291,0.0,0.0,0.0,no_median_difference,Adenoma_vs_Control,van_elteren_blocked_wilcoxon,Study,,,ok,0.9224733021969596,False
rCLR_Roseburia hominis,Roseburia hominis,Adenoma,Control,209,425,5,FengQ_2015;HanniganGD_2017;ThomasAM_2018a;YachidaS_2019;ZellerG_2014,-0.24235572538510072,0.808504537849068,0.0,0.0,0.0,no_median_difference,Adenoma_vs_Control,van_elteren_blocked_wilcoxon,Study,,,ok,0.9224733021969596,False
rCLR_Bacteroides finegoldii,Bacteroides finegoldii,Adenoma,Control,209,425,5,FengQ_2015;HanniganGD_2017;ThomasAM_2018a;YachidaS_2019;ZellerG_2014,-0.23290108794375391,0.8158382136148151,0.0,0.0,0.0,no_median_difference,Adenoma_vs_Control,van_elteren_blocked_wilcoxon,Study,,,ok,0.9224733021969596,False
rCLR_Roseburia faecis,Roseburia faecis,Adenoma,Control,209,425,5,FengQ_2015;HanniganGD_2017;ThomasAM_2018a;YachidaS_2019;ZellerG_2014,0.22644282985300565,0.8208570194945042,0.0700630184039756,0.5743150905653909,-0.5042520721614153,higher_in_Control,Adenoma_vs_Control,van_elteren_blocked_wilcoxon,Study,,,ok,0.9224733021969596,False
rCLR_[Ruminococcus] lactaris,[Ruminococcus] lactaris,Adenoma,Control,209,425,5,FengQ_2015;HanniganGD_2017;ThomasAM_2018a;YachidaS_2019;ZellerG_2014,-0.2253695223588159,0.8216918194128985,0.0,0.0,0.0,no_median_difference,Adenoma_vs_Control,van_elteren_blocked_wilcoxon,Study,,,ok,0.9224733021969596,False
rCLR_Streptococcus salivarius,Streptococcus salivarius,Adenoma,Control,209,425,5,FengQ_2015;HanniganGD_2017;ThomasAM_2018a;YachidaS_2019;ZellerG_2014,-0.22400481939024539,0.8227535531901171,-0.0326995331540096,-0.49336097313426214,0.46066143998025255,higher_in_Adenoma,Adenoma_vs_Control,van_elteren_blocked_wilcoxon,Study,,,ok,0.9224733021969596,False
rCLR_Eubacterium sp. CAG:38,Eubacterium sp. CAG:38,Adenoma,Control,209,425,5,FengQ_2015;HanniganGD_2017;ThomasAM_2018a;YachidaS_2019;ZellerG_2014,-0.2177298582297839,0.8276395982327861,0.0,0.0,0.0,no_median_difference,Adenoma_vs_Control,van_elteren_blocked_wilcoxon,Study,,,ok,0.9224733021969596,False
rCLR_Blautia obeum,Blautia obeum,Adenoma,Control,209,425,5,FengQ_2015;HanniganGD_2017;ThomasAM_2018a;YachidaS_2019;ZellerG_2014,-0.20153532895320442,0.8402800075904671,0.0,0.0,0.0,no_median_difference,Adenoma_vs_Control,van_elteren_blocked_wilcoxon,Study,,,ok,0.9269068124967008,False
rCLR_[Eubacterium] siraeum,[Eubacterium] siraeum,Adenoma,Control,209,425,5,FengQ_2015;HanniganGD_2017;ThomasAM_2018a;YachidaS_2019;ZellerG_2014,0.18139447279026524,0.8560579569901543,0.0,0.0,0.0,no_median_difference,Adenoma_vs_Control,van_elteren_blocked_wilcoxon,Study,,,ok,0.934675524468842,False
rCLR_Gemmiger formicilis,Gemmiger formicilis,Adenoma,Control,209,425,5,FengQ_2015;HanniganGD_2017;ThomasAM_2018a;YachidaS_2019;ZellerG_2014,0.13057564580435085,0.896111009581039,0.0,0.0,0.0,no_median_difference,Adenoma_vs_Control,van_elteren_blocked_wilcoxon,Study,,,ok,0.9670097422671489,False
rCLR_Alistipes shahii,Alistipes shahii,Adenoma,Control,209,425,5,FengQ_2015;HanniganGD_2017;ThomasAM_2018a;YachidaS_2019;ZellerG_2014,-0.10555616699906352,0.9159345040480456,0.0,0.0,0.0,no_median_difference,Adenoma_vs_Control,van_elteren_blocked_wilcoxon,Study,,,ok,0.9670097422671489,False
rCLR_Anaerobutyricum hallii,Anaerobutyricum hallii,Adenoma,Control,209,425,5,FengQ_2015;HanniganGD_2017;ThomasAM_2018a;YachidaS_2019;ZellerG_2014,-0.09883804816739361,0.9212668583142551,0.0,0.0,0.0,no_median_difference,Adenoma_vs_Control,van_elteren_blocked_wilcoxon,Study,,,ok,0.9670097422671489,False
rCLR_Bacteroides uniformis,Bacteroides uniformis,Adenoma,Control,209,425,5,FengQ_2015;HanniganGD_2017;ThomasAM_2018a;YachidaS_2019;ZellerG_2014,0.09182344239622657,0.926838318404547,2.0950241782480474,2.4862924882621478,-0.39126831001410034,higher_in_Control,Adenoma_vs_Control,van_elteren_blocked_wilcoxon,Study,,,ok,0.9670097422671489,False
rCLR_Bacteroides xylanisolvens,Bacteroides xylanisolvens,Adenoma,Control,209,425,5,FengQ_2015;HanniganGD_2017;ThomasAM_2018a;YachidaS_2019;ZellerG_2014,0.08676306672467281,0.9308598453599657,0.0,0.0,0.0,no_median_difference,Adenoma_vs_Control,van_elteren_blocked_wilcoxon,Study,,,ok,0.9670097422671489,False
rCLR_Firmicutes bacterium CAG:145,Firmicutes bacterium CAG:145,Adenoma,Control,209,425,5,FengQ_2015;HanniganGD_2017;ThomasAM_2018a;YachidaS_2019;ZellerG_2014,0.056449694608168725,0.9549835694651159,0.0,0.0,0.0,no_median_difference,Adenoma_vs_Control,van_elteren_blocked_wilcoxon,Study,,,ok,0.9825311724304557,False
rCLR_Enterocloster bolteae,Enterocloster bolteae,Adenoma,Control,209,425,5,FengQ_2015;HanniganGD_2017;ThomasAM_2018a;YachidaS_2019;ZellerG_2014,-0.04098232891027979,0.967309983512638,0.0,-0.09933345773750765,0.09933345773750765,higher_in_Adenoma,Adenoma_vs_Control,van_elteren_blocked_wilcoxon,Study,,,ok,0.9848567585345449,False
rCLR_Phocaeicola coprocola,Phocaeicola coprocola,Adenoma,Control,183,397,4,FengQ_2015;ThomasAM_2018a;YachidaS_2019;ZellerG_2014,0.025930616462899934,0.9793126798463483,0.0,0.0,0.0,no_median_difference,Adenoma_vs_Control,van_elteren_blocked_wilcoxon,Study,,,ok,0.9848567585345449,False
rCLR_Parasutterella excrementihominis,Parasutterella excrementihominis,Adenoma,Control,209,425,5,FengQ_2015;HanniganGD_2017;ThomasAM_2018a;YachidaS_2019;ZellerG_2014,-0.0189803781804409,0.9848567585345449,0.0,0.0,0.0,no_median_difference,Adenoma_vs_Control,van_elteren_blocked_wilcoxon,Study,,,ok,0.9848567585345449,False
rCLR_Streptococcus thermophilus,Streptococcus thermophilus,CRC,Adenoma,413,209,5,FengQ_2015;HanniganGD_2017;ThomasAM_2018a;YachidaS_2019;ZellerG_2014,-3.804398391361511,0.00014214924552998,0.0,0.0,0.0,no_median_difference,CRC_vs_Adenoma,van_elteren_blocked_wilcoxon,Study,,,ok,0.015209969271707861,True
rCLR_Paraprevotella xylaniphila,Paraprevotella xylaniphila,CRC,Adenoma,413,209,5,FengQ_2015;HanniganGD_2017;ThomasAM_2018a;YachidaS_2019;ZellerG_2014,-2.7868210679382592,0.005322786048317681,0.0,0.0,0.0,no_median_difference,CRC_vs_Adenoma,van_elteren_blocked_wilcoxon,Study,,,ok,0.25738364617858056,False
rCLR_Flavonifractor plautii,Flavonifractor plautii,CRC,Adenoma,413,209,5,FengQ_2015;HanniganGD_2017;ThomasAM_2018a;YachidaS_2019;ZellerG_2014,2.5955907898466286,0.009442845196509177,0.0,0.0,0.0,no_median_difference,CRC_vs_Adenoma,van_elteren_blocked_wilcoxon,Study,,,ok,0.25738364617858056,False
rCLR_Clostridium sp. CAG:58,Clostridium sp. CAG:58,CRC,Adenoma,413,209,5,FengQ_2015;HanniganGD_2017;ThomasAM_2018a;YachidaS_2019;ZellerG_2014,2.5831384331500487,0.009790602953267025,0.0,0.0,0.0,no_median_difference,CRC_vs_Adenoma,van_elteren_blocked_wilcoxon,Study,,,ok,0.25738364617858056,False
rCLR_Alistipes finegoldii,Alistipes finegoldii,CRC,Adenoma,413,209,5,FengQ_2015;HanniganGD_2017;ThomasAM_2018a;YachidaS_2019;ZellerG_2014,2.4616401398459993,0.013830335523077433,0.0,0.0,0.0,no_median_difference,CRC_vs_Adenoma,van_elteren_blocked_wilcoxon,Study,,,ok,0.25738364617858056,False
rCLR_Bacteroides intestinalis,Bacteroides intestinalis,CRC,Adenoma,413,209,5,FengQ_2015;HanniganGD_2017;ThomasAM_2018a;YachidaS_2019;ZellerG_2014,-2.4463089196956025,0.014432727823097976,0.0,0.0,0.0,no_median_difference,CRC_vs_Adenoma,van_elteren_blocked_wilcoxon,Study,,,ok,0.25738364617858056,False
rCLR_Parvimonas micra,Parvimonas micra,CRC,Adenoma,386,183,4,FengQ_2015;ThomasAM_2018a;YachidaS_2019;ZellerG_2014,-2.2656396246544603,0.023473456907567143,0.0,0.0,0.0,no_median_difference,CRC_vs_Adenoma,van_elteren_blocked_wilcoxon,Study,,,ok,0.296871474632301,False
rCLR_Ruthenibacterium lactatiformans,Ruthenibacterium lactatiformans,CRC,Adenoma,413,209,5,FengQ_2015;HanniganGD_2017;ThomasAM_2018a;YachidaS_2019;ZellerG_2014,2.223320134436473,0.02619422078459639,-0.3381826045350764,-0.6281374111952582,0.2899548066601818,higher_in_CRC,CRC_vs_Adenoma,van_elteren_blocked_wilcoxon,Study,,,ok,0.296871474632301,False
rCLR_Phocaeicola plebeius,Phocaeicola plebeius,CRC,Adenoma,413,209,5,FengQ_2015;HanniganGD_2017;ThomasAM_2018a;YachidaS_2019;ZellerG_2014,2.216111100485161,0.026683894202095992,0.0,0.0,0.0,no_median_difference,CRC_vs_Adenoma,van_elteren_blocked_wilcoxon,Study,,,ok,0.296871474632301,False
rCLR_Roseburia faecis,Roseburia faecis,CRC,Adenoma,413,209,5,FengQ_2015;HanniganGD_2017;ThomasAM_2018a;YachidaS_2019;ZellerG_2014,-2.200873257130333,0.02774499762918701,0.0,0.0700630184039756,-0.0700630184039756,higher_in_Adenoma,CRC_vs_Adenoma,van_elteren_blocked_wilcoxon,Study,,,ok,0.296871474632301,False
rCLR_Parabacteroides merdae,Parabacteroides merdae,CRC,Adenoma,413,209,5,FengQ_2015;HanniganGD_2017;ThomasAM_2018a;YachidaS_2019;ZellerG_2014,2.1399273182960052,0.03236064098089791,0.7522566949436127,0.0,0.7522566949436127,higher_in_CRC,CRC_vs_Adenoma,van_elteren_blocked_wilcoxon,Study,,,ok,0.31478078045055236,False
rCLR_Phascolarctobacterium succinatutens,Phascolarctobacterium succinatutens,CRC,Adenoma,413,209,5,FengQ_2015;HanniganGD_2017;ThomasAM_2018a;YachidaS_2019;ZellerG_2014,-2.0276982118244353,0.04259105827301731,0.0,0.0,0.0,no_median_difference,CRC_vs_Adenoma,van_elteren_blocked_wilcoxon,Study,,,ok,0.379770269601071,False
rCLR_Lachnospira pectinoschiza,Lachnospira pectinoschiza,CRC,Adenoma,413,209,5,FengQ_2015;HanniganGD_2017;ThomasAM_2018a;YachidaS_2019;ZellerG_2014,-1.9254987876978757,0.05416698748109097,0.0,0.0,0.0,no_median_difference,CRC_vs_Adenoma,van_elteren_blocked_wilcoxon,Study,,,ok,0.4458359738828257,False
rCLR_[Eubacterium] rectale,[Eubacterium] rectale,CRC,Adenoma,413,209,5,FengQ_2015;HanniganGD_2017;ThomasAM_2018a;YachidaS_2019;ZellerG_2014,-1.8439072655987938,0.0651966560643981,0.9054341581645596,1.118711550160065,-0.21327739199550544,higher_in_Adenoma,CRC_vs_Adenoma,van_elteren_blocked_wilcoxon,Study,,,ok,0.46455330945236906,False
rCLR_Adlercreutzia equolifaciens_1,Adlercreutzia equolifaciens_1,CRC,Adenoma,413,209,5,FengQ_2015;HanniganGD_2017;ThomasAM_2018a;YachidaS_2019;ZellerG_2014,1.816620014593543,0.0692753166546772,-0.4309002509070654,-0.106232978405214,-0.3246672725018514,higher_in_Adenoma,CRC_vs_Adenoma,van_elteren_blocked_wilcoxon,Study,,,ok,0.46455330945236906,False
rCLR_Eubacterium sp. CAG:274,Eubacterium sp. CAG:274,CRC,Adenoma,413,209,5,FengQ_2015;HanniganGD_2017;ThomasAM_2018a;YachidaS_2019;ZellerG_2014,-1.8153775061784103,0.06946591543212995,0.0,0.0,0.0,no_median_difference,CRC_vs_Adenoma,van_elteren_blocked_wilcoxon,Study,,,ok,0.46455330945236906,False
rCLR_Klebsiella pneumoniae,Klebsiella pneumoniae,CRC,Adenoma,413,209,5,FengQ_2015;HanniganGD_2017;ThomasAM_2018a;YachidaS_2019;ZellerG_2014,-1.781953763888059,0.07475677193576283,0.0,0.0,0.0,no_median_difference,CRC_vs_Adenoma,van_elteren_blocked_wilcoxon,Study,,,ok,0.46525106579534165,False
rCLR_Coprobacter fastidiosus,Coprobacter fastidiosus,CRC,Adenoma,386,183,4,FengQ_2015;ThomasAM_2018a;YachidaS_2019;ZellerG_2014,-1.7608338164158017,0.0782665344328612,0.0,0.0,0.0,no_median_difference,CRC_vs_Adenoma,van_elteren_blocked_wilcoxon,Study,,,ok,0.46525106579534165,False
rCLR_Desulfovibrio piger,Desulfovibrio piger,CRC,Adenoma,413,209,5,FengQ_2015;HanniganGD_2017;ThomasAM_2018a;YachidaS_2019;ZellerG_2014,1.6866429355906924,0.09167203082264652,0.0,0.0,0.0,no_median_difference,CRC_vs_Adenoma,van_elteren_blocked_wilcoxon,Study,,,ok,0.5162582788433252,False
rCLR_Gordonibacter pamelaeae,Gordonibacter pamelaeae,CRC,Adenoma,413,209,5,FengQ_2015;HanniganGD_2017;ThomasAM_2018a;YachidaS_2019;ZellerG_2014,-1.6441055690890187,0.10015439780854762,-1.7144396906564752,-0.8680270501030809,-0.8464126405533943,higher_in_Adenoma,CRC_vs_Adenoma,van_elteren_blocked_wilcoxon,Study,,,ok,0.5266005703042739,False
rCLR_Eubacterium sp. CAG:180,Eubacterium sp. CAG:180,CRC,Adenoma,413,209,5,FengQ_2015;HanniganGD_2017;ThomasAM_2018a;YachidaS_2019;ZellerG_2014,1.6288181852746435,0.10335151379803506,0.0,0.0,0.0,no_median_difference,CRC_vs_Adenoma,van_elteren_blocked_wilcoxon,Study,,,ok,0.5266005703042739,False
rCLR_Holdemanella biformis,Holdemanella biformis,CRC,Adenoma,413,209,5,FengQ_2015;HanniganGD_2017;ThomasAM_2018a;YachidaS_2019;ZellerG_2014,1.570505447451292,0.11629756807612812,0.0,0.0,0.0,no_median_difference,CRC_vs_Adenoma,van_elteren_blocked_wilcoxon,Study,,,ok,0.5656290810975323,False
rCLR_Oscillibacter sp. 57_20,Oscillibacter sp. 57_20,CRC,Adenoma,413,209,5,FengQ_2015;HanniganGD_2017;ThomasAM_2018a;YachidaS_2019;ZellerG_2014,1.5236255428209304,0.1276022787224163,0.0,0.0,0.0,no_median_difference,CRC_vs_Adenoma,van_elteren_blocked_wilcoxon,Study,,,ok,0.5680178818998105,False
rCLR_Roseburia intestinalis,Roseburia intestinalis,CRC,Adenoma,413,209,5,FengQ_2015;HanniganGD_2017;ThomasAM_2018a;YachidaS_2019;ZellerG_2014,-1.5133272475621506,0.13019655479799416,0.0,0.0,0.0,no_median_difference,CRC_vs_Adenoma,van_elteren_blocked_wilcoxon,Study,,,ok,0.5680178818998105,False
rCLR_Agathobaculum butyriciproducens,Agathobaculum butyriciproducens,CRC,Adenoma,413,209,5,FengQ_2015;HanniganGD_2017;ThomasAM_2018a;YachidaS_2019;ZellerG_2014,-1.50243439796474,0.13298495835507465,0.0,0.0,0.0,no_median_difference,CRC_vs_Adenoma,van_elteren_blocked_wilcoxon,Study,,,ok,0.5680178818998105,False
rCLR_Phocaeicola vulgatus,Phocaeicola vulgatus,CRC,Adenoma,413,209,5,FengQ_2015;HanniganGD_2017;ThomasAM_2018a;YachidaS_2019;ZellerG_2014,1.4816881503534802,0.1384232915015732,2.626797596674653,1.288244064054569,1.3385535326200841,higher_in_CRC,CRC_vs_Adenoma,van_elteren_blocked_wilcoxon,Study,,,ok,0.5680178818998105,False
rCLR_Dorea longicatena,Dorea longicatena,CRC,Adenoma,413,209,5,FengQ_2015;HanniganGD_2017;ThomasAM_2018a;YachidaS_2019;ZellerG_2014,1.4545963805754045,0.14578103362145892,0.5813214425597143,0.6473407335451558,-0.06601929098544146,higher_in_Adenoma,CRC_vs_Adenoma,van_elteren_blocked_wilcoxon,Study,,,ok,0.5680178818998105,False
rCLR_Collinsella aerofaciens,Collinsella aerofaciens,CRC,Adenoma,413,209,5,FengQ_2015;HanniganGD_2017;ThomasAM_2018a;YachidaS_2019;ZellerG_2014,1.444351260400271,0.14864019339434292,1.4559376102288015,1.4336430029602705,0.022294607268531053,higher_in_CRC,CRC_vs_Adenoma,van_elteren_blocked_wilcoxon,Study,,,ok,0.5680178818998105,False
rCLR_Bacteroides xylanisolvens,Bacteroides xylanisolvens,CRC,Adenoma,413,209,5,FengQ_2015;HanniganGD_2017;ThomasAM_2018a;YachidaS_2019;ZellerG_2014,-1.3762501285676334,0.16874420719262384,0.0,0.0,0.0,no_median_difference,CRC_vs_Adenoma,van_elteren_blocked_wilcoxon,Study,,,ok,0.61042678091543,False
rCLR_Roseburia inulinivorans,Roseburia inulinivorans,CRC,Adenoma,413,209,5,FengQ_2015;HanniganGD_2017;ThomasAM_2018a;YachidaS_2019;ZellerG_2014,-1.3685253405491105,0.1711476955837654,0.2039669034022435,0.2688724873276709,-0.06490558392542739,higher_in_Adenoma,CRC_vs_Adenoma,van_elteren_blocked_wilcoxon,Study,,,ok,0.61042678091543,False
rCLR_Oscillibacter sp. CAG:241,Oscillibacter sp. CAG:241,CRC,Adenoma,413,209,5,FengQ_2015;HanniganGD_2017;ThomasAM_2018a;YachidaS_2019;ZellerG_2014,-1.2600216173783845,0.2076615640454348,0.0,0.0,0.0,no_median_difference,CRC_vs_Adenoma,van_elteren_blocked_wilcoxon,Study,,,ok,0.716767333963275,False
rCLR_Escherichia coli,Escherichia coli,CRC,Adenoma,413,209,5,FengQ_2015;HanniganGD_2017;ThomasAM_2018a;YachidaS_2019;ZellerG_2014,-1.1846369079959516,0.2361610376980816,0.0,0.0,0.0,no_median_difference,CRC_vs_Adenoma,van_elteren_blocked_wilcoxon,Study,,,ok,0.7685866921676404,False
rCLR_Phocaeicola dorei,Phocaeicola dorei,CRC,Adenoma,413,209,5,FengQ_2015;HanniganGD_2017;ThomasAM_2018a;YachidaS_2019;ZellerG_2014,-1.182415803667647,0.2370407555283377,0.0,0.0,0.0,no_median_difference,CRC_vs_Adenoma,van_elteren_blocked_wilcoxon,Study,,,ok,0.7685866921676404,False
rCLR_Intestinibacter bartlettii,Intestinibacter bartlettii,CRC,Adenoma,413,209,5,FengQ_2015;HanniganGD_2017;ThomasAM_2018a;YachidaS_2019;ZellerG_2014,-1.1431158145080855,0.25299050906296283,0.0,0.0,0.0,no_median_difference,CRC_vs_Adenoma,van_elteren_blocked_wilcoxon,Study,,,ok,0.7899565505079789,False
rCLR_Blautia obeum,Blautia obeum,CRC,Adenoma,413,209,5,FengQ_2015;HanniganGD_2017;ThomasAM_2018a;YachidaS_2019;ZellerG_2014,1.1273940429560105,0.2595759165858186,0.0,0.0,0.0,no_median_difference,CRC_vs_Adenoma,van_elteren_blocked_wilcoxon,Study,,,ok,0.7899565505079789,False
rCLR_Odoribacter splanchnicus,Odoribacter splanchnicus,CRC,Adenoma,413,209,5,FengQ_2015;HanniganGD_2017;ThomasAM_2018a;YachidaS_2019;ZellerG_2014,1.091360588587319,0.2751142470942416,0.019679301938924,0.0,0.019679301938924,higher_in_CRC,CRC_vs_Adenoma,van_elteren_blocked_wilcoxon,Study,,,ok,0.7899565505079789,False
rCLR_Coprococcus catus,Coprococcus catus,CRC,Adenoma,413,209,5,FengQ_2015;HanniganGD_2017;ThomasAM_2018a;YachidaS_2019;ZellerG_2014,-1.090090215857482,0.2756734057944392,0.0,0.0,0.0,no_median_difference,CRC_vs_Adenoma,van_elteren_blocked_wilcoxon,Study,,,ok,0.7899565505079789,False
rCLR_Bacteroides cellulosilyticus,Bacteroides cellulosilyticus,CRC,Adenoma,413,209,5,FengQ_2015;HanniganGD_2017;ThomasAM_2018a;YachidaS_2019;ZellerG_2014,1.0790951412566585,0.2805453170028336,0.0,0.0,0.0,no_median_difference,CRC_vs_Adenoma,van_elteren_blocked_wilcoxon,Study,,,ok,0.7899565505079789,False
rCLR_Bacteroides salyersiae,Bacteroides salyersiae,CRC,Adenoma,386,183,4,FengQ_2015;ThomasAM_2018a;YachidaS_2019;ZellerG_2014,-1.0295370959904817,0.30322735726528116,0.0,0.0,0.0,no_median_difference,CRC_vs_Adenoma,van_elteren_blocked_wilcoxon,Study,,,ok,0.799367758837514,False
rCLR_Bacteroides eggerthii,Bacteroides eggerthii,CRC,Adenoma,413,209,5,FengQ_2015;HanniganGD_2017;ThomasAM_2018a;YachidaS_2019;ZellerG_2014,1.0057817436444318,0.31452057115342513,0.0,0.0,0.0,no_median_difference,CRC_vs_Adenoma,van_elteren_blocked_wilcoxon,Study,,,ok,0.799367758837514,False
rCLR_Firmicutes bacterium CAG:83,Firmicutes bacterium CAG:83,CRC,Adenoma,413,209,5,FengQ_2015;HanniganGD_2017;ThomasAM_2018a;YachidaS_2019;ZellerG_2014,1.003616910106484,0.3155633006084311,0.0,0.0,0.0,no_median_difference,CRC_vs_Adenoma,van_elteren_blocked_wilcoxon,Study,,,ok,0.799367758837514,False
rCLR_Bacteroides fragilis,Bacteroides fragilis,CRC,Adenoma,413,209,5,FengQ_2015;HanniganGD_2017;ThomasAM_2018a;YachidaS_2019;ZellerG_2014,-0.9824974703402404,0.3258548285901658,0.0,0.0,0.0,no_median_difference,CRC_vs_Adenoma,van_elteren_blocked_wilcoxon,Study,,,ok,0.799367758837514,False
rCLR_[Ruminococcus] gnavus,[Ruminococcus] gnavus,CRC,Adenoma,413,209,5,FengQ_2015;HanniganGD_2017;ThomasAM_2018a;YachidaS_2019;ZellerG_2014,0.97004869471942,0.3320222205590747,0.0,0.0,0.0,no_median_difference,CRC_vs_Adenoma,van_elteren_blocked_wilcoxon,Study,,,ok,0.799367758837514,False
rCLR_Eubacterium sp. CAG:251,Eubacterium sp. CAG:251,CRC,Adenoma,413,209,5,FengQ_2015;HanniganGD_2017;ThomasAM_2018a;YachidaS_2019;ZellerG_2014,-0.9674996930685152,0.3332942946164066,0.0,0.0,0.0,no_median_difference,CRC_vs_Adenoma,van_elteren_blocked_wilcoxon,Study,,,ok,0.799367758837514,False
rCLR_Veillonella atypica,Veillonella atypica,CRC,Adenoma,413,209,5,FengQ_2015;HanniganGD_2017;ThomasAM_2018a;YachidaS_2019;ZellerG_2014,0.952249760574247,0.3409703302176027,0.0,0.0,0.0,no_median_difference,CRC_vs_Adenoma,van_elteren_blocked_wilcoxon,Study,,,ok,0.799367758837514,False
rCLR_Ruminococcus bicirculans,Ruminococcus bicirculans,CRC,Adenoma,413,209,5,FengQ_2015;HanniganGD_2017;ThomasAM_2018a;YachidaS_2019;ZellerG_2014,-0.9469712502432843,0.34365342903294993,0.0,0.0,0.0,no_median_difference,CRC_vs_Adenoma,van_elteren_blocked_wilcoxon,Study,,,ok,0.799367758837514,False
rCLR_Bacteroides stercoris,Bacteroides stercoris,CRC,Adenoma,413,209,5,FengQ_2015;HanniganGD_2017;ThomasAM_2018a;YachidaS_2019;ZellerG_2014,-0.8821534095638511,0.37769385293899194,0.0,0.0,0.0,no_median_difference,CRC_vs_Adenoma,van_elteren_blocked_wilcoxon,Study,,,ok,0.8507376410980302,False
rCLR_Phascolarctobacterium faecium,Phascolarctobacterium faecium,CRC,Adenoma,413,209,5,FengQ_2015;HanniganGD_2017;ThomasAM_2018a;YachidaS_2019;ZellerG_2014,0.8657181313779023,0.3866447544655979,0.0,0.0,0.0,no_median_difference,CRC_vs_Adenoma,van_elteren_blocked_wilcoxon,Study,,,ok,0.8507376410980302,False
rCLR_Bacteroides thetaiotaomicron,Bacteroides thetaiotaomicron,CRC,Adenoma,413,209,5,FengQ_2015;HanniganGD_2017;ThomasAM_2018a;YachidaS_2019;ZellerG_2014,0.8399160478159482,0.4009554591310117,0.6784510432384974,0.0,0.6784510432384974,higher_in_CRC,CRC_vs_Adenoma,van_elteren_blocked_wilcoxon,Study,,,ok,0.8507376410980302,False
rCLR_Roseburia hominis,Roseburia hominis,CRC,Adenoma,413,209,5,FengQ_2015;HanniganGD_2017;ThomasAM_2018a;YachidaS_2019;ZellerG_2014,-0.8355664271751148,0.4033988624102962,0.0,0.0,0.0,no_median_difference,CRC_vs_Adenoma,van_elteren_blocked_wilcoxon,Study,,,ok,0.8507376410980302,False
rCLR_Barnesiella intestinihominis,Barnesiella intestinihominis,CRC,Adenoma,413,209,5,FengQ_2015;HanniganGD_2017;ThomasAM_2018a;YachidaS_2019;ZellerG_2014,0.8318532672744999,0.40549177285980875,0.0,0.0,0.0,no_median_difference,CRC_vs_Adenoma,van_elteren_blocked_wilcoxon,Study,,,ok,0.8507376410980302,False
rCLR_[Ruminococcus] lactaris,[Ruminococcus] lactaris,CRC,Adenoma,413,209,5,FengQ_2015;HanniganGD_2017;ThomasAM_2018a;YachidaS_2019;ZellerG_2014,-0.7990921994908042,0.4242369524072247,0.0,0.0,0.0,no_median_difference,CRC_vs_Adenoma,van_elteren_blocked_wilcoxon,Study,,,ok,0.8729491136071739,False
rCLR_[Eubacterium] siraeum,[Eubacterium] siraeum,CRC,Adenoma,413,209,5,FengQ_2015;HanniganGD_2017;ThomasAM_2018a;YachidaS_2019;ZellerG_2014,0.77347228782703,0.43924292315241753,0.0,0.0,0.0,no_median_difference,CRC_vs_Adenoma,van_elteren_blocked_wilcoxon,Study,,,ok,0.8867734486284656,False
rCLR_Lachnospira eligens,Lachnospira eligens,CRC,Adenoma,413,209,5,FengQ_2015;HanniganGD_2017;ThomasAM_2018a;YachidaS_2019;ZellerG_2014,-0.7512998895815428,0.45247219565558117,0.0,0.0,0.0,no_median_difference,CRC_vs_Adenoma,van_elteren_blocked_wilcoxon,Study,,,ok,0.8913322826904233,False
rCLR_Megamonas funiformis,Megamonas funiformis,CRC,Adenoma,413,209,5,FengQ_2015;HanniganGD_2017;ThomasAM_2018a;YachidaS_2019;ZellerG_2014,0.7418776741841392,0.45816145371937644,0.0,0.0,0.0,no_median_difference,CRC_vs_Adenoma,van_elteren_blocked_wilcoxon,Study,,,ok,0.8913322826904233,False
rCLR_Butyricimonas virosa,Butyricimonas virosa,CRC,Adenoma,386,183,4,FengQ_2015;ThomasAM_2018a;YachidaS_2019;ZellerG_2014,-0.7148930434813953,0.47467513587819676,0.0,0.0,0.0,no_median_difference,CRC_vs_Adenoma,van_elteren_blocked_wilcoxon,Study,,,ok,0.9057906287890802,False
rCLR_Bacteroides finegoldii,Bacteroides finegoldii,CRC,Adenoma,413,209,5,FengQ_2015;HanniganGD_2017;ThomasAM_2018a;YachidaS_2019;ZellerG_2014,0.694378769569072,0.4874447042671247,0.0,0.0,0.0,no_median_difference,CRC_vs_Adenoma,van_elteren_blocked_wilcoxon,Study,,,ok,0.9057906287890802,False
rCLR_Firmicutes bacterium CAG:110,Firmicutes bacterium CAG:110,CRC,Adenoma,413,209,5,FengQ_2015;HanniganGD_2017;ThomasAM_2018a;YachidaS_2019;ZellerG_2014,-0.688736165706698,0.49098931280155744,0.0,0.0,0.0,no_median_difference,CRC_vs_Adenoma,van_elteren_blocked_wilcoxon,Study,,,ok,0.9057906287890802,False
rCLR_Bacteroides caccae,Bacteroides caccae,CRC,Adenoma,413,209,5,FengQ_2015;HanniganGD_2017;ThomasAM_2018a;YachidaS_2019;ZellerG_2014,-0.6444212108359156,0.519302333865354,0.116005183489753,0.0,0.116005183489753,higher_in_CRC,CRC_vs_Adenoma,van_elteren_blocked_wilcoxon,Study,,,ok,0.9278447706321762,False
rCLR_Bacteroides uniformis,Bacteroides uniformis,CRC,Adenoma,413,209,5,FengQ_2015;HanniganGD_2017;ThomasAM_2018a;YachidaS_2019;ZellerG_2014,-0.6429033935937096,0.5202867872703791,2.3802267392678185,2.0950241782480474,0.28520256101977104,higher_in_CRC,CRC_vs_Adenoma,van_elteren_blocked_wilcoxon,Study,,,ok,0.9278447706321762,False
rCLR_Coprococcus eutactus,Coprococcus eutactus,CRC,Adenoma,413,209,5,FengQ_2015;HanniganGD_2017;ThomasAM_2018a;YachidaS_2019;ZellerG_2014,0.6002363333498268,0.5483487424948398,0.0,0.0,0.0,no_median_difference,CRC_vs_Adenoma,van_elteren_blocked_wilcoxon,Study,,,ok,0.9286273536254385,False
rCLR_Adlercreutzia equolifaciens,Adlercreutzia equolifaciens,CRC,Adenoma,413,209,5,FengQ_2015;HanniganGD_2017;ThomasAM_2018a;YachidaS_2019;ZellerG_2014,0.5858021820995916,0.5580084571842658,-0.207617600223043,0.0,-0.207617600223043,higher_in_Adenoma,CRC_vs_Adenoma,van_elteren_blocked_wilcoxon,Study,,,ok,0.9286273536254385,False
rCLR_Eggerthella lenta,Eggerthella lenta,CRC,Adenoma,413,209,5,FengQ_2015;HanniganGD_2017;ThomasAM_2018a;YachidaS_2019;ZellerG_2014,0.5821021908160309,0.5604978495659328,-0.4130493615239121,0.0,-0.4130493615239121,higher_in_Adenoma,CRC_vs_Adenoma,van_elteren_blocked_wilcoxon,Study,,,ok,0.9286273536254385,False
rCLR_Prevotella copri,Prevotella copri,CRC,Adenoma,413,209,5,FengQ_2015;HanniganGD_2017;ThomasAM_2018a;YachidaS_2019;ZellerG_2014,-0.5808486765356521,0.5613424452850673,0.0,0.0,0.0,no_median_difference,CRC_vs_Adenoma,van_elteren_blocked_wilcoxon,Study,,,ok,0.9286273536254385,False
rCLR_[Ruminococcus] torques,[Ruminococcus] torques,CRC,Adenoma,413,209,5,FengQ_2015;HanniganGD_2017;ThomasAM_2018a;YachidaS_2019;ZellerG_2014,0.5663745387747667,0.5711391992852294,0.2738764107916327,0.5005668917452653,-0.22669048095363253,higher_in_Adenoma,CRC_vs_Adenoma,van_elteren_blocked_wilcoxon,Study,,,ok,0.9286273536254385,False
rCLR_Veillonella parvula,Veillonella parvula,CRC,Adenoma,413,209,5,FengQ_2015;HanniganGD_2017;ThomasAM_2018a;YachidaS_2019;ZellerG_2014,0.5334833003241849,0.5936990680367356,0.0,0.0,0.0,no_median_difference,CRC_vs_Adenoma,van_elteren_blocked_wilcoxon,Study,,,ok,0.9286273536254385,False
rCLR_Klebsiella quasipneumoniae,Klebsiella quasipneumoniae,CRC,Adenoma,413,209,5,FengQ_2015;HanniganGD_2017;ThomasAM_2018a;YachidaS_2019;ZellerG_2014,0.5268718377227245,0.5982825919289183,0.0,0.0,0.0,no_median_difference,CRC_vs_Adenoma,van_elteren_blocked_wilcoxon,Study,,,ok,0.9286273536254385,False
rCLR_Coprococcus comes,Coprococcus comes,CRC,Adenoma,413,209,5,FengQ_2015;HanniganGD_2017;ThomasAM_2018a;YachidaS_2019;ZellerG_2014,-0.5234095055248615,0.6006893107402081,0.0657050302330273,0.2103266732537738,-0.14462164302074648,higher_in_Adenoma,CRC_vs_Adenoma,van_elteren_blocked_wilcoxon,Study,,,ok,0.9286273536254385,False
rCLR_Erysipelatoclostridium ramosum,Erysipelatoclostridium ramosum,CRC,Adenoma,413,209,5,FengQ_2015;HanniganGD_2017;ThomasAM_2018a;YachidaS_2019;ZellerG_2014,-0.5131577559267305,0.607840973383122,0.0,0.0,0.0,no_median_difference,CRC_vs_Adenoma,van_elteren_blocked_wilcoxon,Study,,,ok,0.9286273536254385,False
rCLR_Dorea formicigenerans,Dorea formicigenerans,CRC,Adenoma,413,209,5,FengQ_2015;HanniganGD_2017;ThomasAM_2018a;YachidaS_2019;ZellerG_2014,0.4905165550334784,0.623768417985,0.0692868449877006,0.0,0.0692868449877006,higher_in_CRC,CRC_vs_Adenoma,van_elteren_blocked_wilcoxon,Study,,,ok,0.9286273536254385,False
rCLR_Bifidobacterium pseudocatenulatum,Bifidobacterium pseudocatenulatum,CRC,Adenoma,413,209,5,FengQ_2015;HanniganGD_2017;ThomasAM_2018a;YachidaS_2019;ZellerG_2014,0.4883312082896747,0.6253152595265475,0.0,0.0,0.0,no_median_difference,CRC_vs_Adenoma,van_elteren_blocked_wilcoxon,Study,,,ok,0.9286273536254385,False
rCLR_Faecalibacterium prausnitzii,Faecalibacterium prausnitzii,CRC,Adenoma,413,209,5,FengQ_2015;HanniganGD_2017;ThomasAM_2018a;YachidaS_2019;ZellerG_2014,-0.46608043515088243,0.6411579270083807,2.5477254208771085,2.689282189799794,-0.14155676892268554,higher_in_Adenoma,CRC_vs_Adenoma,van_elteren_blocked_wilcoxon,Study,,,ok,0.9286273536254385,False
rCLR_Alistipes shahii,Alistipes shahii,CRC,Adenoma,413,209,5,FengQ_2015;HanniganGD_2017;ThomasAM_2018a;YachidaS_2019;ZellerG_2014,0.4635174123596456,0.6429935368274416,0.0,0.0,0.0,no_median_difference,CRC_vs_Adenoma,van_elteren_blocked_wilcoxon,Study,,,ok,0.9286273536254385,False
rCLR_Gemmiger formicilis,Gemmiger formicilis,CRC,Adenoma,413,209,5,FengQ_2015;HanniganGD_2017;ThomasAM_2018a;YachidaS_2019;ZellerG_2014,-0.452201114315466,0.6511241055040091,-0.0912931154103753,0.0,-0.0912931154103753,higher_in_Adenoma,CRC_vs_Adenoma,van_elteren_blocked_wilcoxon,Study,,,ok,0.9286273536254385,False
rCLR_Blautia sp. CAG:257,Blautia sp. CAG:257,CRC,Adenoma,413,209,5,FengQ_2015;HanniganGD_2017;ThomasAM_2018a;YachidaS_2019;ZellerG_2014,-0.4414860501473754,0.6588611583259535,0.0,0.0,0.0,no_median_difference,CRC_vs_Adenoma,van_elteren_blocked_wilcoxon,Study,,,ok,0.9286273536254385,False
rCLR_Bacteroides ovatus,Bacteroides ovatus,CRC,Adenoma,413,209,5,FengQ_2015;HanniganGD_2017;ThomasAM_2018a;YachidaS_2019;ZellerG_2014,-0.43256547088758895,0.6653304788994485,0.0,0.0,0.0,no_median_difference,CRC_vs_Adenoma,van_elteren_blocked_wilcoxon,Study,,,ok,0.9286273536254385,False
rCLR_Streptococcus parasanguinis,Streptococcus parasanguinis,CRC,Adenoma,413,209,5,FengQ_2015;HanniganGD_2017;ThomasAM_2018a;YachidaS_2019;ZellerG_2014,0.4228355895594874,0.672415219444686,-0.6435315969440074,-0.4046358707013159,-0.2388957262426915,higher_in_Adenoma,CRC_vs_Adenoma,van_elteren_blocked_wilcoxon,Study,,,ok,0.9286273536254385,False
rCLR_Lawsonibacter asaccharolyticus,Lawsonibacter asaccharolyticus,CRC,Adenoma,413,209,5,FengQ_2015;HanniganGD_2017;ThomasAM_2018a;YachidaS_2019;ZellerG_2014,0.4140964142086068,0.678803498775306,-0.9560568321602264,-0.776448206976164,-0.1796086251840624,higher_in_Adenoma,CRC_vs_Adenoma,van_elteren_blocked_wilcoxon,Study,,,ok,0.9286273536254385,False
rCLR_Alistipes putredinis,Alistipes putredinis,CRC,Adenoma,413,209,5,FengQ_2015;HanniganGD_2017;ThomasAM_2018a;YachidaS_2019;ZellerG_2014,0.39860822398027845,0.6901819009430051,1.220867850674312,0.5331873405840275,0.6876805100902845,higher_in_CRC,CRC_vs_Adenoma,van_elteren_blocked_wilcoxon,Study,,,ok,0.9286273536254385,False
rCLR_Fusicatenibacter saccharivorans,Fusicatenibacter saccharivorans,CRC,Adenoma,413,209,5,FengQ_2015;HanniganGD_2017;ThomasAM_2018a;YachidaS_2019;ZellerG_2014,-0.38528998872277054,0.7000225779407807,0.7902880128944149,0.9573104666243608,-0.16702245372994595,higher_in_Adenoma,CRC_vs_Adenoma,van_elteren_blocked_wilcoxon,Study,,,ok,0.9286273536254385,False
rCLR_Enterocloster bolteae,Enterocloster bolteae,CRC,Adenoma,413,209,5,FengQ_2015;HanniganGD_2017;ThomasAM_2018a;YachidaS_2019;ZellerG_2014,-0.38130143973582037,0.7029795854547711,-0.7907645921888302,0.0,-0.7907645921888302,higher_in_Adenoma,CRC_vs_Adenoma,van_elteren_blocked_wilcoxon,Study,,,ok,0.9286273536254385,False
rCLR_Proteobacteria bacterium CAG:139,Proteobacteria bacterium CAG:139,CRC,Adenoma,386,183,4,FengQ_2015;ThomasAM_2018a;YachidaS_2019;ZellerG_2014,0.331360994950165,0.7403718237106061,0.0,0.0,0.0,no_median_difference,CRC_vs_Adenoma,van_elteren_blocked_wilcoxon,Study,,,ok,0.9342922061046932,False
rCLR_Akkermansia muciniphila,Akkermansia muciniphila,CRC,Adenoma,413,209,5,FengQ_2015;HanniganGD_2017;ThomasAM_2018a;YachidaS_2019;ZellerG_2014,-0.32323163866189125,0.746519821661153,0.0,0.0,0.0,no_median_difference,CRC_vs_Adenoma,van_elteren_blocked_wilcoxon,Study,,,ok,0.9342922061046932,False
rCLR_Bifidobacterium adolescentis,Bifidobacterium adolescentis,CRC,Adenoma,413,209,5,FengQ_2015;HanniganGD_2017;ThomasAM_2018a;YachidaS_2019;ZellerG_2014,0.3184680587677086,0.7501299197762573,0.0,0.0,0.0,no_median_difference,CRC_vs_Adenoma,van_elteren_blocked_wilcoxon,Study,,,ok,0.9342922061046932,False
rCLR_Dialister invisus,Dialister invisus,CRC,Adenoma,413,209,5,FengQ_2015;HanniganGD_2017;ThomasAM_2018a;YachidaS_2019;ZellerG_2014,0.31840484463446883,0.7501778638721708,0.0,0.0,0.0,no_median_difference,CRC_vs_Adenoma,van_elteren_blocked_wilcoxon,Study,,,ok,0.9342922061046932,False
rCLR_Parasutterella excrementihominis,Parasutterella excrementihominis,CRC,Adenoma,413,209,5,FengQ_2015;HanniganGD_2017;ThomasAM_2018a;YachidaS_2019;ZellerG_2014,-0.3174180063456369,0.7509264460280711,0.0,0.0,0.0,no_median_difference,CRC_vs_Adenoma,van_elteren_blocked_wilcoxon,Study,,,ok,0.9342922061046932,False
rCLR_Anaerotignum lactatifermentans,Anaerotignum lactatifermentans,CRC,Adenoma,413,209,5,FengQ_2015;HanniganGD_2017;ThomasAM_2018a;YachidaS_2019;ZellerG_2014,0.2927440274995807,0.7697178142741786,0.0,0.0,0.0,no_median_difference,CRC_vs_Adenoma,van_elteren_blocked_wilcoxon,Study,,,ok,0.9466644382452541,False
rCLR_Eubacterium ramulus,Eubacterium ramulus,CRC,Adenoma,413,209,5,FengQ_2015;HanniganGD_2017;ThomasAM_2018a;YachidaS_2019;ZellerG_2014,0.2382663452814193,0.8116745223184421,0.0,0.0,0.0,no_median_difference,CRC_vs_Adenoma,van_elteren_blocked_wilcoxon,Study,,,ok,0.960086407595017,False
rCLR_Klebsiella variicola,Klebsiella variicola,CRC,Adenoma,413,209,5,FengQ_2015;HanniganGD_2017;ThomasAM_2018a;YachidaS_2019;ZellerG_2014,-0.23515709561984569,0.8140868050205842,0.0,0.0,0.0,no_median_difference,CRC_vs_Adenoma,van_elteren_blocked_wilcoxon,Study,,,ok,0.960086407595017,False
rCLR_Alistipes inops,Alistipes inops,CRC,Adenoma,413,209,5,FengQ_2015;HanniganGD_2017;ThomasAM_2018a;YachidaS_2019;ZellerG_2014,0.2298541675083481,0.8182050917994199,0.0,0.0,0.0,no_median_difference,CRC_vs_Adenoma,van_elteren_blocked_wilcoxon,Study,,,ok,0.960086407595017,False
rCLR_Blautia wexlerae,Blautia wexlerae,CRC,Adenoma,413,209,5,FengQ_2015;HanniganGD_2017;ThomasAM_2018a;YachidaS_2019;ZellerG_2014,0.20382547530582368,0.8384898843085482,-0.4193669085033444,0.0,-0.4193669085033444,higher_in_Adenoma,CRC_vs_Adenoma,van_elteren_blocked_wilcoxon,Study,,,ok,0.960086407595017,False
rCLR_Eubacterium sp. CAG:38,Eubacterium sp. CAG:38,CRC,Adenoma,413,209,5,FengQ_2015;HanniganGD_2017;ThomasAM_2018a;YachidaS_2019;ZellerG_2014,-0.19512357606237446,0.8452962062683981,0.0,0.0,0.0,no_median_difference,CRC_vs_Adenoma,van_elteren_blocked_wilcoxon,Study,,,ok,0.960086407595017,False
rCLR_Anaerobutyricum hallii,Anaerobutyricum hallii,CRC,Adenoma,413,209,5,FengQ_2015;HanniganGD_2017;ThomasAM_2018a;YachidaS_2019;ZellerG_2014,0.18201433589596397,0.8555714754080296,0.0,0.0,0.0,no_median_difference,CRC_vs_Adenoma,van_elteren_blocked_wilcoxon,Study,,,ok,0.960086407595017,False
rCLR_Methanobrevibacter smithii,Methanobrevibacter smithii,CRC,Adenoma,384,182,4,FengQ_2015;HanniganGD_2017;YachidaS_2019;ZellerG_2014,0.15467867677557642,0.8770746411223929,0.0,0.0,0.0,no_median_difference,CRC_vs_Adenoma,van_elteren_blocked_wilcoxon,Study,,,ok,0.960086407595017,False
rCLR_Firmicutes bacterium CAG:145,Firmicutes bacterium CAG:145,CRC,Adenoma,413,209,5,FengQ_2015;HanniganGD_2017;ThomasAM_2018a;YachidaS_2019;ZellerG_2014,-0.1534439065292652,0.8780482224287215,0.0,0.0,0.0,no_median_difference,CRC_vs_Adenoma,van_elteren_blocked_wilcoxon,Study,,,ok,0.960086407595017,False
rCLR_Acidaminococcus intestini,Acidaminococcus intestini,CRC,Adenoma,413,209,5,FengQ_2015;HanniganGD_2017;ThomasAM_2018a;YachidaS_2019;ZellerG_2014,0.15241592658235364,0.8788588962367255,0.0,0.0,0.0,no_median_difference,CRC_vs_Adenoma,van_elteren_blocked_wilcoxon,Study,,,ok,0.960086407595017,False
rCLR_Phocaeicola massiliensis,Phocaeicola massiliensis,CRC,Adenoma,413,209,5,FengQ_2015;HanniganGD_2017;ThomasAM_2018a;YachidaS_2019;ZellerG_2014,0.15139149247911068,0.8796669001331905,0.0,0.0,0.0,no_median_difference,CRC_vs_Adenoma,van_elteren_blocked_wilcoxon,Study,,,ok,0.960086407595017,False
rCLR_Streptococcus salivarius,Streptococcus salivarius,CRC,Adenoma,413,209,5,FengQ_2015;HanniganGD_2017;ThomasAM_2018a;YachidaS_2019;ZellerG_2014,0.1402513792230152,0.8884613782858627,-0.240992771197233,-0.0326995331540096,-0.20829323804322342,higher_in_Adenoma,CRC_vs_Adenoma,van_elteren_blocked_wilcoxon,Study,,,ok,0.960086407595017,False
rCLR_Bacteroides sp. CAG:144,Bacteroides sp. CAG:144,CRC,Adenoma,386,183,4,FengQ_2015;ThomasAM_2018a;YachidaS_2019;ZellerG_2014,0.13072581211655415,0.8959922124487265,0.0,0.0,0.0,no_median_difference,CRC_vs_Adenoma,van_elteren_blocked_wilcoxon,Study,,,ok,0.960086407595017,False
rCLR_Phocaeicola coprocola,Phocaeicola coprocola,CRC,Adenoma,413,209,5,FengQ_2015;HanniganGD_2017;ThomasAM_2018a;YachidaS_2019;ZellerG_2014,0.1291019027366185,0.8972770164439411,0.0,0.0,0.0,no_median_difference,CRC_vs_Adenoma,van_elteren_blocked_wilcoxon,Study,,,ok,0.960086407595017,False
rCLR_Bifidobacterium bifidum,Bifidobacterium bifidum,CRC,Adenoma,413,209,5,FengQ_2015;HanniganGD_2017;ThomasAM_2018a;YachidaS_2019;ZellerG_2014,-0.10056073396333715,0.9198991683997135,0.0,0.0,0.0,no_median_difference,CRC_vs_Adenoma,van_elteren_blocked_wilcoxon,Study,,,ok,0.9665856765772348,False
rCLR_Slackia isoflavoniconvertens,Slackia isoflavoniconvertens,CRC,Adenoma,413,209,5,FengQ_2015;HanniganGD_2017;ThomasAM_2018a;YachidaS_2019;ZellerG_2014,0.09864754128219501,0.9214181215969902,0.0,0.0,0.0,no_median_difference,CRC_vs_Adenoma,van_elteren_blocked_wilcoxon,Study,,,ok,0.9665856765772348,False
rCLR_Eubacterium ventriosum,Eubacterium ventriosum,CRC,Adenoma,413,209,5,FengQ_2015;HanniganGD_2017;ThomasAM_2018a;YachidaS_2019;ZellerG_2014,-0.054446161271986274,0.9565797019947304,0.0,0.0,0.0,no_median_difference,CRC_vs_Adenoma,van_elteren_blocked_wilcoxon,Study,,,ok,0.9904630272645294,False
rCLR_Bifidobacterium longum,Bifidobacterium longum,CRC,Adenoma,413,209,5,FengQ_2015;HanniganGD_2017;ThomasAM_2018a;YachidaS_2019;ZellerG_2014,-0.040839356545916715,0.9674239635307554,0.0,0.0301793223175281,-0.0301793223175281,higher_in_Adenoma,CRC_vs_Adenoma,van_elteren_blocked_wilcoxon,Study,,,ok,0.9904630272645294,False
rCLR_Anaerostipes hadrus,Anaerostipes hadrus,CRC,Adenoma,413,209,5,FengQ_2015;HanniganGD_2017;ThomasAM_2018a;YachidaS_2019;ZellerG_2014,0.0351630828259495,0.9719496996521083,0.4681626897382334,0.8758888129320501,-0.40772612319381674,higher_in_Adenoma,CRC_vs_Adenoma,van_elteren_blocked_wilcoxon,Study,,,ok,0.9904630272645294,False
rCLR_Ruminococcus bromii,Ruminococcus bromii,CRC,Adenoma,413,209,5,FengQ_2015;HanniganGD_2017;ThomasAM_2018a;YachidaS_2019;ZellerG_2014,0.013083732029287096,0.989560990048989,0.0,0.0,0.0,no_median_difference,CRC_vs_Adenoma,van_elteren_blocked_wilcoxon,Study,,,ok,0.998896471087187,False
rCLR_Parabacteroides distasonis,Parabacteroides distasonis,CRC,Adenoma,413,209,5,FengQ_2015;HanniganGD_2017;ThomasAM_2018a;YachidaS_2019;ZellerG_2014,0.0,1.0,1.3991929378777708,0.535900551780591,0.8632923860971797,higher_in_CRC,CRC_vs_Adenoma,van_elteren_blocked_wilcoxon,Study,,,ok,1.0,False
rCLR_Paraprevotella xylaniphila,Paraprevotella xylaniphila,CRC,Control,238,276,9,FengQ_2015;ThomasAM_2018a;ThomasAM_2018b;ThomasAM_2019_c;VogtmannE_2016;WirbelJ_2018;YachidaS_2019;YuJ_2015;ZellerG_2014,-2.9665634803682854,0.003011481860028274,0.0,0.0,0.0,no_median_difference,CRC_vs_Control_Female,van_elteren_blocked_wilcoxon,Study,Female,,ok,0.18566724349921598,False
rCLR_Dorea formicigenerans,Dorea formicigenerans,CRC,Control,245,293,10,FengQ_2015;HanniganGD_2017;ThomasAM_2018a;ThomasAM_2018b;ThomasAM_2019_c;VogtmannE_2016;WirbelJ_2018;YachidaS_2019;YuJ_2015;ZellerG_2014,2.89297899214802,0.003816068201523005,0.0332256518713798,0.0,0.0332256518713798,higher_in_CRC,CRC_vs_Control_Female,van_elteren_blocked_wilcoxon,Study,Female,,ok,0.18566724349921598,False
rCLR_[Ruminococcus] torques,[Ruminococcus] torques,CRC,Control,245,293,10,FengQ_2015;HanniganGD_2017;ThomasAM_2018a;ThomasAM_2018b;ThomasAM_2019_c;VogtmannE_2016;WirbelJ_2018;YachidaS_2019;YuJ_2015;ZellerG_2014,2.7940263518260307,0.0052056236495107286,0.0,0.0,0.0,no_median_difference,CRC_vs_Control_Female,van_elteren_blocked_wilcoxon,Study,Female,,ok,0.18566724349921598,False
rCLR_Streptococcus thermophilus,Streptococcus thermophilus,CRC,Control,245,293,10,FengQ_2015;HanniganGD_2017;ThomasAM_2018a;ThomasAM_2018b;ThomasAM_2019_c;VogtmannE_2016;WirbelJ_2018;YachidaS_2019;YuJ_2015;ZellerG_2014,-2.538343868678943,0.011137848765388425,0.0,0.0,0.0,no_median_difference,CRC_vs_Control_Female,van_elteren_blocked_wilcoxon,Study,Female,,ok,0.2979374544741404,False
rCLR_Ruthenibacterium lactatiformans,Ruthenibacterium lactatiformans,CRC,Control,245,293,10,FengQ_2015;HanniganGD_2017;ThomasAM_2018a;ThomasAM_2018b;ThomasAM_2019_c;VogtmannE_2016;WirbelJ_2018;YachidaS_2019;YuJ_2015;ZellerG_2014,2.4556993319024807,0.014061074719254855,-0.0779354935696525,-0.7060731754646964,0.6281376818950439,higher_in_CRC,CRC_vs_Control_Female,van_elteren_blocked_wilcoxon,Study,Female,,ok,0.3009069989920539,False
rCLR_Collinsella aerofaciens,Collinsella aerofaciens,CRC,Control,245,293,10,FengQ_2015;HanniganGD_2017;ThomasAM_2018a;ThomasAM_2018b;ThomasAM_2019_c;VogtmannE_2016;WirbelJ_2018;YachidaS_2019;YuJ_2015;ZellerG_2014,2.088102403607748,0.036788598288493346,1.077392941148039,0.9760473649548989,0.10134557619314011,higher_in_CRC,CRC_vs_Control_Female,van_elteren_blocked_wilcoxon,Study,Female,,ok,0.6560633361447981,False
rCLR_Methanobrevibacter smithii,Methanobrevibacter smithii,CRC,Control,239,282,9,FengQ_2015;HanniganGD_2017;ThomasAM_2018b;ThomasAM_2019_c;VogtmannE_2016;WirbelJ_2018;YachidaS_2019;YuJ_2015;ZellerG_2014,1.8875434893964749,0.05908726268883699,0.0,0.0,0.0,no_median_difference,CRC_vs_Control_Female,van_elteren_blocked_wilcoxon,Study,Female,,ok,0.6951959399326079,False
rCLR_Lachnospira pectinoschiza,Lachnospira pectinoschiza,CRC,Control,245,293,10,FengQ_2015;HanniganGD_2017;ThomasAM_2018a;ThomasAM_2018b;ThomasAM_2019_c;VogtmannE_2016;WirbelJ_2018;YachidaS_2019;YuJ_2015;ZellerG_2014,-1.8681865690768218,0.061736070216041855,0.0,0.0,0.0,no_median_difference,CRC_vs_Control_Female,van_elteren_blocked_wilcoxon,Study,Female,,ok,0.6951959399326079,False
rCLR_Anaerostipes hadrus,Anaerostipes hadrus,CRC,Control,245,293,10,FengQ_2015;HanniganGD_2017;ThomasAM_2018a;ThomasAM_2018b;ThomasAM_2019_c;VogtmannE_2016;WirbelJ_2018;YachidaS_2019;YuJ_2015;ZellerG_2014,-1.85493584463596,0.06360538856677149,0.516836364143043,0.927370972419243,-0.41053460827620003,higher_in_Control,CRC_vs_Control_Female,van_elteren_blocked_wilcoxon,Study,Female,,ok,0.6951959399326079,False
rCLR_Bacteroides stercoris,Bacteroides stercoris,CRC,Control,245,293,10,FengQ_2015;HanniganGD_2017;ThomasAM_2018a;ThomasAM_2018b;ThomasAM_2019_c;VogtmannE_2016;WirbelJ_2018;YachidaS_2019;YuJ_2015;ZellerG_2014,-1.8261612755899557,0.06782597249069167,0.0,0.0,0.0,no_median_difference,CRC_vs_Control_Female,van_elteren_blocked_wilcoxon,Study,Female,,ok,0.6951959399326079,False
rCLR_Coprobacter fastidiosus,Coprobacter fastidiosus,CRC,Control,238,276,9,FengQ_2015;ThomasAM_2018a;ThomasAM_2018b;ThomasAM_2019_c;VogtmannE_2016;WirbelJ_2018;YachidaS_2019;YuJ_2015;ZellerG_2014,-1.7603004217694465,0.07835688271077591,0.0,0.0,0.0,no_median_difference,CRC_vs_Control_Female,van_elteren_blocked_wilcoxon,Study,Female,,ok,0.6951959399326079,False
rCLR_Bacteroides fragilis,Bacteroides fragilis,CRC,Control,245,293,10,FengQ_2015;HanniganGD_2017;ThomasAM_2018a;ThomasAM_2018b;ThomasAM_2019_c;VogtmannE_2016;WirbelJ_2018;YachidaS_2019;YuJ_2015;ZellerG_2014,1.7304437510777926,0.08355102275841296,0.0,0.0,0.0,no_median_difference,CRC_vs_Control_Female,van_elteren_blocked_wilcoxon,Study,Female,,ok,0.6951959399326079,False
rCLR_Coprococcus catus,Coprococcus catus,CRC,Control,245,293,10,FengQ_2015;HanniganGD_2017;ThomasAM_2018a;ThomasAM_2018b;ThomasAM_2019_c;VogtmannE_2016;WirbelJ_2018;YachidaS_2019;YuJ_2015;ZellerG_2014,1.6612844137673772,0.09665633883496987,0.0,0.0,0.0,no_median_difference,CRC_vs_Control_Female,van_elteren_blocked_wilcoxon,Study,Female,,ok,0.6951959399326079,False
rCLR_Firmicutes bacterium CAG:145,Firmicutes bacterium CAG:145,CRC,Control,245,293,10,FengQ_2015;HanniganGD_2017;ThomasAM_2018a;ThomasAM_2018b;ThomasAM_2019_c;VogtmannE_2016;WirbelJ_2018;YachidaS_2019;YuJ_2015;ZellerG_2014,1.6445478188387466,0.10006309529753202,0.0,0.0,0.0,no_median_difference,CRC_vs_Control_Female,van_elteren_blocked_wilcoxon,Study,Female,,ok,0.6951959399326079,False
rCLR_Bifidobacterium adolescentis,Bifidobacterium adolescentis,CRC,Control,245,293,10,FengQ_2015;HanniganGD_2017;ThomasAM_2018a;ThomasAM_2018b;ThomasAM_2019_c;VogtmannE_2016;WirbelJ_2018;YachidaS_2019;YuJ_2015;ZellerG_2014,-1.5927428419671528,0.11121789235047762,0.0,0.0,0.0,no_median_difference,CRC_vs_Control_Female,van_elteren_blocked_wilcoxon,Study,Female,,ok,0.6951959399326079,False
rCLR_Bacteroides caccae,Bacteroides caccae,CRC,Control,245,293,10,FengQ_2015;HanniganGD_2017;ThomasAM_2018a;ThomasAM_2018b;ThomasAM_2019_c;VogtmannE_2016;WirbelJ_2018;YachidaS_2019;YuJ_2015;ZellerG_2014,1.578806372046515,0.11438047659532996,0.348635246857468,0.0,0.348635246857468,higher_in_CRC,CRC_vs_Control_Female,van_elteren_blocked_wilcoxon,Study,Female,,ok,0.6951959399326079,False
rCLR_Alistipes finegoldii,Alistipes finegoldii,CRC,Control,245,293,10,FengQ_2015;HanniganGD_2017;ThomasAM_2018a;ThomasAM_2018b;ThomasAM_2019_c;VogtmannE_2016;WirbelJ_2018;YachidaS_2019;YuJ_2015;ZellerG_2014,1.5529216822734462,0.12044184612158644,0.0,0.0,0.0,no_median_difference,CRC_vs_Control_Female,van_elteren_blocked_wilcoxon,Study,Female,,ok,0.6951959399326079,False
rCLR_Clostridium sp. CAG:58,Clostridium sp. CAG:58,CRC,Control,245,293,10,FengQ_2015;HanniganGD_2017;ThomasAM_2018a;ThomasAM_2018b;ThomasAM_2019_c;VogtmannE_2016;WirbelJ_2018;YachidaS_2019;YuJ_2015;ZellerG_2014,1.525178583422627,0.12721456085774233,0.0,0.0,0.0,no_median_difference,CRC_vs_Control_Female,van_elteren_blocked_wilcoxon,Study,Female,,ok,0.6951959399326079,False
rCLR_Proteobacteria bacterium CAG:139,Proteobacteria bacterium CAG:139,CRC,Control,245,293,10,FengQ_2015;HanniganGD_2017;ThomasAM_2018a;ThomasAM_2018b;ThomasAM_2019_c;VogtmannE_2016;WirbelJ_2018;YachidaS_2019;YuJ_2015;ZellerG_2014,-1.5223231197616038,0.12792813780766366,0.0,0.0,0.0,no_median_difference,CRC_vs_Control_Female,van_elteren_blocked_wilcoxon,Study,Female,,ok,0.6951959399326079,False
rCLR_Bifidobacterium pseudocatenulatum,Bifidobacterium pseudocatenulatum,CRC,Control,245,293,10,FengQ_2015;HanniganGD_2017;ThomasAM_2018a;ThomasAM_2018b;ThomasAM_2019_c;VogtmannE_2016;WirbelJ_2018;YachidaS_2019;YuJ_2015;ZellerG_2014,1.4940661097651082,0.13515834086686915,0.0,0.0,0.0,no_median_difference,CRC_vs_Control_Female,van_elteren_blocked_wilcoxon,Study,Female,,ok,0.6951959399326079,False
rCLR_Flavonifractor plautii,Flavonifractor plautii,CRC,Control,245,293,10,FengQ_2015;HanniganGD_2017;ThomasAM_2018a;ThomasAM_2018b;ThomasAM_2019_c;VogtmannE_2016;WirbelJ_2018;YachidaS_2019;YuJ_2015;ZellerG_2014,1.4863967266421445,0.137174215141026,0.0,-0.109358632166439,0.109358632166439,higher_in_CRC,CRC_vs_Control_Female,van_elteren_blocked_wilcoxon,Study,Female,,ok,0.6951959399326079,False
rCLR_Streptococcus salivarius,Streptococcus salivarius,CRC,Control,245,293,10,FengQ_2015;HanniganGD_2017;ThomasAM_2018a;ThomasAM_2018b;ThomasAM_2019_c;VogtmannE_2016;WirbelJ_2018;YachidaS_2019;YuJ_2015;ZellerG_2014,-1.464939286575173,0.14293748297679787,-0.8863675442220276,-0.4831914600310703,-0.4031760841909573,higher_in_Control,CRC_vs_Control_Female,van_elteren_blocked_wilcoxon,Study,Female,,ok,0.6951959399326079,False
rCLR_Phocaeicola coprocola,Phocaeicola coprocola,CRC,Control,238,276,9,FengQ_2015;ThomasAM_2018a;ThomasAM_2018b;ThomasAM_2019_c;VogtmannE_2016;WirbelJ_2018;YachidaS_2019;YuJ_2015;ZellerG_2014,1.4394740572038647,0.15001625512261452,0.0,0.0,0.0,no_median_difference,CRC_vs_Control_Female,van_elteren_blocked_wilcoxon,Study,Female,,ok,0.6979017086139023,False
rCLR_Parabacteroides distasonis,Parabacteroides distasonis,CRC,Control,245,293,10,FengQ_2015;HanniganGD_2017;ThomasAM_2018a;ThomasAM_2018b;ThomasAM_2019_c;VogtmannE_2016;WirbelJ_2018;YachidaS_2019;YuJ_2015;ZellerG_2014,1.3771415353298377,0.16846849326979496,1.2857888643747115,0.7803428334199145,0.505446030954797,higher_in_CRC,CRC_vs_Control_Female,van_elteren_blocked_wilcoxon,Study,Female,,ok,0.7510886991611692,False
rCLR_Parvimonas micra,Parvimonas micra,CRC,Control,238,276,9,FengQ_2015;ThomasAM_2018a;ThomasAM_2018b;ThomasAM_2019_c;VogtmannE_2016;WirbelJ_2018;YachidaS_2019;YuJ_2015;ZellerG_2014,-1.3198281428198613,0.1868924031538789,0.0,0.0,0.0,no_median_difference,CRC_vs_Control_Female,van_elteren_blocked_wilcoxon,Study,Female,,ok,0.7998994854986017,False
rCLR_Desulfovibrio piger,Desulfovibrio piger,CRC,Control,238,276,9,FengQ_2015;ThomasAM_2018a;ThomasAM_2018b;ThomasAM_2019_c;VogtmannE_2016;WirbelJ_2018;YachidaS_2019;YuJ_2015;ZellerG_2014,1.2640809098594845,0.20620098779339557,0.0,0.0,0.0,no_median_difference,CRC_vs_Control_Female,van_elteren_blocked_wilcoxon,Study,Female,,ok,0.848596372842051,False
rCLR_[Ruminococcus] lactaris,[Ruminococcus] lactaris,CRC,Control,245,293,10,FengQ_2015;HanniganGD_2017;ThomasAM_2018a;ThomasAM_2018b;ThomasAM_2019_c;VogtmannE_2016;WirbelJ_2018;YachidaS_2019;YuJ_2015;ZellerG_2014,-1.2315430227616906,0.21811983603421992,0.0,0.0,0.0,no_median_difference,CRC_vs_Control_Female,van_elteren_blocked_wilcoxon,Study,Female,,ok,0.8644008316911679,False
rCLR_Firmicutes bacterium CAG:83,Firmicutes bacterium CAG:83,CRC,Control,245,293,10,FengQ_2015;HanniganGD_2017;ThomasAM_2018a;ThomasAM_2018b;ThomasAM_2019_c;VogtmannE_2016;WirbelJ_2018;YachidaS_2019;YuJ_2015;ZellerG_2014,1.1716283783456527,0.24134628942632952,0.0,0.0,0.0,no_median_difference,CRC_vs_Control_Female,van_elteren_blocked_wilcoxon,Study,Female,,ok,0.8955669649643254,False
rCLR_Eubacterium sp. CAG:274,Eubacterium sp. CAG:274,CRC,Control,238,276,9,FengQ_2015;ThomasAM_2018a;ThomasAM_2018b;ThomasAM_2019_c;VogtmannE_2016;WirbelJ_2018;YachidaS_2019;YuJ_2015;ZellerG_2014,-1.1624577747293856,0.24504956698342362,0.0,0.0,0.0,no_median_difference,CRC_vs_Control_Female,van_elteren_blocked_wilcoxon,Study,Female,,ok,0.8955669649643254,False
rCLR_Streptococcus parasanguinis,Streptococcus parasanguinis,CRC,Control,245,293,10,FengQ_2015;HanniganGD_2017;ThomasAM_2018a;ThomasAM_2018b;ThomasAM_2019_c;VogtmannE_2016;WirbelJ_2018;YachidaS_2019;YuJ_2015;ZellerG_2014,-1.1464428975660739,0.2516119416338556,-0.8697161015993402,-0.7208807482542329,-0.14883535334510734,higher_in_Control,CRC_vs_Control_Female,van_elteren_blocked_wilcoxon,Study,Female,,ok,0.8955669649643254,False
rCLR_Bacteroides thetaiotaomicron,Bacteroides thetaiotaomicron,CRC,Control,245,293,10,FengQ_2015;HanniganGD_2017;ThomasAM_2018a;ThomasAM_2018b;ThomasAM_2019_c;VogtmannE_2016;WirbelJ_2018;YachidaS_2019;YuJ_2015;ZellerG_2014,1.119791179225831,0.26280275902004036,0.9549473576183064,0.2508100681891166,0.7041372894291897,higher_in_CRC,CRC_vs_Control_Female,van_elteren_blocked_wilcoxon,Study,Female,,ok,0.8955669649643254,False
rCLR_Alistipes inops,Alistipes inops,CRC,Control,245,293,10,FengQ_2015;HanniganGD_2017;ThomasAM_2018a;ThomasAM_2018b;ThomasAM_2019_c;VogtmannE_2016;WirbelJ_2018;YachidaS_2019;YuJ_2015;ZellerG_2014,1.1073005815037913,0.26816399302058835,0.0,0.0,0.0,no_median_difference,CRC_vs_Control_Female,van_elteren_blocked_wilcoxon,Study,Female,,ok,0.8955669649643254,False
rCLR_Parabacteroides merdae,Parabacteroides merdae,CRC,Control,245,293,10,FengQ_2015;HanniganGD_2017;ThomasAM_2018a;ThomasAM_2018b;ThomasAM_2019_c;VogtmannE_2016;WirbelJ_2018;YachidaS_2019;YuJ_2015;ZellerG_2014,1.0803800546795659,0.27997297390186693,0.667898622240513,0.0,0.667898622240513,higher_in_CRC,CRC_vs_Control_Female,van_elteren_blocked_wilcoxon,Study,Female,,ok,0.8955669649643254,False
rCLR_Eubacterium ventriosum,Eubacterium ventriosum,CRC,Control,245,293,10,FengQ_2015;HanniganGD_2017;ThomasAM_2018a;ThomasAM_2018b;ThomasAM_2019_c;VogtmannE_2016;WirbelJ_2018;YachidaS_2019;YuJ_2015;ZellerG_2014,-1.059067454135376,0.28956906075166644,0.0,0.0,0.0,no_median_difference,CRC_vs_Control_Female,van_elteren_blocked_wilcoxon,Study,Female,,ok,0.8955669649643254,False
rCLR_Anaerobutyricum hallii,Anaerobutyricum hallii,CRC,Control,245,293,10,FengQ_2015;HanniganGD_2017;ThomasAM_2018a;ThomasAM_2018b;ThomasAM_2019_c;VogtmannE_2016;WirbelJ_2018;YachidaS_2019;YuJ_2015;ZellerG_2014,-0.9698195475401347,0.3321364474850983,-0.0002477878591893,0.0,-0.0002477878591893,higher_in_Control,CRC_vs_Control_Female,van_elteren_blocked_wilcoxon,Study,Female,,ok,0.8955669649643254,False
rCLR_Fusicatenibacter saccharivorans,Fusicatenibacter saccharivorans,CRC,Control,245,293,10,FengQ_2015;HanniganGD_2017;ThomasAM_2018a;ThomasAM_2018b;ThomasAM_2019_c;VogtmannE_2016;WirbelJ_2018;YachidaS_2019;YuJ_2015;ZellerG_2014,0.9646368493265091,0.33472673581187506,0.8313440151046941,0.9047063940957744,-0.07336237899108022,higher_in_Control,CRC_vs_Control_Female,van_elteren_blocked_wilcoxon,Study,Female,,ok,0.8955669649643254,False
rCLR_Eubacterium sp. CAG:251,Eubacterium sp. CAG:251,CRC,Control,245,293,10,FengQ_2015;HanniganGD_2017;ThomasAM_2018a;ThomasAM_2018b;ThomasAM_2019_c;VogtmannE_2016;WirbelJ_2018;YachidaS_2019;YuJ_2015;ZellerG_2014,-0.9289729468698308,0.35290310659123547,0.0,0.0,0.0,no_median_difference,CRC_vs_Control_Female,van_elteren_blocked_wilcoxon,Study,Female,,ok,0.8955669649643254,False
rCLR_Bacteroides cellulosilyticus,Bacteroides cellulosilyticus,CRC,Control,245,293,10,FengQ_2015;HanniganGD_2017;ThomasAM_2018a;ThomasAM_2018b;ThomasAM_2019_c;VogtmannE_2016;WirbelJ_2018;YachidaS_2019;YuJ_2015;ZellerG_2014,0.9183398052387292,0.35844099402018437,0.0,0.0,0.0,no_median_difference,CRC_vs_Control_Female,van_elteren_blocked_wilcoxon,Study,Female,,ok,0.8955669649643254,False
rCLR_Eggerthella lenta,Eggerthella lenta,CRC,Control,245,293,10,FengQ_2015;HanniganGD_2017;ThomasAM_2018a;ThomasAM_2018b;ThomasAM_2019_c;VogtmannE_2016;WirbelJ_2018;YachidaS_2019;YuJ_2015;ZellerG_2014,-0.9122345819410371,0.36164524306358414,-0.5647522758888598,-0.4448993943147238,-0.11985288157413598,higher_in_Control,CRC_vs_Control_Female,van_elteren_blocked_wilcoxon,Study,Female,,ok,0.8955669649643254,False
rCLR_Faecalibacterium prausnitzii,Faecalibacterium prausnitzii,CRC,Control,245,293,10,FengQ_2015;HanniganGD_2017;ThomasAM_2018a;ThomasAM_2018b;ThomasAM_2019_c;VogtmannE_2016;WirbelJ_2018;YachidaS_2019;YuJ_2015;ZellerG_2014,-0.8868829349590407,0.37514193016467245,2.4619031635848283,2.679169844515793,-0.2172666809309649,higher_in_Control,CRC_vs_Control_Female,van_elteren_blocked_wilcoxon,Study,Female,,ok,0.8955669649643254,False
rCLR_Bacteroides uniformis,Bacteroides uniformis,CRC,Control,245,293,10,FengQ_2015;HanniganGD_2017;ThomasAM_2018a;ThomasAM_2018b;ThomasAM_2019_c;VogtmannE_2016;WirbelJ_2018;YachidaS_2019;YuJ_2015;ZellerG_2014,-0.8850575706135356,0.37612558185441614,2.598744891447362,2.5330373500435903,0.06570754140377177,higher_in_CRC,CRC_vs_Control_Female,van_elteren_blocked_wilcoxon,Study,Female,,ok,0.8955669649643254,False
rCLR_Phocaeicola vulgatus,Phocaeicola vulgatus,CRC,Control,245,293,10,FengQ_2015;HanniganGD_2017;ThomasAM_2018a;ThomasAM_2018b;ThomasAM_2019_c;VogtmannE_2016;WirbelJ_2018;YachidaS_2019;YuJ_2015;ZellerG_2014,-0.8469992981180305,0.3969955126685075,2.571256746600866,2.5162761460110525,0.054980600589813466,higher_in_CRC,CRC_vs_Control_Female,van_elteren_blocked_wilcoxon,Study,Female,,ok,0.8955669649643254,False
rCLR_Phocaeicola dorei,Phocaeicola dorei,CRC,Control,245,293,10,FengQ_2015;HanniganGD_2017;ThomasAM_2018a;ThomasAM_2018b;ThomasAM_2019_c;VogtmannE_2016;WirbelJ_2018;YachidaS_2019;YuJ_2015;ZellerG_2014,-0.8379742021465677,0.40204519248422055,0.0,0.0,0.0,no_median_difference,CRC_vs_Control_Female,van_elteren_blocked_wilcoxon,Study,Female,,ok,0.8955669649643254,False
rCLR_Phascolarctobacterium succinatutens,Phascolarctobacterium succinatutens,CRC,Control,245,293,10,FengQ_2015;HanniganGD_2017;ThomasAM_2018a;ThomasAM_2018b;ThomasAM_2019_c;VogtmannE_2016;WirbelJ_2018;YachidaS_2019;YuJ_2015;ZellerG_2014,0.8338172683791185,0.40438396287605627,0.0,0.0,0.0,no_median_difference,CRC_vs_Control_Female,van_elteren_blocked_wilcoxon,Study,Female,,ok,0.8955669649643254,False
rCLR_[Eubacterium] siraeum,[Eubacterium] siraeum,CRC,Control,245,293,10,FengQ_2015;HanniganGD_2017;ThomasAM_2018a;ThomasAM_2018b;ThomasAM_2019_c;VogtmannE_2016;WirbelJ_2018;YachidaS_2019;YuJ_2015;ZellerG_2014,-0.8155281214115344,0.41477007440516156,0.0,0.0,0.0,no_median_difference,CRC_vs_Control_Female,van_elteren_blocked_wilcoxon,Study,Female,,ok,0.8955669649643254,False
rCLR_Phascolarctobacterium faecium,Phascolarctobacterium faecium,CRC,Control,245,293,10,FengQ_2015;HanniganGD_2017;ThomasAM_2018a;ThomasAM_2018b;ThomasAM_2019_c;VogtmannE_2016;WirbelJ_2018;YachidaS_2019;YuJ_2015;ZellerG_2014,0.7954632791901831,0.4263440632003592,0.0,0.0,0.0,no_median_difference,CRC_vs_Control_Female,van_elteren_blocked_wilcoxon,Study,Female,,ok,0.8955669649643254,False
rCLR_Dorea longicatena,Dorea longicatena,CRC,Control,245,293,10,FengQ_2015;HanniganGD_2017;ThomasAM_2018a;ThomasAM_2018b;ThomasAM_2019_c;VogtmannE_2016;WirbelJ_2018;YachidaS_2019;YuJ_2015;ZellerG_2014,0.7855078736883513,0.43215585571213344,0.4451730979353565,0.4842363421520388,-0.039063244216682336,higher_in_Control,CRC_vs_Control_Female,van_elteren_blocked_wilcoxon,Study,Female,,ok,0.8955669649643254,False
rCLR_Ruminococcus bromii,Ruminococcus bromii,CRC,Control,245,293,10,FengQ_2015;HanniganGD_2017;ThomasAM_2018a;ThomasAM_2018b;ThomasAM_2019_c;VogtmannE_2016;WirbelJ_2018;YachidaS_2019;YuJ_2015;ZellerG_2014,0.7703893150450964,0.4410689897012222,0.0,0.1753791965085797,-0.1753791965085797,higher_in_Control,CRC_vs_Control_Female,van_elteren_blocked_wilcoxon,Study,Female,,ok,0.8955669649643254,False
rCLR_Phocaeicola massiliensis,Phocaeicola massiliensis,CRC,Control,245,293,10,FengQ_2015;HanniganGD_2017;ThomasAM_2018a;ThomasAM_2018b;ThomasAM_2019_c;VogtmannE_2016;WirbelJ_2018;YachidaS_2019;YuJ_2015;ZellerG_2014,-0.7587443490540502,0.4480055017570047,0.0,0.0,0.0,no_median_difference,CRC_vs_Control_Female,van_elteren_blocked_wilcoxon,Study,Female,,ok,0.8955669649643254,False
rCLR_Anaerotignum lactatifermentans,Anaerotignum lactatifermentans,CRC,Control,245,293,10,FengQ_2015;HanniganGD_2017;ThomasAM_2018a;ThomasAM_2018b;ThomasAM_2019_c;VogtmannE_2016;WirbelJ_2018;YachidaS_2019;YuJ_2015;ZellerG_2014,-0.7496526228205661,0.45346394854939753,0.0,0.0,0.0,no_median_difference,CRC_vs_Control_Female,van_elteren_blocked_wilcoxon,Study,Female,,ok,0.8955669649643254,False
rCLR_Oscillibacter sp. 57_20,Oscillibacter sp. 57_20,CRC,Control,245,293,10,FengQ_2015;HanniganGD_2017;ThomasAM_2018a;ThomasAM_2018b;ThomasAM_2019_c;VogtmannE_2016;WirbelJ_2018;YachidaS_2019;YuJ_2015;ZellerG_2014,-0.7462394359865526,0.45552278956840586,0.0,0.0,0.0,no_median_difference,CRC_vs_Control_Female,van_elteren_blocked_wilcoxon,Study,Female,,ok,0.8955669649643254,False
rCLR_Barnesiella intestinihominis,Barnesiella intestinihominis,CRC,Control,245,293,10,FengQ_2015;HanniganGD_2017;ThomasAM_2018a;ThomasAM_2018b;ThomasAM_2019_c;VogtmannE_2016;WirbelJ_2018;YachidaS_2019;YuJ_2015;ZellerG_2014,0.7299222232858882,0.46543772734279065,0.0,0.0,0.0,no_median_difference,CRC_vs_Control_Female,van_elteren_blocked_wilcoxon,Study,Female,,ok,0.8955669649643254,False
rCLR_Oscillibacter sp. CAG:241,Oscillibacter sp. CAG:241,CRC,Control,245,293,10,FengQ_2015;HanniganGD_2017;ThomasAM_2018a;ThomasAM_2018b;ThomasAM_2019_c;VogtmannE_2016;WirbelJ_2018;YachidaS_2019;YuJ_2015;ZellerG_2014,0.7234957391515524,0.4693753708958037,0.0,0.0,0.0,no_median_difference,CRC_vs_Control_Female,van_elteren_blocked_wilcoxon,Study,Female,,ok,0.8955669649643254,False
rCLR_Megamonas funiformis,Megamonas funiformis,CRC,Control,238,276,9,FengQ_2015;ThomasAM_2018a;ThomasAM_2018b;ThomasAM_2019_c;VogtmannE_2016;WirbelJ_2018;YachidaS_2019;YuJ_2015;ZellerG_2014,0.7206157610788269,0.47114595396379844,0.0,0.0,0.0,no_median_difference,CRC_vs_Control_Female,van_elteren_blocked_wilcoxon,Study,Female,,ok,0.8955669649643254,False
rCLR_[Ruminococcus] gnavus,[Ruminococcus] gnavus,CRC,Control,245,293,10,FengQ_2015;HanniganGD_2017;ThomasAM_2018a;ThomasAM_2018b;ThomasAM_2019_c;VogtmannE_2016;WirbelJ_2018;YachidaS_2019;YuJ_2015;ZellerG_2014,0.7074793258947666,0.4792686559622312,0.0,0.0,0.0,no_median_difference,CRC_vs_Control_Female,van_elteren_blocked_wilcoxon,Study,Female,,ok,0.8955669649643254,False
rCLR_Eubacterium sp. CAG:38,Eubacterium sp. CAG:38,CRC,Control,245,293,10,FengQ_2015;HanniganGD_2017;ThomasAM_2018a;ThomasAM_2018b;ThomasAM_2019_c;VogtmannE_2016;WirbelJ_2018;YachidaS_2019;YuJ_2015;ZellerG_2014,-0.6925425952362001,0.4885966459697648,0.0,0.0,0.0,no_median_difference,CRC_vs_Control_Female,van_elteren_blocked_wilcoxon,Study,Female,,ok,0.8955669649643254,False
rCLR_Prevotella copri,Prevotella copri,CRC,Control,245,293,10,FengQ_2015;HanniganGD_2017;ThomasAM_2018a;ThomasAM_2018b;ThomasAM_2019_c;VogtmannE_2016;WirbelJ_2018;YachidaS_2019;YuJ_2015;ZellerG_2014,-0.681020673312781,0.4958584093800036,0.0,0.0,0.0,no_median_difference,CRC_vs_Control_Female,van_elteren_blocked_wilcoxon,Study,Female,,ok,0.8955669649643254,False
rCLR_Blautia sp. CAG:257,Blautia sp. CAG:257,CRC,Control,245,293,10,FengQ_2015;HanniganGD_2017;ThomasAM_2018a;ThomasAM_2018b;ThomasAM_2019_c;VogtmannE_2016;WirbelJ_2018;YachidaS_2019;YuJ_2015;ZellerG_2014,-0.6792102751739122,0.4970046377017935,0.0,0.0,0.0,no_median_difference,CRC_vs_Control_Female,van_elteren_blocked_wilcoxon,Study,Female,,ok,0.8955669649643254,False
rCLR_Lachnospira eligens,Lachnospira eligens,CRC,Control,245,293,10,FengQ_2015;HanniganGD_2017;ThomasAM_2018a;ThomasAM_2018b;ThomasAM_2019_c;VogtmannE_2016;WirbelJ_2018;YachidaS_2019;YuJ_2015;ZellerG_2014,-0.6695391848865146,0.5031515933144541,0.0,0.5050168833031711,-0.5050168833031711,higher_in_Control,CRC_vs_Control_Female,van_elteren_blocked_wilcoxon,Study,Female,,ok,0.8955669649643254,False
rCLR_[Eubacterium] rectale,[Eubacterium] rectale,CRC,Control,245,293,10,FengQ_2015;HanniganGD_2017;ThomasAM_2018a;ThomasAM_2018b;ThomasAM_2019_c;VogtmannE_2016;WirbelJ_2018;YachidaS_2019;YuJ_2015;ZellerG_2014,0.6505716146395593,0.515323058759303,0.945348414177282,0.8093231458117571,0.13602526836552487,higher_in_CRC,CRC_vs_Control_Female,van_elteren_blocked_wilcoxon,Study,Female,,ok,0.8955669649643254,False
rCLR_Veillonella parvula,Veillonella parvula,CRC,Control,245,293,10,FengQ_2015;HanniganGD_2017;ThomasAM_2018a;ThomasAM_2018b;ThomasAM_2019_c;VogtmannE_2016;WirbelJ_2018;YachidaS_2019;YuJ_2015;ZellerG_2014,0.6404685067665972,0.5218680573161757,0.0,0.0,0.0,no_median_difference,CRC_vs_Control_Female,van_elteren_blocked_wilcoxon,Study,Female,,ok,0.8955669649643254,False
rCLR_Enterocloster bolteae,Enterocloster bolteae,CRC,Control,245,293,10,FengQ_2015;HanniganGD_2017;ThomasAM_2018a;ThomasAM_2018b;ThomasAM_2019_c;VogtmannE_2016;WirbelJ_2018;YachidaS_2019;YuJ_2015;ZellerG_2014,-0.63582324770958,0.5248916331320302,-0.8462596153863751,0.0,-0.8462596153863751,higher_in_Control,CRC_vs_Control_Female,van_elteren_blocked_wilcoxon,Study,Female,,ok,0.8955669649643254,False
rCLR_Bacteroides finegoldii,Bacteroides finegoldii,CRC,Control,245,293,10,FengQ_2015;HanniganGD_2017;ThomasAM_2018a;ThomasAM_2018b;ThomasAM_2019_c;VogtmannE_2016;WirbelJ_2018;YachidaS_2019;YuJ_2015;ZellerG_2014,0.6189837806323777,0.5359270438682208,0.0,0.0,0.0,no_median_difference,CRC_vs_Control_Female,van_elteren_blocked_wilcoxon,Study,Female,,ok,0.8955669649643254,False
rCLR_Blautia obeum,Blautia obeum,CRC,Control,245,293,10,FengQ_2015;HanniganGD_2017;ThomasAM_2018a;ThomasAM_2018b;ThomasAM_2019_c;VogtmannE_2016;WirbelJ_2018;YachidaS_2019;YuJ_2015;ZellerG_2014,0.5961166763800372,0.551097284326134,0.0,0.0,0.0,no_median_difference,CRC_vs_Control_Female,van_elteren_blocked_wilcoxon,Study,Female,,ok,0.8955669649643254,False
rCLR_Parasutterella excrementihominis,Parasutterella excrementihominis,CRC,Control,245,293,10,FengQ_2015;HanniganGD_2017;ThomasAM_2018a;ThomasAM_2018b;ThomasAM_2019_c;VogtmannE_2016;WirbelJ_2018;YachidaS_2019;YuJ_2015;ZellerG_2014,-0.5933944180386463,0.5529172236749853,0.0,0.0,0.0,no_median_difference,CRC_vs_Control_Female,van_elteren_blocked_wilcoxon,Study,Female,,ok,0.8955669649643254,False
rCLR_Escherichia coli,Escherichia coli,CRC,Control,245,293,10,FengQ_2015;HanniganGD_2017;ThomasAM_2018a;ThomasAM_2018b;ThomasAM_2019_c;VogtmannE_2016;WirbelJ_2018;YachidaS_2019;YuJ_2015;ZellerG_2014,-0.5796658970850603,0.5621399452283522,0.0,0.0,0.0,no_median_difference,CRC_vs_Control_Female,van_elteren_blocked_wilcoxon,Study,Female,,ok,0.8955669649643254,False
rCLR_Adlercreutzia equolifaciens,Adlercreutzia equolifaciens,CRC,Control,245,293,10,FengQ_2015;HanniganGD_2017;ThomasAM_2018a;ThomasAM_2018b;ThomasAM_2019_c;VogtmannE_2016;WirbelJ_2018;YachidaS_2019;YuJ_2015;ZellerG_2014,-0.5765641940091882,0.564233893098935,-0.2193590056891725,-0.3399999055064124,0.12064089981723991,higher_in_CRC,CRC_vs_Control_Female,van_elteren_blocked_wilcoxon,Study,Female,,ok,0.8955669649643254,False
rCLR_Coprococcus comes,Coprococcus comes,CRC,Control,245,293,10,FengQ_2015;HanniganGD_2017;ThomasAM_2018a;ThomasAM_2018b;ThomasAM_2019_c;VogtmannE_2016;WirbelJ_2018;YachidaS_2019;YuJ_2015;ZellerG_2014,-0.5635545046963875,0.5730573564896073,0.0,0.2396024112666448,-0.2396024112666448,higher_in_Control,CRC_vs_Control_Female,van_elteren_blocked_wilcoxon,Study,Female,,ok,0.8955669649643254,False
rCLR_Agathobaculum butyriciproducens,Agathobaculum butyriciproducens,CRC,Control,245,293,10,FengQ_2015;HanniganGD_2017;ThomasAM_2018a;ThomasAM_2018b;ThomasAM_2019_c;VogtmannE_2016;WirbelJ_2018;YachidaS_2019;YuJ_2015;ZellerG_2014,0.5289443822284827,0.5968440326468438,0.0,0.0,0.0,no_median_difference,CRC_vs_Control_Female,van_elteren_blocked_wilcoxon,Study,Female,,ok,0.8955669649643254,False
rCLR_Akkermansia muciniphila,Akkermansia muciniphila,CRC,Control,245,293,10,FengQ_2015;HanniganGD_2017;ThomasAM_2018a;ThomasAM_2018b;ThomasAM_2019_c;VogtmannE_2016;WirbelJ_2018;YachidaS_2019;YuJ_2015;ZellerG_2014,0.526857655417906,0.5982924413281809,0.0,0.0,0.0,no_median_difference,CRC_vs_Control_Female,van_elteren_blocked_wilcoxon,Study,Female,,ok,0.8955669649643254,False
rCLR_Eubacterium sp. CAG:180,Eubacterium sp. CAG:180,CRC,Control,245,293,10,FengQ_2015;HanniganGD_2017;ThomasAM_2018a;ThomasAM_2018b;ThomasAM_2019_c;VogtmannE_2016;WirbelJ_2018;YachidaS_2019;YuJ_2015;ZellerG_2014,0.5101664653421515,0.6099348438310794,0.0,0.0,0.0,no_median_difference,CRC_vs_Control_Female,van_elteren_blocked_wilcoxon,Study,Female,,ok,0.8955669649643254,False
rCLR_Butyricimonas virosa,Butyricimonas virosa,CRC,Control,238,276,9,FengQ_2015;ThomasAM_2018a;ThomasAM_2018b;ThomasAM_2019_c;VogtmannE_2016;WirbelJ_2018;YachidaS_2019;YuJ_2015;ZellerG_2014,0.4925643832439997,0.6223204193945504,0.0,0.0,0.0,no_median_difference,CRC_vs_Control_Female,van_elteren_blocked_wilcoxon,Study,Female,,ok,0.8955669649643254,False
rCLR_Bacteroides eggerthii,Bacteroides eggerthii,CRC,Control,245,293,10,FengQ_2015;HanniganGD_2017;ThomasAM_2018a;ThomasAM_2018b;ThomasAM_2019_c;VogtmannE_2016;WirbelJ_2018;YachidaS_2019;YuJ_2015;ZellerG_2014,0.4849740705462558,0.6276947387310536,0.0,0.0,0.0,no_median_difference,CRC_vs_Control_Female,van_elteren_blocked_wilcoxon,Study,Female,,ok,0.8955669649643254,False
rCLR_Bacteroides ovatus,Bacteroides ovatus,CRC,Control,245,293,10,FengQ_2015;HanniganGD_2017;ThomasAM_2018a;ThomasAM_2018b;ThomasAM_2019_c;VogtmannE_2016;WirbelJ_2018;YachidaS_2019;YuJ_2015;ZellerG_2014,0.4745189512203389,0.6351298870600223,0.0,0.0,0.0,no_median_difference,CRC_vs_Control_Female,van_elteren_blocked_wilcoxon,Study,Female,,ok,0.8955669649643254,False
rCLR_Bacteroides sp. CAG:144,Bacteroides sp. CAG:144,CRC,Control,212,255,8,FengQ_2015;ThomasAM_2018a;ThomasAM_2018b;ThomasAM_2019_c;VogtmannE_2016;WirbelJ_2018;YachidaS_2019;ZellerG_2014,-0.46718059347241786,0.6403706769244766,0.0,0.0,0.0,no_median_difference,CRC_vs_Control_Female,van_elteren_blocked_wilcoxon,Study,Female,,ok,0.8955669649643254,False
rCLR_Roseburia hominis,Roseburia hominis,CRC,Control,245,293,10,FengQ_2015;HanniganGD_2017;ThomasAM_2018a;ThomasAM_2018b;ThomasAM_2019_c;VogtmannE_2016;WirbelJ_2018;YachidaS_2019;YuJ_2015;ZellerG_2014,-0.4638541691027311,0.6427522304923039,0.0,0.0,0.0,no_median_difference,CRC_vs_Control_Female,van_elteren_blocked_wilcoxon,Study,Female,,ok,0.8955669649643254,False
rCLR_Slackia isoflavoniconvertens,Slackia isoflavoniconvertens,CRC,Control,245,293,10,FengQ_2015;HanniganGD_2017;ThomasAM_2018a;ThomasAM_2018b;ThomasAM_2019_c;VogtmannE_2016;WirbelJ_2018;YachidaS_2019;YuJ_2015;ZellerG_2014,-0.46145329381990363,0.6444734233855426,0.0,0.0,0.0,no_median_difference,CRC_vs_Control_Female,van_elteren_blocked_wilcoxon,Study,Female,,ok,0.8955669649643254,False
rCLR_Roseburia faecis,Roseburia faecis,CRC,Control,245,293,10,FengQ_2015;HanniganGD_2017;ThomasAM_2018a;ThomasAM_2018b;ThomasAM_2019_c;VogtmannE_2016;WirbelJ_2018;YachidaS_2019;YuJ_2015;ZellerG_2014,-0.4115722807890677,0.6806529521670901,0.0,0.2915622165833218,-0.2915622165833218,higher_in_Control,CRC_vs_Control_Female,van_elteren_blocked_wilcoxon,Study,Female,,ok,0.9321091549787313,False
rCLR_Alistipes putredinis,Alistipes putredinis,CRC,Control,245,293,10,FengQ_2015;HanniganGD_2017;ThomasAM_2018a;ThomasAM_2018b;ThomasAM_2019_c;VogtmannE_2016;WirbelJ_2018;YachidaS_2019;YuJ_2015;ZellerG_2014,-0.39856265109635797,0.6902154861721171,1.0384283772518144,1.1836612266612956,-0.14523284940948122,higher_in_Control,CRC_vs_Control_Female,van_elteren_blocked_wilcoxon,Study,Female,,ok,0.9321091549787313,False
rCLR_Veillonella atypica,Veillonella atypica,CRC,Control,238,276,9,FengQ_2015;ThomasAM_2018a;ThomasAM_2018b;ThomasAM_2019_c;VogtmannE_2016;WirbelJ_2018;YachidaS_2019;YuJ_2015;ZellerG_2014,0.36073943840935496,0.7182942394807157,0.0,0.0,0.0,no_median_difference,CRC_vs_Control_Female,van_elteren_blocked_wilcoxon,Study,Female,,ok,0.9321091549787313,False
rCLR_Bifidobacterium longum,Bifidobacterium longum,CRC,Control,245,293,10,FengQ_2015;HanniganGD_2017;ThomasAM_2018a;ThomasAM_2018b;ThomasAM_2019_c;VogtmannE_2016;WirbelJ_2018;YachidaS_2019;YuJ_2015;ZellerG_2014,-0.3591911043476918,0.7194521309081972,0.0212953677195522,0.5417593474276946,-0.5204639797081424,higher_in_Control,CRC_vs_Control_Female,van_elteren_blocked_wilcoxon,Study,Female,,ok,0.9321091549787313,False
rCLR_Eubacterium ramulus,Eubacterium ramulus,CRC,Control,245,293,10,FengQ_2015;HanniganGD_2017;ThomasAM_2018a;ThomasAM_2018b;ThomasAM_2019_c;VogtmannE_2016;WirbelJ_2018;YachidaS_2019;YuJ_2015;ZellerG_2014,0.35529661006334673,0.7223673947953944,0.0,0.0,0.0,no_median_difference,CRC_vs_Control_Female,van_elteren_blocked_wilcoxon,Study,Female,,ok,0.9321091549787313,False
rCLR_Erysipelatoclostridium ramosum,Erysipelatoclostridium ramosum,CRC,Control,245,293,10,FengQ_2015;HanniganGD_2017;ThomasAM_2018a;ThomasAM_2018b;ThomasAM_2019_c;VogtmannE_2016;WirbelJ_2018;YachidaS_2019;YuJ_2015;ZellerG_2014,-0.3501876276179188,0.7261978913681113,0.0,0.0,0.0,no_median_difference,CRC_vs_Control_Female,van_elteren_blocked_wilcoxon,Study,Female,,ok,0.9321091549787313,False
rCLR_Lawsonibacter asaccharolyticus,Lawsonibacter asaccharolyticus,CRC,Control,245,293,10,FengQ_2015;HanniganGD_2017;ThomasAM_2018a;ThomasAM_2018b;ThomasAM_2019_c;VogtmannE_2016;WirbelJ_2018;YachidaS_2019;YuJ_2015;ZellerG_2014,-0.3427995783812752,0.7317492431608731,-0.9731277316330011,-0.9547824911802204,-0.018345240452780742,higher_in_Control,CRC_vs_Control_Female,van_elteren_blocked_wilcoxon,Study,Female,,ok,0.9321091549787313,False
rCLR_Gemmiger formicilis,Gemmiger formicilis,CRC,Control,245,293,10,FengQ_2015;HanniganGD_2017;ThomasAM_2018a;ThomasAM_2018b;ThomasAM_2019_c;VogtmannE_2016;WirbelJ_2018;YachidaS_2019;YuJ_2015;ZellerG_2014,0.3072721837073015,0.7586362063896321,0.0,-0.2512562133413181,0.2512562133413181,higher_in_CRC,CRC_vs_Control_Female,van_elteren_blocked_wilcoxon,Study,Female,,ok,0.9503087120992415,False
rCLR_Roseburia inulinivorans,Roseburia inulinivorans,CRC,Control,245,293,10,FengQ_2015;HanniganGD_2017;ThomasAM_2018a;ThomasAM_2018b;ThomasAM_2019_c;VogtmannE_2016;WirbelJ_2018;YachidaS_2019;YuJ_2015;ZellerG_2014,-0.2846716687548421,0.7758956979956255,0.0,0.0319779136082893,-0.0319779136082893,higher_in_Control,CRC_vs_Control_Female,van_elteren_blocked_wilcoxon,Study,Female,,ok,0.9503087120992415,False
rCLR_Klebsiella variicola,Klebsiella variicola,CRC,Control,245,293,10,FengQ_2015;HanniganGD_2017;ThomasAM_2018a;ThomasAM_2018b;ThomasAM_2019_c;VogtmannE_2016;WirbelJ_2018;YachidaS_2019;YuJ_2015;ZellerG_2014,-0.28113030560411817,0.7786104576006643,0.0,0.0,0.0,no_median_difference,CRC_vs_Control_Female,van_elteren_blocked_wilcoxon,Study,Female,,ok,0.9503087120992415,False
rCLR_Odoribacter splanchnicus,Odoribacter splanchnicus,CRC,Control,245,293,10,FengQ_2015;HanniganGD_2017;ThomasAM_2018a;ThomasAM_2018b;ThomasAM_2019_c;VogtmannE_2016;WirbelJ_2018;YachidaS_2019;YuJ_2015;ZellerG_2014,0.2772836600022414,0.7815623052778808,0.0,0.0,0.0,no_median_difference,CRC_vs_Control_Female,van_elteren_blocked_wilcoxon,Study,Female,,ok,0.9503087120992415,False
rCLR_Acidaminococcus intestini,Acidaminococcus intestini,CRC,Control,226,277,9,FengQ_2015;HanniganGD_2017;ThomasAM_2018a;ThomasAM_2018b;VogtmannE_2016;WirbelJ_2018;YachidaS_2019;YuJ_2015;ZellerG_2014,0.2257560464393553,0.8213911643831902,0.0,0.0,0.0,no_median_difference,CRC_vs_Control_Female,van_elteren_blocked_wilcoxon,Study,Female,,ok,0.9755617837559555,False
rCLR_Klebsiella quasipneumoniae,Klebsiella quasipneumoniae,CRC,Control,245,293,10,FengQ_2015;HanniganGD_2017;ThomasAM_2018a;ThomasAM_2018b;ThomasAM_2019_c;VogtmannE_2016;WirbelJ_2018;YachidaS_2019;YuJ_2015;ZellerG_2014,-0.2041008749633212,0.8382746706062694,0.0,0.0,0.0,no_median_difference,CRC_vs_Control_Female,van_elteren_blocked_wilcoxon,Study,Female,,ok,0.9755617837559555,False
rCLR_Bacteroides intestinalis,Bacteroides intestinalis,CRC,Control,245,293,10,FengQ_2015;HanniganGD_2017;ThomasAM_2018a;ThomasAM_2018b;ThomasAM_2019_c;VogtmannE_2016;WirbelJ_2018;YachidaS_2019;YuJ_2015;ZellerG_2014,-0.19413593533416953,0.8460694445320842,0.0,0.0,0.0,no_median_difference,CRC_vs_Control_Female,van_elteren_blocked_wilcoxon,Study,Female,,ok,0.9755617837559555,False
rCLR_Klebsiella pneumoniae,Klebsiella pneumoniae,CRC,Control,245,293,10,FengQ_2015;HanniganGD_2017;ThomasAM_2018a;ThomasAM_2018b;ThomasAM_2019_c;VogtmannE_2016;WirbelJ_2018;YachidaS_2019;YuJ_2015;ZellerG_2014,0.19405795565838688,0.8461305022773954,0.0,0.0,0.0,no_median_difference,CRC_vs_Control_Female,van_elteren_blocked_wilcoxon,Study,Female,,ok,0.9755617837559555,False
rCLR_Phocaeicola plebeius,Phocaeicola plebeius,CRC,Control,238,276,9,FengQ_2015;ThomasAM_2018a;ThomasAM_2018b;ThomasAM_2019_c;VogtmannE_2016;WirbelJ_2018;YachidaS_2019;YuJ_2015;ZellerG_2014,0.1750113909162467,0.8610706830670086,0.0,0.0,0.0,no_median_difference,CRC_vs_Control_Female,van_elteren_blocked_wilcoxon,Study,Female,,ok,0.9755617837559555,False
rCLR_Coprococcus eutactus,Coprococcus eutactus,CRC,Control,245,293,10,FengQ_2015;HanniganGD_2017;ThomasAM_2018a;ThomasAM_2018b;ThomasAM_2019_c;VogtmannE_2016;WirbelJ_2018;YachidaS_2019;YuJ_2015;ZellerG_2014,-0.1676781962819106,0.8668364501549123,0.0,0.0,0.0,no_median_difference,CRC_vs_Control_Female,van_elteren_blocked_wilcoxon,Study,Female,,ok,0.9755617837559555,False
rCLR_Bifidobacterium bifidum,Bifidobacterium bifidum,CRC,Control,245,293,10,FengQ_2015;HanniganGD_2017;ThomasAM_2018a;ThomasAM_2018b;ThomasAM_2019_c;VogtmannE_2016;WirbelJ_2018;YachidaS_2019;YuJ_2015;ZellerG_2014,0.14888393746740491,0.8816452159872837,0.0,0.0,0.0,no_median_difference,CRC_vs_Control_Female,van_elteren_blocked_wilcoxon,Study,Female,,ok,0.9755617837559555,False
rCLR_Dialister invisus,Dialister invisus,CRC,Control,245,293,10,FengQ_2015;HanniganGD_2017;ThomasAM_2018a;ThomasAM_2018b;ThomasAM_2019_c;VogtmannE_2016;WirbelJ_2018;YachidaS_2019;YuJ_2015;ZellerG_2014,0.1387988350295141,0.8896091145867996,0.0,0.0,0.0,no_median_difference,CRC_vs_Control_Female,van_elteren_blocked_wilcoxon,Study,Female,,ok,0.9755617837559555,False
rCLR_Bacteroides salyersiae,Bacteroides salyersiae,CRC,Control,238,276,9,FengQ_2015;ThomasAM_2018a;ThomasAM_2018b;ThomasAM_2019_c;VogtmannE_2016;WirbelJ_2018;YachidaS_2019;YuJ_2015;ZellerG_2014,-0.12753501659318653,0.8985169602178729,0.0,0.0,0.0,no_median_difference,CRC_vs_Control_Female,van_elteren_blocked_wilcoxon,Study,Female,,ok,0.9755617837559555,False
rCLR_Firmicutes bacterium CAG:110,Firmicutes bacterium CAG:110,CRC,Control,245,293,10,FengQ_2015;HanniganGD_2017;ThomasAM_2018a;ThomasAM_2018b;ThomasAM_2019_c;VogtmannE_2016;WirbelJ_2018;YachidaS_2019;YuJ_2015;ZellerG_2014,-0.10253543157762014,0.9183316907107051,0.0,0.0,0.0,no_median_difference,CRC_vs_Control_Female,van_elteren_blocked_wilcoxon,Study,Female,,ok,0.9755617837559555,False
rCLR_Gordonibacter pamelaeae,Gordonibacter pamelaeae,CRC,Control,245,293,10,FengQ_2015;HanniganGD_2017;ThomasAM_2018a;ThomasAM_2018b;ThomasAM_2019_c;VogtmannE_2016;WirbelJ_2018;YachidaS_2019;YuJ_2015;ZellerG_2014,-0.09586712090706899,0.9236261079869035,-1.737610449080966,-1.60657257385858,-0.13103787522238597,higher_in_Control,CRC_vs_Control_Female,van_elteren_blocked_wilcoxon,Study,Female,,ok,0.9755617837559555,False
rCLR_Adlercreutzia equolifaciens_1,Adlercreutzia equolifaciens_1,CRC,Control,245,293,10,FengQ_2015;HanniganGD_2017;ThomasAM_2018a;ThomasAM_2018b;ThomasAM_2019_c;VogtmannE_2016;WirbelJ_2018;YachidaS_2019;YuJ_2015;ZellerG_2014,0.08080362959973994,0.9355981215081162,-0.5102962676758604,-0.3644452243296237,-0.14585104334623678,higher_in_Control,CRC_vs_Control_Female,van_elteren_blocked_wilcoxon,Study,Female,,ok,0.9755617837559555,False
rCLR_Ruminococcus bicirculans,Ruminococcus bicirculans,CRC,Control,245,293,10,FengQ_2015;HanniganGD_2017;ThomasAM_2018a;ThomasAM_2018b;ThomasAM_2019_c;VogtmannE_2016;WirbelJ_2018;YachidaS_2019;YuJ_2015;ZellerG_2014,-0.07893294608851517,0.9370859577961561,0.0,0.0,0.0,no_median_difference,CRC_vs_Control_Female,van_elteren_blocked_wilcoxon,Study,Female,,ok,0.9755617837559555,False
rCLR_Alistipes shahii,Alistipes shahii,CRC,Control,245,293,10,FengQ_2015;HanniganGD_2017;ThomasAM_2018a;ThomasAM_2018b;ThomasAM_2019_c;VogtmannE_2016;WirbelJ_2018;YachidaS_2019;YuJ_2015;ZellerG_2014,0.07788141773893528,0.9379223810038918,0.0,0.0,0.0,no_median_difference,CRC_vs_Control_Female,van_elteren_blocked_wilcoxon,Study,Female,,ok,0.9755617837559555,False
rCLR_Blautia wexlerae,Blautia wexlerae,CRC,Control,245,293,10,FengQ_2015;HanniganGD_2017;ThomasAM_2018a;ThomasAM_2018b;ThomasAM_2019_c;VogtmannE_2016;WirbelJ_2018;YachidaS_2019;YuJ_2015;ZellerG_2014,0.07523754567267774,0.940025711870408,-0.3689883174182842,-0.3165854472662404,-0.05240287015204381,higher_in_Control,CRC_vs_Control_Female,van_elteren_blocked_wilcoxon,Study,Female,,ok,0.9755617837559555,False
rCLR_Bacteroides xylanisolvens,Bacteroides xylanisolvens,CRC,Control,245,293,10,FengQ_2015;HanniganGD_2017;ThomasAM_2018a;ThomasAM_2018b;ThomasAM_2019_c;VogtmannE_2016;WirbelJ_2018;YachidaS_2019;YuJ_2015;ZellerG_2014,-0.06495530787826573,0.948209584211396,0.0,0.0,0.0,no_median_difference,CRC_vs_Control_Female,van_elteren_blocked_wilcoxon,Study,Female,,ok,0.9755617837559555,False
rCLR_Roseburia intestinalis,Roseburia intestinalis,CRC,Control,245,293,10,FengQ_2015;HanniganGD_2017;ThomasAM_2018a;ThomasAM_2018b;ThomasAM_2019_c;VogtmannE_2016;WirbelJ_2018;YachidaS_2019;YuJ_2015;ZellerG_2014,0.045465062691039296,0.9637366220214809,0.0,0.0,0.0,no_median_difference,CRC_vs_Control_Female,van_elteren_blocked_wilcoxon,Study,Female,,ok,0.9758935268508955,False
rCLR_Holdemanella biformis,Holdemanella biformis,CRC,Control,245,293,10,FengQ_2015;HanniganGD_2017;ThomasAM_2018a;ThomasAM_2018b;ThomasAM_2019_c;VogtmannE_2016;WirbelJ_2018;YachidaS_2019;YuJ_2015;ZellerG_2014,-0.0416558793331065,0.9667730265999526,0.0,0.0,0.0,no_median_difference,CRC_vs_Control_Female,van_elteren_blocked_wilcoxon,Study,Female,,ok,0.9758935268508955,False
rCLR_Intestinibacter bartlettii,Intestinibacter bartlettii,CRC,Control,239,282,9,FengQ_2015;HanniganGD_2017;ThomasAM_2018b;ThomasAM_2019_c;VogtmannE_2016;WirbelJ_2018;YachidaS_2019;YuJ_2015;ZellerG_2014,-0.024875397854515004,0.9801543508288791,0.0,0.0,0.0,no_median_difference,CRC_vs_Control_Female,van_elteren_blocked_wilcoxon,Study,Female,,ok,0.9801543508288791,False
rCLR_Roseburia intestinalis,Roseburia intestinalis,CRC,Control,426,371,10,FengQ_2015;HanniganGD_2017;ThomasAM_2018a;ThomasAM_2018b;ThomasAM_2019_c;VogtmannE_2016;WirbelJ_2018;YachidaS_2019;YuJ_2015;ZellerG_2014,-4.157856533766584,3.212476602017645e-05,0.0,0.0,0.0,no_median_difference,CRC_vs_Control_Male,van_elteren_blocked_wilcoxon,Study,Male,,ok,0.00343734996415888,True
rCLR_Roseburia faecis,Roseburia faecis,CRC,Control,426,371,10,FengQ_2015;HanniganGD_2017;ThomasAM_2018a;ThomasAM_2018b;ThomasAM_2019_c;VogtmannE_2016;WirbelJ_2018;YachidaS_2019;YuJ_2015;ZellerG_2014,-3.790095389151968,0.0001505894437479953,0.0,0.8683688910613259,-0.8683688910613259,higher_in_Control,CRC_vs_Control_Male,van_elteren_blocked_wilcoxon,Study,Male,,ok,0.008056535240517748,True
rCLR_Faecalibacterium prausnitzii,Faecalibacterium prausnitzii,CRC,Control,426,371,10,FengQ_2015;HanniganGD_2017;ThomasAM_2018a;ThomasAM_2018b;ThomasAM_2019_c;VogtmannE_2016;WirbelJ_2018;YachidaS_2019;YuJ_2015;ZellerG_2014,-3.5754075551194022,0.00034968272530582774,2.6135464774857313,2.9267910635594325,-0.3132445860737012,higher_in_Control,CRC_vs_Control_Male,van_elteren_blocked_wilcoxon,Study,Male,,ok,0.011756680204750285,True
rCLR_Odoribacter splanchnicus,Odoribacter splanchnicus,CRC,Control,426,371,10,FengQ_2015;HanniganGD_2017;ThomasAM_2018a;ThomasAM_2018b;ThomasAM_2019_c;VogtmannE_2016;WirbelJ_2018;YachidaS_2019;YuJ_2015;ZellerG_2014,3.4481070978337605,0.000564530143926043,0.035857372831247944,0.0,0.035857372831247944,higher_in_CRC,CRC_vs_Control_Male,van_elteren_blocked_wilcoxon,Study,Male,,ok,0.011756680204750285,True
rCLR_Lachnospira eligens,Lachnospira eligens,CRC,Control,426,371,10,FengQ_2015;HanniganGD_2017;ThomasAM_2018a;ThomasAM_2018b;ThomasAM_2019_c;VogtmannE_2016;WirbelJ_2018;YachidaS_2019;YuJ_2015;ZellerG_2014,-3.431020114503963,0.0006013160116342941,0.0,0.782993125280087,-0.782993125280087,higher_in_Control,CRC_vs_Control_Male,van_elteren_blocked_wilcoxon,Study,Male,,ok,0.011756680204750285,True
rCLR_Parvimonas micra,Parvimonas micra,CRC,Control,406,360,9,FengQ_2015;ThomasAM_2018a;ThomasAM_2018b;ThomasAM_2019_c;VogtmannE_2016;WirbelJ_2018;YachidaS_2019;YuJ_2015;ZellerG_2014,-3.4059870361227595,0.0006592530955934739,0.0,0.0,0.0,no_median_difference,CRC_vs_Control_Male,van_elteren_blocked_wilcoxon,Study,Male,,ok,0.011756680204750285,True
rCLR_Eubacterium ventriosum,Eubacterium ventriosum,CRC,Control,426,371,10,FengQ_2015;HanniganGD_2017;ThomasAM_2018a;ThomasAM_2018b;ThomasAM_2019_c;VogtmannE_2016;WirbelJ_2018;YachidaS_2019;YuJ_2015;ZellerG_2014,-3.1313540750281357,0.0017400223498918411,0.0,0.0,0.0,no_median_difference,CRC_vs_Control_Male,van_elteren_blocked_wilcoxon,Study,Male,,ok,0.02659748449120386,True
rCLR_Fusicatenibacter saccharivorans,Fusicatenibacter saccharivorans,CRC,Control,426,371,10,FengQ_2015;HanniganGD_2017;ThomasAM_2018a;ThomasAM_2018b;ThomasAM_2019_c;VogtmannE_2016;WirbelJ_2018;YachidaS_2019;YuJ_2015;ZellerG_2014,-2.9412290175296314,0.0032691273644995444,0.7077308595203243,1.1865762134192075,-0.47884535389888316,higher_in_Control,CRC_vs_Control_Male,van_elteren_blocked_wilcoxon,Study,Male,,ok,0.04024372120169915,True
rCLR_Lachnospira pectinoschiza,Lachnospira pectinoschiza,CRC,Control,426,371,10,FengQ_2015;HanniganGD_2017;ThomasAM_2018a;ThomasAM_2018b;ThomasAM_2019_c;VogtmannE_2016;WirbelJ_2018;YachidaS_2019;YuJ_2015;ZellerG_2014,-2.930425096153394,0.0033849858954700216,0.0,0.0,0.0,no_median_difference,CRC_vs_Control_Male,van_elteren_blocked_wilcoxon,Study,Male,,ok,0.04024372120169915,True
rCLR_Bacteroides caccae,Bacteroides caccae,CRC,Control,426,371,10,FengQ_2015;HanniganGD_2017;ThomasAM_2018a;ThomasAM_2018b;ThomasAM_2019_c;VogtmannE_2016;WirbelJ_2018;YachidaS_2019;YuJ_2015;ZellerG_2014,2.6950190579659496,0.007038460517894147,0.07857831540805174,0.0,0.07857831540805174,higher_in_CRC,CRC_vs_Control_Male,van_elteren_blocked_wilcoxon,Study,Male,,ok,0.07531152754146737,False
rCLR_Ruthenibacterium lactatiformans,Ruthenibacterium lactatiformans,CRC,Control,426,371,10,FengQ_2015;HanniganGD_2017;ThomasAM_2018a;ThomasAM_2018b;ThomasAM_2019_c;VogtmannE_2016;WirbelJ_2018;YachidaS_2019;YuJ_2015;ZellerG_2014,2.608098792686658,0.009104667311498905,-0.42836126308461864,-0.9208863270881826,0.492525064003564,higher_in_CRC,CRC_vs_Control_Male,van_elteren_blocked_wilcoxon,Study,Male,,ok,0.08856358203003481,False
rCLR_[Ruminococcus] torques,[Ruminococcus] torques,CRC,Control,426,371,10,FengQ_2015;HanniganGD_2017;ThomasAM_2018a;ThomasAM_2018b;ThomasAM_2019_c;VogtmannE_2016;WirbelJ_2018;YachidaS_2019;YuJ_2015;ZellerG_2014,2.4513189283265606,0.014233377843258852,0.4486936827204918,0.2715445091175121,0.17714917360297971,higher_in_CRC,CRC_vs_Control_Male,van_elteren_blocked_wilcoxon,Study,Male,,ok,0.11510023767239248,False
rCLR_Blautia sp. CAG:257,Blautia sp. CAG:257,CRC,Control,426,371,10,FengQ_2015;HanniganGD_2017;ThomasAM_2018a;ThomasAM_2018b;ThomasAM_2019_c;VogtmannE_2016;WirbelJ_2018;YachidaS_2019;YuJ_2015;ZellerG_2014,2.4476428012421794,0.014379413127224407,0.0,0.0,0.0,no_median_difference,CRC_vs_Control_Male,van_elteren_blocked_wilcoxon,Study,Male,,ok,0.11510023767239248,False
rCLR_[Eubacterium] siraeum,[Eubacterium] siraeum,CRC,Control,426,371,10,FengQ_2015;HanniganGD_2017;ThomasAM_2018a;ThomasAM_2018b;ThomasAM_2019_c;VogtmannE_2016;WirbelJ_2018;YachidaS_2019;YuJ_2015;ZellerG_2014,2.4309367285122248,0.015059844181434528,0.0,0.0,0.0,no_median_difference,CRC_vs_Control_Male,van_elteren_blocked_wilcoxon,Study,Male,,ok,0.11510023767239248,False
rCLR_Bifidobacterium longum,Bifidobacterium longum,CRC,Control,426,371,10,FengQ_2015;HanniganGD_2017;ThomasAM_2018a;ThomasAM_2018b;ThomasAM_2019_c;VogtmannE_2016;WirbelJ_2018;YachidaS_2019;YuJ_2015;ZellerG_2014,-2.3850658332757018,0.017076065242764036,0.0,0.5225538817639885,-0.5225538817639885,higher_in_Control,CRC_vs_Control_Male,van_elteren_blocked_wilcoxon,Study,Male,,ok,0.12180926539838347,False
rCLR_Eubacterium sp. CAG:274,Eubacterium sp. CAG:274,CRC,Control,426,371,10,FengQ_2015;HanniganGD_2017;ThomasAM_2018a;ThomasAM_2018b;ThomasAM_2019_c;VogtmannE_2016;WirbelJ_2018;YachidaS_2019;YuJ_2015;ZellerG_2014,-2.3076371284766672,0.021019327637632094,0.0,0.0,0.0,no_median_difference,CRC_vs_Control_Male,van_elteren_blocked_wilcoxon,Study,Male,,ok,0.14056675357666465,False
rCLR_Roseburia hominis,Roseburia hominis,CRC,Control,426,371,10,FengQ_2015;HanniganGD_2017;ThomasAM_2018a;ThomasAM_2018b;ThomasAM_2019_c;VogtmannE_2016;WirbelJ_2018;YachidaS_2019;YuJ_2015;ZellerG_2014,-2.1611425351642617,0.03068433074804877,0.0,0.0,0.0,no_median_difference,CRC_vs_Control_Male,van_elteren_blocked_wilcoxon,Study,Male,,ok,0.19155074768697056,False
rCLR_Collinsella aerofaciens,Collinsella aerofaciens,CRC,Control,426,371,10,FengQ_2015;HanniganGD_2017;ThomasAM_2018a;ThomasAM_2018b;ThomasAM_2019_c;VogtmannE_2016;WirbelJ_2018;YachidaS_2019;YuJ_2015;ZellerG_2014,2.094704777328605,0.03619724429940268,1.5689650737844842,1.226993653165482,0.3419714206190023,higher_in_CRC,CRC_vs_Control_Male,van_elteren_blocked_wilcoxon,Study,Male,,ok,0.19155074768697056,False
rCLR_Blautia obeum,Blautia obeum,CRC,Control,426,371,10,FengQ_2015;HanniganGD_2017;ThomasAM_2018a;ThomasAM_2018b;ThomasAM_2019_c;VogtmannE_2016;WirbelJ_2018;YachidaS_2019;YuJ_2015;ZellerG_2014,2.0808777980354485,0.03744509281177823,0.029312914874549796,0.0,0.029312914874549796,higher_in_CRC,CRC_vs_Control_Male,van_elteren_blocked_wilcoxon,Study,Male,,ok,0.19155074768697056,False
rCLR_Paraprevotella xylaniphila,Paraprevotella xylaniphila,CRC,Control,426,371,10,FengQ_2015;HanniganGD_2017;ThomasAM_2018a;ThomasAM_2018b;ThomasAM_2019_c;VogtmannE_2016;WirbelJ_2018;YachidaS_2019;YuJ_2015;ZellerG_2014,-2.078421605884985,0.037670544426054046,0.0,0.0,0.0,no_median_difference,CRC_vs_Control_Male,van_elteren_blocked_wilcoxon,Study,Male,,ok,0.19155074768697056,False
rCLR_Anaerobutyricum hallii,Anaerobutyricum hallii,CRC,Control,426,371,10,FengQ_2015;HanniganGD_2017;ThomasAM_2018a;ThomasAM_2018b;ThomasAM_2019_c;VogtmannE_2016;WirbelJ_2018;YachidaS_2019;YuJ_2015;ZellerG_2014,2.0692525262138606,0.03852239601383795,0.0,0.0,0.0,no_median_difference,CRC_vs_Control_Male,van_elteren_blocked_wilcoxon,Study,Male,,ok,0.19155074768697056,False
rCLR_Anaerostipes hadrus,Anaerostipes hadrus,CRC,Control,426,371,10,FengQ_2015;HanniganGD_2017;ThomasAM_2018a;ThomasAM_2018b;ThomasAM_2019_c;VogtmannE_2016;WirbelJ_2018;YachidaS_2019;YuJ_2015;ZellerG_2014,-2.0601493437464633,0.03938426587956404,0.4301304331185243,0.7814671469180294,-0.35133671379950515,higher_in_Control,CRC_vs_Control_Male,van_elteren_blocked_wilcoxon,Study,Male,,ok,0.19155074768697056,False
rCLR_Bacteroides xylanisolvens,Bacteroides xylanisolvens,CRC,Control,426,371,10,FengQ_2015;HanniganGD_2017;ThomasAM_2018a;ThomasAM_2018b;ThomasAM_2019_c;VogtmannE_2016;WirbelJ_2018;YachidaS_2019;YuJ_2015;ZellerG_2014,-1.9924258601031144,0.04632435231638361,0.0,0.0,0.0,no_median_difference,CRC_vs_Control_Male,van_elteren_blocked_wilcoxon,Study,Male,,ok,0.20865932957331287,False
rCLR_Clostridium sp. CAG:58,Clostridium sp. CAG:58,CRC,Control,426,371,10,FengQ_2015;HanniganGD_2017;ThomasAM_2018a;ThomasAM_2018b;ThomasAM_2019_c;VogtmannE_2016;WirbelJ_2018;YachidaS_2019;YuJ_2015;ZellerG_2014,1.9811928825592457,0.04756964710477489,0.0,0.0,0.0,no_median_difference,CRC_vs_Control_Male,van_elteren_blocked_wilcoxon,Study,Male,,ok,0.20865932957331287,False
rCLR_Bacteroides thetaiotaomicron,Bacteroides thetaiotaomicron,CRC,Control,426,371,10,FengQ_2015;HanniganGD_2017;ThomasAM_2018a;ThomasAM_2018b;ThomasAM_2019_c;VogtmannE_2016;WirbelJ_2018;YachidaS_2019;YuJ_2015;ZellerG_2014,1.9707526088069673,0.0487521798068488,0.45371707224526814,0.228510482493178,0.22520658975209012,higher_in_CRC,CRC_vs_Control_Male,van_elteren_blocked_wilcoxon,Study,Male,,ok,0.20865932957331287,False
rCLR_Flavonifractor plautii,Flavonifractor plautii,CRC,Control,426,371,10,FengQ_2015;HanniganGD_2017;ThomasAM_2018a;ThomasAM_2018b;ThomasAM_2019_c;VogtmannE_2016;WirbelJ_2018;YachidaS_2019;YuJ_2015;ZellerG_2014,1.934376234687784,0.0530668862429243,0.0,-0.0589524324173065,0.0589524324173065,higher_in_CRC,CRC_vs_Control_Male,van_elteren_blocked_wilcoxon,Study,Male,,ok,0.21839064723049614,False
rCLR_Ruminococcus bicirculans,Ruminococcus bicirculans,CRC,Control,426,371,10,FengQ_2015;HanniganGD_2017;ThomasAM_2018a;ThomasAM_2018b;ThomasAM_2019_c;VogtmannE_2016;WirbelJ_2018;YachidaS_2019;YuJ_2015;ZellerG_2014,-1.7581276344561507,0.07872579472049009,0.0,0.0,0.0,no_median_difference,CRC_vs_Control_Male,van_elteren_blocked_wilcoxon,Study,Male,,ok,0.31198740870712743,False
rCLR_Acidaminococcus intestini,Acidaminococcus intestini,CRC,Control,406,360,9,FengQ_2015;ThomasAM_2018a;ThomasAM_2018b;ThomasAM_2019_c;VogtmannE_2016;WirbelJ_2018;YachidaS_2019;YuJ_2015;ZellerG_2014,-1.6980210882945157,0.08950378173460978,0.0,0.0,0.0,no_median_difference,CRC_vs_Control_Male,van_elteren_blocked_wilcoxon,Study,Male,,ok,0.3352731941226726,False
rCLR_Phocaeicola plebeius,Phocaeicola plebeius,CRC,Control,426,371,10,FengQ_2015;HanniganGD_2017;ThomasAM_2018a;ThomasAM_2018b;ThomasAM_2019_c;VogtmannE_2016;WirbelJ_2018;YachidaS_2019;YuJ_2015;ZellerG_2014,1.6908343963803152,0.09086843579025705,0.0,0.0,0.0,no_median_difference,CRC_vs_Control_Male,van_elteren_blocked_wilcoxon,Study,Male,,ok,0.3352731941226726,False
rCLR_Parabacteroides distasonis,Parabacteroides distasonis,CRC,Control,426,371,10,FengQ_2015;HanniganGD_2017;ThomasAM_2018a;ThomasAM_2018b;ThomasAM_2019_c;VogtmannE_2016;WirbelJ_2018;YachidaS_2019;YuJ_2015;ZellerG_2014,1.6206450077482846,0.10509379378076623,1.4615875630700232,1.2087630231648836,0.25282453990513964,higher_in_CRC,CRC_vs_Control_Male,van_elteren_blocked_wilcoxon,Study,Male,,ok,0.3580938160437415,False
rCLR_Roseburia inulinivorans,Roseburia inulinivorans,CRC,Control,426,371,10,FengQ_2015;HanniganGD_2017;ThomasAM_2018a;ThomasAM_2018b;ThomasAM_2019_c;VogtmannE_2016;WirbelJ_2018;YachidaS_2019;YuJ_2015;ZellerG_2014,-1.6133882668319999,0.10666018064403247,0.40225554197127433,0.8459518347265913,-0.44369629275531697,higher_in_Control,CRC_vs_Control_Male,van_elteren_blocked_wilcoxon,Study,Male,,ok,0.3580938160437415,False
rCLR_Akkermansia muciniphila,Akkermansia muciniphila,CRC,Control,426,371,10,FengQ_2015;HanniganGD_2017;ThomasAM_2018a;ThomasAM_2018b;ThomasAM_2019_c;VogtmannE_2016;WirbelJ_2018;YachidaS_2019;YuJ_2015;ZellerG_2014,1.61139582012711,0.10709347769532455,0.0,0.0,0.0,no_median_difference,CRC_vs_Control_Male,van_elteren_blocked_wilcoxon,Study,Male,,ok,0.3580938160437415,False
rCLR_Eubacterium sp. CAG:251,Eubacterium sp. CAG:251,CRC,Control,426,371,10,FengQ_2015;HanniganGD_2017;ThomasAM_2018a;ThomasAM_2018b;ThomasAM_2019_c;VogtmannE_2016;WirbelJ_2018;YachidaS_2019;YuJ_2015;ZellerG_2014,-1.5384725544861058,0.12393311411742251,0.0,0.0,0.0,no_median_difference,CRC_vs_Control_Male,van_elteren_blocked_wilcoxon,Study,Male,,ok,0.3945399139988654,False
rCLR_Alistipes putredinis,Alistipes putredinis,CRC,Control,426,371,10,FengQ_2015;HanniganGD_2017;ThomasAM_2018a;ThomasAM_2018b;ThomasAM_2019_c;VogtmannE_2016;WirbelJ_2018;YachidaS_2019;YuJ_2015;ZellerG_2014,1.5261997104278053,0.12696013557156638,1.3093877132499137,0.6937414920574143,0.6156462211924993,higher_in_CRC,CRC_vs_Control_Male,van_elteren_blocked_wilcoxon,Study,Male,,ok,0.3945399139988654,False
rCLR_Agathobaculum butyriciproducens,Agathobaculum butyriciproducens,CRC,Control,426,371,10,FengQ_2015;HanniganGD_2017;ThomasAM_2018a;ThomasAM_2018b;ThomasAM_2019_c;VogtmannE_2016;WirbelJ_2018;YachidaS_2019;YuJ_2015;ZellerG_2014,-1.5178385189433579,0.12905511205570364,0.0,0.0375076945868142,-0.0375076945868142,higher_in_Control,CRC_vs_Control_Male,van_elteren_blocked_wilcoxon,Study,Male,,ok,0.3945399139988654,False
rCLR_Klebsiella quasipneumoniae,Klebsiella quasipneumoniae,CRC,Control,426,371,10,FengQ_2015;HanniganGD_2017;ThomasAM_2018a;ThomasAM_2018b;ThomasAM_2019_c;VogtmannE_2016;WirbelJ_2018;YachidaS_2019;YuJ_2015;ZellerG_2014,1.4703123674831748,0.141477173007047,0.0,0.0,0.0,no_median_difference,CRC_vs_Control_Male,van_elteren_blocked_wilcoxon,Study,Male,,ok,0.4142696976167204,False
rCLR_Coprococcus eutactus,Coprococcus eutactus,CRC,Control,426,371,10,FengQ_2015;HanniganGD_2017;ThomasAM_2018a;ThomasAM_2018b;ThomasAM_2019_c;VogtmannE_2016;WirbelJ_2018;YachidaS_2019;YuJ_2015;ZellerG_2014,-1.463787062562258,0.14325213842821172,0.0,0.0,0.0,no_median_difference,CRC_vs_Control_Male,van_elteren_blocked_wilcoxon,Study,Male,,ok,0.4142696976167204,False
rCLR_Blautia wexlerae,Blautia wexlerae,CRC,Control,426,371,10,FengQ_2015;HanniganGD_2017;ThomasAM_2018a;ThomasAM_2018b;ThomasAM_2019_c;VogtmannE_2016;WirbelJ_2018;YachidaS_2019;YuJ_2015;ZellerG_2014,-1.4410199357179032,0.14957905077776557,-0.47592243894758435,-0.2875812766269574,-0.18834116232062692,higher_in_Control,CRC_vs_Control_Male,van_elteren_blocked_wilcoxon,Study,Male,,ok,0.42118311666370833,False
rCLR_[Ruminococcus] lactaris,[Ruminococcus] lactaris,CRC,Control,426,371,10,FengQ_2015;HanniganGD_2017;ThomasAM_2018a;ThomasAM_2018b;ThomasAM_2019_c;VogtmannE_2016;WirbelJ_2018;YachidaS_2019;YuJ_2015;ZellerG_2014,-1.4114032907096374,0.15812573322417223,0.0,0.0,0.0,no_median_difference,CRC_vs_Control_Male,van_elteren_blocked_wilcoxon,Study,Male,,ok,0.42870766032877095,False
rCLR_Eubacterium sp. CAG:38,Eubacterium sp. CAG:38,CRC,Control,426,371,10,FengQ_2015;HanniganGD_2017;ThomasAM_2018a;ThomasAM_2018b;ThomasAM_2019_c;VogtmannE_2016;WirbelJ_2018;YachidaS_2019;YuJ_2015;ZellerG_2014,-1.4041823848146453,0.16026454591729755,0.0,0.0,0.0,no_median_difference,CRC_vs_Control_Male,van_elteren_blocked_wilcoxon,Study,Male,,ok,0.42870766032877095,False
rCLR_Holdemanella biformis,Holdemanella biformis,CRC,Control,426,371,10,FengQ_2015;HanniganGD_2017;ThomasAM_2018a;ThomasAM_2018b;ThomasAM_2019_c;VogtmannE_2016;WirbelJ_2018;YachidaS_2019;YuJ_2015;ZellerG_2014,1.3876373319831348,0.1652475076236205,0.0,0.0,0.0,no_median_difference,CRC_vs_Control_Male,van_elteren_blocked_wilcoxon,Study,Male,,ok,0.4312556906274974,False
rCLR_Butyricimonas virosa,Butyricimonas virosa,CRC,Control,406,360,9,FengQ_2015;ThomasAM_2018a;ThomasAM_2018b;ThomasAM_2019_c;VogtmannE_2016;WirbelJ_2018;YachidaS_2019;YuJ_2015;ZellerG_2014,1.3639147552258473,0.17259439633855134,0.0,0.0,0.0,no_median_difference,CRC_vs_Control_Male,van_elteren_blocked_wilcoxon,Study,Male,,ok,0.43970477162440463,False
rCLR_Alistipes finegoldii,Alistipes finegoldii,CRC,Control,426,371,10,FengQ_2015;HanniganGD_2017;ThomasAM_2018a;ThomasAM_2018b;ThomasAM_2019_c;VogtmannE_2016;WirbelJ_2018;YachidaS_2019;YuJ_2015;ZellerG_2014,1.3456127854045026,0.17842742618254004,0.0,0.0,0.0,no_median_difference,CRC_vs_Control_Male,van_elteren_blocked_wilcoxon,Study,Male,,ok,0.4439938279425996,False
rCLR_Coprococcus comes,Coprococcus comes,CRC,Control,426,371,10,FengQ_2015;HanniganGD_2017;ThomasAM_2018a;ThomasAM_2018b;ThomasAM_2019_c;VogtmannE_2016;WirbelJ_2018;YachidaS_2019;YuJ_2015;ZellerG_2014,-1.3091406190121506,0.1904867222834442,0.1131138534770651,0.4875990740240046,-0.3744852205469395,higher_in_Control,CRC_vs_Control_Male,van_elteren_blocked_wilcoxon,Study,Male,,ok,0.46322907464383023,False
rCLR_Bifidobacterium adolescentis,Bifidobacterium adolescentis,CRC,Control,426,371,10,FengQ_2015;HanniganGD_2017;ThomasAM_2018a;ThomasAM_2018b;ThomasAM_2019_c;VogtmannE_2016;WirbelJ_2018;YachidaS_2019;YuJ_2015;ZellerG_2014,-1.2814503200816292,0.2000355391252474,0.0,0.0,0.0,no_median_difference,CRC_vs_Control_Male,van_elteren_blocked_wilcoxon,Study,Male,,ok,0.47564005969781054,False
rCLR_Prevotella copri,Prevotella copri,CRC,Control,426,371,10,FengQ_2015;HanniganGD_2017;ThomasAM_2018a;ThomasAM_2018b;ThomasAM_2019_c;VogtmannE_2016;WirbelJ_2018;YachidaS_2019;YuJ_2015;ZellerG_2014,1.2634343448407255,0.20643312781963208,0.0,0.0,0.0,no_median_difference,CRC_vs_Control_Male,van_elteren_blocked_wilcoxon,Study,Male,,ok,0.477490483660595,False
rCLR_Phocaeicola vulgatus,Phocaeicola vulgatus,CRC,Control,426,371,10,FengQ_2015;HanniganGD_2017;ThomasAM_2018a;ThomasAM_2018b;ThomasAM_2019_c;VogtmannE_2016;WirbelJ_2018;YachidaS_2019;YuJ_2015;ZellerG_2014,1.2542839636934466,0.20973881057988752,2.6889323655461785,2.43571618750786,0.2532161780383184,higher_in_CRC,CRC_vs_Control_Male,van_elteren_blocked_wilcoxon,Study,Male,,ok,0.477490483660595,False
rCLR_Phascolarctobacterium succinatutens,Phascolarctobacterium succinatutens,CRC,Control,426,371,10,FengQ_2015;HanniganGD_2017;ThomasAM_2018a;ThomasAM_2018b;ThomasAM_2019_c;VogtmannE_2016;WirbelJ_2018;YachidaS_2019;YuJ_2015;ZellerG_2014,1.1995489891456892,0.23031454788258132,0.0,0.0,0.0,no_median_difference,CRC_vs_Control_Male,van_elteren_blocked_wilcoxon,Study,Male,,ok,0.5134095129882542,False
rCLR_Bacteroides salyersiae,Bacteroides salyersiae,CRC,Control,406,360,9,FengQ_2015;ThomasAM_2018a;ThomasAM_2018b;ThomasAM_2019_c;VogtmannE_2016;WirbelJ_2018;YachidaS_2019;YuJ_2015;ZellerG_2014,1.1470676191254843,0.2513536754207387,0.0,0.0,0.0,no_median_difference,CRC_vs_Control_Male,van_elteren_blocked_wilcoxon,Study,Male,,ok,0.5488743524493682,False
rCLR_Parabacteroides merdae,Parabacteroides merdae,CRC,Control,426,371,10,FengQ_2015;HanniganGD_2017;ThomasAM_2018a;ThomasAM_2018b;ThomasAM_2019_c;VogtmannE_2016;WirbelJ_2018;YachidaS_2019;YuJ_2015;ZellerG_2014,1.09920276157363,0.27167963446499377,0.7879428293734763,0.451192926388586,0.33674990298489027,higher_in_CRC,CRC_vs_Control_Male,van_elteren_blocked_wilcoxon,Study,Male,,ok,0.5599785379761538,False
rCLR_Dorea formicigenerans,Dorea formicigenerans,CRC,Control,426,371,10,FengQ_2015;HanniganGD_2017;ThomasAM_2018a;ThomasAM_2018b;ThomasAM_2019_c;VogtmannE_2016;WirbelJ_2018;YachidaS_2019;YuJ_2015;ZellerG_2014,1.098756236939014,0.27187440560935894,0.1004707131306886,0.0493002550390049,0.051170458091683704,higher_in_CRC,CRC_vs_Control_Male,van_elteren_blocked_wilcoxon,Study,Male,,ok,0.5599785379761538,False
rCLR_Slackia isoflavoniconvertens,Slackia isoflavoniconvertens,CRC,Control,426,371,10,FengQ_2015;HanniganGD_2017;ThomasAM_2018a;ThomasAM_2018b;ThomasAM_2019_c;VogtmannE_2016;WirbelJ_2018;YachidaS_2019;YuJ_2015;ZellerG_2014,-1.098149754083595,0.27213910256785045,0.0,0.0,0.0,no_median_difference,CRC_vs_Control_Male,van_elteren_blocked_wilcoxon,Study,Male,,ok,0.5599785379761538,False
rCLR_Dorea longicatena,Dorea longicatena,CRC,Control,426,371,10,FengQ_2015;HanniganGD_2017;ThomasAM_2018a;ThomasAM_2018b;ThomasAM_2019_c;VogtmannE_2016;WirbelJ_2018;YachidaS_2019;YuJ_2015;ZellerG_2014,1.0621641301289486,0.2881611807273914,0.7417471455699909,0.7182302020946871,0.023516943475303753,higher_in_CRC,CRC_vs_Control_Male,van_elteren_blocked_wilcoxon,Study,Male,,ok,0.572802607533942,False
rCLR_Phocaeicola coprocola,Phocaeicola coprocola,CRC,Control,426,371,10,FengQ_2015;HanniganGD_2017;ThomasAM_2018a;ThomasAM_2018b;ThomasAM_2019_c;VogtmannE_2016;WirbelJ_2018;YachidaS_2019;YuJ_2015;ZellerG_2014,-1.060146509749371,0.2890779514657277,0.0,0.0,0.0,no_median_difference,CRC_vs_Control_Male,van_elteren_blocked_wilcoxon,Study,Male,,ok,0.572802607533942,False
rCLR_Bifidobacterium bifidum,Bifidobacterium bifidum,CRC,Control,426,371,10,FengQ_2015;HanniganGD_2017;ThomasAM_2018a;ThomasAM_2018b;ThomasAM_2019_c;VogtmannE_2016;WirbelJ_2018;YachidaS_2019;YuJ_2015;ZellerG_2014,-1.046039971080519,0.2955425783015684,0.0,0.0,0.0,no_median_difference,CRC_vs_Control_Male,van_elteren_blocked_wilcoxon,Study,Male,,ok,0.5749646523321422,False
rCLR_Alistipes shahii,Alistipes shahii,CRC,Control,426,371,10,FengQ_2015;HanniganGD_2017;ThomasAM_2018a;ThomasAM_2018b;ThomasAM_2019_c;VogtmannE_2016;WirbelJ_2018;YachidaS_2019;YuJ_2015;ZellerG_2014,0.9694613983487776,0.3323150311065205,0.0,0.0,0.0,no_median_difference,CRC_vs_Control_Male,van_elteren_blocked_wilcoxon,Study,Male,,ok,0.634959077292816,False
rCLR_[Ruminococcus] gnavus,[Ruminococcus] gnavus,CRC,Control,426,371,10,FengQ_2015;HanniganGD_2017;ThomasAM_2018a;ThomasAM_2018b;ThomasAM_2019_c;VogtmannE_2016;WirbelJ_2018;YachidaS_2019;YuJ_2015;ZellerG_2014,0.8899547905537107,0.3734901619920744,0.0,0.0,0.0,no_median_difference,CRC_vs_Control_Male,van_elteren_blocked_wilcoxon,Study,Male,,ok,0.6969579758263764,False
rCLR_Streptococcus thermophilus,Streptococcus thermophilus,CRC,Control,426,371,10,FengQ_2015;HanniganGD_2017;ThomasAM_2018a;ThomasAM_2018b;ThomasAM_2019_c;VogtmannE_2016;WirbelJ_2018;YachidaS_2019;YuJ_2015;ZellerG_2014,-0.8819750409064492,0.3777903046535498,0.0,0.0,0.0,no_median_difference,CRC_vs_Control_Male,van_elteren_blocked_wilcoxon,Study,Male,,ok,0.6969579758263764,False
rCLR_Eubacterium ramulus,Eubacterium ramulus,CRC,Control,426,371,10,FengQ_2015;HanniganGD_2017;ThomasAM_2018a;ThomasAM_2018b;ThomasAM_2019_c;VogtmannE_2016;WirbelJ_2018;YachidaS_2019;YuJ_2015;ZellerG_2014,-0.8686156470640162,0.38505739318827736,0.0,0.0,0.0,no_median_difference,CRC_vs_Control_Male,van_elteren_blocked_wilcoxon,Study,Male,,ok,0.6983244249346726,False
rCLR_Gemmiger formicilis,Gemmiger formicilis,CRC,Control,426,371,10,FengQ_2015;HanniganGD_2017;ThomasAM_2018a;ThomasAM_2018b;ThomasAM_2019_c;VogtmannE_2016;WirbelJ_2018;YachidaS_2019;YuJ_2015;ZellerG_2014,-0.8218918828905658,0.4111384331328133,-0.1131827724174845,0.0,-0.1131827724174845,higher_in_Control,CRC_vs_Control_Male,van_elteren_blocked_wilcoxon,Study,Male,,ok,0.7126931864322855,False
rCLR_Lawsonibacter asaccharolyticus,Lawsonibacter asaccharolyticus,CRC,Control,426,371,10,FengQ_2015;HanniganGD_2017;ThomasAM_2018a;ThomasAM_2018b;ThomasAM_2019_c;VogtmannE_2016;WirbelJ_2018;YachidaS_2019;YuJ_2015;ZellerG_2014,-0.8151128533967111,0.41500771490503763,-0.95368995926146,-1.1345929408152275,0.1809029815537675,higher_in_CRC,CRC_vs_Control_Male,van_elteren_blocked_wilcoxon,Study,Male,,ok,0.7126931864322855,False
rCLR_Bacteroides fragilis,Bacteroides fragilis,CRC,Control,426,371,10,FengQ_2015;HanniganGD_2017;ThomasAM_2018a;ThomasAM_2018b;ThomasAM_2019_c;VogtmannE_2016;WirbelJ_2018;YachidaS_2019;YuJ_2015;ZellerG_2014,0.8056145038747503,0.420465160060298,0.0,0.0,0.0,no_median_difference,CRC_vs_Control_Male,van_elteren_blocked_wilcoxon,Study,Male,,ok,0.7126931864322855,False
rCLR_Streptococcus salivarius,Streptococcus salivarius,CRC,Control,426,371,10,FengQ_2015;HanniganGD_2017;ThomasAM_2018a;ThomasAM_2018b;ThomasAM_2019_c;VogtmannE_2016;WirbelJ_2018;YachidaS_2019;YuJ_2015;ZellerG_2014,0.8040479662330098,0.4213692737289808,-0.0051436993490753,-0.5495210912916624,0.544377391942587,higher_in_CRC,CRC_vs_Control_Male,van_elteren_blocked_wilcoxon,Study,Male,,ok,0.7126931864322855,False
rCLR_Bacteroides uniformis,Bacteroides uniformis,CRC,Control,426,371,10,FengQ_2015;HanniganGD_2017;ThomasAM_2018a;ThomasAM_2018b;ThomasAM_2019_c;VogtmannE_2016;WirbelJ_2018;YachidaS_2019;YuJ_2015;ZellerG_2014,-0.7888729120805299,0.4301862891823751,2.251439854117307,2.450458360591818,-0.19901850647451091,higher_in_Control,CRC_vs_Control_Male,van_elteren_blocked_wilcoxon,Study,Male,,ok,0.7126931864322855,False
rCLR_Coprobacter fastidiosus,Coprobacter fastidiosus,CRC,Control,406,360,9,FengQ_2015;ThomasAM_2018a;ThomasAM_2018b;ThomasAM_2019_c;VogtmannE_2016;WirbelJ_2018;YachidaS_2019;YuJ_2015;ZellerG_2014,0.7782429700448502,0.43642578914995,0.0,0.0,0.0,no_median_difference,CRC_vs_Control_Male,van_elteren_blocked_wilcoxon,Study,Male,,ok,0.7126931864322855,False
rCLR_Klebsiella variicola,Klebsiella variicola,CRC,Control,426,371,10,FengQ_2015;HanniganGD_2017;ThomasAM_2018a;ThomasAM_2018b;ThomasAM_2019_c;VogtmannE_2016;WirbelJ_2018;YachidaS_2019;YuJ_2015;ZellerG_2014,0.770104426743697,0.44123795032687085,0.0,0.0,0.0,no_median_difference,CRC_vs_Control_Male,van_elteren_blocked_wilcoxon,Study,Male,,ok,0.7126931864322855,False
rCLR_Firmicutes bacterium CAG:145,Firmicutes bacterium CAG:145,CRC,Control,426,371,10,FengQ_2015;HanniganGD_2017;ThomasAM_2018a;ThomasAM_2018b;ThomasAM_2019_c;VogtmannE_2016;WirbelJ_2018;YachidaS_2019;YuJ_2015;ZellerG_2014,-0.7503074701485773,0.4530695445646724,0.0,0.0,0.0,no_median_difference,CRC_vs_Control_Male,van_elteren_blocked_wilcoxon,Study,Male,,ok,0.7126931864322855,False
rCLR_Adlercreutzia equolifaciens_1,Adlercreutzia equolifaciens_1,CRC,Control,426,371,10,FengQ_2015;HanniganGD_2017;ThomasAM_2018a;ThomasAM_2018b;ThomasAM_2019_c;VogtmannE_2016;WirbelJ_2018;YachidaS_2019;YuJ_2015;ZellerG_2014,0.7459038322631147,0.45572551008665596,-0.3458631581635214,-0.4207488078319183,0.07488564966839689,higher_in_CRC,CRC_vs_Control_Male,van_elteren_blocked_wilcoxon,Study,Male,,ok,0.7126931864322855,False
rCLR_Erysipelatoclostridium ramosum,Erysipelatoclostridium ramosum,CRC,Control,426,371,10,FengQ_2015;HanniganGD_2017;ThomasAM_2018a;ThomasAM_2018b;ThomasAM_2019_c;VogtmannE_2016;WirbelJ_2018;YachidaS_2019;YuJ_2015;ZellerG_2014,0.729282055907355,0.4658291463709584,0.0,0.0,0.0,no_median_difference,CRC_vs_Control_Male,van_elteren_blocked_wilcoxon,Study,Male,,ok,0.7126931864322855,False
rCLR_[Eubacterium] rectale,[Eubacterium] rectale,CRC,Control,426,371,10,FengQ_2015;HanniganGD_2017;ThomasAM_2018a;ThomasAM_2018b;ThomasAM_2019_c;VogtmannE_2016;WirbelJ_2018;YachidaS_2019;YuJ_2015;ZellerG_2014,-0.7285975477804713,0.46624787897439235,0.8879232878374602,1.1471168033761825,-0.2591935155387223,higher_in_Control,CRC_vs_Control_Male,van_elteren_blocked_wilcoxon,Study,Male,,ok,0.7126931864322855,False
rCLR_Bacteroides finegoldii,Bacteroides finegoldii,CRC,Control,426,371,10,FengQ_2015;HanniganGD_2017;ThomasAM_2018a;ThomasAM_2018b;ThomasAM_2019_c;VogtmannE_2016;WirbelJ_2018;YachidaS_2019;YuJ_2015;ZellerG_2014,0.6547740906125825,0.512613214491038,0.0,0.0,0.0,no_median_difference,CRC_vs_Control_Male,van_elteren_blocked_wilcoxon,Study,Male,,ok,0.7526292215888711,False
rCLR_Streptococcus parasanguinis,Streptococcus parasanguinis,CRC,Control,426,371,10,FengQ_2015;HanniganGD_2017;ThomasAM_2018a;ThomasAM_2018b;ThomasAM_2019_c;VogtmannE_2016;WirbelJ_2018;YachidaS_2019;YuJ_2015;ZellerG_2014,0.6486251077122173,0.5165807227035019,-0.39430638709178245,-0.8360605209999097,0.44175413390812723,higher_in_CRC,CRC_vs_Control_Male,van_elteren_blocked_wilcoxon,Study,Male,,ok,0.7526292215888711,False
rCLR_Klebsiella pneumoniae,Klebsiella pneumoniae,CRC,Control,426,371,10,FengQ_2015;HanniganGD_2017;ThomasAM_2018a;ThomasAM_2018b;ThomasAM_2019_c;VogtmannE_2016;WirbelJ_2018;YachidaS_2019;YuJ_2015;ZellerG_2014,0.6381065023625658,0.5234043541011733,0.0,0.0,0.0,no_median_difference,CRC_vs_Control_Male,van_elteren_blocked_wilcoxon,Study,Male,,ok,0.7526292215888711,False
rCLR_Bacteroides eggerthii,Bacteroides eggerthii,CRC,Control,426,371,10,FengQ_2015;HanniganGD_2017;ThomasAM_2018a;ThomasAM_2018b;ThomasAM_2019_c;VogtmannE_2016;WirbelJ_2018;YachidaS_2019;YuJ_2015;ZellerG_2014,-0.6306244047005413,0.5282861378623506,0.0,0.0,0.0,no_median_difference,CRC_vs_Control_Male,van_elteren_blocked_wilcoxon,Study,Male,,ok,0.7526292215888711,False
rCLR_Phocaeicola dorei,Phocaeicola dorei,CRC,Control,426,371,10,FengQ_2015;HanniganGD_2017;ThomasAM_2018a;ThomasAM_2018b;ThomasAM_2019_c;VogtmannE_2016;WirbelJ_2018;YachidaS_2019;YuJ_2015;ZellerG_2014,-0.6103362500802617,0.5416390884866322,0.0,0.0,0.0,no_median_difference,CRC_vs_Control_Male,van_elteren_blocked_wilcoxon,Study,Male,,ok,0.7526292215888711,False
rCLR_Oscillibacter sp. 57_20,Oscillibacter sp. 57_20,CRC,Control,426,371,10,FengQ_2015;HanniganGD_2017;ThomasAM_2018a;ThomasAM_2018b;ThomasAM_2019_c;VogtmannE_2016;WirbelJ_2018;YachidaS_2019;YuJ_2015;ZellerG_2014,0.606552290035309,0.544148070626485,0.0,0.0,0.0,no_median_difference,CRC_vs_Control_Male,van_elteren_blocked_wilcoxon,Study,Male,,ok,0.7526292215888711,False
rCLR_Eggerthella lenta,Eggerthella lenta,CRC,Control,426,371,10,FengQ_2015;HanniganGD_2017;ThomasAM_2018a;ThomasAM_2018b;ThomasAM_2019_c;VogtmannE_2016;WirbelJ_2018;YachidaS_2019;YuJ_2015;ZellerG_2014,0.6060475729280218,0.5444831632313005,-0.17863081734868308,-0.2810610569042169,0.10243023955553382,higher_in_CRC,CRC_vs_Control_Male,van_elteren_blocked_wilcoxon,Study,Male,,ok,0.7526292215888711,False
rCLR_Barnesiella intestinihominis,Barnesiella intestinihominis,CRC,Control,426,371,10,FengQ_2015;HanniganGD_2017;ThomasAM_2018a;ThomasAM_2018b;ThomasAM_2019_c;VogtmannE_2016;WirbelJ_2018;YachidaS_2019;YuJ_2015;ZellerG_2014,0.5838038007353946,0.5593523208576517,0.0,0.0,0.0,no_median_difference,CRC_vs_Control_Male,van_elteren_blocked_wilcoxon,Study,Male,,ok,0.7526292215888711,False
rCLR_Methanobrevibacter smithii,Methanobrevibacter smithii,CRC,Control,403,358,9,FengQ_2015;HanniganGD_2017;ThomasAM_2018b;ThomasAM_2019_c;VogtmannE_2016;WirbelJ_2018;YachidaS_2019;YuJ_2015;ZellerG_2014,0.5792878466744471,0.5623949645896709,0.0,0.0,0.0,no_median_difference,CRC_vs_Control_Male,van_elteren_blocked_wilcoxon,Study,Male,,ok,0.7526292215888711,False
rCLR_Ruminococcus bromii,Ruminococcus bromii,CRC,Control,426,371,10,FengQ_2015;HanniganGD_2017;ThomasAM_2018a;ThomasAM_2018b;ThomasAM_2019_c;VogtmannE_2016;WirbelJ_2018;YachidaS_2019;YuJ_2015;ZellerG_2014,-0.5737962500021275,0.5661056866674234,0.0,0.0,0.0,no_median_difference,CRC_vs_Control_Male,van_elteren_blocked_wilcoxon,Study,Male,,ok,0.7526292215888711,False
rCLR_Adlercreutzia equolifaciens,Adlercreutzia equolifaciens,CRC,Control,426,371,10,FengQ_2015;HanniganGD_2017;ThomasAM_2018a;ThomasAM_2018b;ThomasAM_2019_c;VogtmannE_2016;WirbelJ_2018;YachidaS_2019;YuJ_2015;ZellerG_2014,0.5684236215467042,0.5697473546607342,-0.19500359801923084,-0.1514145675834217,-0.04358903043580914,higher_in_Control,CRC_vs_Control_Male,van_elteren_blocked_wilcoxon,Study,Male,,ok,0.7526292215888711,False
rCLR_Escherichia coli,Escherichia coli,CRC,Control,426,371,10,FengQ_2015;HanniganGD_2017;ThomasAM_2018a;ThomasAM_2018b;ThomasAM_2019_c;VogtmannE_2016;WirbelJ_2018;YachidaS_2019;YuJ_2015;ZellerG_2014,0.5516177231151052,0.5812102911326056,0.0,0.0,0.0,no_median_difference,CRC_vs_Control_Male,van_elteren_blocked_wilcoxon,Study,Male,,ok,0.7556907960615141,False
rCLR_Bacteroides sp. CAG:144,Bacteroides sp. CAG:144,CRC,Control,358,327,8,FengQ_2015;ThomasAM_2018a;ThomasAM_2018b;ThomasAM_2019_c;VogtmannE_2016;WirbelJ_2018;YachidaS_2019;ZellerG_2014,-0.5443653910150204,0.586190056757997,0.0,0.0,0.0,no_median_difference,CRC_vs_Control_Male,van_elteren_blocked_wilcoxon,Study,Male,,ok,0.7556907960615141,False
rCLR_Intestinibacter bartlettii,Intestinibacter bartlettii,CRC,Control,426,371,10,FengQ_2015;HanniganGD_2017;ThomasAM_2018a;ThomasAM_2018b;ThomasAM_2019_c;VogtmannE_2016;WirbelJ_2018;YachidaS_2019;YuJ_2015;ZellerG_2014,0.5235975536388019,0.6005584833884001,0.0,0.0,0.0,no_median_difference,CRC_vs_Control_Male,van_elteren_blocked_wilcoxon,Study,Male,,ok,0.7627916955748774,False
rCLR_Oscillibacter sp. CAG:241,Oscillibacter sp. CAG:241,CRC,Control,426,371,10,FengQ_2015;HanniganGD_2017;ThomasAM_2018a;ThomasAM_2018b;ThomasAM_2019_c;VogtmannE_2016;WirbelJ_2018;YachidaS_2019;YuJ_2015;ZellerG_2014,0.5090965415111149,0.6106845558937517,0.0,0.0,0.0,no_median_difference,CRC_vs_Control_Male,van_elteren_blocked_wilcoxon,Study,Male,,ok,0.7627916955748774,False
rCLR_Proteobacteria bacterium CAG:139,Proteobacteria bacterium CAG:139,CRC,Control,406,360,9,FengQ_2015;ThomasAM_2018a;ThomasAM_2018b;ThomasAM_2019_c;VogtmannE_2016;WirbelJ_2018;YachidaS_2019;YuJ_2015;ZellerG_2014,0.5056748676578272,0.6130849142003687,0.0,0.0,0.0,no_median_difference,CRC_vs_Control_Male,van_elteren_blocked_wilcoxon,Study,Male,,ok,0.7627916955748774,False
rCLR_Veillonella parvula,Veillonella parvula,CRC,Control,426,371,10,FengQ_2015;HanniganGD_2017;ThomasAM_2018a;ThomasAM_2018b;ThomasAM_2019_c;VogtmannE_2016;WirbelJ_2018;YachidaS_2019;YuJ_2015;ZellerG_2014,0.47710791160484683,0.6332852812164755,0.0,0.0,0.0,no_median_difference,CRC_vs_Control_Male,van_elteren_blocked_wilcoxon,Study,Male,,ok,0.7788681044846308,False
rCLR_Firmicutes bacterium CAG:83,Firmicutes bacterium CAG:83,CRC,Control,426,371,10,FengQ_2015;HanniganGD_2017;ThomasAM_2018a;ThomasAM_2018b;ThomasAM_2019_c;VogtmannE_2016;WirbelJ_2018;YachidaS_2019;YuJ_2015;ZellerG_2014,-0.453025612937421,0.6505302983162159,0.0,0.0,0.0,no_median_difference,CRC_vs_Control_Male,van_elteren_blocked_wilcoxon,Study,Male,,ok,0.7909857036344898,False
rCLR_Bifidobacterium pseudocatenulatum,Bifidobacterium pseudocatenulatum,CRC,Control,426,371,10,FengQ_2015;HanniganGD_2017;ThomasAM_2018a;ThomasAM_2018b;ThomasAM_2019_c;VogtmannE_2016;WirbelJ_2018;YachidaS_2019;YuJ_2015;ZellerG_2014,-0.38939964146402783,0.6969805372195257,0.0,0.0,0.0,no_median_difference,CRC_vs_Control_Male,van_elteren_blocked_wilcoxon,Study,Male,,ok,0.8301119211227894,False
rCLR_Alistipes inops,Alistipes inops,CRC,Control,426,371,10,FengQ_2015;HanniganGD_2017;ThomasAM_2018a;ThomasAM_2018b;ThomasAM_2019_c;VogtmannE_2016;WirbelJ_2018;YachidaS_2019;YuJ_2015;ZellerG_2014,-0.38771766673227076,0.6982249803836547,0.0,0.0,0.0,no_median_difference,CRC_vs_Control_Male,van_elteren_blocked_wilcoxon,Study,Male,,ok,0.8301119211227894,False
rCLR_Parasutterella excrementihominis,Parasutterella excrementihominis,CRC,Control,426,371,10,FengQ_2015;HanniganGD_2017;ThomasAM_2018a;ThomasAM_2018b;ThomasAM_2019_c;VogtmannE_2016;WirbelJ_2018;YachidaS_2019;YuJ_2015;ZellerG_2014,0.2837152162952799,0.7766286327902537,0.0,0.0,0.0,no_median_difference,CRC_vs_Control_Male,van_elteren_blocked_wilcoxon,Study,Male,,ok,0.8974398195985521,False
rCLR_Megamonas funiformis,Megamonas funiformis,CRC,Control,390,334,9,FengQ_2015;HanniganGD_2017;ThomasAM_2018a;ThomasAM_2018b;ThomasAM_2019_c;VogtmannE_2016;YachidaS_2019;YuJ_2015;ZellerG_2014,0.2794973565819735,0.7798631663662874,0.0,0.0,0.0,no_median_difference,CRC_vs_Control_Male,van_elteren_blocked_wilcoxon,Study,Male,,ok,0.8974398195985521,False
rCLR_Desulfovibrio piger,Desulfovibrio piger,CRC,Control,426,371,10,FengQ_2015;HanniganGD_2017;ThomasAM_2018a;ThomasAM_2018b;ThomasAM_2019_c;VogtmannE_2016;WirbelJ_2018;YachidaS_2019;YuJ_2015;ZellerG_2014,-0.27929585484446384,0.7800177871277135,0.0,0.0,0.0,no_median_difference,CRC_vs_Control_Male,van_elteren_blocked_wilcoxon,Study,Male,,ok,0.8974398195985521,False
rCLR_Phascolarctobacterium faecium,Phascolarctobacterium faecium,CRC,Control,426,371,10,FengQ_2015;HanniganGD_2017;ThomasAM_2018a;ThomasAM_2018b;ThomasAM_2019_c;VogtmannE_2016;WirbelJ_2018;YachidaS_2019;YuJ_2015;ZellerG_2014,0.26182130088989425,0.7934592160281361,0.0,0.0,0.0,no_median_difference,CRC_vs_Control_Male,van_elteren_blocked_wilcoxon,Study,Male,,ok,0.8981415804535786,False
rCLR_Phocaeicola massiliensis,Phocaeicola massiliensis,CRC,Control,426,371,10,FengQ_2015;HanniganGD_2017;ThomasAM_2018a;ThomasAM_2018b;ThomasAM_2019_c;VogtmannE_2016;WirbelJ_2018;YachidaS_2019;YuJ_2015;ZellerG_2014,-0.2566934583080566,0.797415421898037,0.0,0.0,0.0,no_median_difference,CRC_vs_Control_Male,van_elteren_blocked_wilcoxon,Study,Male,,ok,0.8981415804535786,False
rCLR_Anaerotignum lactatifermentans,Anaerotignum lactatifermentans,CRC,Control,426,371,10,FengQ_2015;HanniganGD_2017;ThomasAM_2018a;ThomasAM_2018b;ThomasAM_2019_c;VogtmannE_2016;WirbelJ_2018;YachidaS_2019;YuJ_2015;ZellerG_2014,-0.2068635689437631,0.8361164088515376,0.0,0.0,0.0,no_median_difference,CRC_vs_Control_Male,van_elteren_blocked_wilcoxon,Study,Male,,ok,0.91479839059552,False
rCLR_Bacteroides cellulosilyticus,Bacteroides cellulosilyticus,CRC,Control,426,371,10,FengQ_2015;HanniganGD_2017;ThomasAM_2018a;ThomasAM_2018b;ThomasAM_2019_c;VogtmannE_2016;WirbelJ_2018;YachidaS_2019;YuJ_2015;ZellerG_2014,0.20666751750588436,0.8362695269813629,0.0,0.0,0.0,no_median_difference,CRC_vs_Control_Male,van_elteren_blocked_wilcoxon,Study,Male,,ok,0.91479839059552,False
rCLR_Enterocloster bolteae,Enterocloster bolteae,CRC,Control,426,371,10,FengQ_2015;HanniganGD_2017;ThomasAM_2018a;ThomasAM_2018b;ThomasAM_2019_c;VogtmannE_2016;WirbelJ_2018;YachidaS_2019;YuJ_2015;ZellerG_2014,0.19400368051605202,0.8461730000219956,-0.6976217788426828,-0.3227840821154126,-0.37483769672727024,higher_in_Control,CRC_vs_Control_Male,van_elteren_blocked_wilcoxon,Study,Male,,ok,0.91479839059552,False
rCLR_Eubacterium sp. CAG:180,Eubacterium sp. CAG:180,CRC,Control,426,371,10,FengQ_2015;HanniganGD_2017;ThomasAM_2018a;ThomasAM_2018b;ThomasAM_2019_c;VogtmannE_2016;WirbelJ_2018;YachidaS_2019;YuJ_2015;ZellerG_2014,0.19371090932302482,0.846402249242584,0.0,0.0,0.0,no_median_difference,CRC_vs_Control_Male,van_elteren_blocked_wilcoxon,Study,Male,,ok,0.91479839059552,False
rCLR_Bacteroides stercoris,Bacteroides stercoris,CRC,Control,426,371,10,FengQ_2015;HanniganGD_2017;ThomasAM_2018a;ThomasAM_2018b;ThomasAM_2019_c;VogtmannE_2016;WirbelJ_2018;YachidaS_2019;YuJ_2015;ZellerG_2014,0.1562040727336098,0.8758721665667525,0.0,0.0,0.0,no_median_difference,CRC_vs_Control_Male,van_elteren_blocked_wilcoxon,Study,Male,,ok,0.9371832182264251,False
rCLR_Dialister invisus,Dialister invisus,CRC,Control,426,371,10,FengQ_2015;HanniganGD_2017;ThomasAM_2018a;ThomasAM_2018b;ThomasAM_2019_c;VogtmannE_2016;WirbelJ_2018;YachidaS_2019;YuJ_2015;ZellerG_2014,0.11298716810108327,0.9100407284371871,0.0,0.0,0.0,no_median_difference,CRC_vs_Control_Male,van_elteren_blocked_wilcoxon,Study,Male,,ok,0.9550944718323461,False
rCLR_Gordonibacter pamelaeae,Gordonibacter pamelaeae,CRC,Control,426,371,10,FengQ_2015;HanniganGD_2017;ThomasAM_2018a;ThomasAM_2018b;ThomasAM_2019_c;VogtmannE_2016;WirbelJ_2018;YachidaS_2019;YuJ_2015;ZellerG_2014,0.11245343491006488,0.910463889036442,-1.699244679435047,-1.3486836959117754,-0.3505609835232717,higher_in_Control,CRC_vs_Control_Male,van_elteren_blocked_wilcoxon,Study,Male,,ok,0.9550944718323461,False
rCLR_Bacteroides intestinalis,Bacteroides intestinalis,CRC,Control,426,371,10,FengQ_2015;HanniganGD_2017;ThomasAM_2018a;ThomasAM_2018b;ThomasAM_2019_c;VogtmannE_2016;WirbelJ_2018;YachidaS_2019;YuJ_2015;ZellerG_2014,-0.09486140980141003,0.9244249087622227,0.0,0.0,0.0,no_median_difference,CRC_vs_Control_Male,van_elteren_blocked_wilcoxon,Study,Male,,ok,0.960324905219008,False
rCLR_Bacteroides ovatus,Bacteroides ovatus,CRC,Control,426,371,10,FengQ_2015;HanniganGD_2017;ThomasAM_2018a;ThomasAM_2018b;ThomasAM_2019_c;VogtmannE_2016;WirbelJ_2018;YachidaS_2019;YuJ_2015;ZellerG_2014,0.04322395350292604,0.9655230107954642,0.0,0.0149250968163074,-0.0149250968163074,higher_in_Control,CRC_vs_Control_Male,van_elteren_blocked_wilcoxon,Study,Male,,ok,0.9872082032555773,False
rCLR_Veillonella atypica,Veillonella atypica,CRC,Control,406,360,9,FengQ_2015;ThomasAM_2018a;ThomasAM_2018b;ThomasAM_2019_c;VogtmannE_2016;WirbelJ_2018;YachidaS_2019;YuJ_2015;ZellerG_2014,0.036258071802034775,0.9710765817946946,0.0,0.0,0.0,no_median_difference,CRC_vs_Control_Male,van_elteren_blocked_wilcoxon,Study,Male,,ok,0.9872082032555773,False
rCLR_Coprococcus catus,Coprococcus catus,CRC,Control,426,371,10,FengQ_2015;HanniganGD_2017;ThomasAM_2018a;ThomasAM_2018b;ThomasAM_2019_c;VogtmannE_2016;WirbelJ_2018;YachidaS_2019;YuJ_2015;ZellerG_2014,-0.022538968579844155,0.9820180274555843,0.0,0.0,0.0,no_median_difference,CRC_vs_Control_Male,van_elteren_blocked_wilcoxon,Study,Male,,ok,0.9872082032555773,False
rCLR_Firmicutes bacterium CAG:110,Firmicutes bacterium CAG:110,CRC,Control,406,360,9,FengQ_2015;ThomasAM_2018a;ThomasAM_2018b;ThomasAM_2019_c;VogtmannE_2016;WirbelJ_2018;YachidaS_2019;YuJ_2015;ZellerG_2014,-0.01603282655205955,0.9872082032555773,0.0,0.0,0.0,no_median_difference,CRC_vs_Control_Male,van_elteren_blocked_wilcoxon,Study,Male,,ok,0.9872082032555773,False
rCLR_[Ruminococcus] torques,[Ruminococcus] torques,CRC,Control,671,664,10,FengQ_2015;HanniganGD_2017;ThomasAM_2018a;ThomasAM_2018b;ThomasAM_2019_c;VogtmannE_2016;WirbelJ_2018;YachidaS_2019;YuJ_2015;ZellerG_2014,3.852216009701792,0.0001170536938728309,0.2738764107916327,0.0,0.2738764107916327,higher_in_CRC,CRC_vs_Control_all,van_elteren_blocked_wilcoxon,Study,,,ok,0.012485216586441672,True
rCLR_Parvimonas micra,Parvimonas micra,CRC,Control,644,636,9,FengQ_2015;ThomasAM_2018a;ThomasAM_2018b;ThomasAM_2019_c;VogtmannE_2016;WirbelJ_2018;YachidaS_2019;YuJ_2015;ZellerG_2014,-3.6359796324498084,0.0002769262129289341,0.0,0.0,0.0,no_median_difference,CRC_vs_Control_all,van_elteren_blocked_wilcoxon,Study,,,ok,0.012485216586441672,True
rCLR_Collinsella aerofaciens,Collinsella aerofaciens,CRC,Control,671,664,10,FengQ_2015;HanniganGD_2017;ThomasAM_2018a;ThomasAM_2018b;ThomasAM_2019_c;VogtmannE_2016;WirbelJ_2018;YachidaS_2019;YuJ_2015;ZellerG_2014,3.5408984315830896,0.00039876705300148597,1.4559376102288015,1.0831244598763554,0.3728131503524461,higher_in_CRC,CRC_vs_Control_all,van_elteren_blocked_wilcoxon,Study,,,ok,0.012485216586441672,True
rCLR_Lachnospira pectinoschiza,Lachnospira pectinoschiza,CRC,Control,671,664,10,FengQ_2015;HanniganGD_2017;ThomasAM_2018a;ThomasAM_2018b;ThomasAM_2019_c;VogtmannE_2016;WirbelJ_2018;YachidaS_2019;YuJ_2015;ZellerG_2014,-3.481454926097099,0.0004986977065989773,0.0,0.0,0.0,no_median_difference,CRC_vs_Control_all,van_elteren_blocked_wilcoxon,Study,,,ok,0.012485216586441672,True
rCLR_Ruthenibacterium lactatiformans,Ruthenibacterium lactatiformans,CRC,Control,671,664,10,FengQ_2015;HanniganGD_2017;ThomasAM_2018a;ThomasAM_2018b;ThomasAM_2019_c;VogtmannE_2016;WirbelJ_2018;YachidaS_2019;YuJ_2015;ZellerG_2014,3.4379368637309367,0.0005861643516722399,-0.3381826045350764,-0.8323863279665003,0.4942037234314238,higher_in_CRC,CRC_vs_Control_all,van_elteren_blocked_wilcoxon,Study,,,ok,0.012485216586441672,True
rCLR_Paraprevotella xylaniphila,Paraprevotella xylaniphila,CRC,Control,671,664,10,FengQ_2015;HanniganGD_2017;ThomasAM_2018a;ThomasAM_2018b;ThomasAM_2019_c;VogtmannE_2016;WirbelJ_2018;YachidaS_2019;YuJ_2015;ZellerG_2014,-3.3893722060554827,0.0007005285283165406,0.0,0.0,0.0,no_median_difference,CRC_vs_Control_all,van_elteren_blocked_wilcoxon,Study,,,ok,0.012485216586441672,True
rCLR_Faecalibacterium prausnitzii,Faecalibacterium prausnitzii,CRC,Control,671,664,10,FengQ_2015;HanniganGD_2017;ThomasAM_2018a;ThomasAM_2018b;ThomasAM_2019_c;VogtmannE_2016;WirbelJ_2018;YachidaS_2019;YuJ_2015;ZellerG_2014,-3.3470414813605505,0.0008167898701410438,2.5477254208771085,2.8501248392760936,-0.3023994183989851,higher_in_Control,CRC_vs_Control_all,van_elteren_blocked_wilcoxon,Study,,,ok,0.012485216586441672,True
rCLR_Roseburia intestinalis,Roseburia intestinalis,CRC,Control,671,664,10,FengQ_2015;HanniganGD_2017;ThomasAM_2018a;ThomasAM_2018b;ThomasAM_2019_c;VogtmannE_2016;WirbelJ_2018;YachidaS_2019;YuJ_2015;ZellerG_2014,-3.2833922421072934,0.0010256584786590523,0.0,0.0,0.0,no_median_difference,CRC_vs_Control_all,van_elteren_blocked_wilcoxon,Study,,,ok,0.013718182152064827,True
rCLR_Eubacterium ventriosum,Eubacterium ventriosum,CRC,Control,671,664,10,FengQ_2015;HanniganGD_2017;ThomasAM_2018a;ThomasAM_2018b;ThomasAM_2019_c;VogtmannE_2016;WirbelJ_2018;YachidaS_2019;YuJ_2015;ZellerG_2014,-3.1410378130495116,0.0016835029502404444,0.0,0.0,0.0,no_median_difference,CRC_vs_Control_all,van_elteren_blocked_wilcoxon,Study,,,ok,0.020014979519525286,True
rCLR_Roseburia faecis,Roseburia faecis,CRC,Control,671,664,10,FengQ_2015;HanniganGD_2017;ThomasAM_2018a;ThomasAM_2018b;ThomasAM_2019_c;VogtmannE_2016;WirbelJ_2018;YachidaS_2019;YuJ_2015;ZellerG_2014,-3.099630515437021,0.0019376218878776699,0.0,0.5743150905653909,-0.5743150905653909,higher_in_Control,CRC_vs_Control_all,van_elteren_blocked_wilcoxon,Study,,,ok,0.02073255420029107,True
rCLR_Lachnospira eligens,Lachnospira eligens,CRC,Control,671,664,10,FengQ_2015;HanniganGD_2017;ThomasAM_2018a;ThomasAM_2018b;ThomasAM_2019_c;VogtmannE_2016;WirbelJ_2018;YachidaS_2019;YuJ_2015;ZellerG_2014,-3.069370595512288,0.0021451031328875787,0.0,0.5778391266882336,-0.5778391266882336,higher_in_Control,CRC_vs_Control_all,van_elteren_blocked_wilcoxon,Study,,,ok,0.02086600320172463,True
rCLR_Bacteroides caccae,Bacteroides caccae,CRC,Control,671,664,10,FengQ_2015;HanniganGD_2017;ThomasAM_2018a;ThomasAM_2018b;ThomasAM_2019_c;VogtmannE_2016;WirbelJ_2018;YachidaS_2019;YuJ_2015;ZellerG_2014,2.980950953446915,0.0028735481120618594,0.116005183489753,0.0,0.116005183489753,higher_in_CRC,CRC_vs_Control_all,van_elteren_blocked_wilcoxon,Study,,,ok,0.025622470665884915,True
rCLR_Anaerostipes hadrus,Anaerostipes hadrus,CRC,Control,671,664,10,FengQ_2015;HanniganGD_2017;ThomasAM_2018a;ThomasAM_2018b;ThomasAM_2019_c;VogtmannE_2016;WirbelJ_2018;YachidaS_2019;YuJ_2015;ZellerG_2014,-2.815335933837784,0.00487262697315818,0.4681626897382334,0.8355872334495763,-0.3674245437113429,higher_in_Control,CRC_vs_Control_all,van_elteren_blocked_wilcoxon,Study,,,ok,0.039908016952407616,True
rCLR_Dorea formicigenerans,Dorea formicigenerans,CRC,Control,671,664,10,FengQ_2015;HanniganGD_2017;ThomasAM_2018a;ThomasAM_2018b;ThomasAM_2019_c;VogtmannE_2016;WirbelJ_2018;YachidaS_2019;YuJ_2015;ZellerG_2014,2.7930346588271893,0.005221609694707538,0.0692868449877006,0.0,0.0692868449877006,higher_in_CRC,CRC_vs_Control_all,van_elteren_blocked_wilcoxon,Study,,,ok,0.039908016952407616,True
rCLR_Odoribacter splanchnicus,Odoribacter splanchnicus,CRC,Control,671,664,10,FengQ_2015;HanniganGD_2017;ThomasAM_2018a;ThomasAM_2018b;ThomasAM_2019_c;VogtmannE_2016;WirbelJ_2018;YachidaS_2019;YuJ_2015;ZellerG_2014,2.7623461281420036,0.005738760464082522,0.019679301938924,0.0,0.019679301938924,higher_in_CRC,CRC_vs_Control_all,van_elteren_blocked_wilcoxon,Study,,,ok,0.04093649131045533,True
rCLR_Eubacterium sp. CAG:274,Eubacterium sp. CAG:274,CRC,Control,671,664,10,FengQ_2015;HanniganGD_2017;ThomasAM_2018a;ThomasAM_2018b;ThomasAM_2019_c;VogtmannE_2016;WirbelJ_2018;YachidaS_2019;YuJ_2015;ZellerG_2014,-2.625061381464799,0.008663334794054104,0.0,0.0,0.0,no_median_difference,CRC_vs_Control_all,van_elteren_blocked_wilcoxon,Study,,,ok,0.05793605143523682,False
rCLR_Parabacteroides distasonis,Parabacteroides distasonis,CRC,Control,671,664,10,FengQ_2015;HanniganGD_2017;ThomasAM_2018a;ThomasAM_2018b;ThomasAM_2019_c;VogtmannE_2016;WirbelJ_2018;YachidaS_2019;YuJ_2015;ZellerG_2014,2.5589778126384775,0.010498044138216143,1.3991929378777708,1.0081369671651803,0.39105597071259046,higher_in_CRC,CRC_vs_Control_all,van_elteren_blocked_wilcoxon,Study,,,ok,0.06607592486994868,False
rCLR_Clostridium sp. CAG:58,Clostridium sp. CAG:58,CRC,Control,671,664,10,FengQ_2015;HanniganGD_2017;ThomasAM_2018a;ThomasAM_2018b;ThomasAM_2019_c;VogtmannE_2016;WirbelJ_2018;YachidaS_2019;YuJ_2015;ZellerG_2014,2.525135529164786,0.01156536775592127,0.0,0.0,0.0,no_median_difference,CRC_vs_Control_all,van_elteren_blocked_wilcoxon,Study,,,ok,0.0687496861046431,False
rCLR_Flavonifractor plautii,Flavonifractor plautii,CRC,Control,671,664,10,FengQ_2015;HanniganGD_2017;ThomasAM_2018a;ThomasAM_2018b;ThomasAM_2019_c;VogtmannE_2016;WirbelJ_2018;YachidaS_2019;YuJ_2015;ZellerG_2014,2.458186121801392,0.013964078294063632,0.0,-0.0820788370953841,0.0820788370953841,higher_in_CRC,CRC_vs_Control_all,van_elteren_blocked_wilcoxon,Study,,,ok,0.0786398093402531,False
rCLR_Streptococcus thermophilus,Streptococcus thermophilus,CRC,Control,671,664,10,FengQ_2015;HanniganGD_2017;ThomasAM_2018a;ThomasAM_2018b;ThomasAM_2019_c;VogtmannE_2016;WirbelJ_2018;YachidaS_2019;YuJ_2015;ZellerG_2014,-2.198870907447696,0.027887102784060317,0.0,0.0,0.0,no_median_difference,CRC_vs_Control_all,van_elteren_blocked_wilcoxon,Study,,,ok,0.1491959998947227,False
rCLR_Bifidobacterium longum,Bifidobacterium longum,CRC,Control,671,664,10,FengQ_2015;HanniganGD_2017;ThomasAM_2018a;ThomasAM_2018b;ThomasAM_2019_c;VogtmannE_2016;WirbelJ_2018;YachidaS_2019;YuJ_2015;ZellerG_2014,-2.164208483791077,0.0304483524811296,0.0,0.5384554557108716,-0.5384554557108716,higher_in_Control,CRC_vs_Control_all,van_elteren_blocked_wilcoxon,Study,,,ok,0.15514160549908892,False
rCLR_Bacteroides thetaiotaomicron,Bacteroides thetaiotaomicron,CRC,Control,671,664,10,FengQ_2015;HanniganGD_2017;ThomasAM_2018a;ThomasAM_2018b;ThomasAM_2019_c;VogtmannE_2016;WirbelJ_2018;YachidaS_2019;YuJ_2015;ZellerG_2014,2.0955304517790454,0.03612386437400521,0.6784510432384974,0.22919003913890995,0.4492610040995874,higher_in_CRC,CRC_vs_Control_all,van_elteren_blocked_wilcoxon,Study,,,ok,0.17569334036447987,False
rCLR_Phascolarctobacterium succinatutens,Phascolarctobacterium succinatutens,CRC,Control,671,664,10,FengQ_2015;HanniganGD_2017;ThomasAM_2018a;ThomasAM_2018b;ThomasAM_2019_c;VogtmannE_2016;WirbelJ_2018;YachidaS_2019;YuJ_2015;ZellerG_2014,2.040378040345567,0.04131268736354728,0.0,0.0,0.0,no_median_difference,CRC_vs_Control_all,van_elteren_blocked_wilcoxon,Study,,,ok,0.19219380643041561,False
rCLR_Blautia obeum,Blautia obeum,CRC,Control,671,664,10,FengQ_2015;HanniganGD_2017;ThomasAM_2018a;ThomasAM_2018b;ThomasAM_2019_c;VogtmannE_2016;WirbelJ_2018;YachidaS_2019;YuJ_2015;ZellerG_2014,1.987958790868026,0.04681624776121764,0.0,0.0,0.0,no_median_difference,CRC_vs_Control_all,van_elteren_blocked_wilcoxon,Study,,,ok,0.20126006285808765,False
rCLR_Roseburia hominis,Roseburia hominis,CRC,Control,671,664,10,FengQ_2015;HanniganGD_2017;ThomasAM_2018a;ThomasAM_2018b;ThomasAM_2019_c;VogtmannE_2016;WirbelJ_2018;YachidaS_2019;YuJ_2015;ZellerG_2014,-1.9783947716039532,0.047884189104159675,0.0,0.0,0.0,no_median_difference,CRC_vs_Control_all,van_elteren_blocked_wilcoxon,Study,,,ok,0.20126006285808765,False
rCLR_Alistipes finegoldii,Alistipes finegoldii,CRC,Control,671,664,10,FengQ_2015;HanniganGD_2017;ThomasAM_2018a;ThomasAM_2018b;ThomasAM_2019_c;VogtmannE_2016;WirbelJ_2018;YachidaS_2019;YuJ_2015;ZellerG_2014,1.9694249382291067,0.0489043143393484,0.0,0.0,0.0,no_median_difference,CRC_vs_Control_all,van_elteren_blocked_wilcoxon,Study,,,ok,0.20126006285808765,False
rCLR_Eubacterium sp. CAG:251,Eubacterium sp. CAG:251,CRC,Control,671,664,10,FengQ_2015;HanniganGD_2017;ThomasAM_2018a;ThomasAM_2018b;ThomasAM_2019_c;VogtmannE_2016;WirbelJ_2018;YachidaS_2019;YuJ_2015;ZellerG_2014,-1.9265102235702614,0.05404069653499916,0.0,0.0,0.0,no_median_difference,CRC_vs_Control_all,van_elteren_blocked_wilcoxon,Study,,,ok,0.21416127886092262,False
rCLR_[Ruminococcus] lactaris,[Ruminococcus] lactaris,CRC,Control,671,664,10,FengQ_2015;HanniganGD_2017;ThomasAM_2018a;ThomasAM_2018b;ThomasAM_2019_c;VogtmannE_2016;WirbelJ_2018;YachidaS_2019;YuJ_2015;ZellerG_2014,-1.862395440409616,0.062547371377628,0.0,0.0,0.0,no_median_difference,CRC_vs_Control_all,van_elteren_blocked_wilcoxon,Study,,,ok,0.2390203120502213,False
rCLR_Fusicatenibacter saccharivorans,Fusicatenibacter saccharivorans,CRC,Control,671,664,10,FengQ_2015;HanniganGD_2017;ThomasAM_2018a;ThomasAM_2018b;ThomasAM_2019_c;VogtmannE_2016;WirbelJ_2018;YachidaS_2019;YuJ_2015;ZellerG_2014,-1.8107572100007994,0.0701784426764042,0.7902880128944149,1.0787629879238692,-0.2884749750294543,higher_in_Control,CRC_vs_Control_all,van_elteren_blocked_wilcoxon,Study,,,ok,0.2529526977057867,False
rCLR_Bifidobacterium adolescentis,Bifidobacterium adolescentis,CRC,Control,671,664,10,FengQ_2015;HanniganGD_2017;ThomasAM_2018a;ThomasAM_2018b;ThomasAM_2019_c;VogtmannE_2016;WirbelJ_2018;YachidaS_2019;YuJ_2015;ZellerG_2014,-1.8059809380954694,0.07092131711377196,0.0,0.0,0.0,no_median_difference,CRC_vs_Control_all,van_elteren_blocked_wilcoxon,Study,,,ok,0.2529526977057867,False
rCLR_Bacteroides xylanisolvens,Bacteroides xylanisolvens,CRC,Control,671,664,10,FengQ_2015;HanniganGD_2017;ThomasAM_2018a;ThomasAM_2018b;ThomasAM_2019_c;VogtmannE_2016;WirbelJ_2018;YachidaS_2019;YuJ_2015;ZellerG_2014,-1.7885835245245618,0.07368191315370472,0.0,0.0,0.0,no_median_difference,CRC_vs_Control_all,van_elteren_blocked_wilcoxon,Study,,,ok,0.25432144217569047,False
rCLR_Parabacteroides merdae,Parabacteroides merdae,CRC,Control,671,664,10,FengQ_2015;HanniganGD_2017;ThomasAM_2018a;ThomasAM_2018b;ThomasAM_2019_c;VogtmannE_2016;WirbelJ_2018;YachidaS_2019;YuJ_2015;ZellerG_2014,1.7110257445112265,0.08707636043746002,0.7522566949436127,0.3640483813604267,0.38820831358318597,higher_in_CRC,CRC_vs_Control_all,van_elteren_blocked_wilcoxon,Study,,,ok,0.29116158021275695,False
rCLR_Bacteroides fragilis,Bacteroides fragilis,CRC,Control,671,664,10,FengQ_2015;HanniganGD_2017;ThomasAM_2018a;ThomasAM_2018b;ThomasAM_2019_c;VogtmannE_2016;WirbelJ_2018;YachidaS_2019;YuJ_2015;ZellerG_2014,1.6544551802883172,0.09803506272226863,0.0,0.0,0.0,no_median_difference,CRC_vs_Control_all,van_elteren_blocked_wilcoxon,Study,,,ok,0.31157831545989195,False
rCLR_Methanobrevibacter smithii,Methanobrevibacter smithii,CRC,Control,642,640,9,FengQ_2015;HanniganGD_2017;ThomasAM_2018b;ThomasAM_2019_c;VogtmannE_2016;WirbelJ_2018;YachidaS_2019;YuJ_2015;ZellerG_2014,1.6496907957626765,0.09900619369753576,0.0,0.0,0.0,no_median_difference,CRC_vs_Control_all,van_elteren_blocked_wilcoxon,Study,,,ok,0.31157831545989195,False
rCLR_Phocaeicola plebeius,Phocaeicola plebeius,CRC,Control,671,664,10,FengQ_2015;HanniganGD_2017;ThomasAM_2018a;ThomasAM_2018b;ThomasAM_2019_c;VogtmannE_2016;WirbelJ_2018;YachidaS_2019;YuJ_2015;ZellerG_2014,1.57186893360951,0.11598095064035721,0.0,0.0,0.0,no_median_difference,CRC_vs_Control_all,van_elteren_blocked_wilcoxon,Study,,,ok,0.34928500043382005,False
rCLR_Blautia sp. CAG:257,Blautia sp. CAG:257,CRC,Control,671,664,10,FengQ_2015;HanniganGD_2017;ThomasAM_2018a;ThomasAM_2018b;ThomasAM_2019_c;VogtmannE_2016;WirbelJ_2018;YachidaS_2019;YuJ_2015;ZellerG_2014,1.565283506338798,0.11751644874408898,0.0,0.0,0.0,no_median_difference,CRC_vs_Control_all,van_elteren_blocked_wilcoxon,Study,,,ok,0.34928500043382005,False
rCLR_Eubacterium sp. CAG:38,Eubacterium sp. CAG:38,CRC,Control,671,664,10,FengQ_2015;HanniganGD_2017;ThomasAM_2018a;ThomasAM_2018b;ThomasAM_2019_c;VogtmannE_2016;WirbelJ_2018;YachidaS_2019;YuJ_2015;ZellerG_2014,-1.435735658018042,0.15107757457433624,0.0,0.0,0.0,no_median_difference,CRC_vs_Control_all,van_elteren_blocked_wilcoxon,Study,,,ok,0.43140178081431585,False
rCLR_Ruminococcus bicirculans,Ruminococcus bicirculans,CRC,Control,671,664,10,FengQ_2015;HanniganGD_2017;ThomasAM_2018a;ThomasAM_2018b;ThomasAM_2019_c;VogtmannE_2016;WirbelJ_2018;YachidaS_2019;YuJ_2015;ZellerG_2014,-1.4122751792293218,0.15786895179896399,0.0,0.0,0.0,no_median_difference,CRC_vs_Control_all,van_elteren_blocked_wilcoxon,Study,,,ok,0.43140178081431585,False
rCLR_Dorea longicatena,Dorea longicatena,CRC,Control,671,664,10,FengQ_2015;HanniganGD_2017;ThomasAM_2018a;ThomasAM_2018b;ThomasAM_2019_c;VogtmannE_2016;WirbelJ_2018;YachidaS_2019;YuJ_2015;ZellerG_2014,1.4045473912053754,0.1601559098845532,0.5813214425597143,0.5937215414572712,-0.012400098897556888,higher_in_Control,CRC_vs_Control_all,van_elteren_blocked_wilcoxon,Study,,,ok,0.43140178081431585,False
rCLR_Akkermansia muciniphila,Akkermansia muciniphila,CRC,Control,671,664,10,FengQ_2015;HanniganGD_2017;ThomasAM_2018a;ThomasAM_2018b;ThomasAM_2019_c;VogtmannE_2016;WirbelJ_2018;YachidaS_2019;YuJ_2015;ZellerG_2014,1.3981627367992129,0.16206420386464238,0.0,0.0,0.0,no_median_difference,CRC_vs_Control_all,van_elteren_blocked_wilcoxon,Study,,,ok,0.43140178081431585,False
rCLR_Coprococcus comes,Coprococcus comes,CRC,Control,671,664,10,FengQ_2015;HanniganGD_2017;ThomasAM_2018a;ThomasAM_2018b;ThomasAM_2019_c;VogtmannE_2016;WirbelJ_2018;YachidaS_2019;YuJ_2015;ZellerG_2014,-1.387453614354372,0.1653034861064201,0.0657050302330273,0.3245352761049882,-0.2588302458719609,higher_in_Control,CRC_vs_Control_all,van_elteren_blocked_wilcoxon,Study,,,ok,0.43140178081431585,False
rCLR_Butyricimonas virosa,Butyricimonas virosa,CRC,Control,644,636,9,FengQ_2015;ThomasAM_2018a;ThomasAM_2018b;ThomasAM_2019_c;VogtmannE_2016;WirbelJ_2018;YachidaS_2019;YuJ_2015;ZellerG_2014,1.3273016750776572,0.1844089099738625,0.0,0.0,0.0,no_median_difference,CRC_vs_Control_all,van_elteren_blocked_wilcoxon,Study,,,ok,0.4698036516000783,False
rCLR_Slackia isoflavoniconvertens,Slackia isoflavoniconvertens,CRC,Control,671,664,10,FengQ_2015;HanniganGD_2017;ThomasAM_2018a;ThomasAM_2018b;ThomasAM_2019_c;VogtmannE_2016;WirbelJ_2018;YachidaS_2019;YuJ_2015;ZellerG_2014,-1.2328293145766465,0.2176394518816015,0.0,0.0,0.0,no_median_difference,CRC_vs_Control_all,van_elteren_blocked_wilcoxon,Study,,,ok,0.5325368362156749,False
rCLR_Acidaminococcus intestini,Acidaminococcus intestini,CRC,Control,671,664,10,FengQ_2015;HanniganGD_2017;ThomasAM_2018a;ThomasAM_2018b;ThomasAM_2019_c;VogtmannE_2016;WirbelJ_2018;YachidaS_2019;YuJ_2015;ZellerG_2014,-1.229225928076117,0.21898711021952988,0.0,0.0,0.0,no_median_difference,CRC_vs_Control_all,van_elteren_blocked_wilcoxon,Study,,,ok,0.5325368362156749,False
rCLR_Roseburia inulinivorans,Roseburia inulinivorans,CRC,Control,671,664,10,FengQ_2015;HanniganGD_2017;ThomasAM_2018a;ThomasAM_2018b;ThomasAM_2019_c;VogtmannE_2016;WirbelJ_2018;YachidaS_2019;YuJ_2015;ZellerG_2014,-1.1520213970279325,0.24931228085264345,0.2039669034022435,0.5683182525258316,-0.3643513491235881,higher_in_Control,CRC_vs_Control_all,van_elteren_blocked_wilcoxon,Study,,,ok,0.5680456829742302,False
rCLR_[Eubacterium] siraeum,[Eubacterium] siraeum,CRC,Control,671,664,10,FengQ_2015;HanniganGD_2017;ThomasAM_2018a;ThomasAM_2018b;ThomasAM_2019_c;VogtmannE_2016;WirbelJ_2018;YachidaS_2019;YuJ_2015;ZellerG_2014,1.1385953579702273,0.2548719654717916,0.0,0.0,0.0,no_median_difference,CRC_vs_Control_all,van_elteren_blocked_wilcoxon,Study,,,ok,0.5680456829742302,False
rCLR_Coprococcus eutactus,Coprococcus eutactus,CRC,Control,671,664,10,FengQ_2015;HanniganGD_2017;ThomasAM_2018a;ThomasAM_2018b;ThomasAM_2019_c;VogtmannE_2016;WirbelJ_2018;YachidaS_2019;YuJ_2015;ZellerG_2014,-1.1293105136374264,0.2587668672944915,0.0,0.0,0.0,no_median_difference,CRC_vs_Control_all,van_elteren_blocked_wilcoxon,Study,,,ok,0.5680456829742302,False
rCLR_Bacteroides uniformis,Bacteroides uniformis,CRC,Control,671,664,10,FengQ_2015;HanniganGD_2017;ThomasAM_2018a;ThomasAM_2018b;ThomasAM_2019_c;VogtmannE_2016;WirbelJ_2018;YachidaS_2019;YuJ_2015;ZellerG_2014,-1.1198472431843134,0.26277886318281085,2.3802267392678185,2.4862924882621478,-0.1060657489943293,higher_in_Control,CRC_vs_Control_all,van_elteren_blocked_wilcoxon,Study,,,ok,0.5680456829742302,False
rCLR_Phocaeicola dorei,Phocaeicola dorei,CRC,Control,671,664,10,FengQ_2015;HanniganGD_2017;ThomasAM_2018a;ThomasAM_2018b;ThomasAM_2019_c;VogtmannE_2016;WirbelJ_2018;YachidaS_2019;YuJ_2015;ZellerG_2014,-1.1140945615772373,0.26523862150709976,0.0,0.0,0.0,no_median_difference,CRC_vs_Control_all,van_elteren_blocked_wilcoxon,Study,,,ok,0.5680456829742302,False
rCLR_[Ruminococcus] gnavus,[Ruminococcus] gnavus,CRC,Control,671,664,10,FengQ_2015;HanniganGD_2017;ThomasAM_2018a;ThomasAM_2018b;ThomasAM_2019_c;VogtmannE_2016;WirbelJ_2018;YachidaS_2019;YuJ_2015;ZellerG_2014,1.1136207798380542,0.26544190793188327,0.0,0.0,0.0,no_median_difference,CRC_vs_Control_all,van_elteren_blocked_wilcoxon,Study,,,ok,0.5680456829742302,False
rCLR_Blautia wexlerae,Blautia wexlerae,CRC,Control,671,664,10,FengQ_2015;HanniganGD_2017;ThomasAM_2018a;ThomasAM_2018b;ThomasAM_2019_c;VogtmannE_2016;WirbelJ_2018;YachidaS_2019;YuJ_2015;ZellerG_2014,-1.0858812024095275,0.2775315543953504,-0.4193669085033444,-0.3032527781192586,-0.1161141303840858,higher_in_Control,CRC_vs_Control_all,van_elteren_blocked_wilcoxon,Study,,,ok,0.5822720847118136,False
rCLR_Coprococcus catus,Coprococcus catus,CRC,Control,671,664,10,FengQ_2015;HanniganGD_2017;ThomasAM_2018a;ThomasAM_2018b;ThomasAM_2019_c;VogtmannE_2016;WirbelJ_2018;YachidaS_2019;YuJ_2015;ZellerG_2014,1.0315267099433754,0.30229388937856505,0.0,0.0,0.0,no_median_difference,CRC_vs_Control_all,van_elteren_blocked_wilcoxon,Study,,,ok,0.6220278108366627,False
rCLR_Holdemanella biformis,Holdemanella biformis,CRC,Control,671,664,10,FengQ_2015;HanniganGD_2017;ThomasAM_2018a;ThomasAM_2018b;ThomasAM_2019_c;VogtmannE_2016;WirbelJ_2018;YachidaS_2019;YuJ_2015;ZellerG_2014,0.9976306317523528,0.31845850176559043,0.0,0.0,0.0,no_median_difference,CRC_vs_Control_all,van_elteren_blocked_wilcoxon,Study,,,ok,0.6408870967038909,False
rCLR_Anaerobutyricum hallii,Anaerobutyricum hallii,CRC,Control,671,664,10,FengQ_2015;HanniganGD_2017;ThomasAM_2018a;ThomasAM_2018b;ThomasAM_2019_c;VogtmannE_2016;WirbelJ_2018;YachidaS_2019;YuJ_2015;ZellerG_2014,0.9874168080023682,0.3234383478692533,0.0,0.0,0.0,no_median_difference,CRC_vs_Control_all,van_elteren_blocked_wilcoxon,Study,,,ok,0.6408870967038909,False
rCLR_Klebsiella quasipneumoniae,Klebsiella quasipneumoniae,CRC,Control,671,664,10,FengQ_2015;HanniganGD_2017;ThomasAM_2018a;ThomasAM_2018b;ThomasAM_2019_c;VogtmannE_2016;WirbelJ_2018;YachidaS_2019;YuJ_2015;ZellerG_2014,0.9262201341357031,0.3543315911506554,0.0,0.0,0.0,no_median_difference,CRC_vs_Control_all,van_elteren_blocked_wilcoxon,Study,,,ok,0.6866449515608702,False
rCLR_Prevotella copri,Prevotella copri,CRC,Control,671,664,10,FengQ_2015;HanniganGD_2017;ThomasAM_2018a;ThomasAM_2018b;ThomasAM_2019_c;VogtmannE_2016;WirbelJ_2018;YachidaS_2019;YuJ_2015;ZellerG_2014,0.916574632922481,0.3593655821253152,0.0,0.0,0.0,no_median_difference,CRC_vs_Control_all,van_elteren_blocked_wilcoxon,Study,,,ok,0.6866449515608702,False
rCLR_Lawsonibacter asaccharolyticus,Lawsonibacter asaccharolyticus,CRC,Control,671,664,10,FengQ_2015;HanniganGD_2017;ThomasAM_2018a;ThomasAM_2018b;ThomasAM_2019_c;VogtmannE_2016;WirbelJ_2018;YachidaS_2019;YuJ_2015;ZellerG_2014,-0.8785146846117886,0.3796644721986898,-0.9560568321602264,-1.0792786853530159,0.12322185319278944,higher_in_CRC,CRC_vs_Control_all,van_elteren_blocked_wilcoxon,Study,,,ok,0.712703482899295,False
rCLR_Veillonella parvula,Veillonella parvula,CRC,Control,671,664,10,FengQ_2015;HanniganGD_2017;ThomasAM_2018a;ThomasAM_2018b;ThomasAM_2019_c;VogtmannE_2016;WirbelJ_2018;YachidaS_2019;YuJ_2015;ZellerG_2014,0.8145892747984441,0.41530745168044203,0.0,0.0,0.0,no_median_difference,CRC_vs_Control_all,van_elteren_blocked_wilcoxon,Study,,,ok,0.7150835722145367,False
rCLR_Bacteroides stercoris,Bacteroides stercoris,CRC,Control,671,664,10,FengQ_2015;HanniganGD_2017;ThomasAM_2018a;ThomasAM_2018b;ThomasAM_2019_c;VogtmannE_2016;WirbelJ_2018;YachidaS_2019;YuJ_2015;ZellerG_2014,-0.8109554071492865,0.41739127964657596,0.0,0.0,0.0,no_median_difference,CRC_vs_Control_all,van_elteren_blocked_wilcoxon,Study,,,ok,0.7150835722145367,False
rCLR_Bacteroides sp. CAG:144,Bacteroides sp. CAG:144,CRC,Control,570,582,8,FengQ_2015;ThomasAM_2018a;ThomasAM_2018b;ThomasAM_2019_c;VogtmannE_2016;WirbelJ_2018;YachidaS_2019;ZellerG_2014,-0.8108295995027227,0.41746353377361933,0.0,0.0,0.0,no_median_difference,CRC_vs_Control_all,van_elteren_blocked_wilcoxon,Study,,,ok,0.7150835722145367,False
rCLR_Phascolarctobacterium faecium,Phascolarctobacterium faecium,CRC,Control,671,664,10,FengQ_2015;HanniganGD_2017;ThomasAM_2018a;ThomasAM_2018b;ThomasAM_2019_c;VogtmannE_2016;WirbelJ_2018;YachidaS_2019;YuJ_2015;ZellerG_2014,0.8094817470033031,0.41823809784114574,0.0,0.0,0.0,no_median_difference,CRC_vs_Control_all,van_elteren_blocked_wilcoxon,Study,,,ok,0.7150835722145367,False
rCLR_Oscillibacter sp. CAG:241,Oscillibacter sp. CAG:241,CRC,Control,671,664,10,FengQ_2015;HanniganGD_2017;ThomasAM_2018a;ThomasAM_2018b;ThomasAM_2019_c;VogtmannE_2016;WirbelJ_2018;YachidaS_2019;YuJ_2015;ZellerG_2014,0.8093913459180595,0.41829007847160893,0.0,0.0,0.0,no_median_difference,CRC_vs_Control_all,van_elteren_blocked_wilcoxon,Study,,,ok,0.7150835722145367,False
rCLR_Megamonas funiformis,Megamonas funiformis,CRC,Control,671,664,10,FengQ_2015;HanniganGD_2017;ThomasAM_2018a;ThomasAM_2018b;ThomasAM_2019_c;VogtmannE_2016;WirbelJ_2018;YachidaS_2019;YuJ_2015;ZellerG_2014,0.8046346955105622,0.4210305144814561,0.0,0.0,0.0,no_median_difference,CRC_vs_Control_all,van_elteren_blocked_wilcoxon,Study,,,ok,0.7150835722145367,False
rCLR_Proteobacteria bacterium CAG:139,Proteobacteria bacterium CAG:139,CRC,Control,671,664,10,FengQ_2015;HanniganGD_2017;ThomasAM_2018a;ThomasAM_2018b;ThomasAM_2019_c;VogtmannE_2016;WirbelJ_2018;YachidaS_2019;YuJ_2015;ZellerG_2014,-0.7728703247615708,0.4395991286473284,0.0,0.0,0.0,no_median_difference,CRC_vs_Control_all,van_elteren_blocked_wilcoxon,Study,,,ok,0.7190430149962451,False
rCLR_Alistipes putredinis,Alistipes putredinis,CRC,Control,671,664,10,FengQ_2015;HanniganGD_2017;ThomasAM_2018a;ThomasAM_2018b;ThomasAM_2019_c;VogtmannE_2016;WirbelJ_2018;YachidaS_2019;YuJ_2015;ZellerG_2014,0.767356268483323,0.44286972194809704,1.220867850674312,0.9127185432712712,0.3081493074030408,higher_in_CRC,CRC_vs_Control_all,van_elteren_blocked_wilcoxon,Study,,,ok,0.7190430149962451,False
rCLR_Bacteroides finegoldii,Bacteroides finegoldii,CRC,Control,671,664,10,FengQ_2015;HanniganGD_2017;ThomasAM_2018a;ThomasAM_2018b;ThomasAM_2019_c;VogtmannE_2016;WirbelJ_2018;YachidaS_2019;YuJ_2015;ZellerG_2014,0.7662595866176757,0.44352185971731006,0.0,0.0,0.0,no_median_difference,CRC_vs_Control_all,van_elteren_blocked_wilcoxon,Study,,,ok,0.7190430149962451,False
rCLR_Barnesiella intestinihominis,Barnesiella intestinihominis,CRC,Control,671,664,10,FengQ_2015;HanniganGD_2017;ThomasAM_2018a;ThomasAM_2018b;ThomasAM_2019_c;VogtmannE_2016;WirbelJ_2018;YachidaS_2019;YuJ_2015;ZellerG_2014,0.7375510152688397,0.4607873315960139,0.0,0.0,0.0,no_median_difference,CRC_vs_Control_all,van_elteren_blocked_wilcoxon,Study,,,ok,0.7358842459816939,False
rCLR_Bacteroides salyersiae,Bacteroides salyersiae,CRC,Control,644,636,9,FengQ_2015;ThomasAM_2018a;ThomasAM_2018b;ThomasAM_2019_c;VogtmannE_2016;WirbelJ_2018;YachidaS_2019;YuJ_2015;ZellerG_2014,0.72461871999852,0.46868597128753475,0.0,0.0,0.0,no_median_difference,CRC_vs_Control_all,van_elteren_blocked_wilcoxon,Study,,,ok,0.7374911607024445,False
rCLR_Agathobaculum butyriciproducens,Agathobaculum butyriciproducens,CRC,Control,671,664,10,FengQ_2015;HanniganGD_2017;ThomasAM_2018a;ThomasAM_2018b;ThomasAM_2019_c;VogtmannE_2016;WirbelJ_2018;YachidaS_2019;YuJ_2015;ZellerG_2014,-0.7054419778109677,0.4805352282145826,0.0,0.0,0.0,no_median_difference,CRC_vs_Control_all,van_elteren_blocked_wilcoxon,Study,,,ok,0.7451778176660919,False
rCLR_Coprobacter fastidiosus,Coprobacter fastidiosus,CRC,Control,644,636,9,FengQ_2015;ThomasAM_2018a;ThomasAM_2018b;ThomasAM_2019_c;VogtmannE_2016;WirbelJ_2018;YachidaS_2019;YuJ_2015;ZellerG_2014,-0.6682020146361757,0.5040046496361945,0.0,0.0,0.0,no_median_difference,CRC_vs_Control_all,van_elteren_blocked_wilcoxon,Study,,,ok,0.7704071073010402,False
rCLR_Anaerotignum lactatifermentans,Anaerotignum lactatifermentans,CRC,Control,671,664,10,FengQ_2015;HanniganGD_2017;ThomasAM_2018a;ThomasAM_2018b;ThomasAM_2019_c;VogtmannE_2016;WirbelJ_2018;YachidaS_2019;YuJ_2015;ZellerG_2014,-0.6525016092632455,0.51407763505478,0.0,0.0,0.0,no_median_difference,CRC_vs_Control_all,van_elteren_blocked_wilcoxon,Study,,,ok,0.7730192416980755,False
rCLR_Bacteroides cellulosilyticus,Bacteroides cellulosilyticus,CRC,Control,671,664,10,FengQ_2015;HanniganGD_2017;ThomasAM_2018a;ThomasAM_2018b;ThomasAM_2019_c;VogtmannE_2016;WirbelJ_2018;YachidaS_2019;YuJ_2015;ZellerG_2014,0.6397803289119209,0.522315422986578,0.0,0.0,0.0,no_median_difference,CRC_vs_Control_all,van_elteren_blocked_wilcoxon,Study,,,ok,0.7730192416980755,False
rCLR_Adlercreutzia equolifaciens_1,Adlercreutzia equolifaciens_1,CRC,Control,671,664,10,FengQ_2015;HanniganGD_2017;ThomasAM_2018a;ThomasAM_2018b;ThomasAM_2019_c;VogtmannE_2016;WirbelJ_2018;YachidaS_2019;YuJ_2015;ZellerG_2014,0.6139273614068776,0.5392633285636308,-0.4309002509070654,-0.412076576511554,-0.018823674395511414,higher_in_Control,CRC_vs_Control_all,van_elteren_blocked_wilcoxon,Study,,,ok,0.7730192416980755,False
rCLR_Klebsiella pneumoniae,Klebsiella pneumoniae,CRC,Control,671,664,10,FengQ_2015;HanniganGD_2017;ThomasAM_2018a;ThomasAM_2018b;ThomasAM_2019_c;VogtmannE_2016;WirbelJ_2018;YachidaS_2019;YuJ_2015;ZellerG_2014,0.6094874101766113,0.5422014151914405,0.0,0.0,0.0,no_median_difference,CRC_vs_Control_all,van_elteren_blocked_wilcoxon,Study,,,ok,0.7730192416980755,False
rCLR_Gemmiger formicilis,Gemmiger formicilis,CRC,Control,671,664,10,FengQ_2015;HanniganGD_2017;ThomasAM_2018a;ThomasAM_2018b;ThomasAM_2019_c;VogtmannE_2016;WirbelJ_2018;YachidaS_2019;YuJ_2015;ZellerG_2014,-0.6006143948935802,0.5480968479993547,-0.0912931154103753,0.0,-0.0912931154103753,higher_in_Control,CRC_vs_Control_all,van_elteren_blocked_wilcoxon,Study,,,ok,0.7730192416980755,False
rCLR_Phocaeicola massiliensis,Phocaeicola massiliensis,CRC,Control,671,664,10,FengQ_2015;HanniganGD_2017;ThomasAM_2018a;ThomasAM_2018b;ThomasAM_2019_c;VogtmannE_2016;WirbelJ_2018;YachidaS_2019;YuJ_2015;ZellerG_2014,-0.581628024867277,0.5608172617885812,0.0,0.0,0.0,no_median_difference,CRC_vs_Control_all,van_elteren_blocked_wilcoxon,Study,,,ok,0.7730192416980755,False
rCLR_Eubacterium sp. CAG:180,Eubacterium sp. CAG:180,CRC,Control,671,664,10,FengQ_2015;HanniganGD_2017;ThomasAM_2018a;ThomasAM_2018b;ThomasAM_2019_c;VogtmannE_2016;WirbelJ_2018;YachidaS_2019;YuJ_2015;ZellerG_2014,0.5735888897080877,0.5662460318383677,0.0,0.0,0.0,no_median_difference,CRC_vs_Control_all,van_elteren_blocked_wilcoxon,Study,,,ok,0.7730192416980755,False
rCLR_Bifidobacterium bifidum,Bifidobacterium bifidum,CRC,Control,671,664,10,FengQ_2015;HanniganGD_2017;ThomasAM_2018a;ThomasAM_2018b;ThomasAM_2019_c;VogtmannE_2016;WirbelJ_2018;YachidaS_2019;YuJ_2015;ZellerG_2014,-0.5690637173496488,0.5693128999039135,0.0,0.0,0.0,no_median_difference,CRC_vs_Control_all,van_elteren_blocked_wilcoxon,Study,,,ok,0.7730192416980755,False
rCLR_Firmicutes bacterium CAG:83,Firmicutes bacterium CAG:83,CRC,Control,671,664,10,FengQ_2015;HanniganGD_2017;ThomasAM_2018a;ThomasAM_2018b;ThomasAM_2019_c;VogtmannE_2016;WirbelJ_2018;YachidaS_2019;YuJ_2015;ZellerG_2014,0.5669710763987483,0.5707338326555884,0.0,0.0,0.0,no_median_difference,CRC_vs_Control_all,van_elteren_blocked_wilcoxon,Study,,,ok,0.7730192416980755,False
rCLR_Alistipes shahii,Alistipes shahii,CRC,Control,671,664,10,FengQ_2015;HanniganGD_2017;ThomasAM_2018a;ThomasAM_2018b;ThomasAM_2019_c;VogtmannE_2016;WirbelJ_2018;YachidaS_2019;YuJ_2015;ZellerG_2014,0.5349504256909281,0.5926841379720664,0.0,0.0,0.0,no_median_difference,CRC_vs_Control_all,van_elteren_blocked_wilcoxon,Study,,,ok,0.7919981634050225,False
rCLR_Firmicutes bacterium CAG:145,Firmicutes bacterium CAG:145,CRC,Control,671,664,10,FengQ_2015;HanniganGD_2017;ThomasAM_2018a;ThomasAM_2018b;ThomasAM_2019_c;VogtmannE_2016;WirbelJ_2018;YachidaS_2019;YuJ_2015;ZellerG_2014,0.5250477292880884,0.5995500115495964,0.0,0.0,0.0,no_median_difference,CRC_vs_Control_all,van_elteren_blocked_wilcoxon,Study,,,ok,0.7919981634050225,False
rCLR_Eubacterium ramulus,Eubacterium ramulus,CRC,Control,671,664,10,FengQ_2015;HanniganGD_2017;ThomasAM_2018a;ThomasAM_2018b;ThomasAM_2019_c;VogtmannE_2016;WirbelJ_2018;YachidaS_2019;YuJ_2015;ZellerG_2014,-0.452328423982045,0.6510324021115095,0.0,0.0,0.0,no_median_difference,CRC_vs_Control_all,van_elteren_blocked_wilcoxon,Study,,,ok,0.8495178905601405,False
rCLR_Phocaeicola vulgatus,Phocaeicola vulgatus,CRC,Control,671,664,10,FengQ_2015;HanniganGD_2017;ThomasAM_2018a;ThomasAM_2018b;ThomasAM_2019_c;VogtmannE_2016;WirbelJ_2018;YachidaS_2019;YuJ_2015;ZellerG_2014,0.44061884215254005,0.6594889597054574,2.626797596674653,2.491062176764519,0.13573541991013416,higher_in_CRC,CRC_vs_Control_all,van_elteren_blocked_wilcoxon,Study,,,ok,0.8501845625118547,False
rCLR_Intestinibacter bartlettii,Intestinibacter bartlettii,CRC,Control,671,664,10,FengQ_2015;HanniganGD_2017;ThomasAM_2018a;ThomasAM_2018b;ThomasAM_2019_c;VogtmannE_2016;WirbelJ_2018;YachidaS_2019;YuJ_2015;ZellerG_2014,0.41465644604318,0.6783934203784865,0.0,0.0,0.0,no_median_difference,CRC_vs_Control_all,van_elteren_blocked_wilcoxon,Study,,,ok,0.8524199398469877,False
rCLR_Bifidobacterium pseudocatenulatum,Bifidobacterium pseudocatenulatum,CRC,Control,671,664,10,FengQ_2015;HanniganGD_2017;ThomasAM_2018a;ThomasAM_2018b;ThomasAM_2019_c;VogtmannE_2016;WirbelJ_2018;YachidaS_2019;YuJ_2015;ZellerG_2014,0.3946790755912711,0.6930797469949953,0.0,0.0,0.0,no_median_difference,CRC_vs_Control_all,van_elteren_blocked_wilcoxon,Study,,,ok,0.8524199398469877,False
rCLR_Enterocloster bolteae,Enterocloster bolteae,CRC,Control,671,664,10,FengQ_2015;HanniganGD_2017;ThomasAM_2018a;ThomasAM_2018b;ThomasAM_2019_c;VogtmannE_2016;WirbelJ_2018;YachidaS_2019;YuJ_2015;ZellerG_2014,-0.3880885193083605,0.6979505277057483,-0.7907645921888302,-0.09933345773750765,-0.6914311344513225,higher_in_Control,CRC_vs_Control_all,van_elteren_blocked_wilcoxon,Study,,,ok,0.8524199398469877,False
rCLR_Alistipes inops,Alistipes inops,CRC,Control,671,664,10,FengQ_2015;HanniganGD_2017;ThomasAM_2018a;ThomasAM_2018b;ThomasAM_2019_c;VogtmannE_2016;WirbelJ_2018;YachidaS_2019;YuJ_2015;ZellerG_2014,0.38133135584395217,0.7029573896206616,0.0,0.0,0.0,no_median_difference,CRC_vs_Control_all,van_elteren_blocked_wilcoxon,Study,,,ok,0.8524199398469877,False
rCLR_Parasutterella excrementihominis,Parasutterella excrementihominis,CRC,Control,671,664,10,FengQ_2015;HanniganGD_2017;ThomasAM_2018a;ThomasAM_2018b;ThomasAM_2019_c;VogtmannE_2016;WirbelJ_2018;YachidaS_2019;YuJ_2015;ZellerG_2014,-0.36783234232327977,0.7129982514430888,0.0,0.0,0.0,no_median_difference,CRC_vs_Control_all,van_elteren_blocked_wilcoxon,Study,,,ok,0.8524199398469877,False
rCLR_Veillonella atypica,Veillonella atypica,CRC,Control,644,636,9,FengQ_2015;ThomasAM_2018a;ThomasAM_2018b;ThomasAM_2019_c;VogtmannE_2016;WirbelJ_2018;YachidaS_2019;YuJ_2015;ZellerG_2014,0.36461205482597364,0.715401015017646,0.0,0.0,0.0,no_median_difference,CRC_vs_Control_all,van_elteren_blocked_wilcoxon,Study,,,ok,0.8524199398469877,False
rCLR_Klebsiella variicola,Klebsiella variicola,CRC,Control,671,664,10,FengQ_2015;HanniganGD_2017;ThomasAM_2018a;ThomasAM_2018b;ThomasAM_2019_c;VogtmannE_2016;WirbelJ_2018;YachidaS_2019;YuJ_2015;ZellerG_2014,0.36248619962737666,0.7169887344507373,0.0,0.0,0.0,no_median_difference,CRC_vs_Control_all,van_elteren_blocked_wilcoxon,Study,,,ok,0.8524199398469877,False
rCLR_Erysipelatoclostridium ramosum,Erysipelatoclostridium ramosum,CRC,Control,671,664,10,FengQ_2015;HanniganGD_2017;ThomasAM_2018a;ThomasAM_2018b;ThomasAM_2019_c;VogtmannE_2016;WirbelJ_2018;YachidaS_2019;YuJ_2015;ZellerG_2014,0.3298176952271283,0.741537715994616,0.0,0.0,0.0,no_median_difference,CRC_vs_Control_all,van_elteren_blocked_wilcoxon,Study,,,ok,0.8719179737519112,False
rCLR_Bacteroides ovatus,Bacteroides ovatus,CRC,Control,671,664,10,FengQ_2015;HanniganGD_2017;ThomasAM_2018a;ThomasAM_2018b;ThomasAM_2019_c;VogtmannE_2016;WirbelJ_2018;YachidaS_2019;YuJ_2015;ZellerG_2014,0.298605679591369,0.7652409313779702,0.0,0.0,0.0,no_median_difference,CRC_vs_Control_all,van_elteren_blocked_wilcoxon,Study,,,ok,0.8900084745374219,False
rCLR_Bacteroides intestinalis,Bacteroides intestinalis,CRC,Control,671,664,10,FengQ_2015;HanniganGD_2017;ThomasAM_2018a;ThomasAM_2018b;ThomasAM_2019_c;VogtmannE_2016;WirbelJ_2018;YachidaS_2019;YuJ_2015;ZellerG_2014,-0.253474531953215,0.7999015392452935,0.0,0.0,0.0,no_median_difference,CRC_vs_Control_all,van_elteren_blocked_wilcoxon,Study,,,ok,0.9203168247230796,False
rCLR_Bacteroides eggerthii,Bacteroides eggerthii,CRC,Control,671,664,10,FengQ_2015;HanniganGD_2017;ThomasAM_2018a;ThomasAM_2018b;ThomasAM_2019_c;VogtmannE_2016;WirbelJ_2018;YachidaS_2019;YuJ_2015;ZellerG_2014,-0.24024341528484877,0.8101415585006002,0.0,0.0,0.0,no_median_difference,CRC_vs_Control_all,van_elteren_blocked_wilcoxon,Study,,,ok,0.9221824123357896,False
rCLR_Dialister invisus,Dialister invisus,CRC,Control,671,664,10,FengQ_2015;HanniganGD_2017;ThomasAM_2018a;ThomasAM_2018b;ThomasAM_2019_c;VogtmannE_2016;WirbelJ_2018;YachidaS_2019;YuJ_2015;ZellerG_2014,0.21147082628172262,0.8325198946977591,0.0,0.0,0.0,no_median_difference,CRC_vs_Control_all,van_elteren_blocked_wilcoxon,Study,,,ok,0.937680302449055,False
rCLR_Adlercreutzia equolifaciens,Adlercreutzia equolifaciens,CRC,Control,671,664,10,FengQ_2015;HanniganGD_2017;ThomasAM_2018a;ThomasAM_2018b;ThomasAM_2019_c;VogtmannE_2016;WirbelJ_2018;YachidaS_2019;YuJ_2015;ZellerG_2014,0.16471365870457977,0.8691693657367053,-0.207617600223043,-0.186449140553281,-0.021168459669761996,higher_in_Control,CRC_vs_Control_all,van_elteren_blocked_wilcoxon,Study,,,ok,0.9544833410983611,False
rCLR_Streptococcus parasanguinis,Streptococcus parasanguinis,CRC,Control,671,664,10,FengQ_2015;HanniganGD_2017;ThomasAM_2018a;ThomasAM_2018b;ThomasAM_2019_c;VogtmannE_2016;WirbelJ_2018;YachidaS_2019;YuJ_2015;ZellerG_2014,-0.16384154981695093,0.869855881603914,-0.6435315969440074,-0.7895463093470857,0.14601471240307828,higher_in_CRC,CRC_vs_Control_all,van_elteren_blocked_wilcoxon,Study,,,ok,0.9544833410983611,False
rCLR_Streptococcus salivarius,Streptococcus salivarius,CRC,Control,671,664,10,FengQ_2015;HanniganGD_2017;ThomasAM_2018a;ThomasAM_2018b;ThomasAM_2019_c;VogtmannE_2016;WirbelJ_2018;YachidaS_2019;YuJ_2015;ZellerG_2014,-0.13756253357478612,0.8905861678208542,-0.240992771197233,-0.49336097313426214,0.25236820193702914,higher_in_CRC,CRC_vs_Control_all,van_elteren_blocked_wilcoxon,Study,,,ok,0.9544833410983611,False
rCLR_Desulfovibrio piger,Desulfovibrio piger,CRC,Control,671,664,10,FengQ_2015;HanniganGD_2017;ThomasAM_2018a;ThomasAM_2018b;ThomasAM_2019_c;VogtmannE_2016;WirbelJ_2018;YachidaS_2019;YuJ_2015;ZellerG_2014,0.1311295496882175,0.8956728257138067,0.0,0.0,0.0,no_median_difference,CRC_vs_Control_all,van_elteren_blocked_wilcoxon,Study,,,ok,0.9544833410983611,False
rCLR_[Eubacterium] rectale,[Eubacterium] rectale,CRC,Control,671,664,10,FengQ_2015;HanniganGD_2017;ThomasAM_2018a;ThomasAM_2018b;ThomasAM_2019_c;VogtmannE_2016;WirbelJ_2018;YachidaS_2019;YuJ_2015;ZellerG_2014,-0.12723786199504628,0.8987521393591649,0.9054341581645596,1.0124642240591144,-0.10703006589455477,higher_in_Control,CRC_vs_Control_all,van_elteren_blocked_wilcoxon,Study,,,ok,0.9544833410983611,False
rCLR_Gordonibacter pamelaeae,Gordonibacter pamelaeae,CRC,Control,671,664,10,FengQ_2015;HanniganGD_2017;ThomasAM_2018a;ThomasAM_2018b;ThomasAM_2019_c;VogtmannE_2016;WirbelJ_2018;YachidaS_2019;YuJ_2015;ZellerG_2014,0.12444756985909428,0.900960910756397,-1.7144396906564752,-1.508765305330472,-0.20567438532600324,higher_in_Control,CRC_vs_Control_all,van_elteren_blocked_wilcoxon,Study,,,ok,0.9544833410983611,False
rCLR_Oscillibacter sp. 57_20,Oscillibacter sp. 57_20,CRC,Control,671,664,10,FengQ_2015;HanniganGD_2017;ThomasAM_2018a;ThomasAM_2018b;ThomasAM_2019_c;VogtmannE_2016;WirbelJ_2018;YachidaS_2019;YuJ_2015;ZellerG_2014,0.0625214161790449,0.9501476076560325,0.0,0.0,0.0,no_median_difference,CRC_vs_Control_all,van_elteren_blocked_wilcoxon,Study,,,ok,0.9837434201723438,False
rCLR_Eggerthella lenta,Eggerthella lenta,CRC,Control,671,664,10,FengQ_2015;HanniganGD_2017;ThomasAM_2018a;ThomasAM_2018b;ThomasAM_2019_c;VogtmannE_2016;WirbelJ_2018;YachidaS_2019;YuJ_2015;ZellerG_2014,-0.0589326911163652,0.9530057195470999,-0.4130493615239121,-0.3280123278719591,-0.08503703365195298,higher_in_Control,CRC_vs_Control_all,van_elteren_blocked_wilcoxon,Study,,,ok,0.9837434201723438,False
rCLR_Escherichia coli,Escherichia coli,CRC,Control,671,664,10,FengQ_2015;HanniganGD_2017;ThomasAM_2018a;ThomasAM_2018b;ThomasAM_2019_c;VogtmannE_2016;WirbelJ_2018;YachidaS_2019;YuJ_2015;ZellerG_2014,-0.04484079793679775,0.9642342057304215,0.0,0.0,0.0,no_median_difference,CRC_vs_Control_all,van_elteren_blocked_wilcoxon,Study,,,ok,0.9837434201723438,False
rCLR_Phocaeicola coprocola,Phocaeicola coprocola,CRC,Control,671,664,10,FengQ_2015;HanniganGD_2017;ThomasAM_2018a;ThomasAM_2018b;ThomasAM_2019_c;VogtmannE_2016;WirbelJ_2018;YachidaS_2019;YuJ_2015;ZellerG_2014,0.03343988767223924,0.973323801674116,0.0,0.0,0.0,no_median_difference,CRC_vs_Control_all,van_elteren_blocked_wilcoxon,Study,,,ok,0.9837434201723438,False
rCLR_Firmicutes bacterium CAG:110,Firmicutes bacterium CAG:110,CRC,Control,671,664,10,FengQ_2015;HanniganGD_2017;ThomasAM_2018a;ThomasAM_2018b;ThomasAM_2019_c;VogtmannE_2016;WirbelJ_2018;YachidaS_2019;YuJ_2015;ZellerG_2014,0.03190281162196505,0.9745495564324154,0.0,0.0,0.0,no_median_difference,CRC_vs_Control_all,van_elteren_blocked_wilcoxon,Study,,,ok,0.9837434201723438,False
rCLR_Ruminococcus bromii,Ruminococcus bromii,CRC,Control,671,664,10,FengQ_2015;HanniganGD_2017;ThomasAM_2018a;ThomasAM_2018b;ThomasAM_2019_c;VogtmannE_2016;WirbelJ_2018;YachidaS_2019;YuJ_2015;ZellerG_2014,0.019645422904054258,0.9843262285770197,0.0,0.0,0.0,no_median_difference,CRC_vs_Control_all,van_elteren_blocked_wilcoxon,Study,,,ok,0.9843262285770197,False
rCLR_Anaerotignum lactatifermentans,Anaerotignum lactatifermentans,Male,Female,132,77,5,FengQ_2015;HanniganGD_2017;ThomasAM_2018a;YachidaS_2019;ZellerG_2014,-2.3514033020404574,0.018702750109435128,0.0,0.0,0.0,no_median_difference,Male_vs_Female_within_Adenoma,van_elteren_blocked_wilcoxon,Study,,Adenoma,ok,0.6932203801909054,False
rCLR_Holdemanella biformis,Holdemanella biformis,Male,Female,132,77,5,FengQ_2015;HanniganGD_2017;ThomasAM_2018a;YachidaS_2019;ZellerG_2014,-2.2011206018526135,0.027727487177958355,0.0,0.0,0.0,no_median_difference,Male_vs_Female_within_Adenoma,van_elteren_blocked_wilcoxon,Study,,Adenoma,ok,0.6932203801909054,False
rCLR_Roseburia faecis,Roseburia faecis,Male,Female,132,77,5,FengQ_2015;HanniganGD_2017;ThomasAM_2018a;YachidaS_2019;ZellerG_2014,-2.067413358671272,0.03869522055288812,0.0,0.844174686650396,-0.844174686650396,higher_in_Female,Male_vs_Female_within_Adenoma,van_elteren_blocked_wilcoxon,Study,,Adenoma,ok,0.6932203801909054,False
rCLR_Bacteroides salyersiae,Bacteroides salyersiae,Male,Female,117,66,4,FengQ_2015;ThomasAM_2018a;YachidaS_2019;ZellerG_2014,-2.0625852723630453,0.039152048204539165,0.0,0.0,0.0,no_median_difference,Male_vs_Female_within_Adenoma,van_elteren_blocked_wilcoxon,Study,,Adenoma,ok,0.6932203801909054,False
rCLR_Bacteroides uniformis,Bacteroides uniformis,Male,Female,132,77,5,FengQ_2015;HanniganGD_2017;ThomasAM_2018a;YachidaS_2019;ZellerG_2014,-1.977683839410197,0.04796438449315949,2.073545546046074,2.1984759518659143,-0.12493040581984038,higher_in_Female,Male_vs_Female_within_Adenoma,van_elteren_blocked_wilcoxon,Study,,Adenoma,ok,0.6932203801909054,False
rCLR_Coprococcus catus,Coprococcus catus,Male,Female,132,77,5,FengQ_2015;HanniganGD_2017;ThomasAM_2018a;YachidaS_2019;ZellerG_2014,1.9656415179890674,0.04934003465640078,0.0,0.0,0.0,no_median_difference,Male_vs_Female_within_Adenoma,van_elteren_blocked_wilcoxon,Study,,Adenoma,ok,0.6932203801909054,False
rCLR_Barnesiella intestinihominis,Barnesiella intestinihominis,Male,Female,132,77,5,FengQ_2015;HanniganGD_2017;ThomasAM_2018a;YachidaS_2019;ZellerG_2014,-1.952633431753123,0.0508630467541653,0.0,0.0,0.0,no_median_difference,Male_vs_Female_within_Adenoma,van_elteren_blocked_wilcoxon,Study,,Adenoma,ok,0.6932203801909054,False
rCLR_[Eubacterium] rectale,[Eubacterium] rectale,Male,Female,132,77,5,FengQ_2015;HanniganGD_2017;ThomasAM_2018a;YachidaS_2019;ZellerG_2014,1.8941279107625149,0.05820803383938941,1.3673419108900422,0.8496576882508045,0.5176842226392377,higher_in_Male,Male_vs_Female_within_Adenoma,van_elteren_blocked_wilcoxon,Study,,Adenoma,ok,0.6932203801909054,False
rCLR_Bifidobacterium pseudocatenulatum,Bifidobacterium pseudocatenulatum,Male,Female,132,77,5,FengQ_2015;HanniganGD_2017;ThomasAM_2018a;YachidaS_2019;ZellerG_2014,-1.8933732042281475,0.0583082562777397,0.0,0.0,0.0,no_median_difference,Male_vs_Female_within_Adenoma,van_elteren_blocked_wilcoxon,Study,,Adenoma,ok,0.6932203801909054,False
rCLR_Parabacteroides distasonis,Parabacteroides distasonis,Male,Female,132,77,5,FengQ_2015;HanniganGD_2017;ThomasAM_2018a;YachidaS_2019;ZellerG_2014,1.8157342934600498,0.0694111408201651,1.0142879865760634,0.0,1.0142879865760634,higher_in_Male,Male_vs_Female_within_Adenoma,van_elteren_blocked_wilcoxon,Study,,Adenoma,ok,0.7223344815770596,False
rCLR_Bacteroides eggerthii,Bacteroides eggerthii,Male,Female,132,77,5,FengQ_2015;HanniganGD_2017;ThomasAM_2018a;YachidaS_2019;ZellerG_2014,1.7817719887685883,0.07478642191161791,0.0,0.0,0.0,no_median_difference,Male_vs_Female_within_Adenoma,van_elteren_blocked_wilcoxon,Study,,Adenoma,ok,0.7223344815770596,False
rCLR_[Ruminococcus] torques,[Ruminococcus] torques,Male,Female,132,77,5,FengQ_2015;HanniganGD_2017;ThomasAM_2018a;YachidaS_2019;ZellerG_2014,1.6855508787590756,0.0918823372294468,0.7454177232650159,0.136811914054632,0.6086058092103839,higher_in_Male,Male_vs_Female_within_Adenoma,van_elteren_blocked_wilcoxon,Study,,Adenoma,ok,0.7223344815770596,False
rCLR_Phascolarctobacterium succinatutens,Phascolarctobacterium succinatutens,Male,Female,132,77,5,FengQ_2015;HanniganGD_2017;ThomasAM_2018a;YachidaS_2019;ZellerG_2014,1.6783299597892654,0.09328270242945266,0.0,0.0,0.0,no_median_difference,Male_vs_Female_within_Adenoma,van_elteren_blocked_wilcoxon,Study,,Adenoma,ok,0.7223344815770596,False
rCLR_Bacteroides fragilis,Bacteroides fragilis,Male,Female,132,77,5,FengQ_2015;HanniganGD_2017;ThomasAM_2018a;YachidaS_2019;ZellerG_2014,1.6720672909357348,0.09451105366428816,0.0,0.0,0.0,no_median_difference,Male_vs_Female_within_Adenoma,van_elteren_blocked_wilcoxon,Study,,Adenoma,ok,0.7223344815770596,False
rCLR_[Ruminococcus] lactaris,[Ruminococcus] lactaris,Male,Female,132,77,5,FengQ_2015;HanniganGD_2017;ThomasAM_2018a;YachidaS_2019;ZellerG_2014,1.6383516304562942,0.10134836307594619,0.0,0.0,0.0,no_median_difference,Male_vs_Female_within_Adenoma,van_elteren_blocked_wilcoxon,Study,,Adenoma,ok,0.7229516566084162,False
rCLR_Bacteroides finegoldii,Bacteroides finegoldii,Male,Female,117,66,4,FengQ_2015;ThomasAM_2018a;YachidaS_2019;ZellerG_2014,-1.4909779462347885,0.13596728511455697,0.0,0.0,0.0,no_median_difference,Male_vs_Female_within_Adenoma,van_elteren_blocked_wilcoxon,Study,,Adenoma,ok,0.8983757641160549,False
rCLR_Fusicatenibacter saccharivorans,Fusicatenibacter saccharivorans,Male,Female,132,77,5,FengQ_2015;HanniganGD_2017;ThomasAM_2018a;YachidaS_2019;ZellerG_2014,-1.4656905931674449,0.1427325980371302,0.7867831393122522,1.394247464718731,-0.6074643254064789,higher_in_Female,Male_vs_Female_within_Adenoma,van_elteren_blocked_wilcoxon,Study,,Adenoma,ok,0.8983757641160549,False
rCLR_Clostridium sp. CAG:58,Clostridium sp. CAG:58,Male,Female,132,77,5,FengQ_2015;HanniganGD_2017;ThomasAM_2018a;YachidaS_2019;ZellerG_2014,-1.3802203230805141,0.16751881842071026,0.0,0.0,0.0,no_median_difference,Male_vs_Female_within_Adenoma,van_elteren_blocked_wilcoxon,Study,,Adenoma,ok,0.9343480411270335,False
rCLR_Dorea formicigenerans,Dorea formicigenerans,Male,Female,132,77,5,FengQ_2015;HanniganGD_2017;ThomasAM_2018a;YachidaS_2019;ZellerG_2014,1.306288993499056,0.19145429864344365,0.0,0.0,0.0,no_median_difference,Male_vs_Female_within_Adenoma,van_elteren_blocked_wilcoxon,Study,,Adenoma,ok,0.9343480411270335,False
rCLR_Intestinibacter bartlettii,Intestinibacter bartlettii,Male,Female,116,66,4,FengQ_2015;HanniganGD_2017;YachidaS_2019;ZellerG_2014,-1.2971820274908743,0.19456856309681703,0.0,0.0,0.0,no_median_difference,Male_vs_Female_within_Adenoma,van_elteren_blocked_wilcoxon,Study,,Adenoma,ok,0.9343480411270335,False
rCLR_Gemmiger formicilis,Gemmiger formicilis,Male,Female,132,77,5,FengQ_2015;HanniganGD_2017;ThomasAM_2018a;YachidaS_2019;ZellerG_2014,-1.2692144891454564,0.20436457473148217,0.0,0.0,0.0,no_median_difference,Male_vs_Female_within_Adenoma,van_elteren_blocked_wilcoxon,Study,,Adenoma,ok,0.9343480411270335,False
rCLR_Agathobaculum butyriciproducens,Agathobaculum butyriciproducens,Male,Female,132,77,5,FengQ_2015;HanniganGD_2017;ThomasAM_2018a;YachidaS_2019;ZellerG_2014,1.2518935279160948,0.21060866341527718,0.0045592329579047,0.0,0.0045592329579047,higher_in_Male,Male_vs_Female_within_Adenoma,van_elteren_blocked_wilcoxon,Study,,Adenoma,ok,0.9343480411270335,False
rCLR_Eubacterium sp. CAG:251,Eubacterium sp. CAG:251,Male,Female,132,77,5,FengQ_2015;HanniganGD_2017;ThomasAM_2018a;YachidaS_2019;ZellerG_2014,-1.2332519812950549,0.21748176709792766,0.0,0.0,0.0,no_median_difference,Male_vs_Female_within_Adenoma,van_elteren_blocked_wilcoxon,Study,,Adenoma,ok,0.9343480411270335,False
rCLR_Odoribacter splanchnicus,Odoribacter splanchnicus,Male,Female,117,66,4,FengQ_2015;ThomasAM_2018a;YachidaS_2019;ZellerG_2014,-1.2176545368941134,0.22335528037292274,0.0,0.0,0.0,no_median_difference,Male_vs_Female_within_Adenoma,van_elteren_blocked_wilcoxon,Study,,Adenoma,ok,0.9343480411270335,False
rCLR_Alistipes finegoldii,Alistipes finegoldii,Male,Female,132,77,5,FengQ_2015;HanniganGD_2017;ThomasAM_2018a;YachidaS_2019;ZellerG_2014,-1.2167008290587602,0.22371806352622003,0.0,0.0,0.0,no_median_difference,Male_vs_Female_within_Adenoma,van_elteren_blocked_wilcoxon,Study,,Adenoma,ok,0.9343480411270335,False
rCLR_Prevotella copri,Prevotella copri,Male,Female,132,77,5,FengQ_2015;HanniganGD_2017;ThomasAM_2018a;YachidaS_2019;ZellerG_2014,1.1837060546411464,0.2365294414042588,0.0,0.0,0.0,no_median_difference,Male_vs_Female_within_Adenoma,van_elteren_blocked_wilcoxon,Study,,Adenoma,ok,0.9343480411270335,False
rCLR_Phocaeicola dorei,Phocaeicola dorei,Male,Female,132,77,5,FengQ_2015;HanniganGD_2017;ThomasAM_2018a;YachidaS_2019;ZellerG_2014,1.1475007401361024,0.2511747274111158,0.1251170016164627,0.0,0.1251170016164627,higher_in_Male,Male_vs_Female_within_Adenoma,van_elteren_blocked_wilcoxon,Study,,Adenoma,ok,0.9343480411270335,False
rCLR_Veillonella parvula,Veillonella parvula,Male,Female,117,66,4,FengQ_2015;ThomasAM_2018a;YachidaS_2019;ZellerG_2014,1.1378006544907497,0.2552037316265904,0.0,0.0,0.0,no_median_difference,Male_vs_Female_within_Adenoma,van_elteren_blocked_wilcoxon,Study,,Adenoma,ok,0.9343480411270335,False
rCLR_Dorea longicatena,Dorea longicatena,Male,Female,132,77,5,FengQ_2015;HanniganGD_2017;ThomasAM_2018a;YachidaS_2019;ZellerG_2014,1.1281622325014762,0.25925141078999725,0.6478953682455832,0.5441484288368312,0.10374693940875201,higher_in_Male,Male_vs_Female_within_Adenoma,van_elteren_blocked_wilcoxon,Study,,Adenoma,ok,0.9343480411270335,False
rCLR_Bacteroides caccae,Bacteroides caccae,Male,Female,132,77,5,FengQ_2015;HanniganGD_2017;ThomasAM_2018a;YachidaS_2019;ZellerG_2014,-1.1217547267550412,0.2619667405029066,0.0,0.0,0.0,no_median_difference,Male_vs_Female_within_Adenoma,van_elteren_blocked_wilcoxon,Study,,Adenoma,ok,0.9343480411270335,False
rCLR_Eggerthella lenta,Eggerthella lenta,Male,Female,132,77,5,FengQ_2015;HanniganGD_2017;ThomasAM_2018a;YachidaS_2019;ZellerG_2014,1.079622438204936,0.28031034536663035,0.0,-0.1489351664177982,0.1489351664177982,higher_in_Male,Male_vs_Female_within_Adenoma,van_elteren_blocked_wilcoxon,Study,,Adenoma,ok,0.9443338437685443,False
rCLR_Butyricimonas virosa,Butyricimonas virosa,Male,Female,117,66,4,FengQ_2015;ThomasAM_2018a;YachidaS_2019;ZellerG_2014,0.9981518671701128,0.31820572241614076,0.0,0.0,0.0,no_median_difference,Male_vs_Female_within_Adenoma,van_elteren_blocked_wilcoxon,Study,,Adenoma,ok,0.9443338437685443,False
rCLR_Alistipes inops,Alistipes inops,Male,Female,132,77,5,FengQ_2015;HanniganGD_2017;ThomasAM_2018a;YachidaS_2019;ZellerG_2014,-0.9963274892941224,0.3190910515483777,0.0,0.0,0.0,no_median_difference,Male_vs_Female_within_Adenoma,van_elteren_blocked_wilcoxon,Study,,Adenoma,ok,0.9443338437685443,False
rCLR_Firmicutes bacterium CAG:83,Firmicutes bacterium CAG:83,Male,Female,132,77,5,FengQ_2015;HanniganGD_2017;ThomasAM_2018a;YachidaS_2019;ZellerG_2014,-0.984659505249094,0.3247913500405646,0.0,0.0,0.0,no_median_difference,Male_vs_Female_within_Adenoma,van_elteren_blocked_wilcoxon,Study,,Adenoma,ok,0.9443338437685443,False
rCLR_Acidaminococcus intestini,Acidaminococcus intestini,Male,Female,132,77,5,FengQ_2015;HanniganGD_2017;ThomasAM_2018a;YachidaS_2019;ZellerG_2014,-0.9664984423743428,0.33379482596825283,0.0,0.0,0.0,no_median_difference,Male_vs_Female_within_Adenoma,van_elteren_blocked_wilcoxon,Study,,Adenoma,ok,0.9443338437685443,False
rCLR_Bacteroides stercoris,Bacteroides stercoris,Male,Female,132,77,5,FengQ_2015;HanniganGD_2017;ThomasAM_2018a;YachidaS_2019;ZellerG_2014,-0.9377061978222672,0.3483954178484786,0.0,0.0,0.0,no_median_difference,Male_vs_Female_within_Adenoma,van_elteren_blocked_wilcoxon,Study,,Adenoma,ok,0.9443338437685443,False
rCLR_Methanobrevibacter smithii,Methanobrevibacter smithii,Male,Female,116,66,4,FengQ_2015;HanniganGD_2017;YachidaS_2019;ZellerG_2014,0.9309083996767904,0.3519009491611069,0.0,0.0,0.0,no_median_difference,Male_vs_Female_within_Adenoma,van_elteren_blocked_wilcoxon,Study,,Adenoma,ok,0.9443338437685443,False
rCLR_Firmicutes bacterium CAG:145,Firmicutes bacterium CAG:145,Male,Female,132,77,5,FengQ_2015;HanniganGD_2017;ThomasAM_2018a;YachidaS_2019;ZellerG_2014,0.9107871127964765,0.3624075539904811,0.0,0.0,0.0,no_median_difference,Male_vs_Female_within_Adenoma,van_elteren_blocked_wilcoxon,Study,,Adenoma,ok,0.9443338437685443,False
rCLR_Klebsiella pneumoniae,Klebsiella pneumoniae,Male,Female,132,77,5,FengQ_2015;HanniganGD_2017;ThomasAM_2018a;YachidaS_2019;ZellerG_2014,0.9097007955521397,0.36298032453494944,0.0,0.0,0.0,no_median_difference,Male_vs_Female_within_Adenoma,van_elteren_blocked_wilcoxon,Study,,Adenoma,ok,0.9443338437685443,False
rCLR_Ruthenibacterium lactatiformans,Ruthenibacterium lactatiformans,Male,Female,132,77,5,FengQ_2015;HanniganGD_2017;ThomasAM_2018a;YachidaS_2019;ZellerG_2014,-0.906017702805212,0.36492648250919124,-0.698053607078815,-0.5710575590476028,-0.12699604803121223,higher_in_Female,Male_vs_Female_within_Adenoma,van_elteren_blocked_wilcoxon,Study,,Adenoma,ok,0.9443338437685443,False
rCLR_Enterocloster bolteae,Enterocloster bolteae,Male,Female,117,66,4,FengQ_2015;ThomasAM_2018a;YachidaS_2019;ZellerG_2014,-0.879830283392933,0.37895125664753004,0.0,0.0,0.0,no_median_difference,Male_vs_Female_within_Adenoma,van_elteren_blocked_wilcoxon,Study,,Adenoma,ok,0.9443338437685443,False
rCLR_Parvimonas micra,Parvimonas micra,Male,Female,117,66,4,FengQ_2015;ThomasAM_2018a;YachidaS_2019;ZellerG_2014,0.8656503068590734,0.38668195889514034,0.0,0.0,0.0,no_median_difference,Male_vs_Female_within_Adenoma,van_elteren_blocked_wilcoxon,Study,,Adenoma,ok,0.9443338437685443,False
rCLR_Streptococcus parasanguinis,Streptococcus parasanguinis,Male,Female,132,77,5,FengQ_2015;HanniganGD_2017;ThomasAM_2018a;YachidaS_2019;ZellerG_2014,0.8381978290482481,0.4019196061294664,-0.2752620670436712,-0.5294985347017402,0.25423646765806907,higher_in_Male,Male_vs_Female_within_Adenoma,van_elteren_blocked_wilcoxon,Study,,Adenoma,ok,0.9443338437685443,False
rCLR_Parabacteroides merdae,Parabacteroides merdae,Male,Female,132,77,5,FengQ_2015;HanniganGD_2017;ThomasAM_2018a;YachidaS_2019;ZellerG_2014,-0.8312486118719531,0.4058331981458302,0.0,0.0,0.0,no_median_difference,Male_vs_Female_within_Adenoma,van_elteren_blocked_wilcoxon,Study,,Adenoma,ok,0.9443338437685443,False
rCLR_Akkermansia muciniphila,Akkermansia muciniphila,Male,Female,132,77,5,FengQ_2015;HanniganGD_2017;ThomasAM_2018a;YachidaS_2019;ZellerG_2014,-0.8303887519884431,0.40631902303397516,0.0,0.0,0.0,no_median_difference,Male_vs_Female_within_Adenoma,van_elteren_blocked_wilcoxon,Study,,Adenoma,ok,0.9443338437685443,False
rCLR_Proteobacteria bacterium CAG:139,Proteobacteria bacterium CAG:139,Male,Female,117,66,4,FengQ_2015;ThomasAM_2018a;YachidaS_2019;ZellerG_2014,0.8161810965076988,0.4143965668393431,0.0,0.0,0.0,no_median_difference,Male_vs_Female_within_Adenoma,van_elteren_blocked_wilcoxon,Study,,Adenoma,ok,0.9443338437685443,False
rCLR_Phocaeicola vulgatus,Phocaeicola vulgatus,Male,Female,132,77,5,FengQ_2015;HanniganGD_2017;ThomasAM_2018a;YachidaS_2019;ZellerG_2014,-0.7953651714598394,0.4264011134764871,1.777130057868276,1.0119789557776346,0.7651511020906414,higher_in_Male,Male_vs_Female_within_Adenoma,van_elteren_blocked_wilcoxon,Study,,Adenoma,ok,0.9443338437685443,False
rCLR_Klebsiella quasipneumoniae,Klebsiella quasipneumoniae,Male,Female,87,54,3,FengQ_2015;ThomasAM_2018a;YachidaS_2019,-0.7442230693702273,0.4567415337254034,0.0,0.0,0.0,no_median_difference,Male_vs_Female_within_Adenoma,van_elteren_blocked_wilcoxon,Study,,Adenoma,ok,0.9443338437685443,False
rCLR_Alistipes shahii,Alistipes shahii,Male,Female,132,77,5,FengQ_2015;HanniganGD_2017;ThomasAM_2018a;YachidaS_2019;ZellerG_2014,-0.7378104605670645,0.46062963575921945,-0.0110703119122285,0.0,-0.0110703119122285,higher_in_Female,Male_vs_Female_within_Adenoma,van_elteren_blocked_wilcoxon,Study,,Adenoma,ok,0.9443338437685443,False
rCLR_Phocaeicola massiliensis,Phocaeicola massiliensis,Male,Female,132,77,5,FengQ_2015;HanniganGD_2017;ThomasAM_2018a;YachidaS_2019;ZellerG_2014,0.737176046597763,0.46101529808385355,0.0,0.0,0.0,no_median_difference,Male_vs_Female_within_Adenoma,van_elteren_blocked_wilcoxon,Study,,Adenoma,ok,0.9443338437685443,False
rCLR_[Ruminococcus] gnavus,[Ruminococcus] gnavus,Male,Female,132,77,5,FengQ_2015;HanniganGD_2017;ThomasAM_2018a;YachidaS_2019;ZellerG_2014,-0.7370183991594126,0.461111160464284,0.0,0.0,0.0,no_median_difference,Male_vs_Female_within_Adenoma,van_elteren_blocked_wilcoxon,Study,,Adenoma,ok,0.9443338437685443,False
rCLR_Gordonibacter pamelaeae,Gordonibacter pamelaeae,Male,Female,132,77,5,FengQ_2015;HanniganGD_2017;ThomasAM_2018a;YachidaS_2019;ZellerG_2014,0.7317459615830273,0.4643236375397797,-0.7565063107980088,-1.1277787478752088,0.37127243707720003,higher_in_Male,Male_vs_Female_within_Adenoma,van_elteren_blocked_wilcoxon,Study,,Adenoma,ok,0.9443338437685443,False
rCLR_Eubacterium ventriosum,Eubacterium ventriosum,Male,Female,132,77,5,FengQ_2015;HanniganGD_2017;ThomasAM_2018a;YachidaS_2019;ZellerG_2014,0.7261380468501157,0.4677541469133911,0.0,0.0,0.0,no_median_difference,Male_vs_Female_within_Adenoma,van_elteren_blocked_wilcoxon,Study,,Adenoma,ok,0.9443338437685443,False
rCLR_Adlercreutzia equolifaciens_1,Adlercreutzia equolifaciens_1,Male,Female,132,77,5,FengQ_2015;HanniganGD_2017;ThomasAM_2018a;YachidaS_2019;ZellerG_2014,-0.685924412020666,0.49276077514249883,-0.35622963613898007,0.0,-0.35622963613898007,higher_in_Female,Male_vs_Female_within_Adenoma,van_elteren_blocked_wilcoxon,Study,,Adenoma,ok,0.9497571286295083,False
rCLR_Eubacterium ramulus,Eubacterium ramulus,Male,Female,132,77,5,FengQ_2015;HanniganGD_2017;ThomasAM_2018a;YachidaS_2019;ZellerG_2014,-0.6268861848749263,0.5307338437183653,0.0,0.0,0.0,no_median_difference,Male_vs_Female_within_Adenoma,van_elteren_blocked_wilcoxon,Study,,Adenoma,ok,0.9497571286295083,False
rCLR_Firmicutes bacterium CAG:110,Firmicutes bacterium CAG:110,Male,Female,132,77,5,FengQ_2015;HanniganGD_2017;ThomasAM_2018a;YachidaS_2019;ZellerG_2014,0.6202890625870878,0.5350674944584645,0.0,0.0,0.0,no_median_difference,Male_vs_Female_within_Adenoma,van_elteren_blocked_wilcoxon,Study,,Adenoma,ok,0.9497571286295083,False
rCLR_Coprococcus eutactus,Coprococcus eutactus,Male,Female,132,77,5,FengQ_2015;HanniganGD_2017;ThomasAM_2018a;YachidaS_2019;ZellerG_2014,-0.6136963241275217,0.5394160178787577,0.0,0.0,0.0,no_median_difference,Male_vs_Female_within_Adenoma,van_elteren_blocked_wilcoxon,Study,,Adenoma,ok,0.9497571286295083,False
rCLR_Bacteroides thetaiotaomicron,Bacteroides thetaiotaomicron,Male,Female,132,77,5,FengQ_2015;HanniganGD_2017;ThomasAM_2018a;YachidaS_2019;ZellerG_2014,0.6021675428184573,0.5470626183751157,0.0,0.0,0.0,no_median_difference,Male_vs_Female_within_Adenoma,van_elteren_blocked_wilcoxon,Study,,Adenoma,ok,0.9497571286295083,False
rCLR_Oscillibacter sp. CAG:241,Oscillibacter sp. CAG:241,Male,Female,132,77,5,FengQ_2015;HanniganGD_2017;ThomasAM_2018a;YachidaS_2019;ZellerG_2014,-0.5876555328680635,0.5567635283035022,0.0,0.0,0.0,no_median_difference,Male_vs_Female_within_Adenoma,van_elteren_blocked_wilcoxon,Study,,Adenoma,ok,0.9497571286295083,False
rCLR_Adlercreutzia equolifaciens,Adlercreutzia equolifaciens,Male,Female,132,77,5,FengQ_2015;HanniganGD_2017;ThomasAM_2018a;YachidaS_2019;ZellerG_2014,-0.5857608828850969,0.5580362140195302,-0.01810713420771855,0.0,-0.01810713420771855,higher_in_Female,Male_vs_Female_within_Adenoma,van_elteren_blocked_wilcoxon,Study,,Adenoma,ok,0.9497571286295083,False
rCLR_Eubacterium sp. CAG:274,Eubacterium sp. CAG:274,Male,Female,132,77,5,FengQ_2015;HanniganGD_2017;ThomasAM_2018a;YachidaS_2019;ZellerG_2014,0.5804260452353972,0.5616273454835977,0.0,0.0,0.0,no_median_difference,Male_vs_Female_within_Adenoma,van_elteren_blocked_wilcoxon,Study,,Adenoma,ok,0.9497571286295083,False
rCLR_Coprococcus comes,Coprococcus comes,Male,Female,132,77,5,FengQ_2015;HanniganGD_2017;ThomasAM_2018a;YachidaS_2019;ZellerG_2014,0.5764818559216939,0.5642895303542865,0.22140606161529852,0.0,0.22140606161529852,higher_in_Male,Male_vs_Female_within_Adenoma,van_elteren_blocked_wilcoxon,Study,,Adenoma,ok,0.9497571286295083,False
rCLR_Lachnospira eligens,Lachnospira eligens,Male,Female,132,77,5,FengQ_2015;HanniganGD_2017;ThomasAM_2018a;YachidaS_2019;ZellerG_2014,-0.5543391406988594,0.5793467681458966,0.0,0.0,0.0,no_median_difference,Male_vs_Female_within_Adenoma,van_elteren_blocked_wilcoxon,Study,,Adenoma,ok,0.9497571286295083,False
rCLR_[Eubacterium] siraeum,[Eubacterium] siraeum,Male,Female,132,77,5,FengQ_2015;HanniganGD_2017;ThomasAM_2018a;YachidaS_2019;ZellerG_2014,0.5529493302723532,0.5802981069450798,0.0,0.0,0.0,no_median_difference,Male_vs_Female_within_Adenoma,van_elteren_blocked_wilcoxon,Study,,Adenoma,ok,0.9497571286295083,False
rCLR_Bacteroides intestinalis,Bacteroides intestinalis,Male,Female,132,77,5,FengQ_2015;HanniganGD_2017;ThomasAM_2018a;YachidaS_2019;ZellerG_2014,0.551475407836404,0.581307820321727,0.0,0.0,0.0,no_median_difference,Male_vs_Female_within_Adenoma,van_elteren_blocked_wilcoxon,Study,,Adenoma,ok,0.9497571286295083,False
rCLR_Oscillibacter sp. 57_20,Oscillibacter sp. 57_20,Male,Female,132,77,5,FengQ_2015;HanniganGD_2017;ThomasAM_2018a;YachidaS_2019;ZellerG_2014,0.5448866188992983,0.5858314999023135,0.0,0.0,0.0,no_median_difference,Male_vs_Female_within_Adenoma,van_elteren_blocked_wilcoxon,Study,,Adenoma,ok,0.9497571286295083,False
rCLR_Desulfovibrio piger,Desulfovibrio piger,Male,Female,117,66,4,FengQ_2015;ThomasAM_2018a;YachidaS_2019;ZellerG_2014,-0.5158484635744051,0.6059602510446418,0.0,0.0,0.0,no_median_difference,Male_vs_Female_within_Adenoma,van_elteren_blocked_wilcoxon,Study,,Adenoma,ok,0.9677275651011444,False
rCLR_Collinsella aerofaciens,Collinsella aerofaciens,Male,Female,132,77,5,FengQ_2015;HanniganGD_2017;ThomasAM_2018a;YachidaS_2019;ZellerG_2014,0.43890569206253144,0.6607298721565316,1.2894271804366957,1.7731663230588002,-0.4837391426221045,higher_in_Female,Male_vs_Female_within_Adenoma,van_elteren_blocked_wilcoxon,Study,,Adenoma,ok,0.9861725734906688,False
rCLR_Lachnospira pectinoschiza,Lachnospira pectinoschiza,Male,Female,132,77,5,FengQ_2015;HanniganGD_2017;ThomasAM_2018a;YachidaS_2019;ZellerG_2014,0.39542092437775356,0.6925322692527912,0.0,0.0,0.0,no_median_difference,Male_vs_Female_within_Adenoma,van_elteren_blocked_wilcoxon,Study,,Adenoma,ok,0.9861725734906688,False
rCLR_Roseburia inulinivorans,Roseburia inulinivorans,Male,Female,132,77,5,FengQ_2015;HanniganGD_2017;ThomasAM_2018a;YachidaS_2019;ZellerG_2014,-0.3813701455961953,0.7029286104885782,0.2745547890218456,0.141564277877543,0.1329905111443026,higher_in_Male,Male_vs_Female_within_Adenoma,van_elteren_blocked_wilcoxon,Study,,Adenoma,ok,0.9861725734906688,False
rCLR_Phocaeicola plebeius,Phocaeicola plebeius,Male,Female,132,77,5,FengQ_2015;HanniganGD_2017;ThomasAM_2018a;YachidaS_2019;ZellerG_2014,0.3793419911472046,0.7044339212644712,0.0,0.0,0.0,no_median_difference,Male_vs_Female_within_Adenoma,van_elteren_blocked_wilcoxon,Study,,Adenoma,ok,0.9861725734906688,False
rCLR_Bacteroides ovatus,Bacteroides ovatus,Male,Female,132,77,5,FengQ_2015;HanniganGD_2017;ThomasAM_2018a;YachidaS_2019;ZellerG_2014,0.3706199422462366,0.7109206265175139,0.0,0.0,0.0,no_median_difference,Male_vs_Female_within_Adenoma,van_elteren_blocked_wilcoxon,Study,,Adenoma,ok,0.9861725734906688,False
rCLR_Roseburia hominis,Roseburia hominis,Male,Female,132,77,5,FengQ_2015;HanniganGD_2017;ThomasAM_2018a;YachidaS_2019;ZellerG_2014,0.351445518630178,0.7252541385814293,0.0,-0.0246915141166168,0.0246915141166168,higher_in_Male,Male_vs_Female_within_Adenoma,van_elteren_blocked_wilcoxon,Study,,Adenoma,ok,0.9861725734906688,False
rCLR_Parasutterella excrementihominis,Parasutterella excrementihominis,Male,Female,117,66,4,FengQ_2015;ThomasAM_2018a;YachidaS_2019;ZellerG_2014,-0.3468840528355591,0.728678427654829,0.0,0.0,0.0,no_median_difference,Male_vs_Female_within_Adenoma,van_elteren_blocked_wilcoxon,Study,,Adenoma,ok,0.9861725734906688,False
rCLR_Eubacterium sp. CAG:38,Eubacterium sp. CAG:38,Male,Female,132,77,5,FengQ_2015;HanniganGD_2017;ThomasAM_2018a;YachidaS_2019;ZellerG_2014,0.3462319004313048,0.7291684425062397,0.0,0.0,0.0,no_median_difference,Male_vs_Female_within_Adenoma,van_elteren_blocked_wilcoxon,Study,,Adenoma,ok,0.9861725734906688,False
rCLR_Klebsiella variicola,Klebsiella variicola,Male,Female,102,65,4,FengQ_2015;HanniganGD_2017;ThomasAM_2018a;YachidaS_2019,0.341061945632422,0.7330569484467113,0.0,0.0,0.0,no_median_difference,Male_vs_Female_within_Adenoma,van_elteren_blocked_wilcoxon,Study,,Adenoma,ok,0.9861725734906688,False
rCLR_Blautia sp. CAG:257,Blautia sp. CAG:257,Male,Female,132,77,5,FengQ_2015;HanniganGD_2017;ThomasAM_2018a;YachidaS_2019;ZellerG_2014,-0.31222118305369295,0.7548724344698738,0.0,0.0,0.0,no_median_difference,Male_vs_Female_within_Adenoma,van_elteren_blocked_wilcoxon,Study,,Adenoma,ok,0.9861725734906688,False
rCLR_Phocaeicola coprocola,Phocaeicola coprocola,Male,Female,117,66,4,FengQ_2015;ThomasAM_2018a;YachidaS_2019;ZellerG_2014,0.3079544761835999,0.7581169726920357,0.0,0.0,0.0,no_median_difference,Male_vs_Female_within_Adenoma,van_elteren_blocked_wilcoxon,Study,,Adenoma,ok,0.9861725734906688,False
rCLR_Coprobacter fastidiosus,Coprobacter fastidiosus,Male,Female,117,66,4,FengQ_2015;ThomasAM_2018a;YachidaS_2019;ZellerG_2014,0.30249718699002187,0.7622730775344847,0.0,0.0,0.0,no_median_difference,Male_vs_Female_within_Adenoma,van_elteren_blocked_wilcoxon,Study,,Adenoma,ok,0.9861725734906688,False
rCLR_Alistipes putredinis,Alistipes putredinis,Male,Female,132,77,5,FengQ_2015;HanniganGD_2017;ThomasAM_2018a;YachidaS_2019;ZellerG_2014,0.29855593394712004,0.7652788922636412,0.6455174869212095,0.3884769664773018,0.2570405204439077,higher_in_Male,Male_vs_Female_within_Adenoma,van_elteren_blocked_wilcoxon,Study,,Adenoma,ok,0.9861725734906688,False
rCLR_Bacteroides cellulosilyticus,Bacteroides cellulosilyticus,Male,Female,132,77,5,FengQ_2015;HanniganGD_2017;ThomasAM_2018a;YachidaS_2019;ZellerG_2014,0.2858127433698767,0.7750215472998376,0.0,0.0,0.0,no_median_difference,Male_vs_Female_within_Adenoma,van_elteren_blocked_wilcoxon,Study,,Adenoma,ok,0.9861725734906688,False
rCLR_Flavonifractor plautii,Flavonifractor plautii,Male,Female,132,77,5,FengQ_2015;HanniganGD_2017;ThomasAM_2018a;YachidaS_2019;ZellerG_2014,0.2778515867299071,0.7811262891854154,0.0,0.0,0.0,no_median_difference,Male_vs_Female_within_Adenoma,van_elteren_blocked_wilcoxon,Study,,Adenoma,ok,0.9861725734906688,False
rCLR_Slackia isoflavoniconvertens,Slackia isoflavoniconvertens,Male,Female,132,77,5,FengQ_2015;HanniganGD_2017;ThomasAM_2018a;YachidaS_2019;ZellerG_2014,0.2695449020719872,0.787510393463646,0.0,0.0,0.0,no_median_difference,Male_vs_Female_within_Adenoma,van_elteren_blocked_wilcoxon,Study,,Adenoma,ok,0.9861725734906688,False
rCLR_Paraprevotella xylaniphila,Paraprevotella xylaniphila,Male,Female,132,77,5,FengQ_2015;HanniganGD_2017;ThomasAM_2018a;YachidaS_2019;ZellerG_2014,0.26889108193662314,0.7880134999038604,0.0,0.0,0.0,no_median_difference,Male_vs_Female_within_Adenoma,van_elteren_blocked_wilcoxon,Study,,Adenoma,ok,0.9861725734906688,False
rCLR_Ruminococcus bromii,Ruminococcus bromii,Male,Female,132,77,5,FengQ_2015;HanniganGD_2017;ThomasAM_2018a;YachidaS_2019;ZellerG_2014,-0.24404067325315604,0.8071993193245838,0.0,0.0185685791416293,-0.0185685791416293,higher_in_Female,Male_vs_Female_within_Adenoma,van_elteren_blocked_wilcoxon,Study,,Adenoma,ok,0.9861725734906688,False
rCLR_Eubacterium sp. CAG:180,Eubacterium sp. CAG:180,Male,Female,132,77,5,FengQ_2015;HanniganGD_2017;ThomasAM_2018a;YachidaS_2019;ZellerG_2014,-0.22495591841772378,0.8220135673281865,0.0,0.0,0.0,no_median_difference,Male_vs_Female_within_Adenoma,van_elteren_blocked_wilcoxon,Study,,Adenoma,ok,0.9861725734906688,False
rCLR_Streptococcus salivarius,Streptococcus salivarius,Male,Female,132,77,5,FengQ_2015;HanniganGD_2017;ThomasAM_2018a;YachidaS_2019;ZellerG_2014,-0.22211435289650755,0.8242248649213479,-0.15523538483550475,0.0,-0.15523538483550475,higher_in_Female,Male_vs_Female_within_Adenoma,van_elteren_blocked_wilcoxon,Study,,Adenoma,ok,0.9861725734906688,False
rCLR_Lawsonibacter asaccharolyticus,Lawsonibacter asaccharolyticus,Male,Female,132,77,5,FengQ_2015;HanniganGD_2017;ThomasAM_2018a;YachidaS_2019;ZellerG_2014,-0.2117078430329008,0.8323349689389938,-0.9631393056946114,-0.2330324890266542,-0.7301068166679572,higher_in_Female,Male_vs_Female_within_Adenoma,van_elteren_blocked_wilcoxon,Study,,Adenoma,ok,0.9861725734906688,False
rCLR_Bacteroides xylanisolvens,Bacteroides xylanisolvens,Male,Female,132,77,5,FengQ_2015;HanniganGD_2017;ThomasAM_2018a;YachidaS_2019;ZellerG_2014,-0.20324980889010233,0.838939783348442,0.0,0.0,0.0,no_median_difference,Male_vs_Female_within_Adenoma,van_elteren_blocked_wilcoxon,Study,,Adenoma,ok,0.9861725734906688,False
rCLR_Bifidobacterium bifidum,Bifidobacterium bifidum,Male,Female,132,77,5,FengQ_2015;HanniganGD_2017;ThomasAM_2018a;YachidaS_2019;ZellerG_2014,0.1965015968400828,0.8442175829342744,0.0,0.0,0.0,no_median_difference,Male_vs_Female_within_Adenoma,van_elteren_blocked_wilcoxon,Study,,Adenoma,ok,0.9861725734906688,False
rCLR_Faecalibacterium prausnitzii,Faecalibacterium prausnitzii,Male,Female,132,77,5,FengQ_2015;HanniganGD_2017;ThomasAM_2018a;YachidaS_2019;ZellerG_2014,0.18013512306377585,0.8570464893753038,2.6883735670518973,2.6913212091187804,-0.002947642066883027,higher_in_Female,Male_vs_Female_within_Adenoma,van_elteren_blocked_wilcoxon,Study,,Adenoma,ok,0.9861725734906688,False
rCLR_Megamonas funiformis,Megamonas funiformis,Male,Female,132,77,5,FengQ_2015;HanniganGD_2017;ThomasAM_2018a;YachidaS_2019;ZellerG_2014,-0.179309048159071,0.857695042590237,0.0,0.0,0.0,no_median_difference,Male_vs_Female_within_Adenoma,van_elteren_blocked_wilcoxon,Study,,Adenoma,ok,0.9861725734906688,False
rCLR_Phascolarctobacterium faecium,Phascolarctobacterium faecium,Male,Female,132,77,5,FengQ_2015;HanniganGD_2017;ThomasAM_2018a;YachidaS_2019;ZellerG_2014,0.16327974529590913,0.8702981807940755,0.0,0.0,0.0,no_median_difference,Male_vs_Female_within_Adenoma,van_elteren_blocked_wilcoxon,Study,,Adenoma,ok,0.9861725734906688,False
rCLR_Streptococcus thermophilus,Streptococcus thermophilus,Male,Female,132,77,5,FengQ_2015;HanniganGD_2017;ThomasAM_2018a;YachidaS_2019;ZellerG_2014,-0.14608044714319268,0.8838578817447544,0.0,0.0,0.0,no_median_difference,Male_vs_Female_within_Adenoma,van_elteren_blocked_wilcoxon,Study,,Adenoma,ok,0.9861725734906688,False
rCLR_Blautia wexlerae,Blautia wexlerae,Male,Female,132,77,5,FengQ_2015;HanniganGD_2017;ThomasAM_2018a;YachidaS_2019;ZellerG_2014,0.14475823486173195,0.8849017585587207,-0.01054817484323825,0.0,-0.01054817484323825,higher_in_Female,Male_vs_Female_within_Adenoma,van_elteren_blocked_wilcoxon,Study,,Adenoma,ok,0.9861725734906688,False
rCLR_Bacteroides sp. CAG:144,Bacteroides sp. CAG:144,Male,Female,117,66,4,FengQ_2015;ThomasAM_2018a;YachidaS_2019;ZellerG_2014,-0.140721548499793,0.8880899212495368,0.0,0.0,0.0,no_median_difference,Male_vs_Female_within_Adenoma,van_elteren_blocked_wilcoxon,Study,,Adenoma,ok,0.9861725734906688,False
rCLR_Bifidobacterium longum,Bifidobacterium longum,Male,Female,132,77,5,FengQ_2015;HanniganGD_2017;ThomasAM_2018a;YachidaS_2019;ZellerG_2014,-0.12463313394394097,0.9008139958149677,0.0,0.5381658702430918,-0.5381658702430918,higher_in_Female,Male_vs_Female_within_Adenoma,van_elteren_blocked_wilcoxon,Study,,Adenoma,ok,0.9861725734906688,False
rCLR_Ruminococcus bicirculans,Ruminococcus bicirculans,Male,Female,132,77,5,FengQ_2015;HanniganGD_2017;ThomasAM_2018a;YachidaS_2019;ZellerG_2014,-0.10885039479822746,0.9133211519819381,0.0,0.0,0.0,no_median_difference,Male_vs_Female_within_Adenoma,van_elteren_blocked_wilcoxon,Study,,Adenoma,ok,0.9861725734906688,False
rCLR_Veillonella atypica,Veillonella atypica,Male,Female,132,77,5,FengQ_2015;HanniganGD_2017;ThomasAM_2018a;YachidaS_2019;ZellerG_2014,0.10329157368994106,0.917731563070032,0.0,0.0,0.0,no_median_difference,Male_vs_Female_within_Adenoma,van_elteren_blocked_wilcoxon,Study,,Adenoma,ok,0.9861725734906688,False
rCLR_Anaerostipes hadrus,Anaerostipes hadrus,Male,Female,132,77,5,FengQ_2015;HanniganGD_2017;ThomasAM_2018a;YachidaS_2019;ZellerG_2014,0.09834718601302417,0.9216566107389428,0.5542879478176079,1.135572602924375,-0.581284655106767,higher_in_Female,Male_vs_Female_within_Adenoma,van_elteren_blocked_wilcoxon,Study,,Adenoma,ok,0.9861725734906688,False
rCLR_Anaerobutyricum hallii,Anaerobutyricum hallii,Male,Female,132,77,5,FengQ_2015;HanniganGD_2017;ThomasAM_2018a;YachidaS_2019;ZellerG_2014,0.07283919892461767,0.941934077555896,0.0,0.1386070090092541,-0.1386070090092541,higher_in_Female,Male_vs_Female_within_Adenoma,van_elteren_blocked_wilcoxon,Study,,Adenoma,ok,0.9956686150498738,False
rCLR_Escherichia coli,Escherichia coli,Male,Female,132,77,5,FengQ_2015;HanniganGD_2017;ThomasAM_2018a;YachidaS_2019;ZellerG_2014,0.0582863633080553,0.9535205295519379,0.0,0.0,0.0,no_median_difference,Male_vs_Female_within_Adenoma,van_elteren_blocked_wilcoxon,Study,,Adenoma,ok,0.9956686150498738,False
rCLR_Roseburia intestinalis,Roseburia intestinalis,Male,Female,132,77,5,FengQ_2015;HanniganGD_2017;ThomasAM_2018a;YachidaS_2019;ZellerG_2014,0.048054223749426965,0.9616730281840076,0.0,0.0,0.0,no_median_difference,Male_vs_Female_within_Adenoma,van_elteren_blocked_wilcoxon,Study,,Adenoma,ok,0.9956686150498738,False
rCLR_Erysipelatoclostridium ramosum,Erysipelatoclostridium ramosum,Male,Female,132,77,5,FengQ_2015;HanniganGD_2017;ThomasAM_2018a;YachidaS_2019;ZellerG_2014,-0.03970881712286688,0.9683252721750963,0.0,0.0,0.0,no_median_difference,Male_vs_Female_within_Adenoma,van_elteren_blocked_wilcoxon,Study,,Adenoma,ok,0.9956686150498738,False
rCLR_Blautia obeum,Blautia obeum,Male,Female,132,77,5,FengQ_2015;HanniganGD_2017;ThomasAM_2018a;YachidaS_2019;ZellerG_2014,0.02591201886726085,0.9793275135964319,0.0,0.0,0.0,no_median_difference,Male_vs_Female_within_Adenoma,van_elteren_blocked_wilcoxon,Study,,Adenoma,ok,0.9956686150498738,False
rCLR_Dialister invisus,Dialister invisus,Male,Female,132,77,5,FengQ_2015;HanniganGD_2017;ThomasAM_2018a;YachidaS_2019;ZellerG_2014,0.006773238207875044,0.9945957791286816,0.0,0.0,0.0,no_median_difference,Male_vs_Female_within_Adenoma,van_elteren_blocked_wilcoxon,Study,,Adenoma,ok,0.9956686150498738,False
rCLR_Bifidobacterium adolescentis,Bifidobacterium adolescentis,Male,Female,132,77,5,FengQ_2015;HanniganGD_2017;ThomasAM_2018a;YachidaS_2019;ZellerG_2014,-0.005428612655417769,0.9956686150498738,0.0,0.0,0.0,no_median_difference,Male_vs_Female_within_Adenoma,van_elteren_blocked_wilcoxon,Study,,Adenoma,ok,0.9956686150498738,False
rCLR_Prevotella copri,Prevotella copri,Male,Female,426,245,10,FengQ_2015;HanniganGD_2017;ThomasAM_2018a;ThomasAM_2018b;ThomasAM_2019_c;VogtmannE_2016;WirbelJ_2018;YachidaS_2019;YuJ_2015;ZellerG_2014,4.164712581266606,3.1174504067130934e-05,0.0,0.0,0.0,no_median_difference,Male_vs_Female_within_CRC,van_elteren_blocked_wilcoxon,Study,,CRC,ok,0.0020726469957645165,True
rCLR_Phascolarctobacterium succinatutens,Phascolarctobacterium succinatutens,Male,Female,426,245,10,FengQ_2015;HanniganGD_2017;ThomasAM_2018a;ThomasAM_2018b;ThomasAM_2019_c;VogtmannE_2016;WirbelJ_2018;YachidaS_2019;YuJ_2015;ZellerG_2014,4.114862278911045,3.8741065341392826e-05,0.0,0.0,0.0,no_median_difference,Male_vs_Female_within_CRC,van_elteren_blocked_wilcoxon,Study,,CRC,ok,0.0020726469957645165,True
rCLR_Collinsella aerofaciens,Collinsella aerofaciens,Male,Female,426,245,10,FengQ_2015;HanniganGD_2017;ThomasAM_2018a;ThomasAM_2018b;ThomasAM_2019_c;VogtmannE_2016;WirbelJ_2018;YachidaS_2019;YuJ_2015;ZellerG_2014,3.759756735220737,0.00017007865860949902,1.5689650737844842,1.077392941148039,0.4915721326364453,higher_in_Male,Male_vs_Female_within_CRC,van_elteren_blocked_wilcoxon,Study,,CRC,ok,0.004987498695559054,True
rCLR_Bacteroides xylanisolvens,Bacteroides xylanisolvens,Male,Female,426,245,10,FengQ_2015;HanniganGD_2017;ThomasAM_2018a;ThomasAM_2018b;ThomasAM_2019_c;VogtmannE_2016;WirbelJ_2018;YachidaS_2019;YuJ_2015;ZellerG_2014,-3.7367035166174336,0.00018644854936669358,0.0,0.0,0.0,no_median_difference,Male_vs_Female_within_CRC,van_elteren_blocked_wilcoxon,Study,,CRC,ok,0.004987498695559054,True
rCLR_Fusicatenibacter saccharivorans,Fusicatenibacter saccharivorans,Male,Female,426,245,10,FengQ_2015;HanniganGD_2017;ThomasAM_2018a;ThomasAM_2018b;ThomasAM_2019_c;VogtmannE_2016;WirbelJ_2018;YachidaS_2019;YuJ_2015;ZellerG_2014,-2.7739138179996843,0.0055386348672849086,0.7077308595203243,0.8313440151046941,-0.1236131555843698,higher_in_Female,Male_vs_Female_within_CRC,van_elteren_blocked_wilcoxon,Study,,CRC,ok,0.10774987980855827,False
rCLR_Parabacteroides distasonis,Parabacteroides distasonis,Male,Female,426,245,10,FengQ_2015;HanniganGD_2017;ThomasAM_2018a;ThomasAM_2018b;ThomasAM_2019_c;VogtmannE_2016;WirbelJ_2018;YachidaS_2019;YuJ_2015;ZellerG_2014,2.7454906271599833,0.006042049335059342,1.4615875630700232,1.2857888643747115,0.17579869869531173,higher_in_Male,Male_vs_Female_within_CRC,van_elteren_blocked_wilcoxon,Study,,CRC,ok,0.10774987980855827,False
rCLR_Bacteroides stercoris,Bacteroides stercoris,Male,Female,426,245,10,FengQ_2015;HanniganGD_2017;ThomasAM_2018a;ThomasAM_2018b;ThomasAM_2019_c;VogtmannE_2016;WirbelJ_2018;YachidaS_2019;YuJ_2015;ZellerG_2014,2.623581197467316,0.008701070235764727,0.0,0.0,0.0,no_median_difference,Male_vs_Female_within_CRC,van_elteren_blocked_wilcoxon,Study,,CRC,ok,0.13300207360383226,False
rCLR_Roseburia intestinalis,Roseburia intestinalis,Male,Female,426,245,10,FengQ_2015;HanniganGD_2017;ThomasAM_2018a;ThomasAM_2018b;ThomasAM_2019_c;VogtmannE_2016;WirbelJ_2018;YachidaS_2019;YuJ_2015;ZellerG_2014,-2.5691090858788694,0.01019603557807608,0.0,0.0,0.0,no_median_difference,Male_vs_Female_within_CRC,van_elteren_blocked_wilcoxon,Study,,CRC,ok,0.13637197585676758,False
rCLR_Streptococcus salivarius,Streptococcus salivarius,Male,Female,426,245,10,FengQ_2015;HanniganGD_2017;ThomasAM_2018a;ThomasAM_2018b;ThomasAM_2019_c;VogtmannE_2016;WirbelJ_2018;YachidaS_2019;YuJ_2015;ZellerG_2014,2.4913451196875,0.012726043769502638,-0.0051436993490753,-0.8863675442220276,0.8812238448729522,higher_in_Male,Male_vs_Female_within_CRC,van_elteren_blocked_wilcoxon,Study,,CRC,ok,0.1512985203707536,False
rCLR_Phocaeicola plebeius,Phocaeicola plebeius,Male,Female,426,245,10,FengQ_2015;HanniganGD_2017;ThomasAM_2018a;ThomasAM_2018b;ThomasAM_2019_c;VogtmannE_2016;WirbelJ_2018;YachidaS_2019;YuJ_2015;ZellerG_2014,2.350591256130261,0.018743610924904015,0.0,0.0,0.0,no_median_difference,Male_vs_Female_within_CRC,van_elteren_blocked_wilcoxon,Study,,CRC,ok,0.20055663689647296,False
rCLR_Bifidobacterium pseudocatenulatum,Bifidobacterium pseudocatenulatum,Male,Female,426,245,10,FengQ_2015;HanniganGD_2017;ThomasAM_2018a;ThomasAM_2018b;ThomasAM_2019_c;VogtmannE_2016;WirbelJ_2018;YachidaS_2019;YuJ_2015;ZellerG_2014,-2.2483931136662485,0.02455113391153292,0.0,0.0,0.0,no_median_difference,Male_vs_Female_within_CRC,van_elteren_blocked_wilcoxon,Study,,CRC,ok,0.2388155753212748,False
rCLR_Bifidobacterium longum,Bifidobacterium longum,Male,Female,426,245,10,FengQ_2015;HanniganGD_2017;ThomasAM_2018a;ThomasAM_2018b;ThomasAM_2019_c;VogtmannE_2016;WirbelJ_2018;YachidaS_2019;YuJ_2015;ZellerG_2014,-1.965131052303461,0.049399071426490054,0.0,0.0212953677195522,-0.0212953677195522,higher_in_Female,Male_vs_Female_within_CRC,van_elteren_blocked_wilcoxon,Study,,CRC,ok,0.4141991273398749,False
rCLR_Anaerobutyricum hallii,Anaerobutyricum hallii,Male,Female,426,245,10,FengQ_2015;HanniganGD_2017;ThomasAM_2018a;ThomasAM_2018b;ThomasAM_2019_c;VogtmannE_2016;WirbelJ_2018;YachidaS_2019;YuJ_2015;ZellerG_2014,1.9572059593419935,0.05032325846185396,0.0,-0.0002477878591893,0.0002477878591893,higher_in_Male,Male_vs_Female_within_CRC,van_elteren_blocked_wilcoxon,Study,,CRC,ok,0.4141991273398749,False
rCLR_Ruminococcus bicirculans,Ruminococcus bicirculans,Male,Female,426,245,10,FengQ_2015;HanniganGD_2017;ThomasAM_2018a;ThomasAM_2018b;ThomasAM_2019_c;VogtmannE_2016;WirbelJ_2018;YachidaS_2019;YuJ_2015;ZellerG_2014,-1.8905960516765374,0.05867828771954688,0.0,0.0,0.0,no_median_difference,Male_vs_Female_within_CRC,van_elteren_blocked_wilcoxon,Study,,CRC,ok,0.4484697704279655,False
rCLR_Eubacterium sp. CAG:251,Eubacterium sp. CAG:251,Male,Female,426,245,10,FengQ_2015;HanniganGD_2017;ThomasAM_2018a;ThomasAM_2018b;ThomasAM_2019_c;VogtmannE_2016;WirbelJ_2018;YachidaS_2019;YuJ_2015;ZellerG_2014,-1.816285442055961,0.06932659723405037,0.0,0.0,0.0,no_median_difference,Male_vs_Female_within_CRC,van_elteren_blocked_wilcoxon,Study,,CRC,ok,0.45944118255071514,False
rCLR_Parvimonas micra,Parvimonas micra,Male,Female,406,238,9,FengQ_2015;ThomasAM_2018a;ThomasAM_2018b;ThomasAM_2019_c;VogtmannE_2016;WirbelJ_2018;YachidaS_2019;YuJ_2015;ZellerG_2014,-1.7776751372804824,0.07545722538685953,0.0,0.0,0.0,no_median_difference,Male_vs_Female_within_CRC,van_elteren_blocked_wilcoxon,Study,,CRC,ok,0.45944118255071514,False
rCLR_Roseburia inulinivorans,Roseburia inulinivorans,Male,Female,426,245,10,FengQ_2015;HanniganGD_2017;ThomasAM_2018a;ThomasAM_2018b;ThomasAM_2019_c;VogtmannE_2016;WirbelJ_2018;YachidaS_2019;YuJ_2015;ZellerG_2014,1.7735471081409417,0.07613809315381068,0.40225554197127433,0.0,0.40225554197127433,higher_in_Male,Male_vs_Female_within_CRC,van_elteren_blocked_wilcoxon,Study,,CRC,ok,0.45944118255071514,False
rCLR_Parasutterella excrementihominis,Parasutterella excrementihominis,Male,Female,426,245,10,FengQ_2015;HanniganGD_2017;ThomasAM_2018a;ThomasAM_2018b;ThomasAM_2019_c;VogtmannE_2016;WirbelJ_2018;YachidaS_2019;YuJ_2015;ZellerG_2014,-1.750043907853979,0.08011073751488022,0.0,0.0,0.0,no_median_difference,Male_vs_Female_within_CRC,van_elteren_blocked_wilcoxon,Study,,CRC,ok,0.45944118255071514,False
rCLR_Roseburia hominis,Roseburia hominis,Male,Female,426,245,10,FengQ_2015;HanniganGD_2017;ThomasAM_2018a;ThomasAM_2018b;ThomasAM_2019_c;VogtmannE_2016;WirbelJ_2018;YachidaS_2019;YuJ_2015;ZellerG_2014,-1.7277429093667884,0.08403432689025339,0.0,0.0,0.0,no_median_difference,Male_vs_Female_within_CRC,van_elteren_blocked_wilcoxon,Study,,CRC,ok,0.45944118255071514,False
rCLR_Eubacterium ventriosum,Eubacterium ventriosum,Male,Female,426,245,10,FengQ_2015;HanniganGD_2017;ThomasAM_2018a;ThomasAM_2018b;ThomasAM_2019_c;VogtmannE_2016;WirbelJ_2018;YachidaS_2019;YuJ_2015;ZellerG_2014,-1.7022462624566177,0.08870921374535454,0.0,0.0,0.0,no_median_difference,Male_vs_Female_within_CRC,van_elteren_blocked_wilcoxon,Study,,CRC,ok,0.45944118255071514,False
rCLR_Bacteroides cellulosilyticus,Bacteroides cellulosilyticus,Male,Female,426,245,10,FengQ_2015;HanniganGD_2017;ThomasAM_2018a;ThomasAM_2018b;ThomasAM_2019_c;VogtmannE_2016;WirbelJ_2018;YachidaS_2019;YuJ_2015;ZellerG_2014,-1.6944979580989608,0.09017069937911232,0.0,0.0,0.0,no_median_difference,Male_vs_Female_within_CRC,van_elteren_blocked_wilcoxon,Study,,CRC,ok,0.45944118255071514,False
rCLR_[Ruminococcus] torques,[Ruminococcus] torques,Male,Female,426,245,10,FengQ_2015;HanniganGD_2017;ThomasAM_2018a;ThomasAM_2018b;ThomasAM_2019_c;VogtmannE_2016;WirbelJ_2018;YachidaS_2019;YuJ_2015;ZellerG_2014,1.6549305180854275,0.09793859290796769,0.4486936827204918,0.0,0.4486936827204918,higher_in_Male,Male_vs_Female_within_CRC,van_elteren_blocked_wilcoxon,Study,,CRC,ok,0.4763377018705702,False
rCLR_Blautia sp. CAG:257,Blautia sp. CAG:257,Male,Female,426,245,10,FengQ_2015;HanniganGD_2017;ThomasAM_2018a;ThomasAM_2018b;ThomasAM_2019_c;VogtmannE_2016;WirbelJ_2018;YachidaS_2019;YuJ_2015;ZellerG_2014,1.616434357067846,0.10600043514464842,0.0,0.0,0.0,no_median_difference,Male_vs_Female_within_CRC,van_elteren_blocked_wilcoxon,Study,,CRC,ok,0.49313245915119047,False
rCLR_Eubacterium sp. CAG:274,Eubacterium sp. CAG:274,Male,Female,426,245,10,FengQ_2015;HanniganGD_2017;ThomasAM_2018a;ThomasAM_2018b;ThomasAM_2019_c;VogtmannE_2016;WirbelJ_2018;YachidaS_2019;YuJ_2015;ZellerG_2014,-1.5062788361553054,0.13199560874618135,0.0,0.0,0.0,no_median_difference,Male_vs_Female_within_CRC,van_elteren_blocked_wilcoxon,Study,,CRC,ok,0.5660791173440712,False
rCLR_Anaerotignum lactatifermentans,Anaerotignum lactatifermentans,Male,Female,426,245,10,FengQ_2015;HanniganGD_2017;ThomasAM_2018a;ThomasAM_2018b;ThomasAM_2019_c;VogtmannE_2016;WirbelJ_2018;YachidaS_2019;YuJ_2015;ZellerG_2014,-1.5052435357964724,0.1322614760149699,0.0,0.0,0.0,no_median_difference,Male_vs_Female_within_CRC,van_elteren_blocked_wilcoxon,Study,,CRC,ok,0.5660791173440712,False
rCLR_Alistipes shahii,Alistipes shahii,Male,Female,426,245,10,FengQ_2015;HanniganGD_2017;ThomasAM_2018a;ThomasAM_2018b;ThomasAM_2019_c;VogtmannE_2016;WirbelJ_2018;YachidaS_2019;YuJ_2015;ZellerG_2014,-1.476821674523137,0.13972344495445735,0.0,0.0,0.0,no_median_difference,Male_vs_Female_within_CRC,van_elteren_blocked_wilcoxon,Study,,CRC,ok,0.5750157157741129,False
rCLR_Bifidobacterium adolescentis,Bifidobacterium adolescentis,Male,Female,426,245,10,FengQ_2015;HanniganGD_2017;ThomasAM_2018a;ThomasAM_2018b;ThomasAM_2019_c;VogtmannE_2016;WirbelJ_2018;YachidaS_2019;YuJ_2015;ZellerG_2014,1.431386097458986,0.15231959062052386,0.0,0.0,0.0,no_median_difference,Male_vs_Female_within_CRC,van_elteren_blocked_wilcoxon,Study,,CRC,ok,0.5811934146408252,False
rCLR_Veillonella atypica,Veillonella atypica,Male,Female,406,238,9,FengQ_2015;ThomasAM_2018a;ThomasAM_2018b;ThomasAM_2019_c;VogtmannE_2016;WirbelJ_2018;YachidaS_2019;YuJ_2015;ZellerG_2014,1.3984623227082627,0.16197427932200814,0.0,0.0,0.0,no_median_difference,Male_vs_Female_within_CRC,van_elteren_blocked_wilcoxon,Study,,CRC,ok,0.5811934146408252,False
rCLR_Bacteroides intestinalis,Bacteroides intestinalis,Male,Female,426,245,10,FengQ_2015;HanniganGD_2017;ThomasAM_2018a;ThomasAM_2018b;ThomasAM_2019_c;VogtmannE_2016;WirbelJ_2018;YachidaS_2019;YuJ_2015;ZellerG_2014,-1.3811005061729933,0.1672480599878169,0.0,0.0,0.0,no_median_difference,Male_vs_Female_within_CRC,van_elteren_blocked_wilcoxon,Study,,CRC,ok,0.5811934146408252,False
rCLR_Roseburia faecis,Roseburia faecis,Male,Female,426,245,10,FengQ_2015;HanniganGD_2017;ThomasAM_2018a;ThomasAM_2018b;ThomasAM_2019_c;VogtmannE_2016;WirbelJ_2018;YachidaS_2019;YuJ_2015;ZellerG_2014,-1.353996539232549,0.17573748183049465,0.0,0.0,0.0,no_median_difference,Male_vs_Female_within_CRC,van_elteren_blocked_wilcoxon,Study,,CRC,ok,0.5811934146408252,False
rCLR_Lachnospira eligens,Lachnospira eligens,Male,Female,426,245,10,FengQ_2015;HanniganGD_2017;ThomasAM_2018a;ThomasAM_2018b;ThomasAM_2019_c;VogtmannE_2016;WirbelJ_2018;YachidaS_2019;YuJ_2015;ZellerG_2014,-1.3460056748642342,0.17830068644031916,0.0,0.0,0.0,no_median_difference,Male_vs_Female_within_CRC,van_elteren_blocked_wilcoxon,Study,,CRC,ok,0.5811934146408252,False
rCLR_Firmicutes bacterium CAG:145,Firmicutes bacterium CAG:145,Male,Female,426,245,10,FengQ_2015;HanniganGD_2017;ThomasAM_2018a;ThomasAM_2018b;ThomasAM_2019_c;VogtmannE_2016;WirbelJ_2018;YachidaS_2019;YuJ_2015;ZellerG_2014,-1.3445021063520837,0.17878607575438843,0.0,0.0,0.0,no_median_difference,Male_vs_Female_within_CRC,van_elteren_blocked_wilcoxon,Study,,CRC,ok,0.5811934146408252,False
rCLR_Bacteroides thetaiotaomicron,Bacteroides thetaiotaomicron,Male,Female,426,245,10,FengQ_2015;HanniganGD_2017;ThomasAM_2018a;ThomasAM_2018b;ThomasAM_2019_c;VogtmannE_2016;WirbelJ_2018;YachidaS_2019;YuJ_2015;ZellerG_2014,-1.3430784673015321,0.1792465671322171,0.45371707224526814,0.9549473576183064,-0.5012302853730383,higher_in_Female,Male_vs_Female_within_CRC,van_elteren_blocked_wilcoxon,Study,,CRC,ok,0.5811934146408252,False
rCLR_Parabacteroides merdae,Parabacteroides merdae,Male,Female,426,245,10,FengQ_2015;HanniganGD_2017;ThomasAM_2018a;ThomasAM_2018b;ThomasAM_2019_c;VogtmannE_2016;WirbelJ_2018;YachidaS_2019;YuJ_2015;ZellerG_2014,1.2922258174084018,0.19627895335988543,0.7879428293734763,0.667898622240513,0.12004420713296327,higher_in_Male,Male_vs_Female_within_CRC,van_elteren_blocked_wilcoxon,Study,,CRC,ok,0.5918679751437897,False
rCLR_Streptococcus parasanguinis,Streptococcus parasanguinis,Male,Female,426,245,10,FengQ_2015;HanniganGD_2017;ThomasAM_2018a;ThomasAM_2018b;ThomasAM_2019_c;VogtmannE_2016;WirbelJ_2018;YachidaS_2019;YuJ_2015;ZellerG_2014,1.2672489716971715,0.20506628016554296,-0.39430638709178245,-0.8697161015993402,0.47540971450755776,higher_in_Male,Male_vs_Female_within_CRC,van_elteren_blocked_wilcoxon,Study,,CRC,ok,0.5918679751437897,False
rCLR_Alistipes inops,Alistipes inops,Male,Female,426,245,10,FengQ_2015;HanniganGD_2017;ThomasAM_2018a;ThomasAM_2018b;ThomasAM_2019_c;VogtmannE_2016;WirbelJ_2018;YachidaS_2019;YuJ_2015;ZellerG_2014,-1.256944686687027,0.20877366561034627,0.0,0.0,0.0,no_median_difference,Male_vs_Female_within_CRC,van_elteren_blocked_wilcoxon,Study,,CRC,ok,0.5918679751437897,False
rCLR_Bacteroides eggerthii,Bacteroides eggerthii,Male,Female,426,245,10,FengQ_2015;HanniganGD_2017;ThomasAM_2018a;ThomasAM_2018b;ThomasAM_2019_c;VogtmannE_2016;WirbelJ_2018;YachidaS_2019;YuJ_2015;ZellerG_2014,-1.2524956556287756,0.21038931035518926,0.0,0.0,0.0,no_median_difference,Male_vs_Female_within_CRC,van_elteren_blocked_wilcoxon,Study,,CRC,ok,0.5918679751437897,False
rCLR_Lachnospira pectinoschiza,Lachnospira pectinoschiza,Male,Female,426,245,10,FengQ_2015;HanniganGD_2017;ThomasAM_2018a;ThomasAM_2018b;ThomasAM_2019_c;VogtmannE_2016;WirbelJ_2018;YachidaS_2019;YuJ_2015;ZellerG_2014,-1.238494856492313,0.21553262807722007,0.0,0.0,0.0,no_median_difference,Male_vs_Female_within_CRC,van_elteren_blocked_wilcoxon,Study,,CRC,ok,0.5918679751437897,False
rCLR_Barnesiella intestinihominis,Barnesiella intestinihominis,Male,Female,426,245,10,FengQ_2015;HanniganGD_2017;ThomasAM_2018a;ThomasAM_2018b;ThomasAM_2019_c;VogtmannE_2016;WirbelJ_2018;YachidaS_2019;YuJ_2015;ZellerG_2014,-1.2379689349568008,0.21572757972530654,0.0,0.0,0.0,no_median_difference,Male_vs_Female_within_CRC,van_elteren_blocked_wilcoxon,Study,,CRC,ok,0.5918679751437897,False
rCLR_Streptococcus thermophilus,Streptococcus thermophilus,Male,Female,426,245,10,FengQ_2015;HanniganGD_2017;ThomasAM_2018a;ThomasAM_2018b;ThomasAM_2019_c;VogtmannE_2016;WirbelJ_2018;YachidaS_2019;YuJ_2015;ZellerG_2014,1.1787749719231042,0.2384877929180913,0.0,0.0,0.0,no_median_difference,Male_vs_Female_within_CRC,van_elteren_blocked_wilcoxon,Study,,CRC,ok,0.6244072548622883,False
rCLR_Eggerthella lenta,Eggerthella lenta,Male,Female,426,245,10,FengQ_2015;HanniganGD_2017;ThomasAM_2018a;ThomasAM_2018b;ThomasAM_2019_c;VogtmannE_2016;WirbelJ_2018;YachidaS_2019;YuJ_2015;ZellerG_2014,1.1768413005229266,0.23925885466685815,-0.17863081734868308,-0.5647522758888598,0.3861214585401767,higher_in_Male,Male_vs_Female_within_CRC,van_elteren_blocked_wilcoxon,Study,,CRC,ok,0.6244072548622883,False
rCLR_Coprobacter fastidiosus,Coprobacter fastidiosus,Male,Female,406,238,9,FengQ_2015;ThomasAM_2018a;ThomasAM_2018b;ThomasAM_2019_c;VogtmannE_2016;WirbelJ_2018;YachidaS_2019;YuJ_2015;ZellerG_2014,-1.1329355620307826,0.2572413145876563,0.0,0.0,0.0,no_median_difference,Male_vs_Female_within_CRC,van_elteren_blocked_wilcoxon,Study,,CRC,ok,0.6553528728780769,False
rCLR_Megamonas funiformis,Megamonas funiformis,Male,Female,426,245,10,FengQ_2015;HanniganGD_2017;ThomasAM_2018a;ThomasAM_2018b;ThomasAM_2019_c;VogtmannE_2016;WirbelJ_2018;YachidaS_2019;YuJ_2015;ZellerG_2014,1.0987866159402184,0.2718611514562772,0.0,0.0,0.0,no_median_difference,Male_vs_Female_within_CRC,van_elteren_blocked_wilcoxon,Study,,CRC,ok,0.6764917024609689,False
rCLR_Bacteroides fragilis,Bacteroides fragilis,Male,Female,426,245,10,FengQ_2015;HanniganGD_2017;ThomasAM_2018a;ThomasAM_2018b;ThomasAM_2019_c;VogtmannE_2016;WirbelJ_2018;YachidaS_2019;YuJ_2015;ZellerG_2014,-1.0765473934421392,0.281682517010835,0.0,0.0,0.0,no_median_difference,Male_vs_Female_within_CRC,van_elteren_blocked_wilcoxon,Study,,CRC,ok,0.6767620635146476,False
rCLR_Paraprevotella xylaniphila,Paraprevotella xylaniphila,Male,Female,426,245,10,FengQ_2015;HanniganGD_2017;ThomasAM_2018a;ThomasAM_2018b;ThomasAM_2019_c;VogtmannE_2016;WirbelJ_2018;YachidaS_2019;YuJ_2015;ZellerG_2014,1.0557321842544325,0.291090588782268,0.0,0.0,0.0,no_median_difference,Male_vs_Female_within_CRC,van_elteren_blocked_wilcoxon,Study,,CRC,ok,0.6767620635146476,False
rCLR_Intestinibacter bartlettii,Intestinibacter bartlettii,Male,Female,426,245,10,FengQ_2015;HanniganGD_2017;ThomasAM_2018a;ThomasAM_2018b;ThomasAM_2019_c;VogtmannE_2016;WirbelJ_2018;YachidaS_2019;YuJ_2015;ZellerG_2014,1.053393426301617,0.2921607157649354,0.0,0.0,0.0,no_median_difference,Male_vs_Female_within_CRC,van_elteren_blocked_wilcoxon,Study,,CRC,ok,0.6767620635146476,False
rCLR_Anaerostipes hadrus,Anaerostipes hadrus,Male,Female,426,245,10,FengQ_2015;HanniganGD_2017;ThomasAM_2018a;ThomasAM_2018b;ThomasAM_2019_c;VogtmannE_2016;WirbelJ_2018;YachidaS_2019;YuJ_2015;ZellerG_2014,-1.0300863270526839,0.3029694830834079,0.4301304331185243,0.516836364143043,-0.08670593102451873,higher_in_Female,Male_vs_Female_within_CRC,van_elteren_blocked_wilcoxon,Study,,CRC,ok,0.6767620635146476,False
rCLR_Bacteroides caccae,Bacteroides caccae,Male,Female,426,245,10,FengQ_2015;HanniganGD_2017;ThomasAM_2018a;ThomasAM_2018b;ThomasAM_2019_c;VogtmannE_2016;WirbelJ_2018;YachidaS_2019;YuJ_2015;ZellerG_2014,-1.0215502608461788,0.3069938092714636,0.07857831540805174,0.348635246857468,-0.2700569314494162,higher_in_Female,Male_vs_Female_within_CRC,van_elteren_blocked_wilcoxon,Study,,CRC,ok,0.6767620635146476,False
rCLR_Ruminococcus bromii,Ruminococcus bromii,Male,Female,426,245,10,FengQ_2015;HanniganGD_2017;ThomasAM_2018a;ThomasAM_2018b;ThomasAM_2019_c;VogtmannE_2016;WirbelJ_2018;YachidaS_2019;YuJ_2015;ZellerG_2014,-1.0001929742806392,0.31721712862067986,0.0,0.0,0.0,no_median_difference,Male_vs_Female_within_CRC,van_elteren_blocked_wilcoxon,Study,,CRC,ok,0.6767620635146476,False
rCLR_Phocaeicola massiliensis,Phocaeicola massiliensis,Male,Female,426,245,10,FengQ_2015;HanniganGD_2017;ThomasAM_2018a;ThomasAM_2018b;ThomasAM_2019_c;VogtmannE_2016;WirbelJ_2018;YachidaS_2019;YuJ_2015;ZellerG_2014,0.9804651077899984,0.3268565849455979,0.0,0.0,0.0,no_median_difference,Male_vs_Female_within_CRC,van_elteren_blocked_wilcoxon,Study,,CRC,ok,0.6767620635146476,False
rCLR_Methanobrevibacter smithii,Methanobrevibacter smithii,Male,Female,403,239,9,FengQ_2015;HanniganGD_2017;ThomasAM_2018b;ThomasAM_2019_c;VogtmannE_2016;WirbelJ_2018;YachidaS_2019;YuJ_2015;ZellerG_2014,-0.9804261109489321,0.32687582612023947,0.0,0.0,0.0,no_median_difference,Male_vs_Female_within_CRC,van_elteren_blocked_wilcoxon,Study,,CRC,ok,0.6767620635146476,False
rCLR_Adlercreutzia equolifaciens,Adlercreutzia equolifaciens,Male,Female,426,245,10,FengQ_2015;HanniganGD_2017;ThomasAM_2018a;ThomasAM_2018b;ThomasAM_2019_c;VogtmannE_2016;WirbelJ_2018;YachidaS_2019;YuJ_2015;ZellerG_2014,0.9518690514779012,0.34116339690259645,-0.19500359801923084,-0.2193590056891725,0.024355407669941653,higher_in_Male,Male_vs_Female_within_CRC,van_elteren_blocked_wilcoxon,Study,,CRC,ok,0.6767620635146476,False
rCLR_Faecalibacterium prausnitzii,Faecalibacterium prausnitzii,Male,Female,426,245,10,FengQ_2015;HanniganGD_2017;ThomasAM_2018a;ThomasAM_2018b;ThomasAM_2019_c;VogtmannE_2016;WirbelJ_2018;YachidaS_2019;YuJ_2015;ZellerG_2014,-0.9406191447374713,0.34690006739190593,2.6135464774857313,2.4619031635848283,0.15164331390090302,higher_in_Male,Male_vs_Female_within_CRC,van_elteren_blocked_wilcoxon,Study,,CRC,ok,0.6767620635146476,False
rCLR_Phascolarctobacterium faecium,Phascolarctobacterium faecium,Male,Female,426,245,10,FengQ_2015;HanniganGD_2017;ThomasAM_2018a;ThomasAM_2018b;ThomasAM_2019_c;VogtmannE_2016;WirbelJ_2018;YachidaS_2019;YuJ_2015;ZellerG_2014,-0.9329264533088898,0.35085794300472595,0.0,0.0,0.0,no_median_difference,Male_vs_Female_within_CRC,van_elteren_blocked_wilcoxon,Study,,CRC,ok,0.6767620635146476,False
rCLR_Firmicutes bacterium CAG:83,Firmicutes bacterium CAG:83,Male,Female,426,245,10,FengQ_2015;HanniganGD_2017;ThomasAM_2018a;ThomasAM_2018b;ThomasAM_2019_c;VogtmannE_2016;WirbelJ_2018;YachidaS_2019;YuJ_2015;ZellerG_2014,-0.9120907046252539,0.36172097116148993,0.0,0.0,0.0,no_median_difference,Male_vs_Female_within_CRC,van_elteren_blocked_wilcoxon,Study,,CRC,ok,0.6767620635146476,False
rCLR_Blautia wexlerae,Blautia wexlerae,Male,Female,426,245,10,FengQ_2015;HanniganGD_2017;ThomasAM_2018a;ThomasAM_2018b;ThomasAM_2019_c;VogtmannE_2016;WirbelJ_2018;YachidaS_2019;YuJ_2015;ZellerG_2014,-0.9108756432713865,0.36236090046069636,-0.47592243894758435,-0.3689883174182842,-0.10693412152930015,higher_in_Female,Male_vs_Female_within_CRC,van_elteren_blocked_wilcoxon,Study,,CRC,ok,0.6767620635146476,False
rCLR_Alistipes putredinis,Alistipes putredinis,Male,Female,426,245,10,FengQ_2015;HanniganGD_2017;ThomasAM_2018a;ThomasAM_2018b;ThomasAM_2019_c;VogtmannE_2016;WirbelJ_2018;YachidaS_2019;YuJ_2015;ZellerG_2014,-0.9035384163835887,0.3662402089600234,1.3093877132499137,1.0384283772518144,0.2709593359980993,higher_in_Male,Male_vs_Female_within_CRC,van_elteren_blocked_wilcoxon,Study,,CRC,ok,0.6767620635146476,False
rCLR_Slackia isoflavoniconvertens,Slackia isoflavoniconvertens,Male,Female,426,245,10,FengQ_2015;HanniganGD_2017;ThomasAM_2018a;ThomasAM_2018b;ThomasAM_2019_c;VogtmannE_2016;WirbelJ_2018;YachidaS_2019;YuJ_2015;ZellerG_2014,-0.9024026993554296,0.3668429876995286,0.0,0.0,0.0,no_median_difference,Male_vs_Female_within_CRC,van_elteren_blocked_wilcoxon,Study,,CRC,ok,0.6767620635146476,False
rCLR_Phocaeicola vulgatus,Phocaeicola vulgatus,Male,Female,426,245,10,FengQ_2015;HanniganGD_2017;ThomasAM_2018a;ThomasAM_2018b;ThomasAM_2019_c;VogtmannE_2016;WirbelJ_2018;YachidaS_2019;YuJ_2015;ZellerG_2014,0.8460638913740715,0.3975171028682214,2.6889323655461785,2.571256746600866,0.11767561894531253,higher_in_Male,Male_vs_Female_within_CRC,van_elteren_blocked_wilcoxon,Study,,CRC,ok,0.7077741082349629,False
rCLR_Bacteroides salyersiae,Bacteroides salyersiae,Male,Female,406,238,9,FengQ_2015;ThomasAM_2018a;ThomasAM_2018b;ThomasAM_2019_c;VogtmannE_2016;WirbelJ_2018;YachidaS_2019;YuJ_2015;ZellerG_2014,-0.8340108140146556,0.40427489006396433,0.0,0.0,0.0,no_median_difference,Male_vs_Female_within_CRC,van_elteren_blocked_wilcoxon,Study,,CRC,ok,0.7077741082349629,False
rCLR_Dorea formicigenerans,Dorea formicigenerans,Male,Female,426,245,10,FengQ_2015;HanniganGD_2017;ThomasAM_2018a;ThomasAM_2018b;ThomasAM_2019_c;VogtmannE_2016;WirbelJ_2018;YachidaS_2019;YuJ_2015;ZellerG_2014,0.8323389056086751,0.40521767618434923,0.1004707131306886,0.0332256518713798,0.0672450612593088,higher_in_Male,Male_vs_Female_within_CRC,van_elteren_blocked_wilcoxon,Study,,CRC,ok,0.7077741082349629,False
rCLR_Phocaeicola coprocola,Phocaeicola coprocola,Male,Female,426,245,10,FengQ_2015;HanniganGD_2017;ThomasAM_2018a;ThomasAM_2018b;ThomasAM_2019_c;VogtmannE_2016;WirbelJ_2018;YachidaS_2019;YuJ_2015;ZellerG_2014,-0.8236963742814171,0.41011210009876353,0.0,0.0,0.0,no_median_difference,Male_vs_Female_within_CRC,van_elteren_blocked_wilcoxon,Study,,CRC,ok,0.7077741082349629,False
rCLR_Erysipelatoclostridium ramosum,Erysipelatoclostridium ramosum,Male,Female,426,245,10,FengQ_2015;HanniganGD_2017;ThomasAM_2018a;ThomasAM_2018b;ThomasAM_2019_c;VogtmannE_2016;WirbelJ_2018;YachidaS_2019;YuJ_2015;ZellerG_2014,0.7563103731931843,0.4494631302100055,0.0,0.0,0.0,no_median_difference,Male_vs_Female_within_CRC,van_elteren_blocked_wilcoxon,Study,,CRC,ok,0.7633738878169936,False
rCLR_[Ruminococcus] gnavus,[Ruminococcus] gnavus,Male,Female,426,245,10,FengQ_2015;HanniganGD_2017;ThomasAM_2018a;ThomasAM_2018b;ThomasAM_2019_c;VogtmannE_2016;WirbelJ_2018;YachidaS_2019;YuJ_2015;ZellerG_2014,0.7346032764502186,0.4625811419977779,0.0,0.0,0.0,no_median_difference,Male_vs_Female_within_CRC,van_elteren_blocked_wilcoxon,Study,,CRC,ok,0.7660307231047079,False
rCLR_Blautia obeum,Blautia obeum,Male,Female,426,245,10,FengQ_2015;HanniganGD_2017;ThomasAM_2018a;ThomasAM_2018b;ThomasAM_2019_c;VogtmannE_2016;WirbelJ_2018;YachidaS_2019;YuJ_2015;ZellerG_2014,0.7280976061353517,0.4665538391437205,0.029312914874549796,0.0,0.029312914874549796,higher_in_Male,Male_vs_Female_within_CRC,van_elteren_blocked_wilcoxon,Study,,CRC,ok,0.7660307231047079,False
rCLR_Gemmiger formicilis,Gemmiger formicilis,Male,Female,426,245,10,FengQ_2015;HanniganGD_2017;ThomasAM_2018a;ThomasAM_2018b;ThomasAM_2019_c;VogtmannE_2016;WirbelJ_2018;YachidaS_2019;YuJ_2015;ZellerG_2014,-0.7084491342250779,0.4786663892404396,-0.1131827724174845,0.0,-0.1131827724174845,higher_in_Female,Male_vs_Female_within_CRC,van_elteren_blocked_wilcoxon,Study,,CRC,ok,0.7660307231047079,False
rCLR_Ruthenibacterium lactatiformans,Ruthenibacterium lactatiformans,Male,Female,426,245,10,FengQ_2015;HanniganGD_2017;ThomasAM_2018a;ThomasAM_2018b;ThomasAM_2019_c;VogtmannE_2016;WirbelJ_2018;YachidaS_2019;YuJ_2015;ZellerG_2014,-0.7068429221929886,0.47966409764500395,-0.42836126308461864,-0.0779354935696525,-0.3504257695149661,higher_in_Female,Male_vs_Female_within_CRC,van_elteren_blocked_wilcoxon,Study,,CRC,ok,0.7660307231047079,False
rCLR_Veillonella parvula,Veillonella parvula,Male,Female,426,245,10,FengQ_2015;HanniganGD_2017;ThomasAM_2018a;ThomasAM_2018b;ThomasAM_2019_c;VogtmannE_2016;WirbelJ_2018;YachidaS_2019;YuJ_2015;ZellerG_2014,0.6336516131391812,0.5263082093831277,0.0,0.0,0.0,no_median_difference,Male_vs_Female_within_CRC,van_elteren_blocked_wilcoxon,Study,,CRC,ok,0.7974634820725769,False
rCLR_Clostridium sp. CAG:58,Clostridium sp. CAG:58,Male,Female,426,245,10,FengQ_2015;HanniganGD_2017;ThomasAM_2018a;ThomasAM_2018b;ThomasAM_2019_c;VogtmannE_2016;WirbelJ_2018;YachidaS_2019;YuJ_2015;ZellerG_2014,0.6248272693915445,0.5320844311039492,0.0,0.0,0.0,no_median_difference,Male_vs_Female_within_CRC,van_elteren_blocked_wilcoxon,Study,,CRC,ok,0.7974634820725769,False
rCLR_Akkermansia muciniphila,Akkermansia muciniphila,Male,Female,426,245,10,FengQ_2015;HanniganGD_2017;ThomasAM_2018a;ThomasAM_2018b;ThomasAM_2019_c;VogtmannE_2016;WirbelJ_2018;YachidaS_2019;YuJ_2015;ZellerG_2014,-0.606838194933569,0.543958297683895,0.0,0.0,0.0,no_median_difference,Male_vs_Female_within_CRC,van_elteren_blocked_wilcoxon,Study,,CRC,ok,0.7974634820725769,False
rCLR_Eubacterium sp. CAG:38,Eubacterium sp. CAG:38,Male,Female,426,245,10,FengQ_2015;HanniganGD_2017;ThomasAM_2018a;ThomasAM_2018b;ThomasAM_2019_c;VogtmannE_2016;WirbelJ_2018;YachidaS_2019;YuJ_2015;ZellerG_2014,0.5938949987688374,0.5525823442620899,0.0,0.0,0.0,no_median_difference,Male_vs_Female_within_CRC,van_elteren_blocked_wilcoxon,Study,,CRC,ok,0.7974634820725769,False
rCLR_[Eubacterium] rectale,[Eubacterium] rectale,Male,Female,426,245,10,FengQ_2015;HanniganGD_2017;ThomasAM_2018a;ThomasAM_2018b;ThomasAM_2019_c;VogtmannE_2016;WirbelJ_2018;YachidaS_2019;YuJ_2015;ZellerG_2014,-0.5923842482639012,0.5535933117990686,0.8879232878374602,0.945348414177282,-0.057425126339821775,higher_in_Female,Male_vs_Female_within_CRC,van_elteren_blocked_wilcoxon,Study,,CRC,ok,0.7974634820725769,False
rCLR_Oscillibacter sp. 57_20,Oscillibacter sp. 57_20,Male,Female,426,245,10,FengQ_2015;HanniganGD_2017;ThomasAM_2018a;ThomasAM_2018b;ThomasAM_2019_c;VogtmannE_2016;WirbelJ_2018;YachidaS_2019;YuJ_2015;ZellerG_2014,0.5896806217526737,0.5554047892864399,0.0,0.0,0.0,no_median_difference,Male_vs_Female_within_CRC,van_elteren_blocked_wilcoxon,Study,,CRC,ok,0.7974634820725769,False
rCLR_Firmicutes bacterium CAG:110,Firmicutes bacterium CAG:110,Male,Female,406,238,9,FengQ_2015;ThomasAM_2018a;ThomasAM_2018b;ThomasAM_2019_c;VogtmannE_2016;WirbelJ_2018;YachidaS_2019;YuJ_2015;ZellerG_2014,0.5819598420741497,0.5605937306360226,0.0,0.0,0.0,no_median_difference,Male_vs_Female_within_CRC,van_elteren_blocked_wilcoxon,Study,,CRC,ok,0.7974634820725769,False
rCLR_Phocaeicola dorei,Phocaeicola dorei,Male,Female,426,245,10,FengQ_2015;HanniganGD_2017;ThomasAM_2018a;ThomasAM_2018b;ThomasAM_2019_c;VogtmannE_2016;WirbelJ_2018;YachidaS_2019;YuJ_2015;ZellerG_2014,-0.5814369213122365,0.5609460197136821,0.0,0.0,0.0,no_median_difference,Male_vs_Female_within_CRC,van_elteren_blocked_wilcoxon,Study,,CRC,ok,0.7974634820725769,False
rCLR_Dorea longicatena,Dorea longicatena,Male,Female,426,245,10,FengQ_2015;HanniganGD_2017;ThomasAM_2018a;ThomasAM_2018b;ThomasAM_2019_c;VogtmannE_2016;WirbelJ_2018;YachidaS_2019;YuJ_2015;ZellerG_2014,0.5702457058230301,0.5685110601266435,0.7417471455699909,0.4451730979353565,0.2965740476346344,higher_in_Male,Male_vs_Female_within_CRC,van_elteren_blocked_wilcoxon,Study,,CRC,ok,0.7974634820725769,False
rCLR_Oscillibacter sp. CAG:241,Oscillibacter sp. CAG:241,Male,Female,426,245,10,FengQ_2015;HanniganGD_2017;ThomasAM_2018a;ThomasAM_2018b;ThomasAM_2019_c;VogtmannE_2016;WirbelJ_2018;YachidaS_2019;YuJ_2015;ZellerG_2014,-0.5562853322113483,0.5780158126655851,0.0,0.0,0.0,no_median_difference,Male_vs_Female_within_CRC,van_elteren_blocked_wilcoxon,Study,,CRC,ok,0.7974634820725769,False
rCLR_Klebsiella pneumoniae,Klebsiella pneumoniae,Male,Female,426,245,10,FengQ_2015;HanniganGD_2017;ThomasAM_2018a;ThomasAM_2018b;ThomasAM_2019_c;VogtmannE_2016;WirbelJ_2018;YachidaS_2019;YuJ_2015;ZellerG_2014,-0.5484574961931645,0.5833778064724822,0.0,0.0,0.0,no_median_difference,Male_vs_Female_within_CRC,van_elteren_blocked_wilcoxon,Study,,CRC,ok,0.7974634820725769,False
rCLR_Alistipes finegoldii,Alistipes finegoldii,Male,Female,426,245,10,FengQ_2015;HanniganGD_2017;ThomasAM_2018a;ThomasAM_2018b;ThomasAM_2019_c;VogtmannE_2016;WirbelJ_2018;YachidaS_2019;YuJ_2015;ZellerG_2014,-0.5406027102795857,0.5887814493806875,0.0,0.0,0.0,no_median_difference,Male_vs_Female_within_CRC,van_elteren_blocked_wilcoxon,Study,,CRC,ok,0.7974634820725769,False
rCLR_Bacteroides finegoldii,Bacteroides finegoldii,Male,Female,426,245,10,FengQ_2015;HanniganGD_2017;ThomasAM_2018a;ThomasAM_2018b;ThomasAM_2019_c;VogtmannE_2016;WirbelJ_2018;YachidaS_2019;YuJ_2015;ZellerG_2014,-0.5174608746717875,0.6048344743652414,0.0,0.0,0.0,no_median_difference,Male_vs_Female_within_CRC,van_elteren_blocked_wilcoxon,Study,,CRC,ok,0.8089661094635104,False
rCLR_Gordonibacter pamelaeae,Gordonibacter pamelaeae,Male,Female,426,245,10,FengQ_2015;HanniganGD_2017;ThomasAM_2018a;ThomasAM_2018b;ThomasAM_2019_c;VogtmannE_2016;WirbelJ_2018;YachidaS_2019;YuJ_2015;ZellerG_2014,0.4930063702459587,0.622008086246066,-1.699244679435047,-1.737610449080966,0.03836576964591898,higher_in_Male,Male_vs_Female_within_CRC,van_elteren_blocked_wilcoxon,Study,,CRC,ok,0.8216650028188773,False
rCLR_Bifidobacterium bifidum,Bifidobacterium bifidum,Male,Female,426,245,10,FengQ_2015;HanniganGD_2017;ThomasAM_2018a;ThomasAM_2018b;ThomasAM_2019_c;VogtmannE_2016;WirbelJ_2018;YachidaS_2019;YuJ_2015;ZellerG_2014,0.45710273590714157,0.6475972038957226,0.0,0.0,0.0,no_median_difference,Male_vs_Female_within_CRC,van_elteren_blocked_wilcoxon,Study,,CRC,ok,0.8450353758151503,False
rCLR_Bacteroides sp. CAG:144,Bacteroides sp. CAG:144,Male,Female,358,212,8,FengQ_2015;ThomasAM_2018a;ThomasAM_2018b;ThomasAM_2019_c;VogtmannE_2016;WirbelJ_2018;YachidaS_2019;ZellerG_2014,-0.4430687530359833,0.6577160056290119,0.0,0.0,0.0,no_median_difference,Male_vs_Female_within_CRC,van_elteren_blocked_wilcoxon,Study,,CRC,ok,0.8478989470157141,False
rCLR_Bacteroides ovatus,Bacteroides ovatus,Male,Female,426,245,10,FengQ_2015;HanniganGD_2017;ThomasAM_2018a;ThomasAM_2018b;ThomasAM_2019_c;VogtmannE_2016;WirbelJ_2018;YachidaS_2019;YuJ_2015;ZellerG_2014,-0.40382008029526606,0.6863450291760822,0.0,0.0,0.0,no_median_difference,Male_vs_Female_within_CRC,van_elteren_blocked_wilcoxon,Study,,CRC,ok,0.865583568283072,False
rCLR_Flavonifractor plautii,Flavonifractor plautii,Male,Female,426,245,10,FengQ_2015;HanniganGD_2017;ThomasAM_2018a;ThomasAM_2018b;ThomasAM_2019_c;VogtmannE_2016;WirbelJ_2018;YachidaS_2019;YuJ_2015;ZellerG_2014,0.40209635528921134,0.6876131149912255,0.0,0.0,0.0,no_median_difference,Male_vs_Female_within_CRC,van_elteren_blocked_wilcoxon,Study,,CRC,ok,0.865583568283072,False
rCLR_Eubacterium ramulus,Eubacterium ramulus,Male,Female,426,245,10,FengQ_2015;HanniganGD_2017;ThomasAM_2018a;ThomasAM_2018b;ThomasAM_2019_c;VogtmannE_2016;WirbelJ_2018;YachidaS_2019;YuJ_2015;ZellerG_2014,-0.3780331200933012,0.7054059901847141,0.0,0.0,0.0,no_median_difference,Male_vs_Female_within_CRC,van_elteren_blocked_wilcoxon,Study,,CRC,ok,0.873025948193077,False
rCLR_Eubacterium sp. CAG:180,Eubacterium sp. CAG:180,Male,Female,426,245,10,FengQ_2015;HanniganGD_2017;ThomasAM_2018a;ThomasAM_2018b;ThomasAM_2019_c;VogtmannE_2016;WirbelJ_2018;YachidaS_2019;YuJ_2015;ZellerG_2014,0.3552493117979362,0.7224028252883268,0.0,0.0,0.0,no_median_difference,Male_vs_Female_within_CRC,van_elteren_blocked_wilcoxon,Study,,CRC,ok,0.873025948193077,False
rCLR_Coprococcus eutactus,Coprococcus eutactus,Male,Female,426,245,10,FengQ_2015;HanniganGD_2017;ThomasAM_2018a;ThomasAM_2018b;ThomasAM_2019_c;VogtmannE_2016;WirbelJ_2018;YachidaS_2019;YuJ_2015;ZellerG_2014,-0.34740129552923504,0.7282898601895111,0.0,0.0,0.0,no_median_difference,Male_vs_Female_within_CRC,van_elteren_blocked_wilcoxon,Study,,CRC,ok,0.873025948193077,False
rCLR_[Eubacterium] siraeum,[Eubacterium] siraeum,Male,Female,426,245,10,FengQ_2015;HanniganGD_2017;ThomasAM_2018a;ThomasAM_2018b;ThomasAM_2019_c;VogtmannE_2016;WirbelJ_2018;YachidaS_2019;YuJ_2015;ZellerG_2014,0.346824700807651,0.728723019052227,0.0,0.0,0.0,no_median_difference,Male_vs_Female_within_CRC,van_elteren_blocked_wilcoxon,Study,,CRC,ok,0.873025948193077,False
rCLR_Coprococcus catus,Coprococcus catus,Male,Female,426,245,10,FengQ_2015;HanniganGD_2017;ThomasAM_2018a;ThomasAM_2018b;ThomasAM_2019_c;VogtmannE_2016;WirbelJ_2018;YachidaS_2019;YuJ_2015;ZellerG_2014,-0.33938344142150323,0.7343208910035227,0.0,0.0,0.0,no_median_difference,Male_vs_Female_within_CRC,van_elteren_blocked_wilcoxon,Study,,CRC,ok,0.873025948193077,False
rCLR_Coprococcus comes,Coprococcus comes,Male,Female,426,245,10,FengQ_2015;HanniganGD_2017;ThomasAM_2018a;ThomasAM_2018b;ThomasAM_2019_c;VogtmannE_2016;WirbelJ_2018;YachidaS_2019;YuJ_2015;ZellerG_2014,0.3165230441902018,0.7516055368611128,0.1131138534770651,0.0,0.1131138534770651,higher_in_Male,Male_vs_Female_within_CRC,van_elteren_blocked_wilcoxon,Study,,CRC,ok,0.8837559609246052,False
rCLR_Desulfovibrio piger,Desulfovibrio piger,Male,Female,426,245,10,FengQ_2015;HanniganGD_2017;ThomasAM_2018a;ThomasAM_2018b;ThomasAM_2019_c;VogtmannE_2016;WirbelJ_2018;YachidaS_2019;YuJ_2015;ZellerG_2014,-0.3032837768793744,0.761673608507597,0.0,0.0,0.0,no_median_difference,Male_vs_Female_within_CRC,van_elteren_blocked_wilcoxon,Study,,CRC,ok,0.8858595229381835,False
rCLR_Proteobacteria bacterium CAG:139,Proteobacteria bacterium CAG:139,Male,Female,406,238,9,FengQ_2015;ThomasAM_2018a;ThomasAM_2018b;ThomasAM_2019_c;VogtmannE_2016;WirbelJ_2018;YachidaS_2019;YuJ_2015;ZellerG_2014,0.24480541731963054,0.8066070991180998,0.0,0.0,0.0,no_median_difference,Male_vs_Female_within_CRC,van_elteren_blocked_wilcoxon,Study,,CRC,ok,0.9208208073327016,False
rCLR_Odoribacter splanchnicus,Odoribacter splanchnicus,Male,Female,426,245,10,FengQ_2015;HanniganGD_2017;ThomasAM_2018a;ThomasAM_2018b;ThomasAM_2019_c;VogtmannE_2016;WirbelJ_2018;YachidaS_2019;YuJ_2015;ZellerG_2014,0.2416402717388188,0.8090589142740273,0.035857372831247944,0.0,0.035857372831247944,higher_in_Male,Male_vs_Female_within_CRC,van_elteren_blocked_wilcoxon,Study,,CRC,ok,0.9208208073327016,False
rCLR_Acidaminococcus intestini,Acidaminococcus intestini,Male,Female,406,238,9,FengQ_2015;ThomasAM_2018a;ThomasAM_2018b;ThomasAM_2019_c;VogtmannE_2016;WirbelJ_2018;YachidaS_2019;YuJ_2015;ZellerG_2014,0.23069573894045012,0.8175511840804359,0.0,0.0,0.0,no_median_difference,Male_vs_Female_within_CRC,van_elteren_blocked_wilcoxon,Study,,CRC,ok,0.9208208073327016,False
rCLR_Enterocloster bolteae,Enterocloster bolteae,Male,Female,426,245,10,FengQ_2015;HanniganGD_2017;ThomasAM_2018a;ThomasAM_2018b;ThomasAM_2019_c;VogtmannE_2016;WirbelJ_2018;YachidaS_2019;YuJ_2015;ZellerG_2014,-0.19870505372913433,0.842493470553432,-0.6976217788426828,-0.8462596153863751,0.14863783654369223,higher_in_Male,Male_vs_Female_within_CRC,van_elteren_blocked_wilcoxon,Study,,CRC,ok,0.9358617382373818,False
rCLR_Adlercreutzia equolifaciens_1,Adlercreutzia equolifaciens_1,Male,Female,426,245,10,FengQ_2015;HanniganGD_2017;ThomasAM_2018a;ThomasAM_2018b;ThomasAM_2019_c;VogtmannE_2016;WirbelJ_2018;YachidaS_2019;YuJ_2015;ZellerG_2014,0.17573780641000844,0.8604999322837769,-0.3458631581635214,-0.5102962676758604,0.16443310951233903,higher_in_Male,Male_vs_Female_within_CRC,van_elteren_blocked_wilcoxon,Study,,CRC,ok,0.9358617382373818,False
rCLR_Bacteroides uniformis,Bacteroides uniformis,Male,Female,426,245,10,FengQ_2015;HanniganGD_2017;ThomasAM_2018a;ThomasAM_2018b;ThomasAM_2019_c;VogtmannE_2016;WirbelJ_2018;YachidaS_2019;YuJ_2015;ZellerG_2014,-0.16933866253670213,0.8655302667812053,2.251439854117307,2.598744891447362,-0.347305037330055,higher_in_Female,Male_vs_Female_within_CRC,van_elteren_blocked_wilcoxon,Study,,CRC,ok,0.9358617382373818,False
rCLR_Butyricimonas virosa,Butyricimonas virosa,Male,Female,406,238,9,FengQ_2015;ThomasAM_2018a;ThomasAM_2018b;ThomasAM_2019_c;VogtmannE_2016;WirbelJ_2018;YachidaS_2019;YuJ_2015;ZellerG_2014,0.16176364351196043,0.8714919841743934,0.0,0.0,0.0,no_median_difference,Male_vs_Female_within_CRC,van_elteren_blocked_wilcoxon,Study,,CRC,ok,0.9358617382373818,False
rCLR_Agathobaculum butyriciproducens,Agathobaculum butyriciproducens,Male,Female,426,245,10,FengQ_2015;HanniganGD_2017;ThomasAM_2018a;ThomasAM_2018b;ThomasAM_2019_c;VogtmannE_2016;WirbelJ_2018;YachidaS_2019;YuJ_2015;ZellerG_2014,0.1577711427917209,0.8746371385396092,0.0,0.0,0.0,no_median_difference,Male_vs_Female_within_CRC,van_elteren_blocked_wilcoxon,Study,,CRC,ok,0.9358617382373818,False
rCLR_Lawsonibacter asaccharolyticus,Lawsonibacter asaccharolyticus,Male,Female,426,245,10,FengQ_2015;HanniganGD_2017;ThomasAM_2018a;ThomasAM_2018b;ThomasAM_2019_c;VogtmannE_2016;WirbelJ_2018;YachidaS_2019;YuJ_2015;ZellerG_2014,-0.11074511597300891,0.9118184686221849,-0.95368995926146,-0.9731277316330011,0.019437772371541095,higher_in_Male,Male_vs_Female_within_CRC,van_elteren_blocked_wilcoxon,Study,,CRC,ok,0.9588702725562691,False
rCLR_Klebsiella variicola,Klebsiella variicola,Male,Female,426,245,10,FengQ_2015;HanniganGD_2017;ThomasAM_2018a;ThomasAM_2018b;ThomasAM_2019_c;VogtmannE_2016;WirbelJ_2018;YachidaS_2019;YuJ_2015;ZellerG_2014,-0.10791483341642286,0.9140632504742005,0.0,0.0,0.0,no_median_difference,Male_vs_Female_within_CRC,van_elteren_blocked_wilcoxon,Study,,CRC,ok,0.9588702725562691,False
rCLR_Holdemanella biformis,Holdemanella biformis,Male,Female,426,245,10,FengQ_2015;HanniganGD_2017;ThomasAM_2018a;ThomasAM_2018b;ThomasAM_2019_c;VogtmannE_2016;WirbelJ_2018;YachidaS_2019;YuJ_2015;ZellerG_2014,0.031728483835981064,0.9746885795013476,0.0,0.0,0.0,no_median_difference,Male_vs_Female_within_CRC,van_elteren_blocked_wilcoxon,Study,,CRC,ok,0.9952037371038049,False
rCLR_Klebsiella quasipneumoniae,Klebsiella quasipneumoniae,Male,Female,426,245,10,FengQ_2015;HanniganGD_2017;ThomasAM_2018a;ThomasAM_2018b;ThomasAM_2019_c;VogtmannE_2016;WirbelJ_2018;YachidaS_2019;YuJ_2015;ZellerG_2014,0.02979955049472004,0.9762269172620439,0.0,0.0,0.0,no_median_difference,Male_vs_Female_within_CRC,van_elteren_blocked_wilcoxon,Study,,CRC,ok,0.9952037371038049,False
rCLR_Dialister invisus,Dialister invisus,Male,Female,426,245,10,FengQ_2015;HanniganGD_2017;ThomasAM_2018a;ThomasAM_2018b;ThomasAM_2019_c;VogtmannE_2016;WirbelJ_2018;YachidaS_2019;YuJ_2015;ZellerG_2014,-0.028037249631481697,0.9776324419058582,0.0,0.0,0.0,no_median_difference,Male_vs_Female_within_CRC,van_elteren_blocked_wilcoxon,Study,,CRC,ok,0.9952037371038049,False
rCLR_[Ruminococcus] lactaris,[Ruminococcus] lactaris,Male,Female,426,245,10,FengQ_2015;HanniganGD_2017;ThomasAM_2018a;ThomasAM_2018b;ThomasAM_2019_c;VogtmannE_2016;WirbelJ_2018;YachidaS_2019;YuJ_2015;ZellerG_2014,-0.009539235113524943,0.9923889070123381,0.0,0.0,0.0,no_median_difference,Male_vs_Female_within_CRC,van_elteren_blocked_wilcoxon,Study,,CRC,ok,0.9952037371038049,False
rCLR_Escherichia coli,Escherichia coli,Male,Female,426,245,10,FengQ_2015;HanniganGD_2017;ThomasAM_2018a;ThomasAM_2018b;ThomasAM_2019_c;VogtmannE_2016;WirbelJ_2018;YachidaS_2019;YuJ_2015;ZellerG_2014,0.006011260296952753,0.9952037371038049,0.0,0.0,0.0,no_median_difference,Male_vs_Female_within_CRC,van_elteren_blocked_wilcoxon,Study,,CRC,ok,0.9952037371038049,False
rCLR_Collinsella aerofaciens,Collinsella aerofaciens,Male,Female,371,293,10,FengQ_2015;HanniganGD_2017;ThomasAM_2018a;ThomasAM_2018b;ThomasAM_2019_c;VogtmannE_2016;WirbelJ_2018;YachidaS_2019;YuJ_2015;ZellerG_2014,4.150393018698235,3.319048729329002e-05,1.226993653165482,0.9760473649548989,0.25094628821058307,higher_in_Male,Male_vs_Female_within_Control,van_elteren_blocked_wilcoxon,Study,,Control,ok,0.0035513821403820325,True
rCLR_Phascolarctobacterium succinatutens,Phascolarctobacterium succinatutens,Male,Female,371,293,10,FengQ_2015;HanniganGD_2017;ThomasAM_2018a;ThomasAM_2018b;ThomasAM_2019_c;VogtmannE_2016;WirbelJ_2018;YachidaS_2019;YuJ_2015;ZellerG_2014,3.966195738049799,7.302889621666056e-05,0.0,0.0,0.0,no_median_difference,Male_vs_Female_within_Control,van_elteren_blocked_wilcoxon,Study,,Control,ok,0.00390704594759134,True
rCLR_Dorea formicigenerans,Dorea formicigenerans,Male,Female,371,293,10,FengQ_2015;HanniganGD_2017;ThomasAM_2018a;ThomasAM_2018b;ThomasAM_2019_c;VogtmannE_2016;WirbelJ_2018;YachidaS_2019;YuJ_2015;ZellerG_2014,3.525018928227664,0.0004234525330901457,0.0493002550390049,0.0,0.0493002550390049,higher_in_Male,Male_vs_Female_within_Control,van_elteren_blocked_wilcoxon,Study,,Control,ok,0.015103140346881863,True
rCLR_Coprobacter fastidiosus,Coprobacter fastidiosus,Male,Female,360,276,9,FengQ_2015;ThomasAM_2018a;ThomasAM_2018b;ThomasAM_2019_c;VogtmannE_2016;WirbelJ_2018;YachidaS_2019;YuJ_2015;ZellerG_2014,-3.2328158912542246,0.001225765319467025,0.0,0.0,0.0,no_median_difference,Male_vs_Female_within_Control,van_elteren_blocked_wilcoxon,Study,,Control,ok,0.028027485788507372,True
rCLR_Roseburia inulinivorans,Roseburia inulinivorans,Male,Female,371,293,10,FengQ_2015;HanniganGD_2017;ThomasAM_2018a;ThomasAM_2018b;ThomasAM_2019_c;VogtmannE_2016;WirbelJ_2018;YachidaS_2019;YuJ_2015;ZellerG_2014,3.2138467386216174,0.0013096955975938024,0.8459518347265913,0.0319779136082893,0.813973921118302,higher_in_Male,Male_vs_Female_within_Control,van_elteren_blocked_wilcoxon,Study,,Control,ok,0.028027485788507372,True
rCLR_[Eubacterium] siraeum,[Eubacterium] siraeum,Male,Female,371,293,10,FengQ_2015;HanniganGD_2017;ThomasAM_2018a;ThomasAM_2018b;ThomasAM_2019_c;VogtmannE_2016;WirbelJ_2018;YachidaS_2019;YuJ_2015;ZellerG_2014,-2.8506735998041517,0.004362672803762923,0.0,0.0,0.0,no_median_difference,Male_vs_Female_within_Control,van_elteren_blocked_wilcoxon,Study,,Control,ok,0.07780099833377213,False
rCLR_Odoribacter splanchnicus,Odoribacter splanchnicus,Male,Female,371,293,10,FengQ_2015;HanniganGD_2017;ThomasAM_2018a;ThomasAM_2018b;ThomasAM_2019_c;VogtmannE_2016;WirbelJ_2018;YachidaS_2019;YuJ_2015;ZellerG_2014,-2.735100321008525,0.006236126693459777,0.0,0.0,0.0,no_median_difference,Male_vs_Female_within_Control,van_elteren_blocked_wilcoxon,Study,,Control,ok,0.08425545321952145,False
rCLR_Parabacteroides distasonis,Parabacteroides distasonis,Male,Female,371,293,10,FengQ_2015;HanniganGD_2017;ThomasAM_2018a;ThomasAM_2018b;ThomasAM_2019_c;VogtmannE_2016;WirbelJ_2018;YachidaS_2019;YuJ_2015;ZellerG_2014,2.731771932035762,0.006299473137908146,1.2087630231648836,0.7803428334199145,0.4284201897449691,higher_in_Male,Male_vs_Female_within_Control,van_elteren_blocked_wilcoxon,Study,,Control,ok,0.08425545321952145,False
rCLR_[Ruminococcus] torques,[Ruminococcus] torques,Male,Female,371,293,10,FengQ_2015;HanniganGD_2017;ThomasAM_2018a;ThomasAM_2018b;ThomasAM_2019_c;VogtmannE_2016;WirbelJ_2018;YachidaS_2019;YuJ_2015;ZellerG_2014,2.6133483349714997,0.00896598681098721,0.2715445091175121,0.0,0.2715445091175121,higher_in_Male,Male_vs_Female_within_Control,van_elteren_blocked_wilcoxon,Study,,Control,ok,0.09488200267416189,False
rCLR_Parasutterella excrementihominis,Parasutterella excrementihominis,Male,Female,371,293,10,FengQ_2015;HanniganGD_2017;ThomasAM_2018a;ThomasAM_2018b;ThomasAM_2019_c;VogtmannE_2016;WirbelJ_2018;YachidaS_2019;YuJ_2015;ZellerG_2014,-2.6118975686044457,0.009004122746958712,0.0,0.0,0.0,no_median_difference,Male_vs_Female_within_Control,van_elteren_blocked_wilcoxon,Study,,Control,ok,0.09488200267416189,False
rCLR_Alistipes putredinis,Alistipes putredinis,Male,Female,371,293,10,FengQ_2015;HanniganGD_2017;ThomasAM_2018a;ThomasAM_2018b;ThomasAM_2019_c;VogtmannE_2016;WirbelJ_2018;YachidaS_2019;YuJ_2015;ZellerG_2014,-2.58442242127192,0.009754224573979259,0.6937414920574143,1.1836612266612956,-0.4899197346038813,higher_in_Female,Male_vs_Female_within_Control,van_elteren_blocked_wilcoxon,Study,,Control,ok,0.09488200267416189,False
rCLR_Alistipes shahii,Alistipes shahii,Male,Female,371,293,10,FengQ_2015;HanniganGD_2017;ThomasAM_2018a;ThomasAM_2018b;ThomasAM_2019_c;VogtmannE_2016;WirbelJ_2018;YachidaS_2019;YuJ_2015;ZellerG_2014,-2.427399835569763,0.015207485506258603,0.0,0.0,0.0,no_median_difference,Male_vs_Female_within_Control,van_elteren_blocked_wilcoxon,Study,,Control,ok,0.13560007909747254,False
rCLR_Anaerotignum lactatifermentans,Anaerotignum lactatifermentans,Male,Female,371,293,10,FengQ_2015;HanniganGD_2017;ThomasAM_2018a;ThomasAM_2018b;ThomasAM_2019_c;VogtmannE_2016;WirbelJ_2018;YachidaS_2019;YuJ_2015;ZellerG_2014,-2.302574934254908,0.0213027708103464,0.0,0.0,0.0,no_median_difference,Male_vs_Female_within_Control,van_elteren_blocked_wilcoxon,Study,,Control,ok,0.17533819051592806,False
rCLR_Prevotella copri,Prevotella copri,Male,Female,371,293,10,FengQ_2015;HanniganGD_2017;ThomasAM_2018a;ThomasAM_2018b;ThomasAM_2019_c;VogtmannE_2016;WirbelJ_2018;YachidaS_2019;YuJ_2015;ZellerG_2014,2.2625150298049266,0.023665601305050323,0.0,0.0,0.0,no_median_difference,Male_vs_Female_within_Control,van_elteren_blocked_wilcoxon,Study,,Control,ok,0.1808728099743132,False
rCLR_Bacteroides salyersiae,Bacteroides salyersiae,Male,Female,360,276,9,FengQ_2015;ThomasAM_2018a;ThomasAM_2018b;ThomasAM_2019_c;VogtmannE_2016;WirbelJ_2018;YachidaS_2019;YuJ_2015;ZellerG_2014,-2.0442253275657647,0.040931292174307625,0.0,0.0,0.0,no_median_difference,Male_vs_Female_within_Control,van_elteren_blocked_wilcoxon,Study,,Control,ok,0.2729690742036126,False
rCLR_Acidaminococcus intestini,Acidaminococcus intestini,Male,Female,371,293,10,FengQ_2015;HanniganGD_2017;ThomasAM_2018a;ThomasAM_2018b;ThomasAM_2019_c;VogtmannE_2016;WirbelJ_2018;YachidaS_2019;YuJ_2015;ZellerG_2014,2.0256565248232867,0.042799994760027334,0.0,0.0,0.0,no_median_difference,Male_vs_Female_within_Control,van_elteren_blocked_wilcoxon,Study,,Control,ok,0.2729690742036126,False
rCLR_Proteobacteria bacterium CAG:139,Proteobacteria bacterium CAG:139,Male,Female,371,293,10,FengQ_2015;HanniganGD_2017;ThomasAM_2018a;ThomasAM_2018b;ThomasAM_2019_c;VogtmannE_2016;WirbelJ_2018;YachidaS_2019;YuJ_2015;ZellerG_2014,-2.020139512580592,0.04336891833141508,0.0,0.0,0.0,no_median_difference,Male_vs_Female_within_Control,van_elteren_blocked_wilcoxon,Study,,Control,ok,0.2729690742036126,False
rCLR_Bacteroides thetaiotaomicron,Bacteroides thetaiotaomicron,Male,Female,371,293,10,FengQ_2015;HanniganGD_2017;ThomasAM_2018a;ThomasAM_2018b;ThomasAM_2019_c;VogtmannE_2016;WirbelJ_2018;YachidaS_2019;YuJ_2015;ZellerG_2014,-1.9897118475027693,0.04662268684912505,0.228510482493178,0.2508100681891166,-0.022299585695938595,higher_in_Female,Male_vs_Female_within_Control,van_elteren_blocked_wilcoxon,Study,,Control,ok,0.2771459718253545,False
rCLR_Bacteroides xylanisolvens,Bacteroides xylanisolvens,Male,Female,371,293,10,FengQ_2015;HanniganGD_2017;ThomasAM_2018a;ThomasAM_2018b;ThomasAM_2019_c;VogtmannE_2016;WirbelJ_2018;YachidaS_2019;YuJ_2015;ZellerG_2014,-1.9301354719311041,0.053590054319160356,0.0,0.0,0.0,no_median_difference,Male_vs_Female_within_Control,van_elteren_blocked_wilcoxon,Study,,Control,ok,0.3017966216921136,False
rCLR_Eubacterium sp. CAG:251,Eubacterium sp. CAG:251,Male,Female,371,293,10,FengQ_2015;HanniganGD_2017;ThomasAM_2018a;ThomasAM_2018b;ThomasAM_2019_c;VogtmannE_2016;WirbelJ_2018;YachidaS_2019;YuJ_2015;ZellerG_2014,-1.870135606694421,0.06146498900272144,0.0,0.0,0.0,no_median_difference,Male_vs_Female_within_Control,van_elteren_blocked_wilcoxon,Study,,Control,ok,0.3288376911645597,False
rCLR_Agathobaculum butyriciproducens,Agathobaculum butyriciproducens,Male,Female,371,293,10,FengQ_2015;HanniganGD_2017;ThomasAM_2018a;ThomasAM_2018b;ThomasAM_2019_c;VogtmannE_2016;WirbelJ_2018;YachidaS_2019;YuJ_2015;ZellerG_2014,1.8080061015411801,0.07060555095545093,0.0375076945868142,0.0,0.0375076945868142,higher_in_Male,Male_vs_Female_within_Control,van_elteren_blocked_wilcoxon,Study,,Control,ok,0.3597520929634881,False
rCLR_Veillonella atypica,Veillonella atypica,Male,Female,360,276,9,FengQ_2015;ThomasAM_2018a;ThomasAM_2018b;ThomasAM_2019_c;VogtmannE_2016;WirbelJ_2018;YachidaS_2019;YuJ_2015;ZellerG_2014,1.699210775071627,0.08927947688647558,0.0,0.0,0.0,no_median_difference,Male_vs_Female_within_Control,van_elteren_blocked_wilcoxon,Study,,Control,ok,0.41606188948566886,False
rCLR_Faecalibacterium prausnitzii,Faecalibacterium prausnitzii,Male,Female,371,293,10,FengQ_2015;HanniganGD_2017;ThomasAM_2018a;ThomasAM_2018b;ThomasAM_2019_c;VogtmannE_2016;WirbelJ_2018;YachidaS_2019;YuJ_2015;ZellerG_2014,1.698391665484374,0.08943386409505032,2.9267910635594325,2.679169844515793,0.24762121904363932,higher_in_Male,Male_vs_Female_within_Control,van_elteren_blocked_wilcoxon,Study,,Control,ok,0.41606188948566886,False
rCLR_Coprococcus catus,Coprococcus catus,Male,Female,371,293,10,FengQ_2015;HanniganGD_2017;ThomasAM_2018a;ThomasAM_2018b;ThomasAM_2019_c;VogtmannE_2016;WirbelJ_2018;YachidaS_2019;YuJ_2015;ZellerG_2014,1.6580361760177653,0.09731016477469297,0.0,0.0,0.0,no_median_difference,Male_vs_Female_within_Control,van_elteren_blocked_wilcoxon,Study,,Control,ok,0.4338411512871728,False
rCLR_Roseburia faecis,Roseburia faecis,Male,Female,371,293,10,FengQ_2015;HanniganGD_2017;ThomasAM_2018a;ThomasAM_2018b;ThomasAM_2019_c;VogtmannE_2016;WirbelJ_2018;YachidaS_2019;YuJ_2015;ZellerG_2014,1.622841846151791,0.10462321771306421,0.8683688910613259,0.2915622165833218,0.576806674478004,higher_in_Male,Male_vs_Female_within_Control,van_elteren_blocked_wilcoxon,Study,,Control,ok,0.4477873718119148,False
rCLR_Roseburia intestinalis,Roseburia intestinalis,Male,Female,371,293,10,FengQ_2015;HanniganGD_2017;ThomasAM_2018a;ThomasAM_2018b;ThomasAM_2019_c;VogtmannE_2016;WirbelJ_2018;YachidaS_2019;YuJ_2015;ZellerG_2014,1.5950555712254804,0.11069980945802656,0.0,0.0,0.0,no_median_difference,Male_vs_Female_within_Control,van_elteren_blocked_wilcoxon,Study,,Control,ok,0.45557229276957084,False
rCLR_Holdemanella biformis,Holdemanella biformis,Male,Female,371,293,10,FengQ_2015;HanniganGD_2017;ThomasAM_2018a;ThomasAM_2018b;ThomasAM_2019_c;VogtmannE_2016;WirbelJ_2018;YachidaS_2019;YuJ_2015;ZellerG_2014,-1.5190015834897952,0.12876209739453026,0.0,0.0,0.0,no_median_difference,Male_vs_Female_within_Control,van_elteren_blocked_wilcoxon,Study,,Control,ok,0.4781984888174109,False
rCLR_Bacteroides caccae,Bacteroides caccae,Male,Female,371,293,10,FengQ_2015;HanniganGD_2017;ThomasAM_2018a;ThomasAM_2018b;ThomasAM_2019_c;VogtmannE_2016;WirbelJ_2018;YachidaS_2019;YuJ_2015;ZellerG_2014,-1.515937082953843,0.12953526236855362,0.0,0.0,0.0,no_median_difference,Male_vs_Female_within_Control,van_elteren_blocked_wilcoxon,Study,,Control,ok,0.4781984888174109,False
rCLR_Phocaeicola coprocola,Phocaeicola coprocola,Male,Female,360,276,9,FengQ_2015;ThomasAM_2018a;ThomasAM_2018b;ThomasAM_2019_c;VogtmannE_2016;WirbelJ_2018;YachidaS_2019;YuJ_2015;ZellerG_2014,1.515660589181736,0.12960519790378425,0.0,0.0,0.0,no_median_difference,Male_vs_Female_within_Control,van_elteren_blocked_wilcoxon,Study,,Control,ok,0.4781984888174109,False
rCLR_Akkermansia muciniphila,Akkermansia muciniphila,Male,Female,371,293,10,FengQ_2015;HanniganGD_2017;ThomasAM_2018a;ThomasAM_2018b;ThomasAM_2019_c;VogtmannE_2016;WirbelJ_2018;YachidaS_2019;YuJ_2015;ZellerG_2014,-1.485919001877572,0.13730054681990894,0.0,0.0,0.0,no_median_difference,Male_vs_Female_within_Control,van_elteren_blocked_wilcoxon,Study,,Control,ok,0.4897052836576753,False
rCLR_Blautia sp. CAG:257,Blautia sp. CAG:257,Male,Female,371,293,10,FengQ_2015;HanniganGD_2017;ThomasAM_2018a;ThomasAM_2018b;ThomasAM_2019_c;VogtmannE_2016;WirbelJ_2018;YachidaS_2019;YuJ_2015;ZellerG_2014,-1.4566900112764727,0.14520196828771664,0.0,0.0,0.0,no_median_difference,Male_vs_Female_within_Control,van_elteren_blocked_wilcoxon,Study,,Control,ok,0.5011809873156672,False
rCLR_Parabacteroides merdae,Parabacteroides merdae,Male,Female,371,293,10,FengQ_2015;HanniganGD_2017;ThomasAM_2018a;ThomasAM_2018b;ThomasAM_2019_c;VogtmannE_2016;WirbelJ_2018;YachidaS_2019;YuJ_2015;ZellerG_2014,1.3926442981170977,0.16372738037407608,0.451192926388586,0.0,0.451192926388586,higher_in_Male,Male_vs_Female_within_Control,van_elteren_blocked_wilcoxon,Study,,Control,ok,0.5474634281258169,False
rCLR_Bacteroides cellulosilyticus,Bacteroides cellulosilyticus,Male,Female,371,293,10,FengQ_2015;HanniganGD_2017;ThomasAM_2018a;ThomasAM_2018b;ThomasAM_2019_c;VogtmannE_2016;WirbelJ_2018;YachidaS_2019;YuJ_2015;ZellerG_2014,-1.36503866867182,0.17224089673419596,0.0,0.0,0.0,no_median_difference,Male_vs_Female_within_Control,van_elteren_blocked_wilcoxon,Study,,Control,ok,0.5584780591078475,False
rCLR_Bacteroides intestinalis,Bacteroides intestinalis,Male,Female,371,293,10,FengQ_2015;HanniganGD_2017;ThomasAM_2018a;ThomasAM_2018b;ThomasAM_2019_c;VogtmannE_2016;WirbelJ_2018;YachidaS_2019;YuJ_2015;ZellerG_2014,-1.348262902172058,0.17757383950767613,0.0,0.0,0.0,no_median_difference,Male_vs_Female_within_Control,van_elteren_blocked_wilcoxon,Study,,Control,ok,0.5588353184506278,False
rCLR_Megamonas funiformis,Megamonas funiformis,Male,Female,360,276,9,FengQ_2015;ThomasAM_2018a;ThomasAM_2018b;ThomasAM_2019_c;VogtmannE_2016;WirbelJ_2018;YachidaS_2019;YuJ_2015;ZellerG_2014,1.3175586522371892,0.18765143470052748,0.0,0.0,0.0,no_median_difference,Male_vs_Female_within_Control,van_elteren_blocked_wilcoxon,Study,,Control,ok,0.5736772432273269,False
rCLR_Bifidobacterium adolescentis,Bifidobacterium adolescentis,Male,Female,371,293,10,FengQ_2015;HanniganGD_2017;ThomasAM_2018a;ThomasAM_2018b;ThomasAM_2019_c;VogtmannE_2016;WirbelJ_2018;YachidaS_2019;YuJ_2015;ZellerG_2014,1.276611108971979,0.20173957792349007,0.0,0.0,0.0,no_median_difference,Male_vs_Female_within_Control,van_elteren_blocked_wilcoxon,Study,,Control,ok,0.5996148566059288,False
rCLR_Klebsiella quasipneumoniae,Klebsiella quasipneumoniae,Male,Female,360,276,9,FengQ_2015;ThomasAM_2018a;ThomasAM_2018b;ThomasAM_2019_c;VogtmannE_2016;WirbelJ_2018;YachidaS_2019;YuJ_2015;ZellerG_2014,-1.2170897611212272,0.22357006589734352,0.0,0.0,0.0,no_median_difference,Male_vs_Female_within_Control,van_elteren_blocked_wilcoxon,Study,,Control,ok,0.6244898446149881,False
rCLR_Bifidobacterium bifidum,Bifidobacterium bifidum,Male,Female,371,293,10,FengQ_2015;HanniganGD_2017;ThomasAM_2018a;ThomasAM_2018b;ThomasAM_2019_c;VogtmannE_2016;WirbelJ_2018;YachidaS_2019;YuJ_2015;ZellerG_2014,1.214520394086261,0.22454906687698273,0.0,0.0,0.0,no_median_difference,Male_vs_Female_within_Control,van_elteren_blocked_wilcoxon,Study,,Control,ok,0.6244898446149881,False
rCLR_Phocaeicola dorei,Phocaeicola dorei,Male,Female,371,293,10,FengQ_2015;HanniganGD_2017;ThomasAM_2018a;ThomasAM_2018b;ThomasAM_2019_c;VogtmannE_2016;WirbelJ_2018;YachidaS_2019;YuJ_2015;ZellerG_2014,-1.2065180755019256,0.22761779383163117,0.0,0.0,0.0,no_median_difference,Male_vs_Female_within_Control,van_elteren_blocked_wilcoxon,Study,,Control,ok,0.6244898446149881,False
rCLR_Escherichia coli,Escherichia coli,Male,Female,371,293,10,FengQ_2015;HanniganGD_2017;ThomasAM_2018a;ThomasAM_2018b;ThomasAM_2019_c;VogtmannE_2016;WirbelJ_2018;YachidaS_2019;YuJ_2015;ZellerG_2014,-1.135981465143887,0.2559643215245847,0.0,0.0,0.0,no_median_difference,Male_vs_Female_within_Control,van_elteren_blocked_wilcoxon,Study,,Control,ok,0.6847045600782641,False
rCLR_Phocaeicola vulgatus,Phocaeicola vulgatus,Male,Female,371,293,10,FengQ_2015;HanniganGD_2017;ThomasAM_2018a;ThomasAM_2018b;ThomasAM_2019_c;VogtmannE_2016;WirbelJ_2018;YachidaS_2019;YuJ_2015;ZellerG_2014,-1.0949142574338258,0.2735542022224008,2.43571618750786,2.5162761460110525,-0.08055995850319242,higher_in_Female,Male_vs_Female_within_Control,van_elteren_blocked_wilcoxon,Study,,Control,ok,0.705737928771765,False
rCLR_Firmicutes bacterium CAG:145,Firmicutes bacterium CAG:145,Male,Female,371,293,10,FengQ_2015;HanniganGD_2017;ThomasAM_2018a;ThomasAM_2018b;ThomasAM_2019_c;VogtmannE_2016;WirbelJ_2018;YachidaS_2019;YuJ_2015;ZellerG_2014,1.0737544642121524,0.28293274370031285,0.0,0.0,0.0,no_median_difference,Male_vs_Female_within_Control,van_elteren_blocked_wilcoxon,Study,,Control,ok,0.705737928771765,False
rCLR_Phocaeicola plebeius,Phocaeicola plebeius,Male,Female,371,293,10,FengQ_2015;HanniganGD_2017;ThomasAM_2018a;ThomasAM_2018b;ThomasAM_2019_c;VogtmannE_2016;WirbelJ_2018;YachidaS_2019;YuJ_2015;ZellerG_2014,1.06312645739054,0.2877246076736737,0.0,0.0,0.0,no_median_difference,Male_vs_Female_within_Control,van_elteren_blocked_wilcoxon,Study,,Control,ok,0.705737928771765,False
rCLR_Coprococcus comes,Coprococcus comes,Male,Female,371,293,10,FengQ_2015;HanniganGD_2017;ThomasAM_2018a;ThomasAM_2018b;ThomasAM_2019_c;VogtmannE_2016;WirbelJ_2018;YachidaS_2019;YuJ_2015;ZellerG_2014,1.0364879614651639,0.29997455285165,0.4875990740240046,0.2396024112666448,0.2479966627573598,higher_in_Male,Male_vs_Female_within_Control,van_elteren_blocked_wilcoxon,Study,,Control,ok,0.705737928771765,False
rCLR_Barnesiella intestinihominis,Barnesiella intestinihominis,Male,Female,371,293,10,FengQ_2015;HanniganGD_2017;ThomasAM_2018a;ThomasAM_2018b;ThomasAM_2019_c;VogtmannE_2016;WirbelJ_2018;YachidaS_2019;YuJ_2015;ZellerG_2014,-1.0340690067985616,0.30110390413902466,0.0,0.0,0.0,no_median_difference,Male_vs_Female_within_Control,van_elteren_blocked_wilcoxon,Study,,Control,ok,0.705737928771765,False
rCLR_Anaerostipes hadrus,Anaerostipes hadrus,Male,Female,371,293,10,FengQ_2015;HanniganGD_2017;ThomasAM_2018a;ThomasAM_2018b;ThomasAM_2019_c;VogtmannE_2016;WirbelJ_2018;YachidaS_2019;YuJ_2015;ZellerG_2014,-1.027861702345979,0.30401488678513955,0.7814671469180294,0.927370972419243,-0.1459038255012136,higher_in_Female,Male_vs_Female_within_Control,van_elteren_blocked_wilcoxon,Study,,Control,ok,0.705737928771765,False
rCLR_Enterocloster bolteae,Enterocloster bolteae,Male,Female,371,293,10,FengQ_2015;HanniganGD_2017;ThomasAM_2018a;ThomasAM_2018b;ThomasAM_2019_c;VogtmannE_2016;WirbelJ_2018;YachidaS_2019;YuJ_2015;ZellerG_2014,-1.0152282565254687,0.3099970341333921,-0.3227840821154126,0.0,-0.3227840821154126,higher_in_Female,Male_vs_Female_within_Control,van_elteren_blocked_wilcoxon,Study,,Control,ok,0.705737928771765,False
rCLR_Eubacterium sp. CAG:38,Eubacterium sp. CAG:38,Male,Female,371,293,10,FengQ_2015;HanniganGD_2017;ThomasAM_2018a;ThomasAM_2018b;ThomasAM_2019_c;VogtmannE_2016;WirbelJ_2018;YachidaS_2019;YuJ_2015;ZellerG_2014,0.9913320395580645,0.3215234730880214,0.0,0.0,0.0,no_median_difference,Male_vs_Female_within_Control,van_elteren_blocked_wilcoxon,Study,,Control,ok,0.7167294087587145,False
rCLR_Klebsiella variicola,Klebsiella variicola,Male,Female,371,293,10,FengQ_2015;HanniganGD_2017;ThomasAM_2018a;ThomasAM_2018b;ThomasAM_2019_c;VogtmannE_2016;WirbelJ_2018;YachidaS_2019;YuJ_2015;ZellerG_2014,-0.954915417119736,0.33962047258515904,0.0,0.0,0.0,no_median_difference,Male_vs_Female_within_Control,van_elteren_blocked_wilcoxon,Study,,Control,ok,0.7416202156451432,False
rCLR_Coprococcus eutactus,Coprococcus eutactus,Male,Female,371,293,10,FengQ_2015;HanniganGD_2017;ThomasAM_2018a;ThomasAM_2018b;ThomasAM_2019_c;VogtmannE_2016;WirbelJ_2018;YachidaS_2019;YuJ_2015;ZellerG_2014,0.9259898752338799,0.3544512419796867,0.0,0.0,0.0,no_median_difference,Male_vs_Female_within_Control,van_elteren_blocked_wilcoxon,Study,,Control,ok,0.7518923869739829,False
rCLR_Klebsiella pneumoniae,Klebsiella pneumoniae,Male,Female,371,293,10,FengQ_2015;HanniganGD_2017;ThomasAM_2018a;ThomasAM_2018b;ThomasAM_2019_c;VogtmannE_2016;WirbelJ_2018;YachidaS_2019;YuJ_2015;ZellerG_2014,-0.9132765916637473,0.3610970904104489,0.0,0.0,0.0,no_median_difference,Male_vs_Female_within_Control,van_elteren_blocked_wilcoxon,Study,,Control,ok,0.7518923869739829,False
rCLR_Fusicatenibacter saccharivorans,Fusicatenibacter saccharivorans,Male,Female,371,293,10,FengQ_2015;HanniganGD_2017;ThomasAM_2018a;ThomasAM_2018b;ThomasAM_2019_c;VogtmannE_2016;WirbelJ_2018;YachidaS_2019;YuJ_2015;ZellerG_2014,0.9051127729546189,0.36540564600604775,1.1865762134192075,0.9047063940957744,0.28186981932343314,higher_in_Male,Male_vs_Female_within_Control,van_elteren_blocked_wilcoxon,Study,,Control,ok,0.7518923869739829,False
rCLR_Anaerobutyricum hallii,Anaerobutyricum hallii,Male,Female,371,293,10,FengQ_2015;HanniganGD_2017;ThomasAM_2018a;ThomasAM_2018b;ThomasAM_2019_c;VogtmannE_2016;WirbelJ_2018;YachidaS_2019;YuJ_2015;ZellerG_2014,-0.8633338328862663,0.38795394750666357,0.0,0.0,0.0,no_median_difference,Male_vs_Female_within_Control,van_elteren_blocked_wilcoxon,Study,,Control,ok,0.7690204360606857,False
rCLR_[Eubacterium] rectale,[Eubacterium] rectale,Male,Female,371,293,10,FengQ_2015;HanniganGD_2017;ThomasAM_2018a;ThomasAM_2018b;ThomasAM_2019_c;VogtmannE_2016;WirbelJ_2018;YachidaS_2019;YuJ_2015;ZellerG_2014,0.856226253216492,0.39187264376357556,1.1471168033761825,0.8093231458117571,0.33779365756442536,higher_in_Male,Male_vs_Female_within_Control,van_elteren_blocked_wilcoxon,Study,,Control,ok,0.7690204360606857,False
rCLR_Eubacterium sp. CAG:180,Eubacterium sp. CAG:180,Male,Female,371,293,10,FengQ_2015;HanniganGD_2017;ThomasAM_2018a;ThomasAM_2018b;ThomasAM_2019_c;VogtmannE_2016;WirbelJ_2018;YachidaS_2019;YuJ_2015;ZellerG_2014,0.8468894563428704,0.3970567399080346,0.0,0.0,0.0,no_median_difference,Male_vs_Female_within_Control,van_elteren_blocked_wilcoxon,Study,,Control,ok,0.7690204360606857,False
rCLR_Oscillibacter sp. 57_20,Oscillibacter sp. 57_20,Male,Female,371,293,10,FengQ_2015;HanniganGD_2017;ThomasAM_2018a;ThomasAM_2018b;ThomasAM_2019_c;VogtmannE_2016;WirbelJ_2018;YachidaS_2019;YuJ_2015;ZellerG_2014,-0.8012770832171048,0.4229712547747313,0.0,0.0,0.0,no_median_difference,Male_vs_Female_within_Control,van_elteren_blocked_wilcoxon,Study,,Control,ok,0.7690204360606857,False
rCLR_Lachnospira eligens,Lachnospira eligens,Male,Female,371,293,10,FengQ_2015;HanniganGD_2017;ThomasAM_2018a;ThomasAM_2018b;ThomasAM_2019_c;VogtmannE_2016;WirbelJ_2018;YachidaS_2019;YuJ_2015;ZellerG_2014,0.795446978126555,0.4263535420652842,0.782993125280087,0.5050168833031711,0.27797624197691595,higher_in_Male,Male_vs_Female_within_Control,van_elteren_blocked_wilcoxon,Study,,Control,ok,0.7690204360606857,False
rCLR_Streptococcus thermophilus,Streptococcus thermophilus,Male,Female,371,293,10,FengQ_2015;HanniganGD_2017;ThomasAM_2018a;ThomasAM_2018b;ThomasAM_2019_c;VogtmannE_2016;WirbelJ_2018;YachidaS_2019;YuJ_2015;ZellerG_2014,-0.7795774720504774,0.43563962035305404,0.0,0.0,0.0,no_median_difference,Male_vs_Female_within_Control,van_elteren_blocked_wilcoxon,Study,,Control,ok,0.7690204360606857,False
rCLR_Streptococcus parasanguinis,Streptococcus parasanguinis,Male,Female,371,293,10,FengQ_2015;HanniganGD_2017;ThomasAM_2018a;ThomasAM_2018b;ThomasAM_2019_c;VogtmannE_2016;WirbelJ_2018;YachidaS_2019;YuJ_2015;ZellerG_2014,-0.7710304915840525,0.4406888584490045,-0.8360605209999097,-0.7208807482542329,-0.11517977274567681,higher_in_Female,Male_vs_Female_within_Control,van_elteren_blocked_wilcoxon,Study,,Control,ok,0.7690204360606857,False
rCLR_Veillonella parvula,Veillonella parvula,Male,Female,371,293,10,FengQ_2015;HanniganGD_2017;ThomasAM_2018a;ThomasAM_2018b;ThomasAM_2019_c;VogtmannE_2016;WirbelJ_2018;YachidaS_2019;YuJ_2015;ZellerG_2014,0.7703563828652208,0.4410885191159306,0.0,0.0,0.0,no_median_difference,Male_vs_Female_within_Control,van_elteren_blocked_wilcoxon,Study,,Control,ok,0.7690204360606857,False
rCLR_Firmicutes bacterium CAG:83,Firmicutes bacterium CAG:83,Male,Female,371,293,10,FengQ_2015;HanniganGD_2017;ThomasAM_2018a;ThomasAM_2018b;ThomasAM_2019_c;VogtmannE_2016;WirbelJ_2018;YachidaS_2019;YuJ_2015;ZellerG_2014,0.7684301630627206,0.44223166614480935,0.0,0.0,0.0,no_median_difference,Male_vs_Female_within_Control,van_elteren_blocked_wilcoxon,Study,,Control,ok,0.7690204360606857,False
rCLR_[Ruminococcus] gnavus,[Ruminococcus] gnavus,Male,Female,371,293,10,FengQ_2015;HanniganGD_2017;ThomasAM_2018a;ThomasAM_2018b;ThomasAM_2019_c;VogtmannE_2016;WirbelJ_2018;YachidaS_2019;YuJ_2015;ZellerG_2014,0.7627699144693059,0.44560062650245336,0.0,0.0,0.0,no_median_difference,Male_vs_Female_within_Control,van_elteren_blocked_wilcoxon,Study,,Control,ok,0.7690204360606857,False
rCLR_Dorea longicatena,Dorea longicatena,Male,Female,371,293,10,FengQ_2015;HanniganGD_2017;ThomasAM_2018a;ThomasAM_2018b;ThomasAM_2019_c;VogtmannE_2016;WirbelJ_2018;YachidaS_2019;YuJ_2015;ZellerG_2014,0.7345417430687975,0.462618628842954,0.7182302020946871,0.4842363421520388,0.23399385994264832,higher_in_Male,Male_vs_Female_within_Control,van_elteren_blocked_wilcoxon,Study,,Control,ok,0.7806787282336747,False
rCLR_Desulfovibrio piger,Desulfovibrio piger,Male,Female,360,276,9,FengQ_2015;ThomasAM_2018a;ThomasAM_2018b;ThomasAM_2019_c;VogtmannE_2016;WirbelJ_2018;YachidaS_2019;YuJ_2015;ZellerG_2014,0.7127269055113639,0.47601476400246523,0.0,0.0,0.0,no_median_difference,Male_vs_Female_within_Control,van_elteren_blocked_wilcoxon,Study,,Control,ok,0.7806787282336747,False
rCLR_Methanobrevibacter smithii,Methanobrevibacter smithii,Male,Female,358,282,9,FengQ_2015;HanniganGD_2017;ThomasAM_2018b;ThomasAM_2019_c;VogtmannE_2016;WirbelJ_2018;YachidaS_2019;YuJ_2015;ZellerG_2014,0.6972609360049395,0.48563951023850893,0.0,0.0,0.0,no_median_difference,Male_vs_Female_within_Control,van_elteren_blocked_wilcoxon,Study,,Control,ok,0.7806787282336747,False
rCLR_Bacteroides finegoldii,Bacteroides finegoldii,Male,Female,371,293,10,FengQ_2015;HanniganGD_2017;ThomasAM_2018a;ThomasAM_2018b;ThomasAM_2019_c;VogtmannE_2016;WirbelJ_2018;YachidaS_2019;YuJ_2015;ZellerG_2014,-0.68066977483787,0.4960804655729869,0.0,0.0,0.0,no_median_difference,Male_vs_Female_within_Control,van_elteren_blocked_wilcoxon,Study,,Control,ok,0.7806787282336747,False
rCLR_Bacteroides uniformis,Bacteroides uniformis,Male,Female,371,293,10,FengQ_2015;HanniganGD_2017;ThomasAM_2018a;ThomasAM_2018b;ThomasAM_2019_c;VogtmannE_2016;WirbelJ_2018;YachidaS_2019;YuJ_2015;ZellerG_2014,-0.6755415745194997,0.4993317469384505,2.450458360591818,2.5330373500435903,-0.08257898945177233,higher_in_Female,Male_vs_Female_within_Control,van_elteren_blocked_wilcoxon,Study,,Control,ok,0.7806787282336747,False
rCLR_Butyricimonas virosa,Butyricimonas virosa,Male,Female,360,276,9,FengQ_2015;ThomasAM_2018a;ThomasAM_2018b;ThomasAM_2019_c;VogtmannE_2016;WirbelJ_2018;YachidaS_2019;YuJ_2015;ZellerG_2014,-0.6740813750933472,0.5002595798221361,0.0,0.0,0.0,no_median_difference,Male_vs_Female_within_Control,van_elteren_blocked_wilcoxon,Study,,Control,ok,0.7806787282336747,False
rCLR_Phocaeicola massiliensis,Phocaeicola massiliensis,Male,Female,371,293,10,FengQ_2015;HanniganGD_2017;ThomasAM_2018a;ThomasAM_2018b;ThomasAM_2019_c;VogtmannE_2016;WirbelJ_2018;YachidaS_2019;YuJ_2015;ZellerG_2014,0.6691052538517895,0.5034283387675098,0.0,0.0,0.0,no_median_difference,Male_vs_Female_within_Control,van_elteren_blocked_wilcoxon,Study,,Control,ok,0.7806787282336747,False
rCLR_Bacteroides sp. CAG:144,Bacteroides sp. CAG:144,Male,Female,327,255,8,FengQ_2015;ThomasAM_2018a;ThomasAM_2018b;ThomasAM_2019_c;VogtmannE_2016;WirbelJ_2018;YachidaS_2019;ZellerG_2014,-0.6460320572850072,0.5182585946492879,0.0,0.0,0.0,no_median_difference,Male_vs_Female_within_Control,van_elteren_blocked_wilcoxon,Study,,Control,ok,0.7892039850111476,False
rCLR_Blautia wexlerae,Blautia wexlerae,Male,Female,371,293,10,FengQ_2015;HanniganGD_2017;ThomasAM_2018a;ThomasAM_2018b;ThomasAM_2019_c;VogtmannE_2016;WirbelJ_2018;YachidaS_2019;YuJ_2015;ZellerG_2014,0.6294693450835233,0.5290418317016179,-0.2875812766269574,-0.3165854472662404,0.029004170639282956,higher_in_Male,Male_vs_Female_within_Control,van_elteren_blocked_wilcoxon,Study,,Control,ok,0.7892039850111476,False
rCLR_Ruthenibacterium lactatiformans,Ruthenibacterium lactatiformans,Male,Female,371,293,10,FengQ_2015;HanniganGD_2017;ThomasAM_2018a;ThomasAM_2018b;ThomasAM_2019_c;VogtmannE_2016;WirbelJ_2018;YachidaS_2019;YuJ_2015;ZellerG_2014,-0.6263991776907738,0.531053148792548,-0.9208863270881826,-0.7060731754646964,-0.21481315162348624,higher_in_Female,Male_vs_Female_within_Control,van_elteren_blocked_wilcoxon,Study,,Control,ok,0.7892039850111476,False
rCLR_Eubacterium sp. CAG:274,Eubacterium sp. CAG:274,Male,Female,371,293,10,FengQ_2015;HanniganGD_2017;ThomasAM_2018a;ThomasAM_2018b;ThomasAM_2019_c;VogtmannE_2016;WirbelJ_2018;YachidaS_2019;YuJ_2015;ZellerG_2014,-0.6033437332606975,0.5462800451573327,0.0,0.0,0.0,no_median_difference,Male_vs_Female_within_Control,van_elteren_blocked_wilcoxon,Study,,Control,ok,0.8007118470114329,False
rCLR_Clostridium sp. CAG:58,Clostridium sp. CAG:58,Male,Female,371,293,10,FengQ_2015;HanniganGD_2017;ThomasAM_2018a;ThomasAM_2018b;ThomasAM_2019_c;VogtmannE_2016;WirbelJ_2018;YachidaS_2019;YuJ_2015;ZellerG_2014,0.5669097573768521,0.5707754945968369,0.0,0.0,0.0,no_median_difference,Male_vs_Female_within_Control,van_elteren_blocked_wilcoxon,Study,,Control,ok,0.8160945730532809,False
rCLR_Gordonibacter pamelaeae,Gordonibacter pamelaeae,Male,Female,371,293,10,FengQ_2015;HanniganGD_2017;ThomasAM_2018a;ThomasAM_2018b;ThomasAM_2019_c;VogtmannE_2016;WirbelJ_2018;YachidaS_2019;YuJ_2015;ZellerG_2014,0.562807628400734,0.5735658852354271,-1.3486836959117754,-1.60657257385858,0.2578888779468047,higher_in_Male,Male_vs_Female_within_Control,van_elteren_blocked_wilcoxon,Study,,Control,ok,0.8160945730532809,False
rCLR_Eubacterium ramulus,Eubacterium ramulus,Male,Female,371,293,10,FengQ_2015;HanniganGD_2017;ThomasAM_2018a;ThomasAM_2018b;ThomasAM_2019_c;VogtmannE_2016;WirbelJ_2018;YachidaS_2019;YuJ_2015;ZellerG_2014,0.5538873274214815,0.5796559584303678,0.0,0.0,0.0,no_median_difference,Male_vs_Female_within_Control,van_elteren_blocked_wilcoxon,Study,,Control,ok,0.8160945730532809,False
rCLR_Intestinibacter bartlettii,Intestinibacter bartlettii,Male,Female,358,282,9,FengQ_2015;HanniganGD_2017;ThomasAM_2018b;ThomasAM_2019_c;VogtmannE_2016;WirbelJ_2018;YachidaS_2019;YuJ_2015;ZellerG_2014,0.5387596117692128,0.5900527351404766,0.0,0.0,0.0,no_median_difference,Male_vs_Female_within_Control,van_elteren_blocked_wilcoxon,Study,,Control,ok,0.8199434111692337,False
rCLR_Bacteroides stercoris,Bacteroides stercoris,Male,Female,371,293,10,FengQ_2015;HanniganGD_2017;ThomasAM_2018a;ThomasAM_2018b;ThomasAM_2019_c;VogtmannE_2016;WirbelJ_2018;YachidaS_2019;YuJ_2015;ZellerG_2014,0.5237769055383004,0.6004337180994169,0.0,0.0,0.0,no_median_difference,Male_vs_Female_within_Control,van_elteren_blocked_wilcoxon,Study,,Control,ok,0.8236718953415079,False
rCLR_Roseburia hominis,Roseburia hominis,Male,Female,371,293,10,FengQ_2015;HanniganGD_2017;ThomasAM_2018a;ThomasAM_2018b;ThomasAM_2019_c;VogtmannE_2016;WirbelJ_2018;YachidaS_2019;YuJ_2015;ZellerG_2014,-0.49193059680185186,0.6227684075953701,0.0,0.0,0.0,no_median_difference,Male_vs_Female_within_Control,van_elteren_blocked_wilcoxon,Study,,Control,ok,0.8406082328902642,False
rCLR_Ruminococcus bromii,Ruminococcus bromii,Male,Female,371,293,10,FengQ_2015;HanniganGD_2017;ThomasAM_2018a;ThomasAM_2018b;ThomasAM_2019_c;VogtmannE_2016;WirbelJ_2018;YachidaS_2019;YuJ_2015;ZellerG_2014,0.48385026849225765,0.6284921367403844,0.0,0.1753791965085797,-0.1753791965085797,higher_in_Female,Male_vs_Female_within_Control,van_elteren_blocked_wilcoxon,Study,,Control,ok,0.8406082328902642,False
rCLR_Parvimonas micra,Parvimonas micra,Male,Female,331,253,7,FengQ_2015;ThomasAM_2019_c;VogtmannE_2016;WirbelJ_2018;YachidaS_2019;YuJ_2015;ZellerG_2014,-0.4702042671105151,0.6382090858013941,0.0,0.0,0.0,no_median_difference,Male_vs_Female_within_Control,van_elteren_blocked_wilcoxon,Study,,Control,ok,0.8430663232191256,False
rCLR_Blautia obeum,Blautia obeum,Male,Female,371,293,10,FengQ_2015;HanniganGD_2017;ThomasAM_2018a;ThomasAM_2018b;ThomasAM_2019_c;VogtmannE_2016;WirbelJ_2018;YachidaS_2019;YuJ_2015;ZellerG_2014,-0.450903741927673,0.6520589264895837,0.0,0.0,0.0,no_median_difference,Male_vs_Female_within_Control,van_elteren_blocked_wilcoxon,Study,,Control,ok,0.8508573796876276,False
rCLR_Alistipes finegoldii,Alistipes finegoldii,Male,Female,371,293,10,FengQ_2015;HanniganGD_2017;ThomasAM_2018a;ThomasAM_2018b;ThomasAM_2019_c;VogtmannE_2016;WirbelJ_2018;YachidaS_2019;YuJ_2015;ZellerG_2014,-0.4028480794938616,0.6870599887873359,0.0,0.0,0.0,no_median_difference,Male_vs_Female_within_Control,van_elteren_blocked_wilcoxon,Study,,Control,ok,0.8857279373523487,False
rCLR_Oscillibacter sp. CAG:241,Oscillibacter sp. CAG:241,Male,Female,371,293,10,FengQ_2015;HanniganGD_2017;ThomasAM_2018a;ThomasAM_2018b;ThomasAM_2019_c;VogtmannE_2016;WirbelJ_2018;YachidaS_2019;YuJ_2015;ZellerG_2014,-0.34244512641528785,0.7320159330297291,0.0,0.0,0.0,no_median_difference,Male_vs_Female_within_Control,van_elteren_blocked_wilcoxon,Study,,Control,ok,0.9324488670735835,False
rCLR_Adlercreutzia equolifaciens_1,Adlercreutzia equolifaciens_1,Male,Female,371,293,10,FengQ_2015;HanniganGD_2017;ThomasAM_2018a;ThomasAM_2018b;ThomasAM_2019_c;VogtmannE_2016;WirbelJ_2018;YachidaS_2019;YuJ_2015;ZellerG_2014,-0.2945310856431027,0.7683521133545982,-0.4207488078319183,-0.3644452243296237,-0.05630358350229464,higher_in_Female,Male_vs_Female_within_Control,van_elteren_blocked_wilcoxon,Study,,Control,ok,0.9398653601866797,False
rCLR_Lachnospira pectinoschiza,Lachnospira pectinoschiza,Male,Female,371,293,10,FengQ_2015;HanniganGD_2017;ThomasAM_2018a;ThomasAM_2018b;ThomasAM_2019_c;VogtmannE_2016;WirbelJ_2018;YachidaS_2019;YuJ_2015;ZellerG_2014,-0.28608910056415743,0.7748098793249646,0.0,0.0,0.0,no_median_difference,Male_vs_Female_within_Control,van_elteren_blocked_wilcoxon,Study,,Control,ok,0.9398653601866797,False
rCLR_Streptococcus salivarius,Streptococcus salivarius,Male,Female,371,293,10,FengQ_2015;HanniganGD_2017;ThomasAM_2018a;ThomasAM_2018b;ThomasAM_2019_c;VogtmannE_2016;WirbelJ_2018;YachidaS_2019;YuJ_2015;ZellerG_2014,0.28341658927890456,0.776857513097504,-0.5495210912916624,-0.4831914600310703,-0.0663296312605921,higher_in_Female,Male_vs_Female_within_Control,van_elteren_blocked_wilcoxon,Study,,Control,ok,0.9398653601866797,False
rCLR_Dialister invisus,Dialister invisus,Male,Female,371,293,10,FengQ_2015;HanniganGD_2017;ThomasAM_2018a;ThomasAM_2018b;ThomasAM_2019_c;VogtmannE_2016;WirbelJ_2018;YachidaS_2019;YuJ_2015;ZellerG_2014,0.28024323668356294,0.779290897000307,0.0,0.0,0.0,no_median_difference,Male_vs_Female_within_Control,van_elteren_blocked_wilcoxon,Study,,Control,ok,0.9398653601866797,False
rCLR_Eggerthella lenta,Eggerthella lenta,Male,Female,371,293,10,FengQ_2015;HanniganGD_2017;ThomasAM_2018a;ThomasAM_2018b;ThomasAM_2019_c;VogtmannE_2016;WirbelJ_2018;YachidaS_2019;YuJ_2015;ZellerG_2014,-0.2770298722035882,0.7817571687534064,-0.2810610569042169,-0.4448993943147238,0.1638383374105069,higher_in_Male,Male_vs_Female_within_Control,van_elteren_blocked_wilcoxon,Study,,Control,ok,0.9398653601866797,False
rCLR_Lawsonibacter asaccharolyticus,Lawsonibacter asaccharolyticus,Male,Female,371,293,10,FengQ_2015;HanniganGD_2017;ThomasAM_2018a;ThomasAM_2018b;ThomasAM_2019_c;VogtmannE_2016;WirbelJ_2018;YachidaS_2019;YuJ_2015;ZellerG_2014,0.2650591211224521,0.7909639179203698,-1.1345929408152275,-0.9547824911802204,-0.17981044963500714,higher_in_Female,Male_vs_Female_within_Control,van_elteren_blocked_wilcoxon,Study,,Control,ok,0.9403682135275507,False
rCLR_Erysipelatoclostridium ramosum,Erysipelatoclostridium ramosum,Male,Female,371,293,10,FengQ_2015;HanniganGD_2017;ThomasAM_2018a;ThomasAM_2018b;ThomasAM_2019_c;VogtmannE_2016;WirbelJ_2018;YachidaS_2019;YuJ_2015;ZellerG_2014,-0.22455668993719094,0.8223241607802219,0.0,0.0,0.0,no_median_difference,Male_vs_Female_within_Control,van_elteren_blocked_wilcoxon,Study,,Control,ok,0.9485811802625181,False
rCLR_Alistipes inops,Alistipes inops,Male,Female,371,293,10,FengQ_2015;HanniganGD_2017;ThomasAM_2018a;ThomasAM_2018b;ThomasAM_2019_c;VogtmannE_2016;WirbelJ_2018;YachidaS_2019;YuJ_2015;ZellerG_2014,-0.20508688871634337,0.8375042400033564,0.0,0.0,0.0,no_median_difference,Male_vs_Female_within_Control,van_elteren_blocked_wilcoxon,Study,,Control,ok,0.9485811802625181,False
rCLR_Flavonifractor plautii,Flavonifractor plautii,Male,Female,371,293,10,FengQ_2015;HanniganGD_2017;ThomasAM_2018a;ThomasAM_2018b;ThomasAM_2019_c;VogtmannE_2016;WirbelJ_2018;YachidaS_2019;YuJ_2015;ZellerG_2014,0.1872831457804018,0.8514386369038928,-0.0589524324173065,-0.109358632166439,0.0504061997491325,higher_in_Male,Male_vs_Female_within_Control,van_elteren_blocked_wilcoxon,Study,,Control,ok,0.9485811802625181,False
rCLR_Ruminococcus bicirculans,Ruminococcus bicirculans,Male,Female,371,293,10,FengQ_2015;HanniganGD_2017;ThomasAM_2018a;ThomasAM_2018b;ThomasAM_2019_c;VogtmannE_2016;WirbelJ_2018;YachidaS_2019;YuJ_2015;ZellerG_2014,-0.18611460813205205,0.8523548864244721,0.0,0.0,0.0,no_median_difference,Male_vs_Female_within_Control,van_elteren_blocked_wilcoxon,Study,,Control,ok,0.9485811802625181,False
rCLR_Adlercreutzia equolifaciens,Adlercreutzia equolifaciens,Male,Female,371,293,10,FengQ_2015;HanniganGD_2017;ThomasAM_2018a;ThomasAM_2018b;ThomasAM_2019_c;VogtmannE_2016;WirbelJ_2018;YachidaS_2019;YuJ_2015;ZellerG_2014,0.1846168511066902,0.8535295678725487,-0.1514145675834217,-0.3399999055064124,0.1885853379229907,higher_in_Male,Male_vs_Female_within_Control,van_elteren_blocked_wilcoxon,Study,,Control,ok,0.9485811802625181,False
rCLR_Bifidobacterium pseudocatenulatum,Bifidobacterium pseudocatenulatum,Male,Female,371,293,10,FengQ_2015;HanniganGD_2017;ThomasAM_2018a;ThomasAM_2018b;ThomasAM_2019_c;VogtmannE_2016;WirbelJ_2018;YachidaS_2019;YuJ_2015;ZellerG_2014,-0.18178799830611064,0.8557491035496597,0.0,0.0,0.0,no_median_difference,Male_vs_Female_within_Control,van_elteren_blocked_wilcoxon,Study,,Control,ok,0.9485811802625181,False
rCLR_Bacteroides fragilis,Bacteroides fragilis,Male,Female,371,293,10,FengQ_2015;HanniganGD_2017;ThomasAM_2018a;ThomasAM_2018b;ThomasAM_2019_c;VogtmannE_2016;WirbelJ_2018;YachidaS_2019;YuJ_2015;ZellerG_2014,0.17441659546504296,0.8615380729190243,0.0,0.0,0.0,no_median_difference,Male_vs_Female_within_Control,van_elteren_blocked_wilcoxon,Study,,Control,ok,0.9485811802625181,False
rCLR_Phascolarctobacterium faecium,Phascolarctobacterium faecium,Male,Female,371,293,10,FengQ_2015;HanniganGD_2017;ThomasAM_2018a;ThomasAM_2018b;ThomasAM_2019_c;VogtmannE_2016;WirbelJ_2018;YachidaS_2019;YuJ_2015;ZellerG_2014,-0.1651905816453351,0.8687939781843624,0.0,0.0,0.0,no_median_difference,Male_vs_Female_within_Control,van_elteren_blocked_wilcoxon,Study,,Control,ok,0.9485811802625181,False
rCLR_Paraprevotella xylaniphila,Paraprevotella xylaniphila,Male,Female,360,276,9,FengQ_2015;ThomasAM_2018a;ThomasAM_2018b;ThomasAM_2019_c;VogtmannE_2016;WirbelJ_2018;YachidaS_2019;YuJ_2015;ZellerG_2014,0.12685443506630784,0.8990556107506954,0.0,0.0,0.0,no_median_difference,Male_vs_Female_within_Control,van_elteren_blocked_wilcoxon,Study,,Control,ok,0.9577419849827672,False
rCLR_[Ruminococcus] lactaris,[Ruminococcus] lactaris,Male,Female,371,293,10,FengQ_2015;HanniganGD_2017;ThomasAM_2018a;ThomasAM_2018b;ThomasAM_2019_c;VogtmannE_2016;WirbelJ_2018;YachidaS_2019;YuJ_2015;ZellerG_2014,-0.1220889459006163,0.9028285762800732,0.0,0.0,0.0,no_median_difference,Male_vs_Female_within_Control,van_elteren_blocked_wilcoxon,Study,,Control,ok,0.9577419849827672,False
rCLR_Gemmiger formicilis,Gemmiger formicilis,Male,Female,371,293,10,FengQ_2015;HanniganGD_2017;ThomasAM_2018a;ThomasAM_2018b;ThomasAM_2019_c;VogtmannE_2016;WirbelJ_2018;YachidaS_2019;YuJ_2015;ZellerG_2014,0.11812586021026204,0.9059679334148604,0.0,-0.2512562133413181,0.2512562133413181,higher_in_Male,Male_vs_Female_within_Control,van_elteren_blocked_wilcoxon,Study,,Control,ok,0.9577419849827672,False
rCLR_Eubacterium ventriosum,Eubacterium ventriosum,Male,Female,371,293,10,FengQ_2015;HanniganGD_2017;ThomasAM_2018a;ThomasAM_2018b;ThomasAM_2019_c;VogtmannE_2016;WirbelJ_2018;YachidaS_2019;YuJ_2015;ZellerG_2014,0.10664310862214592,0.9150721178351076,0.0,0.0,0.0,no_median_difference,Male_vs_Female_within_Control,van_elteren_blocked_wilcoxon,Study,,Control,ok,0.9577419849827672,False
rCLR_Bacteroides eggerthii,Bacteroides eggerthii,Male,Female,371,293,10,FengQ_2015;HanniganGD_2017;ThomasAM_2018a;ThomasAM_2018b;ThomasAM_2019_c;VogtmannE_2016;WirbelJ_2018;YachidaS_2019;YuJ_2015;ZellerG_2014,-0.09799212540297665,0.9219385462918226,0.0,0.0,0.0,no_median_difference,Male_vs_Female_within_Control,van_elteren_blocked_wilcoxon,Study,,Control,ok,0.9577419849827672,False
rCLR_Firmicutes bacterium CAG:110,Firmicutes bacterium CAG:110,Male,Female,371,293,10,FengQ_2015;HanniganGD_2017;ThomasAM_2018a;ThomasAM_2018b;ThomasAM_2019_c;VogtmannE_2016;WirbelJ_2018;YachidaS_2019;YuJ_2015;ZellerG_2014,0.08637949264397023,0.9311647484901509,0.0,0.0,0.0,no_median_difference,Male_vs_Female_within_Control,van_elteren_blocked_wilcoxon,Study,,Control,ok,0.9580252700812129,False
rCLR_Bifidobacterium longum,Bifidobacterium longum,Male,Female,371,293,10,FengQ_2015;HanniganGD_2017;ThomasAM_2018a;ThomasAM_2018b;ThomasAM_2019_c;VogtmannE_2016;WirbelJ_2018;YachidaS_2019;YuJ_2015;ZellerG_2014,-0.06354707948089006,0.9493308709680952,0.5225538817639885,0.5417593474276946,-0.019205465663706067,higher_in_Female,Male_vs_Female_within_Control,van_elteren_blocked_wilcoxon,Study,,Control,ok,0.966541703405101,False
rCLR_Slackia isoflavoniconvertens,Slackia isoflavoniconvertens,Male,Female,371,293,10,FengQ_2015;HanniganGD_2017;ThomasAM_2018a;ThomasAM_2018b;ThomasAM_2019_c;VogtmannE_2016;WirbelJ_2018;YachidaS_2019;YuJ_2015;ZellerG_2014,-0.053280265927968896,0.9575086033732777,0.0,0.0,0.0,no_median_difference,Male_vs_Female_within_Control,van_elteren_blocked_wilcoxon,Study,,Control,ok,0.966541703405101,False
rCLR_Bacteroides ovatus,Bacteroides ovatus,Male,Female,371,293,10,FengQ_2015;HanniganGD_2017;ThomasAM_2018a;ThomasAM_2018b;ThomasAM_2019_c;VogtmannE_2016;WirbelJ_2018;YachidaS_2019;YuJ_2015;ZellerG_2014,-0.00594842186177693,0.99525387402463,0.0149250968163074,0.0,0.0149250968163074,higher_in_Male,Male_vs_Female_within_Control,van_elteren_blocked_wilcoxon,Study,,Control,ok,0.99525387402463,False
