Sample,PA_Faecalibacterium prausnitzii,PA_Streptococcus salivarius,PA_Anaerostipes hadrus,PA_Bacteroides stercoris,PA_Collinsella aerofaciens,PA_Bifidobacterium longum,PA_Phocaeicola plebeius,PA_Phocaeicola vulgatus,PA_Dorea longicatena,PA_Eubacterium sp. CAG:251,PA_Fusicatenibacter saccharivorans,PA_Coprococcus comes,PA_[Ruminococcus] torques,PA_Anaerobutyricum hallii,PA_Holdemanella biformis,PA_Bacteroides uniformis,PA_Blautia wexlerae,PA_Gemmiger formicilis,PA_Dorea formicigenerans,PA_Streptococcus parasanguinis,PA_Coprococcus eutactus,PA_[Ruminococcus] lactaris,PA_Coprococcus catus,PA_Roseburia intestinalis,PA_Roseburia inulinivorans,PA_Phascolarctobacterium succinatutens,PA_[Eubacterium] rectale,PA_Blautia obeum,PA_Agathobaculum butyriciproducens,PA_Bacteroides xylanisolvens,PA_Bacteroides ovatus,PA_Bacteroides thetaiotaomicron,PA_Streptococcus thermophilus,PA_Eubacterium ramulus,PA_Bifidobacterium adolescentis,PA_Eubacterium sp. CAG:274,PA_Eubacterium ventriosum,PA_Flavonifractor plautii,PA_Oscillibacter sp. 57_20,PA_Roseburia hominis,PA_Alistipes finegoldii,PA_Alistipes putredinis,PA_Veillonella atypica,PA_Ruminococcus bromii,PA_Firmicutes bacterium CAG:83,PA_Veillonella parvula,PA_Lachnospira eligens,PA_[Ruminococcus] gnavus,PA_Bacteroides eggerthii,PA_Roseburia faecis,PA_Phocaeicola coprocola,PA_Adlercreutzia equolifaciens,PA_Gordonibacter pamelaeae,PA_Eubacterium sp. CAG:180,PA_Parabacteroides merdae,PA_Phocaeicola dorei,PA_[Eubacterium] siraeum,PA_Barnesiella intestinihominis,PA_Methanobrevibacter smithii,PA_Firmicutes bacterium CAG:145,PA_Bacteroides cellulosilyticus,PA_Adlercreutzia equolifaciens_1,PA_Ruminococcus bicirculans,PA_Firmicutes bacterium CAG:110,PA_Parabacteroides distasonis,PA_Ruthenibacterium lactatiformans,PA_Odoribacter splanchnicus,PA_Oscillibacter sp. CAG:241,PA_Alistipes shahii,PA_Eggerthella lenta,PA_Escherichia coli,PA_Butyricimonas virosa,PA_Bacteroides sp. CAG:144,PA_Intestinibacter bartlettii,PA_Erysipelatoclostridium ramosum,PA_Slackia isoflavoniconvertens,PA_Clostridium sp. CAG:58,PA_Akkermansia muciniphila,PA_Bacteroides intestinalis,PA_Bifidobacterium pseudocatenulatum,PA_Eubacterium sp. CAG:38,PA_Bacteroides fragilis,PA_Bifidobacterium bifidum,PA_Blautia sp. CAG:257,PA_Parasutterella excrementihominis,PA_Proteobacteria bacterium CAG:139,PA_Lawsonibacter asaccharolyticus,PA_Coprobacter fastidiosus,PA_Alistipes inops,PA_Bacteroides finegoldii,PA_Paraprevotella xylaniphila,PA_Dialister invisus,PA_Enterocloster bolteae,PA_Bacteroides caccae,PA_Desulfovibrio piger,PA_Lachnospira pectinoschiza,PA_Prevotella copri,PA_Phocaeicola massiliensis,PA_Megamonas funiformis,PA_Phascolarctobacterium faecium,PA_Acidaminococcus intestini,PA_Anaerotignum lactatifermentans,PA_Bacteroides salyersiae,PA_Parvimonas micra,PA_Klebsiella pneumoniae,PA_Klebsiella variicola,PA_Klebsiella quasipneumoniae,rCLR_Faecalibacterium prausnitzii,rCLR_Streptococcus salivarius,rCLR_Anaerostipes hadrus,rCLR_Bacteroides stercoris,rCLR_Collinsella aerofaciens,rCLR_Bifidobacterium longum,rCLR_Phocaeicola plebeius,rCLR_Phocaeicola vulgatus,rCLR_Dorea longicatena,rCLR_Eubacterium sp. CAG:251,rCLR_Fusicatenibacter saccharivorans,rCLR_Coprococcus comes,rCLR_[Ruminococcus] torques,rCLR_Anaerobutyricum hallii,rCLR_Holdemanella biformis,rCLR_Bacteroides uniformis,rCLR_Blautia wexlerae,rCLR_Gemmiger formicilis,rCLR_Dorea formicigenerans,rCLR_Streptococcus parasanguinis,rCLR_Coprococcus eutactus,rCLR_[Ruminococcus] lactaris,rCLR_Coprococcus catus,rCLR_Roseburia intestinalis,rCLR_Roseburia inulinivorans,rCLR_Phascolarctobacterium succinatutens,rCLR_[Eubacterium] rectale,rCLR_Blautia obeum,rCLR_Agathobaculum butyriciproducens,rCLR_Bacteroides xylanisolvens,rCLR_Bacteroides ovatus,rCLR_Bacteroides thetaiotaomicron,rCLR_Streptococcus thermophilus,rCLR_Eubacterium ramulus,rCLR_Bifidobacterium adolescentis,rCLR_Eubacterium sp. CAG:274,rCLR_Eubacterium ventriosum,rCLR_Flavonifractor plautii,rCLR_Oscillibacter sp. 57_20,rCLR_Roseburia hominis,rCLR_Alistipes finegoldii,rCLR_Alistipes putredinis,rCLR_Veillonella atypica,rCLR_Ruminococcus bromii,rCLR_Firmicutes bacterium CAG:83,rCLR_Veillonella parvula,rCLR_Lachnospira eligens,rCLR_[Ruminococcus] gnavus,rCLR_Bacteroides eggerthii,rCLR_Roseburia faecis,rCLR_Phocaeicola coprocola,rCLR_Adlercreutzia equolifaciens,rCLR_Gordonibacter pamelaeae,rCLR_Eubacterium sp. CAG:180,rCLR_Parabacteroides merdae,rCLR_Phocaeicola dorei,rCLR_[Eubacterium] siraeum,rCLR_Barnesiella intestinihominis,rCLR_Methanobrevibacter smithii,rCLR_Firmicutes bacterium CAG:145,rCLR_Bacteroides cellulosilyticus,rCLR_Adlercreutzia equolifaciens_1,rCLR_Ruminococcus bicirculans,rCLR_Firmicutes bacterium CAG:110,rCLR_Parabacteroides distasonis,rCLR_Ruthenibacterium lactatiformans,rCLR_Odoribacter splanchnicus,rCLR_Oscillibacter sp. CAG:241,rCLR_Alistipes shahii,rCLR_Eggerthella lenta,rCLR_Escherichia coli,rCLR_Butyricimonas virosa,rCLR_Bacteroides sp. CAG:144,rCLR_Intestinibacter bartlettii,rCLR_Erysipelatoclostridium ramosum,rCLR_Slackia isoflavoniconvertens,rCLR_Clostridium sp. CAG:58,rCLR_Akkermansia muciniphila,rCLR_Bacteroides intestinalis,rCLR_Bifidobacterium pseudocatenulatum,rCLR_Eubacterium sp. CAG:38,rCLR_Bacteroides fragilis,rCLR_Bifidobacterium bifidum,rCLR_Blautia sp. CAG:257,rCLR_Parasutterella excrementihominis,rCLR_Proteobacteria bacterium CAG:139,rCLR_Lawsonibacter asaccharolyticus,rCLR_Coprobacter fastidiosus,rCLR_Alistipes inops,rCLR_Bacteroides finegoldii,rCLR_Paraprevotella xylaniphila,rCLR_Dialister invisus,rCLR_Enterocloster bolteae,rCLR_Bacteroides caccae,rCLR_Desulfovibrio piger,rCLR_Lachnospira pectinoschiza,rCLR_Prevotella copri,rCLR_Phocaeicola massiliensis,rCLR_Megamonas funiformis,rCLR_Phascolarctobacterium faecium,rCLR_Acidaminococcus intestini,rCLR_Anaerotignum lactatifermentans,rCLR_Bacteroides salyersiae,rCLR_Parvimonas micra,rCLR_Klebsiella pneumoniae,rCLR_Klebsiella variicola,rCLR_Klebsiella quasipneumoniae
SID31021,1,1,1,1,1,1,0,1,1,1,1,1,1,1,0,0,1,1,1,1,0,1,1,1,1,0,1,1,1,0,1,1,1,1,1,0,1,1,1,1,1,1,1,1,1,1,1,1,0,1,1,1,1,0,0,0,1,1,0,1,0,1,1,0,0,1,1,0,1,1,0,0,0,1,1,1,1,1,1,1,1,1,1,1,1,1,1,1,0,0,0,0,0,0,0,0,0,0,0,0,0,0,0,0,0,0,0,3.1494811521416244,-0.4006002194292157,3.454173063438015,-3.089574190404644,2.326503783737784,2.771319853260363,0.0,0.7698887277111803,1.5870595997914787,2.2036418771109085,1.0850847641314856,2.104872065675935,2.5302780185932434,2.438505648673813,0.0,0.0,1.1137115173017418,1.7880534234792718,0.9140515419799102,-1.6974097914649575,0.0,-6.7047061842956985,0.9470082037959864,1.638765860545755,0.8762008168594839,0.0,3.501353977445193,1.7301442605509778,1.0252351698212552,0.0,-1.9316409212238763,-2.268324540818978,1.3889661200877776,-1.5474484767929766,3.2024714265930765,0.0,-1.147516218979207,-2.1325758523858074,-2.1900763219841792,1.223485855027317,1.4007522859987789,1.2431491122868796,-5.05244827467867,3.3969096299096257,3.240851084032653,-3.3537062065004566,-1.0120267879841622,-4.240852943705531,0.0,0.5326225896164943,0.1909132523419152,1.53754839081612,1.2658614792233602,0.0,0.0,0.0,2.016880876596882,0.3473929155108073,0.0,1.602244256472179,0.0,0.8723997454288966,1.416839176459875,0.0,0.0,0.8384512923496132,-1.5290862530587657,0.0,-1.046095428286219,-1.239418871239396,0.0,0.0,0.0,-2.466531877479114,-1.886190289473509,-6.559524174451201,0.3363226415716049,3.6013683802672976,1.6670637572425036,0.8354339486365786,-0.8927234797892949,-0.9274409328796944,-1.531562377422589,-2.075758438396611,-2.426738828921672,-2.672680386472856,-3.480842817916459,-4.609760456079898,0.0,0.0,0.0,0.0,0.0,0.0,0.0,0.0,0.0,0.0,0.0,0.0,0.0,0.0,0.0,0.0,0.0,0.0,0.0
SID31160,1,1,1,0,1,0,1,1,1,1,1,1,1,1,1,1,1,1,1,1,1,0,1,1,1,1,0,1,1,0,0,1,1,1,1,0,1,0,1,1,0,0,1,1,1,0,0,0,0,1,0,1,1,1,0,1,1,0,1,0,0,1,0,1,1,1,1,1,1,0,0,0,0,0,0,1,0,0,1,1,1,0,0,0,0,0,1,0,0,1,1,0,0,0,0,1,0,0,0,0,0,0,0,0,0,0,0,4.347970220334199,-0.4548858665817339,4.474644063918858,0.0,3.345861508851395,0.0,0.2155279749339509,0.7706990389657653,3.40960577285085,-0.5996376129139298,3.609179980575973,3.262221160598598,-0.8722750206785315,3.772906677677661,-1.071735293091033,1.287989985359545,1.5767431707741837,1.8539554368178948,1.6958395133380326,-1.1216288729451684,0.998251374633902,0.0,-4.320397798879156,-0.2656370830278685,0.3025938577756359,2.792759602335368,0.0,1.7296456446200137,1.9757426879902336,0.0,0.0,-3.2633250286523703,-1.0299658802147382,0.0467296598648998,-4.861408398983545,0.0,-3.846879227525976,0.0,0.2136141951395269,-0.1478178672669208,0.0,0.0,-4.144355697570045,4.248112207774774,0.4323421036852408,0.0,0.0,0.0,0.0,2.1808989209392102,0.0,0.6547481529905712,-2.685008476412043,3.016921108565353,0.0,-3.0496881871929515,0.2300633323645791,0.0,2.054091010215892,0.0,0.0,0.6891727658395899,0.0,1.6763695648199812,-1.7877448263526223,-1.127971998489972,-5.447583459991322,-0.8504162268660327,-1.6017621938303064,0.0,0.0,0.0,0.0,0.0,0.0,2.8077102864483363,0.0,0.0,0.2745323429314117,-6.185182403122102,-1.6132870060188824,0.0,0.0,0.0,0.0,0.0,-5.364201851052271,0.0,0.0,-1.655846620437678,-2.8508157299424024,0.0,0.0,0.0,0.0,0.2720153041081636,0.0,0.0,0.0,0.0,0.0,0.0,0.0,0.0,0.0,0.0,0.0
SID31219,1,1,1,1,1,1,0,1,1,0,1,1,1,1,0,1,1,1,1,1,1,1,1,1,1,0,1,1,1,0,0,1,1,1,0,1,0,0,1,1,1,1,0,1,1,0,1,0,0,1,0,1,1,0,0,0,1,1,1,0,0,1,1,1,1,1,1,1,1,0,1,0,1,0,0,1,0,0,0,1,1,1,0,0,1,0,1,0,0,0,0,1,0,1,0,0,0,0,0,0,0,0,0,0,0,0,0,3.592628450553105,-0.8252337848948013,2.075290693754022,0.2098878863023815,2.223231832444797,2.662099035232541,0.0,0.3962616790227764,1.9608097012290584,0.0,1.8912499845739696,2.109451106945886,1.304283454731622,0.677168558019618,0.0,1.3094429945124997,0.7807374008689566,1.547947938729261,0.1697178579250824,-1.6465029609377049,2.275166308340033,0.6097143887493459,0.7282415333038491,-1.6895856571199517,0.97013962834147,0.0,0.8970592074441294,-0.1024057402634048,0.6586965126304116,0.0,0.0,-0.3949333703487088,-0.0993289075745378,-0.2458784866557961,0.0,-0.3260781322955643,0.0,0.0,-1.8085142740993057,0.8100104256787142,-3.5949634089099964,0.596525285797372,0.0,3.6506732424913206,1.5212865889923428,0.0,0.8860566924721665,0.0,0.0,-2.7496536207481794,0.0,0.6684574833560379,-0.5952668090540967,0.0,0.0,0.0,-0.8187813490574065,-1.0187720036909025,-0.1434165743649973,0.0,0.0,0.2580746426208923,1.401047090918218,-0.3294086932427289,-0.5233372712701365,-0.3272123050382158,-3.249171703538707,1.054674946405231,-3.099952347547635,0.0,3.92080620060329,0.0,-6.3050016822375925,0.0,0.0,0.8163472146477706,0.0,0.0,0.0,-5.546849671368651,-2.53929939443713,-1.4887001013832954,0.0,0.0,-2.005181163369696,0.0,-5.642159851172977,0.0,0.0,0.0,0.0,2.071714087028268,0.0,0.4106892099556887,0.0,0.0,0.0,0.0,0.0,0.0,0.0,0.0,0.0,0.0,0.0,0.0,0.0
SID31223,1,1,1,0,1,1,1,1,1,0,1,1,1,1,1,1,1,1,1,0,0,1,1,1,1,1,1,1,1,1,1,1,1,1,1,0,1,0,1,1,1,1,0,1,1,0,1,1,0,1,0,1,1,1,1,1,1,1,1,0,0,1,0,1,1,1,1,1,1,0,1,1,0,0,0,1,0,1,0,1,0,0,0,1,0,0,1,1,1,0,1,0,0,1,1,1,1,0,0,0,0,0,0,1,0,0,0,2.5125756924591167,-2.9234594820765145,3.041437754351145,0.0,3.395227548561164,2.532120824384237,-0.5288783447190202,1.3432885605247908,-2.4439689338990225,0.0,1.1962115536035958,-3.4852439978192424,0.6520358259203991,0.2403395614419836,-1.6025127503854604,0.8196832882821381,-0.0012487641971312,1.0401392735120385,0.3057612626340789,0.0,0.0,-0.6410063600343934,1.990481659368729,-1.3974785336924611,-2.426947246329592,2.439458687031784,-0.0571570956320344,1.105074809024482,-1.4103721518294714,-0.5888116153113865,-1.257421755849736,-0.0299154071724303,-1.111399101225469,-3.538298560775132,2.245723840764396,0.0,-3.874129977124496,0.0,1.3832953251838869,-0.6346604899814903,-2.1012318742818183,0.6281181726046221,0.0,-0.1166912283146057,0.7503151316620416,0.0,2.349211177362961,-3.3049508392866804,0.0,-0.684004312926715,0.0,-1.5960581406087808,-3.628812568315964,3.371473913069969,0.3462346543754315,1.1203212469009864,-1.0917796378365208,1.795132229672327,5.133468297919634,0.0,0.0,-1.2029236449580951,0.0,0.979545513384831,0.4273867256464467,0.3342370292711885,0.3915769565260325,1.143981040906091,-0.6127618046738528,0.0,1.3581290293117232,-0.9170266635930896,0.0,0.0,0.0,0.9510578032281574,0.0,1.0639185512302198,0.0,-1.0539262417505793,0.0,0.0,0.0,-1.9372288980115484,0.0,0.0,-0.0786911746703724,-1.4877149452130305,-1.4188045513540692,0.0,-2.8629368126484027,0.0,0.0,0.9811880376493376,0.1069337312326097,0.8031731377323319,1.6798892887759926,0.0,0.0,0.0,0.0,0.0,0.0,0.090306770987691,0.0,0.0,0.0
SID31300,1,1,1,1,1,1,0,1,1,0,1,1,1,1,0,1,1,1,1,1,0,1,1,1,1,1,0,1,1,1,0,1,1,1,1,1,1,0,1,1,1,1,1,1,1,1,1,1,0,1,0,1,1,0,0,0,1,1,1,0,0,1,0,1,1,1,1,1,1,0,0,1,0,1,0,1,0,1,0,0,1,1,0,0,1,0,1,1,0,0,0,0,0,1,0,0,0,0,0,0,0,0,0,0,0,0,0,2.9589468805668697,-0.2635769873822404,2.674994964952246,1.2160079336979657,1.643849623469224,2.083971964712279,0.0,2.015639464865152,1.2509894730304711,0.0,0.8411175498678919,1.215925882415868,-0.3368483457229294,1.437048849373202,0.0,1.488807075458036,-0.8113824780805237,0.1189533415940558,0.245344533333123,-1.340485318309122,0.0,-0.271934337810799,0.1985460170202923,-0.5420781030780524,-1.292576910655686,1.1925397516918372,0.0,-0.2628566819416031,0.4172814190985769,-0.4013791134499693,0.0,-1.5682667895515574,1.230337008814253,-0.1526225490003525,0.795559956110515,0.5437278278341129,-1.3875846863450103,0.0,0.8655376216424249,2.356769855040242,-1.5137313135001964,2.3327569089545457,-0.0828840318238512,3.242069340239295,-0.2770336021838582,-0.1928226859462409,-1.3805143961762307,-3.121409989491631,0.0,2.8853713684451248,0.0,0.0808821272581972,-1.2085946151420592,0.0,0.0,0.0,-3.491718840615217,-0.1392343533806053,1.4582524369492476,0.0,0.0,-0.305554053794822,0.0,0.4393756871273185,-0.6721272647801004,-0.5446994614887695,-0.5641680794772992,1.477267096588888,-1.0901114579654068,0.0,0.0,-5.698993753804938,0.0,0.3131238124381158,0.0,2.288541954870472,0.0,-2.416406195775161,0.0,0.0,-2.1612735904187383,-1.444025997249962,0.0,0.0,-2.014877692771459,0.0,-1.829860995961107,-2.6098313536418662,0.0,0.0,0.0,0.0,0.0,0.0819282992575199,0.0,0.0,0.0,0.0,0.0,0.0,0.0,0.0,0.0,0.0,0.0,0.0,0.0
SID31367,1,1,1,1,1,1,0,1,1,0,1,1,1,1,0,1,1,1,1,1,0,1,1,0,1,0,1,1,1,1,1,1,1,1,1,1,1,1,0,1,1,1,1,1,1,1,1,1,1,1,0,1,1,1,1,0,1,1,1,1,1,1,0,0,1,1,1,0,1,1,1,1,0,1,1,1,0,1,1,1,1,1,1,1,1,0,1,1,1,0,1,1,1,1,0,1,1,1,1,0,1,0,0,0,1,1,1,2.332253730564766,2.937259258892205,1.4526915108719778,-1.8692840391264,3.404979646912892,2.0098256570775384,0.0,1.6534556697374332,2.5263736678476585,0.0,1.951759555450176,0.1505341602332377,0.6821488033342069,1.828725469987996,0.0,1.4179742008283285,4.3784763246869485,1.0781966607221034,1.4783835580348037,1.9084491128581225,0.0,0.1977252429704949,-1.4041900381313832,0.0,-2.026109709402961,0.0,0.7094745918925687,1.0934981138065707,-0.8994229990370988,-0.9711445828410464,-0.4792123154437591,-0.6955042541436591,0.3626530798321368,-2.8315860749368262,1.24409274263058,0.3430625859973664,0.2049122475165492,-1.5522074397415686,0.0,-1.1257789971075356,-0.1303969642145612,2.0523101134535064,-2.014716525573518,1.811099946946516,-0.2034102455091018,-0.1514270696360156,-2.145456467035527,1.4713128373771611,1.2088034931628635,0.5051038651358639,0.0,-0.2193590056891725,0.6908589372064959,1.948379358603312,0.1953557073060974,0.0,-0.523653997217,0.6763694466497936,0.2325017264066233,0.6554111238618077,-4.815505549959124,-0.3196585227988633,0.0,0.0,0.0706292817501728,2.2088870992391025,-1.3195117311188924,0.0,-1.7486358135437037,1.0933600589985928,6.86871108615122,-1.533575355609222,0.0,-3.233560778105222,1.5211101696359104,-1.6509606346078811,0.0,1.634482789578898,-1.2851649205863351,-1.719851251378245,-1.9422282254222587,-1.893620526356882,0.4580153850502189,-1.0336298391712595,-5.086380504094524,0.0,-2.245354620301513,-3.1993108550621434,-2.426898269627223,0.0,-3.1030828229675897,-2.474678057928632,-3.817869178631016,-0.6944035385674736,0.0,-1.876433309970624,1.9633179116071275,-1.5450991707161563,-2.984960055695912,0.0,0.2558474157951171,0.0,0.0,0.0,3.7984513098894217,2.92641819130289,1.5995914092124717
SID31428,1,1,1,1,1,1,1,1,1,1,1,1,1,1,0,0,1,1,1,1,0,1,1,1,1,0,1,1,1,1,1,0,1,1,1,0,1,1,0,1,1,1,0,1,0,0,0,1,0,1,0,1,1,0,0,0,1,0,0,1,0,1,1,0,0,1,0,0,0,1,0,0,0,0,1,0,1,1,0,0,0,0,0,1,0,0,1,0,0,0,0,0,0,0,0,1,1,0,0,0,0,0,0,0,0,0,0,-2.4237081176375947,-0.1532610185150491,6.796102806061997,-3.133445540457737,-2.8645257444614782,-3.73094464629546,-3.652983104825749,-4.333707765387137,3.2827702931457288,-3.3076219207872897,4.133924223945577,2.7465265526537848,3.746961465240152,1.6896800404161594,0.0,0.0,4.066291105934588,-1.4433360074909722,1.8863177311648287,-1.2254187093047242,0.0,1.250113376920238,1.9783182787160296,2.2773703740449207,1.6032093354216168,0.0,4.074893357074302,3.293716406784759,0.8754410169170266,-6.330261647261205,-5.83778516216341,0.0,-3.891875013108098,2.203699267756058,-5.117239007415352,0.0,-0.7003540716892638,0.4158299513665859,0.0,-0.3050546520429336,-5.32695953839742,-2.7267420420984254,0.0,5.073823517242928,0.0,0.0,0.0,0.1499223360668589,0.0,2.5399288246813456,0.0,-0.4055198231056356,0.5695530980535142,0.0,0.0,0.0,-0.5344802541043352,0.0,0.0,-0.6013431993334617,0.0,-0.8993223924714866,-0.1401325478827466,0.0,0.0,0.6439621074792323,0.0,0.0,0.0,2.534497857457018,0.0,0.0,0.0,0.0,2.0918413401542564,0.0,0.2166541841059595,4.989494913317195,0.0,0.0,0.0,0.0,0.0,-2.4839900193958395,0.0,0.0,-1.944831719455616,0.0,0.0,0.0,0.0,0.0,0.0,0.0,0.0,-0.5183044387583036,-1.0976956582759487,0.0,0.0,0.0,0.0,0.0,0.0,0.0,0.0,0.0,0.0
SID31446,1,1,1,0,1,1,1,1,1,0,1,1,1,1,1,1,1,1,1,1,0,1,1,0,1,0,1,1,1,1,1,1,1,1,1,1,1,1,0,1,1,1,1,1,1,1,1,1,0,1,0,1,1,1,1,0,1,0,1,0,0,1,1,0,1,1,1,1,1,1,1,0,0,1,0,1,1,1,0,0,0,1,0,1,0,0,0,0,0,0,0,0,1,1,0,1,1,0,0,0,1,0,0,0,1,0,0,3.0486067416288254,0.0285798944958024,2.727851622679452,0.0,1.5384119872712545,-0.3481949370598964,-2.567045383429644,5.053557164301448,2.743541202133754,0.0,1.138715605206568,2.070285903884342,4.78944671723056,0.554734522974913,3.4307031032368727,-3.6599433708343145,1.4359892648637156,1.843788665469856,1.743324170783107,2.0068972735229407,0.0,2.016615275210792,0.8940234852303237,0.0,1.7548139329192989,0.0,1.4073109915123727,1.3193217949496585,1.5644698160736314,-0.895938392285925,-0.1779584351435079,3.1415329588297687,1.7393145010918818,0.7536661275354011,-2.2686756424473664,2.5274077186308643,-2.0053850231197448,1.867788442091988,0.0,1.0960018404950151,-1.5264346078842028,2.463030404618841,-0.2431044755184015,-1.4899946702016391,-3.2162807918782,1.1869320699552683,1.3246189662216328,-0.895938392285925,0.0,-2.668487025248303,0.0,-4.05689778927457,-0.638893289296034,-4.1500915661725175,-5.23027015315179,0.0,-1.3259479558568217,0.0,-4.946018615796798,0.0,0.0,-3.591140450910286,0.3800543066616328,0.0,3.726430388303162,2.519973002327744,-0.5060392093292851,-4.212461896898976,-3.86124737854056,1.043304464749811,4.212019814374052,0.0,0.0,-2.962531791487912,0.0,-4.13165786448368,0.6563664609563691,-2.7626350898724503,0.0,0.0,0.0,3.3448739842387507,0.0,-3.070259172156004,0.0,0.0,0.0,0.0,0.0,0.0,0.0,0.0,-0.0053339418148716,-3.56489222483535,0.0,-0.9118692143581192,-1.8686588481836983,0.0,0.0,0.0,-0.8953997442793649,0.0,0.0,0.0,-0.4386772426255285,0.0,0.0
SID31452,1,1,1,0,1,1,0,1,1,1,1,1,1,1,1,1,1,1,1,1,1,0,1,1,1,0,1,1,1,1,0,1,1,1,1,0,1,1,1,1,1,1,0,1,1,1,1,1,0,1,1,1,1,1,1,0,1,1,0,0,0,1,1,1,1,1,1,1,1,1,1,0,0,1,0,1,0,1,0,0,0,1,1,1,0,0,1,0,1,0,0,0,0,0,0,1,0,0,0,0,0,0,0,0,1,1,1,2.1882858998774,0.8548104463459376,1.1277984626725568,0.0,1.4248450916247846,3.037047613454217,0.0,0.3812645798777626,0.5860004804849073,2.7115117795253507,1.2192560209705077,1.034701674844524,-0.5035250727805693,2.201253323879388,-1.1841108666230045,0.9196964295468024,-2.871151345211798,0.2731289553097029,0.5925520168907052,-1.1635944201621218,3.842102562670932,0.0,0.6276600410592406,0.3686427724657005,-0.9931801172834916,0.0,1.425856188498163,-0.0937782940682487,2.13102001279905,0.2209593942113992,0.0,-1.1202310598706569,-0.4164508812653014,0.4627093245982313,2.313458056190938,0.0,0.2200879834547711,-1.5558519468283911,0.3339669104602801,-0.372722670091824,-2.1693781099320857,1.3608813359405874,0.0,3.963363635345436,1.192391584193833,-4.40092742980938,2.0237424541022504,-1.9110332385103408,0.0,-4.64938878910788,-1.7942246436152778,-0.3829497995269455,-1.568722997895244,2.2365627407896613,0.3338414257755213,0.0,1.936044940395396,0.6040155030201669,0.0,0.0,0.0,-0.6281664917147414,1.9867932863214568,1.518265918781373,-1.1573311181748358,0.3114045057830907,-1.823528419356922,-3.005390201608312,-1.3350030041929553,-1.5209267261787025,-3.225354100005142,0.0,0.0,-1.0014458049307278,0.0,-0.6188829522375068,0.0,2.78151586332908,0.0,0.0,0.0,-0.0786507995412721,1.580436275119173,-4.975656855554851,0.0,0.0,-2.961769579132421,0.0,-0.150515658129819,0.0,0.0,0.0,0.0,0.0,0.0,0.8841309956088803,0.0,0.0,0.0,0.0,0.0,0.0,0.0,0.0,1.175119071191014,-1.3177077021322732,-3.4355744619371524
SID31537,1,1,1,0,1,1,0,1,0,0,1,1,1,1,0,1,1,0,0,1,0,0,0,1,0,0,1,1,1,1,1,0,1,1,1,0,1,1,1,1,1,1,1,1,1,1,1,1,0,0,0,1,1,0,0,1,1,1,0,1,0,1,0,0,1,1,1,1,0,1,0,0,0,1,1,1,1,1,0,0,1,0,0,1,0,0,0,0,1,1,0,1,0,0,0,0,1,0,0,0,0,1,0,0,0,0,0,1.8815622917964447,3.8864099734959217,4.596552274778907,0.0,1.716613446505372,3.984787553854742,0.0,-4.355746192146523,0.0,0.0,1.018182098190041,2.549193698775926,-0.975334778244202,4.180325950809035,0.0,-0.1029337520098678,-5.031895796337897,0.0,0.0,1.3290184900072268,0.0,0.0,0.0,0.2514219965042417,0.0,0.0,-0.6579069966611146,1.7865369589725733,1.3755588011894098,-1.5849447804808374,-2.2698966541713563,0.0,1.891743890750262,0.6228380537845775,3.600630490757773,0.0,1.6469126077210388,-6.630160408173872,-2.951050745655741,1.741942783053738,-2.4155667178001945,0.0440501926031753,-2.3381800541847744,5.265557289049795,1.5332900441227442,-3.648414376594621,0.1605615540424274,-2.006822918230332,0.0,0.0,0.0,1.7458787612627416,1.864832617479712,0.0,0.0,0.7594721726183629,0.7365305309869665,-0.736676269426094,0.0,0.0359478479294954,0.0,1.170844403535722,0.0,0.0,-1.197409278482302,0.9869160989672344,-3.0466414697177626,1.8640598023486243,0.0,1.3881357303416482,0.0,0.0,0.0,-3.5672888317822524,0.3330821359703637,-5.442994722164317,-0.8363002747243624,4.357702455398716,0.0,0.0,-1.41251094469329,0.0,0.0,-2.2928696673413818,0.0,0.0,0.0,0.0,-2.840932980225654,0.4566704242883719,0.0,0.1777745355260538,0.0,0.0,0.0,0.0,-1.945460466562476,0.0,0.0,0.0,0.0,-2.653598881608155,0.0,0.0,0.0,0.0,0.0
SID31549,1,1,1,1,1,1,0,1,1,1,1,1,1,1,1,1,1,1,1,1,0,1,1,1,1,0,1,1,1,1,1,1,0,1,1,1,0,1,1,1,1,1,0,1,1,0,1,1,1,1,0,1,1,1,1,1,1,1,1,1,0,1,1,1,1,1,1,1,1,1,1,1,0,1,1,1,0,1,0,0,1,1,0,0,1,0,1,0,0,0,1,1,0,1,0,1,1,1,0,1,0,0,0,0,0,0,0,2.974031604460188,-0.9355339827187316,3.050247154589271,-1.3061265594754077,4.269839949050912,0.421081624477198,0.0,1.5306113293223622,4.153895145834916,-1.5821971947212714,2.0951761201081687,1.0525521774885114,4.100545400047866,4.495018709919954,-3.4117552245715843,1.4216962353980578,1.3308361844920298,1.9625399955395253,2.649998523236764,-2.6113625136580407,0.0,-0.6233720821557216,1.793934681216038,-0.7803076382818546,-0.0678272507003208,0.0,0.0388311236731055,3.148190681426158,1.5136852234614395,-1.487644303858855,-0.047554615757865,-2.556737909841704,0.0,1.2244838886447265,3.666166670379865,4.575637863339652,0.0,-2.93645902196008,-6.129284169628338,-2.1154784698902493,-1.4924768986970642,-2.610303752309799,0.0,0.3877538578801904,0.6195591124248303,0.0,-1.0721288598971892,-2.749748284747361,-0.5781257628867822,2.1804454657302204,0.0,2.4777236089671493,-0.9499112271729402,3.75993058076392,0.667898622240513,-0.8005415247426084,0.9661947154367484,-0.129904600541995,3.1344141495863624,-2.7448939062825635,0.0,3.054055660679713,0.5917972378209808,-2.065767071201497,-0.3260873944918527,-0.0649177345366891,-2.0160711231018547,0.5184968437053112,-1.1313482195571605,-1.2714116300844922,-0.7272504955349639,-1.4088738609879754,0.0,1.0266138464690702,-3.16806940095706,1.103552181701353,0.0,-2.5280656540728272,0.0,0.0,-0.9145425302379566,-1.376309931729005,0.0,0.0,-1.2986873263114682,0.0,-2.6815667723312893,0.0,0.0,0.0,-1.2437802729582366,-1.6063316739221971,0.0,0.3825672889631597,0.0,-2.5477513291438574,-1.9952611235880613,-1.0671413183861502,0.0,-3.181092840843347,0.0,0.0,0.0,0.0,0.0,0.0,0.0
SID31557,0,1,1,0,1,1,0,1,1,0,0,0,1,1,0,1,1,0,0,1,0,0,1,1,0,0,1,1,1,1,0,1,1,1,1,0,0,0,0,0,0,0,1,1,0,0,1,1,0,0,0,1,1,0,1,0,0,0,0,1,0,1,0,0,1,1,0,0,0,1,1,0,0,0,1,1,0,0,0,1,0,1,0,1,0,0,0,1,0,0,0,0,1,0,0,0,0,0,0,0,0,0,0,0,0,0,0,0.0,3.181208433375769,3.2549110019150698,0.0,-2.189680525287274,4.283442434828667,0.0,-0.8482161048441688,2.086423385359556,0.0,0.0,0.0,3.707957453151134,3.413854240292139,0.0,-0.7587584708737052,3.7998261712296273,0.0,0.0,3.170183593856684,0.0,0.0,-1.5336340046242252,-7.124154458417966,0.0,0.0,-4.859790578244118,2.786345946485948,-0.8302731791012667,-2.5040956599361244,0.0,-2.334581549432096,3.101090453152841,0.7453905925095441,5.277210467523119,0.0,0.0,0.0,0.0,0.0,0.0,0.0,-0.5878252453205706,-4.821569365423921,0.0,0.0,-3.065868946011568,0.7433819835128543,0.0,0.0,0.0,0.2212910759670721,1.3911870196347969,0.0,-3.1444728045160057,0.0,0.0,0.0,0.0,-2.775490727413206,0.0,0.0080435276100008,0.0,0.0,-1.7108356991754232,1.3011427182937343,0.0,0.0,0.0,2.8650921247493457,0.4546301958704972,0.0,0.0,0.0,3.388058723012103,1.7619781597569857,0.0,0.0,0.0,4.376773068281126,0.0,-4.399574955364546,0.0,1.3190961317854062,0.0,0.0,0.0,-7.124154458417966,0.0,0.0,0.0,0.0,-6.025542169749857,0.0,0.0,0.0,0.0,0.0,0.0,0.0,0.0,0.0,0.0,0.0,0.0,0.0,0.0
SID31700,1,1,1,1,1,1,1,1,1,0,1,1,1,1,1,1,1,1,1,1,1,0,1,1,1,0,1,1,1,1,1,0,1,1,1,0,1,1,1,1,1,1,0,1,1,0,1,1,1,1,1,1,1,1,1,0,1,1,1,0,0,1,1,1,1,1,1,1,1,0,1,1,0,1,1,1,0,0,1,1,1,0,1,0,1,0,0,0,1,0,0,0,0,1,0,0,0,1,0,1,0,0,0,0,0,0,0,3.875301366496456,1.4064217621072386,0.663016926759703,-0.6761331492617186,3.5944209938815908,3.136900102298991,0.877778295024454,0.9521250982445456,2.935771163833606,0.0,2.812513119115823,2.1856286310420794,2.007278818345182,1.685808269789269,2.442151039084922,-0.0406549122273478,-0.5950897743932742,-0.0162519231751174,0.4619408454515483,0.132544994901665,-0.5701491837375277,0.0,0.6538557581203174,0.407484170329045,2.0257944665555296,0.0,0.2514100156141774,1.0131472171906195,3.3807333357528213,-3.3282911029226754,-1.6845756411328132,0.0,-0.6232368381507825,-1.944885525708676,3.067610245989944,0.0,-1.400306223623388,-4.659708853816731,-0.9244693703866552,-3.1164937279957674,-0.6355714923139844,0.2887066957984185,0.0,0.7935563781890521,1.7907538994687624,0.0,2.140531486844945,2.049157313261413,0.6240122118792754,2.3492526928034136,-0.7689789062130976,-0.9454266438703652,-4.650046942904995,3.875596025307051,-0.0768239861036863,0.0,1.3059025167302682,0.7808789145632311,2.283928861489424,0.0,0.0,-1.0832264802533444,0.1604161069802174,0.7574481636516542,-3.548234651506214,-1.5361043745554568,-1.5851295086604984,2.1861916781230395,-1.8078245289064123,0.0,3.499746415584865,-5.0897452226554005,0.0,1.5932607388478948,-1.0343328579972773,-3.942579708570301,0.0,0.0,-2.35035063381684,-5.813197752710675,-5.618137170139292,0.0,2.929558215179497,0.0,-3.6525307711082537,0.0,0.0,0.0,-0.2081312509936324,0.0,0.0,0.0,0.0,0.010075699947065,0.0,0.0,0.0,-2.77014159090978,0.0,-2.691849949857031,0.0,0.0,0.0,0.0,0.0,0.0,0.0
SID31714,1,1,1,0,1,1,0,0,1,1,1,1,1,1,0,1,1,1,1,1,0,0,1,1,1,0,1,1,1,0,0,0,1,1,1,1,1,0,0,0,0,1,0,1,0,0,0,1,0,1,0,1,1,0,0,0,0,0,0,0,0,1,0,0,0,0,0,0,0,1,1,0,0,0,1,0,0,0,0,1,0,0,1,0,0,0,0,0,0,0,0,0,0,0,0,0,1,0,0,0,0,0,0,0,0,0,0,1.7357068250936738,0.0443134360224251,3.448313863362128,0.0,3.7831933858422793,3.7492120252297054,0.0,0.0,3.1406978029550228,1.2588608538002926,2.1385372336078867,2.648496548782937,1.195242382832903,2.877187624572592,0.0,-6.04778798790697,3.755153828185585,-0.3934583969702991,1.4822761483490134,-0.976684947043624,0.0,0.0,-0.4665498660088625,-2.9101222184643123,-6.125749529376682,0.0,0.2009316401439898,1.077414649844496,1.468346031925445,0.0,0.0,0.0,-3.925526449044205,-3.120602256888089,5.247329976175542,0.2956529823581904,-2.14430131350111,0.0,0.0,0.0,0.0,-6.84629568412474,0.0,-5.502560937423647,0.0,0.0,0.0,-1.359656281204531,0.0,0.0687110174049026,0.0,1.5422936370034477,-2.1992374054343973,0.0,0.0,0.0,0.0,0.0,0.0,0.0,0.0,0.3861564234864776,0.0,0.0,0.0,0.0,0.0,0.0,0.0,-0.5865017930807936,4.184701107839368,0.0,0.0,0.0,-0.698421106683242,0.0,0.0,0.0,0.0,-4.965982817555242,0.0,0.0,4.075991052674741,0.0,0.0,0.0,0.0,0.0,0.0,0.0,0.0,0.0,0.0,0.0,0.0,0.0,-1.535281486782298,0.0,0.0,0.0,0.0,0.0,0.0,0.0,0.0,0.0,0.0
SID31723,1,1,1,0,1,1,0,1,1,1,1,1,1,1,0,1,1,1,1,1,1,1,1,1,1,0,1,1,1,1,0,1,1,0,1,0,1,1,0,0,1,1,1,1,1,1,0,1,0,1,0,1,1,1,0,0,1,1,0,1,1,1,1,0,1,1,1,1,1,1,1,1,0,1,1,1,1,1,0,0,0,1,0,1,0,1,1,0,0,0,1,0,0,1,0,0,0,0,0,0,0,0,1,0,0,0,0,2.5207188686095643,-0.9913951145737538,6.518505799374676,0.0,3.3704676929474653,3.0749067830983523,0.0,2.7187427975701204,0.4748116780339759,2.7205647819661523,2.486386908483566,2.4852228325171524,3.7073170812756726,1.2604758647310286,0.0,1.1410713923273546,1.1543826540098785,0.2786365406313762,2.91216713589144,-0.4656099715626172,-1.6095275127736546,-3.1865050791532967,1.1661005764806065,-1.5485794831602728,-0.893471157143594,0.0,0.5929203723378462,0.3690602319567846,0.650204196777084,-0.8839199861592508,0.0,0.6604012912936068,2.883283823827428,0.0,0.4327022940473188,0.0,-0.9721073049023494,0.5932676247069923,0.0,0.0,-2.9565407359539986,1.371406089253559,-2.878126124930361,-1.4918317638104703,-1.0123584490996218,-1.1815371804543826,0.0,6.369089065056361,0.0,-4.067311229101917,0.0,0.9878821907423404,1.2492785425615311,-3.616995554828401,0.0,0.0,-3.2371981934688145,0.5822708303487234,0.0,-0.3153277685132791,-2.0904308629136583,0.7656887582644512,-1.1463222741633157,0.0,-0.8219989561056349,2.107907334577981,-2.156071219141725,-2.6016801257455056,-1.298168805505724,1.964718398792868,0.9594020694576332,-2.74494395528826,0.0,1.664752547956317,-0.0705424080732384,-3.3381241120587752,-0.2200958941786313,-3.868309983109308,0.0,0.0,0.0,-1.2228286485326936,0.0,-0.832056512149677,0.0,-2.727973851069798,-2.207578776287656,0.0,0.0,0.0,-3.197977480315534,0.0,0.0,1.5390640673616824,0.0,0.0,0.0,0.0,0.0,0.0,0.0,0.0,-1.880332643039736,0.0,0.0,0.0,0.0
SID31766,1,1,1,0,1,0,0,1,1,0,1,1,1,1,0,1,1,1,1,1,0,1,1,1,1,0,1,1,1,1,0,0,1,1,0,1,1,1,0,1,0,1,0,1,1,0,0,0,0,1,0,1,1,1,0,1,1,0,0,0,0,1,0,0,1,1,0,0,0,0,0,0,0,0,1,0,1,1,0,0,0,0,0,1,0,0,1,0,0,0,1,0,0,1,0,1,0,0,0,1,0,0,0,0,0,0,0,3.3474490416949245,-0.2376741743783521,3.124442933706625,0.0,-5.720043201958126,0.0,0.0,0.2644163478648553,3.1119626252106523,0.0,3.9251210015124895,2.0486877675771287,2.062731579287802,2.75644162484537,0.0,1.0964650599540562,-0.1567177163608832,1.6386718819188717,1.2902569441495553,-1.66656572906813,0.0,1.7726085665038966,1.3923054112540565,1.3701310316720432,0.5913144177233323,0.0,0.2706093272408445,1.821260894697921,2.246849767498907,-1.792811758018855,0.0,0.0,1.785213307129261,0.1684389518969971,0.0,0.9675834567537124,-0.1409016401194627,-4.697872608789958,0.0,-4.011759454887393,0.0,-0.4206874137176077,0.0,4.741548421305387,-0.8477250070798996,0.0,0.0,0.0,0.0,3.91230009611526,0.0,2.418733917166894,0.3278814632900506,2.719884590321474,0.0,-3.0172013459630547,-2.269025471632421,0.0,0.0,0.0,0.0,2.4616154948375826,0.0,0.0,-2.8853031400481104,-0.7954280407591023,0.0,0.0,0.0,0.0,0.0,0.0,0.0,0.0,-1.5705383728589044,0.0,-0.5296871327679731,-4.583209700469819,0.0,0.0,0.0,0.0,0.0,-2.4343587074178146,0.0,0.0,-5.039968102965534,0.0,0.0,0.0,-6.696552793825336,0.0,0.0,-2.019222344044473,0.0,-0.4166736839814056,0.0,0.0,0.0,-1.684998382017317,0.0,0.0,0.0,0.0,0.0,0.0,0.0
SID31865,1,1,1,0,1,1,0,1,1,0,1,1,1,1,1,1,1,1,1,1,0,1,0,1,1,1,1,1,1,1,1,1,1,1,1,1,1,1,0,1,1,1,1,1,1,1,1,1,1,1,0,1,1,1,1,1,1,1,1,1,1,1,1,0,1,1,1,0,1,1,1,0,0,1,1,1,1,1,0,1,1,1,0,1,0,0,1,0,1,0,1,0,0,1,0,1,1,1,0,0,0,0,0,1,0,0,0,1.96170493642738,1.2013100780747783,3.999080657810999,0.0,-1.5091410845649698,3.506848439767567,0.0,0.8381047792564968,-1.1036759764568052,0.0,2.7643750463925727,-3.265941868772055,4.32955744062156,4.203399400867668,-3.297061777485859,0.9323694806592686,5.123132395046705,2.6044010325422606,3.51285570467042,-0.0352145456024368,0.0,0.4296697480481091,0.0,2.54229263099495,-0.1149453295296254,-2.4436251624003305,-1.4354796406615784,-1.7038467005586462,1.6454423427209264,-1.2711089207570092,-0.8188826879109152,-1.186152198281044,2.3191135314485813,2.6774860602628734,-1.7191501186985327,1.5406103321804878,2.005756937030013,-0.697997215960263,0.0,-1.2143926913151564,-2.4912532113895853,-1.8320518489004949,-0.323998303744581,5.226394518302103,-1.9158088386388945,-0.0806026636160885,-1.560940579925111,2.9924565163788817,0.988662806331856,3.984509770350252,0.0,3.514555968035033,1.6662449274977424,-1.0106995199987008,-0.8140726738271304,1.487119895353023,-2.394660157772371,-0.1679597623031981,-1.5788210052029594,0.5322041116232941,-2.3336242671860017,3.4710746523310734,-0.7945899953418709,0.0,-1.8234567546645604,-0.3447890734136547,-2.3369191630828547,0.0,-4.145317951314874,2.2328233271797115,-1.010115578376268,0.0,0.0,-2.533199072127516,-1.2097489965979271,-4.872598138244278,-0.9876038052040514,-3.080838669016223,0.0,3.9492858208443535,-3.881406098197005,-1.053665555882144,0.0,3.558792036729664,0.0,0.0,-2.895435445684861,0.0,0.7223197462627864,0.0,-2.535880038880774,0.0,0.0,-1.5912692987295274,0.0,0.7237125400707727,-2.3750403709027186,-4.145317951314874,0.0,0.0,0.0,0.0,0.0,-3.249366903677842,0.0,0.0,0.0
SID31866,1,1,1,1,1,1,1,1,1,1,1,1,1,1,1,1,1,1,1,1,0,1,1,1,1,1,1,1,1,1,1,0,1,1,1,1,1,1,1,1,1,1,0,1,1,1,1,1,1,1,0,1,1,1,1,0,1,1,1,1,1,1,1,1,1,1,1,1,1,1,1,1,0,1,1,1,1,1,0,1,1,1,1,0,1,0,1,1,1,1,0,1,0,1,0,1,1,0,1,0,0,0,1,1,1,1,1,2.263006134243738,2.405505070693044,2.901126802022759,-4.326330695255525,-0.0308023727306121,-1.0437231262196929,-1.828736062234066,3.1479610687573314,3.31187143366439,-3.2011916522539865,1.6616600833635196,1.944017248590029,3.160526693404415,3.330124723406807,-4.956957518834136,3.1842013797081945,0.178573502784662,1.9671333026435165,1.129438348441133,0.0500347839836186,0.0,-0.8059176129354899,1.5272843940284413,-1.0186172050886166,0.0749647430416087,-1.7017789869683684,2.8996495496774584,1.9733891274958133,-0.1331387171203695,0.0015335075225033,-3.2090760557781355,0.0,2.1598300936885644,1.6117373285530732,-0.6702410639645793,-1.2014111284478024,1.4192023748956244,-2.5238759369107218,1.2489461389579093,-0.0503368451723513,2.848560324983658,1.8037029371939155,0.0,-1.6307231756454357,0.3564723491596666,-2.509354229576105,1.4442307324437018,-1.8194889686012687,-1.3861452316471403,0.9635642049178156,0.0,1.7642308409054333,2.364271120475442,0.2358309677152439,1.1591352688347825,0.0,1.1829923395145914,-0.468321149101996,5.2657944554058425,-0.3302037611788702,-0.3994190773336279,1.8947884184919923,-5.317970864371467,0.9715430245087324,2.2514184932244534,1.5884356793891383,0.2802095195562804,0.0891034174468492,-4.802806839006878,1.2582261714790133,2.654607589059882,-3.1753504210700987,0.0,-1.447222854603825,-1.5865317958387344,-4.6140127677073055,2.358351594438973,6.084742237121642,0.0,-3.504705189922448,-2.563203038701797,-1.1915379875978656,-2.5813472908252004,0.0,-1.401176650586181,0.0,-0.2763706935612906,-4.956957518834136,-2.401375911376199,-0.5647555561186022,0.0,1.2277535383319629,0.0,2.067516256319264,0.0,-1.0413047453554114,2.196852589711642,0.0,-2.940036334135634,0.0,0.0,0.0,-3.959226455019807,0.4644486481930285,-1.0679240316306888,-1.2092375646972662,-2.479655468431355
SID31868,1,1,1,1,1,1,1,1,1,1,1,1,1,1,1,1,1,1,1,1,0,1,1,1,1,0,1,1,1,1,1,1,1,1,1,1,1,1,1,1,1,1,1,1,1,1,1,1,1,1,0,1,1,1,1,0,1,1,1,1,1,1,1,1,1,1,1,1,1,1,1,1,0,1,1,1,1,1,1,1,1,1,1,1,1,1,1,1,1,0,0,1,1,1,0,1,1,1,1,0,1,1,0,1,1,1,1,3.330646272810573,0.4998358611882416,1.8577439141296888,0.9991471465798424,1.6631589033734415,1.2961585821205988,0.0214852779432193,2.445614765660034,1.9824751497170352,-4.754117893173574,1.2932972679706665,0.8131156536617044,2.451665750314488,1.8018422909073923,-2.1268177205443592,1.9966432733161048,2.2990958521119467,0.7239672670388952,0.0692868449877006,-0.1916654368706372,0.0,1.9418083709094764,-1.7526445553541803,-2.608718383701941,-0.7505383003367883,0.0,2.5404981786608323,0.7433731811408466,0.2547785162012064,0.8069133270781653,-0.3506559777796274,-0.4140186617389043,2.369002887581441,-1.8312822045870083,1.395786822037193,1.7389572219207947,0.2202305615678177,0.3113881270476506,-1.4761730229723378,-0.2626255443479925,1.0057011541728262,1.832555203336336,-4.918420944464851,2.370155400284097,0.6783329574328271,-1.8407795741573616,0.4281081877199151,-0.0503921107423115,1.0012598504732773,1.2409915184893912,0.0,-0.5395242027998968,-0.8231244545173679,3.3713803986746864,0.0904985928479018,0.0,0.3614778365591682,1.331802474387339,1.5868825389620982,-0.0575570443921404,-1.6410067060135576,-0.6906491617106181,-2.9993996956258684,-4.661566335808329,0.2962430370859328,0.5199688752510896,-0.7005953254717288,-0.2559256918574897,-1.1029088394175484,-0.7509808271721992,4.287625937947651,-1.4634571386470354,0.0,-0.2482659083873466,-0.1781580852852839,-1.078354381237976,-1.1783732037765149,2.289735179376842,-1.0389211307422646,0.2779823415914368,-1.5632675013041022,-0.6470266335502297,-0.4163123314279848,-1.691860436838103,-1.8189723633655224,-4.082411043851499,-0.57907815552864,-2.122011069384839,0.4314718195330687,0.0,0.0,-1.072385128034658,-2.4910929648793623,1.2055588541711135,0.0,-0.0937137027566612,4.953900228655395,-0.5910767996652389,-0.7560840110893821,0.0,0.0848060232407423,-3.464801768958706,0.0,-2.746921258367068,0.7085319089906728,-0.12760141159013,-1.2206525429336683
SID31874,1,1,1,1,1,1,0,1,1,1,1,1,1,1,1,1,1,1,1,1,0,1,1,1,1,1,1,1,1,1,1,1,0,1,1,1,1,1,1,1,1,1,1,1,1,1,1,1,1,1,0,1,1,1,1,0,1,1,1,1,0,1,1,1,1,1,1,1,1,0,1,1,0,1,0,1,0,1,0,0,1,1,1,0,1,1,1,1,0,0,0,0,0,1,0,1,1,0,0,0,0,0,1,1,0,0,0,3.2033443056092814,-2.089810331669444,-0.4973431979334188,-5.021004084085864,1.6078579733050984,1.8863631885970813,0.0,4.243954264907817,1.4566842028403904,1.3351933714289268,1.192137422174218,0.8133780473251917,0.3817509586415006,0.5716541701957609,-2.472097851464903,3.98279128429258,-2.656578070726895,0.8444133087555703,0.1771118496143739,-2.82186563056736,0.0,0.6218807429800106,-0.0012723572328978,2.128107198421524,2.116301763576772,2.0108209411212377,3.3487186512476885,-0.7153093781360016,0.1314899031911656,1.9114017544577693,0.6596685764175108,-5.0560954038971335,0.0,-1.812875459210864,2.8525182265951097,-0.709626556231798,1.5158873935780637,-0.7294823825838228,1.8258840867858608,-0.0309234241099853,1.6501445770147187,4.4037007256568,-4.8993969519910765,0.385432919276538,1.3852070770270022,-2.6979404597482777,2.56067161679862,-1.730609843970675,3.297513164321042,2.854694984021765,0.0,-1.7553104822754353,-5.4438609349058975,-2.7384457814416923,-3.1638982304744694,0.0,2.526974896415089,3.19022600798184,0.2517744067197152,-6.596540444844283,0.0,-1.5892440520135414,1.0912275477193816,-0.0802857336199376,1.7821662404820269,-0.7652691024572542,0.0062735637959889,0.2286933624210765,0.5421281227164247,0.0,-0.0846712991899867,-0.0501137784822252,0.0,-1.943374060587936,0.0,-4.2255181902970085,0.0,-0.9035100112138744,0.0,0.0,-2.7288176983127164,2.1770634261356334,1.5809402660257894,0.0,-0.5525229803403469,-1.2038603168479614,-1.268866561885269,-0.0742638400381934,0.0,0.0,0.0,0.0,0.0,2.3104061813424783,0.0,2.720892691580093,-5.047206456479888,0.0,0.0,0.0,0.0,0.0,0.4381044270955017,-2.045738451339685,0.0,0.0,0.0
SID31876,1,1,1,0,1,1,0,1,1,0,1,1,1,1,0,1,1,1,0,1,0,1,1,1,1,0,1,1,1,1,1,1,1,1,1,1,1,1,0,1,1,1,0,1,1,0,0,0,1,1,0,1,1,1,1,0,1,1,0,0,1,1,0,0,1,1,1,0,1,0,1,1,0,1,0,1,0,1,0,0,1,1,1,1,1,0,1,1,0,0,0,0,1,0,0,1,1,1,0,0,1,0,0,0,0,1,0,1.9248286299344337,-1.8715540018764485,0.900927917621961,0.0,1.4787064283903797,1.4265445775314194,0.0,2.8392889730120414,-0.3583000132952696,0.0,0.1803375880351569,1.2430366102617896,0.1956860059229073,0.6614464111791727,0.0,2.66058808610383,-1.099840279680053,-0.4066053451820934,0.0,0.7638622172544854,0.0,0.0726187631329685,-0.7227692289608207,-1.6282244511875994,-1.8572276494020663,0.0,0.0692167050105634,0.9465353296857398,-0.2435688241402098,-0.078024061114154,0.5792022813790305,0.5079991641327493,-1.4713555704936627,-2.711914397507295,2.3215210196047926,-1.067715938895909,-1.0358503951941984,-0.4506005126879853,0.0,0.5417729622951818,1.1138920195904718,3.2621716824006084,0.0,2.9303280379322763,1.0762767385695613,0.0,0.0,0.0,2.5442556722929224,1.648774225876132,0.0,-1.399085215413795,-1.5944171780455103,2.96834829902986,1.5890842040668351,0.0,0.6690772839947245,1.9341207209265443,0.0,0.0,-1.591543199921319,-1.7730901966696642,0.0,0.0,1.4939660302546411,0.5049179859184372,0.2636421039096669,0.0,-0.3539616116966715,0.0,3.94421196719507,0.0307547006933912,0.0,-2.504110066134412,0.0,-4.351725345912992,0.0,1.4132595925581652,0.0,0.0,-0.0128204475348103,-0.107873195472087,1.6353360977103095,-4.57713904576174,-3.846356761610058,0.0,-0.4734162484952957,-1.1324867750536909,0.0,0.0,0.0,0.0,-3.0806662483706857,0.0,0.0,-0.204280732449261,-2.988947984831908,-0.1205150092114188,0.0,0.0,1.8403217666142484,0.0,0.0,0.0,0.0,-5.060872867819378,0.0
SID31877,1,1,1,1,1,1,0,1,1,1,1,1,1,1,0,1,1,1,1,1,0,1,1,1,1,0,1,1,1,1,1,0,1,1,1,0,0,1,0,1,1,1,1,1,1,1,1,1,1,1,0,1,1,1,1,0,1,1,1,1,0,1,1,1,1,1,1,1,1,1,1,1,0,1,0,0,1,1,0,0,1,1,0,0,1,1,1,0,0,0,0,0,0,1,0,0,1,1,0,0,0,0,0,0,0,0,0,3.9046796075215857,-1.653446474435058,2.616900369426731,1.7914733723701546,1.6833212544995242,-1.3933048689201244,0.0,4.191341514124914,-4.488845080985271,1.2270265587897236,2.7046979153069453,1.5024128332053512,-2.114900772500468,1.457267599105304,0.0,3.9968787652557536,0.4199740668444431,1.1350083159049067,-1.0207874952131069,-3.026010642743047,0.0,2.189387874429012,-5.110248356686377,1.0903856340319842,-0.1860651554488401,0.0,2.2201719775358693,1.7466264981311563,-0.2775136371127702,1.7280743937342402,1.9594556892817787,0.0,-4.371980740845961,0.439336428490622,-1.0451741767643885,0.0,0.0,0.2811389198967691,0.0,-2.314375142248479,0.2469908252597281,-2.820047322892052,-3.196725181205778,2.696992621900903,0.061851465067511,-1.838634128257893,2.016871032820525,-0.8738034511571855,-5.970449621909488,2.6253766127414053,0.0,0.6317681512206613,-0.5861213787054047,1.9742552853486528,3.1683732658537567,0.0,2.3744443481742894,2.568864363392267,-1.4799763295259112,-1.7758484559477363,0.0,-0.5263018071499115,3.085272081962125,-6.645578296966754,2.1248386099920102,-0.4745489656634616,1.0632011521122458,-1.8625608345796296,-4.535365096620165,-3.491622018197869,0.012616117383466,1.441765608322971,0.0,-0.6173858389590965,0.0,0.0,-3.38885632960844,-2.488370723633239,0.0,0.0,0.5668215178597308,1.491650434752136,0.0,0.0,1.6220998666841664,-0.8578048752461669,0.9231145285531168,0.0,0.0,0.0,0.0,0.0,0.0,2.984625410320583,0.0,0.0,-3.4512879475711684,1.9165882600922144,0.0,0.0,0.0,0.0,0.0,0.0,0.0,0.0,0.0
SID31878,1,1,1,1,1,1,1,1,1,1,1,1,1,1,1,1,1,1,1,1,1,0,1,1,1,0,1,1,1,1,1,1,0,1,1,0,1,1,1,1,1,1,0,1,1,0,1,1,0,1,0,1,1,0,1,1,1,1,0,0,0,1,1,1,1,1,1,1,1,1,1,1,0,1,0,1,0,1,1,1,1,0,0,0,1,0,1,1,1,0,0,1,0,1,0,1,1,0,0,1,0,0,0,1,1,0,0,3.986813296171354,-3.227557121105451,-0.3722885286249489,-0.3226426456676927,1.9802583876053743,0.8032522859801977,1.3255548799785886,2.380853480301135,1.5598765768742833,-4.610870854087204,2.285614811472681,1.3917318298613357,1.8014359954747567,1.4599493515432762,-1.514790606698931,2.878794065511887,-0.685054526526722,0.4996815960008118,0.5953138187788971,-3.7652751217705305,-2.516657995087056,0.0,0.4653688611273172,0.1655144665451617,1.294955831201631,0.0,-2.919926104874677,1.3966642636975042,0.538905071398085,-2.3218696695279712,0.2201060006345809,0.2919612020041235,0.0,0.3610346116431215,0.5791495910148515,0.0,-3.725202982427032,-1.8355576719578564,0.5838040967432504,-0.1886891138807709,3.3655923622082904,2.883089151361304,0.0,-2.560110523654086,1.6045702306388796,0.0,1.1572144988656097,-4.5796183105831,0.0,3.178208999192726,0.0,0.7128937763510594,0.3417092656561427,0.0,1.931875530131532,3.2916855555255866,1.4315734461959275,2.176571405813485,0.0,0.0,0.0,0.0461460445528683,1.4992669848388416,0.087225720349936,0.4815638455432216,0.3856708817462793,0.6235850107711158,2.6346709901514966,1.0967139065187357,-2.967875364473782,-3.99183164568098,-0.5041690950530344,0.0,-0.5269641754152079,0.0,1.084263219614956,0.0,3.4132573674197024,-0.9516940617684504,-4.083515928370002,0.2019262958085905,0.0,0.0,0.0,-2.839827127330828,0.0,-1.0382131550626987,-0.6756274768522179,2.6001322204508046,0.0,0.0,-2.633708161527786,0.0,1.6729300958246056,0.0,-0.4229612606908408,0.8205090451877297,0.0,0.0,-4.4948530439553895,0.0,0.0,0.0,-1.8522683738221628,-5.439819575806211,0.0,0.0
SID31881,1,1,1,1,1,1,1,1,1,0,1,1,1,1,1,1,1,1,1,1,0,1,1,1,1,0,1,1,1,1,1,1,1,1,1,1,1,1,1,1,1,1,0,1,1,0,1,1,1,1,0,1,1,1,1,1,1,1,0,1,0,1,1,1,1,1,1,1,1,1,1,1,1,1,0,1,1,1,0,0,1,1,0,0,1,0,1,0,0,0,1,0,1,1,0,1,1,1,1,0,0,0,0,0,0,0,0,1.8432631134807629,-0.7987325530899356,3.131851113861671,-3.128076552995416,3.2225069454969657,2.9776233228121303,-2.462696494475918,2.325604790353842,1.473154790521135,0.0,1.2591265897407906,-1.0808397579791882,2.4646164236148147,2.029129020609644,-0.2706320439332754,1.2546013713101072,-1.1414857621658594,0.576035237713978,0.8065684922878296,-1.911550364311644,0.0,-0.1592942967108215,1.30997048073399,0.1391518508323466,1.4201212338608955,0.0,0.2343334727196224,1.7465001800855795,-3.0249269601926594,-0.0826711130071145,-1.8887809459655889,0.674297208751792,-0.6017120684735731,-2.8412782631906426,3.427030243457236,-2.015428946210922,0.6609999322264016,-1.5093182530340814,0.3740368532148216,-1.522710523676969,0.9688559415027176,2.5684209108316223,0.0,4.102977750764357,2.7476429642331537,0.0,-0.4899661632571097,-4.897127622853659,0.5764484204227235,-0.7103818022542241,0.0,-0.3967999519938099,-2.809944107020208,0.2504873431460361,1.831197252707516,1.1182457089432765,-0.7902539342343833,1.0746495752874354,0.0,-0.2771453989363359,0.0,-1.4651481152115513,1.6582292689570066,1.4057095909518815,1.127911997771344,1.7170491318224426,0.1175065734275717,2.1004825684747246,0.3749681130104624,-2.5415667138818483,-0.8461990903288592,0.1043466660956145,-0.3708997139655519,0.6095930652879527,0.0,-3.33110574011686,-0.1669009743959915,2.5024510782861515,0.0,0.0,-1.4616372865614886,-5.693909693103961,0.0,0.0,-2.090162504872379,0.0,-2.0620872380943247,0.0,0.0,0.0,-2.4487165599183864,0.0,-3.9593086377158535,2.099914077093377,0.0,0.2268980373514706,0.8414650291251367,-0.0593664256915911,-2.1672111593583345,0.0,0.0,0.0,0.0,0.0,0.0,0.0,0.0
SID530050,1,1,1,1,1,1,0,1,1,1,1,1,1,1,0,1,1,1,1,1,0,1,1,1,1,0,1,1,1,1,1,1,1,1,0,0,1,1,0,1,1,1,1,1,1,1,1,1,0,1,1,1,1,0,1,0,1,1,0,1,1,1,1,0,1,1,1,1,1,1,1,0,0,1,1,1,1,1,0,0,1,1,0,1,1,1,1,0,0,0,0,1,1,1,0,1,0,0,0,0,0,0,0,1,1,1,1,3.031685703661992,3.594479974032441,2.427496415802068,1.1888485270045863,3.109525780226127,2.705553839880793,0.0,2.664347931748999,2.330071801909789,2.5067434291658746,1.1420279297099465,-0.3704381421553109,-0.0685763405080173,1.6507225907143876,0.0,3.647733991613881,1.1304607109726916,0.5061812932383483,0.785206773580512,2.7344067422908105,0.0,-1.2082413766227358,0.1885969593925038,2.153291524219856,1.3240616108641885,0.0,3.287889636277749,0.120440643289631,-1.4048058400264751,-1.1508817217960274,0.7663315003336455,-0.8074834253467293,-4.677875919838121,-0.0827560697035298,0.0,0.0,-2.9985260182053053,-0.5555500739722143,0.0,1.925752463931179,0.1777174928309757,1.4854933291753467,-4.24687750972479,-3.1408233262462955,0.531091915168632,-1.361967261854148,0.6097378149554771,0.9153281071266832,0.0,2.603755934086008,0.3486383800189361,0.3904859536091251,-0.4648547238916198,0.0,2.1068834063659025,0.0,2.646457772436314,1.687653511748804,0.0,2.325021029453609,1.2426040877676614,-0.1070830229276416,-1.6808513781740753,0.0,-0.398161291333019,1.059544182780074,-2.0375878208367286,-5.257078841048848,-1.8713856459226568,-0.7402355823219899,1.1676405643833672,0.0,0.0,1.5073211240479871,-7.128881017950439,-4.049267260415746,0.4891489252522341,1.5434680621869836,0.0,0.0,-1.842130287773868,-0.8685350278543935,0.0,0.9576677093268916,-4.507842193837858,-2.3709897449446835,-2.695092448717968,0.0,0.0,0.0,0.0,0.280770132976526,-1.9532964167846991,0.3489777177480639,0.0,0.0976915624141905,0.0,0.0,0.0,0.0,0.0,0.0,0.0,-4.599160352372646,-0.290475817103095,-2.5765843215694155,-1.930660267940688
SID530074,1,1,1,1,1,1,0,1,1,0,1,1,1,1,0,1,1,0,1,1,0,1,0,1,1,0,1,1,1,0,1,0,0,1,1,0,0,1,0,1,1,1,0,1,1,0,1,1,1,0,0,1,1,0,1,0,0,0,0,0,0,1,1,0,1,1,1,0,0,1,0,0,0,1,1,0,0,1,0,1,0,0,1,1,0,0,1,0,0,1,0,0,0,1,0,0,0,0,0,0,0,0,0,0,0,0,0,1.6794706221115758,0.5888330315944494,4.750851749853544,-2.0494085707547587,-3.0753816757828965,6.219639333640804,0.0,0.233928535622073,3.803951193235896,0.0,4.371300037783085,2.5693560059644414,3.932120942186713,4.3856197393531,0.0,0.48005737337775,2.149868333280048,0.0,1.7382515802310936,0.2362533070980235,0.0,-0.6771969254893802,0.0,0.6194513581311445,-0.5532262869356361,0.0,-2.650988557789214,3.328914621859404,2.068105374517192,0.0,-2.3902281429036973,0.0,0.0,1.0542664979400516,-4.854482748139028,0.0,0.0,-2.053985237782171,0.0,-6.052185939451369,-4.548108542675095,-0.4397423738772517,0.0,-2.7289500992589257,-5.566678123669669,0.0,-1.2273783414783557,-0.180772623411217,-0.7724781621525039,0.0,0.0,-3.124331088300464,2.01239157232036,0.0,-0.8913362740636614,0.0,0.0,0.0,0.0,0.0,0.0,-3.1722854814225,-0.1545170945480758,0.0,-2.2235445429622738,0.614532274902031,-4.239807183020578,0.0,0.0,2.99061557128556,0.0,0.0,0.0,2.0692015908230976,0.437303905689447,0.0,0.0,2.2626003279075566,0.0,3.62224215977874,0.0,0.0,5.954460825790436,-1.4077950403099964,0.0,0.0,-3.004691731338789,0.0,0.0,-4.635119919664724,0.0,0.0,0.0,-1.4989671590953773,0.0,0.0,0.0,0.0,0.0,0.0,0.0,0.0,0.0,0.0,0.0,0.0,0.0
SID530154,1,1,1,0,0,0,0,1,0,1,0,0,0,1,0,0,1,0,0,1,0,1,1,1,1,0,0,1,0,0,0,1,1,1,0,0,0,1,0,1,0,0,1,0,0,1,1,1,0,1,0,0,0,0,0,0,0,0,0,0,0,0,1,0,0,1,0,0,0,0,1,0,0,1,1,0,0,0,0,0,1,0,0,1,0,0,0,0,0,0,0,1,1,0,0,0,1,0,0,0,0,0,0,1,0,0,0,0.1564466063267506,2.322585495760124,3.842019221316805,0.0,0.0,0.0,0.0,-1.1163586865406685,0.0,2.76189143784758,0.0,0.0,0.0,2.229829541466133,0.0,0.0,3.967496495939666,0.0,0.0,1.0177666942800674,0.0,2.9913984787572234,2.013123729804346,3.642126054955072,-3.977403720683778,0.0,0.0,0.3093194727075496,0.0,0.0,0.0,-1.954446965334416,2.355516773109472,3.45234584653313,0.0,0.0,0.0,-1.1876120689833118,0.0,-3.144846235799534,0.0,0.0,-6.2047263291772765,0.0,0.0,-0.223438388520855,-1.4711629284207863,3.220065930805509,0.0,1.96757225683576,0.0,0.0,0.0,0.0,0.0,0.0,0.0,0.0,0.0,0.0,0.0,0.0,-0.869715478692765,0.0,0.0,-1.995937632564307,0.0,0.0,0.0,0.0,1.6016036758732357,0.0,0.0,1.1127516481656663,3.1769252070728085,0.0,0.0,0.0,0.0,0.0,-2.246774391860731,0.0,0.0,-1.6646281399329002,0.0,0.0,0.0,0.0,0.0,0.0,0.0,-2.895096141040612,-3.465500510606617,0.0,0.0,0.0,-6.256019623564828,0.0,0.0,0.0,0.0,0.0,0.0,-3.467117325833522,0.0,0.0,0.0
SID530167,1,1,1,1,1,1,1,1,1,1,1,1,0,1,0,1,1,1,0,1,0,0,1,1,1,1,1,1,0,1,0,0,1,0,0,1,1,1,1,1,1,1,0,1,1,1,1,1,0,1,0,1,1,0,1,1,1,1,0,1,0,1,1,1,1,1,1,1,1,1,1,1,0,1,0,0,1,1,0,0,1,1,0,0,0,0,1,1,0,0,0,0,1,1,1,1,1,0,0,0,0,0,0,0,1,1,1,2.096427984731068,1.990186419890059,2.853825255245356,-2.0238570584684488,1.808333209656464,1.5461402066532828,-0.0850826611131667,2.4871743319115867,0.6689851769148065,3.6069795117822094,1.2298213151652182,-1.4253519078233787,0.0,3.347316582998872,0.0,1.9105917785737867,-0.0476530820908638,2.5703631788988,0.0,-0.7489932989223851,0.0,0.0,1.161752531286024,1.3813142143159816,-0.699601501243118,-4.64767277211509,0.5415953666225475,2.4084010869636803,0.0,0.3302232425431458,0.0,0.0,1.3408560975564845,0.0,0.0,0.7532719666901156,1.4842099384955,-0.3178170097701178,0.8643476456924912,-0.2232724063107123,0.4497516520535567,1.2555496944741913,0.0,3.6356697508432494,2.0921092833476096,-2.2352665386237187,0.3616806549889835,-0.5225010962378471,0.0,2.217412400410727,0.0,-0.0579148651218854,-3.7058289658163175,0.0,-5.65633682412026,1.446808369341559,1.8816143843702715,-0.0108899264770225,0.0,-0.9317123593984832,0.0,-0.5197796616921744,0.5554716601119903,0.4105942189345828,0.3310333308870716,1.0994446154668744,-0.7969412774910825,-3.674223626400986,-1.6826018691921547,-4.575808210885446,2.903913796852354,-2.154953582590296,0.0,0.5308006129565407,0.0,0.0,-2.2465740795991818,3.605779521434053,0.0,0.0,-0.9905673170785536,-3.8293624486011386,0.0,0.0,0.0,0.0,-2.1832356386109733,-0.8680389547326897,0.0,0.0,0.0,0.0,-1.5465211611038971,-3.618053354933932,-0.4218986978752861,-0.7745944395114899,-1.934147391124791,0.0,0.0,0.0,0.0,0.0,0.0,0.0,-0.9866281169945976,-1.2360721756920483,-1.779996711297533
SID530177,1,1,1,1,1,1,0,0,1,1,1,1,0,1,0,1,1,0,1,1,0,1,1,0,1,1,0,1,1,1,1,1,1,1,1,0,0,0,1,1,0,1,0,1,1,0,1,1,0,1,1,1,1,0,1,1,1,1,0,1,0,1,1,1,1,1,1,1,1,0,0,0,0,1,1,1,1,1,0,1,0,1,0,0,0,0,1,0,0,0,0,0,0,0,1,0,0,0,0,0,0,0,0,0,0,0,0,2.5910497362498885,-0.0148149237901957,4.738214126533698,-1.957936751001793,-3.768827713826164,1.1703993058706763,0.0,0.0,2.3230663372877167,3.130484739829254,3.8741235370819753,1.2631024062406648,0.0,4.265723914417389,0.0,1.350236232063042,0.7296934151385182,0.0,2.039195444411895,-0.4774156338021904,0.0,2.6235330208542265,-1.6428849706559094,0.0,-0.792150003067523,-0.6243044147007084,0.0,4.8487512556284,2.1872927024247595,-5.368380867027723,-3.4131466410972853,-0.5863685900103017,2.7481781514504706,1.0109911799336866,-3.367787391698355,0.0,0.0,0.0,-2.9267468441664435,1.1932524878068898,0.0,-0.2624353931271415,0.0,4.963348671251751,-0.4326104518956404,0.0,1.071623980056836,-0.6761310003718215,0.0,2.272041756414172,-1.4772299129849236,2.5300180508544914,2.1797172346984377,0.0,-2.248691577791741,-0.2005083265607901,0.7497163310136259,-1.8069622755722785,0.0,-1.590170324165519,0.0,3.0616709836633538,1.3748863318367592,-2.3644852828345706,-2.1587277689282938,0.0452392304327227,-3.549665587811139,-3.365572551368802,-3.187685591642713,0.0,0.0,0.0,0.0,-4.054304713719631,-0.2413964731881113,-1.9732125526829107,-4.834863832059661,3.295702046728196,0.0,3.4942976846715217,0.0,-2.548759965249406,0.0,0.0,0.0,0.0,-2.708465307292054,0.0,0.0,0.0,0.0,0.0,0.0,0.0,-2.502906660753285,0.0,0.0,0.0,0.0,0.0,0.0,0.0,0.0,0.0,0.0,0.0,0.0
SID530227,1,0,1,1,1,1,0,0,1,0,1,1,1,1,0,0,1,0,1,0,0,1,0,1,0,0,1,0,0,0,1,1,0,0,0,0,0,1,0,1,1,0,1,1,1,1,1,1,0,0,0,1,1,0,0,0,0,0,0,1,0,1,0,0,0,1,1,1,0,1,0,0,0,1,1,0,1,1,0,1,1,0,1,1,0,0,1,0,1,0,0,0,1,0,0,0,0,0,0,1,0,1,0,0,0,0,0,2.176238806118139,0.0,7.046786190971362,-2.63233477045076,-3.131474117647296,3.525881548625992,0.0,0.0,1.247851777875901,0.0,0.7401590267101272,-0.3490788652058052,-3.585833129745516,2.193254856807981,0.0,0.0,5.114530930899358,0.0,-0.6700074075574092,0.0,0.0,-1.10365350646344,0.0,-0.6102368723889411,0.0,0.0,-1.5783650876907678,0.0,0.0,0.0,0.7031927478565865,3.2747414734593097,0.0,0.0,0.0,0.0,0.0,1.3602810722551828,0.0,0.3621372634909434,3.373956345559125,0.0,-4.09448247408891,-3.0403219479916346,3.573778914086592,-3.2226435047855886,-0.5874898886508038,-0.4395982791894952,0.0,0.0,0.0,1.4372730976048569,0.5833116641852722,0.0,0.0,0.0,0.0,0.0,0.0,2.828022191589284,0.0,1.5659839564603844,0.0,0.0,0.0,3.328735486954166,0.028787511276183,-4.724450753027323,0.0,1.0933283082327576,0.0,0.0,0.0,-0.3353066505845783,1.6410022757028828,0.0,-2.2093910650686355,5.220518494746029,0.0,-3.6123247451924914,-4.704248045709804,0.0,-5.977213721522691,-0.7611140452566056,0.0,0.0,-4.902698984433643,0.0,1.6762134167990346,0.0,0.0,0.0,-4.083671557984694,0.0,0.0,0.0,0.0,0.0,0.0,1.0025964029822163,0.0,1.2573756593871563,0.0,0.0,0.0,0.0,0.0
SID530295,1,1,1,1,1,1,0,1,1,1,1,1,1,1,1,1,1,1,1,1,0,1,1,1,1,1,1,1,1,1,1,0,0,1,1,1,1,0,1,1,0,1,0,1,1,0,1,0,0,1,0,1,1,1,1,1,1,1,1,0,1,1,1,1,1,1,1,1,1,1,1,0,0,1,1,1,1,1,0,1,1,0,1,0,0,0,1,0,0,0,0,0,1,1,1,1,1,1,0,0,0,0,0,0,0,0,0,3.430264180111208,-1.5866380937857585,3.4719451696863888,-2.007556564907299,2.9148464776715333,-5.507373039815926,0.0,0.8965891209310539,1.9676472683475328,2.8742724418596928,1.268189236212811,1.3283994111394035,-2.2972857209808053,2.0760891561003243,-0.7543217870141719,2.0869767477872383,-4.512964528677819,1.0384255140036092,0.9250142474213248,-2.0819913047865386,0.0,1.5955634631942994,-0.335558254535681,-4.017281885014392,-0.4238358577360033,3.4223643106637733,3.164751776410641,1.8662170346369995,-0.6960783076832195,-2.86275086556726,-0.7217058772350973,0.0,0.0,0.9200504577018034,-4.277184393359097,0.9544612804364324,-1.8216234787109176,0.0,1.9023878305509745,3.143635097769728,0.0,-1.2022527602734796,0.0,4.016507876957882,2.9682556940225613,0.0,1.7614055278359266,0.0,0.0,0.730310510638549,0.0,1.523512066334043,-0.5423454791978031,0.4975166109553599,-0.5187490603709846,0.947530668738041,-1.0316355148833962,-0.2445209469197535,4.714251148114656,0.0,1.3659687030005594,1.0395020369388297,-1.242055798608525,0.8756583977202426,0.7521785480856915,1.0740026500033508,-1.3361156629292166,0.341861678438613,-4.323921871210787,-2.285377087611482,-2.2069172279553024,0.0,0.0,-2.417752050804988,-2.285377087611482,1.082455712800825,-0.5316095955686155,-4.160924587243235,0.0,4.7775142333661815,-1.1743807397436503,0.0,-5.640904432440449,0.0,0.0,0.0,-0.5444191497908186,0.0,0.0,0.0,0.0,0.0,-3.852125591350532,-0.3276984533986613,0.8785062005097641,0.9409970343810836,-1.5376709228011018,-0.2251215409546827,0.0,0.0,0.0,0.0,0.0,0.0,0.0,0.0,0.0
SID530315,1,1,1,0,1,1,1,1,1,0,1,1,1,1,0,1,1,1,1,1,0,1,1,0,1,0,1,1,1,0,0,0,1,1,1,0,0,0,0,1,1,1,0,1,1,0,0,1,1,1,0,1,1,0,1,1,0,1,0,1,1,1,0,1,1,1,1,0,1,0,1,0,0,0,0,1,0,1,0,0,0,0,0,1,0,0,0,0,0,0,1,0,0,1,0,0,1,0,0,0,0,0,0,0,0,0,0,3.668916469240034,1.3965318966733786,4.137635606555083,0.0,5.451554480341057,3.577520665261045,-1.5585055137288788,-4.105932520498213,3.6457347088099503,0.0,3.832382593548591,1.0126084347203672,0.3338683777677471,3.518121895198958,0.0,0.4610443813398588,1.818567626337205,-0.0931401678765526,2.230255458559867,-0.3099601811777139,0.0,-3.31308597971518,2.085649049762108,0.0,-2.226713745941572,0.0,2.241936772758044,3.478072603426756,2.398975189371525,0.0,0.0,0.0,0.3369084713119024,0.0872188707505601,4.626434483549568,0.0,0.0,0.0,0.0,-1.418158176927519,-0.6087734932106463,0.3218715521151916,0.0,-2.511662829537284,-1.04894331400966,0.0,0.0,-3.340214647103432,-3.614651492805193,1.6662285390406142,0.0,1.3071765543186218,-0.6121984333603443,0.0,-2.5226398881684347,-2.458515359998896,0.0,-2.6723852745277767,0.0,-0.4098212148577813,-6.498465850155197,1.0818436698762608,0.0,1.649894758206098,-5.748160255755304,-0.2301497280934108,-3.6212521768365447,0.0,-2.5712645031279857,0.0,4.833773895779206,0.0,0.0,0.0,0.0,1.4851948770514791,0.0,-3.7040580805207775,0.0,0.0,0.0,0.0,0.0,-2.4710155227631274,0.0,0.0,0.0,0.0,0.0,0.0,-3.4101007745675984,0.0,0.0,-2.2964105949303173,0.0,0.0,0.6902578385242579,0.0,0.0,0.0,0.0,0.0,0.0,0.0,0.0,0.0,0.0
SID530368,1,1,1,1,1,1,0,0,1,0,1,1,1,1,0,1,1,1,1,1,0,1,1,1,1,0,1,1,0,0,1,0,1,1,0,0,0,1,0,1,1,0,1,1,1,1,1,1,0,1,0,1,1,0,1,0,1,0,0,0,0,1,1,0,0,1,0,1,0,1,0,0,0,1,1,1,0,1,0,1,1,1,0,0,0,0,1,0,0,0,0,1,0,0,0,0,0,0,0,0,0,0,0,0,0,0,0,1.138110466863436,1.502135226003294,3.3060998590400645,-4.261683462096967,3.919754848972873,4.395097743526325,0.0,0.0,2.6750374379338573,0.0,3.0515520763937034,1.8881194129591097,2.673222603029023,2.4747374070001817,0.0,1.2802705754544983,1.6875005818346809,-2.8425534580894705,1.3025539027348052,0.2936576679877782,0.0,-0.3284105705617191,1.1009415750810767,-0.0047418484286898,-1.4545423583505257,0.0,2.23951236019597,1.1490363289304115,0.0,0.0,-4.151505025825802,0.0,-0.0212154823518118,-0.054619166175029,0.0,0.0,0.0,-2.664249123340781,0.0,-0.2502780013329506,-0.3588502813256033,0.0,-4.750036230010899,-3.463459897149753,2.243828785036927,-1.3540995753196805,0.332603856087776,-0.209009581448321,0.0,1.455260129910915,0.0,-1.946395304846668,2.4555027059632843,0.0,-0.5678447346236799,0.0,0.1319937897968903,0.0,0.0,0.0,0.0,-2.3408414019585946,1.2370437187792591,0.0,0.0,-0.2677139679314118,0.0,-5.354630013229398,0.0,3.9152791891144143,0.0,0.0,0.0,0.6505117591860367,-2.333378680757005,-5.176554747316896,0.0,3.402284488183186,0.0,-3.562870544001344,0.5189667488683628,-1.2066643595682005,0.0,0.0,0.0,0.0,-4.043095727318617,0.0,0.0,0.0,0.0,0.5486282984916749,0.0,0.0,0.0,0.0,0.0,0.0,0.0,0.0,0.0,0.0,0.0,0.0,0.0,0.0,0.0
SID530373,1,1,1,0,0,1,0,1,0,0,1,0,1,1,1,0,1,1,1,1,0,0,1,1,1,0,1,1,1,1,1,0,1,1,0,0,0,1,1,1,1,0,0,1,0,0,1,1,1,1,0,1,1,0,0,1,1,1,1,0,1,1,1,0,0,1,1,1,1,1,1,0,0,1,1,0,0,1,0,0,1,1,0,1,1,0,1,1,1,0,0,1,1,0,0,1,0,0,0,0,0,1,0,1,1,0,0,3.2947191252893413,1.1821615692485647,0.986229826677441,0.0,0.0,3.714645297451258,0.0,-4.010201013898516,0.0,0.0,2.085402204453434,0.0,-5.81358852112169,2.1234415041205854,2.914891541492615,0.0,0.6872005236260158,-0.9000310500622903,0.8683221936718881,-0.4827360331146912,0.0,0.0,0.6618982584034114,0.1517031516822691,-2.819612174269964,0.0,2.9362496068164203,-1.395170746312364,0.7555237457574605,0.462593181095609,-0.6998056845031984,0.0,1.5381213176633468,-0.5176423847717955,0.0,0.0,0.0,-3.714602383368884,-0.6769648312909424,1.511317705761383,2.518010395575629,0.0,0.0,-2.7833700714965293,0.0,0.0,3.765118530181588,-1.6966931333776925,0.0991080902409728,3.868785217035426,0.0,-3.945843144915713,-0.6495045479290054,0.0,0.0,2.181375086568927,0.7335240530095217,1.1692254057982598,3.821043304323789,0.0,0.6186744089032779,-3.842924632913438,2.969041133799009,0.0,0.0,-2.272883488249128,-0.8118818577697355,3.339577957018569,-0.6425066187413611,-1.7986289881541546,-0.1798019270636093,0.0,0.0,-1.181759321704409,-2.7961634229564387,0.0,0.0,3.956586161278053,0.0,0.0,0.9874993457003004,2.0618507791224863,0.0,-3.687029056464784,-3.525137939062549,0.0,-0.8996444770273884,-2.288777183492358,2.4981071397056405,0.0,0.0,-1.9278734673295448,-2.732161526462816,0.0,0.0,3.2101918508526617,0.0,0.0,0.0,0.0,0.0,0.0400748792924594,0.0,-0.9371866203807866,-4.082088243411832,0.0,0.0
SID530394,1,1,1,0,1,0,0,1,1,0,1,1,1,1,0,1,1,1,1,1,1,1,1,1,1,0,1,1,1,1,0,0,1,1,0,1,0,1,0,1,1,1,0,1,0,1,1,0,0,1,0,1,1,1,0,0,1,1,0,1,1,1,1,0,1,1,1,1,0,1,1,0,0,1,0,1,1,1,1,0,1,1,0,0,1,1,1,0,1,0,0,1,1,1,0,1,0,0,0,0,0,0,0,0,0,0,0,3.079412992225868,-1.476819315503391,0.8441123462872551,0.0,1.310370766711442,0.0,0.0,-4.637359563358628,1.3099353783381416,0.0,1.4469727894453652,1.958553000171552,1.120384863869399,0.5073014456092186,0.0,3.280457261267639,-1.905809873078912,-0.5852848024827253,-0.985144093616283,-3.1679502955282306,1.5543005663632683,1.1184775824309403,-0.9516518004103268,-1.0799184557240766,-0.1531900841829074,0.0,3.5504513978352925,-0.212952149700498,1.1393325466848911,0.9981678627903868,0.0,0.0,-0.674643443614964,-0.2518390394304908,0.0,1.3180632124020883,0.0,0.1266645107272894,0.0,-0.3461241676331101,1.9738477907258865,3.200377627427361,0.0,2.1047070619713533,0.0,-5.037837129955753,0.9885934932313118,0.0,0.0,1.3373148144418798,0.0,0.2194768408768743,-0.4566844113855068,-2.439024491738381,0.0,0.0,-0.469971086955244,1.667241573590268,0.0,-0.5949517773679203,0.156942271351967,-0.0696143704612726,3.5029287655467813,0.0,2.7423370496395183,1.0275781274740057,0.967277609025561,-0.6183972891594411,0.0,-2.1018126101130346,-1.7637949237788446,0.0,0.0,-1.2021902621262994,0.0,-6.60347241973146,-0.0117660277296582,2.8422712825087104,-6.703555878288444,0.0,-1.376830089890315,1.361155073361836,0.0,0.0,-0.9528228586788284,1.633817886551458,0.0077362155017828,0.0,0.772797284944944,0.0,0.0,-0.4264178535527134,-5.413888352857624,1.0941029270708822,0.0,0.4082566996328731,0.0,0.0,0.0,0.0,0.0,0.0,0.0,0.0,0.0,0.0,0.0
SID530444,1,1,1,1,1,1,0,1,1,1,1,1,1,1,1,0,1,1,1,1,0,0,1,1,1,0,1,1,1,0,0,0,0,1,1,0,1,0,1,1,0,1,0,1,1,1,1,0,0,1,0,1,1,0,1,0,1,1,0,1,0,1,0,1,0,1,0,1,0,1,1,0,0,1,0,1,1,0,0,0,1,1,1,0,0,0,0,0,0,0,0,0,0,0,1,1,1,0,1,0,0,0,0,1,0,0,0,2.248880022557519,0.8856683306295762,2.9352384217289726,-4.110483497648099,4.758168784252289,3.919110280355656,0.0,-3.030341391042391,4.258621774679665,3.534114940210608,2.3846991213742323,2.13164820948435,3.340792346761602,4.141880826032134,1.3556388028269493,0.0,3.958872370560624,3.202752575593683,2.1587316144107462,-0.9495691771768504,0.0,0.0,-3.3751035534648817,1.1157690569409464,1.2655571466929956,0.0,0.5298266885079361,3.5623510390925475,-0.7018627570285325,0.0,0.0,0.0,0.0,-0.1481402200846617,2.64702328200925,0.0,1.02201075533613,0.0,-5.11914754965327,-1.066147818726228,0.0,-3.248172844871711,0.0,-0.6151649969638102,-1.7664178035333356,-2.560837220726542,-0.6560861437324235,0.0,0.0,2.0103481461725217,0.0,0.5716840396375225,-1.4594533116588857,0.0,-2.9112276832003023,0.0,-0.201445334589974,-4.083402539045428,0.0,-1.0577780125882388,0.0,0.4323522723248341,0.0,-0.3368664915564192,0.0,-0.8765065840681983,0.0,-4.6344672059916014,0.0,-2.0664659641674006,-4.815465135855048,0.0,0.0,1.6239105911789744,0.0,-1.3497292330553212,-4.358442218082034,0.0,0.0,0.0,-2.227581761764498,-3.68816769918808,3.0017384714395687,0.0,0.0,0.0,0.0,0.0,0.0,0.0,0.0,0.0,0.0,0.0,-2.37934865023648,0.2842561014062819,1.9278739902019688,0.0,0.6148546772972361,0.0,0.0,0.0,0.0,-2.0305518799966813,0.0,0.0,0.0
SID531155,1,1,1,1,1,1,0,1,1,0,1,1,1,1,0,1,1,1,1,1,0,1,0,1,1,0,1,1,1,1,1,1,1,1,1,1,1,1,0,1,1,1,1,1,1,1,1,1,0,1,0,1,1,1,1,1,1,1,1,1,0,1,0,0,1,1,1,1,1,1,1,0,0,1,1,1,1,1,1,1,0,0,0,1,1,0,1,0,1,1,0,1,0,1,0,1,1,1,0,0,0,0,0,0,1,0,1,3.7093829450897866,0.1644569837458604,3.6671107797860776,-1.2112398979530623,2.6629398698241937,2.4701414814791933,0.0,1.2475912807109488,3.319219196739092,0.0,2.3792998562033425,-2.9759706947931988,3.862765373069388,2.9189210006757933,0.0,1.1764068986795118,1.995828478851188,1.993781839047713,2.842672029821112,-0.860619202954128,0.0,2.3840001758550264,0.0,1.4642953664380065,1.2452634603865498,0.0,1.6669287080049,2.4913507769684,2.757152111639672,-0.2033819725534171,-1.0845544453239957,-1.9707537537246416,4.0050466629614245,0.7495419932195384,0.3244390330562647,-5.876392788542864,-0.7477051347918291,-0.1843455701050844,0.0,-0.508825007917241,-0.2937512537255098,1.0384283772518144,-0.9507873648433772,4.068156002619638,0.6583535717920679,-2.6235548077748496,-1.6269239945749754,0.3789209339924455,0.0,5.047668931682949,0.0,1.230939612961833,0.6328842806477188,-3.0038558982827337,-0.4429685665184446,-0.4535475074936697,-1.4297388582628905,1.2956479850846576,-1.8665833329571304,-0.8431365014192553,0.0,0.8934318247983072,0.0,0.0,-2.261184339129772,-0.6731356330439455,-1.783943961485663,-4.8565613777278696,-2.663900934284587,0.1219232335142193,0.1054230867537397,0.0,0.0,-0.0735880242308981,-1.9018218783034628,-2.0616819655897163,-0.9748285895009708,0.7061673369093835,-0.9627357313516308,1.9149046107624528,0.0,0.0,0.0,-2.9784738250113167,-2.034499664388745,0.0,-1.099372345628114,0.0,-3.599125503533109,-1.7621713296495267,0.0,-0.4189372006565306,0.0,1.186402385187343,0.0,-2.803068359915736,-0.5075534171980567,-3.145869731588596,0.0,0.0,0.0,0.0,0.0,0.0,-1.9725852560681087,0.0,-3.084112853412902
SID531281,1,1,1,1,1,1,0,1,1,1,1,0,1,1,0,1,1,1,1,1,0,1,1,1,1,1,1,1,1,1,1,1,1,1,1,0,0,1,0,0,1,1,1,1,1,1,1,1,0,1,0,1,1,1,1,1,1,1,0,0,0,1,1,0,1,1,1,1,0,1,1,1,0,1,1,0,1,1,1,0,0,1,0,1,1,1,1,0,0,0,0,0,0,1,0,0,1,1,0,0,0,0,0,0,1,0,0,1.9588073826086791,3.937544976258799,2.029091512632848,1.4635029643667392,2.7913542653948107,4.630764414178847,0.0,-0.4626440685855466,3.5419432970201683,-5.912188590967702,2.6951631936666107,0.0,4.335016625702234,2.5651513394529566,0.0,1.0321501474048471,1.8516457562714408,2.837695474169671,2.6849402789832872,1.0834182916249382,0.0,2.450271142143232,2.43289507078317,3.6172535234661822,2.5174650207433027,-0.7245599193091166,3.917928510021649,2.8264005386195654,1.84218108508012,0.5546996528553549,-3.189749652413392,-2.563047571261599,0.5049698581822271,0.1906617614889287,4.112948907217327,0.0,0.0,-1.8120636658301013,0.0,0.0,-2.7323248053745166,-0.609532822821067,1.3314176136495228,4.727343199606853,-1.8099046149734088,0.9720755273046632,2.2949880024975604,3.615434866714666,0.0,0.4487383561641382,0.0,-4.064076185188515,-1.1236104819734347,1.461240304095199,-2.075076555595098,1.0198774673764346,-2.819171803305668,-2.659121401351221,0.0,0.0,0.0,-4.452562956762262,-2.3420437120368485,0.0,-2.741407519948836,-0.4813185714741648,-3.805935791837209,-3.854725956006641,0.0,0.8818135648203276,-0.8763659321771207,-4.873295537001214,0.0,1.8630507338435427,1.1080409711567587,0.0,-0.8275488497449919,-0.6785256943080182,-3.9850877738698847,0.0,0.0,-3.8273269818185263,0.0,-1.706847252773577,-0.8297046037461193,-3.677044778769188,-4.7301946933605405,0.0,0.0,0.0,0.0,0.0,0.0,-1.7371326483624283,0.0,0.0,-3.636036755041812,-3.367510197879784,0.0,0.0,0.0,0.0,0.0,0.0,0.8578027483019497,0.0,0.0
SID531361,1,1,1,0,1,1,1,1,1,0,1,1,1,1,1,1,1,1,1,1,0,1,0,0,1,0,1,1,1,1,0,1,1,0,0,1,1,1,1,1,1,1,1,1,0,1,0,1,0,1,0,1,1,1,0,0,1,1,1,1,0,1,0,0,0,1,1,1,1,1,1,1,0,1,1,0,1,1,0,1,0,0,0,1,1,1,1,1,1,0,0,1,1,1,0,1,1,0,1,0,0,0,0,0,0,0,0,4.379102809950981,0.0975319201014368,1.0085271407747078,0.0,1.8586189876947423,-3.272757924097642,1.7092591880370085,3.356643618576707,1.9745330842094897,0.0,1.2466649078215288,1.3956931991224977,3.054175509653378,0.6871576723392514,-1.901062362398904,2.32122585936878,0.9316642715376532,0.0493021370057893,0.0437968144104341,-2.1041870468226223,0.0,3.5085752071560936,0.0,0.0,0.3225670544377284,0.0,2.949832721602137,-0.280473616939334,0.5490866391441731,2.00144863521614,0.0,-0.4262068148353015,-0.7966458723131997,0.0,0.0,2.391384425793025,0.7453210073084273,1.647487433072426,0.3402142812719635,0.7470791064101401,2.1542330405811523,-1.5614438200883265,-3.254804120481046,-3.088023820898304,0.0,-2.484629998755294,0.0,-0.2265116452302171,0.0,-3.13741657622788,0.0,-4.165770971102452,-2.447438970429214,4.375121462489691,0.0,0.0,0.7914262056643806,2.0033953333975405,-1.2583381120692492,-1.9261916512008093,0.0,-4.815621345909072,0.0,0.0,0.0,-1.0844294830703936,-0.0763055491873667,1.2892853788547582,-4.718771519919155,-1.629829172337956,0.6304582992746521,-3.4166952378832813,0.0,0.2272568746334036,-1.164302965962249,0.0,-0.5133902743102268,-1.2568891864354184,0.0,-1.351475689932681,0.0,0.0,0.0,-2.172938634679497,0.1521890074892109,-1.4870554085777772,0.2490098020580564,-1.6035482683636242,1.945578628996637,0.0,0.0,-3.163059006841217,-3.882523495718536,2.299795543366588,0.0,1.455623372992116,6.843243990991399,0.0,0.9352279902120856,0.0,0.0,0.0,0.0,0.0,0.0,0.0,0.0
SID531469,1,1,1,1,1,1,0,1,1,0,1,1,1,1,1,1,1,1,1,1,0,1,0,1,1,1,1,1,1,1,1,1,1,0,1,0,1,1,1,1,1,1,0,1,1,1,1,1,1,1,0,1,1,1,1,0,1,1,0,1,1,1,1,0,1,1,1,1,1,1,1,1,0,0,1,0,1,0,0,1,1,0,0,0,1,1,1,0,0,0,0,1,1,1,0,0,1,0,0,0,0,0,0,1,0,0,0,2.173709108893451,1.0216503605876506,2.9717348192376223,-3.373691116903668,-2.678781821350323,-3.5196450295267474,0.0,4.560998571955816,1.4882381817414725,0.0,2.826066516445299,0.7739685040861544,0.9588043383760624,1.8235188752515683,-4.482941803776834,1.695013404804718,2.3425298449921184,-3.725089003741557,1.15784581804097,-2.2190641866808867,0.0,2.4969500631350505,0.0,2.2731632317422683,3.028568225607277,2.3937035240299736,1.628169756684593,1.1801300783533235,1.687082778135268,-3.477680830427716,2.645339700564953,-5.357341593941829,2.469827739388985,0.0,-2.839851925178126,0.0,2.139609612875042,-0.1410828545571731,1.56496120109521,2.6377489512231533,-2.2645524152485703,2.024982199836725,0.0,4.179350376260601,2.3906426636054907,-0.041045786796265,1.6341183187243256,-1.1165683979863794,-3.240159724279146,4.347765373868357,0.0,-1.4590015178791251,-0.144428504851555,-1.051372562473202,2.871184424585865,0.0,-1.666540909649998,1.2605069175664163,0.0,-1.0269456924979097,2.7537439753059787,-1.700376277798735,2.794764077460283,0.0,-2.485661969057816,1.0546450735495472,0.9763023163384053,-4.794069494803296,-1.6390900615155617,0.7477377696948866,0.3365200366059535,-2.1976171177157875,0.0,0.0,0.6243963152405749,0.0,-1.8698097024896088,0.0,0.0,-4.451360231726534,0.4237184276293737,0.0,0.0,0.0,0.0668739394815827,-1.0656535435998382,-1.9118411043843024,0.0,0.0,0.0,0.0,-3.345863234280928,-3.2278896316873307,-2.7377023501836715,0.0,0.0,-1.9455171197053869,0.0,0.0,0.0,0.0,0.0,0.0,-1.2283478963065533,0.0,0.0,0.0
SID531775,1,1,1,1,1,1,0,1,1,0,1,1,1,1,0,1,1,1,1,1,0,1,0,0,0,0,1,0,1,1,1,0,1,0,1,0,1,1,0,1,1,1,1,1,1,1,1,1,1,1,0,1,1,1,1,0,1,1,0,0,1,1,1,0,1,1,0,1,1,1,1,0,0,1,1,0,1,1,0,0,1,1,0,1,0,0,1,0,0,0,0,1,1,1,0,0,1,1,0,0,1,0,1,0,0,0,0,3.6746289652055086,0.6331099687847377,4.184481263175034,-3.4957014111520133,-3.691308804657617,-4.753553449154852,0.0,1.7441503274163517,2.330875024137537,0.0,3.4680862954756098,0.9098719526501682,4.601067368077423,0.1049430288473087,0.0,-1.2769946295548698,2.894862850197057,-5.52080860186852,1.702683433884555,-0.9777184231797924,0.0,-4.15884634140816,0.0,0.0,0.0,0.0,3.3510070439547794,0.0,2.4816024310620217,0.2929200122294357,-3.27357360395764,0.0,-2.296562606825725,0.0,-2.715119931202394,0.0,3.3089187365468065,1.2376878587513989,0.0,3.2377911219725144,-3.1841937602881627,2.425427811933534,-2.034845953578654,-1.4488276357332772,0.8448023700901994,1.623097572635027,-3.555850257842512,3.0311464121099085,-3.405944230346199,-1.8898231261734857,0.0,2.571348442709287,-0.8052329550778969,4.957236400087537,-2.906787350414586,0.0,-0.9842879397245214,-2.824363946886617,0.0,0.0,-0.7131686404329214,2.052277862783717,-2.984368301965336,0.0,0.4791295579488426,2.0160987785881965,0.0,1.4970937956111596,-1.3709808173304028,0.8969287058540305,3.182247943689052,0.0,0.0,-0.536411986702376,2.096402454312761,0.0,2.8735909448065486,-3.5188089861621625,0.0,0.0,0.6208565259953587,0.8536919028341823,0.0,1.9062554477953373,0.0,0.0,0.0716841330586972,0.0,0.0,0.0,0.0,2.78961112196162,-1.961074568435852,1.1497627111764248,0.0,0.0,-1.7489322281836155,-5.464719135217476,0.0,0.0,-5.077603165777508,0.0,0.4790342108854599,0.0,0.0,0.0,0.0
SID532796,1,1,1,1,1,1,0,1,1,0,1,1,1,1,0,1,1,1,1,1,0,1,1,1,1,0,1,1,1,1,1,1,1,0,1,1,0,1,0,1,1,1,0,1,1,1,1,1,1,1,0,1,1,1,1,1,1,1,0,1,1,1,1,0,1,1,1,1,0,1,1,1,0,0,0,1,1,1,0,0,1,1,1,0,1,1,1,1,1,0,1,1,1,1,0,0,0,0,0,0,1,1,0,0,0,0,0,2.915403033305136,-0.7726975308537354,2.237928763168007,1.2911231287861544,0.8178421813601355,0.2644953440109558,0.0,2.1822446470953496,0.2495151814922722,0.0,1.3078773026545158,1.3608386012376712,-0.5594835097769946,1.3391689137701213,0.0,1.911034402558906,-0.9002788028460009,2.414766154672722,-0.5661818977050166,-1.2659780075765732,0.0,-0.7206851329752695,-0.1161812495185954,1.1611716835135528,-1.9409343442893148,0.0,2.5027461493999006,1.0522673187072251,-0.2268200379084965,-1.957045595743228,0.2347714589214107,0.3191121419593924,-1.4593367839321858,0.0,1.2820586207207696,0.6771842362105156,0.0,-0.426687681731426,0.0,1.5261479848809152,1.4182866259179308,-2.3857242408418937,0.0,2.603229944827505,1.2205753426831982,0.0050289002316583,-0.2918540958766027,-1.8716565601633213,2.2770800681181527,0.9753837795049578,0.0,-0.8229968936130763,-3.096125833964184,2.9005815824222383,1.3737414797510028,-0.4626889894893602,-2.863937762193744,1.7227845379163291,0.0,0.9001081708769009,1.854636276662408,-1.1860808878602582,1.6875484052592429,0.0,0.4975024356553175,0.8947792330777771,-0.1592295909696182,-5.475318048430426,0.0,-3.123639531219136,-1.5604964150466452,-1.1028111048642435,0.0,0.0,0.0,-6.454026409873015,0.1793812254947497,1.700994916987266,0.0,0.0,-2.539971571710642,-4.322973827682105,1.8067161832731984,0.0,-0.7002169790202888,-0.9854657861192077,-0.914958693523823,-1.415534161273793,3.535676157442776,0.0,-1.5717382299128937,1.124214424075082,-4.225288566830718,1.754276076884285,0.0,0.0,0.0,0.0,0.0,0.0,0.7309367870954209,0.2338849527527924,0.0,0.0,0.0,0.0,0.0
SID532915,1,1,1,0,1,1,0,1,1,0,1,1,1,1,0,1,1,1,1,1,1,0,1,1,1,0,1,1,1,0,1,1,1,1,1,1,1,1,1,1,1,1,0,1,1,0,1,0,0,1,0,1,1,0,1,1,1,1,1,1,0,1,1,1,1,1,1,1,1,0,1,1,0,0,0,1,1,1,1,1,1,0,1,0,1,0,1,1,1,0,1,0,1,1,1,1,0,1,0,1,1,0,0,0,0,0,0,1.724011962633518,-3.1749188400845005,0.8912180459657622,0.0,2.522813477166375,2.314155730738498,0.0,2.0032558783833254,0.8391823912535852,0.0,0.9289326721132632,1.5709568052680818,1.992455449021246,1.9715749436521688,0.0,3.4658272729233666,-1.6375670261257274,0.745094238638685,1.1853925758862869,-4.296798814071935,2.49052373547305,0.0,0.3742331696792683,-0.9123127973866908,-1.5964998569964244,0.0,-1.5925222023533652,1.307121705890755,-0.55282679477336,0.0,1.2890311190371464,-0.4775975617279224,-0.321774485338798,-0.671780144709073,3.2956926659307326,0.7820757719729718,0.4941239475154737,-0.1292142914990512,-0.8092337025667604,-0.8382390218016884,0.2713380950871222,2.9400285061475326,0.0,3.493171462786104,-2.2665712551735124,0.0,-0.4574680081616422,0.0,0.0,-1.850773951828143,0.0,-0.6152199558739444,-1.1338060451728362,0.0,-4.656707390577733,1.2977130202823564,-0.4151185338919076,1.568243794364569,4.1896870174577945,-0.3853409400518792,0.0,-0.7916826334923697,-1.5508687955181075,0.5343357995720066,1.3007753280040997,0.981142879664766,0.9109878929976372,0.5000650685389734,0.7943136869443185,0.0,0.5751803290496154,-0.1442919478515401,0.0,0.0,0.0,-4.351965195380644,-0.0692642545938919,-4.3024645516076125,1.8052730533299783,0.8687939368215184,-3.0553996042268823,0.0,2.446714549764601,0.0,-4.628761460187174,0.0,-2.472614086370535,-0.8001200636980788,0.8295164478629732,0.0,-0.0973480058039224,0.0,-5.260820948767281,2.3457027191751085,0.5333663156898334,-1.857403810366813,0.0,0.4631029967636257,0.0,-2.691890920709585,0.0300614392932379,0.0,0.0,0.0,0.0,0.0,0.0
MG100180,1,1,1,0,1,0,0,1,1,0,1,1,1,1,1,1,1,1,1,1,0,0,1,0,0,0,1,1,1,0,0,0,0,1,0,0,0,0,0,1,0,1,0,1,0,0,1,0,0,0,0,1,1,0,0,0,0,0,1,1,0,1,1,0,0,1,0,0,0,1,1,0,0,1,0,1,0,1,0,0,0,0,0,0,0,0,0,0,0,0,0,1,0,0,0,0,0,0,0,0,0,0,0,0,0,0,0,0.9737781151542791,1.8296611655825228,2.661429092160104,0.0,3.21585503055723,0.0,0.0,-3.5184430342446484,1.2594942704080447,0.0,3.504475474851068,1.6038576193498817,2.9728422786131805,2.297959361956589,-0.8757709588331397,0.0374297137566191,1.0730931156426768,1.3348951542771577,-0.1477326346537086,1.481515826605902,0.0,0.0,-2.308463325914148,0.0,0.0,0.0,3.032627853918825,0.9065927678373328,-2.17186914375908,0.0,0.0,0.0,0.0,-0.7350295699827827,0.0,0.0,0.0,0.0,0.0,0.714704636221366,0.0,-2.795615788741633,0.0,3.3142434313123763,0.0,0.0,-1.2907461872182318,0.0,0.0,0.0,0.0,-3.217984733980481,-2.613234794817286,0.0,0.0,0.0,0.0,0.0,-3.817703016542505,-3.912220646275624,0.0,-2.414700650045509,1.1764577037602515,0.0,0.0,1.0390315389585725,0.0,0.0,0.0,-1.2717637363059415,0.285390738088897,0.0,0.0,-3.099114150636699,0.0,1.0903722270488958,0.0,1.3880501487786312,0.0,0.0,0.0,0.0,0.0,0.0,0.0,0.0,0.0,0.0,0.0,0.0,0.0,-3.0033648928889862,0.0,0.0,0.0,0.0,0.0,0.0,0.0,0.0,0.0,0.0,0.0,0.0,0.0,0.0,0.0
MG100179,1,1,1,1,1,0,0,1,1,0,1,1,1,1,1,1,1,1,1,1,0,0,1,1,1,0,0,1,1,0,1,1,0,1,0,0,1,0,1,1,0,1,0,0,0,0,1,0,0,1,0,1,1,0,1,1,1,1,1,0,1,1,0,0,0,1,0,1,0,1,1,0,0,0,0,1,0,1,0,0,0,0,0,0,0,0,0,0,0,1,0,0,0,1,0,1,1,0,0,0,0,0,0,0,0,0,0,1.5628786147821352,1.0960276609651654,3.1168076214993152,-0.5836173155926127,2.7251202437043665,0.0,0.0,-3.60559517391959,1.7781006171389069,0.0,2.910030910689116,1.9168610004222195,2.5827352415683573,3.620039020508018,-1.1701054777256137,0.8246651728477108,0.3185713023286554,0.5106959720874693,1.0123394185074606,-0.7656078835544188,0.0,0.0,1.8416437858143149,-4.749393255209456,-1.4185229680473883,0.0,0.0,0.6735341601877681,-0.7768899521045923,0.0,-1.671528152116942,-2.861515851690507,0.0,0.2586074603193388,0.0,0.0,-1.612045685338467,0.0,-2.0718480816565683,-2.538046642649681,0.0,-1.2609178654402395,0.0,0.0,0.0,0.0,-1.0183487089348406,0.0,0.0,2.8638079306608333,0.0,1.3594749963586688,-0.505059039186324,0.0,-1.8364630484166025,1.0321565198306568,-0.5184220954555298,0.052680539671543,2.0116392442185904,0.0,-2.666956204549821,1.412460833376831,0.0,0.0,0.0,0.8110216735775279,0.0,-0.0270209430009407,0.0,-1.5283863693323003,-2.3160138453007733,0.0,0.0,0.0,0.0,2.396250729015092,0.0,2.7974288718652884,0.0,0.0,0.0,0.0,0.0,0.0,0.0,0.0,0.0,0.0,0.0,-4.64083784865511,0.0,0.0,0.0,2.4286903878769968,0.0,-3.049749074889206,-0.7213784470548227,0.0,0.0,0.0,0.0,0.0,0.0,0.0,0.0,0.0,0.0
MG100178,1,1,1,0,1,1,0,0,1,0,1,1,1,1,1,1,1,1,1,1,1,0,1,1,1,0,1,1,1,0,0,0,1,0,0,0,0,0,1,1,1,0,0,1,1,0,1,0,0,1,0,1,1,0,0,1,1,1,0,1,1,1,1,1,0,1,0,1,0,1,0,0,0,1,0,0,0,1,0,0,0,0,0,0,1,1,0,0,1,0,0,0,0,0,0,0,0,0,0,0,0,0,0,0,0,0,0,0.9794781475059932,-0.7716580428920172,1.2296969325018918,0.0,4.1474672932388135,2.856514979776445,0.0,0.0,2.039666424542446,0.0,0.5018808432803696,1.7341738711818668,0.2479741902178887,1.9687736092418988,-3.259262375836929,-1.5734298982349444,1.8019226131056,0.7072488148752869,1.391120883702187,-2.016421778777821,1.3876952100772546,0.0,1.2142723909853268,0.7479039898105359,0.0414104392105474,0.0,2.375168928113687,0.4392342928240803,-2.83541476848276,0.0,0.0,0.0,-0.4172017938872059,0.0,0.0,0.0,0.0,0.0,-2.203768293949425,1.8186752007853768,-0.5583322637389974,0.0,0.0,3.3764794826503435,-0.7461140621438087,0.0,-1.685942959771144,0.0,0.0,-2.1456761125261004,0.0,-0.1617631918600148,1.3065373610173665,0.0,0.0,-1.841362675301708,0.2784918883916388,0.0906953609454545,0.0,1.1440049593631705,-2.2897352844211483,0.5015678542324311,-2.7255806872878683,0.0725925756525517,0.0,0.0895358907363275,0.0,-0.772064774302373,0.0,-1.0595943030882338,0.0,0.0,0.0,-3.207999662956744,0.0,0.0,0.0,-1.2387887632977523,0.0,0.0,0.0,0.0,0.0,0.0,-5.443724701559297,-0.4405446651957665,0.0,0.0,2.9041966315452825,0.0,0.0,0.0,0.0,0.0,0.0,0.0,0.0,0.0,0.0,0.0,0.0,0.0,0.0,0.0,0.0,0.0,0.0
MG100174,1,1,1,1,1,0,0,1,1,0,1,1,1,1,0,1,1,1,1,0,0,0,1,0,0,0,0,1,1,0,0,0,0,1,0,0,1,0,1,0,1,0,0,1,0,0,0,0,1,0,0,0,1,0,0,1,1,0,1,0,0,0,1,1,1,1,0,0,0,0,1,0,0,0,0,0,0,1,0,0,0,0,0,0,0,0,1,0,0,0,0,0,0,0,0,0,0,1,0,0,0,0,0,0,0,0,0,0.9927506496746984,-0.5973775144968732,2.0720733639353948,-0.7345023918416389,2.689492633948019,0.0,0.0,-1.0951538226244075,-0.1366101721535562,0.0,1.2763997721189284,-3.674956457514941,1.6731840718596669,0.397800927849818,0.0,0.5070936851262663,-0.7595348803805619,-2.383891893578053,0.4737260627214503,0.0,0.0,0.0,0.1797303236754206,0.0,0.0,0.0,0.0,0.4497374454922214,-1.266448306155261,0.0,0.0,0.0,0.0,-2.480839133235186,0.0,0.0,-0.8476238095297275,0.0,-0.9958307475462772,0.0,-2.2169398341152,0.0,0.0,4.071907060033769,0.0,0.0,0.0,0.0,-0.4535115882022971,0.0,0.0,0.0,-2.680157709721226,0.0,0.0,0.9844704731602896,-0.8671239711577348,0.0,2.7906580546254243,0.0,0.0,0.0,1.835492279757564,0.1262247997671697,-1.3073305579741994,1.009642842049609,0.0,0.0,0.0,0.0,0.1381873056111817,0.0,0.0,0.0,0.0,0.0,0.0,5.566274517627432,0.0,0.0,0.0,0.0,0.0,0.0,0.0,0.0,-3.19814326860931,0.0,0.0,0.0,0.0,0.0,0.0,0.0,0.0,0.0,0.0,-1.5388702101978649,0.0,0.0,0.0,0.0,0.0,0.0,0.0,0.0,0.0
MG100171,1,0,1,0,1,0,0,1,1,0,1,1,1,1,0,1,1,1,1,0,0,0,1,0,0,1,1,1,1,1,0,1,1,1,0,0,0,0,0,1,1,1,0,1,1,0,0,0,1,0,0,1,1,0,0,1,1,1,0,1,0,1,0,0,1,1,0,1,1,1,0,0,0,0,0,0,0,1,0,0,1,1,0,0,0,1,1,0,0,1,0,0,0,1,0,1,0,0,0,0,0,0,0,0,0,0,0,1.91631453735244,0.0,2.277102073820024,0.0,1.9705308566293152,0.0,0.0,0.5971217126905661,1.419083040790501,0.0,2.0743018416743384,0.8758357459981951,0.1833242484657304,1.1773014619187805,0.0,0.8309495281459316,0.9459019805331682,-2.31670051940902,0.4770076940745178,0.0,0.0,0.0,0.9136192504333968,0.0,0.0,-0.1808684811233869,3.573233682498685,0.1811329702863007,-0.131592057405159,-1.655010716438287,0.0,-1.7062339312855304,1.310097607246526,-1.1110517010247964,0.0,0.0,0.0,0.0,0.0,-1.5874391830248544,0.0052654379057421,0.0982911749170605,0.0,4.019760505407628,0.6037055050401343,0.0,0.0,0.0,3.173255083629824,0.0,0.0,-0.3824712299664623,-2.4386859210364813,0.0,0.0,0.1666637228418164,5.30522646450513,-0.3918398576060971,0.0,-0.363200201087031,0.0,-0.4666045173739539,0.0,0.0,-1.2794299554923418,-0.720162660329221,0.0,-3.230843022744885,-1.8301675882120736,-2.989834257872806,0.0,0.0,0.0,0.0,0.0,0.0,0.0,3.220388183636751,0.0,0.0,-1.0404370614555674,-2.1071543715471064,0.0,0.0,0.0,-4.176531625604706,-3.833765111712105,0.0,0.0,-1.041157522581832,0.0,0.0,0.0,-1.5161948205285756,0.0,-0.8180379955802277,0.0,0.0,0.0,0.0,0.0,0.0,0.0,0.0,0.0,0.0,0.0
MG100170,1,1,1,0,1,1,0,0,1,0,1,1,1,1,0,1,1,1,1,1,0,0,1,1,1,0,1,1,1,0,1,1,0,0,1,0,0,0,0,1,0,1,0,1,0,0,0,0,0,1,0,1,0,0,0,1,0,0,0,0,1,1,1,1,1,1,1,0,0,0,0,0,0,1,0,1,0,0,0,0,0,0,0,0,0,0,0,0,1,0,0,0,0,1,0,0,0,1,0,1,0,0,0,0,0,0,0,2.577955294281114,-0.9922127133023372,1.6053151977384164,0.0,2.034435502936826,1.0428918525184507,0.0,0.0,1.4844864639515858,0.0,2.279906252765717,-0.0315918269016808,2.166548600083729,2.108743593118332,0.0,1.9112471892340648,-0.8950064163709284,-2.3406860525896023,0.6959512147865208,-1.257965829558499,0.0,0.0,0.3205631550731128,-0.1369388681037065,-2.149982471765042,0.0,3.097080089524592,0.4135401096281138,-0.2155032959785595,0.0,-0.3268211049888448,-0.3040297017103447,0.0,0.0,1.9622216605377527,0.0,0.0,0.0,0.0,-2.0236481428144133,0.0,-1.7835582081474184,0.0,3.0528520232305825,0.0,0.0,0.0,0.0,0.0,1.3590021848074434,0.0,-1.2636662129271523,0.0,0.0,0.0,0.395536438242917,0.0,0.0,0.0,0.0,-1.3198896103361943,-0.0826553712052555,-1.351499993366183,-2.2108041247169745,-1.17428868760905,-0.6328633786064024,-3.086460471789608,0.0,0.0,0.0,0.0,0.0,0.0,-2.747830935086788,0.0,1.393136280160472,0.0,0.0,0.0,0.0,0.0,0.0,0.0,0.0,0.0,0.0,0.0,0.0,0.0221322664591144,0.0,0.0,0.0,0.0,0.6235986969365253,0.0,0.0,0.0,-1.9954896129748496,0.0,-2.2237510351655483,0.0,0.0,0.0,0.0,0.0,0.0,0.0
MG100168,1,1,1,0,0,0,0,0,0,0,0,0,0,0,0,0,1,0,0,1,0,0,0,0,0,0,0,0,0,0,1,0,0,0,1,0,0,0,0,0,0,0,0,0,0,1,0,1,0,0,0,0,1,0,0,0,0,0,0,0,0,0,0,0,0,0,0,0,0,1,1,0,0,1,1,0,0,0,0,0,0,0,0,1,0,0,0,0,0,0,0,1,1,1,0,0,0,0,0,0,0,0,0,0,0,0,0,-0.407415570305581,-1.3115075269851826,3.2924597437593297,0.0,0.0,0.0,0.0,0.0,0.0,0.0,0.0,0.0,0.0,0.0,0.0,0.0,3.852665012042712,0.0,0.0,-0.1316851828915299,0.0,0.0,0.0,0.0,0.0,0.0,0.0,0.0,0.0,0.0,-1.9804049431722883,0.0,0.0,0.0,5.17980036450228,0.0,0.0,0.0,0.0,0.0,0.0,0.0,0.0,0.0,0.0,-3.553085271871205,0.0,3.2978734409825305,0.0,0.0,0.0,0.0,-1.6259164751944268,0.0,0.0,0.0,0.0,0.0,0.0,0.0,0.0,0.0,0.0,0.0,0.0,0.0,0.0,0.0,0.0,0.765276072890653,2.7218385613415323,0.0,0.0,-2.60279274271956,0.9424546443897502,0.0,0.0,0.0,0.0,0.0,0.0,0.0,0.0,0.834377686998237,0.0,0.0,0.0,0.0,0.0,0.0,0.0,-4.492190681511532,-4.077609739995357,-0.7041373922603655,0.0,0.0,0.0,0.0,0.0,0.0,0.0,0.0,0.0,0.0,0.0,0.0,0.0
MG100167,1,1,1,0,1,1,0,1,1,0,1,1,1,1,0,1,1,1,1,1,1,0,1,1,1,0,1,1,1,0,1,1,1,1,0,0,0,0,1,1,0,1,0,0,1,0,1,0,0,1,0,1,1,0,0,0,0,1,1,0,0,1,0,1,1,1,1,0,0,0,0,0,0,1,0,0,0,0,0,0,0,0,0,0,0,0,0,0,0,1,0,0,0,0,0,0,0,0,0,0,0,0,0,0,0,0,0,2.9240547546722344,0.2740385142101621,2.7546320993476097,0.0,2.907220009387008,1.9796505947292056,0.0,-1.688749833398663,1.9427283206900428,0.0,1.5958875406271225,1.76811310647241,2.6754377505483404,1.7769216285584353,0.0,1.7206440959069875,1.4410174489957328,-1.0915540638288488,0.8595305591130784,-0.7208807482542329,2.13771020521849,0.0,0.8366488299881035,-0.9922015934428996,-0.8192609263764271,0.0,3.092988284205727,0.6801205060678955,-1.470963983543248,0.0,-2.5508601033376985,-1.5075346202521729,1.132958797045731,-1.8784140427696057,0.0,0.0,0.0,0.0,-1.3886385999380946,0.0615019272100886,0.0,0.3527755051898903,0.0,0.0,-1.0401990947260615,0.0,-0.0496504136631371,0.0,0.0,0.4134603783640529,0.0,-2.6949413392137616,-1.015798041494381,0.0,0.0,0.0,0.0,-1.0391684565761792,-0.5225163225876189,0.0,0.0,-5.052465920883331,0.0,-0.2237377616936234,-3.111006817752277,-0.7060731754646964,-0.5600235644827704,0.0,0.0,0.0,0.0,0.0,0.0,-1.5408431515028385,0.0,0.0,0.0,0.0,0.0,0.0,0.0,0.0,0.0,0.0,0.0,0.0,0.0,0.0,0.0,-1.6625582813657762,0.0,0.0,0.0,0.0,0.0,0.0,0.0,0.0,0.0,0.0,0.0,0.0,0.0,0.0,0.0,0.0,0.0
MG100166,1,1,1,0,0,0,0,1,1,0,1,1,1,1,0,1,1,1,1,1,0,0,0,0,0,0,1,1,1,1,0,0,0,1,0,0,0,1,0,1,1,1,0,0,1,0,0,0,0,1,0,1,1,0,1,0,1,0,0,1,1,1,1,0,0,1,0,0,0,1,1,0,0,0,0,0,0,1,0,0,0,0,0,0,0,0,0,0,0,0,0,0,0,1,0,0,0,0,0,0,0,1,0,0,0,0,0,1.3671433799541104,-0.7132036659593842,1.8095725200794943,0.0,0.0,0.0,0.0,-0.8858914354015935,1.083906846311964,0.0,3.846306013997753,2.0607349277626144,2.248451882265041,1.86283616774835,0.0,0.8048106415839887,1.291396690410985,-0.2512562133413181,-0.5210251076462408,-1.8504725717038808,0.0,0.0,0.0,0.0,0.0,0.0,1.2882361094465462,1.5687415138912455,-0.6068309799183008,-1.455079539820272,0.0,0.0,0.0,-3.2319360055541058,0.0,0.0,0.0,-0.6268692576325413,0.0,0.8059727732340563,0.7336772526253438,-1.408553347895538,0.0,0.0,0.8254209573620144,0.0,0.0,0.0,0.0,-2.8854736758578063,0.0,0.2400055021866471,0.8798591537620228,0.0,-0.8941931221703051,0.0,0.5934873672407889,0.0,0.0,-2.7293368980589188,-3.7248507027535664,0.9349533455528684,-3.6386066593176185,0.0,0.0,0.6138527982413302,0.0,0.0,0.0,0.9053103146908932,0.2428452101604279,0.0,0.0,0.0,0.0,0.0,0.0,3.434157931711706,0.0,0.0,0.0,0.0,0.0,0.0,0.0,0.0,0.0,0.0,0.0,0.0,0.0,0.0,0.0,-1.2159626076016448,0.0,0.0,0.0,0.0,0.0,0.0,0.0,-2.802137509587157,0.0,0.0,0.0,0.0,0.0
MG100165,1,1,1,1,0,1,0,1,0,0,1,1,1,1,0,1,1,1,0,1,0,1,0,0,1,0,1,0,1,0,1,1,1,1,0,0,0,1,0,1,0,0,0,1,0,0,0,0,1,0,0,1,1,0,1,0,1,0,0,0,0,1,0,0,0,1,1,1,1,1,0,0,0,0,0,0,0,0,0,1,0,0,1,0,1,1,1,0,0,1,0,1,0,1,0,1,1,0,0,0,0,1,0,0,0,0,0,2.9395341626965883,-0.4212536618134217,-0.5947340449221163,2.6419990976736107,0.0,-4.12920236862782,0.0,3.7786487686142047,0.0,0.0,-0.7761703463662541,0.1511461979590342,2.8607457773052127,-1.265472045646453,0.0,3.205446016471339,0.4632760088746818,-2.0274119867220524,0.0,-1.3341283898192182,0.0,2.0898023006967748,0.0,0.0,-1.3448251456793925,0.0,1.6798714228634533,0.0,-2.0519954647494,0.0,1.0796126964772517,2.06302317019016,-2.0020873574786267,-1.5106015790426697,0.0,0.0,0.0,-1.603116645222751,0.0,2.668835197631404,0.0,0.0,0.0,1.882130454881897,0.0,0.0,0.0,0.0,-1.174361846491325,0.0,0.0,-2.7143031969262656,-2.5405139602076288,0.0,2.946891369031769,0.0,-2.159969384918744,0.0,0.0,0.0,0.0,-1.341521632695718,0.0,0.0,0.0,0.234635291468902,1.4190830341108285,-0.7911159561120498,-0.5880489640464706,-1.377619564312383,0.0,0.0,0.0,0.0,0.0,0.0,0.0,0.0,0.0,-2.4516052654553446,0.0,0.0,-1.9245648589024744,0.0,0.180667514023602,1.500007282258143,-0.5722611890700577,0.0,0.0,2.06477928110766,0.0,1.1491058760912232,0.0,2.7055236830691496,0.0,-3.149769178944889,4.858432135254734,0.0,0.0,0.0,0.0,-4.716542704578098,0.0,0.0,0.0,0.0,0.0
MG100164,1,1,1,0,1,0,0,1,1,0,1,0,1,1,0,1,1,0,1,0,0,0,1,0,0,0,0,1,0,0,0,0,0,0,0,0,0,0,0,0,0,0,0,1,0,0,0,0,1,0,0,0,0,0,0,1,0,0,1,0,0,0,1,1,0,1,0,0,0,0,0,0,0,0,0,0,0,1,0,0,0,0,0,0,0,0,0,0,0,0,0,0,0,0,0,0,0,1,0,0,0,0,0,0,0,0,0,-0.6236409796700685,-3.520897933358338,1.841225680317568,0.0,2.129484962585159,0.0,0.0,-1.866489912605192,-1.1573475610756483,0.0,0.3742197766707666,0.0,0.8969878047875444,-0.2143919564849509,0.0,-0.479747769018679,-1.6713571766149924,0.0,-0.648575655581156,0.0,0.0,0.0,-0.8296837251845085,0.0,0.0,0.0,0.0,-0.1633718125776974,0.0,0.0,0.0,0.0,0.0,0.0,0.0,0.0,0.0,0.0,0.0,0.0,0.0,0.0,0.0,3.6884127118064898,0.0,0.0,0.0,0.0,-1.7372633751939293,0.0,0.0,0.0,0.0,0.0,0.0,-0.1762378537260592,0.0,0.0,2.214514159552791,0.0,0.0,0.0,0.2975442308501581,-0.9541156348232716,0.0,0.1357381130726764,0.0,0.0,0.0,0.0,0.0,0.0,0.0,0.0,0.0,0.0,0.0,5.149359926143972,0.0,0.0,0.0,0.0,0.0,0.0,0.0,0.0,0.0,0.0,0.0,0.0,0.0,0.0,0.0,0.0,0.0,0.0,0.0,-2.684366019872633,0.0,0.0,0.0,0.0,0.0,0.0,0.0,0.0,0.0
MG100163,1,0,1,0,1,1,0,0,1,0,1,0,1,1,0,0,1,0,0,0,0,0,0,0,0,0,1,0,0,0,0,0,1,0,0,0,0,0,0,0,0,0,0,0,0,0,0,0,0,0,0,0,0,0,0,0,0,0,0,0,0,0,0,0,0,0,0,0,0,0,1,0,0,0,0,0,0,0,0,1,0,0,0,0,0,0,0,0,0,0,0,0,0,0,0,0,0,0,0,0,0,0,0,0,0,0,0,-2.8523207339952954,0.0,1.5572624635719872,0.0,-2.1869252426273658,1.8582834830019808,0.0,0.0,0.1509137388314783,0.0,-1.199680191291558,0.0,-1.6498454783176293,-0.0228226983641781,0.0,0.0,0.9537526655161236,0.0,0.0,0.0,0.0,0.0,0.0,0.0,0.0,0.0,0.7580138321944214,0.0,0.0,0.0,0.0,0.0,1.2023580137779506,0.0,0.0,0.0,0.0,0.0,0.0,0.0,0.0,0.0,0.0,0.0,0.0,0.0,0.0,0.0,0.0,0.0,0.0,0.0,0.0,0.0,0.0,0.0,0.0,0.0,0.0,0.0,0.0,0.0,0.0,0.0,0.0,0.0,0.0,0.0,0.0,0.0,0.1127174145727478,0.0,0.0,0.0,0.0,0.0,0.0,0.0,0.0,1.3182927331293364,0.0,0.0,0.0,0.0,0.0,0.0,0.0,0.0,0.0,0.0,0.0,0.0,0.0,0.0,0.0,0.0,0.0,0.0,0.0,0.0,0.0,0.0,0.0,0.0,0.0,0.0,0.0
MG100161,1,1,1,0,1,1,0,0,0,0,1,1,0,1,0,1,1,1,0,1,0,0,0,0,1,0,1,1,0,0,1,0,0,0,0,0,0,1,0,1,0,1,0,0,1,0,0,1,0,0,0,1,1,0,1,1,0,0,0,0,0,1,0,0,0,1,0,0,0,1,1,0,0,0,0,0,0,0,0,1,0,1,0,0,0,1,0,0,0,0,0,1,1,1,0,0,0,0,0,0,1,1,0,0,0,0,0,1.6785096249032136,-0.3159945469360364,0.0714856003586355,0.0,3.904173667839969,2.741458548431711,0.0,0.0,0.0,0.0,1.6477190336098486,3.0652639898454823,0.0,1.7443046754587668,0.0,-4.653634292206833,-0.2191410186342102,-2.451510746101523,0.0,-1.404288210191214,0.0,0.0,0.0,0.0,0.3148224502561322,0.0,2.2605953785440565,1.4299711788394909,0.0,0.0,-1.876681258457213,0.0,0.0,0.0,0.0,0.0,0.0,-1.4358640506463811,0.0,-0.6355107135393251,0.0,-2.511944488152542,0.0,0.0,-0.912594056361244,0.0,0.0,-0.2955805706056257,0.0,0.0,0.0,-1.1007623271277809,-0.2760835896069276,0.0,-1.1288457966445944,-1.612449875854124,0.0,0.0,0.0,0.0,0.0,-0.8960812318075219,0.0,0.0,0.0,1.797057216345212,0.0,0.0,0.0,0.7012217954951107,2.17311265035587,0.0,0.0,0.0,0.0,0.0,0.0,0.0,0.0,2.3592870083822675,0.0,2.1779655878731314,0.0,0.0,0.0,-1.753893830347084,0.0,0.0,0.0,0.0,0.0,-2.231426236634396,-1.6592841888797931,-0.2484209170032872,0.0,0.0,0.0,0.0,0.0,0.0,0.6265922407583226,-1.073548701559564,0.0,0.0,0.0,0.0,0.0
MG100157,1,1,1,1,1,1,0,1,1,1,1,1,0,0,0,1,1,0,1,1,0,0,0,0,1,0,0,1,1,0,0,0,1,1,0,0,1,1,0,1,0,1,0,1,0,0,1,0,0,1,0,0,1,0,0,0,1,0,0,0,0,0,0,0,0,1,0,0,0,1,0,0,0,0,0,0,0,0,1,1,0,0,0,0,0,0,0,0,0,0,0,0,0,0,0,0,0,0,0,0,0,0,0,0,0,0,0,1.0212825344696828,1.432219995796412,3.12027361061001,-0.8491350365086444,3.6653422182862574,3.377650963966463,0.0,-2.375631688515197,1.646287406828351,2.3473176739804904,-1.251115656465302,1.238472755929771,0.0,0.0,0.0,-0.634378761524473,2.2587122481422823,0.0,1.095975152052615,-1.0947782450632264,0.0,0.0,0.0,0.0,-4.4853385047948295,0.0,0.0,-3.187575442789766,-0.2526857906924568,0.0,0.0,0.0,1.3431507402670413,-0.3673690942826427,0.0,0.0,-3.575272356101998,-5.102674425444682,0.0,-1.8741111624207911,0.0,-1.431539982458463,0.0,2.067867084784728,0.0,0.0,-1.0710215166328028,0.0,0.0,-0.0663541341491794,0.0,0.0,0.9364734788575416,0.0,0.0,0.0,0.8521422022307832,0.0,0.0,0.0,0.0,0.0,0.0,0.0,0.0,0.2839900774864556,0.0,0.0,0.0,0.6760869020469806,0.0,0.0,0.0,0.0,0.0,0.0,0.0,0.0,-4.353598692225511,4.609335444334094,0.0,0.0,0.0,0.0,0.0,0.0,0.0,0.0,0.0,0.0,0.0,0.0,0.0,0.0,0.0,0.0,0.0,0.0,0.0,0.0,0.0,0.0,0.0,0.0,0.0,0.0,0.0
MG100156,1,1,1,0,0,1,0,0,1,1,1,1,1,1,1,1,1,1,1,0,0,1,1,1,0,0,1,1,0,0,0,0,0,1,0,0,1,0,0,1,0,0,0,0,0,0,0,0,0,0,0,1,1,0,0,0,0,0,0,0,0,1,1,0,0,1,0,0,0,1,0,0,0,1,0,0,0,1,0,0,0,0,0,0,0,0,0,0,0,0,0,0,0,0,0,0,0,0,0,0,0,0,0,0,0,0,0,0.7817016512041169,-1.3567157153331229,2.143682930836187,0.0,0.0,2.7488284620836216,0.0,0.0,2.194476236985465,1.9111484287360605,2.521791959736371,2.181530596868577,2.2902701147542266,1.5160022652197285,1.519789237626335,-4.853926788177912,-0.0720060904453216,-0.7099250598246654,-0.021414228009699,0.0,0.0,-0.1048810132045007,0.9409094285380016,-2.834117788866793,0.0,0.0,-4.291971817889317,1.2222511309520916,0.0,0.0,0.0,0.0,0.0,-1.9033948185835103,0.0,0.0,-3.224204204572306,0.0,0.0,-0.1512382313357505,0.0,0.0,0.0,0.0,0.0,0.0,0.0,0.0,0.0,0.0,0.0,-0.4108738123233375,-1.1274436274352588,0.0,0.0,0.0,0.0,0.0,0.0,0.0,0.0,0.7749466369273015,-1.4870078899712496,0.0,0.0,-1.6958224538343245,0.0,0.0,0.0,0.8857123687486298,0.0,0.0,0.0,-1.0738439362123045,0.0,0.0,0.0,1.6857460268026592,0.0,0.0,0.0,0.0,0.0,0.0,0.0,0.0,0.0,0.0,0.0,0.0,0.0,0.0,0.0,0.0,0.0,0.0,0.0,0.0,0.0,0.0,0.0,0.0,0.0,0.0,0.0,0.0,0.0
MG100154,1,1,1,0,0,0,0,0,1,1,1,1,0,1,0,0,1,1,1,1,0,0,1,1,1,0,1,1,1,0,0,0,0,0,0,0,0,1,0,1,0,0,0,1,0,1,1,1,0,1,0,0,1,0,0,0,0,0,0,0,0,0,0,0,0,1,0,0,0,1,0,0,0,1,0,0,1,1,0,0,0,0,0,0,0,0,0,0,0,0,0,0,0,0,0,0,0,0,0,0,0,0,0,0,0,0,0,3.788729298115301,-1.175838506578902,0.296123213475686,0.0,0.0,0.0,0.0,0.0,0.9221092229857232,0.6566167470537277,2.109458545439272,-0.7750853859025456,0.0,0.6480704957743878,0.0,0.0,-1.8460998452781043,-1.2886305966079892,-0.3439066220064918,1.9335282041005328,0.0,0.0,-0.1696604419581322,-0.087017921693589,-0.021797468880248,0.0,2.32702000312408,-0.4521627477698164,-3.1351809223406213,0.0,0.0,0.0,0.0,0.0,0.0,0.0,0.0,-4.852139178485978,0.0,-0.342567502153557,0.0,0.0,0.0,1.933163395099449,0.0,0.9962721676440444,-0.5991922554268045,-1.0974551131729615,0.0,0.446193202964349,0.0,0.0,1.1530520465492136,0.0,0.0,0.0,0.0,0.0,0.0,0.0,0.0,0.0,0.0,0.0,0.0,-0.2480205962904343,0.0,0.0,0.0,0.4480907723206099,0.0,0.0,0.0,-1.0154676993473686,0.0,0.0,-2.032889684752109,1.8246851739992784,0.0,0.0,0.0,0.0,0.0,0.0,0.0,0.0,0.0,0.0,0.0,0.0,0.0,0.0,0.0,0.0,0.0,0.0,0.0,0.0,0.0,0.0,0.0,0.0,0.0,0.0,0.0,0.0,0.0
MG100153,1,1,1,0,0,0,0,0,1,0,1,1,1,1,0,0,1,1,1,1,1,1,1,1,1,0,1,1,1,1,0,1,1,0,0,0,1,0,0,1,0,0,0,1,1,0,0,0,0,0,0,1,1,0,0,0,0,0,0,1,1,1,1,0,0,1,0,0,0,1,0,0,0,0,0,0,0,1,0,0,0,0,0,0,0,0,0,0,0,0,0,1,0,0,0,1,0,0,0,0,0,0,0,0,0,0,0,2.65642803204206,0.0853757047641172,-0.082272902553656,0.0,0.0,0.0,0.0,0.0,-3.617433943123091,0.0,1.4116994548574204,0.9581918525103806,0.8879796049608147,0.92694370725929,0.0,0.0,1.4046523196254006,-1.2905124997889568,-0.418572605040131,-2.3165450937498413,0.7811156931583175,1.2029065084523805,0.3536915242795682,0.5995782241467863,-2.5519018943702045,0.0,1.8032472910264736,1.2614589212348732,-1.7126569529860152,-1.4284850385135024,0.0,0.690953184119677,-1.7053041882347637,0.0,0.0,0.0,-0.4430699762656862,0.0,0.0,1.052931494887183,0.0,0.0,0.0,1.6567513762095798,1.8821538272239888,0.0,0.0,0.0,0.0,0.0,0.0,-0.6476503550855024,-3.817122970096925,0.0,0.0,0.0,0.0,0.0,0.0,-1.330731423001971,1.0415683946379808,-0.749757796653709,2.242644706535544,0.0,0.0,-1.2416526803861114,0.0,0.0,0.0,-0.7994143401711966,0.0,0.0,0.0,0.0,0.0,0.0,0.0,2.8526567571537824,0.0,0.0,0.0,0.0,0.0,0.0,0.0,0.0,0.0,0.0,0.0,0.0,0.0,0.1814177819804906,0.0,0.0,0.0,-1.7812617010448455,0.0,0.0,0.0,0.0,0.0,0.0,0.0,0.0,0.0,0.0,0.0
MG100150,1,1,1,0,0,0,0,0,0,0,0,0,0,1,0,1,1,0,1,0,0,0,0,1,1,0,1,1,1,0,0,0,0,0,0,0,1,0,0,1,0,0,0,1,1,0,0,1,0,1,0,1,1,0,1,0,1,0,0,0,0,1,1,0,0,1,0,1,0,1,0,0,0,0,0,0,0,1,0,0,0,0,0,1,0,0,0,0,0,0,0,0,0,0,0,0,0,1,0,1,0,0,0,0,0,0,0,2.484784170929646,-3.326398609518439,0.7991587076178022,0.0,0.0,0.0,0.0,0.0,0.0,0.0,0.0,0.0,0.0,-0.7693113265386147,0.0,-0.1959144241088264,1.1471805941897593,0.0,-0.6573020526926112,0.0,0.0,0.0,0.0,1.1448460175018318,-2.0532030750676014,0.0,0.3419304008084398,0.3172189315798502,-0.0644255479453355,0.0,0.0,0.0,0.0,0.0,0.0,0.0,-1.5705811619819672,0.0,0.0,1.4975047595777389,0.0,0.0,0.0,2.3820227876395426,2.391455170088232,0.0,0.0,0.7955845466961681,0.0,1.193004387092132,0.0,-3.302868112108245,-0.6858176933207301,0.0,-4.141648486879284,0.0,1.5613235171956317,0.0,0.0,0.0,0.0,-2.0566565146687994,1.6455504755140036,0.0,0.0,-0.5769617129426448,0.0,0.0075636792777564,0.0,0.1036346046493904,0.0,0.0,0.0,0.0,0.0,0.0,0.0,5.286082668608394,0.0,0.0,0.0,0.0,0.0,0.2596031045425055,0.0,0.0,0.0,0.0,0.0,0.0,0.0,0.0,0.0,0.0,0.0,0.0,0.0,-1.82104488838256,0.0,-2.1363149173531704,0.0,0.0,0.0,0.0,0.0,0.0,0.0
MG100149,1,1,1,0,0,1,0,0,1,0,1,1,1,1,0,0,1,0,1,0,0,0,0,0,1,0,1,0,1,0,0,0,0,1,0,0,0,0,0,0,0,1,0,0,0,0,0,1,0,0,0,1,1,0,0,0,0,0,0,0,0,1,0,0,0,1,0,0,0,1,1,0,0,1,0,0,0,0,0,0,0,0,0,1,0,0,0,0,0,0,0,0,0,0,0,0,0,0,0,0,0,1,0,0,0,0,0,-1.1203993554953382,-2.995624840545876,2.4564297352772746,0.0,0.0,3.5688402882257333,0.0,0.0,1.256991978649503,0.0,0.6091717277457758,0.4098454707092754,2.5950933998965326,2.26596314109812,0.0,0.0,3.668196889127744,0.0,0.2956587517251531,0.0,0.0,0.0,0.0,0.0,-0.7858760708453254,0.0,0.119735244520395,0.0,-0.4050543710618024,0.0,0.0,0.0,0.0,-1.6100561449260484,0.0,0.0,0.0,0.0,0.0,0.0,0.0,-2.1129719124888244,0.0,0.0,0.0,0.0,0.0,-0.184374197085865,0.0,0.0,0.0,-1.8984203831705644,-1.686842978311075,0.0,0.0,0.0,0.0,0.0,0.0,0.0,0.0,-0.9215392147340132,0.0,0.0,0.0,-0.1410423091619616,0.0,0.0,0.0,-0.7999842128544421,-0.2304162256037172,0.0,0.0,-0.1676387210119483,0.0,0.0,0.0,0.0,0.0,0.0,0.0,0.0,0.0,1.2621127085364292,0.0,0.0,0.0,0.0,0.0,0.0,0.0,0.0,0.0,0.0,0.0,0.0,0.0,0.0,0.0,0.0,0.0,-3.447798398215135,0.0,0.0,0.0,0.0,0.0
MG100147,1,0,1,0,1,1,0,1,1,0,1,1,1,1,0,0,1,0,1,1,0,0,0,0,0,0,1,0,0,0,0,0,0,0,0,0,0,0,0,0,0,0,0,0,0,0,0,1,0,1,0,0,0,0,0,0,0,0,1,0,0,1,0,0,0,0,0,0,0,0,1,0,0,1,0,1,0,1,0,1,0,0,0,0,0,0,0,0,0,0,0,0,0,1,0,1,0,0,0,0,0,0,0,0,1,1,1,-2.847485449500444,0.0,0.9004581260518867,0.0,-0.3418531465041832,2.7729248585842043,0.0,-1.346473887664826,1.6331332207975384,0.0,1.4477057894490255,-4.183678589090385,3.2457598703630195,2.664770161473009,0.0,0.0,2.6710897001957035,0.0,-2.2337296623318803,-2.9353771976572185,0.0,0.0,0.0,0.0,0.0,0.0,-0.6664413752964362,0.0,0.0,0.0,0.0,0.0,0.0,0.0,0.0,0.0,0.0,0.0,0.0,0.0,0.0,0.0,0.0,0.0,0.0,0.0,0.0,1.5610391881140664,0.0,-0.944666914663674,0.0,0.0,0.0,0.0,0.0,0.0,0.0,0.0,-1.0128509940612442,0.0,0.0,-3.194211115771341,0.0,0.0,0.0,0.0,0.0,0.0,0.0,0.0,3.567468916212781,0.0,0.0,1.2330700134369172,0.0,-1.659424118661393,0.0,-0.7034413995269824,0.0,3.801529482124466,0.0,0.0,0.0,0.0,0.0,0.0,0.0,0.0,0.0,0.0,0.0,0.0,0.0,-2.619735991521977,0.0,-1.0321781666949548,0.0,0.0,0.0,0.0,0.0,0.0,0.0,0.0,1.4343536239294707,0.1777044131835693,-1.3894593549687146
MG100145,1,1,1,0,1,1,0,0,1,0,1,1,0,1,0,0,1,0,0,0,0,0,0,0,0,0,1,0,0,0,1,0,1,0,1,0,0,1,0,0,0,0,0,0,0,0,0,1,0,0,0,0,1,0,1,1,0,0,0,0,1,0,0,0,0,1,0,0,0,1,1,0,0,1,1,0,0,0,0,0,0,0,0,1,0,0,0,0,0,1,0,0,0,1,0,0,0,0,0,0,0,0,0,0,0,0,0,-1.7783896937979495,-3.595111457585918,2.874091097313918,0.0,-1.490129976196767,1.658158140867549,0.0,0.0,-4.536193543102117,0.0,1.317003137251349,-0.4570448267999413,0.0,2.4285579683281617,0.0,0.0,1.5040997253652533,0.0,0.0,0.0,0.0,0.0,0.0,0.0,0.0,0.0,-1.8485939524711985,0.0,0.0,0.0,1.2350962196764534,0.0,0.3471143243470572,0.0,-3.5450432418949283,0.0,0.0,-0.6032968004866334,0.0,0.0,0.0,0.0,0.0,0.0,0.0,0.0,0.0,3.085165255557831,0.0,0.0,0.0,0.0,-0.5049310732465079,0.0,-1.7748008665674213,0.1281427116523263,0.0,0.0,0.0,0.0,-1.6384267935227943,0.0,0.0,0.0,0.0,-0.0410280184591635,0.0,0.0,0.0,1.488831066881557,1.50491871439322,0.0,0.0,0.7145525517526735,-0.6782804949001501,0.0,0.0,0.0,0.0,0.0,0.0,0.0,0.0,4.716389675853399,0.0,0.0,0.0,0.0,0.0,0.4390732576282711,0.0,0.0,0.0,-0.9499231078375268,0.0,0.0,0.0,0.0,0.0,0.0,0.0,0.0,0.0,0.0,0.0,0.0,0.0
MG100144,1,1,1,0,0,0,0,1,1,0,1,1,0,1,0,0,1,0,1,1,0,0,0,1,1,0,1,1,1,0,1,1,0,0,1,0,1,1,0,1,0,0,0,0,0,0,1,1,0,1,0,1,1,0,0,0,0,0,0,1,0,1,1,0,0,1,0,0,0,1,0,0,0,0,0,0,1,1,0,0,0,1,0,1,1,0,1,0,1,0,0,0,0,0,0,1,0,0,0,1,0,1,0,0,0,0,0,2.5388661985184044,-2.37532681534326,0.4917967481693202,0.0,0.0,0.0,0.0,1.2192176700632087,1.4356556985097126,0.0,1.983505038487472,-0.2276926380781672,0.0,0.9343423008867332,0.0,0.0,0.563128164368859,0.0,0.365054747678078,-3.351640439783984,0.0,0.0,0.0,0.1942268249578387,1.392080999359676,0.0,4.716306013751899,0.6935555537309261,0.3067063516194116,0.0,-1.9295324138005383,-0.6793144174694699,0.0,0.0,1.6500756206422853,0.0,-0.3408502718009041,1.6930439223491265,0.0,-0.9099131525252449,0.0,0.0,0.0,0.0,0.0,0.0,-1.1600196877035975,0.0590673163878341,0.0,0.8122072483743284,0.0,-2.136083689932112,-2.957697167722114,0.0,0.0,0.0,0.0,0.0,0.0,-1.4830027203004323,0.0,-1.3563187801557406,-1.9712309212043384,0.0,0.0,0.5496800659812694,0.0,0.0,0.0,-1.1860173568110046,0.0,0.0,0.0,0.0,0.0,0.0,-0.2708615569146706,4.668639126142472,0.0,0.0,0.0,-1.0747816032132915,0.0,-0.7663310593765851,-0.7675321847857122,0.0,-2.016066016474312,0.0,0.4819632950016329,0.0,0.0,0.0,0.0,0.0,0.0,-1.4728346682192248,0.0,0.0,0.0,0.2609072805868323,0.0,1.423021376047385,0.0,0.0,0.0,0.0,0.0
MG100134,1,1,1,0,1,0,0,0,1,0,1,1,1,1,0,0,1,0,1,1,0,0,0,0,0,0,1,1,1,0,1,0,0,0,0,0,0,1,0,0,1,0,0,0,0,0,0,1,0,0,0,0,1,0,0,1,0,0,0,0,1,0,0,0,0,1,0,0,0,1,1,0,0,0,1,0,0,0,0,0,0,0,0,1,0,0,0,0,0,0,0,0,1,0,0,0,0,0,0,1,0,0,0,0,0,0,0,-1.9727229716664336,-0.8362909431986696,1.9898858780894728,0.0,1.9164730749359813,0.0,0.0,0.0,0.5414033230703994,0.0,0.0671769497599719,1.3165796079641927,3.737739972844103,-2.566152123967634,0.0,0.0,1.5607718012218976,0.0,-0.1969788441598291,-1.4238487842543557,0.0,0.0,0.0,0.0,0.0,0.0,-0.1410316195199647,0.6713592999124913,-2.8113525249308453,0.0,1.624301537011016,0.0,0.0,0.0,0.0,0.0,0.0,0.3539364222294957,0.0,0.0,-1.32898228094795,0.0,0.0,0.0,0.0,0.0,0.0,0.1819476072755298,0.0,0.0,0.0,0.0,-0.3403462704548209,0.0,0.0,1.813883894379932,0.0,0.0,0.0,0.0,-2.093591441294363,0.0,0.0,0.0,0.0,1.474333684466454,0.0,0.0,0.0,1.4488776190538897,1.773638734930818,0.0,0.0,0.0,0.0826082589833101,0.0,0.0,0.0,0.0,0.0,0.0,0.0,0.0,-1.2063705635235316,0.0,0.0,0.0,0.0,0.0,0.0,0.0,0.0,-2.4129639081222765,0.0,0.0,0.0,0.0,0.0,0.0,-3.224285390088281,0.0,0.0,0.0,0.0,0.0,0.0,0.0
MG100132,1,0,1,0,1,0,0,1,0,0,1,0,0,0,0,1,1,1,1,1,0,0,1,0,0,0,0,1,0,1,0,1,1,1,0,0,0,0,1,1,1,1,0,1,1,0,0,1,1,0,0,1,1,1,1,0,0,0,1,1,0,1,0,0,0,1,1,0,0,1,1,0,0,0,1,0,0,0,0,0,0,0,0,1,0,0,0,0,0,0,0,1,1,1,0,0,0,0,0,0,0,1,0,0,0,0,0,0.3775399092085588,0.0,0.8458676444311607,0.0,3.902361648972153,0.0,0.0,1.7805024583013809,0.0,0.0,-0.4969309291432839,0.0,0.0,0.0,0.0,2.5273324562544364,-3.6061456277232367,-4.238451149026937,0.2601489423209077,-0.5625607816301748,0.0,0.0,2.397862914701185,0.0,0.0,0.0,0.0,2.9625781770213617,0.0,0.5653421830786701,0.0,-0.3989988364336267,-1.0844101854970245,-0.1026551607885242,0.0,0.0,0.0,0.0,-2.3156228074308496,0.891680389984894,3.7270526279621183,1.172678069557344,0.0,2.955697177526821,2.369893046971571,0.0,0.0,-2.243184103001531,3.663476261198885,0.0,0.0,-1.165672104129727,2.5057334493039534,0.7665199858152238,-1.2944996180787764,0.0,0.0,0.0,-1.0901567583308258,3.2912200726590504,0.0,-1.8035796510469213,0.0,0.0,0.0,-0.6413925989561533,-1.4519264207707228,0.0,0.0,3.8355238658325135,-3.584246942415599,0.0,0.0,0.0,-3.254155688038725,0.0,0.0,0.0,0.0,0.0,0.0,0.0,0.0,0.9929050109633044,0.0,0.0,0.0,0.0,0.0,0.0,0.0,-2.2247834590926656,-4.335614897480585,-1.273631603117238,0.0,0.0,0.0,0.0,0.0,0.0,0.0,-4.623296969932366,0.0,0.0,0.0,0.0,0.0
LILT_GF06_16,0,1,0,0,0,1,0,0,0,0,1,0,0,1,0,1,1,0,0,0,0,0,0,0,0,0,0,0,1,0,1,0,0,0,0,0,0,1,0,0,0,0,0,1,1,0,1,1,0,0,0,1,1,0,0,0,0,0,0,0,0,1,1,0,0,1,0,0,0,0,1,0,0,0,0,0,0,1,0,0,0,0,0,0,0,0,0,0,1,0,0,0,1,0,0,0,0,0,0,0,0,0,0,0,0,0,0,0.0,-3.857880578999688,0.0,0.0,0.0,-3.487506790702793,0.0,0.0,0.0,0.0,-1.432162800602018,0.0,0.0,-3.153304702616119,0.0,-3.035521666959736,-3.5197676529210145,0.0,0.0,0.0,0.0,0.0,0.0,0.0,0.0,0.0,0.0,0.0,-2.60347692104686,0.0,2.030647077592433,0.0,0.0,0.0,0.0,0.0,0.0,6.054688029445046,0.0,0.0,0.0,0.0,0.0,1.961519967075624,0.4432289236575069,0.0,-2.186061643568037,-1.8529891938716687,0.0,0.0,0.0,-1.911970429944374,2.8328331829861377,0.0,0.0,0.0,0.0,0.0,0.0,0.0,0.0,-2.465855543170812,-0.9784238572374028,0.0,0.0,5.797157403145758,0.0,0.0,0.0,0.0,5.724504406888773,0.0,0.0,0.0,0.0,0.0,0.0,6.35315548125539,0.0,0.0,0.0,0.0,0.0,0.0,0.0,0.0,0.0,0.0,-2.378368089047696,0.0,0.0,0.0,1.66555539864154,0.0,0.0,0.0,0.0,0.0,0.0,0.0,0.0,0.0,0.0,0.0,0.0,0.0,0.0
LILT_VF06_16,1,1,1,0,1,1,0,1,0,1,1,1,0,1,1,1,0,1,1,1,0,1,0,0,1,0,1,1,1,1,1,1,0,0,1,0,0,1,0,1,1,1,0,1,1,0,1,1,0,0,0,1,1,0,1,1,0,1,0,0,1,1,0,0,1,1,1,1,1,0,1,0,0,0,0,1,0,1,0,0,1,1,0,0,1,1,0,0,0,0,0,1,1,1,0,0,0,0,0,1,0,0,0,0,0,0,0,2.986327124615313,-0.4287209379480032,1.2183720609690682,0.0,1.430449700419244,2.315772819418913,0.0,4.814605703767007,0.0,-2.031310054000844,-2.0054566751745098,-1.3099919964742015,0.0,-2.954569455191092,-0.9890161959229572,4.704675421167402,0.0,1.269599169792282,-2.320050887800866,-2.818419117376941,0.0,-3.3165388237457885,0.0,0.0,-5.545836120970002,0.0,1.1340812721975095,-2.0863698311838705,0.4840154585426841,-2.6284258141914805,2.3614965609855543,0.4093792934628593,0.0,0.0,3.2739100212443706,0.0,0.0,3.23855272186818,0.0,0.8091598108731991,-1.432124756257051,-1.4753289815617567,0.0,1.7966064421303034,-2.26793695565234,0.0,1.490007430365373,-4.079499052176575,0.0,0.0,0.0,-0.0367177263061417,-1.5020833448639614,0.0,2.2039057959378443,2.25744648118744,0.0,-1.6917247541608489,0.0,0.0,-2.029724010845208,0.0892391556764085,0.0,0.0,1.466483356693742,2.4933943851097946,0.2968190118764739,-0.6817949443842493,1.3294235141364967,0.0,2.8248658706531087,0.0,0.0,0.0,0.0,-1.4167681226895157,0.0,4.400806063371406,0.0,0.0,-3.3368293749355225,1.502434439744337,0.0,0.0,-0.1272499220310203,0.876956193771872,0.0,0.0,0.0,0.0,0.0,-3.823069523228898,-2.421417506454688,0.5518785459806395,0.0,0.0,0.0,0.0,0.0,0.7263110595695161,0.0,0.0,0.0,0.0,0.0,0.0,0.0
LILT_VF166_T017,1,0,0,0,0,1,0,1,0,0,0,0,0,0,0,1,0,0,0,0,0,0,0,1,1,0,0,0,1,1,1,1,0,0,0,0,0,1,0,0,1,0,0,0,0,0,0,1,0,0,0,0,1,0,0,0,0,0,0,0,0,0,0,0,0,1,0,0,0,1,1,0,0,0,1,0,1,0,0,0,0,1,0,0,0,0,0,0,0,1,0,1,0,0,0,0,0,0,0,0,0,1,0,1,1,1,1,0.0402773605803379,0.0,0.0,0.0,0.0,-0.7103355610415032,0.0,3.471819074261801,0.0,0.0,0.0,0.0,0.0,0.0,0.0,2.101952006399682,0.0,0.0,0.0,0.0,0.0,0.0,0.0,-3.403777043022532,0.5956760263261045,0.0,0.0,0.0,-2.2698214843504343,0.1442690686652181,-2.7777574546698904,2.9011125154727595,0.0,0.0,0.0,0.0,0.0,1.5970179759966865,0.0,0.0,2.969306746127433,0.0,0.0,0.0,0.0,0.0,0.0,-1.4014314588308912,0.0,0.0,0.0,0.0,-3.5409285675118287,0.0,0.0,0.0,0.0,0.0,0.0,0.0,0.0,0.0,0.0,0.0,0.0,0.8958344119690986,0.0,0.0,0.0,-1.2468905350962411,-0.7306174270419565,0.0,0.0,0.0,-3.0520044840184024,0.0,1.3682214919434958,0.0,0.0,0.0,0.0,3.580580084494362,0.0,0.0,0.0,0.0,0.0,0.0,0.0,0.5647952344138274,0.0,3.0422987182546075,0.0,0.0,0.0,0.0,0.0,0.0,0.0,0.0,0.0,1.0281834041833116,0.0,0.4811017805631172,-0.4521746460915157,-3.1609300658407244,-2.0357771721359166
LILT_VF40_16,1,1,0,1,1,0,0,1,1,0,1,1,1,1,0,1,0,1,0,1,0,1,1,1,0,0,0,1,1,1,0,0,0,1,0,0,1,1,0,1,1,1,0,1,1,0,1,0,0,1,1,1,1,1,0,0,0,1,0,0,0,1,1,1,1,1,1,1,1,1,0,1,0,0,0,0,0,0,1,0,0,0,0,0,1,1,1,1,1,0,0,0,0,1,0,0,0,1,0,1,0,0,0,0,0,0,0,4.538854905246294,-3.41124029048673,0.0,1.192731899278796,-0.8426346218220828,0.0,0.0,3.534168540226532,-1.939892249729704,0.0,2.44078233106246,-2.381135082671777,-3.882060579639021,-3.997395633656765,0.0,3.1095270999065403,0.0,0.3589369703045366,0.0,-2.485470814658031,0.0,-0.2577486957410764,-0.6222895603153671,-3.1557019910896384,0.0,0.0,0.0,0.5044223419594652,-0.1080733384438237,-0.2460810303110057,0.0,0.0,0.0,-3.845692935468146,0.0,0.0,-2.8955286635151127,-1.3370848042565406,0.0,-1.7278693483141423,-1.8748852347911065,4.573334616642296,0.0,0.9019938899331092,-1.154449852682318,0.0,2.737774399534154,0.0,0.0,-2.395319717663733,1.132662209820817,-1.892307792719532,-3.18782466734388,3.1519452938676378,0.0,0.0,0.0,2.685426596504644,0.0,0.0,0.0,-2.1432392993032447,2.4119022070201765,2.517675591141804,2.205684165858883,0.8721116672672512,0.9632066704922194,1.4087669342205889,3.010448343128148,-3.447255263167439,0.0,-1.3221515554288914,0.0,0.0,0.0,0.0,0.0,0.0,1.8226147424975792,0.0,0.0,0.0,0.0,0.0,1.2184565742989353,1.4155266729461171,-0.4461776399889761,-1.7105821834998298,3.076990281309749,0.0,0.0,0.0,0.0,0.1581582588350052,0.0,0.0,0.0,-0.8975016066831556,0.0,1.6634912500873285,0.0,0.0,0.0,0.0,0.0,0.0,0.0
LILT_VF65_16,1,0,0,1,1,1,0,1,0,0,1,0,0,0,0,1,0,0,0,1,1,0,1,0,0,0,0,0,1,1,1,0,0,0,1,0,0,1,0,1,1,1,0,1,1,0,1,0,1,0,0,1,1,0,1,1,1,1,0,0,0,0,0,0,1,1,1,1,1,0,1,1,0,0,0,0,0,1,0,0,1,1,0,0,0,0,1,1,0,0,0,0,0,1,0,0,0,0,0,0,0,0,0,0,0,0,0,2.067347213123647,0.0,0.0,-1.663120262963978,0.8642909187143469,-0.5310098664766154,0.0,-1.8867978189443464,0.0,0.0,-0.8552453500715305,0.0,0.0,0.0,0.0,3.3784353281499966,0.0,0.0,0.0,-1.4008498687678408,-1.6969376625768322,0.0,-1.76753214052383,0.0,0.0,0.0,0.0,0.0,-2.349578455373127,-2.8943056308147987,-1.840937033421977,0.0,0.0,0.0,0.6375410772038519,0.0,0.0,-1.1698983436162351,0.0,0.4070887347314016,5.41119827296581,3.804489260108679,0.0,-0.4703447533267666,2.684323453539247,0.0,-0.355909389017127,0.0,0.2235425512377296,0.0,0.0,-5.715057754433203,-2.018749819578655,0.0,0.0148711321885928,2.521836567799316,1.1567612363235578,-0.1951418891994072,0.0,0.0,0.0,0.0,0.0,0.0,3.1243282614751795,-1.528864605531841,0.8903351220046846,-2.4153298329359068,2.3394760010773297,0.0,3.2802377620290466,-0.2022658833560886,0.0,0.0,0.0,0.0,0.0,3.992589910602792,0.0,0.0,-2.7505084083159,-0.2527882753586774,0.0,0.0,0.0,0.0,-1.7447658408810809,-2.91010374769139,0.0,0.0,0.0,0.0,0.0,1.8173498299019464,0.0,0.0,0.0,0.0,0.0,0.0,0.0,0.0,0.0,0.0,0.0,0.0,0.0
LILT_VF71_16,1,0,1,1,0,1,0,0,0,0,1,0,1,0,0,1,0,0,0,0,0,1,0,0,1,0,0,0,0,0,1,0,0,0,0,0,0,1,0,1,0,0,0,0,0,1,0,1,1,1,0,0,1,0,0,1,0,1,0,0,0,0,0,0,0,1,1,0,0,1,1,0,0,0,1,0,0,0,0,0,0,1,0,0,0,0,1,0,0,1,0,0,1,0,0,0,0,0,0,0,0,0,0,0,0,0,0,2.22861539776851,0.0,-4.174064064626656,2.12027487965842,0.0,-1.495920940692376,0.0,0.0,0.0,0.0,-0.3476573059389767,0.0,3.4120861403120166,0.0,0.0,1.0705487380972294,0.0,0.0,0.0,0.0,0.0,1.8223324965090235,0.0,0.0,2.1926786521235924,0.0,0.0,0.0,0.0,0.0,0.9223665896325866,0.0,0.0,0.0,0.0,0.0,0.0,1.1449746247346335,0.0,-2.118624804673953,0.0,0.0,0.0,0.0,0.0,1.3854493018159055,0.0,0.6932471466271962,-1.9948579927931145,-3.513818320261098,0.0,0.0,-2.61498003833817,0.0,0.0,3.7931039205994352,0.0,-2.601456866526833,0.0,0.0,0.0,0.0,0.0,0.0,0.0,3.000926836229917,-6.911561467055166,0.0,0.0,-0.9490464250892912,4.474606458148927,0.0,0.0,0.0,-0.9912781447246556,0.0,0.0,0.0,0.0,0.0,0.0,4.614679095182339,0.0,0.0,0.0,0.0,-3.495532096437681,0.0,0.0,-0.7790614260645354,0.0,0.0,-0.888030384217233,0.0,0.0,0.0,0.0,0.0,0.0,0.0,0.0,0.0,0.0,0.0,0.0,0.0,0.0
LILT_VF95_16,1,0,1,0,1,1,0,1,1,0,1,1,1,0,0,1,0,1,1,1,0,0,1,0,1,0,0,1,1,1,1,0,0,1,0,0,0,1,1,1,1,1,0,0,1,1,0,1,0,0,0,0,1,0,0,0,1,1,0,1,0,0,0,0,1,1,1,1,1,1,1,1,0,0,0,1,1,0,0,1,1,1,0,0,0,0,0,1,1,0,0,0,0,1,0,0,0,0,0,0,0,0,1,0,0,0,0,2.6746091669242977,0.0,-5.867717963114278,0.0,1.4822400231243196,-1.457406614601814,0.0,4.95170681619749,-0.7273014689824522,0.0,-5.233659698924339,0.3659853443296321,1.8356523076573288,0.0,0.0,1.7599461386308182,0.0,-2.780408250185646,0.2487168443161931,-2.244470523959284,0.0,0.0,0.8470691202808495,0.0,1.1206800956689076,0.0,0.0,-2.461070976684558,-1.4320340272414476,0.2119526023064015,1.819226824806485,0.0,0.0,-0.6045182633288047,0.0,0.0,0.0,-0.6307529421257727,0.9020369357844924,-0.5184270254158658,0.8316410442791626,3.3101805036506384,0.0,0.0,0.8646295088491606,-4.054336029873057,0.0,0.8229002794353762,0.0,0.0,0.0,0.0,-3.449172989025364,0.0,0.0,0.0,-1.1239268989170554,1.748073108921555,0.0,-0.8224964701638022,0.0,0.0,0.0,0.0,1.2637315352087282,-1.9180517807489488,2.685114504232582,-1.591963005892468,1.4913321865379368,-1.1955021554914933,3.0847261806246413,1.1301477110728553,0.0,0.0,0.0,-1.1292213235330195,-1.6166499211426428,0.0,0.0,-1.9507889789172768,-4.878725399463391,3.2074446969259327,0.0,0.0,0.0,0.0,0.0,0.8317419982946943,0.1665076808457917,0.0,0.0,0.0,0.0,3.9649644796328833,0.0,0.0,0.0,0.0,0.0,0.0,0.0,0.0,4.065645069193633,0.0,0.0,0.0,0.0
LILT_VF273_T017,0,0,0,1,0,0,0,0,0,0,0,0,0,0,0,1,0,0,0,0,0,0,0,0,0,0,0,0,0,0,1,1,0,0,0,0,0,1,0,0,1,1,0,0,1,0,0,0,0,0,0,0,1,0,1,1,0,1,0,1,0,0,0,0,1,1,1,1,1,1,1,1,0,0,0,0,0,0,0,0,0,1,0,0,0,0,0,0,0,0,0,0,1,1,0,0,0,0,0,0,0,0,0,1,0,0,0,0.0,0.0,0.0,-2.9782651135532854,0.0,0.0,0.0,0.0,0.0,0.0,0.0,0.0,0.0,0.0,0.0,0.1650693516092145,0.0,0.0,0.0,0.0,0.0,0.0,0.0,0.0,0.0,0.0,0.0,0.0,0.0,0.0,0.2231020026984738,-1.9257168233659208,0.0,0.0,0.0,0.0,0.0,-1.561779780154249,0.0,0.0,1.6846678161891768,1.3443439650473312,0.0,0.0,-0.6844347063276965,0.0,0.0,0.0,0.0,0.0,0.0,0.0,-1.9824623187513968,0.0,-1.605714187559789,0.1242490787794186,0.0,-0.3381820376177071,0.0,-3.835510111950734,0.0,0.0,0.0,0.0,3.089699179151889,2.8530919507280808,-0.7079974134877844,1.5033185913876292,0.1147346706315366,-0.2006006929594712,3.813905143404152,-0.8631874143855598,0.0,0.0,0.0,0.0,0.0,0.0,0.0,0.0,0.0,4.155295305670303,0.0,0.0,0.0,0.0,0.0,0.0,0.0,0.0,0.0,0.0,0.2365411391456642,-1.8222638430488167,0.0,0.0,0.0,0.0,0.0,0.0,0.0,0.0,0.0,-0.8019037512804557,0.0,0.0,0.0
LILT_VF251_T017,1,0,0,0,1,1,0,1,1,0,1,1,1,0,0,1,0,1,0,0,0,0,1,1,1,0,1,0,1,1,1,1,0,0,1,0,1,1,0,1,1,1,0,0,1,0,1,0,0,1,1,1,0,0,1,1,1,1,0,0,1,1,1,0,1,1,1,0,0,0,1,1,0,0,0,0,1,0,0,1,1,0,1,0,1,1,1,1,0,0,0,0,0,1,0,1,0,1,0,0,0,0,0,0,0,0,0,3.888155509827548,0.0,0.0,0.0,0.2878672268972566,0.9168543761497452,0.0,3.0369091630442453,-2.4728378141962133,0.0,1.0308749290539256,-3.990893133721914,-3.127173288857096,0.0,0.0,4.7697826391091525,0.0,-0.2939599448008803,0.0,0.0,0.0,0.0,-2.4165657942686365,0.7069618824585939,-0.2474004306752804,0.0,0.8282139314544846,0.0,-0.3967983910259969,-1.6606614101689845,1.8110216395255825,-0.5140166876739949,0.0,0.0,0.9045299413245472,0.0,-3.293710977949789,0.3877585399354422,0.0,-2.294264165921992,2.628540155616334,5.050200479445024,0.0,0.0,1.8799938770167213,0.0,-1.1654792721005212,0.0,0.0,1.5780581692946751,2.6248833438444,-3.708616479837041,0.0,0.0,2.925279450331278,2.1556785090172506,1.2691540112088366,1.930229924027824,0.0,0.0,0.3753765870653462,-3.6398946477879854,-0.2216392832212543,0.0,2.387706932733102,1.0928523303067463,1.0858966258441618,0.0,0.0,0.0,-2.8967833290221194,0.1154634508477943,0.0,0.0,0.0,0.0,-0.1058618778319768,0.0,0.0,-2.847477568037965,0.9860078964991236,0.0,-0.5439479041094075,0.0,-4.117135025432095,-0.7927152154990771,-0.5021753701637093,-5.047282791967676,0.0,0.0,0.0,0.0,0.0,-0.8042286826583989,0.0,-0.9393360695598508,0.0,1.3866040346107151,0.0,0.0,0.0,0.0,0.0,0.0,0.0,0.0,0.0
LILT_VF170_T016,1,0,1,1,1,0,1,1,1,0,1,1,0,1,0,1,1,1,1,0,0,0,1,0,1,0,0,1,1,1,1,1,0,1,0,0,0,1,0,1,1,1,0,1,1,0,1,0,0,1,0,1,0,0,1,1,1,1,0,1,1,1,0,1,1,1,1,1,1,0,0,1,0,0,0,0,1,1,0,0,1,0,0,0,1,1,1,1,1,1,1,0,1,1,1,0,1,1,0,1,0,0,0,0,0,0,0,2.44568090679863,0.0,-2.6825999824614284,-1.675574318188633,-0.6993999051606419,0.0,1.491571224814493,2.042631493054545,-0.946398206407381,0.0,0.0859913993457327,-0.3423911955515872,0.0,-0.4022604984147022,0.0,2.9954572544319165,-2.736359922342265,0.9856424537961314,-2.290270414447691,0.0,0.0,0.0,-0.2537009696120571,0.0,-1.79795363038989,0.0,0.0,-1.4261962332454046,-0.7271910173928797,-2.027397733465606,-1.6923471857340389,-0.896102560502777,0.0,-0.1204696520085408,0.0,0.0,0.0,-0.3853910171065304,0.0,1.6269017144507196,2.9276134906947933,3.2863817957859807,0.0,1.267341743232145,0.5296325479142753,0.0,2.323785157761156,0.0,0.0,1.0247253174432596,0.0,-2.8925333020388315,0.0,0.0,0.6803135520159806,-1.2719244220510306,4.443715423806346,2.1726067471026744,0.0,-2.8177131725806994,0.125340480556083,-1.836275239776609,0.0,1.1128318299751043,2.229225397878316,0.0035961268273378,1.3484572849690997,-0.9973048687888212,1.283137214404099,0.0,0.0,-1.0237641878203527,0.0,0.0,0.0,0.0,-0.9890556174679184,0.5196793041526993,0.0,0.0,0.2955964543863641,0.0,0.0,0.0,1.725436507910517,-0.7536102959438653,-0.5251636551836216,-1.895110208045894,0.5158125714016714,-1.825201331566529,1.578802483292706,0.0,-5.517516904442428,0.0876189126783918,0.7479496112132547,0.0,0.4633481881337109,-0.6466991098201536,0.0,1.7270521677306674,0.0,0.0,0.0,0.0,0.0,0.0,0.0
LILT_VF212_T016,1,0,0,0,1,1,0,1,1,0,1,1,1,0,0,1,0,1,1,0,1,1,1,1,1,0,1,1,1,1,1,1,0,1,1,0,0,1,1,1,1,1,0,1,1,0,1,0,1,1,0,1,1,1,0,1,0,1,0,0,1,1,1,1,1,1,1,1,1,0,1,1,0,0,0,0,0,1,0,0,1,0,0,0,1,1,1,0,1,0,0,1,0,1,0,1,0,1,0,0,0,0,0,0,0,0,0,4.813270063881822,0.0,0.0,0.0,-0.1772646969422997,1.912010522942564,0.0,2.977370217717662,-1.6529132668787057,0.0,1.4045757975416944,-2.1024654735004216,-2.668786078507664,0.0,0.0,4.5666239872425605,0.0,0.3954264698040599,-3.562142380554336,0.0,-0.5539666977461759,-0.7090229791288714,-2.418857651834634,0.5930590183171358,1.0026992029939938,0.0,-3.582655920387439,-2.408661695516346,1.4205366618374404,-2.131580191971824,0.7795512474702404,0.1144795145735162,0.0,-2.98455988582646,0.9616121873347327,0.0,0.0,-2.994101942959662,1.98150708878992,0.1914738618429721,3.307489248255425,4.251363677263231,0.0,-0.2209740564114772,-1.3919773810585334,0.0,1.0318316904534424,0.0,1.5013304182939826,1.9512454281426224,0.0,-2.5768813380794224,-3.009561188031876,0.2422614973015606,0.0,2.283239529184688,0.0,2.238686959119032,0.0,0.0,-2.82756425386697,-1.1767850012764276,-0.6039942581907463,-0.7040592237427075,0.9657885530116233,-0.8764496750917941,0.452577698239003,-0.7541269026157922,0.0627624092173457,0.0,-1.658697263891486,-0.0878245418077767,0.0,0.0,0.0,0.0,0.0,3.520087902542417,0.0,0.0,-1.5838869623164098,0.0,0.0,0.0,2.088457046602546,-0.5641284480056754,-3.5239634698132924,0.0,1.4498456361019303,0.0,0.0,0.4372218966807386,0.0,1.2031648819580054,0.0,0.21281386280189,0.0,-0.8065113515045765,0.0,0.0,0.0,0.0,0.0,0.0,0.0,0.0,0.0
LILT_VF263_T016,1,1,1,0,1,1,0,1,1,0,1,1,1,1,0,1,1,1,1,1,0,0,1,1,1,0,1,1,1,1,1,1,0,1,1,0,1,1,0,1,1,1,0,0,1,1,1,1,0,1,1,1,1,0,1,1,1,1,0,0,1,1,1,0,1,1,1,0,0,1,0,1,0,0,0,0,1,0,0,1,1,0,1,1,1,1,1,0,0,0,0,0,0,1,0,1,0,1,0,0,0,0,0,0,0,0,0,4.131686654762995,-3.054470995449784,-1.5403236743732749,0.0,3.6608981445008064,2.8652439806481738,0.0,2.326405310689659,0.3862860760360038,0.0,2.869910496558474,0.1994353550551,0.9193811834407754,-0.5937694016456427,0.0,2.655832774551233,-1.5603461060444463,1.5332411191837978,-1.0422486787260663,-2.853711264685077,0.0,0.0,-0.244926705495964,2.629471828697952,0.8020537947073384,0.0,0.5677128624672166,-0.520121439954816,1.1505431767516925,-3.518420509924489,-0.3146108834109327,-2.629926893099018,0.0,-1.2149012739386464,2.298073897061185,0.0,-3.4697787027021434,0.7674193926610395,0.0,-0.709224269081733,0.498383403969346,3.4414763795357963,0.0,0.0,0.6058457321626606,-2.707144213067917,-0.5102272570522819,-1.1233613138994525,0.0,3.4902311295783743,1.3064605512032683,-0.5518475856937031,-0.0890666739218537,0.0,3.023705749062949,0.8468386064726163,-2.276395899650254,0.5272779587463943,0.0,0.0,-4.720318624709565,-0.5618404160467068,-3.81759095938303,0.0,3.659380930607592,0.164326471794179,-1.370505442393888,0.0,0.0,0.1139462811258862,0.0,-2.626728937063702,0.0,0.0,0.0,0.0,-0.0007100806540325,0.0,0.0,0.3843699754984542,3.2572549258965777,0.0,3.684202411950305,-4.933152806364913,-3.3185997932640428,-1.068517103423109,0.0954399413093398,0.0,0.0,0.0,0.0,0.0,0.0,-2.409991557561904,0.0,0.1972767947713798,0.0,0.2927661712238285,0.0,0.0,0.0,0.0,0.0,0.0,0.0,0.0,0.0
LILT_VF10_T016,1,0,1,0,1,1,0,0,1,0,0,1,0,0,0,1,0,1,0,0,0,1,1,0,0,0,1,0,1,0,0,1,0,1,1,0,0,1,1,0,1,1,0,0,1,0,1,0,0,0,0,0,0,1,0,1,0,1,0,0,0,0,0,1,1,1,1,1,1,0,1,0,1,0,0,0,0,1,0,0,0,1,0,0,1,0,1,0,1,0,0,0,1,0,0,0,0,0,0,0,0,0,0,0,0,0,0,2.0861730384740698,0.0,-2.5416129498273,0.0,1.5679781259209282,1.9062496049607536,0.0,0.0,-0.6889179011392437,0.0,0.0,-0.9492885502919202,0.0,0.0,0.0,2.34134265577279,0.0,-2.760982738091418,0.0,0.0,0.0,-4.490848429861135,-0.4955039209271761,0.0,0.0,0.0,-1.3123629137736987,0.0,-2.376092259376448,0.0,0.0,-2.7842179841257284,0.0,-1.9007108064842764,2.8487010412661835,0.0,0.0,-0.7420151061129896,0.7402878943483711,0.0,2.800751305270193,-3.933455688413659,0.0,0.0,-1.5778503064990708,0.0,0.0476670077218788,0.0,0.0,0.0,0.0,0.0,0.0,2.5022737399691737,0.0,1.5473254107753684,0.0,2.6464114729968253,0.0,0.0,0.0,0.0,0.0,1.9759608653197231,-0.0345449808855042,1.7013233169885404,-0.3783196036076035,1.239856781808071,-3.4601193399195385,0.0,-0.4456632709533057,0.0,1.33159176976235,0.0,0.0,0.0,0.0,4.465393627612407,0.0,0.0,0.0,1.3281653724209248,0.0,0.0,-1.4439847921280276,0.0,-0.8346206388573418,0.0,2.3075053645363086,0.0,0.0,0.0,-2.233846214649481,0.0,0.0,0.0,0.0,0.0,0.0,0.0,0.0,0.0,0.0,0.0,0.0,0.0,0.0
LILT_VF140_T016,1,1,0,0,1,1,0,1,1,0,1,1,1,0,0,1,0,1,0,0,0,0,0,0,1,0,1,0,1,1,0,0,0,1,1,0,1,1,0,1,0,1,0,1,1,0,1,0,1,1,0,1,1,0,1,1,1,1,0,0,1,1,0,1,1,1,1,1,1,0,1,0,1,0,0,0,0,0,0,0,1,1,1,0,0,0,1,0,0,0,0,0,0,1,0,0,0,0,0,0,0,0,0,0,1,0,0,4.7474960270328985,-4.737449251522024,0.0,0.0,1.3035492307082348,2.0594093823443926,0.0,0.1780966717231491,0.321817463985969,0.0,1.6082419323651642,-3.3234181354305337,0.7811826684966754,0.0,0.0,-1.0520132191858478,0.0,0.3003958096746251,0.0,0.0,0.0,0.0,0.0,0.0,-0.3233639079980439,0.0,-1.6881762110400031,0.0,-3.526624972246986,-2.800507772449471,0.0,0.0,0.0,-3.3143409172794165,3.03308785439864,0.0,-2.1260017318112308,-1.38623023966611,0.0,-0.9892695816420596,0.0,4.7592967536038,0.0,2.029728440036952,-0.2140315674061916,0.0,0.8851909528298259,0.0,1.356867981766504,-0.5982906735101303,0.0,-2.644813882439407,-1.5188234579090325,0.0,-0.0118883217945526,1.2600905537763785,0.549522749063694,0.7013363296713145,0.0,0.0,-2.494746868129355,-1.7091287883748811,0.0,3.488958724336956,1.0600891654338684,2.327309776269778,-0.3821035329294737,3.635587731860089,1.79303653559596,0.0,1.5024610297623862,0.0,0.90343779582276,0.0,0.0,0.0,0.0,0.0,0.0,0.0,-3.219578532613414,-4.340352393084376,1.2621694598418278,0.0,0.0,0.0,0.2013319388062482,0.0,0.0,0.0,0.0,0.0,0.0,1.0954224723660642,0.0,0.0,0.0,0.0,0.0,0.0,0.0,0.0,0.0,0.0,-0.743961473111606,0.0,0.0
LILT_VF171_T016,1,1,1,0,1,1,1,1,1,0,0,0,0,1,0,1,1,0,0,1,0,0,0,1,1,0,1,1,0,1,0,1,1,0,1,0,0,1,0,1,1,1,1,1,0,1,1,1,1,1,0,0,1,0,1,1,0,0,0,0,0,0,1,0,1,1,0,1,0,1,1,0,0,0,1,0,0,1,0,0,1,1,1,1,0,0,0,0,0,0,0,1,1,1,1,1,0,0,0,0,1,0,0,0,1,1,1,5.525945734712946,2.5180827330197104,-2.421978688469776,0.0,3.894080032715997,1.6737719398710365,-2.356400280140524,5.345958144574412,-1.2814510674024309,0.0,0.0,0.0,0.0,-3.313025931411364,0.0,4.292474636262396,-2.190546161336611,0.0,0.0,1.7992237398850026,0.0,0.0,0.0,0.739237792749535,-3.313025931411364,0.0,3.790145948213147,-0.4343161132630424,0.0,2.434019613883982,0.0,-3.4729905811040425,-1.1206439785509326,0.0,2.940407038172371,0.0,0.0,5.21461739418924,0.0,-0.9324068358048624,-2.616984392825054,-1.709401988842684,-1.5251386838658183,-4.02667163351965,0.0,1.8991808380936943,3.0124336665422846,-0.0168670560659816,-3.128291828212025,-4.2078104580645554,0.0,0.0,-2.381204257506332,0.0,2.468334677890212,-2.7108505290571454,0.0,0.0,0.0,0.0,0.0,0.0,0.5308733898944176,0.0,2.668388279843117,-1.7462232506217,0.0,-3.439542647036502,0.0,-0.6379781361127788,2.4604898812595124,0.0,0.0,0.0,-3.0406782229596896,0.0,0.0,-1.498342822281372,0.0,0.0,-1.6926337439737988,-0.4789604356205816,1.5354654694166026,-4.222096415312032,0.0,0.0,0.0,0.0,0.0,0.0,0.0,-0.0641130171232577,1.497082510875673,2.053153232417687,-3.7584076469249705,2.964679432647172,0.0,0.0,0.0,0.0,3.9283714963119714,0.0,0.0,0.0,0.1519850710304142,0.6923026108201815,-2.291722570471864
LILT_VF28_T016,1,0,1,0,1,1,1,1,1,1,1,1,0,1,0,1,1,1,1,0,1,1,1,1,1,1,1,1,1,1,1,1,0,1,1,1,1,1,0,1,1,1,0,1,1,0,1,1,1,1,0,1,1,1,1,1,1,1,0,1,0,1,1,1,1,1,1,0,1,1,1,1,0,0,0,1,1,1,0,0,1,0,0,0,1,1,1,0,0,1,1,0,1,1,1,0,0,0,0,0,0,0,1,0,0,0,0,3.560860231419924,0.0,-2.2417706307597696,0.0,-0.1523517294296599,0.448881441772986,3.954395459872652,2.0014548556033627,-0.0013469341035763,-1.6713536039927666,2.139977720761836,-1.802040044485058,0.0,-2.5143082664917813,0.0,4.174217468226178,-2.941237613268246,0.2486506747267027,-1.412208775978349,0.0,3.2953552722626496,-0.5010613324444964,-0.892699818437426,-1.6379665879600294,1.1258003282856883,2.064426200050211,-1.840654880612837,1.0032534006015563,1.185746786434223,-2.248936098720644,-0.970284419247269,-3.316315367698822,0.0,-0.9773758093239568,1.5389097411389827,-4.689170308457052,-4.954451444219666,-1.2580057497224135,0.0,-0.6069540134136109,1.1553585682558136,3.201848152331441,0.0,2.5673187580420134,-0.532641328777854,0.0,-0.3299130762486668,-1.619538128776375,1.573006681639045,0.7302686354299348,0.0,-1.2118212746143262,-4.61888377572888,3.6417482804468166,2.730629268881178,2.368058989777728,1.655034266485711,1.2856640011851903,0.0,-3.137690672786194,0.0,-0.5120980727479358,0.7081133880377263,1.8921957100013749,1.4999706056268494,0.5405095326151138,1.1769263821879097,0.0,1.3879930636824798,-3.921221914814408,-2.248936098720644,-0.9429841235630778,0.0,0.0,0.0,0.9609826412869388,0.1345503726214532,3.611330564997124,0.0,0.0,-4.738931818016115,0.0,0.0,0.0,1.5681159248681968,-0.9657018367609076,0.2032571024663405,0.0,0.0,-0.9962939980564498,0.6526760649566067,0.0,-3.1459551826360874,1.312004225330086,1.859452084603312,0.0,0.0,0.0,0.0,0.0,0.0,0.0,0.3941618841020073,0.0,0.0,0.0,0.0
LILT_VF82_T016,1,0,0,1,1,1,0,1,0,0,1,0,0,0,0,1,0,1,0,0,0,0,0,0,0,0,1,0,1,1,1,1,0,0,1,0,0,1,1,0,1,1,0,1,0,0,0,0,0,1,0,0,0,0,1,1,0,1,0,0,0,0,0,1,1,1,1,1,1,0,1,1,0,0,0,0,1,1,0,0,0,0,0,0,1,1,1,0,0,0,1,0,0,1,0,0,1,0,1,0,1,0,0,0,0,0,0,1.8096806203743163,0.0,0.0,0.946228701871562,1.4283650769680944,-2.204915028369559,0.0,1.8922527367301245,0.0,0.0,-2.2698771885729867,0.0,0.0,0.0,0.0,2.086796870019807,0.0,-0.6952061933685532,0.0,0.0,0.0,0.0,0.0,0.0,0.0,0.0,-0.3068742477241317,0.0,-1.4811117092723702,-0.6848709058391027,-2.6525531066872228,-0.1397908678309589,0.0,0.0,0.4311427080317489,0.0,0.0,0.1845120075235726,0.2598299716127781,0.0,-0.1594791054723499,3.8761718425606895,0.0,-0.6230455242141166,0.0,0.0,0.0,0.0,0.0,-1.4522650149901504,0.0,0.0,0.0,0.0,0.4303230731787046,-0.8876589200531393,0.0,-0.139710310373309,0.0,0.0,0.0,0.0,0.0,0.3398435901301266,1.7642014445568983,0.9192451032304464,-0.2042595721302917,0.5828846109383252,0.0849465145687049,0.0,-3.639364431376497,-1.8251913673115407,0.0,0.0,0.0,0.0,-0.774348468890788,1.8589288438707123,0.0,0.0,0.0,0.0,0.0,0.0,-0.6205668848915089,0.4087732936784429,-1.164732609529594,0.0,0.0,0.0,-0.197579749399283,0.0,0.0,-0.8213244462327978,0.0,0.0,6.3019151218814935,0.0,-3.8264975451676735,0.0,1.1651810659713773,0.0,0.0,0.0,0.0,0.0,0.0
CRC_MR_SBJ11C_17,1,1,1,1,1,1,0,1,0,0,1,1,0,1,0,1,1,1,1,1,0,0,1,1,1,0,0,1,1,1,0,1,1,0,1,0,0,1,1,0,1,1,0,0,1,1,1,1,1,0,0,1,1,0,0,0,0,0,0,1,0,1,1,0,1,1,1,1,1,1,0,0,0,1,1,0,1,0,0,0,0,1,1,0,0,0,1,0,0,0,1,0,1,1,0,0,0,1,0,1,0,0,0,0,1,0,0,1.5711317605988415,2.462405409302909,0.2890369423316041,2.9693986200269737,2.55670000608537,2.256900402255632,0.0,2.310697704596507,0.0,0.0,1.804083666478704,0.4960064399417833,0.0,-0.1550062283311234,0.0,2.9524081748264632,-1.4258971617662293,-0.2383319741224576,1.6122853593600983,0.8036101140144222,0.0,0.0,0.921293802624119,-0.5519772827044201,-0.263234089609779,0.0,0.0,0.4350699907913888,-0.4192114801637364,0.4754962434884412,0.0,-1.4105808647100495,1.19312285028991,0.0,1.29330724331476,0.0,0.0,0.4215795984540018,1.268113286269143,0.0,-0.0501526581946516,2.065901744916528,0.0,0.0,0.6814852604912044,-3.852176553882035,-0.920292061194857,-1.4204000867372764,2.671010823971645,0.0,0.0,-0.0287645290271124,-0.9403893459845282,0.0,0.0,0.0,0.0,0.0,0.0,-2.229771259132077,0.0,0.1249546280575955,2.6239405784974994,0.0,0.5368314126424,0.3079054266359869,-1.174460247394408,-3.2280565201428004,-1.798742067949104,-0.4398449709856836,0.0,0.0,0.0,-4.153385402632017,-1.667938475128136,0.0,0.9531101695142624,0.0,0.0,0.0,0.0,-2.220905785617721,2.1817378367448987,0.0,0.0,0.0,-2.2379516528907097,0.0,0.0,0.0,-1.591733904552748,0.0,-6.301264105865082,0.3539617212796041,0.0,0.0,0.0,1.260435418143474,0.0,0.3222550085510552,0.0,0.0,0.0,0.0,-3.4557089357784787,0.0,0.0
CRC_MR_SBJ20C_17,1,1,1,0,1,1,0,0,0,0,1,1,0,1,0,1,1,1,1,1,0,0,0,0,1,0,1,1,1,0,0,1,1,1,1,0,0,1,0,1,1,0,0,1,0,1,1,1,0,0,0,1,1,0,0,0,1,1,1,1,1,1,1,0,1,1,1,0,0,1,1,0,0,1,1,1,0,1,0,1,1,1,1,0,0,0,1,0,1,0,0,1,1,0,0,1,0,0,0,0,1,0,0,1,0,0,0,2.9358993302331315,-2.428049185987597,1.0104651733618686,0.0,2.708768602383195,2.33780113144375,0.0,0.0,0.0,0.0,2.372700201782447,0.441776752779214,0.0,1.0558718701013532,0.0,1.6005480711205893,-0.6737074328739259,-4.344748109543291,-0.62070522598519,-2.4409961723536586,0.0,0.0,0.0,0.0,0.6311724007596405,0.0,-6.375942817683741,0.6267932060807984,0.6724435910381409,0.0,0.0,1.8768997900123408,-0.0145402224724379,-0.4488622142890557,3.1243683100572035,0.0,0.0,0.5317834753710611,0.0,0.6178438896961722,-0.0693766601049982,0.0,0.0,2.393947099018577,0.0,-4.6036961626792685,2.2998458193221394,-0.7952836998056776,0.0,0.0,0.0,-2.066019476911204,-0.7377944721759717,0.0,0.0,0.0,-4.071909498513331,1.9146115907718249,0.8589973977306206,-0.7753760857452328,1.7910513103526216,-2.06329732862322,3.1408917807339227,0.0,2.926297446090912,0.1289092860272677,0.2187878066176282,0.0,0.0,-0.9917137123430289,0.6248407246225467,0.0,0.0,-1.6516378530507814,-4.860656336372747,-0.268177814879599,0.0,-0.4083478523836847,0.0,0.2845766606180037,-0.1828396642438621,1.8867320607258065,1.944293546264085,0.0,0.0,0.0,-1.9646388330640097,0.0,2.762526320690437,0.0,0.0,0.1291260975971824,-4.316630043434519,0.0,0.0,0.9707870957801534,0.0,0.0,0.0,0.0,1.1776401348727414,0.0,0.0,-0.8240510985373406,0.0,0.0,0.0
CRC_MR_SBJ21H_17,1,1,1,1,1,1,1,1,1,1,1,1,0,1,0,1,1,1,1,1,1,1,1,1,1,0,1,1,1,1,1,0,1,1,0,1,1,1,0,1,1,1,0,1,1,1,1,0,0,0,0,1,0,0,0,1,1,1,1,1,0,1,1,0,1,1,1,1,1,0,1,0,0,1,0,1,1,1,0,1,0,0,0,0,1,1,1,0,1,0,0,0,0,1,0,0,0,0,0,0,0,0,0,0,0,0,0,3.416957999419825,-0.974712872832706,1.3584297558901202,2.2990385971775766,1.7085173945293308,1.431420420151717,2.506616616908641,2.3004996319366926,2.0450254640527663,2.0326996584858903,1.618026764959548,1.2033924344287068,0.0,1.4002320022410015,0.0,3.1043915087562715,0.8473346366600357,-0.2192423081665815,0.0676222019229945,-3.695305076526197,3.445849002425499,1.2359970271320802,0.373195416783278,1.1360423819132794,2.1254290132747062,0.0,3.6990723796846208,2.2602042676927963,-0.0157019644190725,-0.3338333748257112,-2.6333615914951745,0.0,-1.976820072422987,-1.246364665986471,0.0,-0.8268520043376781,-0.3294119680490071,-2.1543623993408607,0.0,0.93809244373277,-0.5630985902219747,1.2529769441529988,0.0,2.274257603094406,-1.4205126343748389,-2.266935151531837,2.213683248757546,0.0,0.0,0.0,0.0,-1.839261183481211,0.0,0.0,0.0,-0.1877720450480087,1.12922916976594,0.6968616112308309,-0.6744553634923995,-6.27901231105829,0.0,-2.0217642778993365,0.4306109276898192,0.0,0.4689713922128519,-3.247764404543563,0.0530368842239972,0.7195254305516474,-2.8075237557691137,0.0,-0.276037340697232,0.0,0.0,-4.558996746689076,0.0,-0.6826437408717576,-2.219099945257674,-0.9098064349835048,0.0,-0.1593575330453891,0.0,0.0,0.0,0.0,-2.579040756224046,-1.7191613966853494,-1.9879208252243683,0.0,-1.1912260603377274,0.0,0.0,0.0,0.0,0.2041185639989613,0.0,0.0,0.0,0.0,0.0,0.0,0.0,0.0,0.0,0.0,0.0,0.0,0.0
CRC_MR_SBJ26C_17,1,0,1,0,1,1,0,1,1,1,1,1,1,1,0,1,1,1,1,1,0,0,1,1,1,0,1,1,1,1,1,1,1,1,1,1,1,1,1,0,0,1,1,0,1,1,0,1,0,0,0,0,1,0,1,0,0,1,0,0,1,0,1,0,1,1,1,0,1,1,1,1,1,0,0,0,1,0,0,1,1,1,1,1,1,0,1,0,0,0,0,0,1,0,0,0,0,0,1,1,0,0,0,1,0,0,0,3.50990351103394,0.0,3.0829498404218776,0.0,1.5500539291487896,1.5644226250042093,0.0,4.279994168810888,2.4235063211873724,1.5931576230891595,3.212089141507896,2.5700580768157453,-0.1389752855488266,-0.1738436887525878,0.0,2.710354067162013,2.699945402501509,0.1300690125940142,1.0580456999383063,-4.36110559909937,0.0,0.0,0.0545385687461523,3.618599137584464,2.682610410940361,0.0,-1.4689167101175855,1.2315125130792042,-0.3595792844428398,1.5306208245534405,-3.779621824527367,0.2361164170395469,2.5663881127749257,0.6486562978235754,-2.566869041658953,0.2961655907054543,0.2286487521043867,0.4504252326684783,0.360576974343649,0.0,0.0,-3.375821995738264,-3.2140811466443298,0.0,1.7594468893594035,0.1290344549419602,0.0,-0.6097125520962405,0.0,0.0,0.0,0.0,-0.7545407767632677,0.0,1.7348262076892231,0.0,0.0,1.8399769158162005,0.0,0.0,1.0026566857199324,0.0,1.4308912323796863,0.0,1.377950171146669,-1.3295638728486685,0.5808131458736108,0.0,-1.7058117504364712,-2.8238544286410976,-0.4480712005398246,-1.7861333786891815,-0.425726530078375,0.0,0.0,0.0,0.2836572546678269,0.0,0.0,-0.6868413573564045,1.6792270569860732,-3.0220401215819592,-1.740499769148134,-3.928241516803091,-6.440547140779206,0.0,-2.142290389170784,0.0,0.0,0.0,0.0,0.0,-1.9950986796678285,0.0,0.0,0.0,0.0,0.0,-1.90871599188196,0.5563521601228129,0.0,0.0,0.0,-5.477736393270158,0.0,0.0,0.0
CRC_MR_SBJ32C_17,1,1,1,1,1,1,1,1,1,1,1,1,1,1,0,1,1,1,1,1,0,0,1,0,1,1,1,1,1,0,1,1,1,1,1,0,1,1,1,1,1,1,0,0,1,0,1,1,1,1,0,1,1,0,1,1,1,1,1,1,1,1,1,1,1,1,1,1,1,1,1,1,0,1,0,1,1,0,0,0,1,1,0,0,1,1,1,0,0,1,1,0,1,1,1,0,0,1,0,0,0,0,1,1,0,0,0,3.555823920622992,-2.200003709240195,3.0744571907628395,2.9020213518241413,2.4721898011850936,1.8690854695961847,1.7159366688279205,1.8531085911866216,2.486809388620472,2.1536633086134658,1.978138380495812,2.4057157066493327,1.7529423970607434,2.3606393627427007,0.0,3.539508361864135,1.385938105869778,1.157675392436314,0.604481936871563,-3.257247947359293,0.0,0.0,-0.1923034479504912,0.0,-0.92025259602718,2.4832236789325446,2.0222462024242347,1.2645704360971337,0.1494492126785733,0.0,-1.0741383634947277,0.9549473576183064,0.3255089701805709,0.0728323443011753,0.2908921673213174,0.0,-5.067458124500465,-2.794353624515882,0.4777629642780683,-2.825916735538948,-0.1604468038246032,3.0763628367124136,0.0,0.0,1.3792189380979658,0.0,1.221894614867235,-0.119649595830394,-4.388375873407922,-0.5222040125254184,0.0,-1.4379906897137942,-4.156769648174979,0.0,2.562414473519305,1.6867161447638157,0.9776795644745172,2.172426374482708,2.0381996746951416,-0.0750512783766494,-1.5206057460726417,-0.7484813616382548,1.0122960790839592,-2.932994216552864,2.329579530805547,0.2293497234091042,1.546765604913252,1.2136384083845182,-0.2976734408889068,-4.312044555214518,-0.1917491832962539,-2.482512355171606,0.0,-2.421243706680116,0.0,-0.8098267712371539,1.4263548756969044,0.0,0.0,0.0,-2.5599958579566096,-3.4185846530641526,0.0,0.0,-0.3449767708410525,0.1286594615673693,-2.029340832774302,0.0,0.0,-0.7892413771693669,-1.1987042394423368,0.0,-2.3311335963719824,-5.563496048112075,0.4184277172935574,0.0,0.0,-0.3289101889752615,0.0,0.0,0.0,0.0,-0.7786837327703906,-4.477191607118563,0.0,0.0,0.0
CRC_MR_SBJ34H_17,1,1,1,0,1,1,0,1,1,1,1,1,1,1,0,1,1,1,1,1,0,1,1,0,1,0,1,1,1,1,1,1,1,1,0,1,1,1,1,1,1,1,0,1,1,1,1,0,1,1,1,1,1,0,0,0,1,0,0,1,1,1,1,1,1,1,1,1,1,1,0,1,1,1,1,0,0,1,0,0,1,1,0,0,0,0,1,1,0,0,0,0,0,1,0,0,0,0,0,1,0,0,0,0,0,0,0,3.238198018649032,0.2748597663868568,3.24345264182464,0.0,0.5940578220652487,0.7184135714696731,0.0,3.4140513490171003,1.166557321074578,1.3965036063597054,0.9969944838200544,0.1468342211513331,-0.8838668619005663,2.415023415668294,0.0,2.485324408394088,-0.7995245881320985,1.2678081371523946,0.6727299928382116,-3.5909992107125475,0.0,-0.268548867800916,1.4942512445013016,0.0,-0.3080293442070996,0.0,-0.8458034898193907,0.90715261316264,0.6636858778991614,-3.2071732777078643,1.2213249871974012,0.743694769356316,-3.324761019935251,-0.0884631516203857,0.0,2.685111699088046,-1.5471610793108304,-3.1658514081459583,0.008196407831049,1.5574482469034914,0.8524881775037352,1.963603643173324,0.0,3.6169549478140057,-1.2555873023864894,-4.535788527241076,3.4379877884956955,0.0,0.8477859744822989,1.170488375530483,1.5692153867295175,-1.051783939532399,-0.3681405023774418,0.0,0.0,0.0,0.4629771912997952,0.0,0.0,-2.529774454116058,0.2496608166125606,-0.9894994956593268,-2.825424696217016,0.4508240380038447,0.840977356579986,-1.3755923142931374,-0.4223549553119297,-3.3541880206696733,-0.7798157430736317,-2.3152392773384483,0.0,-3.16136374167657,1.105909312412012,-2.308219465486986,-3.0119149298831904,0.0,0.0,1.6586289040054285,0.0,0.0,-1.014908898506517,1.138092116827893,0.0,0.0,0.0,0.0,-1.0993303083832373,-1.122180764964776,0.0,0.0,0.0,0.0,0.0,1.732128237471504,0.0,0.0,0.0,0.0,0.0,-0.8581072323418848,0.0,0.0,0.0,0.0,0.0,0.0,0.0
CRC_MR_SBJ36C_17,1,1,1,1,1,1,0,1,1,0,1,1,1,1,0,1,1,1,1,1,0,0,1,0,1,0,1,1,1,1,1,1,1,1,1,1,1,1,1,1,1,1,0,1,1,0,1,0,0,1,1,1,1,0,0,0,1,1,0,1,0,1,1,0,1,1,1,0,0,1,1,0,0,0,0,0,1,0,0,0,1,0,1,0,1,1,1,0,0,0,1,1,1,1,0,1,1,1,0,1,0,0,0,0,1,1,1,3.453734728195476,-0.2756234775528681,0.0217823760092843,0.7462565331339922,2.1443750362579084,0.0894579351473687,0.0,1.767765191109769,2.2014408287972462,0.0,1.4114441238149011,1.9420452777855968,1.9986926810999432,2.001858342331169,0.0,-0.4434963776767053,0.0187883617966795,0.4922480965705182,1.0297075637207609,-1.5172999455781586,0.0,0.0,0.8526782064294718,0.0,-0.284400363066434,0.0,4.035705823058733,1.6124230559696364,1.502852161866293,-2.785953861918129,-1.3260056268889044,-2.15430766490313,-0.2858439433957214,0.1036933107713469,2.5692107734446075,1.4808949211670204,-1.0858389826011916,-2.9264005236666213,0.4311211246823384,-0.9902906792096002,-2.418128795978156,1.60672315670605,0.0,3.390464855751425,1.4665935056036652,0.0,2.224898705400057,0.0,0.0,2.761804892018538,0.5775132207952335,-0.6362707719149203,-0.7581830961423106,0.0,0.0,0.0,-6.458026197715684,0.8040088513727924,0.0,-2.728940323123707,0.0,-0.4588351666538162,1.1072225128192053,0.0,0.7570252262858457,-3.0466246458792865,-1.3755076264878172,0.0,0.0,-2.745705695630318,2.01408379638552,0.0,0.0,0.0,0.0,0.0,-1.7148793856043645,0.0,0.0,0.0,-2.255632429911828,0.0,1.138147148458392,0.0,-0.9560356546592812,-4.649317170173855,-1.98185556412766,0.0,0.0,0.0,-0.4580721476049068,0.4280338949789907,-6.096236153110181,0.8729333518353575,0.0,3.219191125667767,4.435489514014587,-0.870105528537972,0.0,-2.9987211852462474,0.0,0.0,0.0,0.0,0.8288151127678566,-0.6508852100723292,-2.2077011289892488
CRC_MR_SBJ37H_17,1,1,1,1,1,1,1,1,1,0,1,1,1,1,0,1,1,1,1,1,0,1,1,1,1,0,1,1,1,0,1,1,1,1,1,1,1,0,1,1,1,1,0,0,1,0,1,0,0,1,0,1,1,0,0,0,0,1,0,0,0,1,1,1,1,1,0,0,0,0,1,0,1,0,0,0,0,1,1,0,1,0,0,0,1,0,1,0,1,0,1,1,0,1,0,1,1,1,0,1,0,0,0,0,0,0,0,3.6995336105940777,-1.1787863931180431,-0.6686777210728716,-0.9057558196210364,1.91698132397476,0.1236916958492765,1.6832779652026677,1.3898369696577348,1.7207478698642729,0.0,1.4311376941378935,1.342915040993513,-0.0067037321310507,0.8446709037604756,0.0,-0.1824788976090618,-0.3230921777779334,0.1898752023900948,0.3795061386063539,-1.862423012481679,0.0,0.7042915327352719,1.081466349021604,-1.203254185563583,1.4898958102357445,0.0,0.0005169855325135,-1.2238419712463675,1.236038952775852,0.0,-0.4160937487905669,-1.86395536633728,-1.3191668516365112,-0.156561954073833,1.679258267725133,0.3865363294610391,-1.3535480651040577,0.0,-1.1135761962560518,0.8322869313715883,1.359382814176883,0.7737667032519783,0.0,0.0,-2.8911519576538627,0.0,2.334376958790829,0.0,0.0,2.735929722372981,0.0,-1.89827524054573,-1.0490829332027136,0.0,0.0,0.0,0.0,-0.219154077956303,0.0,0.0,0.0,-1.7311212751844254,0.7874037508807277,0.0126076290010325,0.246236710803989,-3.127229257752641,0.0,0.0,0.0,0.0,-0.8477896512945189,0.0,0.8627040057789659,0.0,0.0,0.0,0.0,-0.8339576175937793,-1.0270476777982565,0.0,0.0209828161248046,0.0,0.0,0.0,-0.6965268099071575,0.0,-3.374326050089344,0.0,-0.4472146933964793,0.0,-0.3607302929685883,-1.0943429535170457,0.0,-1.5309944953732582,0.0,1.9068824063314216,3.846850575897079,-1.5931442128037543,0.0,-0.5195843774427735,0.0,0.0,0.0,0.0,0.0,0.0,0.0
CRC_MR_SBJ47C_17,1,0,1,0,1,1,0,1,1,0,1,1,1,1,1,1,1,1,1,0,0,1,1,1,1,1,1,1,1,1,0,0,1,1,1,1,1,0,1,1,1,0,0,1,1,0,1,0,0,1,0,0,1,0,0,0,1,1,1,0,0,0,1,1,1,0,1,1,0,1,1,0,1,0,0,1,0,1,0,0,1,1,0,0,1,0,1,0,1,0,0,0,0,1,0,1,0,0,0,0,0,0,0,0,0,0,0,3.235998427479686,0.0,0.8729204741453923,0.0,2.4513113024510385,3.9640296475464334,0.0,1.7433252671961763,2.3300173096013186,0.0,1.3295000142895523,1.0432650775897294,0.9064305118806236,2.198140096343562,-0.928362210582385,1.787242803678034,-0.3525622032990594,-1.0945943678492982,0.022580979070516,0.0,0.0,-1.26414481842641,1.1274523298302788,-1.3786624139605228,1.3347685071309112,1.2821368418073296,0.3276367944091852,-1.5644531849884886,-2.0184261339605927,0.3373474013177011,0.0,0.0,-0.183494492867329,-1.098766709503023,3.794520829574779,-1.930104626055304,0.6045922409684142,0.0,-0.7279493773047796,-0.2334153320390297,2.374132509189596,0.0,0.0,-4.135502779232165,-3.169700642623594,0.0,1.4632628356368147,0.0,0.0,1.5873579070968835,0.0,0.0,-2.7625546600651685,0.0,0.0,0.0,-0.0530978990481778,1.6932144254845345,1.0799989413779487,0.0,0.0,0.0,-0.2199632368015143,1.456233016278678,-0.4699035832781051,0.0,0.620240265235301,-0.8487559240267619,0.0,-3.126660489992764,-3.97649379025383,0.0,0.0142239288415209,0.0,0.0,-0.3763307935049922,0.0,1.3330527001412218,0.0,0.0,-0.8019463694323796,-2.1173223071238274,0.0,0.0,-3.251547428000946,0.0,-1.8740948574625165,0.0,1.949061344940336,0.0,0.0,0.0,0.0,1.1158083423795575,0.0,-5.42099244123009,0.0,0.0,0.0,0.0,0.0,0.0,0.0,0.0,0.0,0.0,0.0
CRC_MR_SBJ51C_17,1,1,1,0,1,1,0,0,1,0,1,1,1,1,1,1,1,1,1,0,0,0,1,1,1,1,0,1,1,1,1,1,1,1,0,0,1,0,1,1,1,1,0,1,1,0,1,0,1,1,0,0,1,0,1,1,1,1,1,1,1,0,0,1,1,1,1,1,1,0,1,1,0,0,0,1,1,1,0,1,1,1,0,0,0,0,1,0,0,1,1,0,0,0,1,1,1,0,0,0,0,0,1,1,0,0,0,3.1686509198023964,-0.2031900902526155,0.9101598076812636,0.0,2.2847084444461343,-0.1313767575289437,0.0,0.0,1.3710191302977408,0.0,-0.1040157785117403,1.712799153621897,1.8697649421976128,0.962320334002466,1.538278679013933,3.17823605177284,-2.7987764171760423,-0.1746447377774593,0.7612169229368462,0.0,0.0,0.0,-0.4002977006970949,-2.029354301853368,-0.4766307983275031,1.5228578218012516,0.0,0.9133010070601266,0.1359469014557472,-3.1736045558223167,-1.1853956706542346,-0.754898087936406,0.7322644953412242,-1.4739635263438935,0.0,0.0,-4.788083890529343,0.0,-1.1876609003617171,0.2932307783007821,-3.217664545616348,-0.9358645443606406,0.0,0.7306585341323151,0.1036215011238751,0.0,2.436511741323062,0.0,-0.9094646147379728,2.1053271223604915,0.0,0.0,-4.886648457584897,0.0,1.4117073978753898,2.5876739193631946,3.8515166859019176,-5.847753205248846,0.890683115573326,-2.1016864025283897,-1.834377705560412,0.0,0.0,1.7213736738969063,1.195306632951676,-1.265446576426632,0.5514308513382975,0.3333842831117463,-0.9437137574184088,0.0,1.7470001790880432,-0.7362675509726495,0.0,0.0,0.0,-0.1133337611307547,-0.4188645520369456,2.190563778418058,0.0,-2.515176740447817,-0.6522532943821644,-1.5877176664606203,0.0,0.0,0.0,0.0,-1.0256252270336303,0.0,0.0,-1.2898275036089497,0.3053118810155734,0.0,0.0,0.0,2.2758910970695614,2.854320765356269,3.125159793954737,0.0,0.0,0.0,0.0,0.0,-1.0081698756883135,-1.6004491485696395,0.0,0.0,0.0
CRC_MR_SBJ52C_17,1,1,1,0,1,1,0,1,1,0,1,1,1,1,0,1,1,1,1,1,0,1,1,1,1,0,1,1,1,1,0,1,1,0,0,1,1,1,1,1,1,1,0,1,0,0,1,0,0,1,0,1,1,0,0,1,0,1,1,1,1,1,1,1,1,1,1,1,1,1,1,1,0,1,0,0,1,1,0,0,1,1,0,0,0,0,1,0,1,0,1,1,1,1,0,1,0,1,0,0,0,0,0,0,0,0,0,3.967738764474716,0.0902557259266088,2.0071590929849026,0.0,2.6305963554731715,2.8622366733048845,0.0,-4.190344087400472,2.326967825169339,0.0,-1.6441064763705897,-0.7444403731446649,3.0090331277028946,0.935120267378022,0.0,3.3044893973776777,-0.6516722713048599,1.1143157357917826,0.4768699565849569,-0.8391763765175115,0.0,1.994385112509785,0.7279585715842599,-1.5722580213387718,-0.7301839480668886,0.0,1.888459767156304,1.830558988819567,1.216393298935053,-2.619010394513549,0.0,0.679353648630293,-1.9693795227611792,0.0,0.0,-0.2579003803992623,-0.2944870865606519,-0.6452153762156971,-0.1211248514959451,-1.3728875121208914,-5.671048132991437,1.9841549754990009,0.0,3.7593442838402593,0.0,0.0,1.413659529055363,0.0,0.0,2.682360331054868,0.0,0.3822749860098099,-1.185978021357501,0.0,0.0,1.732127588220559,0.0,-0.1215098518857011,1.6257409671460072,-1.915389476871995,-0.177538597091911,0.5288784602016854,2.2705291766676585,-2.718822973819457,0.8165454614041348,0.4719682460290049,0.3262163933546088,-2.320623076702705,-3.745138650642793,-4.448438202666756,-2.3559624431480137,-0.4594541561024821,0.0,-2.81082941326596,0.0,0.0,-1.1828568506150368,1.2957603532342616,0.0,0.0,-0.0048955582951462,-2.0113018291474427,0.0,0.0,0.0,0.0,-0.8400449461958681,0.0,-1.254357036411772,0.0,0.4152989597441322,0.3431994528800124,-5.541236521469447,0.8883006117551424,0.0,3.2674887130458794,0.0,1.1518716179457429,0.0,0.0,0.0,0.0,0.0,0.0,0.0,0.0,0.0
CRC_MR_SBJ57H_17,1,1,1,0,1,1,0,1,1,1,1,1,1,1,0,1,1,1,1,0,0,1,1,1,1,0,1,1,1,0,1,1,0,0,1,1,1,1,0,1,1,1,0,1,1,0,1,0,0,1,0,1,1,0,0,0,1,1,1,0,1,1,1,1,1,1,1,1,1,1,0,1,1,0,0,0,0,1,0,1,0,0,1,0,1,0,1,1,1,0,0,0,0,1,0,1,0,0,0,0,0,0,0,0,0,0,0,1.833086072313688,-2.394218429109007,1.238924922120355,0.0,1.6444000723350725,2.558149750038476,0.0,1.6700295371716285,1.0365207877811486,1.7786176040488826,1.773660004522835,-0.0189575656006139,-0.4132405411623164,1.732228204323377,0.0,1.5880652404284956,-0.5533468283070339,-0.4152233262077173,0.0073792875990359,0.0,0.0,0.2980093599181403,0.6483591485690866,-1.0828652675437065,-1.805874717552488,0.0,1.3090880241236873,2.5909622799265835,0.4614680687681182,0.0,-1.0056471999745202,-1.0013353811983992,0.0,0.0,2.574657318928009,-0.2249888999832148,-0.8682215916093369,-3.0708624658210564,0.0,0.0447035543904125,-1.830864805089118,1.552838986562056,0.0,3.5855239311234124,-1.1039069152873524,0.0,0.5432499511249373,0.0,0.0,1.8712506979901573,0.0,-0.9867792470436236,-0.2460993912509471,0.0,0.0,0.0,1.0551574549560758,0.2597713046617399,1.7081140518746727,0.0,-0.3538243764710466,-0.783595898347928,-1.1952730576755823,-2.81681137704377,-0.1707969378755743,-2.306751263597357,-1.3008626946541495,0.756988991140227,-0.7711064830957889,-3.563175898578688,0.0,-1.6824403251873683,0.2099644549677692,0.0,0.0,0.0,0.0,0.3944950021525436,0.0,-1.7358613990887166,0.0,0.0,1.1217638046573548,0.0,-2.4813334233779467,0.0,-2.021892722433183,-0.7293585334496598,-0.923123361590086,0.0,0.0,0.0,0.0,-0.3727267217760249,0.0,2.383939178465348,0.0,0.0,0.0,0.0,0.0,0.0,0.0,0.0,0.0,0.0,0.0
CRC_MR_SBJ61C_17,1,1,1,1,0,0,0,1,1,0,1,1,1,1,0,1,1,0,1,1,0,0,1,0,0,0,1,1,1,1,0,1,1,1,0,1,1,1,0,0,1,1,0,0,0,0,0,1,1,1,1,1,1,0,0,1,0,0,0,1,1,1,0,0,1,1,1,0,1,1,1,0,1,0,1,0,0,0,0,0,0,1,0,0,1,0,1,1,0,0,0,0,0,1,0,1,0,0,0,1,0,0,0,0,0,0,0,1.864733669235641,-0.1133283181288424,2.263862281307837,-2.2001107357054828,0.0,0.0,0.0,1.6003787201623914,1.483878733114262,0.0,2.686237950769934,-2.0267639525775563,1.9132340835381847,0.3289659561679233,0.0,2.6619070405432126,-2.05470901807146,0.0,1.4892195822012515,-1.8444780013451936,0.0,0.0,2.2363791826813406,0.0,0.0,0.0,-2.6002546606003665,3.57332056056699,0.0984775595848542,-1.0007981636572194,0.0,0.5951639520165435,0.9071179161504432,1.0812531100706186,0.0,-1.3343647551694366,-2.081650422678137,1.795045880433021,0.0,0.0,2.5996278617422224,1.3434594694607662,0.0,0.0,0.0,0.0,0.0,-1.956049285729592,3.353068423960801,-1.2272206893477309,-2.752700955960492,-4.898301167891405,0.7401877837038564,0.0,0.0,1.194322629073247,0.0,0.0,0.0,-2.5471056213942385,0.2643909712844275,-5.67400994914437,0.0,0.0,0.2027380647952367,0.3633913585905278,0.250925024958883,0.0,-3.332834858880456,1.0011825566070656,3.5472606337767525,0.0,-2.092314165249775,0.0,-0.2549267503593717,0.0,0.0,0.0,0.0,0.0,0.0,0.659400701480422,0.0,0.0,-2.3200874867725907,0.0,-0.00390293527435,-2.617845936405461,0.0,0.0,0.0,0.0,0.0,1.1134006142398956,0.0,3.3850747288142906,0.0,0.0,0.0,-1.6638491706893084,0.0,0.0,0.0,0.0,0.0,0.0,0.0
CRC_MR_SBJ63H_17,1,1,1,1,1,0,1,1,1,0,1,1,0,1,0,1,1,0,1,1,0,0,0,0,0,0,1,1,1,1,0,0,1,0,1,0,0,1,1,0,1,1,0,0,1,1,0,1,1,1,0,1,1,0,1,1,0,1,0,1,1,1,0,0,1,1,1,1,1,1,1,1,0,1,1,1,0,0,0,0,0,0,0,1,1,1,1,0,0,1,1,1,1,1,0,1,0,1,1,1,1,0,1,0,0,0,0,2.0853717981308595,3.84466200846084,1.5279529913997876,3.667707877206807,2.2919584376693454,0.0,1.496346621204476,2.267458374075648,0.6026177631734428,0.0,-0.73954641715736,1.2987109465716211,0.0,2.2927621643409304,0.0,4.659008007496563,-0.5589521896022633,0.0,0.7616998884169726,0.8519404072611796,0.0,0.0,0.0,0.0,0.0,0.0,3.710532804865794,1.8021565201320329,-0.3151943913951962,1.3027363866004522,0.0,0.0,1.2658705960121035,0.0,3.429495076836825,0.0,0.0,0.03204911929778,0.280944394015107,0.0,-6.051766688874388,2.494996955200964,0.0,0.0,1.8397435590356788,-1.7113436040555818,0.0,-3.2854475796482023,3.0439391855930173,0.8272598432748771,0.0,-2.183486606394161,-0.7837023654973723,0.0,0.5879522699028026,0.896592960949689,0.0,1.5822416725646893,0.0,1.9185591074285933,-0.9362910143671934,-1.3696354617501685,0.0,0.0,1.5596404033127798,-0.1824697757406137,0.1938748521279765,-5.715294452253176,0.1759550486931869,0.1685451124644816,1.270387010430738,-1.811591678440748,0.0,-2.5318977774947338,-0.9676331322690892,-6.113642092592476,0.0,0.0,0.0,0.0,0.0,0.0,0.0,-3.0803271078894414,-1.8464772327005603,0.0073097766436136,-2.0232058671982904,0.0,0.0,-0.5123872705097967,-1.18315589480755,-6.437429169686373,-1.6443160018603482,2.7007515571581044,0.0,-0.3234216913899348,0.0,-2.1554666439114785,-5.820654967911002,0.3081531407078577,1.065130575386144,0.0,0.1717218613537408,0.0,0.0,0.0,0.0
CRC_MR_SBJ68H_17,1,1,1,1,1,1,0,1,1,1,1,1,1,1,0,1,1,1,1,1,1,0,1,1,0,0,0,1,1,0,1,1,1,1,1,1,0,1,1,1,1,1,0,1,1,0,0,0,0,0,0,0,1,1,1,1,0,1,0,0,1,0,1,0,1,1,1,1,1,1,1,1,0,0,0,0,1,1,0,0,1,0,0,0,1,0,1,0,0,1,1,0,0,1,1,0,0,0,0,1,0,0,0,0,0,0,0,1.5477471355609254,0.1545621408457372,3.386249528848138,0.3316208159094673,2.9245614321033413,2.554739565677722,0.0,0.958805867773608,0.7836207338376704,1.551015495895035,1.151508804466116,1.1723381802551496,-1.1099371485293117,2.799349292805944,0.0,2.7745770458918604,-0.5635156486677586,-1.1139869580366195,-1.0096284984050063,-4.847176899635016,0.0315965717435586,0.0,-0.3233499055728195,-3.399621041610823,0.0,0.0,0.0,1.8641945111778755,-2.921585240667823,0.0,0.2173583967350476,-0.711115436581583,3.064169616084504,-1.1727515856246264,3.556743287234485,-1.3711154281037097,0.0,-2.849019811004733,-0.6798122870705345,-0.82137404715073,1.3905623216884453,1.0956035246123634,0.0,3.862272690394877,1.0316201153971447,0.0,0.0,0.0,0.0,0.0,0.0,0.0,-0.0361378683823363,2.3196213889222803,-0.6189475174798227,-1.055792990082728,0.0,0.3971454452023587,0.0,0.0,0.0760925076433793,0.0,-0.1182886576495996,0.0,0.6514993316802985,-0.3607333351346549,-0.5803869064436014,-0.6840159756866098,-0.9645343729988056,-1.8401369582570704,1.1828746552953706,-4.130835102094602,0.0,0.0,0.0,0.0,-1.323155060043551,1.6795610709118465,0.0,0.0,-1.568602768448267,0.0,0.0,0.0,-1.571190796862759,0.0,-3.642482334180671,0.0,0.0,-1.985698301149372,-1.1335167853849768,0.0,0.0,1.6604509858198775,-1.4848729681963355,0.0,0.0,0.0,0.0,-0.1787438252775686,0.0,0.0,0.0,0.0,0.0,0.0,0.0
CRC_MR_SBJ73H_17,1,1,1,1,1,0,0,1,1,0,1,1,1,1,0,1,1,1,1,1,1,1,1,1,1,0,1,1,1,1,1,0,1,1,0,1,1,1,1,1,1,1,1,1,1,1,1,0,0,1,0,1,1,0,0,1,1,1,1,1,1,1,1,1,1,1,1,1,1,1,1,0,1,1,0,1,0,1,0,0,1,0,0,0,0,0,1,0,0,0,1,0,0,1,0,1,0,0,0,0,0,0,0,0,0,0,0,4.026739288237152,1.1701648976297454,0.958218252139859,1.323303400887497,2.5133298709466327,0.0,0.0,2.8806092673928654,2.2217935710038765,0.0,1.994721890124475,1.4181559246836832,1.4449014883144966,1.123943840363193,0.0,2.3290976674239623,-0.8806783365245181,-0.7521258256026875,0.5107414247959955,0.31966336505968,2.453781578656341,2.170771957135596,0.3508878549967715,2.0514277053245578,0.5254447401661787,0.0,3.731037639009336,1.334461511035352,-0.0200854035858739,-0.6448789276108302,0.1371594460108911,0.0,2.039252619556828,0.0737455147320049,0.0,-0.5632762267523259,0.3197738714553502,-2.702240719269691,-2.953717222105248,-2.130143390707985,0.7700321937875318,1.221892439006811,-5.623136010067022,3.2204532596524458,-1.120756545074094,-4.005312304256647,1.91841864376086,0.0,0.0,3.0965046705837507,0.0,-1.915486453271094,-1.911877271730176,0.0,0.0,2.767705964493776,-2.7222929523035604,-0.9465758279922568,-3.0357677793170708,-4.399360578444906,-0.2373863025155604,-0.5780823388080594,2.8937181765251525,-3.11997591996967,1.8685505581820177,-2.8188191489345296,-0.6229409913885757,1.1551338157662254,-5.397889408556033,-6.264989896239415,0.3756699438993288,0.0,-1.207216595685756,-2.484899562072095,0.0,-0.3320022788904095,0.0,-0.1556089890298155,0.0,0.0,-0.3860783353707644,0.0,0.0,0.0,0.0,0.0,-3.036559858566403,0.0,0.0,0.0,0.0543024892495782,0.0,0.0,1.059869164627595,0.0,3.144781494025686,0.0,0.0,0.0,0.0,0.0,0.0,0.0,0.0,0.0,0.0,0.0
CRC_MR_SBJ74H_17,1,1,1,1,1,1,0,1,1,0,1,0,1,1,0,1,1,1,1,1,0,0,1,1,1,0,1,1,1,0,1,1,1,0,1,0,0,1,1,1,1,1,1,1,1,0,1,0,0,1,0,1,1,0,1,1,0,1,0,0,0,1,1,1,1,1,1,1,1,1,0,1,1,1,1,0,0,1,1,1,1,1,1,0,0,0,0,1,1,0,0,1,1,1,0,1,0,0,0,1,0,0,0,0,0,0,0,3.943034441060925,-0.6421764772101015,1.2409886561244403,1.797417240161939,1.6845357925024445,1.7580529680482455,0.0,2.848388345457661,1.5774772340835193,0.0,2.12871017519315,0.0,2.154943098885352,1.289639165241624,0.0,2.207912952739016,-1.1018284555045796,0.0260156990533053,0.8797962488700266,-1.275290381805577,0.0,0.0,-1.8731976212557235,2.816589561050456,1.2071989783583743,0.0,2.488463830352176,1.8592011930046723,-0.1814538363222091,0.0,-0.8901173331332939,0.2751119109380788,-1.4396440211833696,0.0,1.607959616098588,0.0,0.0,-1.4660948943466745,0.2768860983481827,0.0287106939469661,-0.4379570166778055,1.063435148798627,-5.876092065407598,3.568780098342656,-0.8347369140380576,0.0,3.272109638521361,0.0,0.0,2.871828157603943,0.0,-1.8357435019209327,-0.5452950978476516,0.0,-0.447365161337198,3.194030875858978,0.0,0.0155167300097471,0.0,0.0,0.0,-1.1419199601583352,1.8830953731001976,-4.37486773761373,0.8604185424745319,-3.873227023424812,0.0311892695119964,-1.067248702911141,-2.29649819889523,-1.850740374672449,0.0,-3.88191517538245,-0.3948123217937576,-2.573629524431132,-1.8061890789121908,0.0,0.0,-0.687918717016742,-5.073745592882661,1.1039242430840202,0.8199603772424908,-3.534532837981777,2.720897649535192,0.0,0.0,0.0,0.0,-2.59846365646887,1.114140824286702,0.0,0.0,-0.8026023597983265,-4.097236001015451,0.656745962867717,0.0,3.1692406114697667,0.0,0.0,0.0,-1.539807360877263,0.0,0.0,0.0,0.0,0.0,0.0,0.0
CRC_MR_SBJ75H_17,1,1,1,1,1,1,0,1,0,0,1,1,1,1,0,1,0,0,1,1,0,0,0,0,1,0,1,1,1,1,1,0,1,0,1,0,0,1,1,0,1,1,0,1,0,1,1,1,1,1,0,0,1,1,1,1,0,1,0,1,0,0,1,0,1,1,1,0,1,1,1,1,0,0,1,0,0,1,1,1,1,0,1,1,0,0,1,0,0,0,0,1,0,1,0,1,1,1,0,0,0,1,0,0,1,1,1,3.479569369124768,0.8941094184117736,-2.756287743316485,0.3960616561929445,2.755246682604424,2.281734573246321,0.0,1.990429986764568,0.0,0.0,0.3455233807958534,0.3571828971128932,1.9884040240671204,2.2152235833652303,0.0,2.6376640994639216,0.0,0.0,1.0254090647576928,-0.5207233113987266,0.0,0.0,0.0,0.0,-2.71253537317701,0.0,-0.2658270316867084,2.687840526683964,0.6673199573456352,-1.7561732891944957,0.7176587072303514,0.0,-3.686493943252615,0.0,3.915313838845383,0.0,0.0,-0.3076680907870068,-0.6483002554303916,0.0,2.000580728030084,1.9996606077879688,0.0,2.9059082067848925,0.0,-3.013289527196144,0.770146677475583,-2.732944244808217,-0.2135784614088312,3.095490109841386,0.0,0.0,-1.3070657684266174,2.874251994863416,0.7557825708686923,-0.4703224086260087,0.0,1.4393639043732396,0.0,2.0595627193879578,0.0,0.0,2.1432905880136723,0.0,0.2329410160998029,-2.8062595098257,-0.3558374914842785,0.0,-3.338262186224496,-1.2858231395872215,-1.221963333538125,-5.000319527558957,0.0,0.0,-1.4436182858901228,0.0,0.0,1.7088460907903062,-6.502030059324965,-1.152999353765032,-1.9270997585265912,0.0,2.0339723583265488,-3.764627646210228,0.0,0.0,-1.854779096946965,0.0,0.0,0.0,0.0,0.5633834187519762,0.0,0.4427339956451324,0.0,1.7610228302896846,0.9372917037826958,-3.340963673684656,0.0,0.0,0.0,0.0504474754719046,0.0,0.0,1.002806615866629,-0.1111113414512017,-2.635271525736634
CRC_MR_SBJ77H_17,1,1,1,0,1,1,0,0,1,0,1,0,1,1,0,1,1,1,1,1,0,1,0,0,0,0,1,0,1,1,1,1,1,0,0,0,0,1,0,1,1,1,1,0,1,1,1,1,0,0,0,1,1,0,1,1,1,1,0,1,0,1,0,0,1,1,1,1,1,1,0,1,1,1,1,0,1,1,0,1,0,1,0,1,0,0,1,1,1,0,0,0,0,0,0,0,0,0,0,1,0,1,0,0,0,0,0,2.133351612312055,-0.4831914600310703,3.1014720387408428,0.0,2.3712972539598134,0.7989093201772987,0.0,0.0,0.9603152142092264,0.0,0.9863080920680656,0.0,2.474088516316944,1.5589206286804205,0.0,0.99083118079565,-1.1311574298602518,-1.1852995915796698,-0.5494484402249451,-2.80362554331798,0.0,-1.0529767198092848,0.0,0.0,0.0,0.0,0.3968783389050099,0.0,-1.6417261575713953,-0.1559562790003135,-2.3646922480460826,1.2864942700254276,-3.687854965406977,0.0,0.0,0.0,0.0,-0.5016563403043961,0.0,-2.197816300829151,1.637473185170225,2.8815567619182314,-3.4404127588085807,0.0,-1.9573543770661368,-3.357613278536401,0.5476008849624152,0.6129144562643087,0.0,0.0,0.0,-1.5579978436106372,0.029829222714844,0.0,2.136428724462727,3.5342593941037417,2.9483915078045984,1.581129536106701,0.0,-2.730911197384608,0.0,-0.0528546895129804,0.0,0.0,3.541582255850601,-1.061118120179759,0.5414330355114465,-1.06914522077841,-1.4540409406384658,-0.8062168874795672,0.0,-0.0986585923458904,1.985596359134392,0.3026002781492417,-0.4671919186958293,0.0,-0.2069398213590931,-1.4358442360156194,0.0,0.1295160286696295,0.0,1.0251943011205529,0.0,1.43631603190407,0.0,0.0,-3.2852926169567747,-0.8008013358144137,1.047940219820143,0.0,0.0,0.0,0.0,0.0,0.0,0.0,0.0,0.0,0.0,-0.0028962307567863,0.0,-1.4379371079371568,0.0,0.0,0.0,0.0,0.0
CRC_MR_SBJ81H_17,1,1,1,0,1,1,0,1,0,0,0,0,0,0,0,1,1,1,1,1,0,0,0,0,0,0,0,0,1,1,1,1,1,1,1,0,0,1,0,1,1,0,0,0,1,0,1,1,0,1,0,1,1,0,0,1,0,0,0,0,1,1,0,0,1,1,1,0,0,1,1,0,0,1,0,0,0,0,0,0,0,0,1,1,0,0,1,0,0,0,0,1,1,0,0,0,0,1,0,0,1,0,0,0,0,0,0,2.9696090740630927,-1.2049255700046684,-2.286174479383108,0.0,2.2898944601538425,3.0569212105626646,0.0,2.5162761460110525,0.0,0.0,0.0,0.0,0.0,0.0,0.0,4.094827285959759,1.8000008088042063,-1.9377503127836864,1.5532134070402703,-1.8493471004431383,0.0,0.0,0.0,0.0,0.0,0.0,0.0,0.0,-0.2157247409296612,1.357847864812307,2.4190953324112088,0.7921693492052151,0.2222527152060929,-2.4377606899320146,4.32101802802092,0.0,0.0,1.020267965350694,0.0,-1.0386012330152383,2.5059333167406788,0.0,0.0,0.0,1.3093422554535756,0.0,0.5050168833031711,0.1289492987494348,0.0,-5.457687692073063,0.0,-5.588307874490127,-0.170176805081851,0.0,0.0,-0.4324654294449226,0.0,0.0,0.0,0.0,-0.6641485123172335,-6.078672426384777,0.0,0.0,1.3670482311889829,-0.3102327667457614,0.0064899542148573,0.0,0.0,0.793390086130521,-0.647163914963337,0.0,0.0,-3.0257465778649744,0.0,0.0,0.0,0.0,0.0,0.0,0.0,0.0,2.5328477228512214,-2.725885534142191,0.0,0.0,-0.5970318951148788,0.0,0.0,0.0,0.0,-1.050885488236527,0.0414858814857517,0.0,0.0,0.0,0.0,-1.9291287054941813,0.0,0.0,2.04392047112582,0.0,0.0,0.0,0.0,0.0,0.0
CRC_MR_SBJ82H_17,1,1,1,0,0,1,0,0,1,1,1,1,1,1,0,1,1,1,1,1,0,1,1,0,1,0,1,1,1,1,1,0,1,1,0,0,1,1,0,1,1,0,0,0,0,0,1,1,0,1,0,1,1,0,1,1,0,0,0,0,0,1,1,0,0,1,0,0,0,0,0,0,0,1,1,0,0,1,0,0,1,0,0,0,1,1,1,0,0,0,1,1,1,0,0,0,0,0,0,0,0,0,0,0,0,0,0,3.1517874855347974,-1.582391557684118,1.7656344482475466,0.0,0.0,2.39651765521158,0.0,0.0,1.2431885429873994,1.519735288899001,2.387009755832301,1.213229357114792,1.1681979818811297,1.7466911604325066,0.0,3.070347976350968,-1.5686286677542711,0.5377704182970237,-0.0164105478482309,-1.1186755053624822,0.0,2.0489728561970444,-0.1474229005369791,0.0,2.133747051087833,0.0,1.7928865698821452,-0.3960276604058387,0.2376328165545668,-1.927810926002788,0.9828181634744269,0.0,-2.7129265957051545,-3.536800642418329,0.0,0.0,-1.7781961776121715,0.4844752189905154,0.0,-3.085358812406802,-2.600546216104612,0.0,0.0,0.0,0.0,0.0,-0.9765731640513984,-0.6496703784463359,0.0,2.88957421369536,0.0,-0.1909270452427449,-1.7094606732608573,0.0,1.4031439778493582,3.7732057228979103,0.0,0.0,0.0,0.0,0.0,0.3068747543298559,2.35646793692106,0.0,0.0,-1.7772959139027278,0.0,0.0,0.0,0.0,0.0,0.0,0.0,-2.726451459627768,-3.101175101850087,0.0,0.0,0.4059623376478075,0.0,0.0,1.5662801623821283,0.0,0.0,0.0,-1.28617727989295,0.4622698359374746,-1.3011567555454695,0.0,0.0,0.0,0.260256490595585,-4.463601981563335,-2.650992216006656,0.0,0.0,0.0,0.0,0.0,0.0,0.0,0.0,0.0,0.0,0.0,0.0,0.0,0.0
mix1_N702-N505_CGTACTAG-GTAAGGAG,1,1,0,0,0,1,0,1,0,0,0,0,1,1,0,1,1,0,0,1,0,0,0,0,1,1,1,0,1,1,0,1,1,1,0,0,0,1,0,0,0,0,1,0,0,1,0,1,0,0,0,0,1,0,1,1,0,0,0,0,0,0,0,0,1,1,0,0,0,1,1,0,0,1,1,0,0,0,0,1,1,0,0,1,0,0,0,0,0,0,0,0,1,0,0,0,0,0,0,0,0,1,0,0,0,0,0,1.9564630610692528,-1.52855387321815,0.0,0.0,0.0,-5.539789502427553,0.0,4.37843833866257,0.0,0.0,0.0,0.0,2.9408735465499705,-2.3030103860668243,0.0,4.750959037574007,2.7464691136244124,0.0,0.0,-1.782849510956667,0.0,0.0,0.0,0.0,-3.5057165657775675,2.4784039206821604,2.7732744509594043,0.0,1.5120754301717354,2.948116613267006,0.0,3.1433335687692847,-0.6640998109249721,0.9165073957785193,0.0,0.0,0.0,1.9220671560983864,0.0,0.0,0.0,0.0,-3.9810791135031103,0.0,0.0,-4.473967036582434,0.0,2.423374952545701,0.0,0.0,0.0,0.0,-0.7023135654834671,0.0,-4.313487221703528,-6.517040934091395,0.0,0.0,0.0,0.0,0.0,0.0,0.0,0.0,4.0648600745151615,-0.5963821252105255,0.0,0.0,0.0,0.9476817309446656,0.4296328145708683,0.0,0.0,-4.080924448472826,1.488049628058104,0.0,0.0,0.0,0.0,-3.73733474408275,-0.0609891858502851,0.0,0.0,0.6863858452691425,0.0,0.0,0.0,0.0,0.0,0.0,0.0,0.0,1.2805320229864958,0.0,0.0,0.0,0.0,0.0,0.0,0.0,0.0,3.932225521308119e-05,0.0,0.0,0.0,0.0,0.0
mix3_N707-N505_CTCTCTAC-GTAAGGAG,1,1,1,1,1,1,1,1,1,1,1,1,0,1,1,1,1,1,1,1,0,1,1,1,1,0,1,1,1,0,1,1,1,1,1,0,1,1,1,1,0,0,1,1,0,1,1,1,0,1,0,1,1,1,1,0,0,0,0,0,1,1,1,1,0,1,1,1,0,1,1,0,0,0,0,0,0,1,0,1,0,1,0,0,0,0,1,0,1,0,0,1,0,0,0,1,0,0,0,1,0,0,0,0,0,0,0,3.090421460093249,2.5322028881014784,1.688700516518485,1.4666412338070722,2.491836970508912,2.3522838448825616,3.9965261419503264,2.406328464667792,1.406225096198943,1.1581932218575512,2.8327758317103706,1.6074734053258244,0.0,0.9241685307285696,2.7376167645668064,1.1964487445854244,0.9187808864836255,0.6940890329158504,-0.737543655337731,0.1788135239267271,0.0,2.1382623645230754,0.2093846188395115,-0.6096597834085491,-0.6062158317221464,0.0,0.2148346438979638,1.45323674166029,1.1019749505871002,0.0,-0.613291677741143,-2.210770865187609,0.3468586838854502,0.4665221740984071,3.3455029121879587,0.0,-1.055059226094883,-2.667239370594759,-1.1391951924763053,-4.690183790012018,0.0,0.0,0.9820092176148691,1.5133808543639309,0.0,-1.0705134937490206,3.0103447817999585,0.117150156821089,0.0,2.4542070040299,0.0,-0.8591381850019675,-1.9295608365611785,0.5549627238802297,0.6114671144653517,0.0,0.0,0.0,0.0,0.0,-1.0233447593109688,-1.9201935967355,1.311702044899529,-6.3312587873893005,0.0,-3.88117776142036,-1.2275886273258554,-0.7157872350648149,0.0,-0.8737270525392897,-3.787129057710154,0.0,0.0,0.0,0.0,0.0,0.0,-5.352664172178991,0.0,1.7277464087216274,0.0,-1.892607115222332,0.0,0.0,0.0,0.0,-7.2211162621953,0.0,-0.5954356183630407,0.0,0.0,-2.2458828951499603,0.0,0.0,0.0,1.485064623663072,0.0,0.0,0.0,-1.4678537302757293,0.0,0.0,0.0,0.0,0.0,0.0,0.0
mix3_N705-N506_GGACTCCT-ACTGCATA,1,0,1,1,1,1,0,1,1,0,1,1,0,1,0,1,1,1,1,1,0,0,1,1,1,1,0,1,1,1,1,1,0,1,0,0,0,1,1,1,1,1,0,1,1,0,1,1,1,1,0,1,1,0,1,0,1,1,0,1,0,1,0,0,1,1,1,1,1,1,1,1,0,0,1,0,1,1,0,0,0,0,0,0,1,1,1,0,1,0,1,0,1,1,0,0,0,1,0,0,0,0,0,0,0,0,0,4.0487933931893725,0.0,-0.4690751740884269,4.145230716476282,2.3962005183442376,-0.9104037215141604,0.0,2.332853302644548,1.8852603948614763,0.0,2.73096713574921,0.7346266091639619,0.0,1.581282437337443,0.0,2.3988791550367496,0.6652488583464518,-0.6669496111043729,1.439736911826862,-4.385239253286742,0.0,0.0,1.2720005297405064,-0.9764742068869484,3.109816933936924,2.089317845644563,0.0,2.7217181108095634,1.21396345401035,-0.0302762370964306,-0.2125279029202702,2.2929188714822355,0.0,0.1037792187770501,0.0,0.0,0.0,0.2219017784240649,1.1074441896713052,-0.3409356371357259,-2.071155893605323,-3.33780092014334,0.0,3.215707422964842,0.1667023619329859,0.0,0.2538721661293821,-1.3211492305281844,-3.039731456475761,2.9278269269029487,0.0,-1.368304772082148,-2.89256448860828,0.0,1.4353381146529485,0.0,0.6640496997939287,-0.0010465987814922,0.0,-2.849176980494688,0.0,-2.494260536422943,0.0,0.0,1.764768644091177,-2.361306826025083,0.8707314309179716,-4.0502258061291885,-0.6169452322234401,-1.0933152985544965,0.610409010774503,-3.196690919286437,0.0,0.0,-6.849943195757223,0.0,0.8363843833331173,-0.1923943876389846,0.0,0.0,0.0,0.0,0.0,0.0,-1.2857293488293278,-6.736614510450219,-1.6598794146494404,0.0,1.3770153347903058,0.0,-0.4375339696926901,0.0,-1.6041830799478622,2.0108340262741304,0.0,0.0,0.0,2.8262547223282377,0.0,0.0,0.0,0.0,0.0,0.0,0.0,0.0,0.0
mix3_N706-N506_TAGGCATG-ACTGCATA,1,1,0,1,0,1,0,1,0,0,1,0,0,0,0,0,1,0,0,1,0,0,0,0,0,0,0,0,1,0,1,0,0,0,0,0,0,1,0,0,0,0,1,1,1,1,1,1,0,1,0,0,1,0,0,1,0,0,0,0,0,0,0,0,1,1,0,0,0,1,1,0,0,1,1,0,0,1,0,0,0,0,0,0,0,0,0,0,0,0,0,1,0,0,0,1,0,0,0,0,0,0,0,1,0,0,0,3.234881691782341,0.4627290319063861,0.0,-0.049628840799192,0.0,4.643378653658017,0.0,2.494950021617451,0.0,0.0,-1.5637234955044623,0.0,0.0,0.0,0.0,0.0,3.0102589307874954,0.0,0.0,-0.3104712365548377,0.0,0.0,0.0,0.0,0.0,0.0,0.0,0.0,-0.0670369985264233,0.0,-0.0933236292227485,0.0,0.0,0.0,0.0,0.0,0.0,-1.2068713670275706,0.0,0.0,0.0,0.0,0.4697576016817739,1.475610131614896,-2.7116104129885152,-3.835483234232096,-0.6430713492788077,0.6780036348068675,0.0,3.499668994372614,0.0,0.0,-2.8225294944166,0.0,0.0,1.8560326361051185,0.0,0.0,0.0,0.0,0.0,0.0,0.0,0.0,0.5531794089532179,-5.14783327592754,0.0,0.0,0.0,-0.4576963549979628,-0.4858806332873698,0.0,0.0,-2.8121838610695256,0.6726915038875894,0.0,0.0,0.6491682187266795,0.0,0.0,0.0,0.0,0.0,0.0,0.0,0.0,0.0,0.0,0.0,0.0,0.0,-0.0194464675542781,0.0,0.0,0.0,2.861021975013012,0.0,0.0,0.0,0.0,0.0,0.0,0.0,-4.334541783525531,0.0,0.0,0.0
AHCT5GADXX.N703-S501_AGGCAGAA-TAGATCGC,1,1,1,1,1,1,0,1,1,1,1,1,1,1,0,1,1,1,1,1,0,1,1,0,1,1,1,1,1,1,1,1,0,1,1,1,1,1,1,1,1,1,0,1,1,0,1,1,1,1,0,1,0,1,0,1,0,0,0,0,0,1,0,0,1,0,1,0,1,0,1,0,0,0,0,0,0,0,0,1,0,1,1,0,1,1,0,1,0,0,0,0,0,1,0,1,0,0,0,0,0,0,1,1,0,0,0,3.347666943895592,-1.359327924004991,1.071193900925132,-2.800877713141027,2.375599596054379,1.5654069865329845,0.0,2.00376770137202,2.194177180568781,0.6827352007087779,3.172473675544936,0.1759995621943122,2.245245346768168,-0.6520050952582122,0.0,1.8481964293556927,-0.390130906762304,0.5614531295479369,1.0870128733995448,-1.196577724394657,0.0,-0.1394352987069704,-0.1051303493816924,0.0,3.469048341251473,1.682197219687401,4.026688691046031,-0.8751093298962489,0.4962569791866819,-3.993452472514594,1.050130338063544,-0.6035033006232269,0.0,1.4190563023260236,2.0143992899480443,-2.303766745237742,-0.5495504252256826,-2.661966347889698,-2.6857204338978056,-3.0076356779918285,-3.33997054834708,-0.7127919147054429,0.0,2.813062187430471,-1.9632595334043503,0.0,-0.8401468118558422,2.521566344336103,1.0111945572923475,2.539796814202413,0.0,-3.063916513890418,0.0,-0.8980759902988857,0.0,2.4914236162167,0.0,0.0,0.0,0.0,0.0,-4.422527446261892,0.0,0.0,-0.8003275978562827,0.0,-2.0933369786489138,0.0,-3.374071442194258,0.0,-1.7778787565101777,0.0,0.0,0.0,0.0,0.0,0.0,0.0,0.0,3.1532742115899346,0.0,0.4661780007720713,0.1582871010704571,0.0,1.0665936044149624,-2.4997995930742043,0.0,-0.3980903618525029,0.0,0.0,0.0,0.0,0.0,0.2766800029830436,0.0,2.277720777382472,0.0,0.0,0.0,0.0,0.0,0.0,-2.837270332025007,-2.918829340216507,0.0,0.0,0.0
BHCNG3ADXX.N711-S502_AAGAGGCA-CTCTCTAT,1,1,1,1,1,1,1,1,1,0,1,1,1,1,1,1,1,1,1,1,0,0,0,0,1,0,1,1,1,1,1,1,1,1,1,0,1,1,0,1,1,1,1,0,1,1,1,1,1,0,0,0,1,1,1,1,1,0,0,1,1,0,1,0,1,1,1,0,0,1,1,0,0,1,0,0,1,1,0,1,0,0,0,0,1,1,1,0,1,0,0,1,0,0,0,0,0,0,0,0,0,0,0,0,0,0,0,2.751184872216378,2.005916517511941,0.4743793253236733,2.324416263403366,0.5318774676965755,-0.0115618874462353,3.0989308638965403,-5.01757565233593,-0.1509226475081531,0.0,1.5097508992601971,0.6182832342009185,2.590606413859041,-0.957512479983009,-4.515599643846922,3.331577305536777,-5.3673518545835055,-0.9984579529872952,0.2559207894253197,0.1468830181870011,0.0,0.0,0.0,0.0,-3.18552296272526,0.0,2.580015162357592,-0.8942141850962011,-0.1637916957570411,0.4918483539906422,-0.4294664808519135,2.0082876217344614,-1.638050485970654,-0.6068352753470301,-1.3336644667910036,0.0,-1.2574005469822136,-0.1157003476384095,0.0,0.708180940672861,1.2703811621736885,-2.4829003647192174,-0.285132604316954,0.0,-2.428189932517909,-0.6167294249970763,3.3605843179074864,0.3356386398724862,2.022011337744648,0.0,0.0,0.0,-2.292346400135007,2.960013175851872,2.3569594526831934,3.577258720870293,2.559665820896665,0.0,0.0,-1.968866480424824,1.5324846535293148,0.0,1.5189435496261352,0.0,0.4928465893361958,0.6945565940912424,0.797251592478152,0.0,0.0,-1.0756945010817167,0.0806239740162634,0.0,0.0,-1.318942161767432,0.0,0.0,-1.9802111399110844,-1.7798478116591143,0.0,0.972500265874832,0.0,0.0,0.0,0.0,-3.842655170604497,-0.4595801959464889,-1.9163727370296235,0.0,1.1936169282102285,0.0,0.0,-2.062298333474253,0.0,0.0,0.0,0.0,0.0,0.0,0.0,0.0,0.0,0.0,0.0,0.0,0.0,0.0,0.0
mix20-N702-S501_CGTACTAG-TAGATCGC,1,1,1,1,1,1,0,1,1,0,1,1,0,1,0,1,1,1,1,1,0,1,0,0,1,0,1,1,1,1,1,1,0,1,0,0,1,1,1,1,1,1,1,1,0,1,1,1,0,1,0,1,0,1,1,1,1,0,0,0,1,1,0,0,1,1,0,1,1,1,1,0,0,0,1,0,0,0,0,0,1,1,0,1,1,1,1,0,0,0,0,0,1,1,0,0,0,0,0,1,0,0,0,1,0,0,0,2.168554619541508,-0.702336184025965,3.0260270561737608,5.275478410992324,-2.16618877949173,2.9623537958276525,0.0,6.500732608076994,1.5439943885127103,0.0,1.8769568057208668,-0.1346506984449331,0.0,-0.3130880993803884,0.0,3.412692644504051,-0.2492661673096692,-0.8494634926981268,0.6092185473924279,-0.5390588357327837,0.0,2.8078866310621167,0.0,0.0,1.4191802982525412,0.0,-4.535465246984448,-0.2290729477031918,1.8738963884759383,-4.447496474038491,2.3282540659391104,-3.754349293478546,0.0,-0.2097353285530339,0.0,0.0,0.8482386139277784,-0.205488393609146,-0.8241384801288394,-0.4281779841075095,-1.5588806428445912,0.8239904701155172,-3.4103863851281755,-0.0674454738563992,0.0,-0.3092189718351323,-1.57185252285257,2.4748051239640807,0.0,2.82754462234216,0.0,-1.0114739906960923,0.0,0.0692450631620134,1.4528045471580395,-0.5377919436714436,-2.9682871438402305,0.0,0.0,0.0,-1.5530395047415562,-2.1608268363503447,0.0,0.0,0.8197103606422806,-3.178327470156013,0.0,-2.309289623132403,-3.580838366366746,-2.687825319361936,1.5622473528382814,0.0,0.0,0.0,0.6792206043380937,0.0,0.0,0.0,0.0,0.0,4.72562723848456,3.136848612982968,0.0,-1.0186156636279189,2.3591349161300896,-1.04489656760225,-3.268032088741286,0.0,0.0,0.0,0.0,0.0,-1.2481790957546908,-5.634077535652557,0.0,0.0,0.0,0.0,0.0,1.0429624954844758,0.0,0.0,0.0,0.0796552698568113,0.0,0.0,0.0
BHCNJJADXX.N703-S503_AGGCAGAA-TATCCTCT,1,1,1,1,0,1,0,1,0,0,1,0,0,0,0,1,1,0,0,1,0,0,0,0,1,0,1,1,1,0,1,1,1,0,0,0,0,1,0,0,0,0,1,0,0,1,0,1,0,0,0,0,1,0,1,1,0,0,0,0,0,0,0,0,1,0,0,0,0,1,1,0,0,0,1,0,0,0,0,0,0,0,0,0,0,0,0,0,0,0,0,0,1,1,0,0,1,0,0,0,0,0,1,1,0,0,0,2.895918051547913,0.166374690336253,2.8067984912476085,4.319200193312036,0.0,-0.9553414927749566,0.0,4.686418254306787,0.0,0.0,2.2008800138593143,0.0,0.0,0.0,0.0,1.710960991401882,1.802845202058215,0.0,0.0,0.1091427259928181,0.0,0.0,0.0,0.0,0.8923869785243312,0.0,-0.9002466812925847,-2.4870951349657004,0.718496314793454,0.0,1.150449483582987,2.1948460656273205,-0.7997173861119635,0.0,0.0,0.0,0.0,-0.0051196381647222,0.0,0.0,0.0,0.0,-0.2451519291305048,0.0,0.0,0.4370334653727862,0.0,3.51977208177766,0.0,0.0,0.0,0.0,-1.7489987348589788,0.0,-0.8349364792899618,-5.980844073993101,0.0,0.0,0.0,0.0,0.0,0.0,0.0,0.0,-7.839742846058785,0.0,0.0,0.0,0.0,0.7743955514139321,-5.3007689750005085,0.0,0.0,0.0,0.4605580475133032,0.0,0.0,0.0,0.0,0.0,0.0,0.0,0.0,0.0,0.0,0.0,0.0,0.0,0.0,0.0,0.0,0.0,-1.1160105705103596,0.6081895808475125,0.0,0.0,-3.3844270267271463,0.0,0.0,0.0,0.0,0.0,1.54226531005656,-1.398530524693402,0.0,0.0,0.0
AHCNC2ADXX.N710_CGAGGCTG,1,1,0,0,0,1,1,1,0,0,0,0,1,1,0,1,1,0,0,1,0,0,0,0,0,1,0,1,1,1,1,1,1,0,0,0,0,1,0,0,0,0,0,0,0,0,0,1,0,0,0,1,1,0,1,1,0,1,0,1,1,1,0,0,1,1,1,0,1,1,1,0,0,0,1,0,0,0,0,0,0,0,0,0,0,0,1,0,1,0,0,0,1,1,0,0,1,0,0,0,0,0,0,0,0,0,0,0.9716084564174972,-3.260647986684156,0.0,0.0,0.0,0.1516947832166373,-3.668725199020245,2.607595395343872,0.0,0.0,0.0,0.0,3.821026011075106,0.9335987432205856,0.0,1.2059528788058345,1.031858197051276,0.0,0.0,-2.093339166729812,0.0,0.0,0.0,0.0,0.0,0.8103241056683462,0.0,1.898337345065216,0.6932455068809152,0.5813754295066051,-1.3925539025787677,1.813750165481998,-0.7845724875019581,0.0,0.0,0.0,0.0,0.3284431598194806,0.0,0.0,0.0,0.0,0.0,0.0,0.0,0.0,0.0,3.450890688391117,0.0,0.0,0.0,-0.5715984157232555,-1.235326002587756,0.0,1.376217454161454,3.967648329642413,0.0,0.5858667521929721,0.0,-2.670288145708008,-2.384696274194087,-2.0191281097629683,0.0,0.0,0.7680830806878451,-1.681938255601092,0.1937375114133581,0.0,-1.9747346112155733,0.4142795175798573,2.29226665845676,0.0,0.0,0.0,0.931725936001102,0.0,0.0,0.0,0.0,0.0,0.0,0.0,0.0,0.0,0.0,0.0,-4.455962728266977,0.0,-2.419330707292381,0.0,0.0,0.0,0.3167653942094688,2.301646612586575,0.0,0.0,-2.8350961200092546,0.0,0.0,0.0,0.0,0.0,0.0,0.0,0.0,0.0,0.0
mix23_mix24-N703-S503_AGGCAGAA-TATCCTCT,0,0,0,0,0,1,0,1,0,0,0,0,0,0,0,1,0,0,0,0,0,0,0,0,0,0,0,0,0,1,0,1,0,0,0,0,0,1,0,0,0,1,0,0,0,1,0,1,1,0,1,0,1,0,1,1,0,0,0,0,0,0,0,0,0,0,1,0,0,1,1,0,0,1,1,0,0,0,0,0,0,0,0,1,0,0,1,1,0,0,1,0,1,0,0,0,0,1,0,1,0,0,0,0,1,1,0,0.0,0.0,0.0,0.0,0.0,1.7299804170021635,0.0,2.68576378157558,0.0,0.0,0.0,0.0,0.0,0.0,0.0,3.3802814330412283,0.0,0.0,0.0,0.0,0.0,0.0,0.0,0.0,0.0,0.0,0.0,0.0,0.0,1.1072611730871558,0.0,1.1342383051347256,0.0,0.0,0.0,0.0,0.0,-0.6895665943128129,0.0,0.0,0.0,-1.1289053445236732,0.0,0.0,0.0,-1.1536147027643624,0.0,2.5149057128487224,1.999728858712498,0.0,1.8789129317008724,0.0,-3.996226693284992,0.0,1.693059961140284,2.326856652606549,0.0,0.0,0.0,0.0,0.0,0.0,0.0,0.0,0.0,0.0,-2.365514482943256,0.0,0.0,-1.2801576735447229,1.5023499171070551,0.0,0.0,-2.179858430250404,1.4896268869472904,0.0,0.0,0.0,0.0,0.0,0.0,0.0,0.0,0.1690218569486762,0.0,0.0,-2.810459853455628,-0.7907539868652176,0.0,0.0,0.2568969962145544,0.0,-1.3377401512986036,0.0,0.0,0.0,0.0,1.7676269565819802,0.0,0.0556863118881898,0.0,0.0,0.0,0.0,-2.560546230866925,-5.398854008426932,0.0
BHCNK3ADXX.N712-S506_GTAGAGGA-ACTGCATA,1,1,1,1,1,1,0,1,1,0,1,0,0,1,0,1,1,0,1,1,0,0,0,0,1,0,1,1,1,1,1,1,1,0,0,0,0,1,0,1,1,1,1,0,0,1,0,1,1,1,0,1,1,0,1,0,0,1,0,0,0,1,0,0,1,1,1,0,0,1,1,0,0,0,0,0,0,0,1,0,1,1,0,1,0,0,1,0,0,0,0,0,1,1,0,0,1,0,0,1,0,1,1,1,0,0,0,2.965060070610999,-1.5893648257874249,2.415063590122608,1.9207361344651648,-3.6742767499444993,2.3411114322775,0.0,4.07964581135251,2.8950237433577484,0.0,1.261784014731946,0.0,0.0,-0.4497255710464103,0.0,3.2490141389751366,-1.3860225792376193,0.0,1.2198844918282896,-0.9858323869920848,0.0,0.0,0.0,0.0,-3.8200407110046566,0.0,2.04326698570636,-0.4246550565551317,0.1579140752930348,0.7804261238557142,-1.1797753201804806,1.0353972018173023,-2.9086852143172326,0.0,0.0,0.0,0.0,2.2347163890371027,0.0,-2.032649744162672,0.7837130877650882,2.9986092519751817,-4.235556154966322,0.0,0.0,-3.4575366356654964,0.0,3.0704165860521178,2.007183969629033,-3.3872597922495293,0.0,-1.5116264866101834,-1.025295422243253,0.0,2.310198669372977,0.0,0.0,1.4562512520171496,0.0,0.0,0.0,-2.835947559540056,0.0,0.0,2.357676757510609,0.137014490516879,1.729436371002174,0.0,0.0,1.2594889881924338,-2.661709187634924,0.0,0.0,0.0,0.0,0.0,0.0,0.0,-4.178915875852991,0.0,-0.8492318459031223,1.936684466247954,0.0,0.5830697811214536,0.0,0.0,-1.897252979370197,0.0,0.0,0.0,0.0,0.0,-2.388625914604296,2.8805390009538714,0.0,0.0,-4.436226850428473,0.0,0.0,1.2566607828875316,0.0,2.233079600317808,1.9366212352920027,-6.21947562998862,0.0,0.0,0.0
BHCNK3ADXX.N706-S507_TAGGCATG-AAGGAGTA,1,1,1,0,1,0,0,1,1,0,1,1,0,1,0,1,1,1,0,1,0,0,1,0,1,1,0,1,1,1,0,1,0,0,0,0,0,1,1,1,1,1,1,0,0,1,0,1,0,0,0,0,1,0,1,1,1,1,1,0,1,0,0,1,1,1,1,0,1,1,1,0,0,0,1,0,1,0,0,1,0,0,0,0,0,0,1,1,0,0,1,0,1,1,0,1,1,1,0,0,0,0,1,0,0,0,0,1.0302705504682417,-1.1816956120393554,0.8577038025376905,0.0,3.2272675397933703,0.0,0.0,2.308805169418764,3.6342292617021457,0.0,0.8473578523320712,2.183011771812025,0.0,-1.8451578387913343,0.0,2.046849153670068,-0.3165854472662404,0.4793368488438294,0.0,-0.5825029691083008,0.0,0.0,-1.7673141307122762,0.0,1.7672500579184187,2.4021247390926463,0.0,-0.0265015482725337,1.4650734854473544,-2.666188799168464,0.0,2.5178295311571075,0.0,0.0,0.0,0.0,0.0,-3.127034740379653,-0.8794830362111761,-1.0325963259483009,-1.7742630712984055,-3.107251701530207,-3.7819607081194,0.0,0.0,-5.450822041024301,0.0,4.242120201717695,0.0,0.0,0.0,0.0,-2.2446800090848456,0.0,0.7771655393672844,3.752327230734606,-2.949051585184296,-2.861831199938079,-1.7565997424998694,0.0,1.528750687992855,0.0,0.0,-2.5319487729959222,2.8510337860586947,-0.1905138769071592,-0.9154832704226716,0.0,-1.9072043193203767,0.1391745009461023,3.758234854587135,0.0,0.0,0.0,0.7828881592713769,0.0,-2.6865586950815388,0.0,0.0,-0.1456405315979256,0.0,0.0,0.0,0.0,0.0,0.0,-2.6230255022683098,0.1026515709148223,0.0,0.0,-2.9357623530656136,0.0,-0.0508602385715013,3.1099348523827794,0.0,0.4152123206742908,0.9370359788053694,0.8654028393276233,0.0,0.0,0.0,0.0,3.309475779833684,0.0,0.0,0.0,0.0
AHCNMFADXX.N709-S507_GCTACGCT-AAGGAGTA,1,1,1,1,1,1,1,1,1,1,1,1,1,1,0,1,1,1,1,1,1,0,1,1,1,0,1,1,1,1,1,1,1,1,1,0,1,1,1,1,1,1,0,1,1,1,1,1,0,1,0,1,1,1,1,0,0,1,1,1,1,1,1,1,1,1,1,1,1,1,1,1,1,0,1,0,0,0,0,0,1,1,1,0,0,0,1,1,1,0,1,1,0,1,0,0,1,1,0,0,0,0,0,1,0,0,0,3.0560145969462056,-1.7985750211405749,0.7852774944520449,1.2917072383754005,1.340879860187317,0.6745892433693697,1.4267060724127492,2.5451530346530618,0.4736538726055502,2.270993575670748,-0.4713511960496346,0.7415157873008622,0.7877981389852607,-0.1645007396129636,0.0,2.3742056848725857,-2.69047314230162,-0.0739366175207121,0.0742908599152063,-2.772001560065859,2.393144761655296,0.0,-1.0820671732960263,2.0425412918366894,1.297286004772773,0.0,2.856435251649599,0.1558090599330386,0.3638685416868711,-0.7446299702397348,1.2873709650624097,1.1365158164663856,-2.335487387953733,-1.882307592304652,1.0979588545605754,0.0,0.6483233495557366,-4.053138885028066,1.5880080186366503,0.8652231272590247,-2.326976698285824,2.9965832615535417,0.0,2.8114316439015914,-0.073628414172554,-1.5823732639963233,2.206267467928412,2.138043106139486,0.0,1.7710713409205443,0.0,-1.7117558224930376,-4.054972066109727,2.7458189654407814,1.7253296259630766,0.0,0.0,1.0527510872768298,1.2055576883453498,-3.5941850919689147,-3.8075387580105984,-3.111530345169621,3.371225262475789,1.3065182106545123,0.3943058632241146,-2.3940390447916062,0.8754543495247211,-0.1461468286464589,-1.2666815762898274,-6.744839948128746,-1.1055239251351117,-1.9053457030470844,0.0089763403300822,0.0,-3.394461814862804,0.0,0.0,0.0,0.0,0.0,0.657891691659503,-1.9654893629304,0.9951073930015648,0.0,0.0,0.0,-4.410337252166396,0.6691466330845304,0.2084311569550165,0.0,-0.0128225406312143,0.3918797458596299,0.0,0.9053802069413004,0.0,0.0,1.7809325517646115,-1.1112093174670512,0.0,0.0,0.0,0.0,0.0,-1.0050470359495125,0.0,0.0,0.0
BHCNM7ADXX.N712-S508_GTAGAGGA-CTAAGCCT,1,1,1,0,1,0,1,1,1,0,1,1,1,1,1,1,1,1,1,1,0,0,1,1,1,0,1,1,1,0,1,1,0,1,0,1,1,1,1,1,1,1,1,0,1,1,1,0,0,1,1,1,1,0,0,1,0,0,0,0,0,1,0,0,1,1,1,0,0,1,0,1,0,0,0,0,1,0,0,0,0,0,0,0,1,1,1,1,0,1,1,0,1,0,0,1,1,1,0,1,0,0,0,0,0,0,0,2.9526196515280767,-3.2544140054693607,0.167586906172199,0.0,-0.2249876801064703,0.0,4.712898890873449,3.76591239228265,0.5282510244727534,0.0,0.4996663700456856,-0.2948264693819094,2.25399355050056,-0.375123328442382,-4.678343470180987,3.461118604900615,-4.359889739062453,-0.3459667441509269,-0.4827662182461814,-1.4330027681911908,0.0,0.0,-1.7590382894298204,-1.8867601564654728,3.038648672913808,0.0,2.9607930927232093,-1.4325601923928626,1.1455593737779406,0.0,3.0561134641055867,2.9196656030075125,0.0,-0.9523762578639116,0.0,-0.1906651690559675,1.0654788750344295,0.291351451176467,1.986862426456708,0.8837794294001484,-0.4480320365522798,3.649644984160039,-2.6695194957151047,0.0,1.3657728232008268,-2.7300012161570617,-3.300608362456768,0.0,0.0,-0.1022861631457379,3.228111676916022,-1.0268001425335551,-6.159948011105203,0.0,0.0,2.140015358378852,0.0,0.0,0.0,0.0,0.0,-1.528866443332611,0.0,0.0,-4.907185042609835,0.0986291246991117,1.7493027457653163,0.0,0.0,-2.504108411069467,0.0,-1.333636276473575,0.0,0.0,0.0,0.0,0.5927019658762192,0.0,0.0,0.0,0.0,0.0,0.0,0.0,0.558944363039557,-3.506706046497988,-0.2996604874680038,2.3923371897772387,0.0,-4.936172579483087,2.038760198704208,0.0,-0.9125292799907028,0.0,0.0,3.265469465707003,-4.540559767817935,3.52386496625546,0.0,2.2834856089971525,0.0,0.0,0.0,0.0,0.0,0.0,0.0
BHCNM7ADXX.N701-S511_TAAGGCGA-TCTCTCCG,1,1,1,0,1,1,0,1,1,0,1,0,1,1,0,0,1,0,1,1,0,0,0,1,1,0,1,1,0,0,0,0,1,1,1,0,0,1,0,0,0,0,1,0,0,1,0,1,0,1,0,0,1,0,0,1,0,0,0,0,0,0,1,0,1,0,0,0,0,1,1,0,0,0,1,0,0,1,0,1,1,0,1,0,1,1,0,0,0,0,0,0,0,0,0,1,1,0,0,0,0,0,0,1,1,1,0,1.4383450535725946,1.419646537419362,2.0302750528760383,0.0,2.861812132213668,4.215518564570535,0.0,4.181302286527122,0.9489532890041404,0.0,0.3286924969055893,0.0,0.6359970038650731,-3.190109131744565,0.0,0.0,-1.913791263393877,0.0,0.3541144726093301,1.6731624721688332,0.0,0.0,0.0,1.3966128084141731,-0.0341585794572887,0.0,0.7937317123658725,-0.3911145263228552,0.0,0.0,0.0,0.0,2.548377184302608,-1.5072530367982615,0.5278298098845141,0.0,0.0,-1.7138129412018224,0.0,0.0,0.0,0.0,1.2267319815868334,0.0,0.0,2.8124920183078954,0.0,2.352219623708521,0.0,-0.7267695190534502,0.0,0.0,-1.9102835135241587,0.0,0.0,-4.624774017917365,0.0,0.0,0.0,0.0,0.0,0.0,0.2481002674576813,0.0,-3.532052762486493,0.0,0.0,0.0,0.0,0.369666230643634,2.017178492593376,0.0,0.0,0.0,-2.1595158222888067,0.0,0.0,-5.561087665666628,0.0,3.44297041510446,-3.944930802983783,0.0,3.2915901159000662,0.0,-0.2395037508330824,2.738597748975375,0.0,0.0,0.0,0.0,0.0,0.0,0.0,0.0,0.0,1.820218315041524,-6.958681582040452,0.0,0.0,0.0,0.0,0.0,0.0,-3.863515411498274,-1.8494357751112145,-1.55334598369645,0.0
HGK7MADXX_PG0662_87A0503_H3_L002,1,1,0,1,1,0,0,1,0,0,0,0,0,0,0,1,1,0,0,1,0,0,0,0,0,0,0,1,0,1,1,1,0,0,0,0,0,1,0,0,0,0,1,0,0,1,0,1,0,0,0,0,1,0,1,1,0,0,0,0,1,0,0,0,1,1,0,0,0,1,1,0,0,0,1,0,0,0,0,0,1,1,0,0,0,0,1,0,0,0,0,0,1,1,0,0,0,0,0,0,0,0,0,1,1,1,1,1.3850989658949304,-3.025531923868169,0.0,1.2537272167588576,1.0700709159594588,0.0,0.0,1.0500286981657756,0.0,0.0,0.0,0.0,0.0,0.0,0.0,-0.593312265586716,-1.4038770104111695,0.0,0.0,-0.351957416005386,0.0,0.0,0.0,0.0,0.0,0.0,0.0,-1.8717074399033684,0.0,0.0191124502046307,-3.142195228143064,2.444201613896094,0.0,0.0,0.0,0.0,0.0,-0.1907381467454552,0.0,0.0,0.0,0.0,-1.0663572939665256,0.0,0.0,0.3176782001436367,0.0,1.4445472123037526,0.0,0.0,0.0,0.0,-3.5227922696732143,0.0,-1.955053929700728,-2.4171869455141337,0.0,0.0,0.0,0.0,-1.2577450959982337,0.0,0.0,0.0,-0.5770245338058995,-3.722527730089409,0.0,0.0,0.0,-1.2773903586277016,5.305736093636186,0.0,0.0,0.0,-0.045088791152104,0.0,0.0,0.0,0.0,0.0,1.1221652705162255,2.976237856181756,0.0,0.0,0.0,0.0,-2.028824280729665,0.0,0.0,0.0,0.0,0.0,-3.772604068069585,-0.1336674692453279,0.0,0.0,0.0,0.0,0.0,0.0,0.0,0.0,0.0,1.116260520442634,4.83350494698726,2.992291502437622,5.024920733707033
HGKMWADXX_PG0662_92A0617_H3_L001,1,1,1,1,1,1,0,1,1,0,1,1,0,1,0,1,1,1,1,1,0,0,1,0,1,1,1,1,1,1,1,1,0,0,1,0,1,1,0,1,0,1,1,1,1,1,1,1,0,0,0,0,1,0,0,1,0,0,0,0,0,0,1,0,1,1,1,1,1,1,0,1,0,0,0,1,1,1,0,0,0,0,0,1,0,0,1,0,0,0,0,0,1,0,1,1,0,1,0,1,0,1,0,0,0,0,0,1.6885088800093495,1.99271213916142,-1.5362819043750549,1.4364870182742069,0.2645140999359983,-0.574455383195557,0.0,2.5908351042573576,0.1113449005101656,0.0,1.0624274995051295,-1.6496010134770125,0.0,-4.217638658052378,0.0,3.766495813621584,-3.896011328586301,-6.472433087210075,0.3296468117348344,0.46437925003817,0.0,0.0,-1.4458150886072094,0.0,2.449596125591873,1.240182169461298,2.440127737302655,-1.4990382460550151,0.0113366340265186,2.070596777556534,1.501216136543983,2.6106135403585977,0.0,0.0,-2.526330768129066,0.0,-1.5336518968818027,-1.0342088612516285,0.0,0.8921350372301765,0.0,3.6899640513089977,-2.873751901014288,1.1984539741140856,-0.6995910766223792,-1.6640499853966528,0.415646556412065,-2.3892618255861,0.0,0.0,0.0,0.0,-2.9613852846172417,0.0,0.0,2.7443200125382976,0.0,0.0,0.0,0.0,0.0,0.0,0.5067897764067042,0.0,2.503835487095192,0.762261034419369,1.456849431615408,-0.3526852698118434,1.2479990299040264,-0.8324190599040191,0.0,1.2689701721195732,0.0,0.0,0.0,-2.2330266424785963,1.3146238518612914,1.259344114182804,0.0,0.0,0.0,0.0,0.0,-1.8497504761373529,0.0,0.0,-1.2285719064580969,0.0,0.0,0.0,0.0,0.0,0.3070341714705311,0.0,1.0505979168945172,-0.4667780365827554,0.0,2.342590507709758,0.0,-1.6466558975597707,0.0,-3.409042165182269,0.0,0.0,0.0,0.0,0.0
HGKMWADXX_PG0662_95A0604_H3_L002,1,0,1,1,0,0,0,1,1,0,1,1,1,1,0,1,1,1,1,0,0,0,1,1,1,0,0,1,1,1,1,1,0,1,0,0,0,1,1,1,0,1,0,1,1,1,1,0,0,0,0,0,1,1,0,1,1,0,0,1,0,0,1,0,1,1,0,0,0,1,0,1,0,0,1,0,1,1,0,0,0,1,0,0,0,0,1,1,0,0,0,0,1,1,0,1,0,0,0,1,0,0,1,0,1,1,0,3.125420974212286,0.0,-0.1208287023157792,2.8898734093163103,0.0,0.0,0.0,1.236004260617263,0.2531840864206423,0.0,0.4121038437580004,-0.0367342896094191,-0.6121309521944731,-1.2595151910650264,0.0,3.695009672200608,-1.4730135581710848,0.5545580756403283,0.145489710967688,0.0,0.0,0.0,-1.0537787290978318,1.648390263773146,-1.697973920097588,0.0,0.0,0.1233937242245826,0.7831370727637031,0.0260742460624301,0.3086243045639588,1.0852778143488713,0.0,-0.4912310308978367,0.0,0.0,0.0,0.1504044431299745,2.2833698426471507,-2.804010836839976,0.0,2.8176026480213823,0.0,-0.9403749073169484,1.7820966436640613,-5.345938919795684,-0.0496354140242245,0.0,0.0,0.0,0.0,0.0,-2.463819395559696,3.653236900798889,0.0,3.865153831793856,1.4279603153899971,0.0,0.0,-1.2366183031921976,0.0,0.0,2.906357572476269,0.0,0.0686086666317303,-2.5796570261032654,0.0,0.0,0.0,-0.9702191136691654,0.0,-2.407121442003975,0.0,0.0,-2.839568031339383,0.0,0.9783564151876488,-3.334592512368266,0.0,0.0,0.0,-0.8410141487986478,0.0,0.0,0.0,0.0,-0.9547824911802204,1.0052152532965075,0.0,0.0,0.0,0.0,-3.251084228950786,1.5357153588337724,0.0,2.1409794918072174,0.0,0.0,0.0,0.4703089485063331,0.0,0.0,1.3808760964871245,0.0,-2.2977601708691497,-3.691380572081113,0.0
HGKFCADXX_PG0662_168A0902_H3_L001,0,1,1,1,1,1,0,0,0,0,0,0,0,1,0,1,1,0,0,1,0,0,0,0,1,0,0,1,1,1,0,1,0,0,1,0,0,1,0,1,0,1,1,0,0,0,0,1,0,1,0,0,1,0,1,1,0,0,0,0,1,0,0,0,1,1,0,0,0,1,1,0,0,0,1,0,0,0,0,0,1,1,0,1,0,0,0,0,0,0,0,0,0,0,0,0,0,0,0,1,0,0,0,0,0,0,0,0.0,-1.4734852463072434,0.9840591556064312,3.6574523737324096,1.281494487484319,-0.7011588227793255,0.0,0.0,0.0,0.0,0.0,0.0,0.0,-1.0270859480094592,0.0,2.438835751182496,0.573200439364027,0.0,0.0,-2.686380392049527,0.0,0.0,0.0,0.0,-1.5770163626264593,0.0,0.0,-2.007485234196784,-0.1213176520465125,-0.1277782400450334,0.0,2.3201920213484826,0.0,0.0,2.4877268953166705,0.0,0.0,-0.2869051074071184,0.0,-2.637197223355485,0.0,1.6657825590055455,-3.1563840212952625,0.0,0.0,0.0,0.0,0.2823393630310423,0.0,2.044567516312929,0.0,0.0,-3.660159087064586,0.0,1.672389987424387,3.9288754117972458,0.0,0.0,0.0,0.0,0.1942149585471367,0.0,0.0,0.0,2.855604313653842,-2.517513727589756,0.0,0.0,0.0,-1.4896566763508658,0.4827525744141318,0.0,0.0,0.0,-3.3029378442868103,0.0,0.0,0.0,0.0,0.0,-1.3935774058571304,1.6348037130760091,0.0,-0.5645143669360215,0.0,0.0,0.0,0.0,0.0,0.0,0.0,0.0,0.0,0.0,0.0,0.0,0.0,0.0,0.0,0.2262618369062761,0.0,0.0,0.0,0.0,0.0,0.0,0.0
HGKY7ADXX_PG0662_178A0104_H1_L002,1,1,0,0,1,1,0,1,0,0,1,0,0,1,0,1,1,1,1,1,0,0,1,1,0,0,1,1,1,1,0,1,0,1,0,0,0,1,0,1,0,0,1,1,1,1,1,1,0,1,0,0,0,1,1,0,0,0,0,0,0,0,0,0,1,0,1,0,0,1,0,0,0,1,1,0,0,0,0,1,1,0,0,1,0,0,0,0,0,0,0,1,1,1,0,0,0,0,0,0,0,0,0,1,1,1,0,2.853489688375752,4.924180519332436,0.0,0.0,2.1775343590851493,1.096473265835137,0.0,1.999832945068582,0.0,0.0,2.168450112798142,0.0,0.0,-0.5999760235885929,0.0,0.7956646441017277,-1.53574476012988,0.1691508530199017,-0.6989343062181474,3.4364234045893443,0.0,0.0,0.1906319498353232,-4.693556935525396,0.0,0.0,3.791625518814697,-0.1313579986162401,0.4356188115834387,0.1749752554243768,0.0,2.2749127681559083,0.0,0.1128389618958023,0.0,0.0,0.0,-2.2846194525313432,0.0,-0.336261082109232,0.0,0.0,4.317518537804457,-1.124131760145146,-0.9882107518095486,4.5106010057714165,0.5360810327533325,3.266092365893284,0.0,-2.093982076328677,0.0,0.0,0.0,1.33256714563713,0.5325180106568996,0.0,0.0,0.0,0.0,0.0,0.0,0.0,0.0,0.0,0.4142373949221791,0.0,-2.974340798976769,0.0,0.0,-4.0553255125615655,0.0,0.0,0.0,0.1930545154776421,1.0280554590588116,0.0,0.0,0.0,0.0,-0.9231678525419118,1.2664445164096116,0.0,0.0,-1.90863993955262,0.0,0.0,0.0,0.0,0.0,0.0,0.0,-2.1773390240511894,-3.602607519602856,-2.256868094649384,0.0,0.0,0.0,0.0,0.0,0.0,0.0,0.0,0.0,-3.822551068186394,-3.8098524848492654,-3.9815056003262974,0.0
HGKY7ADXX_PG0662_179A0105_H1_L002,1,1,1,1,1,1,1,1,1,1,1,1,1,1,1,1,1,1,1,1,1,1,1,0,1,0,1,1,1,1,1,1,0,1,1,0,1,1,1,1,0,1,0,1,1,0,1,0,0,0,1,1,0,0,1,1,1,1,1,1,1,1,1,1,1,1,1,1,1,0,1,1,0,0,0,0,0,1,1,1,1,0,0,0,1,0,1,1,1,0,0,0,0,1,0,1,1,1,1,1,0,0,1,0,1,1,1,3.400259738538744,-1.4861950149824088,-1.17485735442952,1.6601621728200489,0.5351779750472829,-0.4750343195061026,2.79083338972415,3.192001139423009,0.513276660193752,1.374575503575488,0.774760872361852,0.2396024112666448,-0.8513301907272368,-1.3352000045046994,0.8036955333899796,0.9981959917536658,-1.984016090997467,-0.1288941237344167,-0.4968958162879489,-2.569063149219451,-0.796685426847141,1.0105650778117188,-1.3243890884004836,0.0,2.520409262674085,0.0,3.257463997022989,1.0217322257866424,-0.3098184429574668,-0.6593147407853903,1.0012635131630956,1.275050024483304,0.0,-2.055540609406198,1.2158663365817373,0.0,-0.1512930443521338,-2.209928960060481,0.7744523905107581,-2.565099608556995,0.0,3.0888209252506407,0.0,0.1969511893442974,-2.428507240943116,0.0,1.8107469720256584,0.0,0.0,0.0,0.5480991948745064,-1.4186017238498805,0.0,0.0,0.9466583525601484,-0.0946696044449657,2.166779899712765,0.96365473510944,-0.210639902831881,-5.312687028591359,-1.4970117780995318,-1.980482518416156,-1.4604402395452405,-0.0340056365601817,1.54390490207579,0.2626539585263929,1.134129582787908,0.3681595200493797,-2.7132032080406088,0.0,-1.0453233022376176,-0.3544285700006935,0.0,0.0,0.0,0.0,0.0,-0.285239129225326,-1.1945536044052438,-1.4420005533264126,1.384133814199538,0.0,0.0,0.0,-1.7954456625554596,0.0,-1.6188814561413671,-3.1404637534605566,-0.07690196652733,0.0,0.0,0.0,0.0,1.5049003817673676,0.0,2.538397531147289,5.767287359557936,1.0769941978999589,0.9071911093631934,-2.4431060403642686,0.0,0.0,-0.2247859082301302,0.0,0.0322429418977332,-0.2930389737735959,-2.9630769969524504
HGKY7ADXX_PG0662_239A0206_H1_L001,1,1,1,0,1,1,0,1,1,1,1,1,0,1,1,1,1,1,1,1,0,0,1,1,1,1,1,1,1,1,0,0,0,1,1,0,0,1,1,1,0,1,0,1,1,0,1,1,0,0,0,1,0,1,1,1,1,0,1,0,1,1,1,1,1,1,1,1,1,1,0,1,0,0,0,0,0,0,0,1,0,0,0,0,1,1,0,0,0,0,0,0,0,0,1,1,1,0,0,0,0,1,0,0,0,0,0,3.2319965402687987,-0.7861652840194772,-0.3291439951377822,0.0,2.5528060456528268,-0.8665682222444594,0.0,1.9162142681848648,0.0398140982726005,1.1810566275726022,0.8870207237958582,0.8535183068907777,0.0,-1.3357291153571684,-3.3322234367028325,1.0153251832072123,-0.1993395224403485,-0.9703037253571016,1.539490361193072,-2.016042491944285,0.0,0.0,-1.1758719055511633,0.5478543236739993,2.2619343962139684,3.392104229509875,2.8642010401485827,2.2243810822152748,0.6879707413968825,-0.8843483060973226,0.0,0.0,0.0,-0.2726528354009671,1.3535385295381477,0.0,0.0,0.0215543091398457,0.9900864814234954,-0.680739940641295,0.0,1.3815136970627928,0.0,1.08780384890896,0.5931626745587343,0.0,0.1843189087039589,-1.6022953819555577,0.0,0.0,0.0,-0.2293782211031935,0.0,0.0108989073130182,-0.4882841833658843,-0.7482648952131755,-1.5342805056565831,0.0,-2.2753620523020643,0.0,-0.6944961237856909,-1.137068539305139,1.0028351150496346,-1.3123248742517943,2.0345187558070603,-1.8357559002407,-1.5846129544261318,-2.444028759350968,-1.7194829204687625,-4.302313411360504,0.0,-1.272443250423951,0.0,0.0,0.0,0.0,0.0,0.0,0.0,0.126661866082799,0.0,0.0,0.0,0.0,-0.6628152051624924,-0.7420941167324463,0.0,0.0,0.0,0.0,0.0,0.0,0.0,0.0,0.5232912050399274,1.521345529092967,2.5449716657000145,0.0,0.0,0.0,0.0,-1.1377593856193169,0.0,0.0,0.0,0.0,0.0
HGKYWADXX_PG0662_245A0305_H1_L002,1,1,1,1,1,1,1,0,1,0,1,1,1,1,0,1,1,1,1,1,0,0,1,0,0,1,1,1,1,1,1,1,0,1,1,0,1,1,1,1,1,1,0,1,1,0,1,0,0,0,1,0,1,1,1,1,1,1,0,1,0,0,0,0,1,1,1,1,1,1,0,1,0,0,0,0,1,1,0,0,1,1,1,0,0,0,1,1,0,0,1,0,1,1,0,0,1,0,1,0,0,0,0,1,1,0,0,0.7597813600258057,-0.8863675442220276,-2.942344846566896,0.5028901332368965,1.450132553981765,0.2734092275871196,1.683282559802062,0.0,-0.2254286841753132,0.0,-1.930238075337961,0.4435536652973144,2.857056974691578,-3.326698569421323,0.0,3.371072111018427,-1.8081935102985287,-0.9449095190650229,0.1658377780894899,-1.741251880730885,0.0,0.0,-1.2193794877690547,0.0,0.0,2.0255146284058165,1.338127665605196,-1.4110189156399005,-2.3263071411644294,0.4634492514524944,-1.112066589750788,0.1164319058830312,0.0,-3.4700090346957166,-0.4313437887567344,0.0,-0.0642622687653859,1.0174075963335063,-4.245034989018771,0.8404312402737959,0.0303979087623957,-4.126114943575313,0.0,1.445174560148847,0.8807962529526043,0.0,-0.1494966004418694,0.0,0.0,0.0,2.5469224837994435,0.0,-2.1832396982151536,3.641163165416597,2.320100183620528,2.8081111148276605,2.521490889144992,0.8209241462061456,0.0,1.367532436064545,0.0,0.0,0.0,0.0,2.811978474957045,0.1254923341806757,0.9567000578399928,-1.413227973672489,0.171788700684808,-2.8908196681203355,0.0,-3.551887808458826,0.0,0.0,0.0,0.0,-0.4446874287440174,-0.0986010898356686,0.0,0.0,0.9561548476855788,-0.6063716299063573,-0.4068679528449805,0.0,0.0,0.0,-0.8557397849410717,-0.5811233560100606,0.0,0.0,2.120884071137765,0.0,-1.401237422340578,0.8863772113459164,0.0,0.0,5.3186071697903285,0.0,1.7244316902502117,0.0,0.0,0.0,0.0,-0.6505787361772943,-3.318557411837623,0.0,0.0
HGKYVADXX_PG0662_320A0604_H1_L002,1,1,1,1,1,1,1,1,1,1,1,0,1,1,0,1,1,1,1,1,0,0,1,1,1,1,1,1,1,1,1,1,0,1,1,0,0,1,1,1,1,1,0,1,1,0,1,1,1,1,0,0,1,0,1,0,1,0,0,1,1,0,0,0,1,1,1,0,1,1,1,1,0,0,1,0,1,0,0,0,1,0,0,1,1,0,1,0,1,0,0,0,1,1,0,1,1,0,1,0,0,1,0,0,1,1,1,4.37761832806208,1.0905744947860232,-1.9988986181989976,1.2147890095311205,1.4355716816190347,-0.12371517445936,2.268017444959715,1.7964018421631838,0.3677709664129012,1.2167764473941394,-0.306231627749971,0.0,-0.1169867475911055,-6.651951527277919,0.0,0.7689979966423921,-0.7515324572364817,-0.9285220552379204,0.8156099976918316,0.291492594112726,0.0,0.0,0.8313732326677463,1.5157247139962982,0.7686558921261271,3.0050537807005693,4.005080350783301,-0.5852911645583769,0.21968299063545,-1.4104564965965776,1.20517919379338,-0.648887844326584,0.0,0.0064262219339399,-3.9502707744611874,0.0,0.0,-0.3793440988436405,1.5712157021798616,0.4396717312175824,-2.0553897158264265,3.165729117409502,0.0,-3.986046947626472,0.4497636684879151,0.0,1.0900784015103149,0.045376621933665,-2.883029365490445,-0.8165839973278772,0.0,0.0,-1.810392563225596,0.0,1.873918199617216,0.0,0.024772027541003,0.0,0.0,-0.86301124428141,-0.7610968930691646,0.0,0.0,0.0,0.8624589009107209,-0.4125114531545444,1.0944108957539609,0.0,-2.303210870237504,-0.2324220401445305,-1.4390883092709048,-0.1280396563330119,0.0,0.0,-2.0510762655727075,0.0,2.3658899598606578,0.0,0.0,0.0,-1.942421325965584,0.0,0.0,-3.80759600666846,-1.0758220652168735,0.0,-1.7181629951336197,0.0,-2.3421116345798643,0.0,0.0,0.0,-3.167055126739116,1.3439006292564573,0.0,1.8892278716503788,5.547721158319192,0.0,0.6691110452094251,0.0,0.0,0.9724116597986368,0.0,0.0,0.875022431184033,-0.7173093160366322,0.882989176586405
HJK7VADXX_PG0783_22A0417_H1_L001,1,1,1,1,1,1,1,1,1,1,1,1,0,1,1,1,1,1,1,1,0,1,1,0,0,0,1,1,1,1,1,1,0,1,1,0,1,1,1,1,1,1,0,1,1,1,1,0,0,0,0,1,1,1,1,1,1,1,1,1,1,1,1,1,1,1,1,1,1,1,0,1,0,0,0,1,0,1,0,1,0,1,0,0,1,0,1,0,0,1,1,0,1,0,0,0,1,1,1,1,0,0,0,0,0,1,0,2.6733164365530016,0.3759904824649109,0.6470056641278561,-3.795322817671062,2.6821251658357674,3.7462200394055394,-3.261326327355081,1.0097197402161746,1.9235898366367568,1.1700646591589736,2.6803942016866413,0.5329794297263335,0.0,0.0568919408453831,3.1012252561341613,4.35460085157024,0.3951250805920607,0.3215426273277391,0.2266387368882847,-1.1226371003930564,0.0,-1.546001721929257,0.830993769865918,0.0,0.0,0.0,3.164627344158048,2.5260059682126017,-2.9223509605157494,-1.1585838127677992,0.8836168435718917,0.0093981931923703,0.0,-0.8948882551712012,5.135802609982408,0.0,-0.8659595009100689,-1.0436813925746844,0.210285916235541,-5.857458612253305,-2.9736442549032995,1.2498544436615926,0.0,3.0153831141712537,0.0901155120294066,-3.1546508871159453,1.9025486218534304,0.0,0.0,0.0,0.0,-0.4488809887032803,-1.1065766150838203,-3.782931085375899,2.043526653009411,1.6753539293610702,2.2959757803357945,0.3150603492934662,0.0891418769631255,-2.054725400622876,0.0062839653390023,-1.5761735473809555,1.520545363982165,1.837790996683217,1.816612302604487,0.1131527559223175,-0.0061016554851522,0.6984002036100583,0.3722892020702704,-2.816677993675878,0.0,-3.108429566187416,0.0,0.0,0.0,1.2540375107681885,0.0,0.6981213880168842,0.0,0.7387771714631949,0.0,-1.470785924473294,0.0,0.0,-1.449544478958488,0.0,-1.4630094575808668,0.0,0.0,-4.0888406715869445,-0.2974559447129954,0.0,-4.442176714260163,0.0,0.0,0.0,2.712405159950104,-1.698881948384311,-0.6577706535474197,0.2337625426161358,0.0,0.0,0.0,0.0,0.0,-4.271831348512924,0.0
HJK7VADXX_PG0783_23A0402_H1_L002,0,1,0,1,0,0,0,1,0,0,0,0,0,0,0,1,0,0,0,1,0,0,0,1,0,0,0,0,0,1,1,1,1,0,0,0,1,1,0,0,0,0,1,0,0,0,0,1,0,0,0,0,1,0,0,0,0,0,0,0,0,0,0,0,0,0,0,0,0,1,1,0,0,1,1,0,0,0,0,1,0,1,0,0,0,0,1,0,0,1,0,0,1,0,0,0,0,0,0,1,0,1,0,0,0,0,0,0.0,-2.000272471281839,0.0,3.9208807362923,0.0,0.0,0.0,4.175494710564191,0.0,0.0,0.0,0.0,0.0,0.0,0.0,2.3802267392678185,0.0,0.0,0.0,-1.2277897847481751,0.0,0.0,0.0,-3.957773976001677,0.0,0.0,0.0,0.0,0.0,0.6763028699174323,-0.0110900654064236,1.4981738412915078,-2.3204234844197,0.0,0.0,0.0,-1.158868783965857,0.8338500573156828,0.0,0.0,0.0,0.0,1.4901249109271792,0.0,0.0,0.0,0.0,2.888424557822425,0.0,0.0,0.0,0.0,-2.734363219518836,0.0,0.0,0.0,0.0,0.0,0.0,0.0,0.0,0.0,0.0,0.0,0.0,0.0,0.0,0.0,0.0,-0.5736639031872959,2.0407292742704763,0.0,0.0,-1.4111899448555436,-0.3849873545109641,0.0,0.0,0.0,0.0,2.5698032689132284,0.0,1.643536369572567,0.0,0.0,0.0,0.0,-4.073750792614561,0.0,0.0,1.698820872049624,0.0,0.0,-0.7986218359403592,0.0,0.0,0.0,0.0,0.0,0.0,0.1971627978535761,0.0,-5.360735389606779,0.0,0.0,0.0,0.0,0.0
HJK7VADXX_PG0783_31A0502_H1_L002,1,1,1,0,1,1,0,1,1,0,1,1,1,1,0,1,1,1,1,1,0,1,1,1,1,0,1,1,1,1,1,1,0,1,1,0,1,1,1,1,1,1,0,0,1,1,1,1,1,1,0,1,0,0,1,1,1,1,0,1,1,0,0,1,1,1,1,1,1,1,1,1,1,0,0,0,0,1,0,1,1,0,0,0,0,0,1,0,0,0,0,0,0,0,0,1,0,0,0,0,0,0,0,0,1,0,0,3.4627410926414983,-0.176076226162378,0.4418626491373163,0.0,0.628684052127446,1.9206027579425924,0.0,3.494888691323976,0.4842363421520388,0.0,0.7056121558762095,-0.915758778504666,-0.4005508790586838,-0.8850417213831496,0.0,3.209877827480894,-3.699217172981352,-1.3322643384590644,-0.0729594382922875,-0.525879973667317,0.0,1.517982986542488,-0.7946778834660158,-1.4603694649252967,-0.0650882336388234,0.0,2.5918154940228924,0.3150467330633282,1.207594573887774,1.8983881536687703,-0.7683877856627868,0.895829078742931,0.0,-1.981799228001874,1.9643439666335147,0.0,-0.1337719383278259,-0.4835523265707679,0.8432440255088366,1.6039427300476083,-0.8627945835519928,2.7070735095314795,0.0,0.0,-0.0629260706343279,-2.0032841066381835,2.5450841201226586,-4.595669562635843,-3.1126455750574005,0.4980806381709202,0.0,-4.08305981707635,0.0,0.0,1.5292677816299818,0.4042237182618413,2.469825610495896,2.145693750096683,0.0,-3.113659259888247,1.21943331081079,0.0,0.0,-2.261880004216501,2.0054028379108337,-1.268259691660157,0.04945080938647,0.7892349838000973,-3.094572793997706,-2.7716964734241323,-2.2341419340083464,-2.9205776799803047,1.975325938389034,0.0,0.0,0.0,0.0,1.9603538921785948,0.0,-0.1484071053527211,1.244491809153117,0.0,0.0,0.0,0.0,0.0,0.3159343508542349,0.0,0.0,0.0,0.0,0.0,0.0,0.0,0.0,1.253179085040201,0.0,0.0,0.0,0.0,0.0,0.0,0.0,0.0,-4.069779409408456,0.0,0.0
HJKHTADXX_PG0783_65A0205_H1_L002,1,1,1,1,0,1,1,1,0,0,1,0,1,1,0,1,1,0,0,0,0,1,0,1,1,0,0,1,1,0,0,1,0,0,0,0,1,1,1,1,1,0,0,0,1,1,0,1,0,1,1,0,1,1,0,0,0,0,0,0,0,0,1,1,1,1,1,0,1,1,1,0,0,1,1,0,0,0,0,0,1,1,0,1,0,0,1,0,0,0,0,1,1,1,0,1,0,0,0,1,0,0,0,1,0,0,0,-0.5529412837726615,-6.018466569304604,0.2202486044608205,3.925950899200777,0.0,1.7658628964031275,3.6648831375278057,3.610519542142091,0.0,0.0,0.176309810489168,0.0,0.4958689460690845,-2.868843389921439,0.0,3.920849586041809,-3.815199677512423,0.0,0.0,0.0,0.0,0.4409825246188086,0.0,-2.8464917850330407,-0.6726585839292216,0.0,0.0,-0.0612641404360132,0.3921866671313394,0.0,0.0,1.715105548038813,0.0,0.0,0.0,0.0,-1.9277649983610048,0.2809170751656407,2.260732434855281,-3.336200485358109,1.6772666162792391,0.0,0.0,0.0,1.3248420473757057,-0.9324427380467116,0.0,-1.502425704045757,0.0,2.3255975933592365,1.4856846726367487,0.0,-2.8223942334539807,3.489414842667113,0.0,0.0,0.0,0.0,0.0,0.0,0.0,0.0,1.2140037893127018,-1.4903737948597784,1.2268253147225892,1.365997084525673,2.689737589119748,0.0,0.6635281004891426,-1.4490177717091806,-3.68016339370848,0.0,0.0,-2.281663126909085,-2.2644805735890885,0.0,0.0,0.0,0.0,0.0,1.6053797462626491,-1.969372987014092,0.0,-2.114842371691487,0.0,0.0,-2.016104396794154,0.0,0.0,0.0,0.0,-1.011352619384942,-1.6448845814134656,2.258917698983068,0.0,2.0452489565104925,0.0,0.0,0.0,1.3660083721628884,0.0,0.0,0.0,-0.3295208903028515,0.0,0.0,0.0
HJKNLADXX_PG0783_67A0207_H1_L002,1,1,1,1,1,1,0,1,1,0,1,0,0,0,0,1,1,0,1,1,0,0,0,0,1,0,1,1,0,1,0,1,1,0,0,1,0,1,0,1,1,1,1,1,1,1,1,1,0,0,0,1,1,0,0,1,0,1,0,0,0,1,0,0,1,1,1,0,0,1,0,1,0,0,1,0,0,1,0,0,0,1,0,1,1,1,1,1,0,0,0,0,1,0,0,0,0,0,0,0,0,1,0,0,0,0,0,0.8770299032197926,0.0792540999881671,0.3689142559270466,3.315026603025074,0.778294305454749,-0.0495814944151367,0.0,3.074508079231525,-0.0533047169306277,0.0,-0.4179496390837209,0.0,0.0,0.0,0.0,3.376717676045081,-0.3909396312795592,0.0,-0.4528642516937127,-0.0347369303931304,0.0,0.0,0.0,0.0,2.473923909586796,0.0,2.482517052929192,-0.995624182164316,0.0,0.4865128359247298,0.0,2.1747285117334165,-1.5369187811336815,0.0,0.0,0.1456854804454347,0.0,0.3742208765113585,0.0,0.3729817372594407,-2.5568770541040537,1.88117220745762,-3.439335335639666,0.5882683265213635,-0.2659405269570185,-2.384881336284299,1.8740220020104368,0.6535496894756019,0.0,0.0,0.0,-2.4010693730691663,-2.399651268364484,0.0,0.0,3.557518486042966,0.0,1.103874166057201,0.0,0.0,0.0,-2.1180694843083225,0.0,0.0,2.453771138379627,-1.5167898331395235,0.1356862350504081,0.0,0.0,-1.081649908979932,0.0,-3.4671054913026635,0.0,0.0,-0.5100940558603024,0.0,0.0,-0.7130598876754326,0.0,0.0,0.0,-1.989160234803237,0.0,-2.263613571814078,1.0364821373326203,-0.0401216614851789,-0.6192933478252944,-3.046192552148982,0.0,0.0,0.0,0.0,-0.0209408723687637,0.0,0.0,0.0,0.0,0.0,0.0,0.0,0.0,1.1011057076146316,0.0,0.0,0.0,0.0,0.0
HJKJJADXX_PG0783_92A0603_H1_L002,1,1,1,0,1,1,1,0,1,0,0,1,1,1,0,1,1,1,1,1,0,0,1,0,1,0,1,1,1,1,1,1,0,0,1,0,1,1,1,0,1,1,0,1,0,0,1,0,0,1,0,1,1,0,1,1,0,1,0,1,1,1,0,1,1,1,1,1,1,1,1,1,1,1,1,0,0,1,0,1,1,0,1,0,1,0,1,0,0,0,1,0,0,1,0,0,1,0,1,1,0,0,0,1,0,0,0,0.4735443611902505,0.6199192099788455,-1.739591156405624,0.0,3.077433858993688,1.3908550932262211,-0.7919084531462097,0.0,0.4620249426887022,0.0,0.0,-2.8930542338548566,-0.3232883439583935,-3.239147068463052,0.0,2.854327651324188,-3.670508520874796,-3.173669139083545,-0.4704191730916514,-2.522224622409449,0.0,0.0,-0.8334897903291925,0.0,-1.96913311311501,0.0,-2.8962508268804843,2.034276537446152,-3.4547999480481044,0.9343606939000776,1.3306062882429204,0.6848342259539677,0.0,0.0,2.336374739030905,0.0,-0.9121995108979944,1.3667747147043516,1.7582582368623223,0.0,0.0204520994429651,3.074027692503935,0.0,0.7121544853458286,0.0,0.0,0.5886112968827002,0.0,0.0,-1.49119022189339,0.0,-2.14656798059911,-2.2596344713360725,0.0,0.4759276281257909,4.62891438880477,0.0,1.1056148336165887,0.0,0.7922016417444715,0.1437893540644943,-3.770226549133541,0.0,-0.4018729843635666,2.8126483819654275,0.3615172769480466,1.079723547622674,2.4407072882696657,-0.1749834845768361,-1.4719987615084502,-0.4007283661448273,1.5590267654603112,-0.7259477167706399,-0.5427940865438647,-4.012086361531709,0.0,0.0,3.1166394253760643,0.0,1.2557550070350398,-3.577726787423829,0.0,2.132784055761056,0.0,-0.6609829251884691,0.0,-0.5999823332303764,0.0,0.0,0.0,0.0873483725082504,0.0,0.0,2.6172338615348973,0.0,0.0,1.2353833510728798,0.0,-0.7836150273549558,0.5024532320296202,0.0,0.0,0.0,1.8435174184999328,0.0,0.0,0.0
HJKHJADXX_PG0783_98A0717_H1_L001,1,1,0,0,1,1,0,0,1,0,1,0,0,1,0,0,1,1,0,1,0,0,1,0,1,0,1,1,1,1,1,0,0,1,0,1,0,1,0,1,0,0,1,1,1,1,0,1,0,0,0,0,1,0,1,0,1,0,0,0,1,0,1,0,1,1,0,0,1,1,1,0,0,1,1,0,1,1,0,1,1,1,0,1,0,0,1,0,0,0,0,0,1,0,0,0,1,0,0,1,0,1,0,1,0,0,0,2.994897749054404,-4.598113294649609,0.0,0.0,2.221152037319298,1.9313844515271203,0.0,0.0,1.3090634359357831,0.0,1.7118814207319533,0.0,0.0,-1.0520748426781976,0.0,0.0,0.1820443116759622,-2.239471495573902,0.0,-0.8318974944598798,0.0,0.0,0.7752028955173722,0.0,2.089193746344656,0.0,2.786612653659629,2.0800928257162727,0.45537436380279,-0.7004268018981179,0.0586744574685917,0.0,0.0,-0.6583699641884984,0.0,-0.6622916526119018,0.0,0.138717165142128,0.0,0.2402875345874366,0.0,0.0,-3.35440016167416,2.5002573802875308,1.0749519492880395,-4.392540628587252,0.0,1.9770630598272925,0.0,0.0,0.0,0.0,-1.733598490589744,0.0,2.469331991274516,0.0,-2.018943514068336,0.0,0.0,0.0,3.135153397671884,0.0,2.261101338580336,0.0,2.795652330327423,0.2967864158785458,0.0,0.0,-0.6684096786366815,0.7498661567068565,-0.3877891237702762,0.0,0.0,-3.1207492361072675,-0.3751228782582558,0.0,0.7247501858070247,-2.132919186125567,0.0,1.6413954076222117,1.1449476415501525,4.6032911747099945,0.0,-1.580549011182102,0.0,0.0,-2.743787969429816,0.0,0.0,0.0,0.0,0.0,-1.815254666069096,0.0,0.0,0.0,-2.957921923732578,0.0,0.0,0.925878951231392,0.0,-3.308706934015261,0.0,-3.941667480940093,0.0,0.0,0.0
HJK7NADXX_PG0783_110A0106_H1_L002,1,1,1,0,1,1,0,1,1,0,1,1,0,1,1,1,1,0,0,1,0,0,0,1,1,0,1,1,1,0,1,1,1,0,1,0,1,1,0,0,1,0,1,0,0,0,0,1,1,0,0,1,1,0,1,1,0,1,0,0,0,1,0,0,1,0,1,0,0,0,1,1,1,1,1,0,0,0,0,0,0,0,0,1,1,1,1,1,0,1,0,0,1,1,0,0,1,1,0,1,0,0,0,1,0,0,0,2.349093329243823,-0.5260469287150515,1.8565061563388003,0.0,1.93828551600372,2.307321139486176,0.0,4.910987253346646,1.9902103203490755,0.0,0.5438277501857012,2.1453068223731697,0.0,1.7124833608359509,-3.2705697002775143,3.565440459758168,1.1142599278356955,0.0,0.0,-1.232912490797731,0.0,0.0,0.0,-2.0686977370603903,0.4094299410649078,0.0,2.616760697916738,0.9056078782389908,0.6531164006682948,0.0,1.704896821350369,-1.264308318506299,-1.631155383143151,0.0,3.237875675176886,0.0,-3.331128741872921,1.3367911589344124,0.0,0.0,-0.97832116171451,0.0,-3.128028649528096,0.0,0.0,0.0,0.0,1.8249492570403267,3.446183855725135,0.0,0.0,-1.3777612000661228,-4.208606184287901,0.0,1.772571044898242,2.212928893859255,0.0,-1.3016904744650644,0.0,0.0,0.0,-2.528782269347983,0.0,0.0,1.5572906288993342,0.0,-0.4768906794363781,0.0,0.0,0.0,-0.6977412218165715,-1.6701968862862584,-1.5585032272314097,-2.0004201581375454,-3.8076193640044327,0.0,0.0,0.0,0.0,0.0,0.0,0.0,0.0,-1.7617234663158787,1.1784558640728409,-1.990160651468796,-0.4500906339650079,1.458274958648878,0.0,-0.1565182167743422,0.0,0.0,-4.2302872503492255,2.040794400355921,0.0,0.0,-3.8573075973855495,2.125967850009629,0.0,1.4019158404245526,0.0,0.0,0.0,-4.8120646100875,0.0,0.0,0.0
HJK7NADXX_PG0783_128A0406_H1_L002,1,1,1,1,1,1,1,1,1,0,1,1,0,1,0,1,0,0,0,1,0,0,0,0,0,0,1,1,1,0,1,1,0,1,0,0,1,1,0,0,0,0,0,0,0,0,0,1,0,0,0,0,1,0,0,0,0,0,0,0,0,0,0,0,1,1,0,0,0,0,0,0,0,1,0,0,0,0,0,0,0,1,1,0,0,0,1,0,0,1,0,1,1,1,0,0,0,0,0,0,0,0,0,1,0,0,0,0.7945989093592196,-2.356100579866795,-0.7259739080448572,2.8922454065338,1.0722082130771078,1.7406037844832951,3.271183725235101,2.5425407406352383,0.6228155598235032,0.0,0.1238291666514522,0.1153516014235007,0.0,-4.5152302821503305,0.0,4.6971908728034135,0.0,0.0,0.0,-2.238553978778247,0.0,0.0,0.0,0.0,0.0,0.0,0.502735985480256,-0.9723360117211538,-2.09578423747487,0.0,2.559153787241762,1.1209079832519264,0.0,-2.551054785117724,0.0,0.0,-1.000868810688086,1.5445333474415648,0.0,0.0,0.0,0.0,0.0,0.0,0.0,0.0,0.0,-0.7716531967362693,0.0,0.0,0.0,0.0,-3.0712975916464145,0.0,0.0,0.0,0.0,0.0,0.0,0.0,0.0,0.0,0.0,0.0,2.8027131885918983,1.515255560851816,0.0,0.0,0.0,0.0,0.0,0.0,0.0,-2.400141401740257,0.0,0.0,0.0,0.0,0.0,0.0,0.0,-0.0939220092028908,0.4027977811043012,0.0,0.0,0.0,-0.8445453020998105,0.0,0.0,0.9245106389185784,0.0,-3.1575677337047674,-1.049494379350604,2.841986410837482,0.0,0.0,0.0,0.0,0.0,0.0,0.0,0.0,0.0,-4.24263845542214,0.0,0.0,0.0
HJKTNADXX_PG0783_132A0504_H1_L002,1,0,1,0,1,0,0,1,0,0,1,0,1,0,0,1,1,0,0,0,0,0,0,0,1,0,0,0,0,0,1,1,0,0,0,0,0,1,0,1,0,0,0,0,0,0,0,1,0,0,0,0,0,0,1,0,0,0,0,0,0,0,0,0,0,1,0,0,0,1,1,0,0,0,1,0,0,0,0,0,0,0,0,0,1,1,0,0,0,1,0,0,1,0,0,0,1,0,1,0,0,0,0,0,1,1,1,0.1413646367536747,0.0,-2.656023200020239,0.0,-1.5966399422775788,0.0,0.0,4.869810463143002,0.0,0.0,-2.495565032484467,0.0,0.9076317659434946,0.0,0.0,3.201321598544414,-0.670193343786309,0.0,0.0,0.0,0.0,0.0,0.0,0.0,-0.8332463509798895,0.0,0.0,0.0,0.0,0.0,0.2061598570270089,3.675138926555951,0.0,0.0,0.0,0.0,0.0,2.029947600128988,0.0,-2.312535260363461,0.0,0.0,0.0,0.0,0.0,0.0,0.0,-1.96693915991501,0.0,0.0,0.0,0.0,0.0,0.0,2.481491132209486,0.0,0.0,0.0,0.0,0.0,0.0,0.0,0.0,0.0,0.0,-0.7231194683389397,0.0,0.0,0.0,-2.7800640783761272,4.989556470652667,0.0,0.0,0.0,0.0610524825691878,0.0,0.0,0.0,0.0,0.0,0.0,0.0,0.0,0.0,-3.887187056712145,-0.5751011578167362,0.0,0.0,0.0,3.949484893358756,0.0,0.0,1.2275002049585164,0.0,0.0,0.0,-4.230520383713303,0.0,0.0591134980717624,0.0,0.0,0.0,0.0,0.0,0.1908572846301131,-2.589070253472067,-0.6742261262907534
HJKTNADXX_PG0783_145A0703_H1_L001,1,1,1,1,1,1,0,1,1,0,1,1,1,1,1,1,1,1,1,1,0,0,1,0,1,1,1,1,1,1,1,1,1,1,0,0,0,1,1,0,0,1,0,1,1,1,0,1,1,0,0,0,1,1,1,0,0,0,0,0,1,0,0,0,1,1,0,0,1,1,1,1,0,0,1,0,1,1,0,1,1,0,0,0,0,0,1,0,0,0,0,0,1,0,0,0,1,0,0,0,0,0,0,1,1,1,1,1.997925824118411,0.3103129813340906,0.1584764760374342,0.6540831855007684,1.07531400460798,-1.7088207086288625,0.0,3.171293622934076,1.3091599204124555,0.0,0.498065188811877,0.4887929379153899,1.2477682681299624,-2.744393294679452,2.24442384282461,4.020200031677714,-1.924389335624602,-0.9903741534342436,-0.630505178536277,-0.3817090370593563,0.0,0.0,0.7594506428070974,0.0,-2.724855398123111,1.2815330714262825,1.572187519188359,0.0963052509157234,0.096274936402648,-0.0882377602049864,-1.3225243273917235,0.7278440137772255,-4.624014119698842,-2.334438453593389,0.0,0.0,0.0,-1.0355001187858577,1.2924996093180616,0.0,0.0,-0.3241405528635128,0.0,1.862162224126759,2.2005739609561736,-4.839533745902392,0.0,-4.38333808962299,-1.7874051866414868,0.0,0.0,0.0,-2.744393294679452,3.563106314676751,2.1813618341577192,0.0,0.0,0.0,0.0,0.0,1.6999668422999688,0.0,0.0,0.0,1.8602211813749168,1.7784218896358492,0.0,0.0,1.0991596220351658,-2.198068227284649,1.5383765195107908,0.8061963935194112,0.0,0.0,-2.8120519431532665,0.0,1.1516776045970725,3.790191400013024,0.0,0.802552858249849,-3.1871495146450344,0.0,0.0,0.0,0.0,0.0,-3.680876137788498,0.0,0.0,0.0,0.0,0.0,-1.8055143334313333,0.0,0.0,0.0,1.4542364388698132,0.0,0.0,0.0,0.0,0.0,0.0,-0.753238369269398,1.92894976590774,-0.7797456857123175,-0.9138492113161476
MMRS14602194ST-27-0-0,1,1,1,1,1,0,0,1,1,0,1,1,1,1,0,1,1,1,1,1,0,1,1,1,1,1,1,1,1,1,1,0,0,0,1,0,0,1,1,1,1,1,0,1,1,0,1,1,1,1,0,1,1,1,1,0,1,1,1,1,1,1,0,1,1,1,1,1,1,1,1,1,0,1,1,0,1,0,0,0,1,1,0,0,1,0,1,0,0,0,0,0,1,1,0,1,1,0,0,0,0,0,0,0,0,0,0,3.9552605862541927,-1.1580297785905198,-0.334222742677192,-5.714631997943701,0.1540369716843537,0.0,0.0,4.22032909931499,0.5889361947685365,0.0,2.036636209822668,1.632178369655282,-5.1289050660045925,0.1774213791905612,0.0,4.399442826962751,0.9001184257033213,-1.52329516973429,0.6485876581306325,-0.8697161015993402,0.0,1.7873296248541943,-0.7308985451108361,3.273485694881617,0.2812671462321472,2.2019661841511904,3.643630170774382,0.652792557292613,0.8358661570837901,-1.419869297401844,2.727007162033864,0.0,0.0,0.0,-6.371411534332771,0.0,0.0,1.381752065879273,2.1803418013632303,-1.0431886850058298,-0.5875863520030336,3.3194903747990123,0.0,2.5002491664301902,2.0196513799392544,0.0,3.0301068929505712,2.222993989394645,2.989587713928525,3.272946694240505,0.0,-0.9969601881464164,-0.8675328535157634,3.9554488688774914,2.8462413218563256,0.0,2.982342489497351,-1.6224502667825418,-5.643173033961556,-3.665745124585837,-1.1838262272444713,-1.2039760123393266,0.0,-3.175658126885425,1.8381300862704468,0.7309702366336996,0.830903894516299,-0.1004231024744715,-1.232257389435537,-0.5605913798166593,1.7036710884392563,-3.581123234993589,0.0,-2.2226238816384507,-3.8924750515312745,0.0,0.7720367920273155,0.0,0.0,0.0,0.1901241565732732,-4.123886218521753,0.0,0.0,-3.507171916713454,0.0,0.041754639931016,0.0,0.0,0.0,0.0,0.0,-2.829417549054681,1.921575040915992,0.0,-2.1545333336956887,-7.401030951513928,0.0,0.0,0.0,0.0,0.0,0.0,0.0,0.0,0.0,0.0
MMRS15137911ST-27-0-0,1,1,1,0,0,1,0,1,1,0,1,1,1,1,0,1,1,1,1,1,0,0,1,1,1,0,1,1,1,0,1,1,0,1,0,0,1,1,1,1,1,1,1,1,0,0,1,1,0,1,0,1,1,1,0,1,1,0,1,1,0,1,0,1,1,1,1,0,1,1,1,0,0,0,1,1,1,1,1,0,1,1,0,1,0,0,1,0,0,0,0,0,1,1,0,0,1,0,0,1,0,0,0,0,0,0,0,1.705047408359153,0.1276567218521196,0.5795246828090681,0.0,0.0,-1.9411452851901927,0.0,4.134146028474887,1.9976828609007804,0.0,0.1929225655221862,1.618816394632734,2.104521313300176,2.352666813205605,0.0,-2.001047624562803,-2.900335709704411,-1.6607148761337316,0.2274517120818446,-0.7417050086027264,0.0,0.0,-1.2181851446808272,-0.664337967001899,1.261993624600769,0.0,0.9675694291659458,-0.0132721883768867,-3.880278044697909,0.0,-3.669982635861549,-3.3511806546959635,0.0,-1.651001098322327,0.0,0.0,0.7746499785066675,0.6958698381332679,0.428504038384399,0.6083051985400352,1.9807506177048368,2.61822126197805,-5.473302927490679,3.942073860576725,0.0,0.0,-2.745298111858925,0.0112527340128951,0.0,-4.1878573115649536,0.0,-1.643398426122271,0.890787162063254,-3.850007980395153,0.0,-1.9418255573252703,1.5726660788108715,0.0,2.8084975787433377,-1.7037548435653669,0.0,-0.8959581631956632,0.0,0.1782065808896731,3.1480470321142047,1.9049209888832144,1.78793849567791,0.0,0.7722403116536556,0.91373298441848,2.189099283825784,0.0,0.0,0.0,0.153146343762351,-4.701903550030986,1.3685733974913072,3.206865019751284,2.8347098196285545,0.0,0.7709994347586157,1.4313312067128354,0.0,1.3786568934939876,0.0,0.0,0.9800473587039792,0.0,0.0,0.0,0.0,0.0,2.0514841797312893,-4.675376795697558,0.0,0.0,-4.125531848367125,0.0,0.0,0.9658245195884324,0.0,0.0,0.0,0.0,0.0,0.0,0.0
MMRS17603756ST-27-0-0,1,1,1,1,1,0,0,1,1,0,1,1,1,1,1,1,1,0,1,1,1,0,1,1,1,1,1,1,1,1,1,1,0,1,0,0,0,1,1,1,1,1,1,1,0,1,1,1,0,1,0,0,1,0,1,1,0,1,0,0,1,0,0,0,1,1,1,0,1,1,0,0,0,1,0,1,0,0,0,0,1,0,0,1,1,1,0,0,0,0,1,0,1,1,0,1,1,1,0,0,1,1,0,0,0,0,0,-0.3688701493799957,1.831860049211915,-1.6342293292623158,4.399967011318349,1.2561547523279994,0.0,0.0,4.3073250555944576,0.6814024932221122,0.0,0.3280251615049363,0.3473838913744851,0.7095326198596831,-0.8192650641847405,-0.5523188902121376,2.1978925585862514,-3.878227471930528,0.0,-0.0026340992673743,1.4090458696646206,-6.912343988492833,0.0,-2.811498861667639,2.477022661733418,1.670180887684397,1.8380980451028,1.307169494151743,-0.230998458611527,-1.126514127910718,2.5324290161324496,-0.0686867479648654,1.908002284103248,0.0,0.0672060301764347,0.0,0.0,0.0,-0.4330999602980585,1.4655571501328408,-0.5987959422157381,3.950972597931933,3.3226609993007337,-1.4477755351834507,0.9282427283836414,0.0,-2.1299376180940666,1.005825727834412,-1.5161505668552928,0.0,0.421019973731932,0.0,0.0,-3.128154354574572,0.0,0.7132510836396205,0.6891235287653683,0.0,2.2995734002081134,0.0,0.0,-0.0378757573788492,0.0,0.0,0.0,1.3638736899709496,-1.1246467137359224,1.9542621903944133,0.0,-1.3637755607707127,-1.17787769389803,0.0,0.0,0.0,-3.984052995734374,0.0,-0.2075567277896475,0.0,0.0,0.0,0.0,-0.3960865975641667,0.0,0.0,-3.481165774618741,-0.4939790525566219,-3.825261936350614,0.0,0.0,0.0,0.0,-0.3003029536597414,0.0,0.2287978547457663,3.247661339614722,0.0,-7.649942931623612,-4.5840063993963724,2.6485154623824734,0.0,0.0,2.5444589639449617,0.233537688452075,0.0,0.0,0.0,0.0,0.0
MMRS20257302ST-27-0-0,1,1,1,0,1,0,0,1,1,0,1,1,1,1,1,1,1,1,1,1,1,1,1,1,0,1,1,1,1,1,1,1,0,0,1,1,1,1,1,1,1,1,0,1,1,0,1,0,1,1,0,1,1,1,1,1,1,1,1,0,1,1,0,1,1,1,1,1,1,0,1,1,0,0,0,1,1,1,1,0,1,0,0,1,0,0,1,1,0,0,1,0,1,1,1,1,1,1,0,0,0,0,0,0,0,0,0,1.9915692541223544,-1.1265232163556045,0.8811684855581625,0.0,1.5268823241261171,0.0,0.0,4.108532695112144,2.312876019877683,0.0,0.9047063940957744,0.2378005640588909,0.2487830581941275,-0.305088165363004,0.2416867856224325,3.6405765535257295,-2.541577398375692,-1.005401464457013,1.3250179068529395,-1.7415028069862577,-1.442793744785562,-2.382663932479752,-0.5220578012832453,0.6999499581834316,0.0,2.026363304012636,3.3121751603202827,0.5408984356741889,0.5848899452822842,-2.194511455375004,-0.6552870511283875,0.4554650704820362,0.0,0.0,-1.6237454383516028,-4.916097623162412,-0.524312131574977,0.8090209862212986,2.208469602553674,-2.115251701714956,0.5956365852503758,-0.7278669651462926,0.0,1.945324415690425,-0.5819534156046597,0.0,0.9151365663883136,0.0,-1.1263983334331815,-0.8917330018983838,0.0,-4.125633237538374,-5.637257839950031,0.1826227499976334,0.802092531150067,2.0974898834084024,3.460214104420684,-4.358852440841326,1.2718147528113728,0.0,0.6698465656923596,-4.629797720937583,0.0,1.6807465401212442,0.4107588766628715,-0.2282532607270806,0.7745790870871971,3.251317073185941,-1.7540552730573775,0.0,0.3054520537216412,0.1179448149827588,0.0,0.0,0.0,0.0727928272642104,0.1407110669852784,2.080654629268098,1.0963199022256165,0.0,-2.205839915644992,0.0,0.0,-1.882154495957902,0.0,0.0,-0.589662544693417,-1.931197284429805,0.0,0.0,3.2189660008683374,0.0,0.1033751168374874,1.923745494551273,1.5757151995561285,1.1617473468610784,-2.64209390969068,-1.5022731179204236,0.0,0.0,0.0,0.0,0.0,0.0,0.0,0.0,0.0
MMRS25211151ST-27-0-0,1,1,1,0,0,0,1,1,0,0,1,1,1,1,0,1,1,1,1,1,0,1,1,1,1,1,1,1,1,0,1,1,0,1,0,0,0,1,1,1,1,1,1,0,1,0,1,1,0,1,0,1,1,0,0,1,1,1,0,1,1,1,1,0,1,1,1,1,0,1,1,1,1,0,1,0,1,1,0,1,0,0,0,1,1,1,1,1,1,0,0,0,1,1,0,0,1,0,0,0,0,1,0,1,0,0,0,1.5781043023525083,-0.4595174917662541,0.927370972419243,0.0,0.0,0.0,-4.528199239963037,4.366710796676016,0.0,0.0,2.590859367134773,-0.8128787300201681,0.7096252225507961,0.7041316219000935,0.0,4.307906770000086,0.6831230560258111,-2.9488045520167283,-0.0533114063006481,-0.1852677657863848,0.0,3.058752093516504,-0.3425612511331246,2.161360985997871,-0.0527496515684127,1.9591161375736776,1.6984260480248046,1.28841799064872,-0.3190989735271661,0.0,2.617212599371512,1.8290833032825,0.0,-0.3031673855291723,0.0,0.0,0.0,-0.109358632166439,0.4277225519873908,2.064851437044002,-0.6461270418515068,3.2074496808834305,-2.628168696658417,0.0,1.4787832914470522,0.0,3.7662426998610057,-0.4138762108100497,0.0,-2.2140223988052066,0.0,-1.5792859804016752,-3.902284789624354,0.0,0.0,-3.7869027155055086,-3.6200130099008208,1.8361500871761407,0.0,-0.0455767860190301,1.84296791065192,-0.7189491691311052,3.446781008688503,0.0,2.070205923334153,-2.552002864430772,1.2908452410468834,-6.9909320322567154,0.0,-6.469635108623429,0.2730612531155818,-1.6756540504016335,-0.1834624483464682,0.0,-0.6222935619958607,0.0,0.909353511948197,3.247825907148911,0.0,-1.426411624934022,0.0,0.0,0.0,-2.779974709526421,1.2778672739678596,-0.7417699634512711,-1.6668956224405589,1.3101977475565376,0.6345860150865559,0.0,0.0,0.0,-2.9423558884901952,3.5537138737662928,0.0,0.0,-3.134087976951535,0.0,0.0,0.0,0.0,0.410234966869172,0.0,-2.6734439187204044,0.0,0.0,0.0
MMRS25641480ST-27-0-0,1,1,0,1,1,1,0,1,1,0,1,0,1,0,1,1,1,1,1,1,0,0,0,1,1,0,1,1,0,1,1,1,0,1,0,0,0,1,1,1,1,1,0,0,1,0,1,1,0,0,0,1,1,0,1,1,0,1,1,1,1,1,1,0,1,1,1,0,1,1,1,0,0,1,1,0,0,1,0,0,0,1,1,0,1,1,1,1,0,0,0,0,1,1,0,1,1,1,0,0,1,0,0,0,0,0,0,4.225441707569603,-2.155257332370937,0.0,1.7635166287976574,1.7073832445351016,0.5725995355419837,0.0,1.9287226187169888,1.587468936186928,0.0,2.6504517840215502,0.0,0.5920611228292015,0.0,-0.432137627281532,3.5318908526777326,1.7831752828312049,-1.8252957372563867,0.3272515129654418,-2.789599330501412,0.0,0.0,0.0,0.869589611065857,-0.8726595787432121,0.0,3.226803691289443,1.3960830623089249,0.0,-0.9125215120884388,-0.4754266223349783,0.3527377416767201,0.0,-0.037320357129214,0.0,0.0,0.0,-0.691896066561495,0.983991849884178,1.806008968992752,-0.1669936057781584,2.6454171189425124,0.0,0.0,2.183615648953099,0.0,2.2205035763696657,-3.0118691377670253,0.0,0.0,0.0,-2.5833814300705447,-1.365424359431691,0.0,1.8902306234250497,-2.305706589095009,0.0,2.6486497217930154,2.812188278375924,-1.585276936939264,2.897707842299549,-1.5882523482531434,0.54422724004566,0.0,1.987784192118228,0.82049924575941,0.9517542473531238,0.0,-0.6746646527956337,-1.917633223698714,-4.546991156225259,0.0,0.0,-6.047695868522894,-3.0096881118206644,0.0,0.0,-1.0748358680557413,0.0,0.0,0.0,3.008304159176219,1.4564787401272428,0.0,-1.723763914727194,-3.6567114732643695,-2.093833204751839,-0.9297020561061392,0.0,0.0,0.0,0.0,-3.1539627629240243,1.198391388550233,0.0,1.237332862164041,-5.409036873247018,-2.8422430639868344,0.0,0.0,2.071517764384529,0.0,0.0,0.0,0.0,0.0,0.0
MMRS38861560ST-27-0-0,1,1,1,1,1,1,0,1,1,0,1,1,1,1,0,1,1,1,1,1,1,0,1,1,1,0,1,1,1,1,1,1,0,1,0,0,1,1,1,1,1,1,1,1,1,1,1,1,0,1,0,1,1,1,1,1,1,0,0,0,1,1,1,1,1,1,1,1,1,1,1,1,0,1,0,0,1,0,0,0,0,1,0,1,0,0,1,0,0,0,0,0,1,0,1,0,1,0,0,1,0,0,0,0,1,1,1,2.3570659833594787,-1.4071770789242977,0.8099939051828169,-4.550805310992063,1.3824505471732071,2.157103365037368,0.0,4.686685773806939,1.032088481747599,0.0,1.8387305951991453,0.4619272298577888,0.3614026110421899,-0.4054805789072246,0.0,3.5378022934413043,-1.0477895913850237,-0.9472310057226044,0.5656655240411914,-1.276479098577592,2.7933711030574715,0.0,-0.3948616263079492,-2.0169331199735008,1.0911213514629248,0.0,2.678717138807724,1.1794917690128313,-0.2191273748135163,0.7239493292654773,-5.021914523545548,1.7051779990633202,0.0,0.3560642662877249,0.0,0.0,-0.8691340943544388,-0.395554506986977,0.3376311347339034,1.073172303700137,0.925172674956521,3.0924234254346548,-3.7831556031341966,1.295904879980283,2.2817857646123345,-0.0280563497155446,1.2417196994058302,2.071328386369588,0.0,2.330889569578285,0.0,-0.8633080271050781,-3.123909974249933,4.250656675703951,-0.201704327886657,-4.248044131713161,-0.2854056125593009,0.0,0.0,0.0,3.3043259875629065,-0.960861384853295,3.2219799725532283,-1.451758812901605,1.8086920860799176,0.0572887730325424,0.9664922560074424,-4.227841424395642,0.7017862522068461,-2.132526533559516,-2.492299635165816,-1.8546114918322645,0.0,0.5945990993038563,0.0,0.0,-0.5428695951127227,0.0,0.0,0.0,0.0,2.194281531054026,0.0,-2.787058877991682,0.0,0.0,-1.0845515864840367,0.0,0.0,0.0,0.0,0.0,-2.157440627367955,0.0,0.3503274860895058,0.0,-3.261618323773278,0.0,0.0,-1.5743178093148007,0.0,0.0,0.0,0.0,-1.2605086253633493,-3.6290049233069386,-1.3159256369347618
MMRS38954404ST-27-0-0,1,1,1,1,1,1,0,1,1,0,1,1,1,1,0,1,1,1,1,1,0,1,1,1,1,0,1,1,1,1,1,1,1,1,0,0,1,1,1,1,1,1,0,1,1,0,1,1,0,1,0,1,1,1,0,1,1,1,1,1,1,1,1,1,1,1,1,1,1,0,1,1,1,1,1,1,1,1,1,0,1,1,0,1,1,1,1,1,1,1,0,0,0,1,0,1,1,1,0,1,0,1,0,0,1,1,1,3.7806888652782566,-0.7486452415867326,2.158009676235452,3.3820087688355454,-3.653771970229697,0.5564462126637453,0.0,4.525987586115054,1.9335393169510031,0.0,2.9038421569757418,1.5461099365725235,2.3247242348690698,0.8257288131269711,0.0,4.139514129382479,-0.236758299124256,1.6690422152093798,0.4257475226302474,-4.036095549776166,0.0,2.172829765510526,-0.279007845635697,0.5563469225877067,1.2653785936106008,0.0,3.082440905771685,2.552257631863648,0.5313116835387521,1.0242009886839736,-1.2194547612017377,-0.2370875533663792,-3.0984655018670164,-0.7891850227899857,0.0,0.0,0.8257288131269711,-0.8150651848521036,1.617115763912218,1.4846788579821302,-1.3035121621500845,3.6793122484830754,0.0,-4.27281117863592,-0.9212739046517368,0.0,1.4169395626775203,-3.844827206992406,0.0,-0.25771598806796,0.0,-1.9187775238058329,-2.677132082373247,-5.195332460260711,0.0,2.6444084881681795,3.8461749731020713,2.492206305940918,3.171168646819032,-1.9572669409993688,-1.0494732739796122,-1.9640341153939536,-4.662867661391239,3.4450126618007886,2.5712367037082693,0.2395488055870838,2.133361343661404,1.1194885526243998,2.0487164679682914,0.0,-2.854428502964529,-0.8709928717752993,1.0142945028799215,-5.077549424604328,-3.414044290899952,-3.8652778174636966,0.36522897122345,-3.687788855507951,3.698742019905162,0.0,1.2065329109112812,-3.1598101525157105,0.0,-3.974318190079924,1.050925698799025,-1.818385080822016,-0.3007629271813448,1.5976781313565365,1.220531389717661,2.232155531333026,0.0,0.0,0.0,1.1332737422148924,0.0,1.2027163601230688,-3.960587997268021,2.1939515746880507,0.0,2.099978506286022,0.0,-6.646165342518173,0.0,0.0,-2.0336885813476435,-3.785871039859286,-2.519030957473081
MMRS39415781ST-27-0-0,1,1,0,1,1,0,1,1,1,0,1,1,1,0,0,1,1,1,1,1,1,0,0,1,0,0,1,1,1,0,1,1,0,0,0,1,0,1,1,1,1,1,0,1,1,0,1,1,0,1,0,1,1,0,0,0,1,0,0,0,1,1,0,0,1,1,1,1,0,1,0,0,0,0,1,1,1,0,1,0,1,0,0,1,0,0,1,0,0,0,0,0,0,0,1,1,1,0,1,1,0,0,0,0,0,0,0,1.787052584761945,-1.812820761921076,0.0,-4.14544653511319,1.258268580442056,0.0,-4.874698720315251,-2.3812502248142886,1.4749928744186458,0.0,1.6858326113499071,1.90663429001338,-4.253964117323783,0.0,0.0,5.112559762423392,0.2339614255980271,-1.0855082425028295,0.7325620566313645,-0.982428343433244,-6.073781539346996,0.0,0.0,2.796281805990059,0.0,0.0,3.66500967899736,-0.2861362707268211,0.6919885960712928,0.0,2.9125795663488256,4.019445113810943,0.0,0.0,0.0,1.644372649421549,0.0,1.714500800284923,-0.5065547704265596,1.560520313289924,1.277783630164238,1.5687425948859055,0.0,2.9068603077556032,1.5983973612131068,0.0,-5.344702349560987,0.1821089354083571,0.0,1.0481995974743414,0.0,-0.2303078211738791,0.0040285127005164,0.0,0.0,0.0,2.0035671657811616,0.0,0.0,0.0,-6.529257068029822,-0.5252750386707066,0.0,0.0,3.9822815855899103,-0.3659422639951806,2.029019006949088,-1.8245896758831888,0.0,-0.1173124978252826,0.0,0.0,0.0,0.0,0.4975795487487682,-3.8135439941820426,0.0112177765352643,0.0,-5.709816162145584,0.0,-3.742348292015292,0.0,0.0,1.3302303339816115,0.0,0.0,-1.0893399839673787,0.0,0.0,0.0,0.0,0.0,0.0,0.0,0.2648556302314548,4.305797779379018,-2.478141240358541,0.0,0.1446242168844516,1.821309220195524,0.0,0.0,0.0,0.0,0.0,0.0,0.0
MMRS40913371ST-27-0-0,1,1,1,1,1,1,0,1,0,0,0,1,0,1,0,1,1,0,0,1,0,0,0,1,0,0,1,0,1,0,1,0,1,0,0,0,0,1,0,0,1,1,1,0,1,1,0,1,0,1,0,1,1,0,0,0,1,1,0,0,1,1,0,0,0,1,0,0,1,1,0,0,0,0,1,1,1,1,0,0,1,1,0,1,0,0,1,0,0,0,0,0,1,0,0,0,1,0,0,0,1,1,0,0,0,0,0,1.611682063392054,-2.59534839100972,2.810514602101481,-3.409123559358279,-5.576042787199169,0.7168521729047035,0.0,5.482226698355408,0.0,0.0,0.0,0.9958848235023444,0.0,1.9902450512594856,0.0,-4.243401139571599,3.1296913861980658,0.0,0.0,-1.5030692457386317,0.0,0.0,0.0,2.284101961739962,0.0,0.0,3.8417921629547807,0.0,0.4525593634484206,0.0,2.3849942963227617,0.0,-0.0206564373493638,0.0,0.0,0.0,0.0,0.5417256040789491,0.0,0.0,-0.6292961425341139,2.7934534808957125,-6.169817493945911,0.0,1.7188312251771036,-4.201005580603914,0.0,0.7353127209467593,0.0,2.500977964398454,0.0,-2.548725074925377,-1.3805255706597173,0.0,0.0,0.0,3.617040580303591,2.386705552276588,0.0,0.0,-6.225387345100722,-2.3589596129454886,0.0,0.0,0.0,0.3005635472620611,0.0,0.0,-0.0532692982994822,-0.1565650101741607,0.0,0.0,0.0,0.0,-0.252377762366099,2.0059430703208343,1.0772245898602,1.899998473848841,0.0,0.0,2.9608827919964664,-3.170039361872377,0.0,1.511680534966526,0.0,0.0,-0.0959637220410656,0.0,0.0,0.0,0.0,0.0,-2.516705263690606,0.0,0.0,0.0,-4.853481721432931,0.0,0.0,0.0,2.305150692163539,-0.0962748898563776,0.0,0.0,0.0,0.0,0.0
MMRS41266697ST-27-0-0,1,1,0,1,0,0,0,1,0,0,1,1,0,1,0,1,1,0,1,1,0,0,0,1,0,0,1,0,1,1,1,1,0,0,0,0,0,1,0,0,1,1,0,0,0,0,1,1,0,0,0,0,1,1,1,1,1,1,0,0,1,0,0,0,1,1,1,0,1,1,1,1,0,0,1,0,1,1,0,0,0,1,0,1,1,0,1,1,0,0,0,0,1,0,0,1,1,0,0,1,0,1,0,0,1,1,1,3.252493903513863,-3.673346389189652,0.0,-4.072362833771282,0.0,0.0,0.0,4.541271377898289,0.0,0.0,-2.952850193225606,1.128414596184116,0.0,-1.881895038897943,0.0,3.707158283866241,1.3145303419695873,0.0,-0.7057321817444324,-2.918379259314251,0.0,0.0,0.0,1.9970825383670388,0.0,0.0,1.6657633965799277,0.0,-4.673460843311641,1.6539284107946413,-2.2760225044942617,2.2295646750014724,0.0,0.0,0.0,0.0,0.0,-0.6682312853240344,0.0,0.0,0.9427801915574968,3.160969256741536,0.0,0.0,0.0,0.0,2.8908141206945737,1.5194153307311142,0.0,0.0,0.0,0.0,-2.199501671278826,-4.866899240211935,1.308016814485976,-3.740228998748668,2.2566015603136265,0.932821450547565,0.0,0.0,3.731045225796256,0.0,0.0,0.0,3.1037442581220818,-0.3109064884946129,2.0305161808417003,0.0,-1.0714100510397404,-0.4073894559185016,3.326003555214188,-0.0121098289256058,0.0,0.0,-1.557380429254201,0.0,0.1914416192489487,1.5734539007586406,0.0,0.0,0.0,2.4489558842895374,0.0,1.1897133983054653,-2.3213679686074995,0.0,0.727404040896472,-0.8713873145296323,0.0,0.0,0.0,0.0,-3.2417320258692905,0.0,0.0,2.1156863109780324,-4.6535596889943465,0.0,0.0,-2.673067947434696,0.0,1.292557038135177,0.0,0.0,0.69748098346996,-0.714899549231452,-4.465507457491406
MMRS43939546ST-27-0-0,1,1,1,1,1,0,1,1,1,0,1,1,1,1,0,1,1,1,1,1,1,0,1,0,0,0,1,1,1,1,1,1,0,1,0,0,0,1,0,1,1,1,0,0,1,1,1,1,0,0,0,1,1,0,0,0,1,1,0,0,1,1,1,0,1,1,1,0,1,1,1,1,0,0,1,0,1,0,0,0,0,1,0,1,1,1,1,0,1,0,0,0,1,1,0,0,1,0,0,1,0,1,1,0,0,0,0,3.8792562805539776,-1.548981022460772,3.048641306680472,-4.4709562421006925,2.3117917753134254,0.0,-6.4321923616342325,3.668546410250155,2.002006924759508,0.0,2.197122222898421,1.7572322280248476,2.5561018296692435,0.7419937461978046,0.0,3.0034729644498843,-1.9911321953761587,-1.0872751300594985,0.6075390471238541,-2.5576186662477025,-6.354230820164521,0.0,-0.4675713874226654,0.0,0.0,0.0,3.874305938177781,-0.9163689261785884,0.643799255057398,1.6297036635700255,0.7643524844091767,2.123743258097155,0.0,0.7154732258036334,0.0,0.0,0.0,-0.4217204159002097,0.0,1.0768911140779176,-0.2104744627142805,1.8177500511324745,0.0,0.0,-1.2887917340275914,-0.8173888002639726,4.013415972648596,2.4092558824646257,0.0,0.0,0.0,-2.025143570784859,-0.9295010912620464,0.0,0.0,0.0,0.4179624344266681,-2.141732920485842,0.0,0.0,1.448407676252886,-2.697100064365165,2.6925695129238,0.0,2.499670294382396,-1.1834627745634596,0.228382788205453,0.0,-7.270521552038677,0.3132029577256725,0.643342310636735,0.537725306908642,0.0,0.0,0.6517168447089952,0.0,-4.43730820798246,0.0,0.0,0.0,0.0,1.6835385106252572,0.0,-4.419092768091119,0.6893220317148357,-1.519537475898181,-1.285955746621851,0.0,-1.495970006494268,0.0,0.0,0.0,-0.9866206271205352,2.6621515534785063,0.0,0.0,-4.734842576877252,0.0,0.0,1.536866177941381,0.0,0.2716919111547264,2.572545654690252,0.0,0.0,0.0,0.0
MMRS44203591ST-27-0-0,1,1,1,1,1,1,1,1,1,1,1,1,1,1,0,1,1,0,1,1,0,1,0,1,1,0,1,1,1,1,1,1,0,0,1,0,1,1,1,0,1,1,1,1,1,1,1,1,1,1,0,0,1,0,1,1,1,1,0,0,1,1,1,0,1,1,1,0,1,1,1,1,1,0,1,0,1,1,0,1,1,1,0,1,1,1,1,0,1,1,1,0,1,1,0,0,1,0,0,1,0,1,0,0,1,0,0,1.4139069028396156,-1.474792613864187,3.374723331088717,-1.101157054618409,1.187226770460286,0.1704623078179654,-1.404922933903701,6.700870042969251,-1.663525657829597,-1.8433531650369,-1.4163818517077722,-1.3781163136288184,3.3274318592921306,-2.74413971037509,0.0,4.900714022983612,1.7503417807235495,0.0,1.702947884192303,-3.890706392165236,0.0,-1.7171515589149209,0.0,-1.5004960755362493,-3.2460862524999508,0.0,-2.0360544927062785,-4.025742675969179,1.3806724205007777,-0.377120616755719,6.584616421608559,3.301039945323473,0.0,0.0,-0.506851508505668,0.0,-2.531080278127506,2.241412147835093,-5.266529453417832,0.0,-0.7967972383248441,3.306468921820673,-2.357808556853469,-1.3536734616857933,0.4680246799051235,-1.5428460771092023,-1.7814505877749731,3.408664140980412,-3.978675165111193,-0.231743699089292,0.0,0.0,-0.9314197385317012,0.0,2.246497619622242,1.4630456812709014,-0.4846087556852403,0.3414149243325526,0.0,0.0,-2.6156376661555694,-3.809854295536141,-1.741395170524914,0.0,3.71171070920125,-1.8218469598159368,-1.135370918073014,0.0,-2.6700317382213683,-0.2889340133997753,1.7970180145208194,-0.4856567907156663,-2.059388884768051,0.0,-0.9276060591614556,0.0,2.1179516021332887,2.4281099793908885,0.0,1.463593258256483,-0.9039617551086244,3.778955929263029,0.0,3.0723840020307835,2.057520965484064,0.6692461878295624,-0.3216185685317159,0.0,-0.9630275818562604,-1.1570226434560524,-0.015129006657546,0.0,1.4270523393211694,-1.247896712931427,0.0,0.0,-0.4479294083031688,0.0,0.0,2.3169300925125307,0.0,1.7583790332910834,0.0,0.0,-1.6737938598567972,0.0,0.0
MMRS44587603ST-27-0-0,1,1,1,1,1,0,0,1,1,0,1,1,1,1,1,1,1,1,1,1,1,0,1,0,1,1,1,1,1,1,1,1,0,1,0,1,1,1,1,1,1,1,1,0,1,1,1,0,0,1,0,0,0,1,1,1,1,1,0,1,1,1,1,1,1,1,1,1,1,0,1,1,0,0,0,1,1,1,1,0,0,0,0,0,1,0,1,0,0,1,1,0,0,1,1,1,1,0,0,0,0,0,1,0,1,1,1,3.867290274782672,2.3544092634777822,-0.2867257233252434,1.5078382542929016,1.8735850738976791,0.0,0.0,2.626797596674653,0.9997985953612852,0.0,2.30121450680652,1.1225607238207669,1.9952402169701144,-0.6332424265492556,-2.628751064188993,2.786719335859748,-1.5353009461134817,-1.4741999195557494,0.0744069568725898,1.750366709866526,3.046366119827426,0.0,-0.6060433435321695,0.0,0.2267305646527309,3.048963664320537,1.156628410461511,0.6814340297428945,0.6917037903244818,-0.2537047537949077,-0.5541060983734964,-0.7530818067509393,0.0,-0.1392657029565773,0.0,-6.533413715210847,-3.843301214795304,-2.379229152632729,2.1412218752327266,1.5854885718452267,-2.159755330207482,3.6952034171143504,-1.5882062264370465,0.0,-1.0894099615334183,-1.3242919274672809,1.974792547797688,0.0,0.0,1.4121535207424438,0.0,0.0,0.0,3.651336600024878,1.3336406982326532,2.17877592169894,-3.656089672707158,1.023502025126123,0.0,-2.9545351563112394,-7.044239338976837,-5.77572801351333,1.3313006783680124,0.1208676626492464,1.6285511045239378,-1.0792328508318771,0.6242698466111554,1.674832908448885,1.3352359307410344,0.0,-3.809927705978797,-0.2367956147390792,0.0,0.0,0.0,0.681997817430488,0.560018595767485,-1.866208138303303,-4.257857294604721,0.0,0.0,0.0,0.0,0.0,-2.770664412530455,0.0,-1.3653948773896127,0.0,0.0,0.3348381439935901,-0.2157076587850879,0.0,0.0,-1.787033360671232,1.6118458513060183,-2.170315090422484,4.62399090150072,0.0,0.0,0.0,0.0,0.0,0.2663850889326424,0.0,1.8303951693060336,0.4477159335712608,-1.408656399788192
MMRS51307502ST-27-0-0,1,0,1,1,1,0,0,1,0,0,1,1,1,1,0,1,0,1,1,0,0,1,1,0,1,0,1,1,1,1,1,1,0,1,1,0,0,0,1,1,1,1,0,0,1,0,1,0,0,1,0,1,1,1,1,1,1,1,1,0,1,1,1,1,1,1,1,1,1,1,1,1,0,0,0,1,0,1,1,0,1,0,0,0,1,1,1,1,1,0,0,0,0,1,1,0,1,0,0,0,0,0,0,0,0,0,0,4.264008033146634,0.0,0.4123431807922537,-3.5949305849684388,0.5837961747615867,0.0,0.0,1.122911558122846,0.0,0.0,0.1099154927329213,-0.2555159028433458,-2.5083732368056824,0.7773881322782235,0.0,3.422048326453249,0.0,-0.5819460307596163,-1.6865991738495676,0.0,0.0,-0.1211085903565361,-0.6056734784997653,0.0,-1.1752889365533756,0.0,-3.613067932945557,-1.1298265624766184,2.110131027668859,-1.9881104750764167,-2.002964684492236,-1.814399496066429,0.0,-1.6351120058669937,0.4328981939790721,0.0,0.0,0.0,0.9032983159067096,3.442915124292135,0.7630552875229206,2.645201917742616,0.0,0.0,-0.3878892177472408,0.0,2.015809289485871,0.0,0.0,1.0315469267796888,0.0,1.6757367773385088,-0.2884389906291473,-2.9058767379994928,0.3091195449171047,2.5722467190401,-0.982005395630028,-0.720572345819473,-0.3226069256568251,0.0,-3.983384347250066,1.8555256351192253,-0.5702107745411953,3.258237366560304,1.7794320682706777,-0.7171651874978588,-0.089648010330753,1.961424202516656,1.3258491248430246,-0.399597707012141,-4.275090570001573,-0.9614912476574032,0.0,0.0,0.0,-4.936489052246937,0.0,3.625164706049201,-0.551186539126771,0.0,1.7482242327638675,0.0,0.0,0.0,0.926484947230956,2.779966179985185,0.0563640720535196,-2.541438731580799,0.6066599691853813,0.0,0.0,0.0,0.0,-0.9475050056826636,2.4590368650172776,0.0,-2.6832255145856028,0.0,0.0,0.0,0.0,0.0,0.0,0.0,0.0,0.0,0.0
MMRS61683006ST-27-0-0,1,1,1,1,1,0,0,1,1,1,1,1,0,1,0,1,0,0,1,1,0,0,0,0,1,0,1,1,1,0,1,1,0,1,0,0,1,1,1,1,1,1,0,0,1,0,1,1,0,0,0,1,1,1,1,1,1,0,0,1,1,1,0,1,1,1,1,1,1,1,0,0,1,0,1,0,1,0,1,0,0,1,0,1,1,1,1,0,0,0,0,0,1,0,0,0,1,0,0,1,0,1,1,0,0,0,0,2.59552722967968,-2.2515635468800346,1.4913128063475305,3.693499168770386,1.189548257597444,0.0,0.0,4.313792131179769,0.1335751316236888,2.329502068729141,1.1677400213947762,0.8039103035005393,0.0,1.3801907435515168,0.0,3.3015991771387903,0.0,0.0,-0.0568162465696184,-3.365712139763289,0.0,0.0,0.0,0.0,1.1365649085802303,0.0,2.08693334389622,-1.0784844538899423,-1.4629193404763563,0.0,1.2313248525214924,3.586458502833702,0.0,0.5225656121213573,0.0,0.0,0.1523245090643092,-0.9377183242462228,-0.0077462874117786,-0.7833308926520848,-0.6603796156760777,2.63376821147586,0.0,0.0,-0.5786796935128113,0.0,2.430037804942855,0.2438224320338797,0.0,0.0,0.0,-1.4506948168702989,-1.7248322044271898,-5.402246180431848,2.038750403200548,0.3410646523577566,2.3261836838170504,0.0,0.0,-1.542780425742378,-0.5741244615639065,-1.2099283209859386,0.0,-2.5284555776831,2.021651761775713,-0.6966154641301225,1.347432053964724,-0.7663528218009164,-5.394278010782672,-0.5250356179819324,0.0,0.0,1.2619893554832502,0.0,-3.5127552227104584,0.0,-0.0439255615480016,0.0,2.7164257385506327,0.0,0.0,1.09657799079895,0.0,-1.7147677072335397,-0.4806315533243241,1.1944956199794388,-2.364988160049359,0.0,0.0,0.0,0.0,0.0,-3.747452566276951,0.0,0.0,0.0,-4.266980574115703,0.0,0.0,-2.449421407889133,0.0,-1.6547205308851785,2.465769250599929,0.0,0.0,0.0,0.0
MMRS62192467ST-27-0-0,1,1,1,1,1,0,1,1,0,0,0,0,1,0,0,1,1,0,0,1,0,0,0,0,0,0,1,0,0,0,0,0,0,0,0,0,0,1,0,0,0,0,1,0,0,1,1,1,0,0,0,1,1,0,0,0,0,0,0,0,0,1,0,0,0,1,0,0,0,0,1,0,0,1,1,0,0,0,0,0,1,1,0,1,0,0,0,0,0,0,0,0,1,0,0,0,1,0,0,1,0,1,0,0,0,0,0,2.546462985317866,-0.8071543430687327,3.2144089846588484,-3.897594568164343,2.472317754525198,0.0,-5.6567778669577855,-1.3326452107028055,0.0,0.0,0.0,0.0,-4.787740019934176,0.0,0.0,-2.700266306557075,1.18187464438915,0.0,0.0,-0.8474117379692094,0.0,0.0,0.0,0.0,0.0,0.0,-2.7431738075683514,0.0,0.0,0.0,0.0,0.0,0.0,0.0,0.0,0.0,0.0,2.84649581915168,0.0,0.0,0.0,0.0,-2.100331507719309,0.0,0.0,-3.987620719822062,-4.309704218991175,3.4463926612054365,0.0,0.0,0.0,0.9597506028717596,0.0546674804439852,0.0,0.0,0.0,0.0,0.0,0.0,0.0,0.0,0.605887526418186,0.0,0.0,0.0,0.489386659634222,0.0,0.0,0.0,0.0,-3.9732319823699616,0.0,0.0,-2.011127147394669,3.721427503405689,0.0,0.0,0.0,0.0,0.0,3.5816302783795018,6.460201445605895,0.0,4.751525749596685,0.0,0.0,0.0,0.0,0.0,0.0,0.0,0.0,0.6215992258229492,0.0,0.0,0.0,-1.7011060968606255,0.0,0.0,2.4125283850810986,0.0,1.489327827572123,0.0,0.0,0.0,0.0,0.0
MMRS62376181ST-27-0-0,1,1,1,1,1,1,0,1,1,0,1,1,1,1,1,1,1,0,1,1,0,0,1,1,1,1,1,1,1,1,1,1,0,1,0,0,1,1,1,0,1,1,1,0,1,1,1,1,1,0,0,1,1,0,1,1,0,1,0,1,1,1,0,0,1,1,1,0,1,1,1,1,0,1,1,1,1,1,0,0,0,1,0,1,0,0,1,1,0,1,0,0,0,1,1,0,1,1,0,0,0,1,0,0,0,0,0,3.010792148519221,0.8447588465021084,1.7213642095218216,3.769169594105417,1.2523789920168966,-0.0922796309505014,0.0,4.442618961466841,2.15455087609604,0.0,1.7734798882589438,-0.4125756617794984,1.252187087968332,-0.8400872921445146,-1.232036071676687,3.214193018249202,1.3602213443569482,0.0,-0.113861863997686,0.4462374309848697,0.0,0.0,-2.99711215251634,2.400963089380133,0.5572029627025297,1.735415997875937,2.7830917426576898,1.441040617349426,0.5624766043803476,1.7912265704123074,1.3861846835134926,2.7462922691599703,0.0,-0.5012018399228086,0.0,0.0,0.0689062735231555,0.6504856426242923,-4.426331558353264,0.0,-0.6129857984471963,2.507323990528229,-3.693626339624189,0.0,0.0315996791804407,-3.227635811128172,4.036689961893552,1.2167817028490344,1.072905276538135,0.0,0.0,-2.843922318307083,-4.422828927802062,0.0,1.162702744469298,1.3161204204384311,0.0,1.6991116497608758,0.0,-1.5974620002148938,-1.030058562301787,-2.1678633557763263,0.0,0.0,2.0389396841855807,-0.3101797288555539,0.2869217494241711,0.0,-2.558044323559118,-3.962928613138881,-4.128178186034188,-0.3155152166856496,0.0,-2.87170188241416,-0.8041918767633705,0.2696090125645773,0.7986413771279198,-2.9415423013615287,0.0,0.0,0.0,0.021055627919603,0.0,0.5702403966525349,0.0,0.0,-1.608509533105808,-1.5328457457802258,0.0,1.1977999447562806,0.0,0.0,0.0,-7.439763409006656,0.0226976644133474,0.0,-4.842378775791966,2.464295408897764,0.0,0.0,0.0,1.4489736342144317,0.0,0.0,0.0,0.0,0.0
MMRS64281551ST-27-0-0,1,1,1,1,1,0,0,1,1,0,1,1,1,1,1,1,1,1,1,1,1,1,1,1,1,0,1,1,1,1,1,1,0,1,0,0,1,1,1,1,1,1,1,0,1,1,1,1,0,1,0,1,1,0,1,0,1,1,0,1,1,1,1,1,1,1,1,1,0,1,1,0,0,1,1,0,1,1,1,0,0,1,0,1,1,1,0,0,0,0,0,0,1,1,0,0,1,1,0,1,0,0,0,0,0,0,0,4.710427074193492,-2.5738117587137057,3.1680551083795896,-1.2684627434938198,2.478552205362532,0.0,0.0,4.437725231214617,1.483844314638185,0.0,2.1478107441463608,1.0059270782734977,0.7942982930574716,1.8389149501034727,0.8230455096058327,3.468512425774092,0.668488350269981,-0.5067496769359039,1.2713813885572975,-0.5213045135495848,-4.796960021059716,2.8877068832213486,0.5118475845702068,-3.692305417935644,-2.4835249120416054,0.0,4.178145815548675,0.2598646555059138,0.2883891222157628,-3.4016158244199084,0.4524535384981507,3.88856029051988,0.0,-0.3957994317992908,0.0,0.0,3.4872229210554537,0.3083240771553801,0.4526444510607774,1.4103487748808636,-0.4951086786058898,-1.4784857036964143,-1.2410926139341163,0.0,1.1549128350002844,-2.2446779687989458,3.352615455206615,-3.686299393875432,0.0,-5.020103572373927,0.0,-1.3855123235413935,-0.579593644324953,0.0,4.395144168831398,0.0,-1.486417007665692,-4.373476407448873,0.0,-1.5994006960875145,-4.9976307165218685,-1.7769786922524111,1.5410556695433957,-0.0574178867221579,3.643069345024704,-0.4705421993386078,2.595317973267359,-0.5312118726263559,0.0,-0.5526292826865977,2.3184300772357886,0.0,0.0,-0.6167158107006765,-3.686299393875432,0.0,-0.8425743903108227,-1.3346390333600593,-3.813860619513452,0.0,0.0,1.616588350887963,0.0,-2.3120533712717166,-0.3746206124054456,2.1849240090810365,0.0,0.0,0.0,0.0,0.0,0.0,-2.1035620967443767,-2.446450939784088,0.0,0.0,6.658911281320705,-3.162386135354074,0.0,-3.573184589437601,0.0,0.0,0.0,0.0,0.0,0.0,0.0
MMRS65205033ST-27-0-0,1,1,1,1,1,1,0,1,1,1,1,1,1,1,0,1,1,1,1,1,1,1,1,1,1,1,1,1,1,0,1,0,0,1,1,0,0,1,1,1,1,1,1,0,1,1,1,0,0,1,0,0,0,1,1,1,1,1,1,1,0,0,1,1,1,1,1,1,1,0,1,1,1,0,0,1,0,1,0,1,1,1,0,0,1,0,1,0,0,0,0,1,0,1,1,1,0,0,0,0,0,0,0,1,0,0,0,3.090435311874362,0.7916296689816517,0.6531119802625681,1.7540995669595851,1.5433020536216455,0.7575458510595772,0.0,3.029786419600252,-0.347514059062751,0.1324966402344429,0.1343907794937973,-0.434112860751537,1.1039073358700366,0.2945309357793924,0.0,2.908358386631332,-0.6369376986075055,-0.4496392833347462,0.1322157216287609,2.0524063560717174,2.756962693948955,1.043577560268521,-0.61764787468477,1.4372418228192825,2.475025313827821,2.817911189998458,2.028562773194357,0.3261816581371941,-0.0864687967125819,0.0,-0.6592383277398854,0.0,0.0,-2.969915590631268,0.9603463201168758,0.0,0.0,-1.1382095099189111,0.5214890107318862,-1.802866140409929,0.5831083435940546,-1.941412868150184,0.5164555431216438,0.0,-0.0852458221115821,1.1447165711382388,1.276646981442621,0.0,0.0,2.578147700432978,0.0,0.0,0.0,-0.936538439232655,-0.8274625720589233,-0.1866902786371396,-2.7147889934640066,-0.4889882017775513,-3.369926848056968,-3.570597543519119,0.0,0.0,2.019884355596439,-1.536879292480131,-0.6204021846852055,-1.8588807819646005,0.1112056507681031,-0.5444908239073256,-2.773372721114237,0.0,-0.9801167256849144,0.5288384985314475,0.3611722248438616,0.0,0.0,-1.0635029787557564,0.0,-0.3762946802800933,0.0,-3.031957231570251,0.2783673259418902,0.8634868724499959,0.0,0.0,-4.077158768498652,0.0,-3.5677525913868875,0.0,0.0,0.0,0.0,-3.019565499275088,0.0,2.925784181172011,-0.366184780678473,2.9147029630428944,0.0,0.0,0.0,0.0,0.0,0.0,0.0,-1.767271794045018,0.0,0.0,0.0
MMRS68910755ST-27-0-0,1,1,1,1,1,0,1,1,1,0,1,1,0,0,0,1,1,0,0,1,1,0,0,1,1,1,1,0,1,1,1,1,0,0,0,0,1,1,1,0,1,1,0,0,0,0,1,1,0,1,1,0,1,0,1,1,1,1,0,0,1,0,0,1,1,1,1,0,1,1,1,0,0,0,1,0,1,0,0,0,0,1,0,1,1,1,1,0,1,1,0,0,0,1,0,0,1,0,0,1,0,1,0,0,0,0,0,-0.7769756354696176,-2.187899691696139,-0.1240563865466271,4.542340346409324,0.1564493424168729,0.0,-1.4411832189439462,4.674232929213255,-2.564549246764994,0.0,3.609881490585989,-6.607600514599545,0.0,0.0,0.0,1.2472517863584582,2.3091642617077315,0.0,0.0,-2.81211132542735,-1.5734347230930943,0.0,0.0,1.648932673556427,-6.607600514599545,2.297998818916879,-3.106773291988548,0.0,0.4010338247318656,1.539398182790448,-2.0567356734689954,2.61805061861373,0.0,0.0,0.0,0.0,-6.356286086318638,1.5599541436637212,-4.276844544638802,0.0,2.372913310223496,3.7619946948713614,0.0,0.0,0.0,0.0,-3.918781675425222,3.749053282064077,0.0,-2.6729776772541576,-5.462468210296542,0.0,-2.698438741452431,0.0,-1.417823316626714,-2.586082694375117,3.193260875762716,3.548811280881388,0.0,0.0,4.164942396327605,0.0,0.0,-3.559682487874983,4.527249163894396,2.389228340154231,2.502580080117984,0.0,1.198630606386636,-0.4130493615239121,-4.804006587724487,0.0,0.0,0.0,2.835969515333139,0.0,1.0376946995612568,0.0,0.0,0.0,0.0,5.427580855998,0.0,1.0694359245808558,2.321513094981404,-0.8870545733733368,-2.191345000875052,0.0,0.99476515963589,1.635907428294245,0.0,0.0,0.0,2.877814214110765,0.0,0.0,-0.789002365514762,0.0,0.0,-5.462468210296542,0.0,1.1411984140249551,0.0,0.0,0.0,0.0,0.0
MMRS84159866ST-27-0-0,1,1,1,1,1,1,0,1,1,0,1,1,1,1,0,1,1,1,1,1,1,1,1,1,1,1,1,1,1,1,1,1,0,1,1,0,0,0,1,1,1,1,0,1,0,1,1,0,0,1,0,1,1,0,1,1,1,1,1,0,1,1,0,1,1,1,1,1,1,0,0,1,1,1,0,1,1,1,0,0,1,0,0,0,0,0,1,1,0,0,0,0,0,1,1,0,1,1,0,0,0,0,0,0,1,1,1,3.877527633768656,-1.377313719831474,2.7271549020680155,0.3616933222279666,1.1710760259398778,-0.0543400012428916,0.0,3.530728459153495,1.770512874670293,0.0,2.587162521176995,1.8044095418179609,2.7744072301436167,-0.4916606073503646,0.0,1.90712070040844,-2.6303204421367017,-0.247981472885483,-0.0489666027573016,-2.011543804297826,3.035574673512841,2.254534909039707,-0.7833716941161906,-0.4966994167618286,2.0411119279455003,-4.090985345977662,1.4259358712543164,0.6353933744898397,-0.175658979131221,-0.936177564703657,0.3134446976924561,-0.2958266806888274,0.0,-0.8505782849126642,-4.191455876341297,0.0,0.0,0.0,-0.143779747013353,-1.1714276581910292,-1.0497947833225785,2.2425358682739605,0.0,0.8101414077379203,0.0,-0.5168031603123766,2.3202411307017323,0.0,0.0,1.6650593162825258,0.0,-3.0071881430946936,-3.433389149682037,0.0,1.5017286323171066,1.1405950060849803,5.018505968718058,1.3451739623557084,2.487576290094298,0.0,2.241543033584281,-2.8319396343028,0.0,-0.944364008408066,0.3795604132669097,-1.1541214248843916,0.516718392559901,1.3592954361286322,-1.9032006089020763,0.0,0.0,-0.7765319973655687,2.0040522746766323,-2.2242866675361013,0.0,-5.314760777599778,-1.1332833179941724,-5.522400142378023,0.0,0.0,0.0676679315669108,0.0,0.0,0.0,0.0,0.0,0.1109048428076013,-2.04661871142866,0.0,0.0,0.0,0.0,0.0,1.1612495842537134,1.5152356420739326,0.0,-2.2368726460325554,0.5331220410301796,0.0,0.0,0.0,0.0,0.0,0.0,-1.3065189144310891,-3.0955572935447835,-2.1429765602654283
MMRS86958796ST-27-0-0,1,1,1,1,1,1,1,1,1,1,1,1,1,1,1,1,1,1,1,1,0,1,1,1,1,0,1,1,1,1,1,1,0,0,1,1,1,1,1,1,1,1,1,1,1,1,1,1,1,1,0,1,1,1,1,1,1,1,0,0,1,1,1,1,1,1,1,1,1,1,1,1,0,1,0,0,1,1,0,1,1,1,1,1,1,1,1,1,1,1,1,0,1,1,0,1,1,1,0,1,1,1,0,1,1,1,0,4.2040195140115895,1.957616502745913,2.191178128950284,0.799933134451327,-1.5829419767158466,1.8644699076789453,-1.5179011701691516,4.788344976454178,1.802352559106336,2.581537355689698,2.426697812555402,2.52822703128952,2.005557393366252,1.7452005510838944,-2.835222746375222,4.434611744783987,1.4941331730246137,-0.5907625898673159,0.0332256518713798,1.2800486703553398,0.0,1.9182510731954887,-0.0522132563378943,2.217391128480573,1.1609222013017015,0.0,-0.5756179558757559,0.912281050703821,0.5996349380169093,2.2689145013115075,2.237240706228596,2.5034719714219547,0.0,0.0,2.637751898145971,0.3660410758972414,2.310975995058101,2.46436490413402,-4.889121533494631,0.681831056808538,2.925147008759936,-0.6524756674515537,-1.6741128254161552,2.403920015190088,-2.038516446726545,0.0781300080472673,-2.084167526752818,-1.6060361889723331,-2.666871588591471,3.378021092283868,0.0,-0.3903845630575631,-1.8640008009411395,-4.041823673107428,-2.1659810866688307,-1.099761874141261,-0.6604965902040456,2.846564823433985,0.0,0.0,-2.6555293119875367,-1.34943431241477,2.124833382668583,-2.4248950889441696,1.6704315779199272,-0.3212160801007802,-0.4315155785530431,-3.2991705087340275,-2.394756828479834,-0.9218132124093968,-1.144583327483504,-1.553789088332466,0.0,-2.3789519017866656,0.0,0.0,-2.32687488038098,2.9197217804608475,0.0,0.540801029647624,2.7381537693914213,1.735840289052129,-5.514446117715815,-2.1398283738583714,0.2842490409628697,2.4245841159538046,0.319309513978177,-4.31211400284734,2.1756749804741475,1.4327662903551384,-2.32687488038098,0.0,-1.4665174911951244,-1.57525455897316,0.0,-3.2902657303910674,-1.882484026458377,-3.4167299557924977,0.0,2.6718768215407467,-3.4047298117893874,0.8114393832428226,0.0,-4.990590993659491,-1.0256255689611449,-2.361289838989597,0.0
MMRS88581325ST-27-0-0,1,1,1,1,1,1,0,1,1,0,1,1,1,1,1,1,1,1,1,1,0,1,1,1,1,0,1,1,1,1,1,1,0,1,1,0,1,1,1,1,1,1,0,1,1,0,1,0,0,1,0,1,1,1,1,0,1,1,1,1,1,1,0,1,1,1,1,1,1,1,1,1,0,0,0,1,1,1,1,0,1,1,0,0,1,0,1,1,1,1,0,0,0,1,0,0,1,1,0,0,1,0,0,0,0,0,0,3.189606980558122,-1.870346147073315,2.016706182691192,-0.7463827546378234,1.9066132952517825,1.8917105306598423,0.0,2.760199669866576,1.2040311191390802,0.0,1.4345342588273349,1.8225706509827229,2.487272934265957,2.271632228603612,0.3063208010433556,1.2691645059878784,-0.6676171792544185,-0.715344433382906,0.6596265307350366,-4.786121091822551,0.0,2.525726769085021,-0.0962783272767033,-1.9950062719080628,-0.5244807759490693,0.0,0.7029351749301943,0.4531725736202214,-0.1317314817415571,-2.673427116202199,1.9740133708016048,0.9869019467752612,0.0,-2.147356545110863,3.2598493668874715,0.0,0.1438907248931888,-2.7554953293943094,0.6097394290341225,-0.0632407325774677,0.7900608456166511,2.9633850755790245,0.0,3.2035115971914907,-1.1852221876223563,0.0,0.4243052262885779,0.0,0.0,0.9310414149922672,0.0,-2.138900451568132,-2.7300027115153345,-4.989984492391262,1.8191102770763767,0.0,2.17349146182462,2.159577287539612,1.837769954087464,-3.3060079754850062,0.8933238984346273,-2.04581002850212,0.0,-0.3694059883975049,0.0258966496438839,-0.9658000296225272,1.2622678936678249,0.3874551738467331,0.5215986547993341,-6.093634575089327,-1.5516301155789942,-0.6935540647645904,0.0,0.0,0.0,-5.057542643402552,-0.9596202598325676,2.412323005309492,0.0241288334365874,0.0,-1.3287448287290298,-0.0239121289147334,0.0,0.0,-3.675288691819666,0.0,-0.455603477995907,-0.2282401477710884,-0.4901748220609958,-1.4591998343239307,0.0,0.0,0.0,1.2641631705490368,0.0,0.0,2.286193042789258,0.6820427998962697,0.0,0.0,-1.0167576654898285,0.0,0.0,0.0,0.0,0.0,0.0
MMRS92544445ST-27-0-0,1,1,0,0,0,1,0,1,0,0,1,0,1,1,0,1,1,1,1,1,0,0,0,1,1,0,1,1,1,0,1,1,0,1,0,0,0,1,0,1,1,1,0,1,1,1,0,1,0,1,0,1,1,1,1,1,0,1,0,0,1,1,1,0,1,1,1,0,1,1,1,1,0,1,1,0,0,1,0,1,0,1,0,1,0,0,1,1,0,1,0,0,1,0,0,1,1,1,0,1,0,0,0,0,1,1,1,2.140441734841413,-4.0451788267075255,0.0,0.0,0.0,-0.1551608721307595,0.0,5.257050677512535,0.0,0.0,0.432683059980171,0.0,-6.25935296235752,-0.8454772551752097,0.0,4.024791950863514,0.4582191691171349,-0.3517927360294579,-0.2970597925498164,-2.874962699011745,0.0,0.0,0.0,1.2825749555444212,-5.879863340652616,0.0,2.701721979607417,1.6336879712656722,-0.0123521422790751,0.0,4.91549497820624,1.5650622111190984,0.0,-1.9260924536804496,0.0,0.0,0.0,0.059060597097704,0.0,0.7416123906518266,3.2676577332291563,3.0461297431697627,0.0,2.5485331489722487,2.7191620494600053,-3.2408060110373564,0.0,-0.8083145087918182,0.0,2.366080440563388,0.0,-1.7404950970565594,-1.3149670538024636,3.983277707370141,-5.710787010608682,-6.2985736755108,0.0,2.8885185401455726,0.0,0.0,-5.9621014388895865,-1.503444505599543,1.069412636068245,0.0,2.4091803696114145,-0.3417005731724369,1.229564524076444,0.0,-1.5150899541262928,-1.205805551876022,1.2449750570013074,-1.9516562179504864,0.0,-2.248529372185279,0.0705050515495702,0.0,0.0,1.7076338793380812,0.0,1.4512486641912066,0.0,1.5053675824139583,0.0,-5.086632701535686,0.0,0.0,-1.382688717960355,-1.7582620618712053,0.0,0.0994886713012799,0.0,0.0,0.6556834371227569,0.0,0.0,2.525821822843125,-4.2917028266658,1.553289816541925,0.0,1.4785148907191532,0.0,0.0,0.0,0.0,3.1425894868034474,1.7859640785079645,1.0478493524072197
MMRS92546335ST-27-0-0,1,1,1,1,1,1,1,1,1,0,1,0,1,0,0,1,0,1,1,1,0,1,0,0,0,0,1,0,0,1,1,1,1,0,1,0,0,1,1,0,1,1,1,0,1,1,1,0,0,0,0,0,1,0,1,1,1,1,0,0,0,0,0,0,1,1,1,1,0,1,1,1,1,1,1,1,1,0,1,0,0,1,1,0,0,0,1,0,1,1,1,0,1,1,1,0,1,1,0,0,0,0,0,0,0,0,0,4.015393267245166,-2.139381909327753,-2.9491923941625924,0.8592590619986551,-1.2529829416509122,3.747610900466277,-4.748172111364134,1.889678370747145,1.640564653302811,0.0,-2.2845039017671853,0.0,-5.038756943473876,0.0,0.0,1.9675063565943725,0.0,-3.963675152215961,-1.4947688437744016,-1.5192598637826973,0.0,-1.56002446784697,0.0,0.0,0.0,0.0,-4.278168482118399,0.0,0.0,2.127500051540703,3.379887107433248,-1.790548126458802,0.168821175970516,0.0,-1.6259987394106452,0.0,0.0,-1.0217455846549464,1.2648411932509394,0.0,-1.0669304466983154,2.1527686974189995,1.3832244959732856,0.0,-0.3338466579805175,-3.494167677780701,1.897088459860547,0.0,0.0,0.0,0.0,0.0,-4.0463668680610745,0.0,1.9335986279937567,5.318369227608292,-3.1759395529801004,3.866644787120805,0.0,0.0,0.0,0.0,0.0,0.0,4.253368088578415,-0.003239983000884,2.654210478128242,-1.709463643506131,0.0,-1.1694957973838125,-2.109736092735001,-2.104158142108947,2.572239746307172,-0.0133476041063129,1.0960022269478975,-1.4807546003995902,0.766378025442612,0.0,-0.4154955802051598,0.0,0.0,-3.854749570393638,0.3084059566962793,0.0,0.0,0.0,-0.1850021499687058,0.0,2.241315417111271,2.0998239321163594,3.9325482836793326,0.0,2.525644357386044,-1.0573380470068758,-1.7411989066487743,0.0,3.4809261687709103,0.0847916672837427,0.0,0.0,0.0,0.0,0.0,0.0,0.0,0.0,0.0
MMRS93508324ST-27-0-0,1,1,1,0,1,0,0,1,1,1,1,1,1,1,1,1,1,1,1,1,1,0,1,1,1,1,1,1,1,1,1,1,0,1,1,0,0,1,1,1,1,1,0,1,0,0,1,1,1,1,0,0,0,0,1,1,1,1,1,1,1,0,1,1,1,1,1,1,1,0,1,1,0,0,0,1,1,1,0,0,1,0,0,0,1,0,1,0,1,1,1,0,1,1,1,0,1,1,0,0,0,0,1,0,0,0,0,3.2461338715905885,0.1966077070747791,0.8863155159172114,0.0,0.6449895110168491,0.0,0.0,3.9945360042276334,0.9210807056532886,-0.1241278610341913,1.074340938700781,0.1298810652675379,3.046300927000999,0.8928038261513331,-1.291022784696662,2.570133007701969,0.2405130152946286,-1.6994024970249073,0.6342195699647151,-1.138925322760051,2.6303240995309825,0.0,-3.618623916009181,-1.2938725275578744,0.799305471728683,2.13908476760222,2.915386583247772,0.436706808211223,-1.374477506823396,-4.96590162478662,-1.3880677499651175,0.9087711044299694,0.0,-0.5807548627764942,2.57581666096485,0.0,0.0,-2.9997887684137874,0.6621415111306684,-0.0666920658512808,-1.3808249433262825,2.090278057615167,0.0,2.472505914573304,0.0,0.0,0.622034712723825,-6.633098371372912,-0.0464422113562335,0.2291505350786917,0.0,0.0,0.0,0.0,1.0710921875848909,-0.3230326838642576,2.913026742266714,-1.0301820227866985,0.0730698765238779,-2.799767634520431,0.0916107640413423,0.0,0.9663435626613912,1.959863959956124,0.3611321048441412,-1.8426829786954344,1.6697569790060929,-6.77828038121741,-0.6097816684644224,0.0,-1.5101001090896122,0.3464494599334076,0.0,0.0,0.0,-1.553037866829231,-0.3134973924299782,1.3875007785240587,0.0,0.0,-1.809987333861668,0.0,0.0,0.0,-3.443846215714937,0.0,-0.7895539543415524,0.0,0.3743554787217232,-0.5775176896172716,0.4121836864163271,0.0,-4.868737876332972,2.467282336468533,-0.2248813079550469,0.0,3.617617074338863,1.9987305658324048,0.0,0.0,0.0,0.0,0.4075326799563287,0.0,0.0,0.0,0.0
MMRS95674036ST-27-0-0,1,1,0,1,0,1,0,1,1,0,0,0,0,0,0,1,1,0,0,1,0,0,0,0,0,0,0,0,1,1,1,0,0,0,0,0,0,1,0,1,1,1,1,0,0,1,0,1,0,0,0,0,1,1,1,1,0,1,0,0,0,1,0,0,1,1,0,0,0,1,0,1,0,0,1,0,1,0,0,0,0,0,1,1,1,1,1,0,0,0,1,1,1,0,0,0,1,1,0,0,1,0,0,0,1,1,1,3.3281045459027108,1.6146355897612483,0.0,4.280730244934087,0.0,0.0507740418873636,0.0,4.602717824035139,0.9611924854336352,0.0,0.0,0.0,0.0,0.0,0.0,3.3554130592495124,0.6247380150618785,0.0,0.0,1.2085371357395307,0.0,0.0,0.0,0.0,0.0,0.0,0.0,0.0,0.2139109638123288,-1.2738339208786915,4.281845181798119,0.0,0.0,0.0,0.0,0.0,0.0,1.322141762177211,0.0,-1.0708862990360686,-2.570905248683356,2.4237916313614827,-1.0086124387221154,0.0,0.0,1.2289024246985008,0.0,2.163394188119783,0.0,0.0,0.0,0.0,-3.2259071609836103,-6.288129175806434,1.9093131936325165,-4.653998650781963,0.0,0.5905834177229717,0.0,0.0,0.0,-5.93395736208582,0.0,0.0,3.0367199884479543,-0.986567079093509,0.0,0.0,0.0,-1.6587543011215256,0.0,-2.160994790761343,0.0,0.0,0.606895410696884,0.0,0.7241437637309406,0.0,0.0,0.0,0.0,0.0,-2.049323584304593,2.0720124656576817,-0.2246928651859814,2.44528767963484,-3.674389654175466,0.0,0.0,0.0,1.0855118907368442,-1.2285449999783156,0.2205654427405323,0.0,0.0,0.0,-6.045182997196045,3.257604279285648,0.0,0.0,2.144719987171905,0.0,0.0,0.0,-0.9176074335094744,-2.501102660552974,-2.280795990573964
MMRS97052561ST-27-0-0,1,1,1,1,1,0,0,1,1,0,1,1,1,1,0,1,1,1,1,1,0,0,1,1,1,0,1,1,1,0,1,1,0,1,0,0,1,1,1,1,1,1,0,1,0,1,1,0,0,1,0,1,1,0,0,1,1,0,1,0,0,1,1,0,1,1,1,0,1,1,0,1,0,0,1,0,1,1,0,0,0,1,0,0,1,1,1,0,1,0,0,1,1,1,0,1,1,1,0,0,0,0,1,1,0,0,0,2.257233339338467,-1.632179347002894,-0.0008078659589736,-4.189510939094324,2.432055919692816,0.0,0.0,-2.904598968047813,0.2391681932658749,0.0,1.4105207516588385,0.9709865442486164,1.6314764270449025,1.411945772612496,0.0,5.526011628789931,-1.184850034796031,-0.4443952700268763,-1.1369067900081553,-1.7415257046730972,0.0,0.0,-1.917893712355288,-1.1782054920773624,0.0210542363796524,0.0,3.377762855611156,1.36866669717506,-1.1103611828052913,0.0,2.67322352020436,2.9312632671337697,0.0,-0.622444491056861,0.0,0.0,0.0346023403782915,0.760297919100432,1.982797990615803,2.472716468345568,-0.7418750779382146,3.7110708439423017,0.0,3.698212796511642,0.0,-4.905334828325298,2.072724999744779,0.0,0.0,1.125835494231883,0.0,-2.655492655486068,-1.2205923601162043,0.0,0.0,-5.21465607588056,-7.2940976175603955,0.0,1.0484564316012464,0.0,0.0,-1.0838992276269048,1.987800334224886,0.0,2.558217685893481,-0.2478855954312433,2.13933830457796,0.0,1.389981952149388,-0.4996230250372255,0.0,-1.4868564345359652,0.0,0.0,-4.298365344006405,0.0,-0.1422203808788575,0.8511909592696376,0.0,0.0,0.0,3.016683370673926,0.0,0.0,1.498193800796804,-1.1748997039428628,-1.6479442557408317,0.0,0.3223828719450046,0.0,0.0,-0.342421151520331,-1.4701645417737337,2.5578808278285985,0.0,0.4046119019845982,-5.43779962719477,-4.981562193713183,0.0,0.0,0.0,0.0,3.4558202763199386,-0.4308168286800888,0.0,0.0,0.0
MMRS99045180ST-27-0-0,1,0,1,0,0,0,0,1,1,0,1,1,0,0,0,1,1,1,0,1,0,0,0,1,0,0,1,1,1,0,0,1,0,0,0,0,0,1,0,1,0,0,0,1,1,0,0,1,0,1,0,0,1,0,1,1,0,0,0,0,0,0,1,0,0,1,0,0,1,1,0,0,0,0,0,0,0,0,0,0,1,0,0,1,0,0,1,0,0,0,0,0,0,0,0,0,0,0,0,1,0,1,0,0,0,0,0,-2.571198153637899,0.0,1.0882196077230617,0.0,0.0,0.0,0.0,-4.348732631934606,0.914797761427645,0.0,1.3730388020711977,1.248684428097154,0.0,0.0,0.0,-6.906444322095913,-2.552543922528048,-1.7965294639078335,0.0,-3.4165876164993425,0.0,0.0,0.0,2.1136091034332742,0.0,0.0,3.3078988507020983,0.7618100800120309,-0.5235713338695009,0.0,0.0,4.311552460386595,0.0,0.0,0.0,0.0,0.0,0.1528242332491065,0.0,-0.5125923146495297,0.0,0.0,0.0,1.8530821150276755,1.7873562143923838,0.0,0.0,0.8014189344704696,0.0,1.0918070649520764,0.0,0.0,-1.866047980838827,0.0,4.822790393466946,-5.015593950223627,0.0,0.0,0.0,0.0,0.0,0.0,2.5182208298862614,0.0,0.0,-0.8618093372868123,0.0,0.0,-0.4370002256270215,-0.2931020509048492,0.0,0.0,0.0,0.0,0.0,0.0,0.0,0.0,0.0,0.0,2.2760751116778613,0.0,0.0,-0.5379355751016721,0.0,0.0,-0.58736360207719,0.0,0.0,0.0,0.0,0.0,0.0,0.0,0.0,0.0,0.0,0.0,0.0,1.697688889597458,0.0,0.1061776006093806,0.0,0.0,0.0,0.0,0.0
CCMD11006829ST-21-0,1,1,1,1,1,1,0,1,1,1,1,1,1,1,0,1,1,1,1,1,1,1,1,1,1,1,1,1,1,1,1,1,1,1,1,1,0,1,1,1,1,1,0,1,1,0,1,1,1,1,1,1,1,1,1,1,1,0,1,1,1,1,1,0,1,1,1,1,1,1,0,1,0,0,1,0,1,1,1,0,0,1,0,0,0,0,1,1,1,1,1,1,1,1,0,1,1,0,0,1,0,0,1,1,0,0,0,0.8309828056595709,-0.9883723890462436,0.7129436963914757,3.634833318206762,1.7052125217973937,3.085973381030333,0.0,3.758553839526514,3.2792834757832123,-5.23259412031822,1.45540737796812,-1.791410914524373,2.0709577867425013,1.696995668196077,0.0,4.987935040572999,-1.929047965030524,0.2795097235150441,-1.3268595021341616,-0.7093465173152906,-2.5703534552473046,2.2142608878992043,1.04410547787461,-1.3751691569544475,1.85121936044278,-2.40997222566941,0.0228780621625368,2.7742907264554324,-0.1686774596090279,3.226735931385172,-0.6560384064723244,2.376232087133032,1.85138205465936,-3.6752353569290097,-1.5150256813559393,-3.726859722334317,0.0,2.9891175073073866,-0.1530455598934694,1.848085465458132,2.571176076679921,3.736782546945471,0.0,-0.874737846572152,-1.736991536289069,0.0,-2.123399908075725,1.722970031289708,-2.381973896369435,-0.4066712986796923,-4.658163246597657,-2.3897695183518906,-0.6439781122126336,-0.9924492104850896,-2.350548805198609,-0.5733881353917072,1.6527629268930837,0.0,0.4360508358760584,2.53118205652327,1.885047065240555,-2.671095025048836,2.396046908828847,0.0,-1.30047587603365,1.3672966853185542,2.10458568988268,0.4259515709192563,0.4203662764831422,0.7482168636520958,0.0,-3.969226598574055,0.0,0.0,1.303643123583381,0.0,-2.9931554830087457,-3.147571168800189,-3.450834734424749,0.0,0.0,2.211410107235161,0.0,0.0,0.0,0.0,0.6798595249299364,-5.448302693144912,0.9538294549887296,-2.460938669261438,-4.034609357836907,0.6588026790284527,1.1222949291841762,1.9696224390771613,0.0,-0.9858060916583304,-1.3045802500159218,0.0,0.0,-5.294152013317654,0.0,0.0,2.8337165375731423,2.992317381882662,0.0,0.0,0.0
CCMD13071240ST-21-0,1,1,1,0,1,1,0,1,1,0,1,1,1,1,0,1,1,1,1,0,0,1,0,1,1,0,1,1,1,1,1,1,0,1,0,0,0,1,1,1,1,1,0,0,0,0,1,1,1,1,0,1,1,0,1,1,0,1,0,1,1,1,1,0,1,1,1,1,1,1,1,1,1,0,0,1,1,0,0,1,0,1,0,1,1,1,1,1,1,0,0,1,1,1,0,1,0,0,0,0,0,1,0,0,0,0,0,2.176044177635692,-2.971461973715012,0.1577556740017234,0.0,1.2431515000307425,-1.258231038558732,0.0,2.874740762004307,2.333034389291265,0.0,2.5765431082830634,1.7394662392742477,2.182088812917157,0.6132833431767601,0.0,3.0542083514332576,-4.034567573926212,-1.8306898976849872,1.1273682735829442,0.0,0.0,-0.9814077582371904,0.0,-0.3970324150923525,1.3801451302978125,0.0,2.408577258359155,0.6145267666483685,0.6771600854984479,-1.066441552716248,-2.523623197375761,1.1303069896500888,0.0,1.654416012893032,0.0,0.0,0.0,1.0092825589375305,-2.557554247141443,-5.7698148328909244,3.605485717078825,3.755437340634781,0.0,0.0,0.0,0.0,1.9183434792486964,-1.491471244934052,3.083475328510469,0.169199012292895,0.0,0.1345284410791771,-1.2050088707581934,0.0,-0.2570953066138259,2.297702967179342,0.0,1.4824727347117683,0.0,-0.1624787143785382,1.1561904789494897,-0.8922714675580203,1.7148562711316275,0.0,1.7324868740103057,1.2171476399851358,0.5753008603143268,1.001377776186303,-1.5139683416572591,-4.521772565530494,-1.5945826115297232,1.3586723003918315,-1.8313318148997115,0.0,0.0,2.00053360753552,1.32460238662664,0.0,0.0,-5.460392773802738,0.0,0.8982598089127138,0.0,-1.392331470298493,-1.3084642610541248,-4.614247651295342,-0.0417150505840169,-3.752716421785225,1.0861033370037922,0.0,0.0,-1.3866899004679802,-1.3857298784508885,-3.4284317703558966,0.0,1.21758408851905,0.0,0.0,0.0,0.0,0.0,-1.0503352809249025,0.0,0.0,0.0,0.0,0.0
CCMD19497912ST-21-0,1,1,1,1,1,1,0,1,1,0,0,1,0,1,1,1,1,0,1,1,0,1,1,0,1,0,1,1,1,1,0,1,1,1,1,0,1,1,0,0,1,1,1,1,0,1,1,0,1,1,0,1,0,0,1,1,1,1,0,0,1,1,0,0,1,1,1,1,0,0,1,1,1,1,0,1,1,0,0,1,1,1,0,0,0,0,1,1,0,0,0,1,1,0,0,0,1,0,1,1,0,0,1,1,0,1,0,4.246679321664461,1.7741481373980423,-1.0854985984402925,3.492608640939052,2.072728242976833,0.2548524772512632,0.0,3.805515653754601,1.4490088863289163,0.0,0.0,1.6267566022876792,0.0,-1.4734720714478504,-0.2514564994912036,0.2309936545596997,-0.8146816757445574,0.0,0.9611827486318336,0.4718278648461766,0.0,-1.1208815443513425,1.6890141342268443,0.0,2.3382414773476263,0.0,1.2112755960050765,3.4185597806749954,-0.263654579391809,0.591748094325516,0.0,0.1027333736267688,-0.6242904496304154,1.577370929078162,2.3630121728497384,0.0,-3.674975978403444,-1.71216681884628,0.0,0.0,-2.604835363816646,-1.1471442838984096,-4.343858536963758,4.131476164051801,0.0,0.4236285033117675,3.9101197543244335,0.0,2.8722020155595613,1.0808198848916823,0.0,-2.37665039022951,0.0,0.0,-1.7493196862526283,-0.7242777740889963,0.4757046973491665,1.1780954100245835,0.0,0.0,-2.696781773029723,-2.58576446402004,0.0,0.0,0.1151767024030636,1.2295447796407113,2.0842688657346704,1.666888088333313,0.0,0.0,-0.6410356500105578,-4.491183251720617,0.0940271517659199,-0.3605986044833722,0.0,0.6399826228229104,-4.1513154260982645,0.0,0.0,-5.520802668901775,-2.209448954206761,1.2606332434016925,0.0,0.0,0.0,0.0,-2.884924992203896,-1.8826318847799013,0.0,0.0,0.0,3.4190258928708115,-2.4773389925265934,0.0,0.0,0.0,4.931860328616795,0.0,-3.2226719262571097,0.2719399000444717,0.0,0.0,-3.685558087733981,0.7945955166634819,0.0,-3.48102638361437,0.0
CCMD25511638ST-21-0,1,1,1,0,1,1,0,1,1,0,1,1,1,1,0,1,1,1,1,1,0,0,1,0,1,0,1,1,1,1,1,1,1,1,0,0,0,1,0,1,1,1,0,1,1,0,0,0,0,0,0,1,1,0,1,1,1,1,0,0,1,1,1,1,1,1,1,1,1,1,1,0,0,1,1,1,1,1,1,0,0,0,0,0,1,1,1,1,0,1,0,0,1,1,0,0,0,0,0,1,0,0,0,0,0,0,0,0.7015480927153978,-5.259947180595173,1.923095005219575,0.0,1.6104279438870568,2.1989575644469768,0.0,2.457062419682764,1.183041436483708,0.0,1.75817717698718,-0.2174311546476262,1.6050623061972566,1.315737428249475,0.0,3.521904499613685,-1.4625607576523063,-3.1946902739072933,-0.6272714406400948,-4.054566916501356,0.0,0.0,-4.231837957509242,0.0,-0.7905644513582866,0.0,0.622256452930935,-1.199868490898007,-1.9187290891146072,-2.4205393091942606,1.379901036169541,1.2347650543376996,-2.6609157171557576,-0.8295496513903013,0.0,0.0,0.0,-0.0604001988138835,0.0,-1.256976892056158,-5.506244036884098,2.838233207688752,0.0,4.127715771739393,-1.8648717865016224,0.0,0.0,0.0,0.0,0.0,0.0,-1.6524611111666427,0.1706331688519766,0.0,2.335280758562164,2.1089876988828395,-3.094521784951892,3.1888359674447364,0.0,0.0,2.1916584106232007,-1.947298849213836,3.7549264591697615,1.3466554216768842,2.6589786998256173,1.541625648789834,0.505111457237497,2.545343766754402,1.7171107810324122,-1.3515928684310072,-1.8575767782706536,0.0,0.0,-1.589188670008999,-1.0101449459503695,-4.535601629179366,0.7470475548775716,2.240512230170613,0.324501761230256,0.0,0.0,0.0,0.0,0.0,1.3630606827506158,-1.690216130448568,-0.6940596815116815,0.622492084325981,0.0,-2.976559264416628,0.0,0.0,-1.6372978183632974,1.5375765837225324,0.0,0.0,0.0,0.0,0.0,2.215260304454734,0.0,0.0,0.0,0.0,0.0,0.0,0.0
CCMD45988061ST-21-0,1,0,1,1,1,1,0,1,1,0,1,1,1,1,0,1,1,1,1,0,0,1,1,1,1,0,1,1,1,1,1,1,0,1,1,0,1,1,1,1,1,1,0,1,1,0,1,0,1,1,0,1,1,1,1,1,1,1,1,0,0,1,1,1,1,1,1,1,1,1,1,1,0,0,1,1,1,1,0,0,1,1,0,0,1,1,1,1,0,1,1,1,1,1,0,0,1,1,0,0,0,0,0,0,0,0,0,3.2728233588337843,0.0,0.1288982260741169,0.7008073492215591,1.8862820414485928,-6.319250252671589,0.0,4.039448548688198,1.1873532177681427,0.0,1.3026639485335805,0.1113610718918638,0.2404553911983786,-0.8509208238008856,0.0,2.1507799606279385,0.1256925002694968,-0.0962941175491178,1.2234143620938351,0.0,0.0,0.5638198605009609,1.0664557172488165,-1.6919855329772535,0.1755973976095752,0.0,3.257115256181629,0.5491004664712674,-0.4130770925650977,-0.2306396877635992,0.3547468277892355,1.3498774078873317,0.0,-0.3693837103217945,2.805469650762072,0.0,-0.9078891958310646,0.3039669425130324,0.7904901380132818,-4.906707665476761,1.2347501527160003,2.5548940147681742,0.0,2.5174699814724613,0.7358789966307823,0.0,1.7504915948204822,0.0,-1.9685605960017976,2.3460107174951377,0.0,-1.0837140870050197,-2.01288762830168,2.5266250324221824,2.0695726726490977,-3.4431644520229,-0.6234427561983802,2.963177205859059,1.8290661951276888,0.0,0.0,-1.6081877775486348,-3.672622864195784,-0.6061496250359755,0.9145584332924231,3.569324527504474,0.4882614205521886,-2.007452054912956,0.8229209749674858,-0.7425760739648046,-2.7897657017720934,1.2134644822903835,0.0,0.0,0.378755416891522,0.6669425183276148,-2.483694793147099,-4.5972438222038825,0.0,0.0,-0.7579959542374564,2.7569530721837894,0.0,0.0,-1.767615514476737,0.686982332473185,-2.157379615222585,1.2038976595021895,0.0,-0.9549658645022104,-3.3647833343190228,1.3793097262282217,-1.6329904440416048,-3.150996055312446,0.0,0.0,-3.983189230481153,-1.0004004459398463,0.0,0.0,0.0,0.0,0.0,0.0,0.0,0.0,0.0
CCMD48236717ST-21-0,1,1,1,1,1,1,1,1,1,1,1,1,1,1,0,1,1,1,1,1,1,1,1,1,1,1,1,1,1,1,1,1,1,1,1,0,1,1,1,1,1,1,0,1,1,0,1,1,1,1,0,1,1,1,1,1,1,1,0,1,0,1,1,0,1,1,0,1,1,0,0,0,0,0,0,1,0,0,0,0,0,1,0,0,1,0,1,0,0,0,0,0,1,1,0,1,1,0,0,0,1,0,0,0,0,0,0,4.119671231847576,-1.7653651113434203,0.9036598274520262,1.4533608895676493,3.0670195153641338,1.5867424357844593,-2.844898919906292,2.085999831366721,2.386394950746528,-2.8623735504295555,0.8386118176964399,1.3489702645878987,1.341170303757537,1.4688657347195797,0.0,0.9187519532734052,-2.402841221051115,-0.1471907274028328,2.2195084835393897,-0.8379010788711403,2.2961289877294973,0.3545773460290609,-1.3082857330786202,0.4598222480674738,2.0384754944661463,3.2917186942991963,4.116998505015369,-1.1920094025437975,0.4903381078958415,-2.7720290592281933,0.962812887903646,-1.2443190217345763,-4.051499846638498,0.8805478209907893,2.42763212593442,0.0,1.4026059556265382,-0.1742862458762122,-5.427322907891092,-1.7436653977583076,-3.220881675449949,1.6794198325274954,0.0,3.5148901668659414,-1.2087347430096642,0.0,1.7318231853433572,-0.8612401106110479,-3.8824235165945633,2.702214395628163,0.0,-1.460969557917899,-2.643083568431336,-0.2746336142005354,1.8671393062706203,3.0504145427550373,-0.4028942916625007,0.7294795084347123,0.0,-1.4211267324456966,0.0,-2.769105080536758,1.698111016974187,0.0,-5.021857799782929,-2.305508795866023,0.0,-6.733574561337447,-0.4189123088169477,0.0,0.0,0.0,0.0,0.0,0.0,-0.2959459960987076,0.0,0.0,0.0,0.0,0.0,-1.595967805530401,0.0,0.0,-1.7342854436284925,0.0,0.0813904371486513,0.0,0.0,0.0,0.0,0.0,-3.941937644126971,-1.029279397615927,0.0,0.9297247044303464,6.098150789340185,0.0,0.0,0.0,3.453207568037408,0.0,0.0,0.0,0.0,0.0,0.0
CCMD50071957ST-21-0,1,1,1,1,1,1,0,1,1,0,1,1,1,1,1,1,1,1,1,1,1,0,1,1,1,0,1,1,1,1,1,1,1,1,1,0,1,1,1,1,1,1,1,1,1,1,1,1,1,1,0,1,1,0,1,1,1,1,1,1,0,1,1,1,1,1,1,1,1,0,1,1,0,1,0,1,1,1,0,1,1,1,1,0,1,1,1,1,1,0,0,1,0,1,0,1,0,1,0,0,0,0,0,1,0,0,0,3.6912910608988527,-1.2108373587986867,-0.2571340743152186,3.136688014629107,0.1134203992798046,2.1204901435409216,0.0,2.297500771148264,0.1816875520718401,0.0,1.6288257291054156,1.5234415988844872,-0.2294968728524253,-2.038035547479387,-2.4661034575121734,3.7144347860109335,-0.4741808886415746,0.486777917265013,0.0004721026830674,-0.5488525382193143,2.489970666180524,0.0,-0.963503908077256,2.8483587932379306,1.805766489240389,0.0,-2.464509831676895,-3.6289353389145766,0.0723666351979168,-0.5600126666239398,0.686350805581102,2.634589251946081,-2.989949866325974,-0.5338041624059195,1.8534664853863,0.0,0.8687746229008784,-1.5601799429509666,1.2198743960247664,0.985915726931452,-0.8294993666386075,3.6581098461628887,-4.335781363832684,1.4205826555199663,-1.204042315665858,-3.6426341832727385,0.5656289969442022,-3.5348627830306016,2.1970647684658737,0.5843002365148054,0.0,-2.3898712147773704,-3.3631754854459475,0.0,2.6977555280690826,3.467708604947294,-2.148955493717363,2.532063861006982,-1.5021624225289687,-3.31482000939464,0.0,-3.667068208610021,1.9552128978713448,1.2294918318137584,1.6368342390098929,-1.5115330349955178,1.59660101350922,1.3392823005175312,0.1871684577513379,0.0,1.8533462254832824,-3.753758403647314,0.0,-3.960656972777192,0.0,-3.9008690543982185,-1.0758297835408015,0.4793982210103893,0.0,0.7814688312648344,-0.8672476544086096,1.3172400401760314,-0.8011388001585857,0.0,-0.2635178846858383,0.929478327931274,-2.051290014281337,-0.805170250891835,-0.9642140513193144,0.0,0.0,-1.3209228241851656,0.0,2.14378709577588,0.0,1.139902776082406,0.0,3.058266568753956,0.0,0.0,0.0,0.0,0.0,0.0034007582715631,0.0,0.0,0.0
CCMD60079086ST-21-0,1,0,1,1,1,0,1,1,0,0,0,0,1,0,0,1,1,1,1,1,0,0,1,0,0,0,0,1,1,1,1,0,1,0,0,0,0,1,1,0,1,1,0,1,1,0,0,1,0,0,1,1,1,0,1,1,0,0,1,1,0,1,1,1,1,1,1,1,1,0,1,1,0,0,0,0,1,0,0,0,0,1,0,0,1,1,1,0,1,1,1,0,0,0,0,0,0,0,0,0,0,0,1,0,0,0,0,3.424044254373772,0.0,0.6564090053382303,1.7297369563928662,-2.1688828968246625,0.0,3.47272173538808,-5.99865589918307,0.0,0.0,0.0,0.0,-1.0758656628250207,0.0,0.0,2.5639567024240275,0.4081209462539014,-0.257055939026912,1.107856313368374,-0.7537722740404982,0.0,0.0,-0.1706298218675408,0.0,0.0,0.0,0.0,-1.8045917011932284,0.4617863604730304,-5.053615754022928,0.1121414080636808,0.0,0.5050395338473668,0.0,0.0,0.0,0.0,0.06537152822923,-0.656172136864388,0.0,-0.2672042165849138,2.8528136673332205,0.0,2.162757780608568,0.059371485937318,0.0,0.0,-3.7561747302587287,0.0,0.0,0.7985518235649203,-1.042535457393112,-3.517227513771393,0.0,2.624236500528167,3.3329060343819386,0.0,0.0,-1.3015904484907226,-1.78606544547591,0.0,-1.2897828206355222,2.8384112265068246,-1.203812771942368,0.4952082472422125,-0.5688078379893158,1.1790947098905105,-0.1851785657202378,-0.3989230713537299,0.0,0.4187909972129677,-2.186223052951413,0.0,0.0,0.0,0.0,-2.417454458867322,0.0,0.0,0.0,0.0,1.9097925327395715,0.0,0.0,-1.218657438826989,1.3292272949416897,-1.5226220164852788,0.0,0.8295938542062873,1.1246223010652163,0.7539673157940716,0.0,0.0,0.0,0.0,0.0,0.0,0.0,0.0,0.0,0.0,0.0,3.384971416489167,0.0,0.0,0.0,0.0
CCMD64776337ST-21-0,1,1,1,0,1,1,0,1,1,0,1,1,1,1,0,1,1,1,1,1,1,1,1,1,1,0,1,1,1,1,1,1,0,1,1,1,1,1,1,1,1,1,0,1,1,0,1,0,0,1,0,1,1,1,1,1,1,1,1,1,0,1,1,1,1,1,1,1,1,1,1,0,0,0,1,0,0,1,1,0,1,0,0,0,0,0,1,1,0,0,1,0,0,1,0,1,0,0,0,0,0,1,0,1,0,0,0,3.277780527943449,-1.4211738411134975,0.6676831004657419,0.0,-2.253803450400526,0.3342229143145205,0.0,2.762810264179154,1.8217632118382296,0.0,1.3359961011617236,0.712552970199554,0.6616067682322653,1.1066930905079695,0.0,3.785057575118829,-2.30128593001732,-0.1946536363231801,0.6127954585086541,-3.349664705696746,-5.257834526769212,-1.1265272593649258,1.72773876486435,-0.8512282036764978,0.957421509843834,0.0,-0.7315271892068456,1.6881527288640814,-0.4083393020516905,-3.8000812016671768,-0.2665204943626702,1.5852834607656283,0.0,0.1363400080048407,-3.1577736978866406,-1.7230671729798193,0.7051019367242317,-2.0640865943971223,-0.8825434883419621,-0.606700035079951,4.161578268314598,2.499996496736599,0.0,4.008661235610922,0.0685122458336335,0.0,-0.1057211040994645,0.0,0.0,1.1905712764861072,0.0,-0.8058586879168379,-0.1071689419800732,-2.009040381410044,-5.324845237052172,3.3724839562550595,1.179813413885885,1.848187044260985,-0.3974480695789171,-2.1949629503775925,0.0,-1.865005394777573,2.8211895633657336,-0.1168209540398421,1.898652630473426,0.570511782751467,1.4694530315579692,2.101821697328886,0.7296173507079082,-1.5005179111020477,2.5942048761684635,0.0,0.0,0.0,-1.549243226531143,0.0,0.0,4.006235290138996,2.8419334296201444,0.0,-1.9292742147631308,0.0,0.0,0.0,0.0,0.0,-1.6595080673108713,-3.197085118101529,0.0,0.0,-0.1837608535067425,0.0,0.0,-4.488927300327731,0.0,2.292627101446137,0.0,0.0,0.0,0.0,0.0,-1.8921363964355904,0.0,-3.810915543832887,0.0,0.0,0.0
CCMD82866709ST-21-0,1,1,1,1,1,1,0,1,1,1,1,1,1,1,0,1,1,1,1,1,1,1,1,1,1,0,1,1,1,1,1,1,0,1,1,0,1,1,1,1,1,1,1,1,1,1,1,1,1,1,0,1,1,1,1,1,1,1,1,1,1,1,1,1,1,1,1,1,1,0,1,1,0,1,1,0,0,1,0,1,1,1,0,0,1,1,1,1,1,0,0,1,0,1,0,1,0,0,0,0,0,0,0,1,0,0,0,3.5691579900847707,-0.2783903733168367,1.6033001378873155,2.3002730524372192,0.7848144116775597,1.855184360188441,0.0,3.524007041642186,0.0564445861282176,0.4443967377078541,1.4240196567570451,1.925988986900103,0.7349815698175964,0.2362903910802438,0.0,2.9803678032599445,-1.981530350414053,-0.2716044126679835,0.6537810187507156,-0.3190060546529476,3.961991396048262,1.596487800181413,0.5576224019211973,0.7359697343824759,0.6898718506481605,0.0,2.945233061966752,0.8216240063457236,-0.3522364937009679,1.471043598850872,0.2538932512644625,-1.7990388556470491,0.0,-0.8907665920532111,2.746939765037391,0.0,-2.059253068364024,-1.756620854200238,-1.6856393713736813,-2.053392245727041,1.0985599417077103,2.82438067257226,-0.4611948693627061,-0.9454493834592168,-2.5400420573846296,-1.1803918553776351,1.5600297842431794,-2.321066419219197,-6.118227649865377,1.9445671739292307,0.0,-1.7436756896082009,-2.7407127528467803,3.557524708860761,2.796632950585297,-3.425903291068631,2.8983033041333086,3.029979249785785,-1.996599128694808,-0.5169728277826979,-4.305414771439489,-2.5937462363564907,-1.9849351885688933,1.226147730963022,2.007327797548789,-1.7574355181964143,1.4411433436829166,-5.778720509549009,0.855693814252004,0.0,0.6847343284486169,-0.4212769695008791,0.0,-1.3357128103530838,-5.4575157450585845,0.0,0.0,3.3720017414945,0.0,-3.7537671531532433,0.9947931679600376,2.347412414977601,0.0,0.0,-0.060596917622151,-3.424463406010644,-0.9363245752798366,-0.752052807921705,-1.438660779605526,0.0,0.0,-0.9037545339486588,0.0,1.8168724248326795,0.0,-1.066872494123825,0.0,0.0,0.0,0.0,0.0,0.0,0.0,1.0791758525327195,0.0,0.0,0.0
CCMD86707194ST-21-0,1,1,1,1,1,1,0,1,1,0,1,1,1,1,0,1,1,1,1,1,0,0,1,1,1,0,1,1,1,1,1,1,1,1,1,1,0,1,1,1,1,0,1,1,1,0,1,1,1,1,0,1,1,0,1,1,1,0,0,1,1,1,1,0,1,1,1,0,1,1,1,1,1,0,0,1,0,0,0,0,1,1,1,0,0,0,1,0,1,0,1,1,0,0,0,1,1,0,0,1,0,1,0,0,1,1,1,3.789513865778476,-0.0675835969065528,1.222330203373147,3.917055113546696,1.8831609056709109,0.6247846223419267,0.0,4.693312302521186,1.8242716904528964,0.0,2.534426255835778,1.4338194677059504,2.009909402597759,0.1319230508644997,0.0,4.009065196862155,0.7901928178992703,-3.0900079076118163,1.1040204483504463,-1.0830174254428109,0.0,0.0,-2.325737534748141,0.4099076722999553,1.8224015090725592,0.0,2.797455113453553,0.5638783244024579,0.785356884467854,0.5945506811832126,-3.2001705392285094,1.674315327116204,0.5342032070173248,0.8388681121587489,2.142549979473139,1.5216225894784348,0.0,-0.9575794439547124,-3.9216660747927095,-0.925933801238719,-2.4719320388572945,0.0,-6.4898154349849175,1.1804964759293326,-0.5911745782265987,0.0,3.453305405840075,-3.2911423174342365,-4.004908785196918,3.76004164260048,0.0,-2.6441103105944195,-1.8158190580669733,0.0,2.600248169568838,-5.463176645941896,-3.812797343130436,0.0,0.0,-2.571976044235332,-0.6271316777428604,-2.1020759829043487,1.6775838456936163,0.0,1.3274241311583963,-1.7244414974564903,1.0238256163123258,0.0,-0.8612954448292633,-2.416524281960649,1.6155549811184384,-1.052823673749121,0.7801784486988843,0.0,0.0,0.7109825226910966,0.0,0.0,0.0,0.0,1.7263852699196869,-3.519400969415216,0.1280887542605986,0.0,0.0,0.0,-1.6508915185706008,0.0,0.0676728963538175,0.0,2.400904901003544,-5.168059595002598,0.0,0.0,0.0,4.718298753454793,-2.673936290109674,0.0,0.0,1.9207108322377944,0.0,-3.8627342964163742,0.0,0.0,1.0791232493517673,-0.8858532956109273,1.4499967642430818
CCMD90311071ST-21-0,1,1,1,1,1,1,0,1,1,0,1,1,1,1,0,1,1,1,1,1,1,0,1,1,1,0,1,1,1,1,1,1,1,1,1,0,1,1,1,1,1,1,0,1,0,0,1,0,0,1,0,1,1,0,1,1,1,1,0,1,1,1,1,0,1,1,1,1,1,1,0,1,0,1,1,0,0,1,0,1,1,0,0,0,0,0,1,0,1,0,0,0,1,1,0,1,0,0,0,0,0,0,0,0,0,0,0,3.2901480577725737,-3.173944182050268,2.0011182726222505,3.852599540472819,1.9377173181684548,0.8326757363901947,0.0,3.88537660534806,1.0139406104178306,0.0,2.394845693327354,0.9177045617300742,0.4036176351380598,-0.6769724207104246,0.0,3.570033617787466,-3.238544952246341,-0.3874470297643546,0.0973522194178713,-2.3704071374274944,-1.4053262413839074,0.0,-0.5173019476595686,2.815007874326452,2.085047890712725,0.0,2.7907458716371343,1.0643080359219494,-0.4715745730206824,1.5480250511233846,-1.7217117194383829,1.6493448141695468,-4.620863164986593,-0.4891310706928724,-3.0829724038445407,0.0,0.4683974713788881,-1.1429252250466606,-2.277075197635275,0.9298945389785872,2.690967367814654,-2.1323255490044177,0.0,-2.6075487071294665,0.0,0.0,2.2577942769218007,0.0,0.0,-1.50382672537764,0.0,0.0799418234348705,-1.33566469718732,0.0,2.661562497694752,-2.258961494836128,1.5391462658581083,2.930350810350741,0.0,-1.068808502646838,1.7654013536991169,-1.3942396533275667,1.948267562806188,0.0,1.9049342472132,-1.265959067295283,1.0022083893737463,1.5889955778417555,-4.55930527198716,-1.9423453114494007,0.0,-2.0471005002122302,0.0,-1.374588365930278,-0.4258715590353477,0.0,0.0,-1.9483579013037944,0.0,-3.607820291991212,-0.2326059805620755,0.0,0.0,0.0,0.0,0.0,0.6159164645695088,0.0,2.403591670484078,0.0,0.0,0.0,-4.72975725322573,-3.85502625105837,0.0,2.9293306245634265,0.0,0.0,0.0,0.0,0.0,0.0,0.0,0.0,0.0,0.0,0.0
CCMD95433940ST-21-0,1,1,1,1,1,1,0,1,1,0,1,1,1,1,1,1,1,1,1,1,1,0,0,1,1,0,1,1,1,1,1,1,1,1,1,1,0,1,1,1,1,1,0,1,1,1,1,1,0,1,0,1,1,0,1,1,1,1,0,0,1,1,1,0,1,1,1,1,0,1,1,0,0,1,1,1,0,1,0,0,1,0,1,0,1,1,1,1,1,0,0,1,1,1,0,1,1,1,0,1,0,0,0,1,0,0,0,4.226786901195974,-2.4803344734058568,0.8318989941568153,-2.0435760686759687,1.4974018594933232,1.7147839428648457,0.0,3.420009120068815,0.1910242636253878,0.0,1.1534102288289767,0.3759834794647585,1.704149387004542,1.4840421911766777,-3.645341309198409,3.5085389713495383,-0.5837775609227764,0.5760691680476453,0.7013001347662078,-3.525437381972888,-4.266809914487307,0.0,0.0,4.180628116102578,2.891036383318905,0.0,2.1617805316882457,-0.5735920587747725,0.4704281431077974,1.589654064165407,-0.0673222515446423,1.445421614655422,-0.9207270011400256,0.8199076860663884,1.880559842376659,0.1691695184348138,0.0,-0.0672629518737379,-0.3585092433773351,-0.3970922165831509,2.844270098658485,2.962031631759289,0.0,2.159377897860479,-0.2288335645626538,-5.551704161165468,3.691946635424263,-1.1860610057421106,0.0,-5.165470414985191,0.0,-0.5828834175022191,-2.68705729450774,0.0,-3.618114496498195,3.4837435626445865,1.0703860574467288,2.850825053839272,0.0,0.0,2.647092440356787,-1.1130946750813169,3.085552638027722,0.0,2.294315787453155,-0.396762401276731,1.6503292455296907,-3.9451274810124,0.0,-2.704306182117296,-1.2270040216833047,0.0,0.0,-1.495457133574056,-2.9035050715921145,-4.909850274993073,0.0,1.4428839074319515,0.0,0.0,3.296589723070072,0.0,0.9454155228925653,0.0,-0.9221201470883924,1.702726229677068,-1.4483526643865827,1.3534906998853171,-4.194397336918829,0.0,0.0,-3.892116465045896,-2.9856565059548688,1.3570078029046644,0.0,0.4715704663017495,-5.811215356650552,2.77987520273332,0.0,1.779374854702331,0.0,0.0,0.0,-4.963917496263349,0.0,0.0,0.0
CCMD10191450ST-11-0,1,0,0,0,1,1,0,1,1,0,1,1,1,1,0,1,1,1,1,1,1,1,1,1,1,1,1,1,1,1,1,0,1,1,1,1,1,1,1,1,1,1,0,1,1,0,1,1,0,1,0,1,1,1,1,1,1,1,0,0,0,1,1,1,1,1,1,1,1,1,0,0,0,0,0,1,0,1,0,0,1,1,0,0,0,0,1,0,1,0,0,1,0,0,0,0,1,0,0,1,0,0,0,0,1,1,1,5.416340078970384,0.0,0.0,0.0,2.6927616220393733,3.202588151151711,0.0,0.139909186286665,-1.21058252647861,0.0,1.7611281572085948,0.1270993302746952,-4.308336414424913,-5.020175727997011,0.0,1.543573344775868,-2.309612962758917,0.4807743873438619,-1.9180457410117613,-4.100118513327379,-2.969444292199606,0.337077821327755,-0.3169546958779414,1.165741681829961,1.8950141101853448,-2.991531079602449,3.3791917381724104,-3.24426445100898,1.128957562050876,-1.765350136013804,-1.443229706592743,0.0,-2.1424623669727696,-3.2128153183264763,4.339818435490329,-2.2793357040718094,-2.098841744496879,-1.515128404982396,2.300026518399265,1.8861823489376888,0.545572870066352,3.431188046541079,0.0,2.251665643637583,2.624048241182571,0.0,0.1511119748562577,1.99510470325782,0.0,2.764156164983039,0.0,1.165372688885192,-0.4268680773187396,3.0050969129549587,-3.1155369106971023,1.5408816248483113,0.3638431958370813,0.9196727318170956,0.0,0.0,0.0,0.5196809826766715,-0.3390932686668755,0.511571724236765,0.2273943718258964,0.0374511686327621,-0.7614899981908199,-2.8527405874628986,2.353577526792935,-0.6999241407763925,0.0,0.0,0.0,0.0,0.0,-3.9121736989790623,0.0,2.620101641807916,0.0,0.0,2.0624441282047083,0.7160922018036788,0.0,0.0,0.0,0.0,-2.442965127853612,0.0,1.3050619987630192,0.0,0.0,-3.037224307261348,0.0,0.0,0.0,0.0,-1.0636845532417285,0.0,0.0,-2.546336384848692,0.0,0.0,0.0,0.0,2.382080191548051,0.8557879650318624,-2.1008763331946665
CCMD17410933ST-11-0,1,1,1,0,1,1,0,1,1,0,1,1,1,1,0,1,1,1,1,1,0,0,1,1,1,0,1,1,1,1,0,1,1,0,0,0,0,1,0,1,1,1,1,1,0,1,1,1,1,1,0,0,1,0,1,0,1,0,1,0,0,0,1,0,1,0,0,0,1,1,1,0,0,1,0,1,0,1,0,1,0,1,1,1,1,1,1,0,0,1,1,1,0,0,0,1,1,1,0,1,0,0,0,1,0,0,0,4.345004421806112,0.844607567330833,0.2450648614747417,0.0,1.785027415475393,2.5175555073992526,0.0,4.012917898533026,2.115130074604656,0.0,2.470901069200719,1.589622708819301,0.796356874399493,2.1748000130108847,0.0,1.200320889038362,-1.7893050696903308,-0.4793516304218983,0.7785695624394431,-0.2503242937273693,0.0,0.0,0.2692917554556555,3.895209487543201,2.8057448344774896,0.0,4.532329956653486,1.1465632563080432,1.2786002411870108,2.286749569338687,0.0,0.8009548828039198,-0.4004174208470989,0.0,0.0,0.0,0.0,1.3722887805326092,0.0,-2.450649456457163,-0.0131993161133037,-2.779992332369756,-1.5536606387996683,-3.642952220031948,0.0,-1.6542961194515524,0.0248973346583467,1.19601542784206,-3.074170465082444,1.9099217044476104,0.0,0.0,-0.4409397000946178,0.0,-3.989418987378156,0.0,-0.0166243121221338,0.0,-3.358036401073056,0.0,0.0,0.0,1.6696911353539168,0.0,1.7607947205628114,0.0,0.0,0.0,-1.826934435744102,1.3966635952153277,-3.699785694795113,0.0,0.0,-0.7466638887200114,0.0,-5.136040495232626,0.0,-3.663418050624238,0.0,2.686739140338368,0.0,-1.4913613449949452,1.350757335858979,-1.2791143849049489,0.7489472485550535,-1.5993668920408106,-0.2389962159307117,0.0,0.0,2.526758679275868,-5.474153421311299,0.0827633951588664,0.0,0.0,0.0,2.932768108485292,-1.6790517539420546,1.726700269719213,0.0,-4.246329401163183,0.0,0.0,0.0,-6.302475380239497,0.0,0.0,0.0
CCMD18579000ST-11-0,1,1,1,0,1,1,0,1,1,0,1,1,1,1,0,1,1,1,1,1,1,1,1,0,1,0,1,1,1,0,1,0,0,1,1,0,1,1,1,1,1,1,0,1,1,1,1,0,0,1,0,1,1,0,1,1,1,1,1,1,1,1,1,1,1,1,1,1,1,0,1,1,1,0,0,0,1,1,0,1,1,0,0,0,1,1,1,1,1,0,1,0,0,1,1,1,0,1,0,0,0,0,0,0,0,0,0,3.090520914883665,-0.1747264830691504,0.7149891678495015,0.0,1.8284484725387369,1.1159722970882522,0.0,2.376381508148508,1.480914288870696,0.0,2.180976800317283,0.9363374336669008,1.4303865726500442,0.8286905294352911,0.0,2.4271618198292595,-1.210806807728103,-0.2932215772913018,0.2864830693077776,-1.823778434383828,2.275427212478977,1.4834711935372982,-0.3561955140123549,0.0,1.0610875818714454,0.0,2.7857777090138844,0.4176347629966553,1.0042957657469855,0.0,-1.9661540444624104,0.0,0.0,-0.3552468489576565,0.1366006935418624,0.0,-0.311850249699044,-2.3303622702414555,0.0272920481147171,-0.8069741962613635,-0.675330697032593,1.1482968219404703,0.0,1.961627129878386,-0.9995354097572512,-4.204813455314624,2.061975331001332,0.0,0.0,1.196886178343797,0.0,-2.0769923427784533,-3.385616101393402,0.0,1.0846646726586584,1.720536616848999,1.8739913778090889,0.7537417861001017,0.8614848822388259,-4.921217498038836,-1.863892213577031,-2.547954679212596,-0.2122173789016498,-2.266526707761649,0.5236164405294692,-0.1122185070659911,-0.0377918840703735,-0.2248901290386669,-1.324872667387179,0.0,0.0750006410375774,-1.9164088922306488,1.0945163295994245,0.0,0.0,0.0,-2.0787049652213767,2.1953007789151435,0.0,-2.798603784493792,-0.0476155194670743,0.0,0.0,0.0,-1.0896392418764318,-2.215326489060211,-0.7704092076594657,-2.54960031864048,1.7917780128512102,0.0,-1.3514362823166564,0.0,0.0,0.1686456922241938,0.8967423912875386,1.7256389128461294,0.0,0.2776369604050076,0.0,0.0,0.0,0.0,0.0,0.0,0.0,0.0,0.0
CCMD18829815ST-11-0,1,1,1,0,1,1,0,1,1,0,1,1,1,1,0,1,1,1,1,1,0,1,1,1,1,0,1,1,1,0,1,0,1,1,1,1,1,1,1,1,1,1,1,1,1,1,1,1,0,1,0,1,1,1,0,1,1,0,0,0,1,1,0,0,0,1,0,0,0,1,1,0,1,0,0,0,1,1,0,0,1,1,0,0,0,0,1,1,1,1,0,1,1,1,0,1,1,0,1,0,0,0,0,0,0,0,0,3.776236388846072,-1.3664190672254306,0.4602834224085314,0.0,-0.2870670455145252,0.0132373670983321,0.0,3.992512024230027,1.4380333504379783,0.0,1.858242173067906,1.1794170102621724,-0.1288937632038433,0.171340550869405,0.0,4.352039613601836,-0.7792574368124727,-1.2743620003234426,0.3286895952131101,-1.4257007275069804,0.0,1.4321785386562988,-1.1931247918497414,2.057158052661549,1.1695120680819444,0.0,2.427277006729297,0.0664498144042633,0.3548519180556249,0.0,1.5773755203027688,0.0,0.2702980099830183,0.4821112791998099,-0.9219198669373307,1.4749240484039714,0.5565224442749046,-0.9552365163846755,-0.3225940492510315,-0.1048110634125099,2.063976279210217,2.2155319502894724,-2.75835285281186,2.8456521710197684,0.6798535412954279,-3.6027717387822324,2.7586724271007785,-1.7910882388342717,0.0,3.5794556793964896,0.0,-1.199963141015724,-2.568629174168663,3.514757621752133,0.0,2.7133082096775816,-0.3124540313204329,0.0,0.0,0.0,-6.202370231656943,-1.2023465981552817,0.0,0.0,0.0,-3.323640048776264,0.0,0.0,0.0,-1.236180387020136,-3.869013479996144,0.0,0.6939027102161598,0.0,0.0,0.0,-1.9586482683602413,-0.1866704936331049,0.0,0.0,-0.7219917588959266,-2.810942641590593,0.0,0.0,0.0,0.0,-1.5058750689754898,-0.3608205564240079,-6.672373860902678,1.870831397444325,0.0,0.680238164903238,-2.5533366860902063,1.9279955850355013,0.0,2.787424773299117,-4.755451248720617,0.0,0.5820161271237755,0.0,0.0,0.0,0.0,0.0,0.0,0.0,0.0
CCMD19168690ST-11-0,1,1,1,0,0,0,0,1,1,0,1,1,1,1,0,1,1,1,1,1,0,0,1,0,0,0,0,1,1,1,0,0,1,1,0,0,0,1,0,0,1,0,0,0,1,1,0,1,1,0,0,1,1,0,0,0,1,0,0,0,0,1,0,0,0,1,0,0,1,1,1,0,0,0,0,0,0,0,0,0,0,0,0,0,0,0,1,1,0,0,0,1,0,0,0,0,0,0,0,0,0,0,0,1,0,0,0,3.4001878545561124,-2.3446737650536256,-6.335081299402754,0.0,0.0,0.0,0.0,3.986816694849968,0.2859657917223748,0.0,0.796155935166869,1.0234800868773035,1.2817229007762836,-1.0882596768836108,0.0,4.369072435450725,0.5335932566270165,1.403599531185809,0.6739975114184102,-0.4733641046476116,0.0,0.0,0.0467021781012866,0.0,0.0,0.0,0.0,-0.2224633343869237,0.4476121135479786,3.072124986578232,0.0,0.0,-0.0593057401025751,0.7499991005919757,0.0,0.0,0.0,-0.9996719631588352,0.0,0.0,-2.5387281792912955,0.0,0.0,0.0,1.0257930755174895,-1.397844170261366,0.0,-0.372293251572382,4.711609731664144,0.0,0.0,-0.1798149921300653,-1.6027702893527187,0.0,0.0,0.0,-0.1404012207534344,0.0,0.0,0.0,0.0,-0.8071796293259066,0.0,0.0,0.0,-1.2348631510754866,0.0,0.0,-1.4057394948816873,1.0822565233491726,-2.6949679712856303,0.0,0.0,0.0,0.0,0.0,0.0,0.0,0.0,0.0,0.0,0.0,0.0,0.0,0.0,0.0,-1.0910982838180463,1.2144671351627738,0.0,0.0,0.0,-3.6477572288176607,0.0,0.0,0.0,0.0,0.0,0.0,0.0,0.0,0.0,0.0,0.0,-1.468879096942311,0.0,0.0,0.0
CCMD21593359ST-11-0,1,1,1,1,1,1,0,1,1,0,1,1,1,1,0,1,1,1,1,1,0,1,1,1,1,0,1,1,1,1,1,1,1,1,1,0,0,1,1,1,1,1,1,1,1,1,1,1,1,1,0,1,1,0,0,1,0,1,1,1,0,1,1,0,1,1,1,1,1,1,1,1,0,1,1,1,1,0,1,0,0,1,0,0,1,1,1,1,1,1,0,1,0,1,0,1,0,0,0,1,0,0,0,1,0,0,0,2.576079311831664,-1.7791173083445937,-0.5451739966788227,1.860152416647632,3.414562047472073,-0.7907715141031653,0.0,3.242251367232332,2.650387747295661,0.0,0.4366491816033135,1.9481962998229607,0.2738764107916327,-1.0738094590761982,0.0,3.819606701581863,-0.1205785521269122,-1.2797766344455002,1.210704383635425,-1.339968181735415,0.0,-0.4806874241714891,1.1234151182600214,-2.15544341120989,0.708029896408626,0.0,1.4308280569420164,0.939722759332288,0.7854241355889535,2.47917596553466,2.663711458538942,3.067753999113289,-2.5761759914488422,-0.2160906627007355,-0.7322563337096337,0.0,0.0,0.2852230166767591,0.3593162017277915,-0.6722466636641378,0.4566864021625099,0.3675482765495921,-1.402056150272588,0.0787216026756334,1.784412063102849,0.1458336371241404,-3.793816434503442,3.127706025764146,1.8878996904898824,2.656272255684409,0.0,-4.453877890477623,-0.590349234988087,0.0,0.0,1.292703321878891,0.0,1.1011665797859465,-3.9633757396835456,-1.5119334557915378,0.0,-4.566496768585772,-1.2099919972798148,0.0,2.1553517264021376,1.22196360470566,1.5734734159638837,-6.875726404298486,-0.3286540906526198,0.945515679225072,1.556750955165564,-2.5564620913609195,0.0,-2.422154602461508,0.6840762443581707,-4.401993055108611,-0.2074981558810824,0.0,-0.6020949654268328,0.0,0.0,4.387365820604059,0.0,0.0,-0.9285621160870838,-3.7201454298025984,-3.0854944559242616,-0.0841304798566344,-5.029899713800155,-0.768406604440036,0.0,-2.380371084317601,0.0,3.3471405114326567,0.0,0.2716230363283769,0.0,0.0,0.0,1.1002506820276925,0.0,0.0,0.0,3.2280590469469908,0.0,0.0,0.0
CCMD22852639ST-11-0,1,0,1,1,1,1,0,1,1,0,1,1,0,1,0,1,1,1,1,0,0,0,1,1,1,0,1,1,1,1,1,1,0,1,1,0,0,1,1,1,1,1,0,1,0,0,1,0,1,1,0,1,1,1,1,1,1,1,1,1,1,1,1,1,1,1,1,1,1,1,1,0,0,0,0,0,1,1,0,0,1,0,0,0,1,1,1,0,1,0,1,1,0,0,0,1,0,1,0,0,0,0,0,0,0,0,0,3.27883213601721,0.0,-1.2273225550322997,3.089241295400399,2.322002585920578,2.3658137290574306,0.0,1.1021517353482295,-0.4827364772889728,0.0,1.1951224511299106,0.2983749264504463,0.0,-1.083469658372835,0.0,1.919935916270965,-2.8320391948504784,-1.0896890427801709,-1.728807960326074,0.0,0.0,0.0,-2.9586929812728973,-0.6540537964919138,-0.5135189416849244,0.0,1.9496082083144184,0.1692332590791281,1.258998779415963,-3.7734000260130816,0.2789232073637107,0.100474137423022,0.0,-0.3983940576006399,1.850773943215771,0.0,0.0,-0.2798520890027927,2.684003690301964,1.4662808726090892,2.6902426420041965,4.182520665320436,0.0,2.156176766335517,0.0,0.0,-0.0099704153473272,0.0,-5.525700658500588,-0.9172323458877808,0.0,1.027660237351344,1.8833546624614272,3.362072847503568,-2.196690018814261,-0.014831348494233,2.6303125585896803,1.1569560343315353,-1.9481518870309824,-1.6874010837870863,-1.7797744039181014,1.5146637129179796,-0.2628716931412187,-0.1478214691163664,0.7014534090901213,1.0531536493566536,-0.001137414973676,1.206722863732813,-3.166701476226452,0.9826825193912728,-4.166557286446649,0.0,0.0,0.0,0.0,0.0,0.0837057237652962,-0.9082843349114342,0.0,0.0,-1.9147827458563644,0.0,0.0,0.0,-1.680504504728026,1.5360930491109177,-0.4394279501987128,0.0,2.8476943307924456,0.0,-4.553840075471623,-3.8811714262552175,0.0,0.0,0.0,-0.6422901549034474,0.0,-1.47811707064682,0.0,0.0,0.0,0.0,0.0,0.0,0.0,0.0,0.0
CCMD25475945ST-11-0,1,1,1,0,0,1,1,1,0,1,1,1,1,1,0,1,1,1,1,1,0,1,1,1,1,0,1,1,1,0,0,0,0,1,0,0,1,1,1,1,1,1,0,1,0,0,1,1,0,1,0,1,1,0,1,1,1,1,0,1,1,1,1,1,1,1,0,1,1,1,1,1,1,0,0,0,1,1,1,0,0,0,0,0,1,0,1,0,1,0,1,0,0,1,0,1,0,1,0,1,0,0,0,0,0,0,0,2.1421112485446474,-1.3761952895913896,-0.1138743032899161,0.0,0.0,0.0500018762161883,1.895940708282152,1.3408957744324923,0.0,2.197772527662143,1.88550388708938,1.941559587354818,0.5551231216660266,0.4265524508413928,0.0,3.0350977546317703,-1.4999837165249512,0.5272770254751633,-0.507636458515517,-2.603787519740206,0.0,0.2274556021694908,0.0711300478563949,1.4184865089547962,1.2677254777614302,0.0,-1.85727780410213,1.3577659142019425,0.4206244949844585,0.0,0.0,0.0,0.0,-0.0312190778022298,0.0,0.0,0.7935571128741296,0.492009243481642,0.4170880723883027,-2.818363669769117,-1.048430991979564,2.248006200112016,0.0,3.046029055141893,0.0,0.0,1.221300587609288,-1.5657135489858818,0.0,1.9698650315134087,0.0,-0.3772537479597527,-3.1758288152503504,0.0,0.5486733698565345,-0.0897264223682091,-1.7452177263312847,1.0203409411223248,0.0,-1.8472078309792053,0.0013070331809258,-0.9021731348016032,0.8034569756783659,-2.0990992378317483,0.3252709611917147,-1.016388001666341,0.0,-4.992167972897238,-0.7927754438556108,-2.019974463983382,3.951735268407386,-2.967589686831555,1.4021077006601623,0.0,0.0,0.0,-0.1886024052841309,0.1193176813789579,-0.833936143223886,0.0,0.0,0.0,0.0,0.0,-3.23754805061864,0.0,-0.6156250965796127,0.0,0.1962453929668497,0.0,-0.5978903006911372,0.0,0.0,0.016822450622314,0.0,2.043620102152829,0.0,-1.0255515688649188,0.0,0.5692612418557825,0.0,0.0,0.0,0.0,0.0,0.0,0.0
CCMD27867141ST-11-0,1,1,1,1,1,1,0,1,1,0,1,1,1,1,1,1,0,1,1,1,0,1,1,1,1,0,1,1,1,0,1,1,1,1,1,1,1,1,0,1,1,1,0,1,0,0,1,0,0,1,0,1,1,0,1,1,1,1,0,1,1,1,1,0,1,1,1,1,1,1,0,0,0,1,0,0,0,1,1,0,0,1,0,0,1,1,1,1,1,0,0,0,1,1,0,0,1,0,0,0,0,0,0,0,0,0,0,3.317168408034152,-2.475756977699891,0.4711826794992193,3.388399328618372,1.0769251638718924,2.823207555555377,0.0,2.807815132924844,-2.3857665538418136,0.0,2.877334621168472,1.9169954022546205,-0.3356042703330355,0.1952920494988623,-3.212509161861253,3.199214886222625,0.0,-1.6584713257673571,-0.8140551778089411,-3.67923946576202,0.0,-1.503114652937119,1.2356716194765904,-1.8817773334217829,-2.049422390991267,0.0,-1.5261861067389375,-2.158954258758892,-0.5642002638000081,0.0,2.1901174507411927,-0.3342782013561045,-1.2931485885324585,-0.5229346000409367,-0.0707091388122969,0.3312971391879886,-0.5931856679973602,-0.690393594237662,0.0,3.1355455407549577,3.202973411556693,3.550493926519957,0.0,2.842824496928957,0.0,0.0,2.1075326020072467,0.0,0.0,0.7873820937729467,0.0,-1.6748490256088422,-1.942621990275453,0.0,0.8642291297981859,-5.168718063117141,1.518941551253448,3.368262126032953,0.0,0.920573257361388,1.6867976310177837,-1.8739553110721496,-1.1484257332421652,0.0,-3.674349480467828,1.1995188398486545,1.6333948569504169,1.5341143364694596,2.2677924436665187,-2.481659601822346,0.0,0.0,0.0,0.010660709069302,0.0,0.0,0.0,2.909471221303206,-3.64392279383712,0.0,0.0,-3.639202092702183,0.0,0.0,-1.2433068205704791,1.887313532499654,-0.2723394209876821,-1.5779788766875442,-0.1260412391895038,0.0,0.0,0.0,-3.0109074543217984,1.4974363275978042,0.0,0.0,-3.5278938368623702,0.0,0.0,0.0,0.0,0.0,0.0,0.0,0.0,0.0,0.0
CCMD30627121ST-11-0,1,1,1,1,1,1,1,1,1,1,1,1,1,1,0,1,0,1,1,0,0,0,1,1,1,0,1,1,0,0,1,1,1,1,1,0,1,1,1,0,0,1,0,1,1,0,1,1,1,1,1,0,1,0,1,1,1,0,1,0,0,0,1,0,1,1,1,1,1,1,1,1,0,1,0,0,0,0,0,0,1,0,0,0,0,0,1,0,1,0,1,1,0,0,0,1,1,0,0,1,0,0,1,0,0,0,0,2.58437395027443,-1.6944082960431015,-2.33982738805261,-1.9139408543153549,0.5694627993534116,-3.384019285748733,1.0472009829406834,2.30555252452106,3.6735266979058494,-0.417960227760902,1.436740568957014,3.2731727960249546,0.5981936145609077,-0.2002438606361725,0.0,1.77459757721471,0.0,-0.0236144734277046,-0.8576129050539798,0.0,0.0,0.0,0.692404352239272,-3.4865589250649176,-2.30898793966953,0.0,1.013355069505179,-2.6929929967579254,0.0,0.0,0.2189652711157972,0.2056015256646952,1.773963940852029,1.282453258442291,-4.381942972119759,0.0,-2.2473005507328505,0.1201629104708559,1.343630985395611,0.0,0.0,-2.318432252512117,0.0,0.954572259274764,0.0094505752720519,0.0,1.2345355017544095,-2.5712076014326986,2.107017370724456,2.602799954711381,0.5671836888475197,0.0,-1.6594383542773894,0.0,2.228745337539233,-2.947953737191852,5.622393728243438,0.0,2.8941204711627093,0.0,0.0,0.0,-2.256177358765685,0.0,1.6462940017555872,-1.344561460099261,-0.1316431196224905,0.8168715295446185,-1.4236858097323144,1.129583706713868,-0.4351299209548167,-4.19389074061682,0.0,0.0216173802359396,0.0,0.0,0.0,0.0,0.0,0.0,-4.342501240068462,0.0,0.0,0.0,0.0,0.0,0.7547002736315882,0.0,-2.41330457198689,0.0,1.6606489073289723,-2.4567718492363726,0.0,0.0,0.0,-1.1877367716004144,4.291404801299995,0.0,0.0,2.57598629690155,0.0,0.0,0.6005608531002862,0.0,0.0,0.0,0.0
CCMD32288175ST-11-0,1,0,1,0,1,1,0,1,1,0,1,1,1,1,0,1,1,1,1,0,1,1,0,1,1,0,1,1,1,1,0,1,1,1,1,0,1,1,1,1,1,1,0,0,1,0,1,1,0,1,0,1,1,1,1,1,1,1,0,1,0,1,1,1,1,1,1,1,1,1,1,0,0,1,0,0,1,1,0,0,1,0,0,0,1,1,1,0,0,0,0,1,1,0,0,0,1,0,0,0,0,0,1,0,0,0,0,3.7096972160939625,0.0,1.4158158199630773,0.0,-3.2126734592873123,-3.4672746612748413,0.0,-3.284071658853081,0.1445008843550557,0.0,2.1923034147942606,2.0515924193076795,-1.2163728022326556,-0.0613968917115808,0.0,4.020855402646879,1.6865550640873324,-1.3387910345274028,-0.7342135775920029,0.0,-0.4045762600503357,0.1116186631119169,0.0,-0.0630483617192103,-0.6182516876178883,0.0,2.974670511382786,1.269443470124724,0.2959659453360381,-0.3763765184730931,0.0,0.4808710603725937,-3.5476701648596047,0.7820365742918469,-1.2328891037483514,0.0,-1.1373420754693049,-0.371912546772009,0.9179347337273978,1.522228868645772,1.97694174670638,3.0920362596428665,0.0,0.0,-0.7412563464661792,0.0,0.535256246669396,-0.8974531869893041,0.0,2.1164921284873297,0.0,-0.1865623752457466,-2.129770464324383,-4.122015460974064,2.652580773859479,3.298079163136693,1.2489730007003053,2.557703972683297,0.0,-1.5038320334578876,0.0,-0.918408361566592,-0.1074138097758854,0.8538189376257935,2.2296483622099714,-1.8534021517728752,0.992949267500197,1.106748795716413,-0.7247633942723382,-1.1859726559972654,3.132247362729488,0.0,0.0,-3.401744568414975,0.0,0.0,-1.2540702722767056,-4.370424599587938,0.0,0.0,0.6071371064495382,0.0,0.0,0.0,0.2231908359947296,0.7764624913953744,-0.1417058755150357,0.0,0.0,0.0,0.0,0.3306964344195889,-3.197207135524043,0.0,0.0,0.0,-4.911287817308466,0.0,0.0,0.0,0.0,0.0,1.40709837949019,0.0,0.0,0.0,0.0
CCMD35081859ST-11-0,1,1,1,0,1,1,0,1,1,1,1,1,1,1,0,1,1,1,1,0,0,1,1,1,1,0,1,1,1,1,1,1,0,1,1,0,1,1,1,1,1,1,0,1,1,0,1,0,0,1,0,1,1,0,0,1,1,1,0,0,1,1,1,1,1,1,1,1,1,0,1,0,0,0,0,0,1,1,0,1,1,1,1,0,1,1,1,0,1,1,0,1,0,1,0,1,1,1,0,1,0,0,1,0,0,0,0,4.421784665074933,-5.43215618719048,-3.03662498168699,0.0,1.6582831369913045,0.8835422838308375,0.0,2.100036292201483,-0.3696844561919881,-0.767921036577601,2.212809760796028,0.8408188297448669,-1.4899441406394007,-1.5934023449754997,0.0,2.61133407346128,-3.485318824345975,0.657771768497434,-0.5712872586946083,0.0,0.0,1.1141632967866666,-1.2025771379781844,1.0606049601718173,1.4329762342663384,0.0,0.9629427890259455,-0.7322072494758778,0.3177536640445159,-2.482263888442727,-1.2161879700928082,-2.148660675647551,0.0,-1.164185775141979,2.13102417597079,0.0,-4.088986252704344,-2.140899297855377,1.271724857776548,1.2637871979448307,2.017723271989155,3.3106274296302844,0.0,1.5188327214353907,0.9378115075202696,0.0,0.4129680090003977,0.0,0.0,3.0420291809630564,0.0,-0.0918746215434116,-2.191442628752606,0.0,0.0,1.483882868197438,-1.510954654394867,0.4107292512338364,0.0,0.0,0.7925308181056288,-0.4953491840826498,1.473200112644761,-1.8805256021012,1.2229832604667723,-0.9708863651734794,0.4189821349882608,1.7445053472594063,-1.83626817466191,0.0,-1.5461838589622767,0.0,0.0,0.0,0.0,0.0,0.1943898837454709,2.083322772152682,0.0,-1.4436532568250462,0.1083176395506659,0.8229205965923884,0.845207187488662,0.0,0.5454794130524884,-2.980255833870649,-0.9250857826154616,0.0,1.3072649674479238,0.5659421517398141,0.0,-0.919941811852974,0.0,-0.5641223609442456,0.0,-0.3083081699836754,0.1801183936111343,0.1633273559553471,0.0,-1.8771792520738548,0.0,0.0,0.9198847741228572,0.0,0.0,0.0,0.0
CCMD35801800ST-11-0,1,1,1,1,1,1,1,1,1,0,1,1,1,1,0,1,1,1,1,1,0,1,0,1,1,1,1,1,1,1,1,0,1,0,1,0,1,1,1,1,1,1,1,0,0,0,1,1,1,1,0,1,1,1,1,1,1,1,1,1,1,1,0,0,1,1,1,1,1,1,1,1,0,0,1,0,1,1,0,0,1,0,0,1,1,0,1,1,1,1,1,0,1,1,1,1,1,0,0,0,0,0,0,0,1,0,0,3.1252422343331743,-0.6280978419898622,0.9795398194884044,0.6143622687824801,0.6931234791444603,1.2889685123764651,-3.2861018603359144,4.102840789315788,0.9557565430230136,0.0,1.848358410458926,1.830847469568702,1.6431912613515731,-1.138597679794346,0.0,3.892619142365932,0.1386195317380021,-2.511303996197198,0.4857448909603867,-1.2789461133400746,0.0,2.110785234148378,0.0,3.5755554431820604,2.520443617101165,1.0342644873957385,3.891755079044013,-1.3294900633688442,1.1432361276004337,0.482369604473257,-1.3885635529172644,0.0,1.741076453979484,0.0,-0.4672665527649648,0.0,0.1330642148690577,0.4928120581834792,-0.4843911213236871,-2.4685301802139112,-0.1277669787769237,2.4930390495870074,-5.598497823894219,0.0,0.0,0.0,3.0388592911834618,0.7329288389717052,4.048717153790162,-2.647409392816893,0.0,-1.252134855889418,-0.5570737991471884,-4.194751012823103,2.4202343011404546,2.027790927202593,2.986330322151888,0.2720317182749259,-1.9005050925474167,-3.695759846704114,-1.208929278526432,-2.423971334064241,0.0,0.0,2.075838336266023,-2.2355826288030807,0.3558058589453543,-2.081292585865012,-1.5549524849033731,-3.4411827727883924,-0.7280423998683232,-0.2367428941531328,0.0,0.0,1.0641130875817455,0.0,-0.1790852291794991,0.0140132524454799,0.0,0.0,0.9898860495138236,0.0,0.0,-5.160697335143118,-6.68312387058759,0.0,-0.3876272684320585,-0.1998891062487753,0.235365260597518,3.4645166484373027,0.1453176016748227,0.0,-3.642577581243805,0.331540724042225,0.0332691069484445,2.820386611972629,-0.9691160753886,0.0,0.0,0.0,0.0,0.0,0.0,0.0,-2.1865602035711715,0.0,0.0
CCMD41202658ST-11-0,1,1,1,1,1,1,1,1,1,1,1,1,1,1,1,1,1,1,1,1,1,1,1,1,1,0,1,1,1,1,1,1,1,1,1,1,1,0,1,1,1,1,0,1,1,0,1,0,0,1,0,1,0,0,1,1,1,1,1,0,1,1,1,1,1,0,1,1,1,0,1,1,1,0,0,0,0,1,0,0,1,0,0,0,0,0,1,0,1,0,1,0,0,1,0,1,1,1,0,1,0,0,0,0,0,0,0,3.710094251225417,-2.454711566915022,0.8513121443963003,0.3861682258098686,0.931489593126603,-1.330454447517409,1.7844111068095525,2.165610595169812,1.0903940684083009,1.9360086816333928,1.3851810318714222,0.876191918519827,0.9085748237380168,0.0046049781613743,1.36368811730131,0.6803621223601464,-3.208838950136453,0.2279138613310325,0.0307637493654142,-5.3214734591720525,0.2150336942287598,2.133512658469733,-0.4662451893288701,0.0792199739928505,1.2303922816451878,0.0,3.3033303146022583,0.2962063164307367,-1.0172732399626776,-2.881738528030773,0.5387428013259752,-1.991414105343237,-0.1864400205408329,-0.9638675990398532,-0.4865416695681763,-1.1794504616332104,-1.5203820144511884,0.0,-0.1037156004824331,0.1179527683358641,-3.484103478691946,2.721875135919653,0.0,1.3609734269163634,-2.0304630365446528,0.0,2.019900212137601,0.0,0.0,0.4850460929352604,0.0,-1.8174186920701896,0.0,0.0,-0.1967359694812158,1.6204996547962591,-1.9975171578533444,-0.4754769870174438,-2.397237187323132,0.0,-1.1152894151944164,-2.453574557127946,1.599671772928844,-1.6323440363029094,0.6246275461843991,0.0,-0.6384167345268903,0.7565127617071747,-1.512147851982249,0.0,2.341783889116796,-2.485909937770882,0.023059331172947,0.0,0.0,0.0,0.0,1.3765602888275152,0.0,0.0,0.0077125310384502,0.0,0.0,0.0,0.0,0.0,-1.9466200528494992,0.0,0.0569481516176453,0.0,0.2082333675440444,0.0,0.0,0.3484764269476963,0.0,0.2274858873920033,5.5258701855834005,1.0324095065017274,0.0,-1.2890043006680396,0.0,0.0,0.0,0.0,0.0,0.0,0.0
CCMD42956136ST-11-0,1,1,1,1,1,1,0,1,1,0,1,0,0,0,1,1,1,0,1,1,0,0,1,0,1,0,0,1,1,1,0,1,1,0,0,1,0,1,1,0,0,0,1,0,0,1,1,1,1,1,0,0,0,1,0,0,1,0,0,0,1,0,0,0,1,1,0,0,0,0,1,0,0,1,1,1,0,0,0,0,0,1,0,0,0,0,0,0,0,0,0,0,0,1,0,0,0,0,0,0,0,0,0,1,0,0,0,-0.357115193694133,0.6411618910297769,1.2430259391516258,-3.9237602826603695,3.2889492856077576,3.258283642066079,0.0,1.920217681822704,1.4009574749587066,0.0,1.8519032770271144,0.0,0.0,0.0,0.3016931207540869,-3.5156739410723308,0.2082516973334711,0.0,2.2973776311403187,0.5714895761916321,0.0,0.0,-0.4512804391515241,0.0,1.2511430664892549,0.0,0.0,-2.1498761652592773,1.3733752834743669,2.0361282715640314,0.0,1.4262676140549084,2.6532793868286784,0.0,0.0,-3.1049868889830146,0.0,-0.1934291110834536,-2.162649448170759,0.0,0.0,0.0,-1.9767259063927751,0.0,0.0,2.130503453942624,2.360388568630419,6.317781915244914,-5.006747253425398,-2.9186225891721014,0.0,0.0,0.0,-3.2914838171874496,0.0,0.0,-2.622689348831562,0.0,0.0,0.0,1.982320052527193,0.0,0.0,0.0,-4.788265715216999,-4.081197196138446,0.0,0.0,0.0,0.0,0.6063384144454675,0.0,0.0,-2.8095226760891787,-0.1569906478905598,1.4503874189415904,0.0,0.0,0.0,0.0,0.0,3.338763399556787,0.0,0.0,0.0,0.0,0.0,0.0,0.0,0.0,0.0,0.0,0.0,1.9982191458426728,0.0,0.0,0.0,0.0,0.0,0.0,0.0,0.0,0.0,-2.397190588206837,0.0,0.0,0.0
CCMD46727384ST-11-0,1,1,1,0,1,0,0,1,1,0,1,1,1,0,0,1,0,1,1,0,1,1,0,1,0,0,1,1,1,0,1,1,1,1,0,0,0,1,1,1,1,1,0,1,0,0,0,1,1,1,0,1,1,0,1,1,1,1,1,1,0,1,1,0,1,1,1,1,1,0,1,1,1,0,0,0,1,1,0,0,1,1,0,1,1,1,1,1,1,0,0,0,1,1,0,1,0,0,0,0,0,0,0,0,0,0,0,3.162071319204502,-2.296029541281276,1.1421486720579868,0.0,1.4357149317385776,0.0,0.0,-5.061913446449239,1.919974512377789,0.0,2.5169009459788327,1.6052033664629313,-1.2898033381855785,0.0,0.0,3.9612907783027858,0.0,-2.03857824194526,-0.7314283991499064,0.0,-5.61995814215262,0.9935145744127843,0.0,0.4828954159613543,0.0,0.0,-4.190646395949039,1.3497189130987548,0.7937710000931582,0.0,1.3428367018773544,0.819813444159575,-0.0561958849799639,0.254416810131981,0.0,0.0,0.0,-3.193503567445789,-0.5326331773425255,0.2440475886655373,1.9598273101908303,2.9833119238077552,0.0,3.261485839260443,0.0,0.0,0.0,-2.826974423391766,4.284140212816705,2.835397054244927,0.0,-1.3304023155235452,-2.3011872595192777,0.0,2.0477810198599484,2.3921912134999914,3.606700015982277,2.385680221964405,2.055011472383645,-2.3568025714187426,0.0,-1.840776029964981,1.5296912647064669,0.0,0.8853658834649075,-1.0974531471624902,0.5137735678474579,-4.98915409216681,-0.4526635435205879,0.0,1.028029498209292,-2.240235114012933,0.9397660456049342,0.0,0.0,0.0,0.4730657492625144,-3.0859125315400995,0.0,0.0,-0.2829485198963544,-1.8904325331531355,0.0,-2.6959697734574704,-0.1536615062081412,-1.2989597134715651,-0.4436842476715044,-0.6656800315772833,0.3635905416304932,0.0,0.0,0.0,-2.816930817036009,0.3989558679193867,0.0,1.812434628393596,0.0,0.0,0.0,0.0,0.0,0.0,0.0,0.0,0.0,0.0,0.0
CCMD50529145ST-11-0,1,0,0,0,1,1,0,1,1,0,1,1,1,1,0,1,0,1,1,0,1,0,1,1,1,0,1,1,1,1,1,1,1,1,1,1,1,0,1,1,1,1,0,1,0,0,1,0,0,1,0,1,0,0,1,1,1,1,1,0,1,1,1,1,1,1,1,1,1,0,1,1,1,0,0,1,0,1,0,0,1,1,1,0,0,1,1,0,1,0,0,0,0,1,0,1,1,0,0,0,0,0,1,0,0,0,0,4.440040606109474,0.0,0.0,0.0,2.543905988740519,2.2697094030647262,0.0,0.7346950806088539,0.8042067515774249,0.0,1.996076384377772,0.8697352398020541,0.3643781171228963,-1.5489609067779733,0.0,2.774067197047512,0.0,0.7785978785741173,-0.6440541839373428,0.0,0.8715257231751532,0.0,-0.353314430159559,1.8185247294287832,0.5329290371472912,0.0,2.6018094067657085,-0.2115362760411616,-1.4529159673398633,-1.813684739351059,-0.860728588450435,-2.659862402466424,-1.513804337014876,-3.4715766249949613,2.730534891862653,-4.493227872526943,-3.811584516448482,0.0,2.713447564988175,0.9191473718526416,1.0774837321438278,-2.180239564772011,0.0,2.368483467953787,0.0,0.0,-1.0910505789784386,0.0,0.0,3.368145405947939,0.0,-1.710276363251615,0.0,0.0,0.9155692369878362,1.7907721462918973,1.4130151387199807,0.957487939301549,-2.3497074741625847,0.0,-0.1307955535142828,-2.1629258908611004,-0.7092610798352306,0.7031544771862949,0.9802778266195316,-2.4529416866591016,0.7160618254314958,-0.0744266386844796,0.2138262044215679,0.0,-1.039719196296777,-3.327221666124858,0.9598982205934152,0.0,0.0,1.305854878933469,0.0,-3.2065011071720946,0.0,0.0,0.0581001939414447,-2.2719662634773274,0.9528331379367144,0.0,0.0,-1.1630094603233685,-0.5114105739166284,0.0,2.9545805382990444,0.0,0.0,0.0,0.0,-0.5778770770061221,0.0,-2.892982408277007,3.2754021502202995,0.0,0.0,0.0,0.0,0.0,-3.0867144643537463,0.0,0.0,0.0,0.0
CCMD53522274ST-11-0,1,1,1,1,1,0,1,1,1,0,1,1,1,1,0,1,1,1,1,1,1,1,1,1,1,0,1,1,1,0,1,1,0,1,0,0,1,0,1,1,1,1,1,0,1,1,1,0,1,1,0,1,1,0,1,1,1,1,0,0,1,0,1,1,1,1,1,1,1,1,0,1,0,1,0,0,0,1,0,0,1,0,0,0,0,0,0,1,1,0,1,0,0,1,0,0,1,1,0,1,0,0,1,0,0,0,0,4.517563235089894,0.6224164536564449,0.8234644618479441,-1.260960983663116,-2.5139677059683434,0.0,3.6253705484237218,3.1506061146199986,-0.4040648237002726,0.0,0.8127059349640158,-0.7999545690720049,-2.4945332117396903,-1.7737383035841228,0.0,2.487260568130208,-1.2087297914376702,-0.830543720570043,-0.1746097608088834,-1.1293812871936095,3.212504766934232,-1.1105427578070777,1.095796511261914,3.6583347893980847,1.597828912552162,0.0,-1.2108138491562002,-1.3168442434879826,0.1213038219707731,0.0,2.2553710719666724,-2.0451379736612134,0.0,-1.2234102368418858,0.0,0.0,-1.8005495610347797,0.0,-0.6166344332497251,0.8771965769103534,0.0097794543121361,2.631356586918312,-1.7535925779470083,0.0,0.0600634165694167,-1.674993027045016,4.46256756632616,0.0,-1.9951535974661765,-1.5326053186474604,0.0,-3.2851686746656554,-3.879991102714615,0.0,0.1790092808468488,-2.457568017506219,0.7537307870103944,1.4182760953509237,0.0,0.0,0.5166028248979575,0.0,0.1813164861155798,-2.9211407564216643,0.9679022715830192,-2.5208170478139182,1.398976376844245,-2.262558477478806,-0.7701242097473442,-1.4854459168015268,0.0,-3.2578694361780176,0.0,-2.979204557376425,0.0,0.0,0.0,2.2209575533653583,0.0,0.0,2.545717754248823,0.0,0.0,0.0,0.0,0.0,0.0,-1.8259531286349189,-2.0932609818915617,0.0,2.6588986491193007,0.0,0.0,1.227210296481708,0.0,0.0,5.217163342994777,1.13137970677704,0.0,1.004329884420284,0.0,0.0,1.1669019394042643,0.0,0.0,0.0,0.0
CCMD54057834ST-11-0,1,1,1,1,1,1,0,1,1,0,1,1,1,1,0,1,1,1,1,0,1,1,1,1,1,0,1,1,1,1,1,1,1,1,0,0,1,1,1,0,1,1,0,1,1,0,1,1,1,1,0,1,1,1,1,1,1,1,0,1,1,1,0,1,1,1,1,1,1,0,0,1,0,1,0,1,1,1,0,0,0,1,0,0,0,0,1,1,1,0,0,0,0,0,1,0,1,1,0,1,0,0,0,0,0,0,0,4.265228626634551,-1.053582161272104,0.967714371313494,3.8157369047984098,2.52665867239828,0.7509293587500965,0.0,3.979488639706104,1.860143263488644,0.0,1.6708314537103974,1.2927908545148383,2.020066634731055,1.5159475377191869,0.0,3.607414161770475,-3.8809815354629,-2.1407696517871475,1.213426402219504,0.0,-1.1779681524481185,2.016021022749762,-0.7486428917325603,-4.694088031101825,3.3632128532977665,0.0,-3.665402756912464,-0.3484169370651908,-0.3547062659727549,-3.934565781597007,1.3085717844094669,0.894090404708201,-1.5600156837472172,0.0177359515426465,0.0,0.0,2.2169103493502016,-2.4563029313346947,1.4648277063272657,0.0,-2.2401573092081293,2.980295686976444,0.0,2.435633636021508,1.984064975361504,0.0,2.019979377810931,-4.211097206329278,2.4941272252412428,3.971446280193765,0.0,-5.664082941947841,-5.317806705230007,4.249137266676571,2.0922747648225,-1.6766965950364183,4.044462018403244,1.879829446581816,0.0,-2.7528573477684706,-5.04239472537004,-5.380720530640576,0.0,-1.849406671453967,0.7181122555587627,-1.2190005659457046,1.1134065424960653,0.0275571458826351,-0.3514716700303311,0.0,0.0,-3.735564535604397,0.0,-0.7481373305488901,0.0,0.914185987013909,-1.0665278844870014,1.4067290529335217,0.0,0.0,0.0,-1.1750592005277267,0.0,0.0,0.0,0.0,-1.5529264721487963,-1.5095195197326852,-0.0497599795864032,0.0,0.0,0.0,0.0,0.0,-0.5135857604461094,0.0,-3.875201172547401,1.4668848514877355,0.0,1.3815434374216635,0.0,0.0,0.0,0.0,0.0,0.0,0.0
CCMD59583015ST-11-0,1,1,1,0,1,1,0,1,1,0,1,1,1,1,1,1,1,1,1,1,1,1,1,1,1,0,1,1,1,0,1,1,1,1,1,1,1,1,1,1,1,1,0,1,1,1,1,1,0,1,0,1,1,1,0,1,1,1,0,0,0,1,1,1,1,1,1,1,1,0,1,0,0,1,0,1,0,1,0,1,1,1,1,0,1,1,1,0,1,0,0,1,0,1,0,1,0,0,0,1,0,0,0,0,0,0,0,4.651328434448111,-1.3905190068235682,0.9399894980252356,0.0,3.564181580424973,2.3160764741931943,0.0,3.883602693490465,2.335699590470133,0.0,1.7468487459533786,2.3118242544137826,1.5331893848298077,1.4228354495634472,-0.0296266049920617,2.169292989800254,-0.9038938523540136,0.4870367189786462,1.0856765814056248,-4.44068320845366,-4.302213534188555,1.2597438079603307,0.0051661900269952,3.2868213698681576,2.6813686820296727,0.0,2.47140918628338,0.3398952536327155,-0.6021895155215526,0.0,1.9024138880924697,0.7511729268603655,1.2005741184080712,0.478068372026742,3.64662689039187,0.1986970624669184,0.6283455267679785,-1.864750972178825,0.1362199148953662,-2.6867592735683083,-1.0404764162732003,-2.7413502919030104,0.0,3.430089547342618,-1.0546162176862142,0.4106506496653825,0.675114561889933,-3.893878983652437,0.0,3.808743130963373,0.0,-0.3463386462315587,-2.593554603958129,-3.226858107684712,0.0,-2.249527615262636,-1.386541928239493,0.8816503768044822,0.0,0.0,0.0,-0.3501412464984925,-4.667546540870401,-3.9141401687922586,0.9822802774904488,-2.3869403545951307,-1.132817766583723,-1.6493966234784998,-3.7206723856241655,0.0,-3.094798385671645,0.0,0.0,-2.6739877078888203,0.0,1.2778903272378206,0.0,-1.1875494597743064,0.0,0.2266712444404632,1.0088030275750262,-0.8655879889381044,1.766042419617363,0.0,1.2808127393318471,-1.0245809566464956,-3.7327937461565104,0.0,-0.5494692772135572,0.0,0.0,-1.7886272767060245,0.0,1.0493994311417985,0.0,3.0887392014421,0.0,0.0,0.0,0.1718361437593252,0.0,0.0,0.0,0.0,0.0,0.0,0.0
CCMD65222621ST-11-0,1,1,1,0,1,1,0,1,1,1,1,1,1,1,0,1,1,1,1,1,1,1,0,1,1,0,1,1,1,1,1,1,1,1,1,0,0,1,0,1,1,1,0,1,1,0,1,1,1,1,0,1,1,1,1,1,1,1,0,1,1,1,1,0,1,1,0,1,1,1,1,1,0,0,0,1,0,1,0,1,1,1,0,0,0,0,1,1,0,1,0,0,1,1,1,1,0,1,0,1,0,1,0,1,0,0,0,4.158133383325811,-0.8575009056259886,0.2416272458340616,0.0,2.2200439924272493,1.732557855156774,0.0,-2.255533334205328,0.1188230960794418,0.5433922549150549,2.706373962463802,1.5869872034765686,0.1236557527015578,-0.15022443677506,0.0,1.994392897259485,-2.253126594174764,-3.7173824967643663,0.6754740554651076,-3.117883675933736,3.031269804541153,0.7317051376032332,0.0,-1.059641284179236,-0.3872591527929863,0.0,-0.2181067674402725,1.1366273553335575,0.9507917696758352,1.1228022879521151,-3.635582178987488,-1.187256052562226,-3.128210790089585,-1.3007635914184583,2.874334012149903,0.0,0.0,-2.7464775874174903,0.0,1.482388690545575,1.1775206716741051,4.218352899843372,0.0,0.0060791505171422,0.1710803107828316,0.0,0.6214154033586958,-2.355287107101919,-4.923436467294127,0.8633117891162436,0.0,-0.9013141918609808,-3.393462726214273,3.756264056330416,1.2503930384437147,1.719421480603323,1.6923404865078095,2.870639906939733,0.0,-0.520790545417509,-0.5896923131828105,-0.7668346298317055,3.027217720383023,0.0,1.2038571779124456,0.6427587819082909,0.0,1.381037725827243,1.5920166901061272,-3.506370447507482,-3.9797467612318567,1.2599245990726176,0.0,0.0,0.0,-4.667503093156926,0.0,4.405555081912989,0.0,-0.2498939726987743,0.6513018863557211,-1.030341471751499,0.0,0.0,0.0,0.0,-0.3998379349998464,0.2527917305000342,0.0,-0.2379671962435796,0.0,0.0,-5.536540940180536,1.3440671135488451,1.18676744816178,-0.2205599845850683,0.0,1.758698236748904,0.0,1.1069649652987126,0.0,-4.769285787466869,0.0,-1.5273446896676717,0.0,0.0,0.0
CCMD65406197ST-11-0,1,1,1,0,1,1,0,1,1,0,1,1,1,1,0,1,1,1,1,1,0,1,1,0,1,0,1,1,1,1,1,0,1,0,0,0,1,1,1,0,1,1,0,1,0,0,1,1,1,1,0,1,1,0,0,1,1,1,0,1,0,1,1,0,1,1,1,1,0,1,1,0,0,1,1,0,0,0,0,1,1,0,0,0,0,0,1,1,0,0,0,1,1,0,0,1,0,0,0,0,0,0,0,1,0,0,0,0.0624090219620412,-1.0479118437374957,0.7188494728765615,0.0,2.522296988844646,2.6934555545748,0.0,2.105072965790026,-1.224625862824479,0.0,1.85027627275676,1.6924598644165745,0.6438209133143737,-1.584529631048492,0.0,2.205965035952392,-0.459001521119565,-0.4605676200117445,-0.3653119209327813,-3.011055144721671,0.0,-3.2140255225271908,0.5173879185666933,0.0,-0.6064701678122093,0.0,-0.6287999883330853,2.371389447585289,-0.498765484858231,-1.2692530888554976,-1.1028918145214155,0.0,-2.6369894764637505,0.0,0.0,0.0,-1.0010865070325117,0.6278513727804358,-3.974513023072205,0.0,1.9110189493585503,2.735702704208421,0.0,3.471241742761553,0.0,0.0,1.44111943340538,3.8047577560719046,3.205361123056312,-1.074299929489725,0.0,-0.8249175944366518,-1.537429512912559,0.0,0.0,3.064994008638805,0.5478306563065395,1.936359129708496,0.0,-2.7683753810367264,0.0,-1.5711444364908385,1.2102576777564784,0.0,1.073823611892135,0.4356549258678993,0.1908313393359796,1.6224745858710246,0.0,-0.7639690252998044,1.530289791974697,0.0,0.0,-3.8028257254875504,-2.729742992334598,0.0,0.0,0.0,0.0,1.060799781182176,-1.6973251251938364,0.0,0.0,0.0,0.0,0.0,-2.842412064650051,-0.7896455133453284,0.0,0.0,0.0,-1.112931528969599,-0.0056825425688975,0.0,0.0,0.973686800083259,0.0,0.0,0.0,0.0,0.0,0.0,0.0,-3.62093885681172,0.0,0.0,0.0
CCMD66848156ST-11-0,1,1,1,0,1,1,0,1,1,0,1,1,1,1,1,1,1,1,1,1,1,1,1,1,1,0,1,1,1,1,1,1,1,1,1,0,1,1,1,1,1,1,0,1,1,0,1,0,0,1,0,0,1,0,1,1,1,1,1,1,0,0,1,1,1,1,1,1,1,0,1,1,1,0,0,0,0,0,1,0,1,0,0,0,1,0,1,1,1,0,0,0,0,1,0,1,1,1,0,1,0,0,0,0,0,0,0,3.9784448280401694,-5.277818072832935,0.3187606821974288,0.0,1.5139305248017867,2.636332106542229,0.0,3.043286831482217,1.0583350635561493,0.0,2.3077353470060045,0.9563625902745256,0.7243156130439343,-0.8284199922041513,-1.704907658203639,3.192949698101708,-0.6734303157675636,-0.4667698488286085,-0.284766640264825,-4.788450076405408,0.0236507472457894,2.2288350964763914,-0.7081303445930984,1.7065257384339376,-0.1171266633453476,0.0,2.138758588126911,-1.3305573510667077,-0.5693957374814314,-1.519480306218292,1.6623989881479957,0.6373293598518182,-0.8431512858288763,-1.824908490123469,1.0603416176526406,0.0,-1.4111665010929084,-2.496538178207455,-0.3581634245883565,-1.867537303107576,0.1262172873694957,0.7534444810115654,0.0,2.3635827534485863,-2.639159865154725,0.0,1.020031736474875,0.0,0.0,3.281981798933586,0.0,0.0,-2.37357646707262,0.0,1.3070119002462357,1.1868050376791666,0.5891088339774819,1.6121145169227318,-0.1485145566576757,-2.297568163427321,0.0,0.0,2.512314057240657,1.467260525136028,1.005001959076377,-2.644362998766346,0.8053315030364642,-0.1100994520082534,-0.1980459076864433,0.0,-0.9298856495020296,-0.6214663305433359,1.0055757992828471,0.0,0.0,0.0,0.0,0.0,-1.5893577009350923,0.0,-1.101455960068195,0.0,0.0,0.0,-2.3908661845841763,0.0,-0.9345206520061782,-1.6047047110576746,2.38765782343828,0.0,0.0,0.0,0.0,0.7443978178548005,0.0,-1.004260442487147,-4.446610664177455,0.7904781877853209,0.0,-0.0414355436008162,0.0,0.0,0.0,0.0,0.0,0.0,0.0
CCMD68973846ST-11-0,1,1,1,0,1,1,0,1,1,0,1,1,1,1,0,1,1,1,1,1,0,0,1,0,1,0,1,1,1,0,1,1,1,1,1,0,0,1,0,1,1,1,0,0,0,0,1,0,0,0,0,1,0,1,1,1,1,1,0,1,1,1,0,0,1,1,1,1,1,0,0,1,1,0,0,0,1,1,1,0,0,0,0,0,0,0,1,0,1,1,0,0,0,1,1,0,1,1,0,0,0,0,1,0,0,0,0,3.514522056041187,-2.5776147136694814,0.5067132818323187,0.0,1.6155408225697885,-1.8223312614450493,0.0,2.932295592454744,0.1009325911945719,0.0,1.5049763648558974,1.4201995185302698,0.4512920489541748,-0.0336412969291555,0.0,3.488278024802708,-1.404335533410649,-4.655194404131901,0.2915370879848745,-2.9547847134920744,0.0,0.0,0.4220605773057504,0.0,1.549790155272949,0.0,2.9792349337299626,-1.97981498531924,0.4570443567444686,0.0,-0.0285598071092809,1.720499454434164,-1.0629504123833076,-0.6044970040159954,0.770594363660783,0.0,0.0,-1.628834782467724,0.0,-0.2117731360533652,-3.7026635872426015,2.010781203106083,0.0,0.0,0.0,0.0,0.1810402605850104,0.0,0.0,0.0,0.0,-2.5750090914992203,0.0,2.8578911592719014,0.9424225572214542,2.301954598337692,1.6149216065899932,0.2809696039568988,0.0,-1.8020479969520309,-3.1497951300977105,-4.233980939055598,0.0,0.0,1.57983471110989,-2.469946017842397,-0.3467950879134704,0.1754261941289675,-1.091125972434002,0.0,0.0,-0.75611190997949,0.0659582556746385,0.0,0.0,0.0,-1.3128375224926792,1.2238244010931183,-0.1768772802707001,0.0,0.0,0.0,0.0,0.0,0.0,0.0,-0.1751893452267681,0.0,-0.2403059446189408,-1.2236102382424587,0.0,0.0,0.0,-0.4870076363614113,-0.7877205686159325,0.0,4.187293137192803,1.1003405848510577,0.0,0.0,0.0,0.0,1.2471868157845314,0.0,0.0,0.0,0.0
CCMD71242853ST-11-0,1,1,1,0,0,1,0,0,1,0,1,0,0,1,0,1,1,0,1,0,0,1,1,0,1,0,1,1,1,1,1,1,1,1,1,1,1,1,1,1,1,1,0,1,1,0,0,1,0,1,0,1,1,0,1,1,1,0,0,1,0,1,0,0,1,1,1,0,1,1,0,1,1,0,1,0,1,1,1,1,1,0,0,0,1,1,1,1,0,1,0,0,1,1,0,0,0,1,0,0,0,0,1,0,0,0,0,3.853058204619844,-3.7486475342653023,0.0692721100296525,0.0,0.0,0.3355542829385529,0.0,0.0,0.1040878625214627,0.0,1.5027184567791887,0.0,0.0,-0.8918027998966214,0.0,3.5543677267927416,-0.357795072445539,0.0,-0.545677992200329,0.0,0.0,2.295145791514476,-2.970850252901407,0.0,1.1093682113973533,0.0,3.682076832968112,-1.7056689338450866,0.75769686544726,-0.5155339267343286,-2.996390348223306,0.2390651371356651,-1.8381525576448885,0.7835276633505277,2.4838543988157054,1.6520034731172304,-0.4049920523345047,-1.3929526159573078,0.7814219716657458,-1.3914897957045838,2.8203068984728814,3.186307357324975,0.0,1.7476626901172634,1.2032945192664586,0.0,0.0,-0.0420023019993434,0.0,3.68496122045214,0.0,-2.195299088482245,-3.608065583644113,0.0,1.107514939309299,2.6221195176471657,4.284258408352586,0.0,0.0,-0.1821392409554729,0.0,-2.50697251970224,0.0,0.0,0.7342096456684878,0.0118742230295094,0.9721306536100256,0.0,-1.530302051120944,-1.894012589802134,0.0,-4.969340243802341,0.834936273252986,0.0,-5.196853794787669,0.0,-1.040482988642928,2.2465792235852864,1.5045235357363445,-1.1343992170555317,2.2211955798631102,0.0,0.0,0.0,-1.902098887233492,0.9532041035966364,-2.9747981459089914,-3.5210542066544823,0.0,0.2270023418820002,0.0,0.0,-5.605975214098944,0.5981162392983215,0.0,0.0,0.0,0.9503347506626914,0.0,0.0,0.0,0.0,1.949998845822388,0.0,0.0,0.0,0.0
CCMD71915439ST-11-0,1,0,1,0,1,1,0,1,1,0,1,1,1,1,0,0,1,1,1,0,1,1,1,1,1,0,1,1,1,0,1,0,1,1,1,0,1,1,1,1,1,1,0,1,1,0,1,1,0,0,0,1,1,0,1,1,1,0,0,1,0,1,1,0,1,1,1,0,0,1,0,1,0,1,1,0,1,1,0,0,1,0,0,0,1,1,1,0,1,0,0,1,1,1,0,0,0,0,0,0,0,0,0,1,0,0,0,2.180094769579089,0.0,-0.79814913471454,0.0,1.6175563813485454,2.126522219186572,0.0,-6.080544969127324,0.4061353633229014,0.0,-1.4840486562840105,0.7701829034757934,2.9699733682180804,-0.0002477878591893,0.0,0.0,-1.2525949343203937,-3.853467428641423,0.5261973504186221,0.0,-1.3417581668736198,1.006040931935602,-0.4308507597338655,-0.3767624944711225,-0.4010707112540599,0.0,1.7093706237399986,1.420574823935877,-1.1256786802148595,0.0,1.2618958281520352,0.0,-1.8191463222420563,-0.0489313811543401,2.3172860996215325,0.0,-0.9233199750387392,-0.8926514201936602,-2.013851938235733,-1.6352234840811284,4.263774104103262,-2.09874152363791,0.0,2.567150030353072,3.38320359726681,0.0,1.3245361290140454,-0.6505018163540583,0.0,0.0,0.0,-2.6665510259436416,-1.9508478881895035,0.0,1.7421637843623996,4.616400848132209,0.7322750597555618,0.0,0.0,0.1530632956679543,0.0,-3.582467856149578,0.8707268526352211,0.0,3.160029175834211,0.8151607316684492,0.197976455038521,0.0,0.0,-0.6694063511899055,0.0,0.8504828458774364,0.0,-1.107108191778177,0.2059185663952962,0.0,1.1475960577239894,-7.299785245584049,0.0,0.0,-3.3740110685430778,0.0,0.0,0.0,-0.9561752279006844,1.4969841776201127,-1.4381227898605855,0.0,1.8391169599145176,0.0,0.0,-0.66585970917868,-1.88779584608615,2.3596199061626013,0.0,0.0,0.0,0.0,0.0,0.0,0.0,0.0,0.0,2.787663544375748,0.0,0.0,0.0
CCMD72666896ST-11-0,1,1,1,1,1,1,0,1,0,0,0,0,1,1,0,1,1,0,1,1,0,0,1,1,0,0,0,1,1,1,1,1,1,0,1,0,0,1,0,0,0,0,0,1,0,0,0,1,0,1,0,1,1,0,0,0,0,1,0,1,0,1,1,0,1,1,1,0,1,1,0,0,0,1,0,0,0,0,0,0,1,1,1,1,0,0,1,0,0,0,0,1,1,1,0,0,0,0,0,0,0,1,0,0,0,0,0,-0.7033001166374426,-1.5246528452327035,1.2402941902547255,4.641122608303887,2.530455128521928,2.7501259351308533,0.0,2.425880027122213,0.0,0.0,0.0,0.0,-0.992086351894758,1.6834798342457848,0.0,1.6546717889983795,1.3455745454882275,0.0,1.0840756737427903,-1.227741562243765,0.0,0.0,0.12478449824561,-0.2720267411733255,0.0,0.0,0.0,0.762819304646842,-1.6743655974538918,-0.5127658229767542,-2.0776870820188043,0.9380787196604864,-1.4731748135649865,0.0,4.140831988123878,0.0,0.0,0.8625103487747463,0.0,0.0,0.0,0.0,0.0,-5.108034937982135,0.0,0.0,0.0,-1.2598807272694572,0.0,-6.31036705285061,0.0,-1.190607841779976,-0.3865496788724489,0.0,0.0,0.0,0.0,1.3639229789042346,0.0,2.1598101373428777,0.0,-2.5366644064275965,1.3534101469719744,0.0,2.3773046181073845,0.4519454240869779,-0.0629902846583425,0.0,1.4259973117263822,-1.5220559736851615,0.0,0.0,0.0,-3.0908357051795194,0.0,0.0,0.0,0.0,0.0,0.0,-1.0132799509646149,0.2467372561402873,1.9353787802010216,-0.4921830883762632,0.0,0.0,-1.2018417005593924,0.0,0.0,0.0,0.0,-0.6712542554735546,-3.4694687526250103,0.7754795365612879,0.0,0.0,0.0,0.0,0.0,0.0,0.0,0.4991245085977459,0.0,0.0,0.0,0.0,0.0
CCMD73128545ST-11-0,1,1,1,0,1,0,0,1,0,0,1,0,1,1,0,1,1,1,1,1,0,0,1,1,1,0,1,1,1,1,1,1,1,1,0,0,1,1,1,1,1,1,0,0,1,0,1,0,1,1,0,1,1,0,1,1,1,1,0,1,0,1,1,1,1,1,1,1,1,1,0,1,0,0,1,0,1,1,1,0,1,1,0,0,1,1,1,1,0,1,0,0,1,1,1,1,0,1,0,1,0,0,0,0,0,0,0,3.1364316613869763,-2.1284000866608745,1.9877432840567149,0.0,-0.6549645542750995,0.0,0.0,3.885493701640896,0.0,0.0,0.832360716678332,0.0,0.1776906075711217,-1.123334217418707,0.0,3.264456069844468,-1.1031190710783143,-0.479044581757849,0.4169479172806268,-1.8770541915538672,0.0,0.0,-0.1553107728402822,2.072807684888696,2.4560644305970465,0.0,3.7386727087454807,0.6807193627005791,1.138502303604045,-0.2934990269529896,-0.535639698245123,-0.5231055521781369,-2.5347151735707434,-2.8546581082407454,0.0,0.0,0.2093837432990644,-2.076526388664191,1.352277789895164,0.6652586387342159,1.6618344207994484,2.993905426637067,0.0,0.0,1.2073987169059046,0.0,3.134074372935028,0.0,1.1139311503067406,1.4800884919355046,0.0,-0.1139314094644052,-6.447588880879202,0.0,1.3209624127777682,-1.1617964331893282,-3.657860648762725,-3.3889817032740406,0.0,-0.3932494297200493,0.0,-0.0141016299292582,-2.3668111101058726,0.1866529780960515,2.6085334331133403,-1.0679857170932547,0.4571832294725259,-3.093587190553321,-1.2592526175592686,-1.6666790350239764,0.0,0.1158464271331145,0.0,0.0,-2.438709502837724,0.0,1.2019821548936858,2.4890506566673096,0.6619428649532224,0.0,-0.553361901710206,-3.1085687441689385,0.0,0.0,1.709501004072504,-0.2639226683775586,-1.5401100713218532,-1.2485042710078351,0.0,1.1378218588045246,0.0,0.0,-2.943374152167784,1.475065539684722,0.337758321713527,2.696779886848571,0.0,-1.9159049291037,0.0,0.9785295010132372,0.0,0.0,0.0,0.0,0.0,0.0,0.0
CCMD75147712ST-11-0,1,1,1,0,0,1,0,0,1,0,1,1,1,1,0,1,1,0,0,1,0,0,0,1,1,0,0,0,1,0,1,0,0,1,0,0,0,1,0,0,1,0,1,0,0,0,0,1,0,1,0,0,0,0,1,0,0,0,0,0,0,0,0,0,0,0,0,0,0,1,0,0,0,0,1,0,1,0,0,0,0,0,0,1,1,1,1,0,0,0,0,0,1,0,0,0,1,0,0,1,0,0,0,0,0,0,0,-2.105021098605788,-1.94977716405064,0.4640427653362895,0.0,0.0,-4.333352383074262,0.0,0.0,-0.5148591527905084,0.0,1.81468036614944,1.1213001408590508,-0.1493866348956138,-4.897718773768283,0.0,5.762094767411903,-1.2843264475344738,0.0,0.0,-2.533725052645593,0.0,0.0,0.0,2.4023488267437187,2.1929134632995098,0.0,0.0,0.0,-0.307493035166013,0.0,4.181630785100263,0.0,0.0,-1.3197708803616277,0.0,0.0,0.0,1.2946096319628282,0.0,0.0,0.2995343902927336,0.0,-3.564913097599378,0.0,0.0,0.0,0.0,0.8544040284462966,0.0,2.2057814527102524,0.0,0.0,0.0,0.0,4.865734861910981,0.0,0.0,0.0,0.0,0.0,0.0,0.0,0.0,0.0,0.0,0.0,0.0,0.0,0.0,-1.5729825582006038,0.0,0.0,0.0,0.0,1.9334523930310823,0.0,-3.1143275542107443,0.0,0.0,0.0,0.0,0.0,0.0,-0.677843489098972,2.984319377355548,-0.143266885064436,-1.93934228675806,0.0,0.0,0.0,0.0,0.0,-3.306784332898742,0.0,0.0,0.0,-0.4709777298588016,0.0,0.0,1.8090213059726463,0.0,0.0,0.0,0.0,0.0,0.0,0.0
CCMD76222476ST-11-0,1,1,1,1,1,1,0,1,1,0,1,1,1,1,0,1,1,1,1,1,0,1,1,1,1,0,1,1,1,1,0,1,0,1,1,1,1,1,1,0,1,1,0,1,1,0,1,1,1,1,1,0,0,1,1,1,1,1,0,0,0,0,0,0,1,0,1,1,1,0,1,1,0,0,0,1,1,0,0,0,1,1,1,0,0,0,1,1,1,1,1,0,0,1,1,1,1,1,0,0,0,0,1,0,0,0,0,4.379984192405795,-2.338156429472984,-0.5368909114178289,0.9299312196715162,1.9110869304336249,0.0394314182021198,0.0,1.815275862906942,1.23644685732951,0.0,0.2366076800440532,0.8553347923492838,1.5444839665843748,-0.2315545308777531,0.0,1.131019641775224,-1.2669297152864418,-0.0420175390033934,0.876972877995821,-0.8460819591161268,0.0,1.5927777984349398,-2.5149937756676586,0.3804504915496849,2.04052162376811,0.0,1.5854118285958267,-1.2446706210557306,0.4806175924773953,-2.371409456519415,0.0,0.1443595211649846,0.0,-0.0403584639208176,1.9466569856632727,1.9260754111541112,-1.0660246758062013,-0.2998158044695456,-0.6250497354639353,0.0,-2.557688564799977,-1.899574769793794,0.0,-3.786233825513076,-1.1325063061500238,0.0,-3.152711151288273,-1.3712441193554057,-1.3206003865366505,2.678657518362716,1.4902521330162612,0.0,0.0,2.5497261925053936,1.624455135823857,0.1431257147160561,-1.1325063061500238,0.0549120572124641,0.0,0.0,0.0,0.0,0.0,0.0,0.8503228472629595,0.0,-0.3101605283114013,-0.6849440113769687,-0.9720352418617828,0.0,-1.020906626104431,-4.141853731548423,0.0,0.0,0.0,1.8496108155595588,-0.8862613402113044,0.0,0.0,0.0,-0.4252428643289612,0.6520031820715821,0.0943900152943297,0.0,0.0,0.0,-0.3313711700865267,-3.179874132990745,0.3363614316906893,0.6809050625276403,0.2807277266335852,0.0,0.0,0.5370829171182053,1.877355049095723,2.1960632123357624,2.825158129599513,0.7437535403220596,0.0,0.0,0.0,0.0,-4.788640679169349,0.0,0.0,0.0,0.0
CCMD76409700ST-11-0,1,0,1,1,1,1,1,1,1,1,1,1,1,1,0,1,1,1,1,0,1,1,1,1,1,0,1,1,1,1,1,1,1,1,1,0,1,0,1,1,1,1,0,1,1,1,1,1,1,1,0,1,1,1,0,1,1,0,1,0,1,1,1,1,1,1,1,1,1,1,1,1,0,1,0,0,0,1,0,1,1,0,0,0,1,1,1,1,0,1,0,1,0,1,0,1,1,0,0,0,0,0,0,0,0,0,0,3.709891204803325,0.0,1.3113467683619076,-4.861915319125106,1.1762347004234543,1.6308471508733122,-5.321447648503546,3.688591609912441,0.2284207438483985,-0.9882806248549184,1.2907676045258325,0.7756482109268688,1.0415804550369188,1.3969390796229184,0.0,2.629942132545983,-1.5704196798215382,0.2130026154208333,0.6006519340899353,0.0,4.733993728093866,-0.8851345183561203,0.2076139405656094,0.3714111822778334,0.2255366117748971,0.0,0.3878136172897843,0.1384530247985946,-0.7212900043389994,0.4852200586008994,0.730815797172793,1.312735420618094,-3.459667030062974,-0.3749229835645991,3.0129838892903327,0.0,-0.0157501746578869,0.0,1.4912437166446089,-0.3025135515925954,0.6515605868408704,1.7851433099950125,0.0,3.570294421719086,0.2163604053562238,-4.710274050903274,2.9875042876329854,-3.066264794404084,0.4153038443887227,1.0272865730633147,0.0,-1.058246259064492,-1.1177228826274688,3.26303375241209,0.0,0.5227138620370598,1.107360422693727,0.0,-0.3659466743173116,0.0,1.623995830902546,-0.8807591011810787,-0.0455084453213463,-1.0451674063975462,0.4904138654964278,-3.9010202810141967,-0.2301430624519114,0.471114186663065,-0.3827195212407399,-2.773740097476515,-2.880712217028683,-0.721755402029719,0.0,-2.169582533918306,0.0,0.0,0.0,2.6340164123298617,0.0,1.703464956015928,0.067539518292313,0.0,0.0,0.0,0.2331972797125518,-3.749750064052293,-6.033286962075644,-0.1335446993508573,0.0,-0.6877080024421194,0.0,-0.5150766045839619,0.0,1.0773783556539662,0.0,1.2852275624065737,-2.954324034371929,0.0,0.0,0.0,0.0,0.0,0.0,0.0,0.0,0.0,0.0
CCMD79349503ST-11-0,1,1,1,1,1,1,0,0,1,0,1,1,1,1,0,1,0,1,1,1,1,0,1,1,1,0,0,1,0,1,0,1,1,1,0,0,0,1,1,1,1,1,0,0,0,0,1,1,1,1,0,1,1,0,1,1,1,1,1,0,1,1,0,0,1,1,1,0,1,0,0,1,1,1,0,0,0,0,0,1,1,0,1,0,0,0,1,0,1,1,0,0,0,1,0,0,0,0,0,0,0,0,1,0,0,0,0,3.541743276405138,-1.45560001831815,-0.7432461013682328,0.1962854574393293,0.5116524599321347,1.3725738417395927,0.0,0.0,-0.3605277091713492,0.0,1.7799886303971462,1.136456108360674,-0.9438956598734708,-1.5251933101173454,0.0,3.2218709856949483,0.0,0.1318262352986674,0.0920587599526903,-3.58365074507001,3.931093985458384,0.0,0.5548371087293424,1.934137857197495,0.6968384343377957,0.0,0.0,-1.3743149818640648,0.0,0.3705535911483915,0.0,1.6737088957054425,1.1618854589343264,-0.5462369116744858,0.0,0.0,0.0,-3.9108286318488825,0.5941217514748546,-2.576303264800452,0.7743657259597707,1.923004032467596,0.0,0.0,0.0,0.0,3.352128367857164,-2.759418157613802,2.3950425852582726,3.3468376526717205,0.0,-1.5744825593079503,-4.448105441702044,0.0,1.407180618797621,3.219483279256135,2.7818752657163808,0.7444504124194105,-2.16215274875714,0.0,0.7844905738567327,-1.431459373506875,0.0,0.0,-0.0694995997272316,-1.6241831552669943,-0.2602095088292511,0.0,0.3543299287346759,0.0,0.0,-1.200071255082182,-2.757990605622617,-2.3580885731346384,0.0,0.0,0.0,0.0,0.0,0.8709742693518379,-3.2359190388387185,0.0,0.227681725745378,0.0,0.0,0.0,-1.7846788392394806,0.0,-0.2517177158249382,-4.634559235780909,0.0,0.0,0.0,1.1063115638434988,0.0,0.0,0.0,0.0,0.0,0.0,0.0,0.0,1.382544302198667,0.0,0.0,0.0,0.0
CCMD85481373ST-11-0,1,1,1,1,1,1,0,1,1,0,1,1,1,1,0,1,1,1,1,1,0,1,1,1,1,1,1,1,1,1,1,1,1,1,1,0,0,1,1,1,1,1,0,1,1,0,1,0,0,1,0,1,0,1,1,1,1,1,1,1,1,1,1,1,1,1,1,1,1,0,1,1,0,0,0,0,1,1,0,1,1,1,0,0,0,0,1,1,1,0,0,0,0,1,1,1,0,0,0,0,0,0,0,0,1,1,1,3.3837314637053857,-2.3043455396281094,-0.6072524110163027,2.1187820327501257,1.002093400244594,0.8004961045070206,0.0,2.623017415740778,-0.0445085802352447,0.0,1.3247468894780838,0.336684619394443,-0.2380277533873644,-1.907610437003954,0.0,0.4388125923831012,-0.1267204475879719,-0.7623532917529585,-1.1888074536109228,-2.278297555309132,0.0,1.6238884278140504,0.7976328140004423,2.3635560455321176,2.452011466093981,0.8996669944489923,-1.294946232864696,-3.670424626748524,-0.7401508375984591,-2.864432692172778,-0.3456810257382918,-0.4475175295215632,-1.5590179308104646,-1.4918457107837677,0.0029722885323257,0.0,0.0,-2.5055050619156365,-0.0160945474878242,-1.7420852554069008,0.3314751047609513,2.460477865082773,0.0,2.053196695932984,-0.7488003253482551,0.0,2.8673889940984303,0.0,0.0,2.8494925233083777,0.0,-1.448467387962319,0.0,3.013524935923736,0.087074065841852,1.9904254932224048,0.9169276605732396,0.1556164760776257,-2.580884565252725,-3.804659996874841,0.9173287535569828,-1.2102465097362471,0.1202097126123791,-1.4007648337343803,0.6225789806205886,-2.0235200964742464,0.4040606563264056,-2.078879835828473,-0.7320971027913623,0.0,4.16213186504225,-1.398984568767752,0.0,0.0,0.0,0.0,-1.6075919263078586,-2.853491663994569,0.0,-0.414129634750729,0.151015921816671,0.3263062014043335,0.0,0.0,0.0,0.0,-2.8356966406361126,0.2964923257870717,0.3015157089871142,0.0,0.0,0.0,0.0,-0.298214781959621,-0.1926767972633378,2.302522857996078,0.0,0.0,0.0,0.0,0.0,0.0,0.0,0.0,2.8038840932699767,1.419624150955052,1.043367990440963
CCMD89107682ST-11-0,1,1,1,1,1,1,0,1,1,0,1,1,1,1,1,1,1,1,1,1,0,1,1,1,1,0,1,1,1,1,1,1,1,1,1,0,1,1,1,0,0,1,0,1,1,1,1,0,0,1,0,1,1,0,1,0,1,0,0,0,0,1,1,0,1,1,1,1,1,1,0,0,0,1,1,0,1,0,1,0,0,1,0,0,1,1,0,0,0,0,1,0,0,1,0,0,0,0,0,1,0,0,0,0,0,0,0,4.210180350927125,0.591847921001939,2.018508980976602,1.6764903597196783,2.3083763918590834,3.0891989092857406,0.0,1.5953001687444683,0.7957111449095414,0.0,1.4014505708546592,1.6229180105848282,1.7580948209396416,2.152174914351651,2.2881272892410283,2.871838182281769,-2.2991706256109072,0.2535506655916366,-0.080650942672418,-2.086328398417815,0.0,-0.1590587927154094,0.4414690175902487,2.381816918081032,1.5485539954759888,0.0,1.812396664719631,-0.0922024364748335,-1.835397546115808,-2.618935386561062,-1.3427040706732327,-0.6988580738524608,0.9640489354695908,-0.7136977178672115,4.053988852883807,0.0,0.5292128417058416,-3.9109404473799865,-0.6015057192412785,0.0,0.0,1.7190432959387592,0.0,3.380450668718744,0.2092665215872871,-2.5613019979452183,1.3973754054283576,0.0,0.0,3.872602097986829,0.0,-3.551933594106276,-4.218269517215564,0.0,0.0515019298205277,0.0,-2.728998431793124,0.0,0.0,0.0,0.0,-3.405577186005836,2.244718667361285,0.0,1.4897368285568224,-2.114006322361914,-0.6941680003760358,-2.772907924408692,-1.3673183748739388,-1.396009185178545,0.0,0.0,0.0,-3.9648995897525614,-3.9207156962846295,0.0,-2.33152058659517,0.0,1.630757885368671,0.0,0.0,-4.134570498338917,0.0,0.0,-2.4362575775367628,0.6679936202502498,0.0,0.0,0.0,0.0,0.3870329351572187,0.0,0.0,0.1723182497603514,0.0,0.0,0.0,0.0,0.0,0.4498506272249608,0.0,0.0,0.0,0.0,0.0,0.0,0.0
CCMD89643949ST-11-0,1,1,1,1,1,0,1,1,1,0,1,1,1,1,1,1,1,1,1,0,1,1,1,1,1,1,0,1,1,0,1,1,0,1,0,0,0,0,1,1,1,1,0,0,1,0,1,0,1,1,0,1,1,0,1,1,1,1,1,1,1,1,1,1,1,1,1,1,1,0,1,1,1,0,0,1,0,1,1,0,1,0,0,0,1,0,1,0,1,0,1,0,0,0,1,1,1,0,0,0,0,0,0,0,0,0,0,4.3633005171914245,-2.3944973751403054,-0.3923406900002097,1.1415718768063443,2.7677091337975086,0.0,-1.7380572705456752,1.283958361808618,1.525229537971868,0.0,1.3553300521500609,1.321678685327611,-1.4139736055584788,-0.7178519347605992,-3.6858703697470734,1.2598747364458291,-2.2470889825764258,0.6796315925945093,-0.1213580791665369,0.0,-1.3985117240843206,-3.4338154749384446,-0.3194945030269553,2.094777119486978,1.0300656965573938,3.373899976931899,0.0,-0.1628487463964278,1.311266826123691,0.0,0.6590023034590473,-2.560940772761592,0.0,-0.380205414806483,0.0,0.0,0.0,0.0,2.9043513102206715,1.7150136131543934,-1.7578979213784285,3.534841538735825,0.0,0.0,0.6448044892970983,0.0,-0.0152680404334901,0.0,-0.4359266338029024,0.8530412982380241,0.0,-0.7653406843143489,-3.238339596353397,0.0,-0.8679365642594536,0.5065415106387103,2.1623779424475327,-2.673865499266898,-1.1548225639612193,-2.8685409192887152,-0.14246637130643,-1.526386120393702,1.823643914864552,1.4724950363735168,-0.3688600743127872,-1.792089286126708,0.6841680256147402,1.6760267251102214,-0.6171974717913686,0.0,-2.8150420119496773,-4.135635736751819,0.5573091817181317,0.0,0.0,0.8556734715365883,0.0,-3.823856112720977,-0.8167096378825462,0.0,0.4109526001653232,0.0,0.0,0.0,-1.490128372371078,0.0,-0.6023307397828463,0.0,0.8622355156193391,0.0,0.7030491211839778,0.0,0.0,0.0,1.8543119811095985,0.320249959060187,5.167111650217092,0.0,0.0,0.0,0.0,0.0,0.0,0.0,0.0,0.0,0.0
CCMD89967135ST-11-0,1,1,1,0,1,1,0,1,1,0,1,1,1,1,1,1,1,1,1,1,0,1,1,0,0,0,1,1,1,0,1,1,1,0,1,0,1,1,1,1,1,1,0,1,1,1,1,1,1,1,0,1,1,1,1,1,1,1,1,1,0,1,1,1,1,1,1,1,1,1,1,0,0,0,0,1,0,1,0,0,1,0,0,0,1,0,1,1,0,0,0,1,0,0,0,0,0,1,0,0,1,0,0,0,0,0,0,3.152986753509825,2.2319426409493377,1.0297852328489674,0.0,2.554073426911301,2.5376152633027846,0.0,1.4558008578362474,1.1197672549487558,0.0,2.77014400411378,0.4773487691565825,2.2303979371177194,1.425257825636192,0.0797498551167361,2.557622983646486,-0.6574136505261816,-0.6893021347418811,0.0619702271049122,1.3578562465350277,0.0,2.1335380505270543,-0.76702516361422,0.0,0.0,0.0,-1.808250381149667,-4.514082056660852,-0.1918039560737072,0.0,1.578724555123276,0.2811130872511751,-2.289533375050078,0.0,2.836720511781037,0.0,-0.6796762632805582,-2.077169489107643,1.0209484266586164,-2.260024004561467,-1.685441642343966,0.9933754523671204,0.0,2.9774660807876074,-1.9587677164619857,-2.381047236008024,-4.484066160720586,-2.197195289759277,-2.719096034737303,2.899898251863143,0.0,-0.4327956041933249,-3.0621244608704585,-0.9261867436049428,1.9496515571906232,-3.936815290756113,3.2851159555720653,1.598980952778594,2.246374361339172,-4.118825853922932,0.0,-1.2970916646142614,-0.167474506231313,1.5052185930082431,0.3468034473445102,-1.1519576612986606,0.6521433240328054,2.151816892822841,-0.467247315162868,-5.261296458491072,-0.9621430443365484,0.0,0.0,0.0,0.0,1.3885361395598137,0.0,0.5443844052221549,0.0,0.0,-1.029141174025075,0.0,0.0,0.0,-1.5290718798387606,0.0,0.1286027213586256,-1.4253086071752912,0.0,0.0,0.0,0.6471995649540644,0.0,0.0,0.0,0.0,0.0,-0.2619527451988879,0.0,0.0,1.1803959542407207,0.0,0.0,0.0,0.0,0.0,0.0
CCMD92404903ST-11-0,1,0,1,1,1,1,1,1,1,0,1,1,1,1,0,1,1,1,0,0,0,1,0,0,1,0,1,1,0,0,1,1,0,0,0,0,0,1,0,0,1,0,1,1,0,0,1,1,1,1,0,0,1,0,1,1,0,1,0,0,0,0,1,0,1,0,1,0,1,1,1,0,0,1,1,0,0,1,0,1,1,1,0,1,0,0,0,0,1,0,0,0,0,1,0,1,0,0,0,1,1,0,0,0,0,0,0,0.037803026967079,0.0,-3.234201363669152,-3.4655304995698013,4.571315339310381,3.101844917960106,-1.4755941017579972,4.654569292306916,-3.349270693453939,0.0,1.784553054865608,-1.882464691474896,-2.832366023611566,-4.441803936045666,0.0,3.923809208028557,-1.8533566073168253,-3.2561802703879272,0.0,0.0,0.0,-1.2135179802113876,0.0,0.0,-1.7521028736116526,0.0,2.0896301231144028,0.5574946120224431,0.0,0.0,2.346184522698155,3.829530566790415,0.0,0.0,0.0,0.0,0.0,3.357755622785886,0.0,0.0,2.581161374284779,0.0,1.7915723867697495,-1.197792137905923,0.0,0.0,-3.748656755485721,2.15843755185627,4.297907156461036,2.731373863231623,0.0,0.0,-0.6343336917887781,0.0,4.189006859975335,-0.9111744615099292,0.0,-2.623137013897687,0.0,0.0,0.0,0.0,-2.732109419871916,0.0,-2.101747911622127,0.0,2.947917229149159,0.0,-4.131649007741826,1.1905801788525223,3.821528731394301,0.0,0.0,-3.971800306799931,-4.131649007741826,0.0,0.0,6.813438056075782,0.0,3.933465341254181,-1.4515411382962111,3.3084820141566507,0.0,-3.2287812961998124,0.0,0.0,0.0,0.0,-3.223390447564936,0.0,0.0,0.0,0.0,-3.500377230899969,0.0,-4.460153074713864,0.0,0.0,0.0,3.296921829035649,-2.511600916195712,0.0,0.0,0.0,0.0,0.0,0.0
CCMD93755960ST-11-0,1,1,1,1,1,1,1,1,1,1,1,1,1,1,0,1,1,1,1,1,1,1,1,1,1,0,1,1,1,1,1,0,0,1,1,0,1,1,1,1,1,1,1,1,1,1,1,0,1,1,0,1,1,0,1,1,1,0,0,1,0,1,1,1,1,1,1,1,0,1,1,0,0,1,0,1,0,1,0,1,1,0,1,0,0,0,1,0,0,1,0,1,0,1,0,1,1,1,0,0,0,0,1,0,0,0,0,4.430405072502844,0.0901937913038688,0.2996282749657388,1.488381076545548,1.3789208108049034,2.16849934675058,3.959821760652004,3.0390561029611423,0.3911120708721831,1.3772780854028417,-0.2044099140783566,0.2971581500296443,0.6043385226430577,-0.9269168945365982,0.0,3.6764129543591872,-2.3176042576753177,-0.5266383762994031,0.251145579419993,-0.268668539580664,3.2434928400553145,0.4325122847971572,-0.7580327666161681,-0.0204599264441607,3.0998638691934026,0.0,3.8315695988822034,0.0188141631853839,0.2336687277381948,1.3921994425276845,0.8391024405344414,0.0,0.0,-1.7992865413936363,-2.7264066751980005,0.0,-0.3480418604334989,-1.3280082147159005,0.2272268220479427,-3.0570221705583824,-0.2415597215566318,3.2075717876719105,-4.736664341665732,-4.937335037127883,0.0033265124258294,-2.722117890925783,0.7046647379912556,0.0,-4.937335037127883,3.3869299571996523,0.0,0.0167414326581831,-1.481864057143847,0.0,1.6463724618068232,2.6389297919724126,0.7459556839502678,0.0,0.0,-2.7466678603378227,0.0,-1.290333417961984,2.260173696922805,-0.2605436285170179,0.3941515868900798,-2.771086387685968,0.7517429039515705,1.2383012060622152,0.0,-4.205721575740141,-2.439978970798874,0.0,0.0,-2.3382830421263234,0.0,0.7120533654625194,0.0,0.8190481557318563,0.0,1.3010789425795084,0.5633094063355193,0.0,-0.6712548903030833,0.0,0.0,0.0,-1.114965040896997,0.0,0.0,-4.135890481236801,0.0,0.1169522302467267,0.0,0.5709413057397592,0.0,2.198726911890032,-5.840638573475227,0.182809019485806,0.0,0.0,0.0,0.0,0.923153207008094,0.0,0.0,0.0,0.0
CCMD98198513ST-11-0,1,0,1,0,1,1,0,1,1,1,1,1,1,1,1,1,1,1,1,1,0,1,1,1,1,1,1,1,1,0,1,1,1,1,1,1,1,1,0,1,1,1,0,1,1,0,1,0,0,1,0,0,0,0,1,0,0,1,0,0,1,0,1,0,1,0,1,1,1,0,0,1,1,0,0,1,1,0,0,0,1,1,0,0,0,0,1,1,0,0,1,0,0,1,0,1,0,0,0,0,0,1,0,0,0,0,0,3.776322925738064,0.0,0.9055440927648926,0.0,2.255583820057832,-0.5547536646161566,0.0,3.654430065143722,0.530254457521145,1.1464806102153025,2.3236176001632645,2.1059121116307145,-0.6635976590157031,-0.7526160082645033,-0.4045425827929785,2.8759391357945416,-3.270249041174909,-1.3450606100024578,-1.609449006830087,-5.253219014614164,0.0,-0.0396040045848078,-1.5295931277418675,2.41417652787872,0.1930872296473218,1.8239233397763583,4.416438626022575,-0.3809157333488355,-0.7536474678711655,0.0,0.6115276100677985,0.1653545173583654,-4.336928282740009,-1.657277556159497,1.4374457847668405,0.0532790840240664,-1.4953466890132765,-2.5230346393446874,0.0,-0.4392360454297244,-0.8032834290163688,1.9384469483518667,0.0,1.1374889449788148,-0.5644958058077916,0.0,1.7285166773659633,0.0,0.0,3.6153631747115664,0.0,0.0,0.0,0.0,1.3900032212278446,0.0,0.0,0.5025910086085231,0.0,0.0,0.2057584119466475,0.0,2.510615860357173,0.0,0.8728700774095988,0.0,-0.5744665048053141,-1.9962219819260991,-2.228621660664001,0.0,0.0,-3.109797143270921,-0.7261648221773334,0.0,0.0,-0.2500400211943634,-3.26046422729491,0.0,0.0,0.0,-1.1737463983580347,-0.0419389994190622,0.0,0.0,0.0,0.0,-1.2194841933668374,-2.942099019170281,0.0,0.0,1.8187059734362367,0.0,0.0,0.3639156533163645,0.0,1.3632859284676728,0.0,0.0,0.0,0.0,0.0,-2.236984078733656,0.0,0.0,0.0,0.0,0.0
SAMD00115027,1,1,1,1,1,1,0,1,1,0,1,0,1,1,0,1,1,1,1,1,0,1,1,1,1,0,1,1,1,1,1,1,1,1,0,0,1,1,0,1,0,0,0,1,1,1,1,1,1,0,0,0,1,1,1,1,0,0,0,1,0,0,1,0,1,1,1,1,0,1,0,1,0,1,1,0,0,0,0,1,1,0,0,0,0,0,1,0,0,0,0,0,1,1,0,0,0,0,0,1,0,1,0,1,0,0,0,1.9310450444866047,-1.2636791227269852,0.6415787509817724,3.2351260008246,1.7076476160032532,0.1516392965826708,0.0,3.618797965365663,1.2729787631193883,0.0,1.0779092026972594,0.0,2.4314736317093826,-0.0674946812075958,0.0,2.9973846472274666,-0.6287320227678455,-3.008757688217476,-0.2326559995320716,-0.737049833787869,0.0,1.4368766607945975,-0.3747808098346359,-3.4969436365464017,0.1424998026795852,0.0,2.8047188043032487,-0.3945810117153723,-0.3138946574925318,0.0212073509235817,1.7367813847856048,-0.3077139571835983,0.0088616840807855,-1.811394517309635,0.0,0.0,0.5229047342084847,0.3005227740389958,0.0,-2.1012895449585,0.0,0.0,0.0,2.8179281575748414,-0.4349684465382364,-4.961447524258167,1.0524325578350775,-1.4764294766174575,1.979408589085692,0.0,0.0,0.0,-1.6940839240949286,3.886434773762778,1.665307016072703,0.1988840993159661,0.0,0.0,0.0,-2.545675479356832,0.0,0.0,2.224207012052944,0.0,0.9515512787872602,-0.353938804930614,-0.2139995845977838,-0.0420460734419116,0.0,-0.0176532235887523,0.0,-0.4357415096243229,0.0,-1.3148171737702825,-1.6740233711421657,0.0,0.0,0.0,0.0,2.028925897693857,0.7341534246567307,0.0,0.0,0.0,0.0,0.0,-1.3952739172638315,0.0,0.0,0.0,0.0,0.0,-4.524729872645899,1.126688108812961,0.0,0.0,0.0,0.0,0.0,-0.6203772350604435,0.0,-1.028921856503504,0.0,-7.23278007374811,0.0,0.0,0.0
SAMD00114972,1,1,1,0,1,1,1,1,1,0,1,1,0,1,0,1,1,1,1,1,0,0,1,1,1,1,1,1,1,1,0,1,1,1,1,0,1,1,1,1,1,0,0,1,1,0,1,0,1,1,0,1,1,0,1,1,1,1,0,0,0,1,1,1,0,1,1,1,1,1,0,0,0,1,0,0,1,0,1,0,1,0,0,0,0,1,1,1,1,1,0,0,1,1,0,1,0,1,0,0,0,0,0,0,0,0,1,3.256480425590043,-1.1488419579875695,-0.2149884615703563,0.0,1.3772919934656005,0.3702383170504641,3.08625765452296,2.6148450736073623,1.0009745924691122,0.0,1.1308528795478685,0.6265892277281776,0.0,-0.6490462985814456,0.0,1.788575382775362,-0.9268198173822452,-1.3575733515240296,-0.5131758714802552,-3.005497708776784,0.0,0.0,-1.5080580693308334,-2.0588332692561337,-0.3203021157740631,1.2884482751479092,2.115111868644508,1.6164920636433455,-0.2211463770031196,-0.236589415135205,0.0,0.7771119128324663,-1.7630384596321942,-1.4373590039476334,1.6445582643982828,0.0,-2.4181352220358496,-2.041216841867836,1.1107925701011938,-0.3994210598913843,0.461287261879395,0.0,0.0,-4.673891788344004,0.3798753810499243,0.0,2.7286387260955465,0.0,2.1561251434293167,1.7789869727958871,0.0,-1.1497962703586946,-3.2865857933492686,0.0,1.9257914119391943,-2.3254125656401783,3.442681219501755,2.4439275450581146,0.0,0.0,0.0,-1.453074529440992,1.87371229754404,-1.10910317780867,0.0,-1.0131369427472114,1.3165702321105257,0.1256725356723111,0.163000432938289,-3.140993953032238,0.0,0.0,0.0,-0.6263050439514812,0.0,0.0,-0.408364853235617,0.0,1.334622931211026,0.0,0.1745579334021219,0.0,0.0,0.0,0.0,-2.8707266268693834,-0.397563108170361,-1.65930994927672,2.693440992659176,2.1131221360998644,0.0,0.0,-3.853559219449284,0.3607973573854163,0.0,1.7493223127745856,0.0,-0.0314882254631436,0.0,0.0,0.0,0.0,0.0,0.0,0.0,0.0,-2.807397976756969
SAMD00114968,1,1,1,0,1,0,0,1,0,0,1,0,0,1,0,1,0,0,0,1,0,0,0,1,1,0,0,1,0,0,1,1,1,0,0,0,0,1,1,0,1,0,0,0,1,0,1,1,0,0,0,0,1,0,1,0,0,0,0,0,0,0,0,0,1,1,1,0,0,1,1,1,0,0,1,0,0,0,0,1,1,1,0,0,0,0,1,0,1,0,0,0,1,1,0,0,0,0,0,1,0,0,0,1,0,0,0,-0.4514429184976483,-1.5637353110698382,4.566808228763279,0.0,-3.732968689815552,0.0,0.0,5.1678867694834025,0.0,0.0,3.496291122116108,0.0,0.0,-0.0132032325146989,0.0,3.99694631994569,0.0,0.0,0.0,-3.39246147798216,0.0,0.0,0.0,3.987741309547456,0.3148708312028145,0.0,0.0,3.056180101358972,0.0,0.0,3.74986354660936,-0.5948800845019293,1.84118014697747,0.0,0.0,0.0,0.0,0.8579813708832444,-2.992230026680105,0.0,-0.0153398224156298,0.0,0.0,0.0,-3.922866040417965,0.0,1.3487676642749058,2.7293737112106338,0.0,0.0,0.0,0.0,-0.7276909248016805,0.0,-5.563194439871403,0.0,0.0,0.0,0.0,0.0,0.0,0.0,0.0,0.0,3.1001579202740355,-1.9365033295500849,-2.876281089078509,0.0,0.0,1.3461282375507466,1.268589895901143,-3.5443775200080023,0.0,0.0,1.594724278460555,0.0,0.0,0.0,0.0,5.223072885942986,-0.2890894091082465,-2.9877423602107176,0.0,0.0,0.0,0.0,-1.620661247865848,0.0,-4.291013385518934,0.0,0.0,0.0,0.986428250691227,-1.8102361290729445,0.0,0.0,0.0,0.0,0.0,-1.0017098216428235,0.0,0.0,0.0,-5.305365330569304,0.0,0.0,0.0
SAMD00114970,1,1,0,0,0,0,0,1,0,0,0,0,1,1,0,1,1,0,0,1,0,0,0,0,1,1,1,0,1,1,0,1,1,1,0,0,0,1,0,0,0,0,1,0,0,1,0,1,0,0,0,0,1,0,1,0,0,0,0,0,0,0,0,0,1,1,0,0,0,1,1,0,0,1,1,0,0,0,0,1,1,0,0,1,0,0,0,0,0,0,0,0,1,0,0,0,0,0,0,0,0,1,0,0,0,0,0,1.6682921884815234,-1.8061115254243472,0.0,0.0,0.0,0.0,0.0,4.106747550522872,0.0,0.0,0.0,0.0,2.65436152740372,-2.662126830928052,0.0,4.448935266037604,2.45416276171538,0.0,0.0,-2.1202428101420883,0.0,0.0,0.0,0.0,-3.902350450170685,2.16816781824117,2.4837445009026577,0.0,1.192221231449117,2.5322760722169733,0.0,2.870665764655016,-0.905217289159014,0.6275824418200415,0.0,0.0,0.0,1.6063565843870329,0.0,0.0,0.0,0.0,-4.483616365372368,0.0,0.0,-5.254950965504103,0.0,2.145702730968845,0.0,0.0,0.0,0.0,-1.0733607833144077,0.0,-5.3697264800965305,0.0,0.0,0.0,0.0,0.0,0.0,0.0,0.0,0.0,3.78027769974716,-0.9080210293134434,0.0,0.0,0.0,0.6467766975158211,0.1087705113065471,0.0,0.0,-4.298513165616535,1.2281379634702976,0.0,0.0,0.0,0.0,-4.649911052454424,-0.3370829025097113,0.0,0.0,0.3868065599451992,0.0,0.0,0.0,0.0,0.0,0.0,0.0,0.0,0.989379683595617,0.0,0.0,0.0,0.0,0.0,0.0,0.0,0.0,-0.3281339043768883,0.0,0.0,0.0,0.0,0.0
SAMD00115016,1,1,1,0,1,1,0,1,0,1,0,0,1,0,0,1,1,0,0,1,0,0,0,1,1,0,1,1,1,1,1,1,0,0,1,0,1,1,0,1,1,1,1,0,0,1,1,1,0,1,0,1,1,0,1,1,0,1,0,1,0,1,0,0,0,1,1,0,1,1,1,1,1,0,0,0,1,1,0,0,0,1,0,0,0,0,1,1,1,1,0,1,1,1,0,1,0,0,0,0,0,0,0,0,0,0,0,1.8536146223230288,-2.229887319181789,0.6069085122469591,0.0,0.8769874909493495,0.3431599125179209,0.0,4.334814790603921,0.0,0.0394788160197343,0.0,0.0,2.277094854533938,0.0,0.0,3.586042064225934,-2.679390720482032,0.0,0.0,-2.5164104880048663,0.0,0.0,0.0,-0.5591607418919715,2.182247444497521,0.0,0.5744699616918123,0.4203273826709893,0.4481936841767613,2.733935516626029,1.796209535189465,2.159474535785362,0.0,0.0,1.0798271759423257,0.0,-2.2155406331509377,1.2524513616398345,0.0,-1.2692635040456672,-3.533281857191385,2.491171920792282,0.0376790841092566,0.0,0.0,-0.0602145207648157,-0.0301979675499,-0.0912545992666364,0.0,-0.1316248110761808,0.0,-1.975811565492456,-4.513126373540572,0.0,2.240176780359229,2.580688000861666,0.0,1.0728435374642438,0.0,-4.537031894394126,0.0,-2.885482496609898,0.0,0.0,0.0,-1.139605053153858,1.7549204851393203,0.0,-1.328315024290086,-2.6760406335967506,-0.5043625728995815,-3.443810454360893,-0.8091385309741972,0.0,0.0,0.0,0.9607200667146256,-2.698019540315526,0.0,0.0,0.0,2.345670223136742,0.0,0.0,0.0,0.0,0.4733345463600072,1.057819380286632,-4.227414745076089,2.278669992462919,0.0,-2.1790222674002155,0.8351053843891778,2.450572525141544,0.0,1.0887987258519043,0.0,0.0,0.0,0.0,0.0,0.0,0.0,0.0,0.0,0.0,0.0
SAMD00115017,1,1,1,1,1,1,1,0,0,0,1,0,1,1,0,1,1,1,0,1,0,1,1,1,1,1,1,1,1,0,0,1,0,0,1,1,0,1,0,1,1,1,1,1,1,1,1,1,0,1,0,0,1,1,1,1,0,0,0,0,0,0,1,0,1,0,0,0,0,1,1,0,0,1,1,0,0,0,0,1,1,1,0,0,0,0,0,0,0,0,0,0,1,0,0,1,0,0,0,0,0,0,0,0,0,0,0,2.4395384076519866,1.9974886512785304,0.5424991362735547,1.6823682923899164,1.412122472092068,0.903478030116825,2.9337657663302306,0.0,0.0,0.0,0.8021888454098292,0.0,-0.2789328007745559,-1.7073227338085728,0.0,1.791676413619655,-0.0218053495497185,-1.2066746833100426,0.0,1.5017945916450994,0.0,0.5920878187857583,0.2416639794395289,0.81963344359235,1.9444970030277304,1.0184720091210089,2.316685866248484,0.1067833518610758,0.4770223161781389,0.0,0.0,0.3450622235851341,0.0,0.0,0.7403540301098777,-1.9871599136996765,0.0,-1.531153263967192,0.0,-0.5235324758146866,-2.1529771643020696,-0.0020882948102928,-0.9743518340683806,0.8493472936429541,-0.2678259362026731,-0.4224906394455808,0.1624572746274025,-2.0158848228206336,0.0,1.562223980547853,0.0,0.0,-3.715824944708036,1.1861907226395596,0.3559875016797322,2.137579125820986,0.0,0.0,0.0,0.0,0.0,0.0,0.7612678355344429,0.0,-0.7365463113460013,0.0,0.0,0.0,0.0,-1.462275444771634,-3.292925784649774,0.0,0.0,-2.193643838151777,-1.4466126665296823,0.0,0.0,0.0,0.0,1.686031340747109,-3.314458202992154,-4.214455295380208,0.0,0.0,0.0,0.0,0.0,0.0,0.0,0.0,0.0,0.0,-2.2059023603522228,0.0,0.0,2.36457703745874,0.0,0.0,0.0,0.0,0.0,0.0,0.0,0.0,0.0,0.0,0.0
SAMD00115023,1,1,1,1,1,1,1,1,1,1,1,1,0,1,1,1,1,1,1,1,0,1,1,1,1,0,1,1,1,0,1,1,1,1,1,0,1,1,1,1,0,0,1,1,0,1,1,1,0,1,0,1,1,1,1,0,0,0,0,0,1,1,1,1,0,1,1,1,0,1,1,0,0,0,0,0,0,1,0,1,0,1,0,0,0,0,1,0,1,0,0,1,0,0,0,1,0,0,0,1,0,0,0,0,0,0,0,3.0512296640989884,2.536852509017014,1.7126508467942654,1.468634183294618,2.501747306587095,2.3634980434079207,4.006577866970932,2.468318472103758,1.4147037343817532,1.1624859455383505,2.852959908723692,1.6314735742596445,0.0,0.9646586331642903,2.748712880215493,1.2235174758275509,0.932396968417623,0.6003968002189676,-0.7110449271312902,0.1573261913105399,0.0,2.162320951489664,0.2255688134416416,-0.593886877869094,-0.5990762425947338,0.0,0.2284605790487215,1.468390164526146,1.0892002964510317,0.0,-0.5994270582447094,-2.1981043608138364,0.3985352833411333,0.483764800126372,3.3549953635860303,0.0,-1.007439267110738,-2.686617846170778,-1.1479930099935471,-4.989674526063449,0.0,0.0,0.9998541862607188,1.530731222757855,0.0,-1.1277538660928843,3.022681365042195,0.139442371653331,0.0,2.4705253365625293,0.0,-1.956900980829108,-1.9406697859005253,0.5623338972719172,0.6429395317291755,0.0,0.0,0.0,0.0,0.0,-1.0182262859426343,-0.8789553289695575,1.3145672941582631,-6.268723356829741,0.0,-3.8910622373953374,-1.1899543172517637,-0.6999907798472937,0.0,-0.8563965440089605,-3.718219424555928,0.0,0.0,0.0,0.0,0.0,0.0,-5.802966018465457,0.0,1.7635652266688542,0.0,-1.823881082631924,0.0,0.0,0.0,0.0,-7.12738497586726,0.0,-0.5664108886575108,0.0,0.0,-2.1920481058212324,0.0,0.0,0.0,1.4995017301934053,0.0,0.0,0.0,-1.5627113235821948,0.0,0.0,0.0,0.0,0.0,0.0,0.0
SAMD00114969,0,1,1,1,1,1,0,1,1,0,1,0,1,1,1,1,1,0,1,1,0,1,0,0,1,0,1,1,1,0,1,1,1,1,0,1,1,1,0,0,1,1,1,0,1,1,0,1,1,0,1,1,1,0,1,0,0,1,0,0,0,1,0,0,1,1,1,0,1,1,0,1,0,0,1,0,0,0,0,1,1,0,0,1,1,0,1,0,1,0,0,0,1,1,0,0,0,1,1,1,1,0,0,0,1,1,1,0.0,0.1979604529584996,-1.0404177331629902,1.996787646461661,2.43781873850347,0.9659282060676588,0.0,3.916465776867159,1.3982006233487885,0.0,2.2376859840314074,0.0,2.3004108385884745,-0.0245504872322879,1.3903492560626198,2.295214897742776,1.5070184621478653,0.0,0.8009560390308916,0.220460261519688,0.0,2.060012141927889,0.0,0.0,-1.7409605192185562,0.0,4.0604793073848375,0.227192044392716,-0.2746939469320562,0.0,1.0143542216779355,0.9888813021632132,-3.037558937978148,0.42115673715431,0.0,-1.5722019327093812,0.3741283611915175,-1.081171504776241,0.0,0.0,-7.300909281018431,0.409402629027764,-0.0504089636310596,0.0,-1.858903941636502,-0.6581741712508675,0.0,-0.7556280411965077,2.639357820639997,0.0,3.0050563833082427,-2.984691815683576,-1.412955110280114,0.0,1.8470337678820905,0.0,0.0,1.13277807013988,0.0,0.0,0.0,-2.0761871975587978,0.0,0.0,1.5254618536706466,-2.478326218425116,-1.97303311222885,0.0,-3.492132625555776,-0.233345886333552,0.0,-2.7183743017229203,0.0,0.0,-2.4282597298960784,0.0,0.0,0.0,0.0,1.5517556466854356,1.7727491623713825,0.0,0.0,-1.0252508810861392,-1.799845452824399,0.0,-1.932488548699416,0.0,-1.446383284856586,0.0,0.0,0.0,-1.9447723435815685,0.8965245654315599,0.0,0.0,0.0,1.198119939770135,-5.2578353835094696,0.5379596587294992,2.346511753596621,0.0,0.0,0.0,2.3257105287161064,0.8743568230936296,-0.2747785493009731
SAMD00115020,1,0,1,1,1,1,0,1,1,0,1,1,0,1,0,1,1,1,1,1,0,0,1,1,1,1,0,1,1,1,1,1,0,1,0,0,0,1,1,1,1,1,0,1,1,0,1,1,1,1,0,1,1,0,1,0,1,1,0,1,0,1,0,0,1,1,1,1,1,1,1,1,0,0,0,0,1,1,0,0,0,0,0,0,1,0,1,0,1,0,1,0,1,1,0,0,0,1,0,0,0,0,0,0,0,0,0,3.837828119479626,0.0,-0.6658063126367337,3.944122229335711,2.1569684032612733,-1.1102722452360398,0.0,2.137942050573737,1.6865294842898728,0.0,2.531967428872412,0.5246052914579395,0.0,1.3875951199826524,0.0,2.2041475879613994,0.4647194836493954,-0.907901361773806,1.2341524149329106,-4.85097899210418,0.0,0.0,1.0833673062033014,-1.148535558430326,2.905633032264573,1.8735838664107896,0.0,2.524955565783463,0.9806579992127952,-0.2576406415722772,-0.3882152111654955,2.087472118347381,0.0,-0.0774983101194701,0.0,0.0,0.0,0.0178761717284972,0.8858490634860694,-0.5311441482447752,-2.356209248661008,-4.184619127507884,0.0,3.006851089224651,-0.0583243884005957,0.0,0.0315225249324424,-1.55726544253663,-3.1587235064212384,2.730781062675488,0.0,-2.7611292490969115,-3.033131086791827,0.0,1.2289945251655872,0.0,0.4405976450142259,-0.1922889175403399,0.0,-3.1514507470921584,0.0,-1.6217603631422677,0.0,0.0,1.567881685137075,-2.679536705521387,0.6844282746218641,-4.195995814489993,-0.8373381489270455,-1.3761982147048852,0.3889249624876345,-3.5913172819176555,0.0,0.0,0.0,0.0,0.6333059928626869,-0.3969390886498549,0.0,0.0,0.0,0.0,0.0,0.0,-1.472504797984879,0.0,-1.860104312557634,0.0,1.1708032326498468,0.0,-0.6137489789913355,0.0,-1.7981005416916218,1.826814389195844,0.0,0.0,0.0,2.653800622709108,0.0,0.0,0.0,0.0,0.0,0.0,0.0,0.0,0.0
SAMD00115022,1,1,0,1,0,1,0,1,0,0,1,0,0,0,0,0,1,0,0,1,0,0,0,0,0,0,0,0,1,0,1,0,0,0,0,0,0,1,0,0,0,0,1,1,1,1,1,1,0,1,0,0,1,0,0,1,0,0,0,0,0,0,0,0,1,1,0,0,0,1,1,0,0,1,1,0,0,1,0,0,0,0,0,0,0,0,0,0,0,0,0,1,0,0,0,1,0,0,0,0,0,0,0,1,0,0,0,3.214677000430229,0.4592640356487498,0.0,-0.0261125509728479,0.0,4.662136070578784,0.0,2.524184382971907,0.0,0.0,-1.564234110817913,0.0,0.0,0.0,0.0,0.0,3.037361704338017,0.0,0.0,-0.2971678723110861,0.0,0.0,0.0,0.0,0.0,0.0,0.0,0.0,-0.0569528666875776,0.0,-0.0600497535901636,0.0,0.0,0.0,0.0,0.0,0.0,-1.1947890672345962,0.0,0.0,0.0,0.0,0.4628210064494071,1.4829608170293245,-2.686591807386825,-4.187531801940221,-0.6265611028498309,0.7086482465923257,0.0,3.524429830398546,0.0,0.0,-2.9069665521329013,0.0,0.0,1.886295759229903,0.0,0.0,0.0,0.0,0.0,0.0,0.0,0.0,0.5746421328575348,-5.164498981186004,0.0,0.0,0.0,-0.4448993943147238,-0.4738788421764938,0.0,0.0,-2.8255777108471847,0.7175955545394406,0.0,0.0,0.6154828370722187,0.0,0.0,0.0,0.0,0.0,0.0,0.0,0.0,0.0,0.0,0.0,0.0,0.0,-0.0025111285501973,0.0,0.0,0.0,2.898679085326402,0.0,0.0,0.0,0.0,0.0,0.0,0.0,-4.250854920464223,0.0,0.0,0.0
SAMD00115029,1,1,1,0,1,1,1,1,1,0,1,1,1,1,1,1,1,0,1,1,0,0,1,0,1,0,1,1,1,1,1,1,0,1,0,0,1,1,1,0,1,1,0,0,1,0,1,1,0,0,0,1,1,0,1,1,0,1,0,0,0,1,1,0,1,1,0,1,1,1,1,1,0,1,0,0,1,0,0,1,0,0,0,0,0,0,1,0,0,1,1,0,1,1,0,0,1,1,0,1,1,0,1,0,0,0,0,2.9532763294979194,-1.8128458342758729,0.1634568472579844,0.0,0.3073406276631295,-0.0180936308774033,4.426994230296015,3.628622399638437,0.8537666829153052,0.0,0.444388900592604,0.9893266320597562,2.22803592129899,-2.6645779745651863,2.4285132618387584,2.828024969176262,-1.444232165203139,0.0,-0.4687481364993902,-1.3235738883049717,0.0,0.0,-0.4450800248269484,0.0,-0.8402391185221365,0.0,1.7168338198536797,0.9073616658021506,0.699164653371158,1.294259670792441,2.1448613146847504,2.488896323687663,0.0,-0.5217118033448191,0.0,0.0,-1.08157779917487,-0.2342799387876666,0.9740243850572864,0.0,-0.7716564547355698,3.21641321483306,0.0,0.0,0.9108664162807516,0.0,1.975563102507764,-1.9759568263732168,0.0,0.0,0.0,-2.6910157116089706,-4.948768315736194,0.0,1.4421085756486016,2.2898559163980727,0.0,0.9378829113500506,0.0,0.0,0.0,-1.6507444614353606,-0.4974040414285219,0.0,1.6003819383349929,-0.9445748505083902,0.0,-7.317535315611541,-1.971932676073492,-4.900682129068556,-3.56001392877544,-0.4458981992528223,0.0,-3.977840133707179,0.0,0.0,1.0918499231703915,0.0,0.0,1.2852366481587978,0.0,0.0,0.0,0.0,0.0,0.0,-2.2020659601997044,0.0,0.0,2.951187280550498,0.1974365224271705,0.0,-3.196360931180264,-0.1582434108139756,0.0,0.0,-3.601399144938295,1.6540668538963514,0.0,1.5816855481706251,2.0354552721720536,0.0,1.0199140464464194,0.0,0.0,0.0,0.0
SAMD00115026,1,1,1,1,1,1,1,1,1,0,1,1,1,1,0,1,1,1,1,1,0,1,1,1,1,0,1,1,1,1,1,1,0,1,1,1,1,1,1,1,1,1,0,0,1,0,0,1,0,0,0,1,1,1,1,1,1,0,0,1,1,1,1,1,1,1,1,0,1,1,1,1,1,0,0,0,0,1,0,1,0,0,0,0,1,1,1,0,0,1,0,0,1,1,0,1,1,1,0,1,0,0,0,1,0,0,0,1.6690213485497625,-2.171314536900178,2.375249056142975,2.565421921944698,2.268126954530312,0.143647630842582,2.5312309937250466,3.0537161341229964,1.949420366321454,0.0,1.5783290697740946,-0.2637887578711864,2.66153368932628,-0.6141390676938192,0.0,1.5385497316936556,1.349593885047149,-0.7544592352292536,2.3029617334847945,-1.4237450156976914,0.0,1.9748085462079987,0.0191844522458959,0.3853736396072502,-1.7293065151438691,0.0,1.0752719363464012,1.0343455086371836,0.8857205838546595,0.6426236480859948,0.3412563478620012,1.241855870938557,0.0,0.5366402267918586,0.2246640461593168,0.3166549024183683,-1.63756353528211,1.3091953818830786,-3.2290557524978025,-0.9198378174128274,-0.530076802713946,2.08533898049306,0.0,0.0,-0.7636749720761316,0.0,0.0,-0.1278127978829287,0.0,0.0,0.0,-2.232667951829172,-1.934280181021402,2.115766370975716,1.5130917372611603,-2.412513776040593,-4.167979969892661,0.0,0.0,-1.7870681912587778,0.5669626702242736,-0.671061758909768,-1.5491341291150915,-1.6366046475183589,2.543606513047033,-0.0766016500103585,-0.7490689197768554,0.0,0.1725537939183253,-0.8508956502281468,-2.897306074830764,-0.4622626499430859,-1.1505716772877248,0.0,0.0,0.0,0.0,-6.7344364866447695,0.0,1.8391444513533068,0.0,0.0,0.0,0.0,0.3280071427199537,1.4542580844076929,0.108707065905975,0.0,0.0,-1.4009601893189385,0.0,0.0,-2.027205340196017,1.7663084452878617,0.0,0.5841030619231318,-3.412791736684568,2.007383077730693,0.0,1.2352196353063831,0.0,0.0,0.0,-3.976662850190129,0.0,0.0,0.0
SAMD00115031,1,1,0,0,1,0,1,1,1,1,1,1,0,1,0,1,1,1,0,1,0,0,0,1,0,0,1,1,1,0,1,0,1,1,1,0,1,1,0,1,1,0,0,1,1,0,1,1,0,0,0,1,1,0,0,1,0,0,0,1,0,1,1,0,1,1,1,0,0,1,1,0,0,1,1,0,0,1,0,0,1,0,0,1,1,1,1,0,0,0,0,1,1,0,0,0,1,1,0,0,0,0,0,1,0,0,0,2.9092254589071507,-1.8175217261383647,0.0,0.0,2.534963555771664,0.0,4.4953907193982765,3.5065297114566416,1.998340820337417,2.26078900255929,2.3718090000832244,1.8604379203414867,0.0,1.5364785884773149,0.0,-3.0508409100936875,-0.041963236485971,-0.6555151768346272,0.0,-1.961207887805352,0.0,0.0,0.0,1.3154306464818295,0.0,0.0,2.750861624516672,2.043290218363072,0.1163032373446224,0.0,1.544264683044281,0.0,0.286140959498343,0.3832601131238685,-3.192368701417905,0.0,-0.1145695038827516,0.3053945384644781,0.0,1.118615925394865,2.62137102477216,0.0,0.0,3.429690607385711,0.4936000165456794,0.0,2.4271952405931554,-2.226591183959869,0.0,0.0,0.0,-1.7388716881841295,-1.2197566852086328,0.0,0.0,-4.993932170742581,0.0,0.0,0.0,-1.014572837552516,0.0,-0.5505277931089998,2.569902527317608,0.0,1.6453317369468876,-0.2194973856253153,0.4762873051601168,0.0,0.0,-1.6718064303510891,-1.9370538234063428,0.0,0.0,-2.6670149770890044,-2.77184144734028,0.0,0.0,0.711327045506134,0.0,0.0,-4.202344917369383,0.0,0.0,-1.9588370948504243,1.3412443525658646,-2.0095946204280843,0.0110715321226011,0.0,0.0,0.0,0.0,0.4543328257646405,-2.626039148248009,0.0,0.0,0.0,-7.1716439338552185,1.045336833210074,0.0,0.0,0.0,0.0,0.0,-0.7503044914765915,0.0,0.0,0.0
SAMD00115032,1,1,1,1,0,1,1,1,1,0,1,0,0,1,0,1,1,0,0,1,0,0,1,0,0,0,1,1,1,1,1,1,1,1,0,0,0,1,0,0,0,0,1,1,1,0,1,1,0,1,0,0,1,0,1,0,0,0,0,1,0,0,0,0,1,1,1,0,1,1,1,1,0,1,1,0,1,1,1,0,1,0,0,1,0,0,1,1,0,0,0,0,1,1,0,0,0,1,0,1,0,0,0,1,0,0,0,1.3864516618438754,-1.5536702009224994,1.364420776301802,2.942169910727333,0.0,2.026520481675377,3.304511705564538,2.388551256707539,-0.2391877425961709,0.0,-0.5484998295384048,0.0,0.0,1.0964037709649102,0.0,2.5330373500435903,1.0763700674319414,0.0,0.0,-1.3381436148443655,0.0,0.0,-6.480838630953688,0.0,0.0,0.0,0.3593303498784631,0.4464770314530794,-1.737647147068222,-0.3340056583767717,0.8175985106405855,0.9908525027878192,0.2011667619963132,-3.294485997791047,0.0,0.0,0.0,0.4101414334902757,0.0,0.0,0.0,0.0,-4.0947778158023205,2.392253674111013,-0.1467443728511409,0.0,0.8744190119276712,1.551250192696517,0.0,2.689493141097342,0.0,0.0,-2.2489511253039893,0.0,0.585517913492119,0.0,0.0,0.0,0.0,0.1953257534561943,0.0,0.0,0.0,0.0,0.5049228943812359,-0.5789127158267829,-0.926147759436252,0.0,-0.6486112071334632,0.1493169109181807,1.3288172784257042,-0.9858424832611716,0.0,0.2390834594709716,0.6453242967561252,0.0,0.0361025118934699,2.488237646914418,0.9784528248112038,0.0,-3.495751046911111,0.0,0.0,-1.8724970087019548,0.0,0.0,-2.0897356640256093,0.3513433494144396,0.0,0.0,0.0,0.0,-1.1951298311215903,0.1000289211335336,0.0,0.0,0.0,1.1671494596337977,0.0,0.2173568884356933,0.0,0.0,0.0,-4.028819848010523,0.0,0.0,0.0
SAMD00115034,1,1,1,1,1,1,1,1,1,1,1,0,1,1,1,1,1,1,1,1,0,0,1,1,1,0,1,1,1,1,1,1,0,1,1,0,0,1,1,1,1,1,1,1,1,1,1,0,0,0,0,1,1,0,1,0,0,1,0,1,1,1,0,0,1,1,1,0,1,0,1,1,0,0,0,1,1,0,1,0,1,0,0,0,0,0,1,0,0,1,1,0,1,1,0,0,1,1,0,1,1,0,0,0,0,0,0,3.5275177403268234,-0.8575181852890568,0.4376257847323539,2.1717433746304784,1.4070405089353966,-1.1805365405026866,-3.54983342428352,3.6912109110238194,1.9285217752016384,2.0684899777163777,0.6378535217586438,0.0,0.2278622117784863,-0.0380046324399776,-0.407619950986402,1.2640989136428582,-4.526452144758903,0.0021636400928835,1.242603874956238,-0.5318814914859886,0.0,0.0,0.1770793294264097,1.3501060025165574,0.8248482642186021,0.0,3.102204438253533,0.2831326743295479,1.2059912828355774,0.2755693819502902,0.4655798026166555,1.3624025352937768,0.0,-1.2738652625483904,2.066811083092358,0.0,0.0,0.185120031171071,0.6147198663150633,-0.4925834059004659,-1.1196681563881072,0.084248936079545,-1.7192793307177117,1.4676350107235163,2.047251495002636,-1.709183333806236,-3.282128044909399,0.0,0.0,0.0,0.0,-1.6440485565119145,-5.455428036160374,0.0,3.039079994470255,0.0,0.0,-0.6535019642603763,0.0,-2.744544971973859,-1.119111208448342,-0.5102962676758604,0.0,0.0,2.2569206388655414,-0.9730266986177948,1.5334757218834365,0.0,-0.6939817710327101,0.0,-4.680602824586161,-1.5798041962824805,0.0,0.0,0.0,0.5699238781255271,-0.2799998043393441,0.0,-4.680602824586161,0.0,2.715485837095278,0.0,0.0,0.0,0.0,0.0,-1.0854416807185725,0.0,0.0,1.3701936983893688,1.33930149034938,0.0,-2.227234058312761,-0.9055906473597352,0.0,0.0,6.123966266538075,-1.5157070788157263,0.0,-2.7318954709097865,1.1015920702708153,0.0,0.0,0.0,0.0,0.0,0.0
SAMD00114995,1,1,1,1,1,0,0,1,1,1,1,1,0,1,0,1,1,1,1,1,0,1,1,1,1,1,1,1,1,1,1,1,0,1,1,0,1,1,1,1,1,1,1,1,1,1,1,0,1,1,0,1,1,1,1,1,0,1,1,0,1,1,1,1,1,1,1,1,1,1,0,1,0,1,0,0,1,1,0,1,0,0,0,0,0,1,1,0,0,1,1,0,0,1,0,1,1,1,0,0,0,0,0,0,0,0,0,3.225117890006989,0.0811410644572439,1.8818206915227789,1.14404566899262,1.345277485094717,0.0,0.0,1.7600114937211977,0.2884705918976109,2.467510125619836,0.7133463366682465,-0.0934324902654561,0.0,-1.7198112302101831,0.0,1.8874339425081228,-0.0098034798913497,0.2563519620161509,0.2582701211720546,-0.2056200075324514,0.0,1.108091372670814,0.9064454930985966,1.2186709522687802,0.7218705484772125,2.3327087507340627,0.7791140617545098,-0.7296104431073234,1.1275114277819522,-0.5772534032393963,0.6315502839879745,0.7557687518302361,0.0,-0.4772839352739293,2.519988304871622,0.0,-0.2469685622640662,-5.862945956601716,0.307691255345734,2.1802969185443635,-0.351351736726327,2.0954592859439467,-5.265108955846095,0.8162419980564098,-0.8763550004227874,-2.4425403013012934,2.50506359274521,0.0,-3.96764580843282,3.185899560263956,0.0,-1.4723200383416477,-5.42762788534387,2.326293521420673,1.3171516123947786,1.770335684276931,0.0,1.3869537533364822,-0.3655542093465507,0.0,0.8058596923744854,-0.2161507874306807,-0.5686366114512182,-1.3150197496114933,1.3271133225284844,-2.3451783957083863,0.4620970337536936,-0.0723743518731239,0.4899684798629338,-2.8385378830710586,0.0,-0.066004374369651,0.0,-2.2658827930378487,0.0,0.0,-2.308117510608535,-2.72193339793412,0.0,-2.737781590174144,0.0,0.0,0.0,0.0,0.0,-2.5477687078367923,-3.1052401650536448,0.0,0.0,-3.622236267325758,0.2358226707636581,0.0,0.0,-0.1464566776308042,0.0,3.231840711093083,5.540711976312981,-0.4267656829066157,0.0,0.0,0.0,0.0,0.0,0.0,0.0,0.0,0.0
SAMD00114996,1,1,1,1,0,1,1,1,1,1,1,0,1,1,0,1,1,0,1,1,0,1,0,1,1,1,0,1,1,1,1,1,0,1,1,0,1,1,1,1,0,1,1,1,1,1,1,1,0,0,1,0,1,0,1,0,0,1,0,0,1,0,1,0,0,1,1,1,1,1,0,1,0,0,0,0,1,0,0,0,0,1,0,0,0,0,1,0,0,0,0,0,1,1,0,0,0,0,0,0,0,0,0,0,1,0,0,3.125569109364374,1.5078846316272303,1.8454913801160449,2.5033571120103746,0.0,0.776953418939639,3.858585181111804,4.156990470925321,0.8617867311660339,1.4282896296666587,1.5360644953591611,0.0,1.7407699703820718,-1.987913005061457,0.0,2.534797207588373,-0.6777603486942922,0.0,-0.0013905411006676,1.1793051603213385,0.0,0.9018947981964176,0.0,0.1885404824151888,-0.7265259431409921,2.220001839985943,0.0,1.0710273773112522,-1.0494397419514312,0.8996067990518579,-0.9546201825139896,0.9978950887416072,0.0,-0.358177672126784,2.5736693083366857,0.0,-1.3944179697026595,0.1988484896381783,0.9507572820187468,-1.0987899733435682,0.0,0.5523952807461084,-1.504789983844802,1.610257947339696,-0.8836785937266225,-2.620726432816456,3.1101302682012264,-0.3619073992758148,0.0,0.0,3.8383365383071455,0.0,-3.642051096413464,0.0,2.207928255664548,0.0,0.0,1.1814948303372232,0.0,0.0,-5.060138045334216,0.0,-4.890063462150234,0.0,0.0,-3.3553899530957905,-2.403184036027019,-3.830103327916404,-1.2527267723016549,-0.9164684165496138,0.0,-3.718359289476788,0.0,0.0,0.0,0.0,-0.1883774468834935,0.0,0.0,0.0,0.0,0.0812955090316962,0.0,0.0,0.0,0.0,-1.8139968719682456,0.0,0.0,0.0,0.0,0.0,-4.051606189773153,1.8800898622774376,0.0,0.0,0.0,0.0,0.0,0.0,0.0,0.0,0.0,0.0,-2.7774117609897733,0.0,0.0
SAMD00114736,1,1,1,1,0,1,0,1,1,1,1,0,0,0,0,1,1,0,1,0,0,0,0,1,1,0,0,0,1,1,1,1,0,0,1,0,0,1,0,0,0,1,1,0,0,0,0,1,0,1,0,0,1,0,0,1,0,0,0,0,0,0,0,0,0,1,0,0,0,1,1,0,0,1,1,0,0,0,0,1,0,1,0,1,1,1,1,0,0,0,0,1,0,0,0,0,0,0,0,0,1,0,0,0,0,0,0,1.9459217766778627,-4.342824090168145,1.4619585303425984,2.3828213055220537,0.0,0.3868554303165336,0.0,2.6536103587988045,-0.196939350456388,-0.316446053568749,1.3397805430123304,0.0,0.0,0.0,0.0,2.1574069445955963,-0.3278117992803149,0.0,-0.7044943883268674,0.0,0.0,0.0,0.0,-0.7468746098619542,-3.6575047382284462,0.0,0.0,0.0,-0.6505148519790904,-0.8479422809700046,1.0090940915775102,0.6518561360333254,0.0,0.0,0.7919762569367556,0.0,0.0,0.4047741986013411,0.0,0.0,0.0,1.4899954497214372,-5.171453883483875,0.0,0.0,0.0,0.0,2.485611578966433,0.0,1.4797458970783035,0.0,0.0,-2.4330650178762547,0.0,0.0,2.410068917333923,0.0,0.0,0.0,0.0,0.0,0.0,0.0,0.0,0.0,-1.2993232452895496,0.0,0.0,0.0,0.1010647902425214,-0.1962607360375509,0.0,0.0,-5.910271100877008,-0.3470764547173799,0.0,0.0,0.0,0.0,0.9503435872207092,0.0,1.5503670705092307,0.0,0.5367903489016794,-1.8184218612223093,1.505562105173975,-0.91675978188052,0.0,0.0,0.0,0.0,0.2729717047686375,0.0,0.0,0.0,0.0,0.0,0.0,0.0,0.0,1.9154072218928424,0.0,0.0,0.0,0.0,0.0,0.0
SAMD00114737,1,1,1,1,1,1,0,1,1,1,1,1,1,1,0,1,1,1,1,1,0,1,1,0,1,1,1,1,1,1,1,1,0,1,1,1,1,1,1,1,1,1,0,1,1,0,1,1,1,1,0,1,0,1,0,1,0,0,0,0,0,1,0,0,1,0,1,0,1,0,1,0,0,0,0,0,0,0,0,1,0,1,1,0,1,1,0,1,0,0,0,0,0,1,0,1,0,0,0,0,0,0,1,1,0,0,0,3.3711835553813643,-1.4008496235591692,1.1223015475371412,-3.1966066648093743,2.405951625013885,1.5921121200418575,0.0,2.0705887662148914,2.2522813130497497,0.7194000357016195,3.226937110375588,0.2560807874202524,2.2856810204860585,-0.5130261822966407,0.0,1.901046391952164,-0.3407852475389843,0.5274613911635879,1.1150686974404582,-1.2646764503115937,0.0,-0.0838114569088772,-0.0254995823657822,0.0,3.5088981274359385,1.6993989238647718,4.075264769018927,-0.8050007209185677,0.5462245114120784,-4.966659855455566,1.126009344398537,-0.5451618311692963,0.0,1.4269103799925051,2.077308799239115,-2.34350392096394,-0.5066218339285076,-2.5754797729726664,-2.7998874581724764,-3.067394933329368,-3.61469023687675,-0.7368302886796347,0.0,2.855096419390472,-1.9392268141835003,0.0,-0.819346511643305,2.577000101543402,1.1150266556088295,2.5904189208638915,0.0,-4.425620453093078,0.0,-0.8542785290602004,0.0,2.571008752969159,0.0,0.0,0.0,0.0,0.0,-3.3081396801205867,0.0,0.0,-0.7761688764466115,0.0,-2.008113556723682,0.0,-3.4101310076749063,0.0,-1.7199540433461449,0.0,0.0,0.0,0.0,0.0,0.0,0.0,0.0,3.200178431020915,0.0,0.5431754640455099,0.2083107134940851,0.0,1.1428467258039663,-2.572676294825884,0.0,-0.3707347276115258,0.0,0.0,0.0,0.0,0.0,0.3226601002998583,0.0,2.336580425287157,0.0,0.0,0.0,0.0,0.0,0.0,-2.894144082128691,-2.8833912903524284,0.0,0.0,0.0
SAMD00114746,1,0,1,0,1,1,0,1,1,0,1,0,1,1,1,1,1,1,1,1,0,0,1,1,1,0,1,1,1,0,0,1,0,1,1,1,0,1,0,1,1,0,1,1,0,0,1,1,0,0,0,1,1,0,0,1,0,0,0,0,0,1,0,0,0,1,1,0,0,1,1,1,0,0,1,0,1,0,0,1,1,0,1,1,0,0,1,0,0,0,0,1,1,1,0,1,0,0,0,0,0,0,0,0,0,0,0,1.0261620282594217,0.0,1.0073801110573994,0.0,2.636323033514471,-1.127146232435239,0.0,4.274106592599208,2.151048671436177,0.0,1.520421008077521,0.0,3.39107406069666,2.156538018330248,-2.969609108257472,2.753657486127662,0.878153759554597,-2.722169152084124,2.2271783701066505,-2.1229743778680428,0.0,0.0,0.0722581669369357,-1.301595895032914,-0.1885370400127741,0.0,3.321900950755249,1.4794430734244006,0.7120809911816249,0.0,0.0,2.464226871718969,0.0,1.035644294971862,0.2607779338131702,-0.38793443724138,0.0,0.8778815631756027,0.0,-0.8537170620678145,1.0916636243796645,0.0,-3.677952373169762,1.1084590847048674,0.0,0.0,-3.4089957698414795,2.632924862606472,0.0,0.0,0.0,-2.3306902859507,-1.737610449080966,0.0,0.0,2.91525995108055,0.0,0.0,0.0,0.0,0.0,-1.2999561023724986,0.0,0.0,0.0,-3.619616796156799,0.5473412357629718,0.0,0.0,-0.3980335286103587,-0.0171428420069907,-2.9154197794102688,0.0,0.0,-5.154153400417782,0.0,0.7300444626407776,0.0,0.0,-0.2167541351755824,-0.003517136785768,0.0,-0.3794144512407815,-0.6099816174338166,0.0,0.0,-5.056035544459258,0.0,0.0,0.0,0.0,-1.50416481695393,-1.2297333303233355,1.334283523848007,0.0,0.6266219336286828,0.0,0.0,0.0,0.0,0.0,0.0,0.0,0.0,0.0,0.0,0.0
SAMD00114748,1,1,1,1,1,1,1,1,1,1,1,0,1,1,1,1,1,1,1,1,0,0,1,0,1,1,1,1,1,0,1,1,0,1,1,1,1,1,0,1,1,0,1,1,1,1,0,1,1,1,0,0,1,1,0,1,0,1,0,1,1,0,0,0,1,1,1,0,0,1,0,1,1,1,1,0,0,0,0,1,0,1,0,1,1,1,0,0,0,1,0,0,1,1,0,1,0,0,0,0,1,0,0,0,1,1,1,2.426921778469241,0.9095700201511272,1.1961669605002945,0.515888929167754,3.132595249687522,2.636245911902177,2.883175032923353,2.365958700361019,2.23506843137957,-0.845276050792847,2.536754660055643,0.0,2.488121140450112,-0.4318401806795857,-2.6565285431181,0.96765250497504,0.7301150021408279,-2.007506167467093,1.4067323738248445,2.476037846187908,0.0,0.0,-0.9017142006969628,0.0,1.2169181458051868,1.4407692878027436,-0.3423206102960614,-0.341372911356447,0.4964585289162827,0.0,-0.9951081254155943,-0.1898729671144199,0.0,-2.3111885812653146,2.5483934758303834,-0.0815758902010876,-6.641921921551646,0.5938366538766042,0.0,-3.6128796691161225,-3.7215390852394417,0.0,1.782462475115572,1.209638837087165,-1.0568503322260754,0.2170496448531509,0.0,3.11223075588736,1.246956921967041,2.273051007041929,0.0,0.0,-1.3692532696752338,0.034836468583322,0.0,-2.2297103105393665,0.0,-1.8416094903405384,0.0,-4.646563497082351,-0.9306407508043244,0.0,0.0,0.0,2.471900444717896,-1.3499147450222213,-1.9565105364244992,0.0,0.0,-1.3421539946718992,0.0,-1.971205657665684,-3.573119080121168,0.6806311245689036,-2.3309063225209528,0.0,0.0,0.0,0.0,0.678711779116063,0.0,0.1001976212740711,0.0,-2.9158399184406654,-2.580367182152536,-2.152198792067555,0.0,0.0,0.0,-0.1928283832783268,0.0,0.0,-4.767641428635587,0.863037900162177,0.0,1.5975182355874653,0.0,0.0,0.0,0.0,1.7210894067554408,0.0,0.0,0.0,3.5148315588686883,3.917693222526147,1.6627405574596943
SAMD00114832,1,1,1,1,1,1,1,1,1,0,1,1,1,1,1,1,1,1,1,1,0,1,1,0,1,1,1,1,1,1,1,1,1,1,1,0,0,1,1,1,1,1,0,0,1,0,1,1,0,0,1,1,0,0,1,0,0,0,0,1,1,1,1,0,1,1,1,1,1,1,0,0,0,0,1,0,0,1,1,1,0,0,0,0,0,0,1,0,0,1,0,0,1,0,0,0,0,1,0,0,0,0,1,0,0,0,0,2.6658578156797352,3.6405171134346017,0.8460776941802748,2.994125272769047,1.17526922497529,1.0107387888186978,3.2778425748106343,1.1451168174812838,0.2421993593435644,0.0,1.175542901288548,0.4996702697393924,-0.6317127549841297,-1.365534019966507,2.609467466840312,3.303643033251217,-0.6867187441457365,-1.04723308890939,-0.20624218705987,2.120004510129399,0.0,0.0808509598124435,-0.1965180907084283,0.0,0.7372875290042834,0.7981559817191636,0.0876857173670279,-1.708142693120085,-0.5789628274185832,0.1842549849632854,0.5959564047051756,0.3175811996695846,-1.0455230603993662,-1.379638626148049,1.6960594290438236,0.0,0.0,-1.8598762628429903,-0.077436353570808,0.1423332605047755,-3.400811259703909,2.061216436120266,0.0,0.0,-0.2436648691341301,0.0,3.471884584525887,-0.2120940738902155,0.0,0.0,3.0687621131249525,-4.3374622357201424,0.0,0.0,1.2758734869937052,0.0,0.0,0.0,0.0,-2.2117866751370525,-4.161359831951103,-2.217548870231849,2.696676962197021,0.0,-0.1569667443896285,-1.2097040786195286,0.4016495432127105,0.7674084614911851,-1.3635192442681658,-2.574937040800415,0.0,0.0,0.0,0.0,-0.9498505228996644,0.0,0.0,-1.130650133081697,-5.096169611592496,1.078511730093771,0.0,0.0,0.0,0.0,0.0,0.0,-1.244432500308751,0.0,0.0,0.4630191731157683,0.0,0.0,-3.8954731968111056,0.0,0.0,0.0,0.0,-1.689535323333604,0.0,0.0,0.0,0.0,0.248264120740571,0.0,0.0,0.0,0.0
SAMD00114740,1,1,1,1,1,0,0,1,1,0,1,1,1,1,1,1,1,1,1,1,0,0,0,1,1,1,1,1,1,0,1,0,0,1,1,0,1,1,1,1,0,1,0,1,1,0,1,1,0,1,0,1,1,1,1,1,1,1,0,0,0,1,1,0,0,1,1,0,0,1,0,0,0,0,0,0,0,1,0,1,0,1,0,0,0,0,1,0,0,0,0,0,1,0,0,1,0,0,0,0,0,0,0,0,0,0,0,3.3866719860102403,-2.083983310450609,-0.3742912850475157,-4.4256881625824045,0.125616006739301,0.0,0.0,4.3285173174066,0.0399182241285465,0.0,1.301663873605309,0.3825835486913865,-0.5657599883241262,-0.5826017872531579,1.017104430792889,1.1136900183123422,-4.476843325883334,0.7536890029886388,-0.163488974784755,-2.405375478729816,0.0,0.0,0.0,-2.9034048013095584,0.582301465094037,1.8578337140852144,1.9608331829085093,0.3469297313764347,0.6372888699675557,0.0,3.4734546077567128,0.0,0.0,-0.3030937433299574,0.8423999670592307,0.0,0.7063204868777089,-1.6590224586457454,0.1786417754831283,0.5333314570373868,0.0,2.298897956397159,0.0,2.474503148514582,1.0882696113477115,0.0,2.2272696891314805,-3.23439381651624,0.0,1.3443046632708262,0.0,-2.1929399416880786,-2.3631204703924427,-3.666527171706565,2.30481614698874,3.44015347889287,2.7563926698194976,2.0388224608842886,0.0,0.0,0.0,-0.7141667213964247,1.3232951568638596,0.0,0.0,-1.1546532764786674,1.03515863209596,0.0,0.0,-3.461732759060552,0.0,0.0,0.0,0.0,0.0,0.0,0.0,-3.219355939151699,0.0,-5.226823981206445,0.0,0.0714056621957826,0.0,0.0,0.0,0.0,1.332236126500599,0.0,0.0,0.0,0.0,0.0,-3.4448589095706783,0.0,0.0,1.3178112342842434,0.0,0.0,0.0,0.0,0.0,0.0,0.0,0.0,0.0,0.0,0.0
SAMD00114741,1,1,1,1,0,0,0,1,0,0,1,1,0,1,0,1,1,1,0,1,0,1,1,1,1,0,1,1,1,1,1,1,0,1,0,0,1,1,0,1,1,1,1,1,1,0,1,0,1,1,0,1,0,1,1,1,0,0,0,1,0,1,1,1,1,1,1,0,1,0,1,0,0,1,0,1,1,0,0,1,1,0,0,0,0,0,1,0,0,0,0,1,1,0,0,1,0,0,0,1,0,0,1,0,1,1,1,3.075581165829804,1.84047084344146,-2.784698571349141,3.200047398487788,0.0,0.0,0.0,-4.772987943373316,0.0,0.0,-0.5563810546907857,0.443593363397514,0.0,-1.6252718380771567,0.0,3.650567003109553,-1.7912419117940646,-1.4933686683360956,0.0,0.4571208760596108,0.0,-0.624336954043176,-2.1292518217064664,-0.2664668384550639,-0.1647416852690593,0.0,-2.930356143771504,-0.7352671785657066,0.4445246406841359,0.6068163089660711,1.443930615192156,1.794919711802614,0.0,-1.3407944613421965,0.0,0.0,-2.8042522669757783,-1.01143552892677,0.0,-1.901880237292425,-2.119959403161319,2.989934583881953,-2.179695057010952,2.5738430439795,0.7927701357376152,0.0,-4.021000262790437,0.0,3.4223053077834167,1.962744083921452,0.0,-2.7204194199445766,0.0,3.269700189417528,2.371662365091502,3.5006515364368807,0.0,0.0,0.0,-3.1545001954192973,0.0,-1.5913630557696266,1.7960329462888711,0.3311499596853879,1.473657006287859,-2.059230155851741,1.329807895145045,0.0,0.7975709315930973,0.0,-3.264431255792996,0.0,0.0,-3.868892484592979,0.0,-1.1848500590609112,0.7585033101424294,0.0,0.0,-1.0996324045253083,0.8132766119952031,0.0,0.0,0.0,0.0,0.0,-2.078497272056738,0.0,0.0,0.0,0.0,1.0810704701202924,-1.694652141284115,0.0,0.0,1.6208814785462364,0.0,0.0,0.0,0.0035858288260353,0.0,0.0,-0.2150787882448364,0.0,3.932080378727352,4.198892044965316,2.2072430239308707
SAMD00114833,1,1,1,1,1,1,0,1,1,0,1,0,1,1,0,1,1,1,1,1,0,0,0,1,1,0,1,1,1,1,1,1,1,0,1,0,1,1,1,0,0,1,0,0,1,1,1,1,0,0,1,1,1,0,0,1,1,0,0,0,0,1,1,0,1,1,1,1,1,1,0,1,0,0,1,0,0,0,0,1,0,1,0,0,0,0,1,0,0,0,0,0,1,1,0,1,0,0,1,1,0,0,0,0,0,1,0,2.1142278528714664,0.756801786076619,3.3079660093764813,1.370962587301353,1.5155160322891268,-0.2554266556426557,0.0,2.799782283150376,1.471816212832237,0.0,2.546387435560344,0.0,2.85226275036654,-0.5947261103609828,0.0,2.6485823170591782,2.5063272797939,-0.605239637028428,1.051707574758865,0.3457026507375491,0.0,0.0,0.0,0.7967125890545086,2.3707438661835885,0.0,2.7459733924872065,-0.1766066100423208,0.8768649302233803,0.8161560287258017,0.4599386155431967,0.2508100681891166,-0.0455618021648255,0.0,-2.561384892774398,0.0,-0.4904693554854985,0.5475389284535295,0.2512405327900509,0.0,0.0,2.0238263397060345,0.0,0.0,-1.6246894262100575,0.0895229553908081,-2.0873365533843686,-1.460726916382995,0.0,0.0,0.8988323974869024,-4.807570297306318,-3.0217423633983858,0.0,0.0,3.4969309852117334,-0.216793523863069,0.0,0.0,0.0,0.0,-3.328167592134045,-2.279264331983763,0.0,1.0054811739673917,-2.163915258442431,-0.0808964073742127,-2.41673803209243,-1.490806971619493,-2.319711021564353,0.0,-0.0683204819061852,0.0,0.0,-5.356756788944756,0.0,0.0,0.0,0.0,0.3548903945980243,0.0,0.7330858527988879,0.0,0.0,0.0,0.0,-2.937755205012859,0.0,0.0,0.0,0.0,0.0,-2.291957158782182,2.414661311945796,0.0,1.5124318645980614,0.0,0.0,1.765018988321474,-1.815878433289333,0.0,0.0,0.0,0.0,0.0,-4.20026216065918,0.0
SAMD00114742,1,1,0,0,0,1,0,0,1,0,1,0,1,0,0,1,1,0,0,1,0,0,0,0,0,0,1,0,1,1,1,0,1,0,1,1,1,1,0,1,0,0,1,0,0,1,0,1,0,1,0,0,1,0,0,1,0,0,0,0,0,0,0,0,0,1,1,0,0,1,1,0,0,0,1,0,0,0,0,0,1,1,0,1,1,1,0,0,0,0,0,0,1,0,0,1,0,0,0,1,0,1,0,0,0,1,0,0.7189677459289692,-0.7480725432289148,0.0,0.0,0.0,0.8254469851570381,0.0,0.0,1.7515634357945424,0.0,1.361480860175718,0.0,2.7379219806607225,0.0,0.0,1.988398318961916,2.295641663903733,0.0,0.0,0.2621505792441341,0.0,0.0,0.0,0.0,0.0,0.0,1.3724078030339983,0.0,-0.2843890176277804,1.9254994674714792,0.1896536043749269,0.0,-2.989502511706285,0.0,2.00261543231328,-0.0064820662478626,-2.1948363615093687,0.5318883884869687,0.0,-1.982548069451156,0.0,0.0,-2.3437840247174506,0.0,0.0,-1.927762586343572,0.0,2.018464115022125,0.0,2.6845361429448804,0.0,0.0,-2.210967173030797,0.0,0.0,4.175837535182261,0.0,0.0,0.0,0.0,0.0,0.0,0.0,0.0,0.0,-4.348534673795697,-2.0991585845873413,0.0,0.0,-0.0143185696526448,0.9688497554695652,0.0,0.0,0.0,-0.5457179533639873,0.0,0.0,0.0,0.0,0.0,-1.7890782302795836,2.056541005222175,0.0,-1.0779868383831757,-0.7906357559543478,2.288870294546351,0.0,0.0,0.0,0.0,0.0,0.0,-3.756548086718253,0.0,0.0,1.2389636413278562,0.0,0.0,0.0,0.6273000230161638,0.0,-1.2557719378868666,0.0,0.0,0.0,-3.656903793753716,0.0
SAMD00114763,1,1,1,1,1,1,1,1,1,0,1,1,1,1,1,1,1,1,1,1,0,0,0,0,1,0,1,1,1,1,1,1,1,1,1,0,1,1,0,1,1,1,1,0,1,1,1,1,1,0,0,0,1,1,1,1,1,0,0,1,1,0,1,0,1,1,1,0,0,1,1,0,0,1,0,0,1,1,0,1,0,0,0,0,1,1,1,0,1,0,0,1,0,0,0,0,0,0,0,0,0,0,0,0,0,0,0,2.7487671535607694,1.9983125306465328,0.516836364143043,2.346858340496928,0.55145107602147,0.0058271894959369,3.086161821759435,-5.569618709412845,-0.1297746542229214,0.0,1.544242043694783,0.648047209108584,2.598457954700572,-0.9396796942267472,-4.6195305979554,3.352383124685271,-5.274154496519009,-0.9692255402226756,0.2822020524016548,0.145737159404487,0.0,0.0,0.0,0.0,-3.0821112779247875,0.0,2.600069419467585,-0.8789878272861187,-0.1745717164062579,0.5135807417658022,-0.3469850751073784,2.0402744622797813,-1.8210341737771527,-0.5758435011374194,-1.342899021743877,0.0,-1.2419740156671653,-0.0975450089208265,0.0,0.7203287455551617,1.2916180420285297,-2.7245276560498373,-0.2657309488572321,0.0,-2.467979194682665,-0.6232997389196393,3.371927788006672,0.3630615624173199,2.067099484213255,0.0,0.0,0.0,-2.3401739331954103,3.0012070693603468,2.3977833208573465,3.621588217564732,2.5671852971590168,0.0,0.0,-1.981768885018896,1.5714037040543525,0.0,1.5610425926759102,0.0,0.5132777681667424,0.702402978622521,0.8444292136243206,0.0,0.0,-1.0044570468190477,0.0578618818150447,0.0,0.0,-1.3773631856863626,0.0,0.0,-1.9398757271474856,-1.7690511449100224,0.0,0.9997421742841768,0.0,0.0,0.0,0.0,-4.026387375217014,-0.4252176751535965,-1.813701418647761,0.0,1.2266374595682177,0.0,0.0,-2.0343367027707453,0.0,0.0,0.0,0.0,0.0,0.0,0.0,0.0,0.0,0.0,0.0,0.0,0.0,0.0,0.0
SAMD00114974,1,1,1,1,1,1,0,1,1,0,1,1,0,1,0,1,1,1,1,1,0,1,0,0,1,0,1,1,1,1,1,1,0,1,0,0,1,1,1,1,1,1,1,1,0,1,1,1,0,1,0,1,0,1,1,1,1,0,0,0,1,1,0,0,1,1,0,1,1,1,1,0,0,0,1,0,0,0,0,0,1,1,0,1,1,1,1,0,0,0,0,0,1,0,0,0,0,0,0,1,0,0,0,1,0,0,0,2.102718534500275,-0.6843360566209582,2.983337893133644,5.238710897282768,-2.6082415725068446,2.9337208734996505,0.0,6.472829116273837,1.51220452616055,0.0,1.828979771783667,-0.1554496628185666,0.0,-0.3901661996904346,0.0,3.3805654757504184,-0.2445171651184972,-0.8399868749001653,0.5843601629911759,-0.6895567614071156,0.0,2.774668662626023,0.0,0.0,1.3832005825525593,0.0,-4.813602891236126,-0.2500209246161367,1.821918995010685,-5.044126549847958,2.306508552090958,-3.874055297197704,0.0,-0.3884040846970356,0.0,0.0,0.7911172751382636,-0.2673400524249754,-0.973202261833956,-0.4720919254559654,-1.641695361736874,0.7821466547294813,-4.056376853991658,-0.1359752541189167,0.0,-0.3129765609993047,-1.5481803131225704,2.462343122645956,0.0,2.777420043769492,0.0,-2.351001998962424,0.0,0.0002539050947474,1.428620374219039,-0.6036563193040019,-3.5076576572804483,0.0,0.0,0.0,-1.5276183216748085,-1.1254590017011434,0.0,0.0,0.7803428334199145,-3.586373224745923,0.0,-2.4130373898818767,-4.009230075565956,-2.7754430085295936,1.4465969846545492,0.0,0.0,0.0,0.6558214219962193,0.0,0.0,0.0,0.0,0.0,4.692204976802238,3.168848600476399,0.0,-1.1054255507964543,2.332172960643564,-1.0780363231495365,-2.85309394275966,0.0,0.0,0.0,0.0,0.0,-1.2134742940446404,0.0,0.0,0.0,0.0,0.0,0.0,0.8800797315852806,0.0,0.0,0.0,0.018116803906877,0.0,0.0,0.0
SAMD00114765,1,1,1,1,0,1,0,1,0,0,1,0,0,0,0,1,1,0,0,1,0,0,0,0,1,0,1,1,1,0,1,1,1,0,0,0,0,1,0,0,0,0,1,0,0,1,0,1,0,0,0,0,1,0,1,1,0,0,0,0,0,0,0,0,0,0,0,0,0,1,1,0,0,0,1,0,0,0,0,0,0,0,0,0,0,0,0,0,0,0,0,0,1,1,0,0,1,0,0,0,0,0,1,1,0,0,0,2.6809279240812054,-0.0591486513690469,2.626152707624373,4.134110823283603,0.0,-1.1307186189707703,0.0,4.447999622928768,0.0,0.0,2.020299999020736,0.0,0.0,0.0,0.0,1.5408901317755732,1.627054397865066,0.0,0.0,-0.1032127399016906,0.0,0.0,0.0,0.0,0.7000811189578251,0.0,-1.0803639914960197,-2.7041952182926217,0.5128206480487733,0.0,0.9776713166233304,2.009967645578369,-1.0078193530034374,0.0,0.0,0.0,0.0,-0.1918030076702783,0.0,0.0,0.0,0.0,-0.4384436220399905,0.0,0.0,0.2409180271080918,0.0,3.3445024962355063,0.0,0.0,0.0,0.0,-1.942562570350561,0.0,-1.003715881282213,-7.159744678585921,0.0,0.0,0.0,0.0,0.0,0.0,0.0,0.0,0.0,0.0,0.0,0.0,0.0,0.5829566279416392,-6.145013873898513,0.0,0.0,0.0,0.2862366894955283,0.0,0.0,0.0,0.0,0.0,0.0,0.0,0.0,0.0,0.0,0.0,0.0,0.0,0.0,0.0,0.0,0.0,-1.2398316923396349,0.4259916299521612,0.0,0.0,-3.714695414394917,0.0,0.0,0.0,0.0,0.0,1.3755051949441603,-1.6128176878690943,0.0,0.0,0.0
SAMD00114978,1,1,0,0,0,1,0,1,0,0,1,0,0,0,0,0,0,0,0,1,0,0,0,1,1,0,0,0,1,1,1,1,1,0,0,0,0,0,0,0,0,0,1,0,0,1,0,1,0,1,0,0,1,0,1,1,0,0,0,0,0,0,0,0,1,0,1,0,0,1,1,1,0,1,1,0,0,0,0,1,0,0,0,0,0,0,0,0,0,0,0,0,0,1,0,0,0,0,0,1,0,1,0,1,0,0,0,0.3331676289857738,1.992031214502802,0.0,0.0,0.0,-0.6821011941242586,0.0,3.353268323476162,0.0,0.0,-0.2516923610133129,0.0,0.0,0.0,0.0,0.0,0.0,0.0,0.0,1.490217114023575,0.0,0.0,0.0,1.9345936874407248,1.935930430577637,0.0,0.0,0.0,-0.7671223354406281,0.7395624501872555,2.118339221381594,1.8110916653681275,-2.1570731182514846,0.0,0.0,0.0,0.0,0.0,0.0,0.0,0.0,0.0,-1.3542757740336508,0.0,0.0,0.2094902760170427,0.0,2.7223130607644896,0.0,1.496223705016817,0.0,0.0,-2.097831356323676,0.0,0.4109361801198375,-5.407689828903747,0.0,0.0,0.0,0.0,0.0,0.0,0.0,0.0,2.1636953119113373,0.0,-0.4627047847977535,0.0,0.0,-0.1356041493386954,0.702231138197597,-3.1214882151602263,0.0,-1.395199510028906,-1.0673400462241749,0.0,0.0,0.0,0.0,1.15392853555132,0.0,0.0,0.0,0.0,0.0,0.0,0.0,0.0,0.0,0.0,0.0,0.0,0.0,2.104038120307257,0.0,0.0,0.0,0.0,0.0,-1.45554507406974,0.0,-0.668808578932999,0.0,-5.6465817371860965,0.0,0.0,0.0
SAMD00114979,1,0,1,0,1,1,0,1,1,0,1,1,1,1,0,1,1,1,1,0,0,0,1,1,1,0,1,1,1,1,1,1,1,1,0,1,1,1,1,1,1,1,0,0,0,1,0,0,0,0,0,1,0,0,0,1,1,1,1,0,1,1,1,1,1,1,1,1,1,0,1,1,1,0,0,0,1,1,0,0,1,1,0,0,1,1,1,1,1,0,0,0,1,0,0,0,0,0,0,0,0,0,0,0,0,0,0,2.7886593238948647,0.0,-0.2672859084645422,0.0,1.910586239523166,2.347532152713365,0.0,2.7145570899773226,-1.0205529603516637,0.0,0.8501318525996951,0.0347017873162203,-0.1438916301213371,0.1457109872579078,0.0,3.4716449239599023,-2.5847704883046347,-0.4534051351924002,-0.6943902887680957,0.0,0.0,0.0,-1.1343515990152055,0.241051068462368,-0.5381870993339946,0.0,1.4210478320291655,0.4800870982966627,0.6092644947600988,-0.8424084316016398,1.2641350398559874,1.7576865865040614,-0.7934841678907061,0.2286780706911252,0.0,1.3556257282918156,0.0041002437359625,-1.313572378130912,0.2633204110095611,0.2344699386710751,-3.900160634269608,1.825020698462121,0.0,0.0,0.0,-3.8587277805334033,0.0,0.0,0.0,0.0,0.0,-2.075838804498716,0.0,0.0,0.0,4.134086117463104,1.4303759059773125,1.5271419665790658,-0.5721616984652691,0.0,0.3527398643532198,-1.234189909460644,-2.1614896253449785,-2.2645122454182416,1.4281489682342134,-1.8067165300797183,0.2713480501186496,-0.6134175221848175,-0.2583161288606452,0.0,0.238749786774707,-1.3724128781538454,-0.1574675626895751,0.0,0.0,0.0,-0.2024192705299805,-0.0638341349390202,0.0,0.0,0.2352973018742856,1.3180777920644435,0.0,0.0,1.891210802206694,-0.5852698251511321,-2.3125815156480067,-0.2482975092386361,-0.4012346059274219,0.0,0.0,0.0,-2.8998398550893603,0.0,0.0,0.0,0.0,0.0,0.0,0.0,0.0,0.0,0.0,0.0,0.0,0.0,0.0
SAMD00114773,1,1,1,1,1,1,1,1,1,1,1,1,1,1,0,1,1,1,1,1,0,1,1,1,1,1,1,1,1,1,1,1,0,1,0,0,1,1,1,1,1,1,1,1,1,1,1,0,1,1,1,0,0,0,1,0,0,1,0,0,1,0,1,1,1,1,1,1,1,0,1,1,0,1,0,1,0,0,1,1,0,0,0,0,1,0,0,0,0,0,1,0,0,1,0,1,1,1,0,0,0,0,0,0,1,1,1,2.804465445738647,-0.9296277112872952,-0.0719754467898674,-1.109447926773497,-0.1487240527420681,-3.2993024164434144,3.5673862728901264,3.0320013633947265,-0.1559000440680105,0.4795766989111483,-1.2826617760026089,1.0209644414998476,1.615281553703816,-3.236940174728439,0.0,2.616383868030957,-4.018882854071515,-0.2543659857519587,0.4638371721600118,-0.5633551278643125,0.0,1.1874171197792314,-0.2690427001678919,1.2475936440157862,3.394480173497953,2.22112144211955,2.3328128063029654,0.0062774918277661,-0.3434867502948662,-0.6340084464412903,1.361327156314151,0.2979383704770915,0.0,0.1501052511463512,0.0,0.0,0.3486644593375321,-1.0442647818367163,1.2007391110638688,-6.609150019517342,-2.935867762217074,1.45163057426744,-1.891076408700696,0.9429122746052668,-1.317281976649212,-0.5195653912641709,2.9409530878136403,0.0,0.0026989845902438,-0.3727804293136372,2.391732485390284,0.0,0.0,0.0,1.5759480085671935,0.0,0.0,1.6277117945474968,0.0,0.0,-4.269177394451676,0.0,-4.198351341883063,-1.688821569793452,0.5175112736586316,-2.6157664937935823,1.198379387719814,-2.5669345227301874,-1.5654177301183338,0.0,4.853077963508783,-0.7096441319801707,0.0,-2.7640811488863,0.0,-0.7839930825072496,0.0,0.0,-1.9104027564117607,-2.8099225082345405,0.0,0.0,0.0,0.0,-1.9265779724609235,0.0,0.0,0.0,0.0,0.0,1.798589635162228,0.0,0.0,0.1528084773532128,0.0,2.1756974488488963,-5.916002838957397,1.1584969529660016,0.0,0.0,0.0,0.0,0.0,0.0,4.533290616508449,3.0974533106046267,4.96553555681078
SAMD00114984,1,1,1,0,1,1,0,1,0,0,1,1,1,1,0,1,1,1,0,1,0,0,1,1,1,0,1,1,1,0,1,0,1,0,1,1,0,1,0,1,0,0,1,0,1,1,1,1,0,1,0,0,0,0,0,0,0,0,0,0,0,0,0,0,1,1,0,0,0,0,1,0,0,1,1,1,0,1,0,1,1,1,1,1,1,1,1,0,0,0,0,0,1,1,0,1,1,1,0,1,0,0,0,0,0,0,0,-0.0277265922179734,2.0480260601732803,1.7008517176919855,0.0,0.2476297875305688,-0.3708258487218983,0.0,5.617048515576704,0.0,0.0,-0.0310175620515709,0.4646554757638157,2.1806019774294816,-0.5959472448307401,0.0,3.810336585331817,-1.185194830372534,-0.9364271012833034,0.0,1.863985947680903,0.0,0.0,-1.5851775178821863,2.3286293217570813,2.528271721418901,0.0,2.2858442172991578,-2.6127017934121444,-0.511706091397323,0.0,1.2431840646351158,0.0,-2.5493849047151835,0.0,-1.2547929936736868,-3.148376565936508,0.0,0.9491934265578194,0.0,-2.0877021166087903,0.0,0.0,0.4066046576911248,0.0,-3.835125772016793,1.0962785596814957,-3.397858820747758,1.331422496549428,0.0,0.7888962092178606,0.0,0.0,0.0,0.0,0.0,0.0,0.0,0.0,0.0,0.0,0.0,0.0,0.0,0.0,3.3998057539990265,-2.722999764181961,0.0,0.0,0.0,0.0,1.9948622192999947,0.0,0.0,-2.9137459706351674,0.4026710460163925,-0.3788412811836175,0.0,-4.994203256434838,0.0,-0.2248975621380295,-0.0441756466290819,-1.0663709202877345,-2.855572843364672,-4.978073874504955,3.14493355711132,0.2697919485469831,-0.3034522555186483,0.0,0.0,0.0,0.0,0.0,0.2867280727052643,2.213548208037804,0.0,3.4359271154269377,-4.1059440384165695,3.268380886789388,0.0,-0.5898663807559925,0.0,0.0,0.0,0.0,0.0,0.0,0.0
SAMD00114724,1,1,0,0,0,1,1,1,0,0,0,0,1,1,0,1,1,0,0,1,0,0,0,0,0,1,0,1,1,1,1,1,1,0,0,0,0,1,0,0,0,0,0,0,0,0,0,1,0,0,0,1,1,0,1,1,0,1,0,1,1,1,0,0,1,1,1,0,1,1,1,0,0,0,1,0,0,0,0,0,0,0,0,0,0,0,1,0,1,0,0,0,1,1,0,0,1,0,0,0,0,0,0,0,0,0,0,0.9829258695497172,-3.1802165064338213,0.0,0.0,0.0,0.17853096406235,-4.044665547964812,2.644891613155152,0.0,0.0,0.0,0.0,3.8467324054573417,0.959761277300217,0.0,1.228821338416639,1.0706034352148182,0.0,0.0,-2.069608435969746,0.0,0.0,0.0,0.0,0.0,0.8010480139132519,0.0,1.922125347961572,0.6979654747394753,0.6341567771342372,-1.362823864801567,1.838888939863026,-0.7354159497471082,0.0,0.0,0.0,0.0,0.329878736530501,0.0,0.0,0.0,0.0,0.0,0.0,0.0,0.0,0.0,3.4795238865576024,0.0,0.0,0.0,-2.0882085345609607,-1.2908058108313076,0.0,1.4102270122571656,3.996586421538937,0.0,0.6145142918471079,0.0,-2.712203337366861,-2.335429435910159,-0.6248491776835969,0.0,0.0,0.7723765692994247,-1.6759562775882926,0.2276326834352074,0.0,-1.9220610040627475,0.4187100322285206,2.308521728425012,0.0,0.0,0.0,0.9689254431965696,0.0,0.0,0.0,0.0,0.0,0.0,0.0,0.0,0.0,0.0,0.0,-4.5903809989462445,0.0,-2.4373131420217327,0.0,0.0,0.0,0.3112082613914038,2.323968222471488,0.0,0.0,-2.8985867220577783,0.0,0.0,0.0,0.0,0.0,0.0,0.0,0.0,0.0,0.0
SAMD00114982,0,0,0,0,0,1,0,1,0,0,0,0,0,0,0,1,0,0,0,0,0,0,0,0,0,0,0,0,0,1,0,1,0,0,0,0,0,1,0,0,0,1,0,0,0,1,0,1,1,0,1,0,1,0,1,1,0,0,0,0,0,0,0,0,0,0,1,0,0,1,1,0,0,1,1,0,0,0,0,0,0,0,0,1,0,0,1,1,0,0,1,0,1,0,0,0,0,1,0,1,0,0,0,0,1,1,0,0.0,0.0,0.0,0.0,0.0,1.7194017797957035,0.0,2.7125762179667268,0.0,0.0,0.0,0.0,0.0,0.0,0.0,3.3907773343994143,0.0,0.0,0.0,0.0,0.0,0.0,0.0,0.0,0.0,0.0,0.0,0.0,0.0,1.1300275961468098,0.0,1.1478687337880795,0.0,0.0,0.0,0.0,0.0,-0.7251253552492422,0.0,0.0,0.0,-1.1590375287154977,0.0,0.0,0.0,-1.145741078369,0.0,2.5285112648618995,2.0204260069752644,0.0,1.8939620232694665,0.0,-4.1044830945443165,0.0,1.7032970707067498,2.3390541159631417,0.0,0.0,0.0,0.0,0.0,0.0,0.0,0.0,0.0,0.0,-2.319820294632529,0.0,0.0,-1.2943389384703146,1.4918352174609888,0.0,0.0,-2.2122836816981684,1.5156434322600578,0.0,0.0,0.0,0.0,0.0,0.0,0.0,0.0,0.1509879972881861,0.0,0.0,-2.8966906393068714,-0.7740926842852184,0.0,0.0,0.2746587675307469,0.0,-1.3473522503765638,0.0,0.0,0.0,0.0,1.8252410098232548,0.0,0.0201119734079822,0.0,0.0,0.0,0.0,-2.5725121748455586,-5.312902821151191,0.0
SAMD00114986,1,1,1,1,1,1,1,1,0,0,1,1,1,1,0,1,1,1,1,0,0,0,1,0,0,1,1,1,1,1,1,1,0,0,0,0,1,0,1,1,1,1,0,1,0,1,1,0,1,1,1,1,1,0,1,1,1,1,0,1,1,1,0,1,1,1,1,1,1,0,0,1,1,1,1,0,1,1,1,1,1,0,0,0,0,0,1,0,1,0,0,0,1,1,0,0,0,0,0,0,0,0,0,0,0,0,0,2.023230207386673,-2.8013282061730616,1.333377112539024,0.0034253675316628,0.4490913779783636,-0.0349392551385432,2.3050242166258013,1.7183946883657684,0.0,0.0,-0.4873330464409851,0.2272535939878784,0.2896661714178353,-0.7014724512527519,0.0,1.1918774825450411,-0.9546112666244196,-0.9094307190074692,-0.0505582883037172,0.0,0.0,0.0,0.2984019416854088,0.0,0.0,2.0400567885600505,1.262110004281963,-1.5247519226645223,0.3897942718354982,1.5838663297773767,-1.8735751268132488,1.1362048151015318,0.0,0.0,0.0,0.0,-1.224570832916141,0.0,-3.022358708629202,-1.711035285781717,-2.5189483730787074,3.1323579259315704,0.0,1.854594408765044,0.0,-3.6356661653790905,1.0867726459983242,0.0,-3.571965388473904,0.9922399356460208,0.6340227666146893,-0.225173909766817,-4.012909646691829,0.0,1.8838440081434984,1.291658127534405,3.462553432812016,3.3950986890255725,0.0,-1.4896707778116622,3.221868389520731,-0.3644452243296237,0.0,1.99634421827699,2.4623807450238586,0.1102059018499665,1.287235533289321,-4.526106344479158,0.6010671179901868,0.0,0.0,-2.25824172018885,3.1916581860427407,-3.500309399567469,-1.463519983523481,0.0,-0.8247677369753237,2.991714422439796,2.238189660964046,-5.636659073519184,-0.1221048348324684,0.0,0.0,0.0,0.0,0.0,-1.086011668008165,0.0,1.119728436531368,0.0,0.0,0.0,-3.757262797298,1.084419231649492,0.0,0.0,0.0,0.0,0.0,0.0,0.0,0.0,0.0,0.0,0.0,0.0,0.0
SAMD00114797,1,1,1,0,1,1,1,1,1,0,1,1,1,1,0,1,1,1,1,1,0,1,1,1,1,0,1,1,1,1,1,1,1,1,0,1,1,1,0,1,1,1,0,1,0,0,0,1,0,1,0,0,1,1,0,1,0,0,0,1,1,0,0,0,1,1,0,0,0,1,0,0,0,0,1,0,0,0,0,1,1,0,0,0,0,0,1,0,0,0,0,0,1,0,0,0,0,0,0,0,1,0,0,0,0,0,0,2.1952801717843275,-2.72649609915566,0.9135278260571972,0.0,0.0026032702532866,-0.8892841512913818,-4.25706639218305,4.022337275738772,0.0529630515166372,0.0,1.4604311236551162,-0.7546971492202383,0.802532618390899,-0.3377333099205617,0.0,2.9582228643037265,-3.180446074529648,-1.5082365254987695,-0.41301637034111,-6.859756077627433,0.0,1.6161239272249144,-0.6278695434049695,0.0176136288613757,2.153787039800018,0.0,1.1586184818045535,0.2581443525975384,-0.3554322617262699,0.8326397631922724,-2.734543661269312,2.621156539234069,-0.5767330524739693,-0.6715897397109123,0.0,-0.9467680050592442,0.8044229464054908,1.2983101866027844,0.0,-1.254391782209154,-1.02752454801743,2.7177407811578727,0.0,1.7838347885124295,0.0,0.0,0.0,-3.172663934087593,0.0,1.7745977335623804,0.0,0.0,-1.751504462606783,3.737979834662508,0.0,1.361946858889211,0.0,0.0,0.0,0.7266006273050822,-1.5964492518404574,0.0,0.0,0.0,1.0638852908245349,-1.2181867874728056,0.0,0.0,0.0,-0.0601429572649999,0.0,0.0,0.0,0.0,-0.2624804549922561,0.0,0.0,0.0,0.0,2.002278988968458,2.019411325108045,0.0,0.0,0.0,0.0,0.0,-1.7658598167897397,0.0,0.0,0.0,0.0,0.0,-2.9757406971861915,0.0,0.0,0.0,0.0,0.0,0.0,0.0,1.5676218094664396,0.0,0.0,0.0,0.0,0.0,0.0
SAMD00114754,1,1,1,1,1,1,1,1,1,0,1,1,0,1,1,1,0,1,1,1,0,0,0,1,1,0,1,1,1,0,1,0,0,1,1,1,0,1,0,0,0,1,0,0,0,1,0,1,0,1,1,0,0,0,1,0,0,1,0,0,0,0,0,0,1,1,1,0,0,0,0,0,1,0,0,1,1,0,0,1,0,0,0,0,0,0,1,1,0,1,1,0,0,0,0,1,0,1,1,0,0,0,0,0,0,0,0,1.2242425820345482,-4.066083757460226,-0.2649434516108226,-0.303731685007055,1.8726594390930007,1.850047577397933,5.29572264433039,3.528347370794652,1.6831792316977632,0.0,0.7144597035733886,-1.3477849894247302,0.0,-2.9434664755248585,2.68515409758582,2.2143175411328087,0.0,-4.886534367811242,0.1008300398696999,-4.132373081496151,0.0,0.0,0.0,2.1790054724045933,2.981917565233241,0.0,1.7433973680994603,0.5740651452368011,0.3772532525285907,0.0,-1.1559855961374237,0.0,0.0,-0.97650009356557,2.122856617537003,-5.278841391341895,0.0,0.2592259711083358,0.0,0.0,0.0,-1.4276513627679204,0.0,0.0,0.0,-1.3910307216986288,0.0,0.138043017174734,0.0,-0.2582557663924709,2.8622969966034013,0.0,0.0,0.0,1.6066281800502562,0.0,0.0,0.4037708546108214,0.0,0.0,0.0,0.0,0.0,0.0,1.7723009648219907,-3.6852140849344366,-3.924928439725044,0.0,0.0,0.0,0.0,0.0,-1.4708725656575197,0.0,0.0,-0.4601423549482837,-3.03479975396046,0.0,0.0,0.6053272171867814,0.0,0.0,0.0,0.0,0.0,0.0,-1.3178414978151027,-2.3901049567864607,0.0,-1.3605634788906389,-0.3748746575634807,0.0,0.0,0.0,0.0,2.4242149775987523,0.0,1.5090367491154737,3.724223953700178,0.0,0.0,0.0,0.0,0.0,0.0,0.0,0.0
SAMD00114989,1,1,1,1,1,1,0,1,1,1,1,1,0,1,0,1,1,1,1,1,0,0,0,1,1,1,1,1,1,1,1,1,0,0,1,0,1,1,1,1,1,1,1,1,1,1,1,1,1,1,0,1,1,1,1,1,1,1,1,1,0,1,1,0,1,1,1,1,1,1,1,1,1,1,1,0,1,1,0,0,1,1,0,0,1,0,1,1,0,1,1,0,1,1,1,1,1,0,0,0,0,0,0,1,1,1,1,1.9142510507476111,-4.110076121192729,-0.4930457963287455,2.8524172066361224,0.9760473649548989,-0.0911105189241054,0.0,-4.09856851434125,0.1084098203305723,1.5128878820000389,0.2497439573954358,-0.1169852926758017,0.0,-0.3861692062668742,0.0,3.487937911599011,-1.4131992206886446,-6.051367324391748,-0.2192956681443678,-0.3939103118445677,0.0,0.0,0.0,1.9296934636115213,2.0613731495018,1.3918526883353388,3.552656116026588,0.4499949968079776,0.1091932658275127,-3.0364651347300367,0.6035954760057544,0.3597356072784254,0.0,0.0,-0.9518943649967851,0.0,1.6821184978913404,0.3085413470291391,0.7162356134388985,1.5466843011884714,-0.6673903004671586,3.0587926403552457,0.9183627082118208,1.975572129732834,-2.06537460521506,-0.248323541647667,1.685045415259021,2.580219653112984,1.9944432228584728,1.902495122659328,0.0,-1.9162007676493928,-2.870628928673133,2.742995620091964,2.3796212026778654,3.452881662565839,0.4349409753086009,0.8844737024856799,-1.382314073966387,-2.3783386390438794,0.0,-0.6005365623356731,2.3772696022954207,0.0,1.2206277610544607,-1.087958900916253,0.8383225271657799,0.5575253325109465,-2.0057726045713675,-0.4407736253956882,-1.49173453404915,-0.3187048455254448,-0.2029726040357411,0.0573066171694494,-1.2127839204519912,0.0,-0.4976578331732704,-2.6464135658951173,0.0,0.0,0.6668468510849734,-1.80333301805002,0.0,0.0,-3.039634709491316,0.0,-0.1920066179171033,1.4260453225806125,0.0,0.353247775752216,-0.0501520830925377,0.0,-2.716286769668651,1.495870610564641,-0.5087132221544381,0.2603967566235905,-4.126412540512423,0.0,0.0,0.0,0.0,0.0,0.0,-4.019406320944906,0.7589884969902007,1.0026783299185578,-0.9864271462675492
SAMD00114991,1,1,1,1,0,1,0,1,1,0,1,1,0,1,0,1,1,1,1,1,1,0,0,1,1,0,0,1,1,1,1,1,1,1,0,0,0,1,0,1,1,1,0,1,1,0,1,1,1,1,0,1,1,1,1,1,0,0,0,1,0,1,1,0,1,1,1,0,1,1,1,1,0,0,1,0,0,1,0,1,1,0,0,0,0,0,1,0,0,0,0,0,1,1,0,1,1,0,0,1,0,0,0,0,1,1,1,2.431362553496584,-4.9818130152750735,1.808180181588379,2.936055995462456,0.0,1.386849969781896,0.0,3.184183181809365,0.1739480458717734,0.0,-1.6179114183566148,0.4912588140455215,0.0,-0.2404055632698036,0.0,2.9536027030627485,-4.609651670641068,-0.3311611875731108,-2.409333168184901,-3.741513855822221,-0.571013565375184,0.0,0.0,0.6906955069559251,1.7680640285994462,0.0,0.0,-0.0822922891261612,-2.319897547583764,-1.446650808922085,2.0767910490601103,-0.5189658518983848,-0.5820969445125455,-1.5528730221773923,0.0,0.0,0.0,-0.4528873641692537,0.0,1.0369770772980171,-0.618972146172571,3.397208471557549,0.0,1.8859147511902463,1.1857277115745883,0.0,3.3193026420860217,0.7016487788433924,2.829778885488324,1.1371368659061778,0.0,-2.5051289027450627,-2.283054402506963,3.888313214580825,2.133266549951545,3.517554022079958,0.0,0.0,0.0,-2.155423307385111,0.0,-3.860342588530914,3.80157347222236,0.0,1.6110018622821394,-1.217525855991749,0.6938712469914728,0.0,2.116099132745661,-1.75510665753446,-2.147240513687165,-2.5870756398378383,0.0,0.0,-3.424581500320424,0.0,0.0,1.6151118577136423,0.0,2.07614958829775,0.2397606275621551,0.0,0.0,0.0,0.0,0.0,-0.5670897935248538,0.0,0.0,0.0,0.0,0.0,-3.4861200597480764,2.124608323799312,0.0,2.126043169965286,-4.684066156207152,0.0,0.0,0.5212837777223338,0.0,0.0,0.0,0.0,-0.9501846151435808,-0.9955086423224276,-3.163436005047063
SAMD00114992,1,1,1,0,1,1,1,1,1,0,0,0,0,1,0,1,1,0,0,1,0,0,0,0,1,0,1,1,1,1,1,1,1,0,1,1,1,1,0,0,0,0,1,0,0,1,1,1,0,0,0,0,1,0,1,1,0,0,0,0,1,0,0,0,1,1,0,0,0,1,1,0,0,0,1,0,0,0,0,1,1,0,0,1,0,0,0,0,0,0,0,0,1,0,0,0,1,0,0,0,0,1,1,0,0,0,0,-1.3916596620857402,0.714959541398879,2.1260495912086093,0.0,2.0652864789480505,1.724502677883314,3.9372670721705134,2.356531445227173,0.9485575678453312,0.0,0.0,0.0,0.0,0.8645697870574693,0.0,3.2323548627172847,0.4110852002719176,0.0,0.0,0.1143828061882461,0.0,0.0,0.0,0.0,-1.0192647140924262,0.0,-5.705062306460224,2.502420636129732,0.03870875767947,1.1446610611053871,-6.252357610007606,1.7468462643155958,0.0143820028261251,0.0,2.2131933539705724,1.006306018018926,-1.0050328311842018,0.3423489472969059,0.0,0.0,0.0,0.0,-2.0451096229569505,0.0,0.0,-1.6320173592300704,-5.084752449852545,2.4550638925116086,0.0,0.0,0.0,0.0,-2.854977026872152,0.0,3.167935698374845,3.218710523259745,0.0,0.0,0.0,0.0,-7.556413872890525,0.0,0.0,0.0,3.122198536724094,-3.8389981115116543,0.0,0.0,0.0,-1.2923141020274107,-0.2530311914169041,0.0,0.0,0.0,0.3025927777324202,0.0,0.0,0.0,0.0,0.8495066234846577,2.727704893253753,0.0,0.0,1.023101569760997,0.0,0.0,0.0,0.0,0.0,0.0,0.0,0.0,0.4699798952727616,0.0,0.0,0.0,-4.040948397679431,0.0,0.0,0.0,0.0,-0.8842476918020539,0.0149784674355016,0.0,0.0,0.0,0.0
SAMD00114749,1,1,1,1,1,1,1,1,1,1,1,0,1,1,0,1,1,1,1,1,1,1,1,1,1,0,1,1,1,1,1,1,1,1,1,0,1,1,0,1,1,1,1,1,1,1,1,0,1,1,0,1,1,1,1,1,1,1,0,0,0,1,0,1,1,1,1,1,1,0,1,1,0,1,0,0,0,1,0,0,1,0,0,0,0,0,1,1,1,1,1,1,0,1,0,0,1,1,0,1,0,0,1,0,1,0,0,3.1310490225689183,2.2426362565874043,0.6285469539371803,2.1209064534181548,0.8379401492203198,2.1355511005171794,0.6552032568159709,3.6095123192521656,0.6591375955683061,1.8013571215931157,1.2095245237586656,0.0,-0.2335227280782603,-0.2744611667524788,0.0,2.8606103870809285,-1.3430716463860564,-0.730543251079532,0.1601795735848807,0.9957884128260676,1.21601282763228,-2.003761356528999,-1.005910415947842,1.9193836143413887,2.485385479184578,0.0,3.658301956988192,-0.0620074143275495,-0.431984152774489,-0.516401222928369,2.002501737643628,0.1510609250926622,-0.900280018617531,-0.8666827870330933,2.111267409460043,0.0,-0.8344129272756988,-2.8978317259244863,0.0,-1.402987496100069,0.3428780676232479,2.360830018096081,-0.7436320707449351,2.84838329746484,-2.779225983516638,0.1714263397673128,1.882971028706764,0.0,-1.2471570901671956,-2.5165243940333,0.0,-2.232220703173146,-2.7500504943827075,-4.0265214698298735,1.5128468513983335,2.945111329434148,2.330913897919277,0.4329829299616636,0.0,0.0,0.0,-1.1212067841984612,0.0,-4.774584407985934,1.0205046415602523,-1.898653334244563,-0.114918399890538,0.5333039456753844,0.947682093601337,0.0,-0.3581271277602567,-1.46642827671995,0.0,-4.316751314360452,0.0,0.0,0.0,1.841243239760621,0.0,0.0,2.512523811034617,0.0,0.0,0.0,0.0,0.0,-2.209324924921043,-3.275897859844536,-0.7163685698523383,0.3061685727840908,1.191593348026457,0.5429622083525836,0.0,0.348635246857468,0.0,0.0,-4.319305594165551,-0.4778477588461605,0.0,-1.7144396292985706,0.0,0.0,-0.393011505265086,0.0,-3.708761942140815,0.0,0.0
SAMD00114780,1,1,1,1,1,1,1,1,1,0,1,1,1,1,1,1,1,1,1,1,1,0,1,1,1,1,1,1,1,0,1,1,0,1,1,0,0,1,0,1,0,1,1,0,1,0,1,1,1,1,0,1,0,0,1,1,0,0,0,0,0,1,0,0,1,1,1,0,0,1,1,1,0,0,1,0,0,0,0,0,1,1,1,1,0,0,1,0,0,0,0,0,0,0,0,0,1,0,1,0,0,1,0,0,1,0,1,2.797922764069656,-0.3112510130147836,-2.552468445383651,1.754666615283381,2.1928213375641503,0.0534700997151742,3.06417521445717,1.927323914035354,1.676058008863177,0.0,1.157305959885902,1.387845344048115,2.696787770560776,0.7958037746463515,-0.7021877609374181,0.6342031309049023,-1.2396571784436243,-2.2064647624968856,0.5065556990223866,0.4582600136793787,0.5176492776039898,0.0,-0.0016434498099202,-0.0926756074247772,2.0305485621694337,1.847221234577325,-4.8907254518622905,1.883564597720024,0.7325697718812245,0.0,0.2596717846091243,2.2076371374915507,0.0,-0.5201456619970497,-0.1833312428181053,0.0,0.0,-0.5397686288509811,0.0,-0.2267899566479472,0.0,0.7710647531254656,-2.3117055105038107,0.0,-0.6348141677341681,0.0,-0.1343713886718529,2.7608751249845964,-4.274118348424679,0.8568724273255026,0.0,-2.5499323040293493,0.0,0.0,1.8853733674388464,1.0723260837036273,0.0,0.0,0.0,0.0,0.0,-1.350223898489871,0.0,0.0,1.0672639499235752,-1.2397938371387462,-0.3458082462315606,0.0,0.0,-3.50049149273832,4.865881856882852,-3.899424898983269,0.0,0.0,-2.047347227429456,0.0,0.0,0.0,0.0,0.0,0.5473309735038842,-2.151244585468781,0.1600073638607815,-1.4686939832972927,0.0,0.0,-4.073964315335168,0.0,0.0,0.0,0.0,0.0,0.0,0.0,0.0,0.0,4.188982779240994,0.0,-3.2420668262749084,0.0,0.0,-1.816571216532496,0.0,0.0,-0.4127907300419065,0.0,0.1624314442343923
SAMD00114782,1,1,1,1,1,1,0,1,1,0,1,0,0,1,0,1,1,0,1,1,0,0,0,0,1,0,1,1,1,1,1,1,1,0,0,0,0,1,0,1,1,1,1,0,0,1,0,1,1,1,0,1,1,0,1,0,0,1,0,0,0,1,0,0,1,1,1,0,0,1,1,0,0,0,0,0,0,0,1,0,1,1,0,1,0,0,1,0,0,0,0,0,1,1,0,0,1,0,0,1,0,1,1,1,0,0,0,2.949150234126172,-1.5672584334285895,2.4436913161653493,1.9549279020826813,-3.74350207396279,2.36129767563638,0.0,4.11429830498882,2.9311477899387497,0.0,1.284145832338586,0.0,0.0,-0.48058840905505,0.0,3.2738353081729583,-1.348930167466835,0.0,1.2289537165581277,-0.9915630530135526,0.0,0.0,0.0,0.0,-4.113825523733082,0.0,2.050974768161563,-0.3790797367406928,0.1268165526247153,0.8181203866087533,-1.041014762334272,1.0562259349532577,-2.9039505100302225,0.0,0.0,0.0,0.0,2.242439952792064,0.0,-2.004189080107277,0.7757762143560043,3.01512977007056,-4.526717721684862,0.0,0.0,-3.408073134254156,0.0,3.0969851226004463,2.021812582500565,-3.442046677578836,0.0,-2.909641325261977,-1.0731360541883497,0.0,2.3512072485526128,0.0,0.0,1.4851991820868298,0.0,0.0,0.0,-1.5024818256781252,0.0,0.0,2.3753215716214577,0.1287932285005879,1.7651235379865875,0.0,0.0,1.2722781132955086,-2.485953909610144,0.0,0.0,0.0,0.0,0.0,0.0,0.0,-3.939641284085325,0.0,-0.7883637187506223,1.963035725385201,0.0,0.5989563419292481,0.0,0.0,-1.9348543867062136,0.0,0.0,0.0,0.0,0.0,-2.30356317020867,2.9134083223761857,0.0,0.0,-4.467785943308527,0.0,0.0,1.3756537013407368,0.0,2.242392243656305,1.9779960275210169,-6.838933707739868,0.0,0.0,0.0
SAMD00114775,1,1,1,1,1,1,1,1,1,0,1,0,1,1,0,1,1,1,1,1,0,0,0,1,1,0,1,1,1,1,0,1,1,1,1,1,0,1,1,1,1,1,0,0,1,1,1,1,0,1,1,1,1,1,1,1,0,1,1,0,0,1,1,1,1,1,1,1,1,1,0,0,1,0,0,0,0,0,0,1,1,0,0,0,1,0,1,0,0,1,0,0,1,1,0,1,1,0,0,1,0,1,0,0,0,0,0,3.9237281717473538,-1.9695638351921487,1.701002933365779,1.184095596267572,3.29882366886984,-0.065044663439935,-0.8272989163663029,4.954291983500073,1.857496841078376,0.0,0.426344692770463,0.0,1.9543000281320029,2.3404038252051675,0.0,3.552323620179659,1.3166160104216218,-0.1419481522753944,2.244872926746744,-2.670616195259208,0.0,0.0,0.0,-1.6612478670807966,3.269853106759265,0.0,3.186310474739795,2.944450709392261,0.793156201036093,-0.1043357227924723,0.0,1.5447342513312043,-1.2131428018556665,-0.5880230594170273,0.3022003853257378,-3.4979133889397414,0.0,0.6787054586938763,1.5698381472234906,1.349646294499671,-0.7052106596858339,2.858254432212699,0.0,0.0,-3.1773616501582005,-3.1001788549464324,-0.2737052713935524,-0.3217866066760955,0.0,1.1587934611590205,1.33872206229684,-0.5274989233700411,-1.3693674153317594,-5.827255931103337,2.539185318002364,-2.6463812244137497,0.0,2.3211799322274533,-3.1654567476518825,0.0,0.0,-1.1012189568740862,-2.3149518628263994,-2.6104160757202344,1.8719875497363887,-4.035496461875281,1.1824591724816562,-1.5252543488916144,-0.0130242154271267,0.4277130385889713,0.0,0.0,-0.6303520776263503,0.0,0.0,0.0,0.0,0.0,0.0,1.2361839595896102,-4.941948744749149,0.0,0.0,0.0,-2.039989371680597,0.0,-0.0639794170009873,0.0,0.0,1.6159315945935535,0.0,0.0,-6.726739544661111,2.912578990820854,0.0,0.5137607955503167,-3.84567017942726,0.0,0.0,-1.7292457789880296,0.0,1.06167928855203,0.0,0.0,0.0,0.0,0.0
SAMD00114776,1,1,1,0,1,0,0,1,0,0,1,0,0,1,0,1,1,1,0,1,0,1,1,0,1,0,1,1,0,1,1,0,1,0,0,0,1,1,1,1,1,1,0,1,1,0,1,0,0,1,0,1,0,1,0,1,1,1,1,0,1,1,1,0,1,1,1,1,1,0,0,1,0,0,0,0,0,0,0,0,0,0,0,0,0,0,1,0,1,0,0,0,0,1,0,0,1,0,0,1,0,0,1,1,0,0,0,2.500266270334693,-0.9690140518407142,0.2581285725541878,0.0,2.100908533540802,0.0,0.0,-3.620810407233402,0.0,0.0,2.5174172507022483,0.0,0.0,-0.638522810517709,0.0,3.7060403101328463,-0.3656768343425778,-4.871438903200138,0.0,-1.991067228638557,0.0,1.4452878947032826,0.0113064822837443,0.0,-6.118620461857311,0.0,-0.0176610999530475,0.7908346702568206,0.0,-2.2228324294050257,-0.4960574331356655,0.0,-1.9452326922947567,0.0,0.0,0.0,0.2328317179901624,-0.9181880154860682,-1.292282701486225,0.3804046442294413,-0.3503400513026926,-1.9916955667050984,0.0,3.576715306924103,0.6102877368212345,0.0,2.625681396415167,0.0,0.0,0.876027139408678,0.0,-2.144171554912149,0.0,3.678345728338952,0.0,2.1803488748491864,2.1525725415563244,2.312811102593203,1.9643072328395823,0.0,1.5722829490593693,-0.9473988404672072,-1.038588337472408,0.0,2.671573531656453,-0.0458153483601924,0.201329970239234,-1.7378933725255148,-2.2297198738500192,0.0,0.0,-2.176156430927929,0.0,0.0,0.0,0.0,0.0,0.0,0.0,0.0,0.0,0.0,0.0,0.0,0.0,0.0,-1.0014824475244517,0.0,1.320885432752587,0.0,0.0,0.0,0.0,1.747026045602642,0.0,0.0,-3.451211896360628,0.0,0.0,-0.7186963695600699,0.0,0.0,1.7340458199225803,0.1329080036520306,0.0,0.0,0.0
SAMD00114778,1,1,1,0,1,0,0,1,1,0,1,1,0,1,0,1,1,1,0,1,0,0,1,0,1,1,0,1,1,1,0,1,0,0,0,0,0,1,1,1,1,1,1,0,0,1,0,1,0,0,0,0,1,0,1,1,1,1,1,0,1,0,0,1,1,1,1,0,1,1,1,0,0,0,1,0,1,0,0,1,0,0,0,0,0,0,1,1,0,0,1,0,1,1,0,1,1,1,0,0,0,0,1,0,0,0,0,1.0311341563059715,-1.1059962431217734,0.924966553403708,0.0,3.260601891123174,0.0,0.0,2.359860109472044,3.672638939914733,0.0,0.8881345171866026,2.2337171741183286,0.0,-1.828762800445087,0.0,2.0801925436555893,-0.2510772457837111,0.4085499041630236,0.0,-0.5663231174600349,0.0,0.0,-1.754189010215277,0.0,1.7922069810649084,2.4371553387419964,0.0,0.0260540169512188,1.455749921138363,-2.690150764463397,0.0,2.573561261960931,0.0,0.0,0.0,0.0,0.0,-3.2825116334934306,-0.940075891368762,-1.0326260351825722,-1.7963939031153495,-3.240913241418647,-3.905372281325204,0.0,0.0,-5.333243069290836,0.0,4.2878321490989535,0.0,0.0,0.0,0.0,-2.295934368891104,0.0,0.8201317315433648,3.8069055996794168,-3.3528924302552303,-2.9285101630148604,-1.700135643102288,0.0,1.5780813045860158,0.0,0.0,-2.4900903833320616,2.8887632292653764,-0.205635690212524,-0.8431238055257044,0.0,-1.934879888864555,0.138036150630054,3.767988681500783,0.0,0.0,0.0,0.8590229537494577,0.0,-3.0545254577034333,0.0,0.0,-0.1552828031801962,0.0,0.0,0.0,0.0,0.0,0.0,-2.5991206278788503,0.1595077426889795,0.0,0.0,-2.982766688592375,0.0,-0.0727549316293185,3.178184476082741,0.0,0.4677916660908319,0.9471527696693594,0.9239183542221984,0.0,0.0,0.0,0.0,3.3754480008584773,0.0,0.0,0.0,0.0
SAMD00114730,1,1,1,1,1,1,1,1,1,1,1,1,1,1,0,1,1,1,1,1,0,0,1,1,1,0,1,1,1,1,1,1,0,1,1,0,1,1,1,1,1,1,1,0,0,1,1,1,0,0,1,0,1,0,0,0,0,1,0,0,0,1,0,0,1,1,1,0,1,1,0,1,0,1,1,0,0,1,0,1,0,0,0,0,1,1,1,1,0,0,0,0,1,1,0,0,0,1,0,1,0,0,1,0,0,0,0,3.259404073374241,-0.978662070913714,2.2018608079539,3.2294089486577,1.0813746594562226,-1.8693119303032504,5.262580527357651,3.5062427728299763,0.5125865195004018,1.6887490474360458,-0.107799362430158,0.4126357539481409,1.3121728203383436,-0.6262799320278636,0.0,1.6726466943068798,-1.8327943273707537,-2.5935307545329485,0.1696543623720274,0.2243501540351495,0.0,0.0,-0.5804445649471299,2.2500373285013584,-2.222906526123079,0.0,0.6713496516265304,-0.5770613047161861,1.3998326691102714,-0.7779242365747714,1.5565049051727515,1.7491489213952496,0.0,-2.0666222845733104,-1.0941397894903018,0.0,0.5380546265073037,0.8144300074523309,-0.8335199836194742,-2.34448788117821,-2.509876905426893,3.075173734145764,-2.4036061610112616,0.0,0.0,-2.457758681040492,-5.562399385817392,-0.0960182498847539,0.0,0.0,2.290667207837731,0.0,-4.816454019690475,0.0,0.0,0.0,0.0,2.236390600749913,0.0,0.0,0.0,-5.090890865392236,0.0,0.0,3.19732033557374,-3.3257996432463424,1.1872213848054731,0.0,-0.7339892676177096,-1.3960143918059251,0.0,0.6877851660699357,0.0,-2.021265465533453,-1.428872727190098,0.0,0.0,0.522484178288736,0.0,-2.292326656749194,0.0,0.0,0.0,0.0,2.7910409471578,-0.2684288022545698,0.1242900403282942,1.644692676422578,0.0,0.0,0.0,0.0,-2.7514012154627387,1.562107978167486,0.0,0.0,0.0,1.0432571450322865,0.0,1.5535252379606947,0.0,0.0,0.2316055030517794,0.0,0.0,0.0,0.0
SAMD00114731,1,1,1,1,1,1,1,1,1,1,1,1,1,1,0,1,1,1,1,1,1,0,1,1,1,0,1,1,1,1,1,1,1,1,1,0,1,1,1,1,1,1,0,1,1,1,1,1,0,1,0,1,1,1,1,0,0,1,1,1,1,1,1,1,1,1,1,1,1,1,1,1,1,0,1,0,0,0,0,0,1,1,1,0,0,0,1,1,1,0,1,1,0,1,0,0,1,1,0,0,0,0,0,1,0,0,0,3.098950953928385,-1.84880192670177,0.8119522628652514,1.3032764172429148,1.3576398602076711,0.7084764039352075,1.4241272632277822,2.5764116536866224,0.4958713272112258,2.289823880570076,-0.4688004630185851,0.7668899928810604,0.8082508219921374,-0.1196357991647849,0.0,2.3798826960114807,-2.609151257725296,-0.1293168428719406,0.1055056091287076,-2.729632607197056,2.420858126539632,0.0,-1.0521882484257503,2.0666253967469985,1.3100435053553694,0.0,2.852713765488451,0.1762781185012092,0.3579524890617139,-0.6985501811622106,1.2935987940651237,1.1758379604517732,-2.2924188007743105,-1.8643478921853296,1.1103691955312625,0.0,0.6477262222061011,-3.909901808893242,1.5812897473932697,0.900915653974834,-2.340680258579741,3.0157060836877987,0.0,2.8208540743866606,-0.0730759730278762,-1.585583677712245,2.205572978877272,2.162625181776882,0.0,1.7928408145888652,0.0,-3.2922305046983267,-4.213323690683634,2.7791829370524925,1.763809993173571,0.0,0.0,1.0696911921797978,1.2236418786728338,-3.7727421115424775,-3.959580897926252,-1.725140140093319,3.3968800167758,1.3392032527001927,0.4267657637957145,-2.378381776479724,0.8943443223999863,-0.2864444109763475,-1.3632624688551058,-6.674445435448193,-1.0634719975596594,-1.925507961276268,0.0403783537817903,0.0,-3.428253799933029,0.0,0.0,0.0,0.0,0.0,0.683715632205576,-2.1473754006743,1.0169186387435003,0.0,0.0,0.0,-4.582264867990927,0.7068488825139188,0.2225858801709689,0.0,-0.0388354327886517,0.3769660884663178,0.0,0.9283526621336872,0.0,0.0,1.754476844839472,-1.054230391528474,0.0,0.0,0.0,0.0,0.0,-1.0150525652325215,0.0,0.0,0.0
SAMD00114732,1,1,1,0,0,0,0,0,1,0,1,1,1,1,0,1,1,1,1,1,0,0,0,1,1,0,1,1,1,0,1,1,1,1,0,1,1,1,1,0,0,1,1,0,1,1,0,1,0,0,0,0,1,0,1,1,0,0,0,1,0,0,0,0,1,1,0,0,1,1,1,0,0,0,1,0,1,0,0,0,0,0,0,1,0,0,1,0,0,0,0,0,1,1,0,1,0,0,0,0,0,0,0,0,1,1,0,2.332335676724502,-2.124115166061923,-0.2140929088949112,0.0,0.0,0.0,0.0,0.0,0.35379810383262,0.0,0.8313440151046941,0.1946805776444149,1.827247463633587,-3.502198337351419,0.0,4.068726540684537,-0.6446142389022536,-0.9593277398245132,-0.9719007075200974,-2.115611962796835,0.0,0.0,0.0,-0.997817438653728,2.389232860617964,0.0,3.577054947640884,-2.443710596963804,0.3174634069625405,0.0,3.0672601443142504,2.1261201059313084,-0.9865200288966648,-0.3380649356904865,0.0,-0.5151485071709454,-0.4048039676545396,-0.1052545376425651,0.0490357995774048,0.0,0.0,2.760743657391939,-3.352731506836587,0.0,-1.831146737686994,-0.9014142393178028,0.0,-0.1230092847861825,0.0,0.0,0.0,0.0,-2.9703339072979564,0.0,1.5099933772924952,4.405792749834578,0.0,0.0,0.0,-0.2888517894914841,0.0,0.0,0.0,0.0,0.6913958170919854,-1.5589619866805076,0.0,0.0,0.0602340502428129,-0.0988615014063059,3.865198217361549,0.0,0.0,0.0,-4.931458734354752,0.0,0.1698640981912045,0.0,0.0,0.0,0.0,0.0,0.0,-1.3747179149800357,0.0,0.0,-0.9399485226073144,0.0,0.0,0.0,0.0,0.0,-1.3252983303535362,2.733151108342472,0.0,2.1559193410902315,0.0,0.0,0.0,0.0,0.0,0.0,0.0,0.0,-0.7512348720146642,-2.715441657669166,0.0
SAMD00114729,1,1,1,1,0,1,0,1,0,0,1,1,0,1,0,1,0,1,0,1,0,0,1,1,1,0,1,1,1,1,1,1,1,1,0,0,1,1,0,1,1,1,0,1,1,1,1,1,0,1,0,1,1,0,1,1,0,1,0,1,1,1,1,0,1,1,1,1,1,1,1,1,0,0,0,0,0,1,0,0,1,0,0,1,1,1,1,0,0,0,0,0,1,1,0,0,0,0,0,1,0,0,1,0,0,0,0,2.967475433743777,-3.101664912320888,0.3989586272748958,3.300494345080513,0.0,0.9900433617723452,0.0,2.923277377815732,0.0,0.0,0.4530583318064939,0.6299247384327757,0.0,-1.9577835503971064,0.0,3.5448858666424465,0.0,-1.593209087908734,0.0,-4.723878016243711,0.0,0.0,-1.5133224229912292,1.8415831116138208,2.8061458664146013,0.0,2.7810326026446424,0.4670728557615401,0.2827492564550058,0.1926297317945061,2.4986853956928927,1.645343920037619,-2.4636041213213886,-0.4199094527949134,0.0,0.0,-0.4383229498104097,0.0297737493215872,0.0,-1.2421984630468486,-1.0334818557677372,2.856803514240493,0.0,1.405351138278397,-1.0804817005417109,-2.9802839064162465,2.227750597182396,-0.0131259105380527,0.0,1.8474800233048536,0.0,-2.041878492341444,-4.450584681244029,0.0,1.4959734545014722,3.6902670632123376,0.0,1.557386893867884,0.0,-1.3288903512158696,1.6730278291651743,-0.6814535111999702,2.343234771636688,0.0,1.4742376843082108,-0.3876616151460099,0.6907927931511145,-2.103878693264236,-0.5978387006144115,-5.596493684615204,-1.9455024984207712,-0.8529002445375511,0.0,0.0,0.0,0.0,0.0,-2.550750990486552,0.0,0.0,-2.3175766157043283,0.0,0.0,-5.892759500758377,2.10069361557011,-0.9744579774578072,-0.9356381540264272,0.0,0.0,0.0,0.0,0.0,-1.318048522254994,2.112734121894776,0.0,0.0,0.0,0.0,0.0,1.4507039018664618,0.0,0.0,1.858008608901404,0.0,0.0,0.0,0.0
SAMD00115004,1,1,1,1,1,1,0,1,1,0,1,1,0,1,0,1,1,1,1,1,0,0,0,0,1,0,1,1,1,1,0,1,0,1,1,0,1,1,0,0,1,0,1,1,1,0,0,0,0,1,0,0,1,0,1,0,0,0,0,0,0,0,0,0,0,1,0,0,0,1,0,1,0,0,0,0,0,0,0,1,0,0,0,0,0,0,1,1,0,0,1,1,0,1,0,1,1,0,0,0,0,0,0,0,0,0,0,2.679169844515793,-3.0009905169288444,1.3799839296204677,0.4884601602812201,1.9068033848658053,1.4916117788037873,0.0,2.238029222752823,1.654298031059744,0.0,1.5523490020748425,0.8447529524085391,0.0,0.3036971353476195,0.0,1.3676343130807689,-2.2550360371501337,0.9708499547443068,-1.8577993443524128,-1.948063170778206,0.0,0.0,0.0,0.0,0.6922851607343854,0.0,3.383655738395783,-0.4021774361765177,0.718515594764083,0.5947255741267788,0.0,-0.1752399819182588,0.0,-2.40140066734581,2.58542301096548,0.0,-2.7268567474530747,-0.1964467468027829,0.0,0.0,-3.1606053270966656,0.0,-6.0660574838839,1.812823065115798,0.5089110663342001,0.0,0.0,0.0,0.0,-2.0290221764402645,0.0,0.0,-4.196229641286026,0.0,1.3886822500263925,0.0,0.0,0.0,0.0,0.0,0.0,0.0,0.0,0.0,0.0,-2.532682902455893,0.0,0.0,0.0,-0.9428060089639364,0.0,-1.5193134833444797,0.0,0.0,0.0,0.0,0.0,0.0,0.0,1.4686823443445924,0.0,0.0,0.0,0.0,0.0,0.0,-0.1607422146173581,1.229242605779365,0.0,0.0,1.167052291992904,1.70079753341621,0.0,-2.8268763928549534,0.0,2.132567867339508,2.137342466958328,0.0,0.0,0.0,0.0,0.0,0.0,0.0,0.0,0.0,0.0
SAMD00114789,1,1,1,1,1,1,1,1,1,0,1,1,0,1,0,1,1,1,1,1,0,0,1,0,1,0,1,1,1,1,1,1,0,1,1,0,1,1,0,1,1,1,1,1,1,1,1,1,0,1,0,0,1,0,1,1,1,0,0,0,0,0,0,0,1,1,1,0,0,1,0,1,0,0,1,0,1,1,1,1,0,1,0,0,0,0,1,0,1,0,0,0,1,1,0,0,0,0,1,1,1,0,0,0,1,1,1,3.976652271207051,-0.2082071111690457,1.303857533576786,2.9653292345072035,1.9400479330847105,1.988316085294885,4.228030552766488,3.6348053153803583,0.5748371130059042,0.0,1.339195951220998,0.9789022320509624,0.0,-1.6796655407824292,0.0,3.196310760536247,-1.7977860566917514,-0.6362936220588462,-0.467505484760214,-0.1466450136111141,0.0,0.0,-1.4617873609814824,0.0,1.9017858220387167,0.0,3.8046689993356377,-0.3970289876043746,0.0566806528207164,0.2053197661099928,1.8469403525013843,0.7205916922031129,0.0,0.8280065827997418,2.2848311663727987,0.0,1.160424143053972,-2.204909539972692,0.0,-0.1040699475916977,-0.9020869957211904,1.8643441630111373,-2.613283438829088,1.6239122479663377,-6.381373653813168,-1.0233860157676709,4.418838786076492,0.7227926468382249,0.0,-3.1078049144146096,0.0,0.0,-6.303412112343456,0.0,1.6599261653903328,0.1282409789310759,-1.2441453968354634,0.0,0.0,0.0,0.0,0.0,0.0,0.0,1.1668262684692958,-1.309075591216703,0.5599732189027404,0.0,0.0,-2.889792210682744,0.0,-2.387895217661054,0.0,0.0,-4.8389999719596135,0.0,-2.9198696659200216,-0.9968785910240788,-1.7917287694488289,1.1631872282985398,0.0,1.8063164733008263,0.0,0.0,0.0,0.0,-0.3500389163581969,0.0,-2.047799402525233,0.0,0.0,0.0,-7.219702844217611,1.3330505225971772,0.0,0.0,0.0,0.0,0.9669703607367452,-0.2712855835165844,-1.1950453297538652,0.0,0.0,0.0,2.392705204460272,0.7916108047143936,-0.6367259423284308
SAMD00114790,1,1,1,1,1,1,1,1,1,0,1,1,1,1,0,1,1,1,1,1,0,0,1,0,0,1,1,1,1,1,1,1,0,0,0,0,0,1,1,1,1,1,1,1,1,1,0,0,0,1,0,1,0,1,1,1,1,1,0,0,0,1,0,0,1,1,1,0,1,0,0,1,0,0,0,0,0,0,1,1,0,0,0,0,1,1,1,0,0,1,1,0,0,1,0,0,1,0,0,0,1,1,0,0,1,1,0,2.737949999537891,2.357005496087549,1.2297721853609551,-1.0756037814879702,1.140824054433228,-0.6729234148062384,0.9541129616680992,0.6070597816630114,0.4451730979353565,0.0,3.144592769020547,0.2568840307240305,-0.9677574814243092,-0.8826098632062076,0.0,0.7627452226492246,-0.3107699194057312,-1.765419476456912,-0.703024286231128,1.3495360368466367,0.0,0.0,-1.5409464323698734,0.0,0.0,2.8750755826157324,3.3754560464405747,0.1088527838946891,-0.5814061853472989,-5.341207840798167,-0.440269550725364,-0.8919390411475476,0.0,0.0,0.0,0.0,0.0,0.294712664385873,0.511819381291098,1.264625849460591,-2.276614717673054,3.553150125006966,-4.643122378597639,2.7405426991431865,0.9171233863166328,-4.887424155419195,0.0,0.0,0.0,0.1007382828250025,0.0,-2.1066146000345567,0.0,3.445056699036071,-0.1074553983765209,-1.8378232900523293,2.712824002063659,-1.2440619255040708,0.0,0.0,0.0,-2.0903729437059244,0.0,0.0,4.038296954151335,-7.317271028024168,1.6152527331226911,0.0,0.331332567537244,0.0,0.0,-0.885709928838381,0.0,0.0,0.0,0.0,0.0,0.0,1.0060079564480169,0.8309473960088829,0.0,0.0,0.0,0.0,1.440074526966784,-1.6242606503498778,-1.4224747253300811,0.0,0.0,-0.9102731799710996,0.090696609892898,0.0,0.0,-0.0930900470109834,0.0,0.0,4.556741134771402,0.0,0.0,0.0,3.042386063185212,-2.704983374267212,0.0,0.0,-2.771699204922112,-1.7402402590071102,0.0
SAMD00114791,1,1,1,0,1,1,1,1,1,1,1,1,0,1,0,1,1,0,1,0,0,1,1,1,1,0,0,1,1,1,0,1,0,1,0,0,1,1,1,1,1,1,0,1,1,0,0,1,0,1,0,1,1,0,0,1,1,1,0,0,0,1,1,0,1,1,1,1,1,1,0,0,1,0,0,0,1,1,0,1,0,0,0,0,1,1,1,0,1,1,0,0,1,1,0,0,0,0,0,1,0,0,0,0,0,0,0,3.053283860762479,-3.0170473305608314,1.2800499854383256,0.0,-0.7041981686556198,-3.636761075248955,-4.070826798190335,3.687478576627804,-1.296547050061417,1.3693946936375347,0.161877102945382,-0.2780143458698301,0.0,-0.8891528359776153,0.0,3.542481943188044,-1.2573773974589972,0.0,-0.1249538220428296,0.0,0.0,1.5791004822900092,-0.7500859213878881,-1.8546554060734133,2.9271262651508403,0.0,0.0,-0.2476244369291607,-1.613538539167132,2.3350696273107188,0.0,2.151173638652768,0.0,-1.572630384315703,0.0,0.0,-0.2027334479410776,-1.9684396991606288,0.846255636357699,2.084786635580139,-1.096699548969004,2.675221600602973,0.0,1.989430084502358,-1.7933115649508986,0.0,0.0,-4.218550720678699,0.0,2.7839214108805943,0.0,-2.511359630482571,-6.681283512972378,0.0,0.0,3.128036496175408,2.122709783129018,1.3912659615591698,0.0,0.0,0.0,-1.141879280404135,1.3651225844750356,0.0,2.573660326314032,-0.0372196945824803,0.9968236227417556,-1.0805251043129838,0.8997249993145102,-5.830233302966624,0.0,0.0,0.7825021868227426,0.0,0.0,0.0,-0.62752391336907,2.6059521085020263,0.0,0.5972001280294392,0.0,0.0,0.0,0.0,0.3057206364106409,-3.678993838872228,-1.3408397398616083,0.0,1.1459888665020783,1.5738201130852183,0.0,0.0,-2.64750874950812,2.780100197911728,0.0,0.0,0.0,0.0,0.0,1.4352357060717729,0.0,0.0,0.0,0.0,0.0,0.0,0.0
SAMD00114792,1,1,1,0,1,0,1,1,1,0,1,1,1,1,1,1,0,1,1,1,0,0,1,1,1,0,1,1,1,0,1,1,0,1,0,1,1,1,1,1,1,1,1,0,1,1,1,0,0,1,1,1,1,0,0,1,0,0,0,0,0,1,0,0,1,1,1,0,0,1,0,1,0,0,0,0,1,0,0,0,0,0,0,0,1,1,1,1,0,1,1,0,1,0,0,1,1,1,0,1,0,0,0,0,0,0,0,2.965218820900359,-3.216257058661906,0.2172019070470361,0.0,-0.2399482210047403,0.0,4.743295337302163,3.824561222230113,0.57685335115977,0.0,0.5324923790174525,-0.2396700568861178,2.2949909017765213,-0.3137566350044958,-4.73822894531473,3.502271568449328,0.0,-0.3799988404583354,-0.4377174559855366,-1.4104987155344473,0.0,0.0,-1.730382841377228,-1.8922300389615423,3.077094131129108,0.0,2.9599675204007987,-1.4222264097158068,1.1466938331752228,0.0,3.1030158154935954,2.9729898544753306,0.0,-1.0081775579162509,0.0,-0.2022078930218933,1.1088057504128916,0.2864736059929609,1.982511279627161,0.9044313879493608,-0.4676577515661715,3.6849502259192506,-2.788753730094921,0.0,1.3711575166943553,-3.5386407393066186,-3.3503733036278875,0.0,0.0,-0.0580092662571565,3.26348405663188,-1.6098250236106053,-6.722360307190241,0.0,0.0,2.196046543476802,0.0,0.0,0.0,0.0,0.0,-1.0249618031439636,0.0,0.0,-7.328496110760557,0.120371484592443,1.79411444439171,0.0,0.0,-2.615219183446614,0.0,-1.339743571156048,0.0,0.0,0.0,0.0,0.6066737756426659,0.0,0.0,0.0,0.0,0.0,0.0,0.0,0.6126215716815728,-3.489043798167246,-0.2949896264728595,2.4211650149281883,0.0,-5.5938950553724505,2.035866361348298,0.0,-0.9305947056241162,0.0,0.0,3.319522641774092,-5.103872559236223,3.5783616038792374,0.0,2.284533297377036,0.0,0.0,0.0,0.0,0.0,0.0,0.0
SAMD00114783,1,1,1,0,1,1,0,1,1,0,1,0,1,1,0,0,1,0,1,1,0,0,0,1,1,0,1,1,0,0,0,0,1,1,1,0,0,1,0,0,0,0,1,0,0,1,0,1,0,1,0,0,1,0,0,1,0,0,0,0,0,0,1,0,1,0,0,0,0,1,1,0,0,0,1,0,0,1,0,1,1,0,1,0,1,1,0,0,0,0,0,0,0,0,0,1,0,0,0,0,0,0,0,1,1,1,0,1.2592916216680583,1.2814219522960264,1.9037142773146207,0.0,2.730037643816062,4.0803323561826,0.0,4.057775278083457,0.8103485462379361,0.0,0.1948337730696148,0.0,0.4997508799742985,-3.494791671381043,0.0,0.0,-2.032192924698223,0.0,0.2268776055558843,1.5152547262983411,0.0,0.0,0.0,1.278251246100451,-0.1626760066592314,0.0,0.653502273275445,-0.523994577147787,0.0,0.0,0.0,0.0,2.427693330377207,-1.6132779071543415,0.3847955115768352,0.0,0.0,-1.871519546217394,0.0,0.0,0.0,0.0,1.0896172189799684,0.0,0.0,2.6444627501191653,0.0,2.222694160207608,0.0,-0.8568010085335866,0.0,0.0,-2.07426413861891,0.0,0.0,-4.75066893700577,0.0,0.0,0.0,0.0,0.0,0.0,0.0691899445492967,0.0,-3.7808167426251935,0.0,0.0,0.0,0.0,0.2352679220668614,1.870329605461345,0.0,0.0,0.0,-2.2874662842911446,0.0,0.0,-6.313189929652118,0.0,3.305026530571326,-4.178037780958277,0.0,3.1473220882482487,0.0,-0.4043713020241262,2.614549881539576,0.0,0.0,0.0,0.0,0.0,0.0,0.0,0.0,0.0,1.6963808356118746,0.0,0.0,0.0,0.0,0.0,0.0,0.0,-3.983881766517319,-1.960227427922148,-1.910544007775501,0.0
SAMD00114784,1,1,1,0,0,1,0,1,0,0,0,0,0,1,0,0,1,1,0,1,0,0,0,1,1,0,0,0,0,1,0,0,1,0,0,1,1,1,0,1,0,0,0,1,1,0,0,1,0,1,0,0,1,0,0,1,0,0,0,0,0,0,1,0,0,1,0,0,0,1,1,0,0,1,1,0,1,0,0,0,1,1,0,0,0,0,1,0,0,0,0,1,1,1,0,0,1,0,0,0,0,0,0,1,0,0,0,2.568223404792727,-1.35097753339607,-0.8349821970599123,0.0,0.0,2.080966088105492,0.0,5.327984697801476,0.0,0.0,0.0,0.0,0.0,-1.5539042929849038,0.0,0.0,3.211173410208974,-2.180530791203287,0.0,-1.4111562452554571,0.0,0.0,0.0,-4.084706748915972,-1.758698705630917,0.0,0.0,0.0,0.0,1.9391396504298497,0.0,0.0,-2.741977785553374,0.0,0.0,-1.8225222556191008,-2.283836691617457,2.226251450832421,0.0,-1.113551487697903,0.0,0.0,0.0,1.206024109245008,0.8800762577534664,0.0,0.0,3.051769561861917,0.0,0.898820686824077,0.0,0.0,-0.0760607106657353,0.0,0.0,-3.522616732914198,0.0,0.0,0.0,0.0,0.0,0.0,0.9606557032837848,0.0,0.0,0.3532411827253467,0.0,0.0,0.0,1.9979343807568903,4.308055054869404,0.0,0.0,-0.8447823318172241,0.0571426302548971,0.0,1.1976163363082837,0.0,0.0,0.0,-2.050341179298795,1.9146671877853865,0.0,0.0,0.0,0.0,-2.7129686855702886,0.0,0.0,0.0,0.0,-2.1685494754336263,-1.832806677784639,4.021521846830141,0.0,0.0,-3.7306363499310056,0.0,0.0,0.0,0.0,0.0,0.0,-0.1256567623196702,0.0,0.0,0.0
SAMD00114785,1,1,1,0,0,1,0,1,1,0,1,0,1,1,0,1,1,1,1,1,0,1,1,1,1,0,1,1,1,1,1,1,1,1,1,0,1,1,1,1,1,0,1,0,1,0,1,1,0,1,1,1,1,1,0,1,0,1,0,1,0,1,1,0,1,1,0,0,1,1,0,0,0,0,0,0,0,0,0,0,0,1,0,0,1,1,1,0,0,0,0,1,1,0,0,0,1,0,0,1,0,0,0,1,0,0,0,2.9021975155842323,0.3275725598455589,2.17030365494742,0.0,0.0,1.430702933846228,0.0,2.940534479234377,1.3388680801976969,0.0,0.5574069819436261,0.0,1.458751739212356,0.8854845796563051,0.0,2.1709811066710234,0.1745586588519539,-0.1678898655139933,0.6919345460812241,0.226891028282192,0.0,1.850760805453579,-0.5798896206941808,-2.622637914792788,0.5421606951147898,0.0,2.175370020155412,1.6735009959030969,1.2204301812826426,0.3551501833585331,-0.9717960022569844,0.5326212860187384,-0.248359864838138,-0.3203390442773384,2.653704269931871,0.0,1.2858629507776425,-3.442912553883517,-0.2817130550905533,0.1386184406646541,-2.1431232406285146,0.0,-1.36103665175962,0.0,-0.9334718293337354,0.0,3.2995793043242374,-4.911418484874924,0.0,0.9991267944176396,1.4698583882560774,-0.5022435613115472,-1.77557369926646,2.0744844069742467,0.0,1.1921589309695662,0.0,0.5084025856171281,0.0,-3.4992520339294377,0.0,0.6135845394117225,0.8111250670515273,0.0,0.6675959300619341,-3.9680775754677424,0.0,0.0,-1.581953899984366,-0.7191401103602775,0.0,0.0,0.0,0.0,0.0,0.0,0.0,0.0,0.0,0.0,0.0,1.1834520480735768,0.0,0.0,1.50984310945194,-1.909055020539296,-3.298759957740781,0.0,0.0,0.0,0.0,-2.3918377324432374,-5.572816967120287,0.0,0.0,0.0,4.61741725958152,0.0,0.0,0.4773401896110955,0.0,0.0,0.0,-5.92503756070964,0.0,0.0,0.0
SAMD00114786,1,0,1,0,1,1,0,1,0,0,1,0,1,1,0,1,1,1,1,1,0,0,0,0,1,0,0,0,1,1,1,1,1,1,0,0,0,1,0,0,0,0,0,1,0,1,0,1,0,0,1,0,1,0,0,1,0,1,0,0,0,0,0,0,1,1,0,0,0,1,1,0,0,1,0,0,1,0,0,1,1,0,1,0,1,1,1,0,0,0,0,0,1,0,0,0,0,0,0,1,0,0,0,0,0,0,0,1.0651011329463973,0.0,0.7597619866342928,0.0,0.6625666733396851,0.8145817203052257,0.0,-3.933503940873316,0.0,0.0,0.05818916056131,0.0,1.2829011338488536,-3.132085686236806,0.0,3.036283919309456,0.405280452215957,-0.3424977391622281,-0.3073509983610256,-4.009568522962407,0.0,0.0,0.0,0.0,-1.953172765156169,0.0,0.0,0.0,-0.2535581447640005,1.3841469960598347,1.74338294834701,2.9160298429116565,-2.689965536341189,-0.6210315928280774,0.0,0.0,0.0,1.4384333436650345,0.0,0.0,0.0,0.0,0.0,-0.000594455974048,0.0,-3.567159899662559,0.0,-0.6553725836062616,0.0,0.0,2.916626975583924,0.0,-3.2240480222714467,0.0,0.0,4.923404993460446,0.0,2.815798692621494,0.0,0.0,0.0,0.0,0.0,0.0,2.392273776614579,-1.6908243710594897,0.0,0.0,0.0,-0.5977290450875834,-1.7283388751656896,0.0,0.0,-2.668642766872368,0.0,0.0,2.263722275014445,0.0,0.0,0.504493930878178,-4.113138527846446,0.0,0.0262979694779965,0.0,1.7560219337842553,2.2671295368039,0.155645285454771,0.0,0.0,0.0,0.0,0.0,-1.2854121660064886,0.0,0.0,0.0,0.0,0.0,0.0,1.1859209603988976,0.0,0.0,0.0,0.0,0.0,0.0,0.0
SAMD00115007,1,1,1,0,0,1,0,1,0,1,1,0,0,1,0,1,1,0,0,1,0,0,1,0,1,0,0,1,1,0,1,1,0,0,0,1,0,1,0,1,0,1,0,1,1,1,0,1,0,0,0,0,1,0,1,0,0,1,0,0,0,0,0,0,1,1,1,0,0,1,0,1,0,0,1,0,0,1,0,1,1,0,0,0,0,0,1,0,0,0,0,0,1,1,0,0,0,0,0,1,0,1,0,0,0,0,0,2.80748203424643,-1.23244925154664,0.86230230568158,0.0,0.0,1.0844759911467017,0.0,3.2747674357764875,0.0,0.5888318538635723,0.4932112222472488,0.0,0.0,-3.2360895846058795,0.0,3.555334283591728,-2.0150429684700044,0.0,0.0,-1.3013384650327913,0.0,0.0,-3.781187958295885,0.0,-1.823699758198868,0.0,0.0,-0.1201750345231593,-0.5836520191822546,0.0,3.1192468056703087,0.4675609123733651,0.0,0.0,0.0,0.3122010762609723,0.0,0.2205827898503579,0.0,0.9616364656302248,0.0,1.5293625899873722,0.0,2.1315076189577846,-0.4122514388519506,-2.333462198389619,0.0,-0.6476959560078498,0.0,0.0,0.0,0.0,-3.878598809471391,0.0,2.134163130264961,0.0,0.0,2.243339747703484,0.0,0.0,0.0,0.0,0.0,0.0,1.1709320696491328,-2.127389525127501,0.720001801331906,0.0,0.0,-1.7869983913484395,0.0,-2.7037836423128674,0.0,0.0,-2.265785816117845,0.0,0.0,0.9617208591572912,0.0,1.8353894160070432,1.5317595555110202,0.0,0.0,0.0,0.0,0.0,-2.382261850270093,0.0,0.0,0.0,0.0,0.0,-0.3784851190667485,1.8749139058999664,0.0,0.0,0.0,0.0,0.0,0.6925563075379461,0.0,-1.5629323915270987,0.0,0.0,0.0,0.0,0.0
SAMD00115011,1,1,1,1,1,0,1,1,1,0,1,1,1,1,0,1,1,1,1,1,0,1,1,1,1,1,1,1,1,1,1,1,0,1,1,1,1,1,1,1,1,1,0,1,1,1,1,0,0,0,0,0,0,0,1,1,1,1,1,0,1,0,1,1,1,1,1,1,1,0,1,1,1,1,0,1,0,1,0,0,1,1,0,0,1,1,1,0,1,0,1,0,1,1,1,0,1,1,1,0,0,0,0,1,1,0,1,2.788635739410619,-3.249802140910349,1.215977939503305,-0.1281244154595966,2.407340084574852,0.0,-2.205440441991988,2.463162471041854,1.8620141547509896,0.0,-0.4107092023747749,1.626188458373577,2.5072395162905683,0.0972317552223127,0.0,1.6319678963301003,-1.1720637814956043,-0.2066361153902929,0.5622911200451048,-1.6202704379810402,0.0,2.404409543184727,0.1147158501566136,-1.38583714452223,-0.0239212062459031,2.319042955544048,3.467027843361294,0.9405274408672524,-0.3766291425921804,-0.4395647707244572,0.5678013770381789,0.7796738126980028,0.0,-0.9688604773605174,-2.0023573909415875,-1.1107557167405535,-3.231407998754375,-2.114336116897605,1.754833342077089,0.96212374979126,0.158629734652739,2.42844247955097,0.0,3.0644115791506694,-1.354664317228459,-2.24633502915864,1.16567782206483,0.0,0.0,0.0,0.0,0.0,0.0,0.0,1.367692772738251,-0.4740470260957028,1.6555001399001616,0.3493056043483304,0.1512302106334351,0.0,2.1399983345638107,0.0,0.7113881381477177,1.5678710273792242,1.4025775169524473,-3.438580139303216,1.7610394025421086,0.2467429236032581,-1.6603648951829182,0.0,-1.945692838415668,-0.0355409073057972,0.0905024311610633,-1.1493877677426736,0.0,-0.449145682336215,0.0,-2.158227761648372,0.0,0.0,-1.4975934723117528,0.1685330249642509,0.0,0.0,1.5214172457299666,-0.9799243658920876,-3.264765013587062,0.0,-2.1107639757703405,0.0,-1.58851415842397,0.0,-3.889924853162074,0.9698147604003228,0.77065338939298,0.0,2.5860611079002886,0.1758865934546065,-2.9973882072960265,0.0,0.0,0.0,0.0,0.7275635177000602,-1.588044233603292,0.0,-2.177523662345932
SAMD00114804,1,1,1,0,1,1,1,1,1,0,1,1,1,1,0,1,1,1,1,1,0,1,1,1,1,0,1,1,1,0,1,1,0,1,1,0,1,1,1,1,1,1,1,1,0,1,1,0,0,1,1,1,1,1,1,0,0,0,0,1,0,1,1,0,1,1,1,0,0,1,1,1,0,1,1,0,1,1,0,1,0,0,0,0,0,0,1,0,0,0,1,1,1,0,0,0,0,0,0,0,1,1,0,0,0,0,0,2.129047897986087,0.1420472228082744,1.0527563479828412,0.0,0.6445064442006451,-0.1531518570675982,2.573276262202872,3.374696301972537,0.1995817169677816,0.0,1.4488162553974764,-0.4237925543915004,-1.6141677277214737,-1.8725810498134767,0.0,2.3993649566289745,-1.2928482678102082,-0.0171281502423419,-0.403294145046577,0.2773741008470771,0.0,-0.3781650305312558,-0.7626056233092133,-2.252819008406357,-1.7935404796942376,0.0,1.146166027468987,0.7583788781334773,0.2820863018852731,0.0,1.3314764419439644,1.091758699061686,0.0,-0.94680846406304,2.795245840004561,0.0,-1.332870557563434,0.1830292396968328,1.0825747213086632,0.4067929434534145,2.1692376003757285,3.1947316775603767,0.3776431469331105,1.1102448220617795,0.0,-3.0076159261979827,3.0585266686349986,0.0,0.0,1.7943390933825785,2.731984041323612,-2.290151437987332,-2.893371909019291,3.6523496942084392,0.8222621634647564,0.0,0.0,0.0,0.0,-0.6385230983947847,0.0,-1.0812359140951875,0.5453703741689782,0.0,0.4971865851793551,-0.9594269280222514,0.2150680231666254,0.0,0.0,-1.558106034090794,-0.5682610999255044,-2.8829053743356585,0.0,-2.7323179129459234,-1.5455483136053092,0.0,-0.0327145006856822,-3.329022731299257,0.0,-1.852348674236544,0.0,0.0,0.0,0.0,0.0,0.0,-1.7449388948701234,0.0,0.0,0.0,-0.8490788708533861,0.0129840540599127,-1.292663663785316,0.0,0.0,0.0,0.0,0.0,0.0,0.0,-0.6688225423884746,-0.3300778020721535,0.0,0.0,0.0,0.0,0.0
SAMD00114806,0,1,0,0,1,1,0,1,0,0,0,0,0,0,0,0,1,0,0,1,0,0,0,0,1,0,1,0,1,0,1,0,0,0,0,1,0,1,0,0,0,0,1,0,0,1,0,1,0,1,0,0,1,0,0,0,0,0,0,0,0,0,1,0,0,1,1,0,0,1,1,0,0,0,1,0,1,0,0,1,0,1,0,0,1,1,1,0,0,0,0,1,1,0,0,0,0,0,0,0,0,0,0,0,0,0,0,0.0,-2.215754274019675,0.0,0.0,-4.388737648447094,-0.5544279104692602,0.0,4.772461473001071,0.0,0.0,0.0,0.0,0.0,0.0,0.0,0.0,0.948766454052923,0.0,0.0,-2.7701544031908023,0.0,0.0,0.0,0.0,0.9991878384180136,0.0,3.2020305940778453,0.0,0.6289165361881166,0.0,5.302836127534046,0.0,0.0,0.0,0.0,-3.821578450338813,0.0,1.97076897011292,0.0,0.0,0.0,0.0,-1.1171419853515652,0.0,0.0,-1.092115853046106,0.0,2.29075055231579,0.0,-2.4327822115065976,0.0,0.0,-5.289252417727082,0.0,0.0,0.0,0.0,0.0,0.0,0.0,0.0,0.0,-0.8916948410223233,0.0,0.0,-0.8308687890511133,0.4002547345953771,0.0,0.0,-2.800007366340483,0.6771395533091996,0.0,0.0,0.0,-0.7953539037145212,0.0,1.7085899382091096,0.0,0.0,2.479137477384152,0.0,1.3706321858853956,0.0,0.0,-0.1997791547416472,2.8230746166087908,-3.7370752261563966,0.0,0.0,0.0,0.0,0.7935420665024469,2.568635316928284,0.0,0.0,0.0,0.0,0.0,0.0,0.0,0.0,0.0,0.0,0.0,0.0,0.0,0.0
SAMD00114807,1,1,1,1,1,1,0,1,1,0,1,1,1,1,0,1,1,1,1,1,0,0,1,1,1,0,1,1,1,1,0,1,0,1,1,0,1,1,1,1,1,0,1,1,0,1,1,0,0,1,0,1,1,0,1,0,0,0,0,0,1,1,1,0,0,1,0,0,0,1,1,0,0,1,1,0,1,1,0,1,0,1,1,0,1,1,1,0,0,0,0,0,1,0,0,0,0,0,0,1,0,0,0,0,1,1,1,3.1942588626294164,1.1145843254586534,1.3250668584169376,2.9028811360305973,1.4639713476879597,1.485876524497174,0.0,3.2190746793776084,1.778913663109217,0.0,1.0712507396065722,0.1858082765531181,1.0882054676809427,-0.9361798478618562,0.0,2.4216152754381923,-1.7058314611468963,-0.0477775449455343,0.6759895877782169,1.3718046945314717,0.0,0.0,-0.1660832438734925,1.081754958618526,0.5887165447480467,0.0,2.7389623304021824,0.3315097002609737,0.5284570988088072,1.502839415598806,0.0,-0.4652356322479825,0.0,-0.5632759535500911,0.3134594084190019,0.0,-1.176008244382012,-1.3698624373566168,-0.3268780791603214,0.2615186087028821,-0.7573671584769892,0.0,1.5726081175449944,2.464946431314401,0.0,1.3130229976342722,2.1940443825485394,0.0,0.0,2.335069365423054,0.0,-2.07694814466666,-2.371590649711102,0.0,1.0984273868875682,0.0,0.0,0.0,0.0,0.0,-2.7315845979789604,-0.9559473440311008,1.5936607823265208,0.0,0.0,-2.851447619258076,0.0,0.0,0.0,-1.481361416318021,-4.67259554748563,0.0,0.0,-0.6752160423942333,-0.1018261303203511,0.0,-0.5418598451280858,-3.554008647687397,0.0,0.6837920977289804,0.0,-0.4491867925775221,0.5266572318613947,0.0,-2.2459314903783865,0.9055043510889184,-2.2555076467061497,0.0,0.0,0.0,0.0,0.0,-3.6901229087301743,0.0,0.0,0.0,0.0,0.0,0.0,-1.4134873755893045,0.0,0.0,0.0,0.0,-1.4541408639165578,-1.2104020959745394,-3.086587886859916
SAMD00114809,1,1,1,1,1,1,0,1,1,0,1,1,0,1,0,1,1,1,1,1,0,0,1,0,1,1,0,1,1,1,1,1,1,1,0,0,0,1,1,1,1,1,1,0,1,0,0,1,0,0,0,1,1,0,1,1,0,0,0,0,0,1,1,0,1,1,1,1,1,1,0,1,0,0,0,0,0,1,0,0,1,0,0,1,1,1,1,1,0,0,0,0,1,1,0,0,0,0,0,0,0,0,0,0,0,0,0,3.170307680797355,-1.2782940997497243,0.9869470973776672,4.143645147825325,1.4198947317960582,-0.2218430786346141,0.0,4.483535727874472,-0.612949675408714,0.0,1.2528835890390722,0.5369792173985818,0.0,-1.1577149260234745,0.0,3.321925421195149,-0.886766834419717,-1.076218580830124,-0.364756294596974,-3.1175559029627826,0.0,0.0,-0.7915534553511532,0.0,-1.5644500368423433,1.785326961406228,0.0,0.8493817597238947,0.4008504423673859,1.7489662542850952,-1.8548043765839088,2.409446389839096,-3.2977176317033075,0.2355357649250038,0.0,0.0,0.0,-0.1322380318905063,1.8275169225171428,0.0171154127847399,-0.2138105086698929,2.310643186241254,-3.046283349643867,0.0,-1.3744064339544786,0.0,0.0,0.5283643269342496,0.0,0.0,0.0,-1.4656109300433724,-3.66042088047339,0.0,0.9830154785644832,1.6268198622769083,0.0,0.0,0.0,0.0,0.0,-1.7731163518157371,2.1660730337563194,0.0,3.0290935380234423,-1.815328853899372,0.9459269064441186,0.6771636815051917,-1.2396738399843217,-4.049738002173573,0.0,-5.26213674681358,0.0,0.0,0.0,0.0,0.0,2.5296085523545973,0.0,0.0,2.237337625867577,0.0,0.0,-3.889395352098393,-3.2977176317033075,0.0833577620716403,-0.7226955338595658,2.0146377404323657,0.0,0.0,0.0,0.0,-1.5868102591043471,2.0317073836101267,0.0,0.0,0.0,0.0,0.0,0.0,0.0,0.0,0.0,0.0,0.0,0.0,0.0
SAMD00114813,1,1,0,1,1,0,0,1,0,0,0,0,0,0,0,1,1,0,0,1,0,0,0,0,0,0,0,1,0,1,1,1,0,0,0,0,0,1,0,0,0,0,1,0,0,1,0,1,0,0,0,0,1,0,1,1,0,0,0,0,1,0,0,0,1,1,0,0,0,1,1,0,0,0,1,0,0,0,0,0,1,1,0,0,0,0,1,0,0,0,0,0,1,1,0,0,0,0,0,0,0,0,0,1,1,1,1,1.38862367272047,-3.0109162152214552,0.0,1.254448752298858,1.0785915526601824,0.0,0.0,1.053768191118991,0.0,0.0,0.0,0.0,0.0,0.0,0.0,-0.5805685496838895,-1.4078194781258024,0.0,0.0,-0.3778366228159844,0.0,0.0,0.0,0.0,0.0,0.0,0.0,-1.883641528318459,0.0,0.0367317885495142,-3.1274358268310665,2.4479750805497,0.0,0.0,0.0,0.0,0.0,-0.1814281027121236,0.0,0.0,0.0,0.0,-1.063021401554387,0.0,0.0,0.3226419025240519,0.0,1.4442245802581464,0.0,0.0,0.0,0.0,-3.601995272612663,0.0,-1.909778672686152,-2.4222870902863582,0.0,0.0,0.0,0.0,-1.2766126682029664,0.0,0.0,0.0,-0.5773472194892024,-3.707863273691176,0.0,0.0,0.0,-1.240237053904131,5.30921202114174,0.0,0.0,0.0,-0.0433909399294745,0.0,0.0,0.0,0.0,0.0,1.12215459451124,2.976650098886241,0.0,0.0,0.0,0.0,-2.083311723447027,0.0,0.0,0.0,0.0,0.0,-3.759958385574577,-0.1401911760004612,0.0,0.0,0.0,0.0,0.0,0.0,0.0,0.0,0.0,1.1146264302062938,4.832904659227892,2.9832973942502363,5.029790482183813
SAMD00114826,1,1,1,1,1,1,0,1,1,0,1,1,0,1,0,1,1,1,1,1,0,0,1,0,1,1,1,1,1,1,1,1,0,0,1,0,1,1,0,1,0,1,1,1,1,1,1,1,0,0,0,0,1,0,0,1,0,0,0,0,0,0,1,0,1,1,1,1,1,1,0,1,0,0,0,1,1,1,0,0,0,0,0,1,0,0,1,0,0,0,0,0,1,0,1,1,0,1,0,1,0,1,0,0,0,0,0,1.6730045156204278,2.005825652857125,-1.5241602365229112,1.453764212902098,0.2436262020464826,-0.5915699163546433,0.0,2.6081220888286403,0.1539855388459547,0.0,1.0633395077975445,-1.6575898600614023,0.0,-4.234826061515589,0.0,3.773848367093225,-3.841337144454141,-6.403879761885112,0.3492299231533098,0.4563907505252808,0.0,0.0,-1.450035302135602,0.0,2.459574650892326,1.2511038990926804,2.443320616252441,-1.4906505925520448,-0.0069761486747229,2.085794482868823,1.52204571279235,2.628357642523693,0.0,0.0,-2.5600686829608463,0.0,-1.5678459015676731,-1.042734320554206,0.0,0.8860933218187658,0.0,3.675565390358471,-2.883049205278412,1.2169478664642397,-0.7385349736942883,-1.6663116378895566,0.442016735581213,-2.3905983931328807,0.0,0.0,0.0,0.0,-3.027466142800696,0.0,0.0,2.747035659006853,0.0,0.0,0.0,0.0,0.0,0.0,0.5204560472442452,0.0,2.5128275321458498,0.7477159036274531,1.4732448237968363,-0.4131967701119505,1.2357399788211685,-0.8605350505228619,0.0,1.2860489704633224,0.0,0.0,0.0,-2.2099727101201565,1.3208568328712889,1.2510890965584864,0.0,0.0,0.0,0.0,0.0,-1.8597542077803368,0.0,0.0,-1.2347283304519583,0.0,0.0,0.0,0.0,0.0,0.3128663319055043,0.0,1.0224739789362218,-0.4638318720367251,0.0,2.364607024261681,0.0,-1.6281759748551088,0.0,-3.439090060040177,0.0,0.0,0.0,0.0,0.0
SAMD00114829,1,0,1,1,0,0,0,1,1,0,1,1,1,1,0,1,1,1,1,0,0,0,1,1,1,0,0,1,1,1,1,1,0,1,0,0,0,1,1,1,0,1,0,1,1,1,1,0,0,0,0,0,1,1,0,1,1,0,0,1,0,0,1,0,1,1,0,0,0,1,0,1,0,0,1,0,1,1,0,0,0,1,0,0,0,0,1,1,0,0,0,0,1,1,0,1,0,0,0,1,0,0,1,0,1,1,0,3.1273790196145885,0.0,-0.1216725636392244,2.892407570871804,0.0,0.0,0.0,1.2297129910618227,0.2502940511970316,0.0,0.4139189046528385,-0.0405640274533414,-0.6145905370244185,-1.24820569436822,0.0,3.701032113305816,-1.495586207268951,0.557919284382953,0.151474240580571,0.0,0.0,0.0,-1.0749250148084413,1.6521833874057328,-1.697688180601203,0.0,0.0,0.1345101390122498,0.7876560214748412,0.0205888980269985,0.3046973200640792,1.08875416639489,0.0,-0.4757589341310226,0.0,0.0,0.0,0.1552106579709958,2.2841449917293177,-2.8093603563839222,0.0,2.819518114912083,0.0,-0.9406688269068456,1.7828244751876952,-5.331574058584732,-0.0593245188066138,0.0,0.0,0.0,0.0,0.0,-2.4500129303707228,3.658082453851923,0.0,3.8662497100198223,1.43722158766472,0.0,0.0,-1.2377169445809115,0.0,0.0,2.9124572511797573,0.0,0.0595250414142699,-2.6011636352205194,0.0,0.0,0.0,-0.9822397855963938,0.0,-2.414277597317976,0.0,0.0,-2.837450753691809,0.0,0.9802881026012106,-3.346346806188585,0.0,0.0,0.0,-0.817122271599547,0.0,0.0,0.0,0.0,-0.9446617176159726,1.0060586749023577,0.0,0.0,0.0,0.0,-3.2543279074683324,1.5340730677462449,0.0,2.134208445647689,0.0,0.0,0.0,0.4714273034636224,0.0,0.0,1.3834193881856387,0.0,-2.323347070684971,-3.678651034210893,0.0
SAMD00114857,1,1,1,0,0,1,0,1,1,0,1,1,1,1,0,1,1,1,1,1,0,1,1,1,1,1,1,1,1,1,1,1,0,0,0,0,1,1,1,1,1,0,0,1,1,0,1,1,0,1,0,1,1,1,0,0,0,1,0,0,1,1,1,0,1,1,1,1,1,1,1,0,0,1,0,0,0,1,0,1,1,1,0,0,1,1,1,0,1,0,0,0,0,0,0,1,0,0,0,0,0,1,0,1,1,1,1,2.9772606413332765,-1.4260648420250668,-0.8963246057274388,0.0,0.0,0.979963826818628,0.0,1.4351806498533723,0.3492722626071545,0.0,0.3193447210877,0.4799772864877555,1.2604799713853123,-0.5239482691415738,0.0,3.1578616845195286,-0.6462471501600826,0.3027624868411912,-0.1100132013634407,-2.0396793003282654,0.0,1.1824420985366424,-1.2394278791250932,1.4771899303010427,2.5602178254031287,1.6700990240394156,2.7338027199103108,-0.3632475610084344,0.1041949350610156,0.5468167623976178,-0.216929810280275,0.3792580347408206,0.0,0.0,0.0,0.0,-0.1951558812251426,-0.5921935411844315,-0.5601252155487555,-0.0072013164868103,-0.4821518096420998,0.0,0.0,2.356206310690085,-0.5744047711041367,0.0,-0.4909702089396202,-2.059143355095069,0.0,2.5796465367450025,0.0,-1.7657010124701475,-5.770857918280023,2.868044889192749,0.0,0.0,0.0,0.5427885793572573,0.0,0.0,-1.069093791880746,-0.7053090792242414,2.790944868241387,0.0,1.7124109509599017,-2.020586873118651,0.863246819054591,-1.2463556353593863,-2.763240037492051,-2.6477271503702067,-0.5142687538357795,0.0,0.0,-2.631590112967234,0.0,0.0,0.0,-0.2243651028671971,0.0,-1.4255009057349204,1.2436829474201812,1.071419267870485,0.0,0.0,0.9195792001080808,-2.0425487427562183,-0.0042707616736019,0.0,0.9734188917096394,0.0,0.0,0.0,0.0,0.0,0.0,1.7019517487536784,0.0,0.0,0.0,0.0,0.0,-1.4697348689749463,0.0,-1.836690613384015,0.8162278613638825,-0.5164242938388115,-1.27819936017693
SAMD00114842,1,1,0,0,1,1,0,1,0,0,1,0,0,1,0,1,1,1,1,1,0,0,1,1,0,0,1,1,1,1,0,1,0,1,0,0,0,1,0,1,0,0,1,1,1,1,1,1,0,1,0,0,0,1,1,0,0,0,0,0,0,0,0,0,1,0,1,0,0,1,0,0,0,1,1,0,0,0,0,1,1,0,0,1,0,0,0,0,0,0,0,1,1,1,0,0,0,0,0,0,0,0,0,1,1,1,0,2.839389813020266,4.923392324273866,0.0,0.0,2.167302158570702,1.1088868488250423,0.0,2.0074198096155587,0.0,0.0,2.1727496800461656,0.0,0.0,-0.5931263325467371,0.0,0.8018089520805172,-1.517274157179502,0.0604314731230919,-0.7002837434293281,3.4339752778391457,0.0,0.0,0.1943895919435891,-5.0166484191280585,0.0,0.0,3.794070264972629,-0.1204596278465284,0.4393921854233755,0.1789365541684215,0.0,2.2770779246280823,0.0,0.1116295498972819,0.0,0.0,0.0,-2.2633229959638603,0.0,-0.3315974819005038,0.0,0.0,4.317295676204809,-1.10546787373289,-0.984552603917536,4.505544036659708,0.5226730970333382,3.272309331913651,0.0,-2.116963439085226,0.0,0.0,0.0,1.330482668914365,0.5356989833440762,0.0,0.0,0.0,0.0,0.0,0.0,0.0,0.0,0.0,0.4162918493945331,0.0,-2.9706548115157627,0.0,0.0,-4.037135822001079,0.0,0.0,0.0,0.1968561088105374,1.0539434370468852,0.0,0.0,0.0,0.0,-0.9109648780254398,1.2695848726536023,0.0,0.0,-1.9094689283667696,0.0,0.0,0.0,0.0,0.0,0.0,0.0,-2.180961357050964,-3.5840733054441616,-2.2499983484558594,0.0,0.0,0.0,0.0,0.0,0.0,0.0,0.0,0.0,-3.5840733054441616,-3.789781794936269,-3.9647232444326015,0.0
SAMD00114843,1,1,1,1,1,1,1,1,1,1,1,1,1,1,1,1,1,1,1,1,1,1,1,0,1,0,1,1,1,1,1,1,0,1,1,0,1,1,1,1,0,1,0,1,1,0,1,0,0,0,1,1,0,0,1,1,1,1,1,0,1,1,1,1,1,1,1,1,1,0,1,1,0,0,0,0,0,1,1,1,1,0,0,0,1,0,1,1,1,0,0,0,0,1,0,1,1,1,1,1,0,0,1,0,1,1,1,3.3205785482151624,-1.6259287127168571,-1.2452091439268338,1.5941127143283087,0.3694626312705491,-0.5678698185148703,2.731183449451557,3.126032574201913,0.4672389211471155,1.3036471033706587,0.7044703485505726,0.1721617129088382,-0.910796349727334,-1.389479161004062,0.726133650246716,0.9240981668702553,-2.0147888014511963,-0.2231713070938272,-0.5409774416157813,-2.6006182687749613,-0.8736523901923008,0.9512918205764428,-1.3815345045308562,0.0,2.454003403456894,0.0,3.1934887569500487,0.9470052047204974,-0.3739908948582904,-0.6750245963599497,0.9336098701407792,1.2044106507714505,0.0,-2.0862793136626987,1.1259505046248284,0.0,-0.2200525067206098,-2.2783462817766136,0.6850792377715282,-2.6686825082884784,0.0,3.007689768772069,0.0,0.1115042209786547,-2.5771767417110087,0.0,1.7431076578732356,0.0,0.0,0.0,0.4975628641004697,-2.108014273316777,0.0,0.0,0.8886992857999393,-0.1391935391046006,2.1039574763575417,0.9086749812235831,-0.2402841007444689,0.0,-1.65670939278689,-1.5262714969734807,-1.4828086236878597,-0.0626314751413896,1.4755566091437076,0.1755981424074193,1.0744128693456143,0.2863472012325905,-2.848550076120865,0.0,-0.8901136672463725,-0.4449669102772959,0.0,0.0,0.0,0.0,0.0,-0.3999142463363527,-1.2819787305814974,-1.5500695529136992,1.327750896921213,0.0,0.0,0.0,-1.8217357098673168,0.0,-1.685399266315185,-3.25401518422903,-0.1817304497284564,0.0,0.0,0.0,0.0,1.44805482649902,0.0,2.4796734528537865,5.699422379399633,1.0661751573511695,0.8444385707432032,-2.4450476771805505,0.0,0.0,-0.29406249249436,0.0,-0.145742350983506,-0.3658517452280942,-2.993915926392392
SAMD00114844,1,1,1,1,1,1,0,1,1,1,1,1,1,1,0,1,1,1,1,1,0,0,1,1,1,1,1,1,1,0,1,1,0,1,1,0,0,1,1,1,0,1,1,0,0,1,1,1,0,1,1,0,1,0,1,0,0,1,0,0,1,0,0,0,1,1,1,0,1,1,1,1,0,0,0,1,0,0,0,0,0,1,1,0,1,1,1,0,0,0,0,0,1,1,0,1,1,0,0,0,0,0,0,1,1,1,0,2.782734666748276,3.5648438121921755,0.6876934235574446,2.195568626907104,1.7249097494761103,-2.0162905506235056,0.0,2.714854469268703,1.422453903633901,-0.7987150319664358,-0.7808612102234385,0.6612506384767154,0.098392224667446,-2.8882870622666568,0.0,1.5577431259517498,-0.3108839137448829,-5.118994943729665,1.0378473457993591,2.1236414449511964,0.0,0.0,-0.3213399682414004,0.525425552500546,3.206068749901532,3.102440644983962,-0.2403561225398478,0.3000402159585296,0.7723819003301535,0.0,0.4334643910564577,0.6800488336810702,0.0,-0.2988434594256244,-3.4903871151878443,0.0,0.0,-2.0737047516499114,-0.2583077033439411,-1.139313289827704,0.0,1.0483186456666542,1.900647890464258,0.0,0.0,1.4940428193175133,-0.1780440043794446,0.5350210838964284,0.0,2.68797710074364,1.0284389050077054,0.0,-6.473540606534975,0.0,2.181249141020682,0.0,0.0,-2.4903604067905007,0.0,0.0,-3.614917546953391,0.0,0.0,0.0,1.7941971419016758,-2.7753298249921547,-0.4129581957518908,0.0,-2.3938867597228786,-1.991951482318238,4.752865443168923,-1.875898686967675,0.0,0.0,0.0,-0.2500966594503842,0.0,0.0,0.0,0.0,0.0,1.7557704924268145,0.6500314483749108,0.0,-1.0341035241513192,-3.8525017824223946,-3.640327262478759,0.0,0.0,0.0,0.0,0.0,-1.5950091530720565,0.6120470010513686,0.0,1.002294538794714,6.076696711038414,0.0,0.0,0.0,0.0,0.0,0.0,-0.692797090742646,-2.0546999987383776,-2.048693974678165,0.0
SAMD00114846,1,1,1,1,1,1,1,1,0,0,0,0,0,1,0,1,0,0,0,1,0,0,0,0,0,0,0,0,1,1,0,1,0,0,1,1,1,1,0,0,0,0,1,1,0,1,0,1,0,1,1,1,1,1,1,0,0,0,0,0,1,1,0,0,1,1,1,0,0,1,0,0,1,0,1,0,0,0,0,0,0,0,0,1,1,1,1,0,0,1,1,0,0,0,0,0,0,1,1,1,0,0,0,0,0,0,0,0.6637666734549812,-3.1435160413077337,-0.8806035401985328,1.9671980783479053,1.5125812552795386,1.3217646561004617,3.287993833995746,3.530832219556147,0.0,0.0,0.0,0.0,0.0,-1.967598094573128,0.0,1.7637918259886152,0.0,0.0,0.0,-0.854152486680998,0.0,0.0,0.0,0.0,0.0,0.0,0.0,0.0,0.0422805787690301,-2.682115300869266,0.0,0.5853982956048289,0.0,0.0,-0.2869145641657586,1.2258354240686575,-1.3696827883478306,-0.023647577734184,0.0,0.0,0.0,0.0,-4.44005322162181,0.3481729768263324,0.0,-2.560960179312799,0.0,0.5105808062155497,0.0,2.608192071154946,2.08110765616179,-4.210895310285912,-3.171831961425022,1.659308065362068,2.7263274114821368,0.0,0.0,0.0,0.0,0.0,-1.460695582939609,-2.668606950844474,0.0,0.0,1.6677444835605728,0.7138819166792667,0.7992724698686829,0.0,0.0,-1.1169218997567505,0.0,0.0,-0.94270231201342,0.0,-0.3030878197348254,0.0,0.0,0.0,0.0,0.0,0.0,0.0,0.0,1.2007095572735176,1.6348073194725694,-1.71574000482769,-2.5659335465798563,0.0,0.0,0.7595584155797015,0.1636774136289313,0.0,0.0,0.0,0.0,0.0,0.0,1.1718886852101034,2.463388824415035,-0.0444017308375073,0.0,0.0,0.0,0.0,0.0,0.0,0.0
SAMD00114848,1,1,1,1,1,1,1,1,1,0,1,1,1,1,1,1,1,1,1,1,0,0,1,1,1,0,1,1,1,1,1,1,0,1,0,0,1,1,1,1,1,1,1,1,1,1,1,0,0,1,1,0,0,0,1,0,0,1,0,0,0,0,1,0,1,1,1,0,1,0,1,1,0,0,0,1,0,0,0,0,1,1,0,0,1,0,1,0,0,1,0,1,0,1,0,0,0,0,0,1,0,0,0,0,1,1,1,1.819709140863824,0.650940126557934,-0.5996624754968665,4.656085316423409,-1.5925159214753946,-0.6258149014364174,3.7705688546637903,3.507416069371283,-0.8159199299334305,0.0,-1.4946430457783408,-0.254054521499635,0.3659874106047456,-3.738648837653902,-5.047556535158373,2.6504629814400023,-3.231277448755999,-3.455286426346638,-0.6458663455757134,1.1562702489416323,0.0,0.0,-1.3482704257015417,-2.5733451744871205,1.2059721768363512,0.0,1.539729685424401,-3.055126370468167,-0.6202921379194273,1.246177320388434,1.3566632671138503,1.2079756802289738,0.0,-3.7348247412154993,0.0,0.0,-2.396915092120726,-0.8390604246528139,1.8413773371008464,-0.8066890951579004,-0.1116040283267472,2.983969430607965,2.7269356157317537,-0.1056102073651463,0.2065717680305505,1.7929520672154742,3.826122078692432,0.0,0.0,-2.747812353165931,2.4423034181030423,0.0,0.0,0.0,1.973502099529327,0.0,0.0,1.2569570933029544,0.0,0.0,0.0,0.0,2.088954883847726,0.0,0.6756576641053476,-2.023505641415137,1.3151291277555035,0.0,1.4417777288106837,0.0,4.003706620710854,1.2444853058977587,0.0,0.0,0.0,-2.902911799667775,0.0,0.0,0.0,0.0,0.2804573367435159,-1.9235370923670432,0.0,0.0,-5.935873414990122,0.0,-2.661987075236005,0.0,0.0,0.4435182879956549,0.0,-3.248729898707225,0.0,1.4721240944941427,0.0,0.0,0.0,0.0,0.0,-0.8036309887990793,0.0,0.0,0.0,0.0,1.261742595923529,-0.5681264907072585,1.496896008123667
SAMD00114849,1,1,1,0,1,1,0,1,1,1,1,1,0,1,1,1,1,1,1,1,0,0,1,1,1,1,1,1,1,1,0,0,0,1,1,0,0,1,1,1,0,1,0,1,1,0,1,1,0,0,0,1,0,1,1,1,1,0,1,0,1,1,1,1,1,1,1,1,1,1,0,1,0,0,0,0,0,0,0,1,0,0,0,0,1,1,0,0,0,0,0,0,0,0,1,1,1,0,0,0,0,1,0,0,0,0,0,3.2254989674650627,-0.7804021127716315,-0.3291128274080491,0.0,2.5487056434555284,-0.8698437311322974,0.0,1.92076839451257,0.03836292033784,1.1808458068056908,0.8819426452330987,0.8520656908457546,0.0,-1.3396835352960466,-3.276554811834259,1.0192894999644908,-0.1859256670166481,-0.981923343140629,1.531784127507188,-2.020272995370507,0.0,0.0,-1.215710455456659,0.5581663151585456,2.2578659195293067,3.3854776124626724,2.861433070481238,2.2207305026224744,0.6845304295919595,-0.871483459773294,0.0,0.0,0.0,-0.2646552349914862,1.361541341877098,0.0,0.0,0.0234101260813152,0.9894577168341164,-0.6673448233009415,0.0,1.3905225955475502,0.0,1.0893935825647103,0.5953764518546737,0.0,0.1831973147410126,-1.5888339810061147,0.0,0.0,0.0,-1.134047017337111,0.0,0.0113138845208929,-0.483280544316515,-0.7709758680321356,-1.5061251094125383,0.0,-2.354824356664286,0.0,-0.6842118802045881,-0.2212680075236776,1.0127653931910603,-1.2866366543755894,2.032227090488933,-1.828719518510058,-1.586554846090436,-2.4910534098741888,-1.69156928110802,-4.288155723512738,0.0,-1.2799127504266037,0.0,0.0,0.0,0.0,0.0,0.0,0.0,0.126178186701342,0.0,0.0,0.0,0.0,-0.6549494422176435,-0.7462651561984411,0.0,0.0,0.0,0.0,0.0,0.0,0.0,0.0,0.5230263876203913,1.5249615019137912,2.5019053551527533,0.0,0.0,0.0,0.0,-1.132447930759926,0.0,0.0,0.0,0.0,0.0
SAMD00114850,1,1,1,1,1,1,1,1,1,0,1,1,0,1,0,1,1,1,1,1,0,0,0,0,1,0,1,1,1,1,0,1,0,1,1,1,0,1,0,1,0,0,0,1,1,1,0,1,0,1,0,0,1,1,1,1,0,0,0,1,1,0,1,0,1,1,0,0,0,1,1,0,0,0,0,0,0,0,0,1,0,0,1,0,1,1,1,0,0,0,0,1,1,1,0,0,0,1,0,0,0,1,0,0,1,1,0,2.068530128781433,-2.159319302783951,0.2224868051504638,3.547937621787729,0.2573641997372696,0.8108108070864519,3.524230431556845,3.2777068671923844,0.074837441075258,0.0,0.0584323645703057,-0.404155657990168,0.0,-0.5022065443084195,0.0,2.6696611526641503,-2.9507791126038496,-0.7986060391893776,-1.487653776367008,-2.59787201932194,0.0,0.0,0.0,0.0,3.053855016893656,0.0,0.9443461496494544,-0.458386581374243,-0.7187253903111267,0.6221492810437901,0.0,0.3856078487030354,0.0,-1.0175059217098164,0.3859945276193521,-1.5681161671859345,0.0,-0.0237080288672715,0.0,-1.4772185361029626,0.0,0.0,0.0,1.3931263401418104,-0.0835549448765237,-1.1060022659183917,0.0,-0.5365416041455026,0.0,2.675019777454033,0.0,0.0,-1.413380976869555,2.906989616426438,0.3720933621675929,-0.7754405879958829,0.0,0.0,0.0,-3.0071648832998683,0.2422466561934089,0.0,1.845501863064961,0.0,1.779723449598717,-0.7323836616236338,0.0,0.0,0.0,-0.3055591810082591,-3.607008602872246,0.0,0.0,0.0,0.0,0.0,0.0,0.0,0.0,0.6613993481172895,0.0,0.0,1.0783923819335302,0.0,-1.2149261425553304,1.7094188900591265,0.0097930640958117,0.0,0.0,0.0,0.0,0.2382959233381437,-1.812777663315888,1.0182980873686276,0.0,0.0,0.0,1.4601198344917512,0.0,0.0,0.0,-3.4963347172817434,0.0,0.0,-1.889401894618631,-3.1496390334652915,0.0
SAMD00114863,1,1,1,1,1,1,1,0,1,0,1,1,1,1,0,1,1,1,1,1,0,0,1,0,0,1,1,1,1,1,1,1,0,1,1,0,1,1,1,1,1,1,0,1,1,0,1,0,0,0,1,0,1,1,1,1,1,1,0,1,0,0,0,0,1,1,1,1,1,1,0,1,0,0,0,0,1,1,0,0,1,1,1,0,0,0,1,1,0,0,1,0,1,1,0,0,1,0,1,0,0,0,0,1,1,0,0,0.7531661025709091,-0.9062822304378526,-2.910717730752282,0.5036481006409896,1.4655247031510523,0.2725960300261767,1.6728381339527332,0.0,-0.2331699247510468,0.0,-1.9200625835892648,0.4457789590397958,2.8572497465468274,-3.471231587899389,0.0,3.367465116628778,-1.7981399796324602,-0.9348678730678984,0.1657337237285789,-1.7449894555201382,0.0,0.0,-1.2367974028837705,0.0,0.0,2.026445580960381,1.3417450086624485,-1.4134458045973288,-2.3457303990149487,0.4665265912340444,-1.1094287075736526,0.1000711771917608,0.0,-3.4602854270018915,-0.4212583246583363,0.0,-0.0664766007271118,1.0185524517476383,-4.16752837736223,0.8466128562735975,0.0287481167019716,-4.115289158262811,0.0,1.4367183884124888,0.8788231545542081,0.0,-0.1481657434574614,0.0,0.0,0.0,2.555719993384308,0.0,-2.1848965619576832,3.6394350134012186,2.326335222282645,2.807000698691013,2.517891383380475,0.834234868678265,0.0,1.3564026733283003,0.0,0.0,0.0,0.0,2.813975638458692,0.1234062976317535,0.957298981662595,-1.4186814186512735,0.1842748020605671,-2.8480885716818403,0.0,-3.5412357522417857,0.0,0.0,0.0,0.0,-0.4400502185956221,-0.0973429212796337,0.0,0.0,0.96201561839202,-0.6066974024921319,-0.4005493786831513,0.0,0.0,0.0,-0.8499640878196566,-0.5941376685125828,0.0,0.0,2.119632180290079,0.0,-1.4176724386443758,0.8955257604185459,0.0,0.0,5.316216042179051,0.0,1.7260050503916446,0.0,0.0,0.0,0.0,-0.6714032616409227,-3.309027173265034,0.0,0.0
SAMD00114867,1,1,1,1,1,1,0,1,1,0,1,1,1,1,0,1,1,1,1,0,0,0,1,1,1,0,1,1,1,1,1,1,0,1,1,0,1,1,0,1,1,1,0,0,1,0,0,1,0,0,0,0,1,0,1,1,0,1,0,0,0,0,0,0,1,1,1,0,0,1,0,1,1,0,1,0,0,1,0,1,1,0,0,0,0,1,1,0,0,1,1,0,1,0,0,0,0,1,0,0,0,0,0,0,0,0,0,3.4179046208236805,-1.9168776152237903,1.4231591421056429,4.894971922494304,1.470826980620823,-0.7780873292143746,0.0,4.504910055072783,-0.3144487212747553,0.0,0.5822008381585916,1.2257865991242545,1.2384867952280425,-1.3089489797407858,0.0,3.098084774777872,-0.6747124475675923,-1.719137527333238,-0.949961896043674,0.0,0.0,0.0,-4.600331495395735,2.463222628253016,2.784507842878077,0.0,2.132864025942349,-0.1422701744458554,-1.6686045518176562,1.187070189599699,0.5694451788429584,2.262342732145764,0.0,-1.166631070379144,-3.686710992077458,0.0,0.4246303119945158,0.0913832919925425,0.0,-1.6766921315810115,0.1941358611227366,-2.6633499770847227,0.0,0.0,-1.297931849478882,0.0,0.0,-1.3726060552505517,0.0,0.0,0.0,0.0,-4.868937420786701,0.0,1.481613404840622,2.5889435747905334,0.0,1.9951575371090209,0.0,0.0,0.0,0.0,0.0,0.0,2.6449716320059764,-1.376667153795737,0.6821274552178441,0.0,0.0,-2.034698610908269,0.0,-1.332030787200011,0.1907094968974527,0.0,-3.6295525782375098,0.0,0.0,-3.572300640899714,0.0,0.6800481704656347,0.0586532483669521,0.0,0.0,0.0,0.0,-2.372469948597625,-3.197507832324633,0.0,0.0,1.6594963797776283,1.4104344640965971,0.0,-1.0308613986827655,0.0,0.0,0.0,0.0,1.9942400305962875,0.0,0.0,0.0,0.0,0.0,0.0,0.0,0.0,0.0
SAMD00114869,1,1,1,1,1,1,0,1,0,0,0,0,0,1,0,1,1,0,0,1,0,0,0,0,0,0,1,0,1,1,0,1,0,0,1,0,0,1,0,0,0,0,1,0,1,1,1,1,1,0,0,0,1,0,1,1,0,0,0,0,0,0,1,0,1,1,0,0,0,1,1,0,0,0,1,0,0,1,1,0,0,1,0,1,0,0,1,0,0,0,0,0,1,1,0,0,0,0,0,1,0,1,0,0,0,0,0,1.6343576764010657,-1.3067460091862162,0.4883407772822614,2.176897635680185,-0.2167101024179325,-0.2079202505631919,0.0,3.6412989549564254,0.0,0.0,0.0,0.0,0.0,-2.790116982661828,0.0,2.8718584174329904,1.1206882175525053,0.0,0.0,-2.0688250651673403,0.0,0.0,0.0,0.0,0.0,0.0,2.614877786145918,0.0,0.0732303997726109,0.6777535598713602,0.0,1.751832090896242,0.0,0.0,-1.0381388186538791,0.0,0.0,0.7814371023803819,0.0,0.0,0.0,0.0,-1.8034625084159788,0.0,-0.6858145284501285,-2.191652826037424,1.9514381117654087,1.4944123268155352,2.0661023657009445,0.0,0.0,0.0,-2.662760512806293,0.0,2.336150236374225,2.024217440027887,0.0,0.0,0.0,0.0,0.0,0.0,-0.5150397851647162,0.0,3.5487846283521263,-1.0108251254150815,0.0,0.0,0.0,-0.2190335958879331,-3.282194323064373,0.0,0.0,0.0,0.506161256251693,0.0,0.0,-0.885746059643979,-2.8865256325648385,0.0,0.0,-3.1205223401184385,0.0,-0.9438776453585432,0.0,0.0,-2.1435196921150177,0.0,0.0,0.0,0.0,0.0,-0.7582116864918307,2.273125046519624,0.0,0.0,0.0,0.0,0.0,-0.6138835261370907,0.0,-2.6814370138573373,0.0,0.0,0.0,0.0,0.0
SAMD00114859,1,1,1,1,1,1,1,1,1,1,1,0,1,1,0,1,1,1,1,1,0,0,1,1,1,1,1,1,1,1,1,1,0,1,1,0,0,1,1,1,1,1,0,1,1,0,1,1,1,1,0,0,1,0,1,0,1,0,0,1,1,0,0,0,1,1,1,0,1,1,1,1,0,0,1,0,1,0,0,0,1,0,0,1,1,0,1,0,1,0,0,0,1,1,0,1,1,0,1,0,0,1,0,0,1,1,1,4.358666680931748,1.0719510476248917,-2.0201493763956315,1.2094450541347386,1.3840723466624578,-0.1359203431230753,2.241043769923785,1.7897245923501646,0.3805232729471386,1.1997670027985012,-0.3258332585868375,0.0,-0.1359203431230753,-6.667283761482755,0.0,0.7605966238705417,-0.7654313730644606,-0.9471281250895728,0.8015284433672583,0.2708159564936772,0.0,0.0,0.816870840706668,1.5062245781598935,0.7524108066241244,2.988843778651623,3.991818152577658,-0.6256694306893018,0.1912312520495647,-1.4250329680749267,1.194590051484555,-0.667992778125309,0.0,0.0168516622942909,-3.9497548164260015,0.0,0.0,-0.3917149632708763,1.565688029110682,0.4396736026135501,-2.091591428631723,3.155115100021989,0.0,-3.9849584516189807,0.4439564311504071,0.0,1.0767909677205303,0.013750144837288,-2.9490766922742986,-0.8494642356898314,0.0,0.0,-1.8093187620433235,0.0,1.865407755646412,0.0,0.0134514144392487,0.0,0.0,-0.8565705759992106,-0.7603660982563243,0.0,0.0,0.0,0.8591773370043676,-0.4146461352774353,1.0881774578759256,0.0,-2.35552632265543,-0.2658404984137297,-1.1908202095512443,-0.1332873039078477,0.0,0.0,-2.043245091190281,0.0,2.359843227569314,0.0,0.0,0.0,-1.990014422388643,0.0,0.0,-3.806444351151608,-1.090252992465698,0.0,-1.7588394082830463,0.0,-2.322860101587741,0.0,0.0,0.0,-2.4401024923188106,1.3423166700652116,0.0,1.8816849136036176,5.532785183564542,0.0,0.6496440303958682,0.0,0.0,0.9608632201658928,0.0,0.0,0.8654927975831528,-0.7654313730644606,0.8956942872002012
SAMD00114870,1,1,1,0,1,1,1,1,1,0,1,1,1,1,0,1,1,1,1,1,0,0,1,1,1,1,1,1,1,1,1,0,1,1,1,0,1,1,0,1,0,1,1,1,1,1,0,1,1,1,0,1,1,0,1,0,1,0,0,0,1,1,1,0,1,1,0,1,1,1,1,0,0,1,1,0,1,0,0,0,0,0,0,0,0,0,1,0,0,0,0,0,1,0,0,0,0,0,0,0,0,0,0,0,0,0,0,3.3820515039243406,-1.1219373930155316,0.5750109196718209,0.0,1.1300589873227656,1.6644296417879851,3.398938574693152,2.458741346388224,0.6493504483003334,0.0,0.4002367697927629,-1.3756547895947526,0.5216952943393245,-1.2390814801768073,0.0,2.7494648123796326,-1.568660837885251,-1.4771872163599142,-1.2189371740536092,-0.0603913886042487,0.0,0.0,-2.7938328291198653,3.749858347880444,3.083317147287744,1.2530985901661522,2.991378997289052,0.0493673244422782,-0.2981137149656122,1.6223447861629112,-0.1737133357678574,0.0,-0.719208487088577,-0.4544806037264367,1.4584565021579206,0.0,0.0958907706030192,-0.1256751290449073,0.0,-0.1468465111620335,0.0,1.801827922326512,-1.3796376058857356,2.031996615377629,0.411071111958473,0.2684270766905917,0.0,0.8070058552159434,0.6248210879714804,1.705612003847007,0.0,-3.2047121356189026,-3.312609344066596,0.0,1.7935779970500627,0.0,-3.8907187470527775,0.0,0.0,0.0,-0.1329240441281002,-1.9788312385812312,-0.142234900686396,0.0,1.2158772659168042,-1.4341308321402928,0.0,-3.4753844320424827,-1.781800045268834,-1.4441621244608376,1.6450813043700698,0.0,0.0,-1.7984235579695604,-1.7108934777264055,0.0,0.0690219570659959,0.0,0.0,0.0,0.0,0.0,0.0,0.0,0.0,0.0,-3.037157048941249,0.0,0.0,0.0,0.0,0.0,-2.1106705372456243,0.0,0.0,0.0,0.0,0.0,0.0,0.0,0.0,0.0,0.0,0.0,0.0,0.0,0.0
SAMD00114926,1,1,1,1,1,1,0,0,1,0,1,1,0,1,0,1,1,1,1,1,1,0,1,1,1,0,1,1,1,1,1,1,0,0,1,0,1,1,1,1,1,1,1,1,1,1,1,1,0,1,0,0,1,0,1,1,1,0,0,0,1,0,1,0,1,1,1,1,1,0,1,1,0,0,0,1,1,1,0,0,1,1,0,0,1,0,1,0,0,0,0,0,0,1,0,1,0,0,1,1,0,0,1,0,1,1,1,3.111664134136274,-1.469591721782708,1.0158877828840862,3.506385688352374,1.3435085342156987,0.7476023988207267,0.0,0.0,0.5979174179832579,0.0,0.5199766988689649,1.325026623409191,0.0,0.1142563190629997,0.0,2.7107142230248016,-1.1328388621766314,-0.334457436556919,0.2600624130190001,-0.4318660407852959,1.9958678658317408,0.0,0.1231656002429075,2.223982001507477,2.6198817950893667,0.0,-1.9879769542694727,0.5655375814376817,0.4579640911397318,0.054326823832923,0.410398093044082,1.1682861305973264,0.0,0.0,1.6826992197662405,0.0,0.0628930080305545,-0.2614821027817346,-0.0913849873484704,-0.8127539756347555,-2.181379140641754,1.6332843487360358,2.612835350062828,1.1447736968978406,0.6962122470061067,-3.653739114612537,2.016021442455464,0.4193812169457418,0.0,2.6855115108232104,0.0,0.0,-5.077371146170072,0.0,0.5028507654489782,4.10625170214756,-2.476830843605833,0.0,0.0,0.0,-2.1283659490240505,0.0,1.1586580474683508,0.0,0.3693662254962377,-3.839206977095857,-0.5822423011080584,-4.245723057449996,-0.683817006325123,0.0,4.938807919260126,-6.869130615398127,0.0,0.0,0.0,-1.9622468261539967,-1.0912091131698074,-3.2011195737189384,0.0,0.0,0.7325107015563626,1.252181825647289,0.0,0.0,-3.746957243444638,0.0,-2.635654429132484,0.0,0.0,0.0,0.0,0.0,0.0,1.5017391541411051,0.0,2.956729065023855,0.0,0.0,-1.6202775532444686,-3.619430432329551,0.0,0.0,-2.0594236989145176,0.0,2.2090041927285395,0.5261638595312824,0.116189387201496
SAMD00114872,0,0,0,1,0,0,0,1,0,0,0,0,0,0,1,1,1,1,0,0,0,0,0,0,0,1,0,0,1,1,0,1,1,0,0,0,0,1,0,0,1,1,0,1,0,0,0,1,0,0,0,0,0,0,0,0,0,1,0,0,1,0,0,0,1,1,1,0,1,0,1,1,0,0,1,0,0,1,0,1,0,1,0,1,0,0,1,0,0,0,0,0,1,0,0,0,0,0,0,1,0,1,1,0,0,0,0,0.0,0.0,0.0,4.362463294007268,0.0,0.0,0.0,4.364905045550711,0.0,0.0,0.0,0.0,0.0,0.0,-4.35745317540381,3.3839417644159866,-0.9768566118478056,-5.019184159730377,0.0,0.0,0.0,0.0,0.0,0.0,0.0,1.6302476488406554,0.0,0.0,-1.2786957394089968,1.1282813426070688,0.0,3.058622997380879,-3.709180961072658,0.0,0.0,0.0,0.0,2.6491288203851564,0.0,0.0,-0.7906962787466851,3.2780536915898333,0.0,-0.6062609132470069,0.0,0.0,0.0,-2.16022859806759,0.0,0.0,0.0,0.0,0.0,0.0,0.0,0.0,0.0,2.7208211276631564,0.0,0.0,-2.2265022722550647,0.0,0.0,0.0,1.9406743947943408,0.6446171752645338,1.744218501191531,0.0,-1.097006700157886,0.0,-5.389202518842793,1.033050541356905,0.0,0.0,-4.207109123698115,0.0,0.0,1.5043932847455943,0.0,-0.9364184013704656,0.0,1.809455387301724,0.0,-3.0514231777269547,0.0,0.0,0.0614835569703144,0.0,0.0,0.0,0.0,0.0,1.5696359578312638,0.0,0.0,0.0,0.0,0.0,0.0,-4.677570523608745,0.0,1.5540567585544545,2.0457378647335704,0.0,0.0,0.0,0.0
SAMD00114927,1,1,1,0,1,1,0,0,1,0,1,1,1,1,0,1,1,1,0,1,0,1,1,0,0,0,0,1,1,1,0,1,1,1,0,0,0,1,1,0,0,1,1,0,1,1,1,0,0,0,0,0,1,1,1,0,1,0,0,0,0,0,0,1,1,1,1,1,1,1,0,1,1,0,1,0,1,1,0,0,0,0,0,0,1,1,0,0,1,0,0,0,1,0,0,0,0,0,0,1,0,0,0,0,0,0,0,3.5200232787272387,0.6155396301970757,2.1954662541472127,0.0,0.9868475398733088,-3.1434269869592995,0.0,0.0,1.338213757354185,0.0,1.5764767513603628,1.7974777884130972,2.202980164481628,-0.5711650557040825,0.0,2.019047364444227,-0.1770848645929117,-0.6790635932012171,0.0,3.4933081645649926,0.0,2.7890422151363343,-0.6202459019231575,0.0,0.0,0.0,0.0,1.5040273149521792,0.0450433791275183,0.2275118343056758,0.0,2.5222525368234425,-3.2316714682076206,-0.4614345982438489,0.0,0.0,0.0,-0.9546962648659753,0.6305078570222862,0.0,0.0,1.0802430551314948,1.154078295349562,0.0,-1.2537380896995964,0.1255192785546995,2.173255633398674,0.0,0.0,0.0,0.0,0.0,-3.502040349457726,0.920354445425914,2.09559633722649,0.0,0.5220845763157203,0.0,0.0,0.0,0.0,0.0,0.0,-2.7324159374265475,0.554728911347592,-3.680488819330523,-0.2896932531193933,-1.5483778119772986,-2.154936851190372,-1.4357445369903925,0.0,-2.83421097688207,0.1739390919448071,0.0,-0.0928896051738089,0.0,-0.0292399071448969,-2.1910889363080104,0.0,0.0,0.0,0.0,0.0,0.0,1.5423953303347513,-1.2022951059172602,0.0,0.0,-1.284216791755068,0.0,0.0,0.0,-2.114813587337884,0.0,0.0,0.0,0.0,0.0,0.0,-1.620981492551504,0.0,0.0,0.0,0.0,0.0,0.0,0.0
SAMD00114892,1,1,1,1,1,1,1,1,1,1,1,1,0,1,1,1,1,1,1,1,0,1,1,0,0,0,1,1,1,1,1,1,0,1,1,0,1,1,1,1,1,1,0,1,1,1,1,0,0,0,0,1,1,1,1,1,1,1,1,1,1,1,1,1,1,1,1,1,1,1,0,1,0,0,0,1,0,1,0,1,0,1,0,0,1,0,1,0,0,1,1,0,1,0,0,0,1,1,1,1,0,0,0,0,0,1,0,2.6822697162463336,0.3771160405246616,0.6705884834139824,-3.768355954664897,2.6930930261728925,3.761219391334248,-3.7982833752063705,1.0340324695519318,1.932523046088188,1.1669484185583987,2.6906368016407978,0.5498526199976781,0.0,0.0618865522692471,3.105496925398973,4.370664343696253,0.4116477192968197,0.3259886075572036,0.2467202382809314,-1.1217804499398552,0.0,-1.5484583413138049,0.8269624214152043,0.0,0.0,0.0,3.172263647020194,2.53651947562954,-2.900904528216726,-1.1471831212161323,0.879148595149755,0.0215688212295652,0.0,-0.8946386316738695,5.150858912808921,0.0,-0.8554446097431814,-1.0167160937922206,0.2340511122315181,-5.825925421526065,-3.0155963713034364,1.2537125025221976,0.0,3.024994482766191,0.0881491463111328,-3.2448348478851425,1.917319260643188,0.0,0.0,0.0,0.0,-1.589313696411868,-1.0958183625249711,-3.756145790757966,2.04999025604487,1.6886961633753343,2.3023817733375926,0.3435646084767618,0.0979189379069378,-2.044361609685472,0.0303029839949484,-0.4309002509070654,1.5394615964311598,1.8489689320043583,1.823107644065464,0.1272679614642242,0.019679301938924,0.6419226006476006,0.3827806789356707,-2.727046619838433,0.0,-3.0098260148421003,0.0,0.0,0.0,1.2675271203937897,0.0,0.6808067919292404,0.0,0.7369260207414576,0.0,-1.4352821705913044,0.0,0.0,-1.437668237101547,0.0,-1.4255583894809327,0.0,0.0,-4.060141438701271,-0.2867001513344427,0.0,-4.800435397686918,0.0,0.0,0.0,2.719429031426025,-1.671257942120984,-0.5843819273788984,0.2497742163555543,0.0,0.0,0.0,0.0,0.0,-4.243779651379972,0.0
SAMD00114893,0,1,0,1,0,0,0,1,0,0,0,0,0,0,0,1,0,0,0,1,0,0,0,1,0,0,0,0,0,1,1,1,1,0,0,0,1,1,0,0,0,0,1,0,0,0,0,1,0,0,0,0,1,0,0,0,0,0,0,0,0,0,0,0,0,0,0,0,0,1,1,0,0,1,1,0,0,0,0,1,0,1,0,0,0,0,1,0,0,1,0,0,1,0,0,0,0,0,0,1,0,1,0,0,0,0,0,0.0,-1.955125629466268,0.0,3.957334987294752,0.0,0.0,0.0,4.215563518303824,0.0,0.0,0.0,0.0,0.0,0.0,0.0,2.4095631660483514,0.0,0.0,0.0,-1.1933905176962138,0.0,0.0,0.0,-3.9487132016930855,0.0,0.0,0.0,0.0,0.0,0.696728508863136,0.0244788008942486,1.543102413371265,-2.3062800221620305,0.0,0.0,0.0,-1.13568472358203,0.8525020588480242,0.0,0.0,0.0,0.0,1.5275593380286103,0.0,0.0,0.0,0.0,2.925923219448256,0.0,0.0,0.0,0.0,-2.716790705511173,0.0,0.0,0.0,0.0,0.0,0.0,0.0,0.0,0.0,0.0,0.0,0.0,0.0,0.0,0.0,0.0,-0.5497121438441419,2.069117767424014,0.0,0.0,-1.393941213758218,-0.3350161167135259,0.0,0.0,0.0,0.0,2.5995621718809474,0.0,1.6879551329763136,0.0,0.0,0.0,0.0,-4.102156417748352,0.0,0.0,1.7396969447716737,0.0,0.0,-0.7907645921888302,0.0,0.0,0.0,0.0,0.0,0.0,0.2216155413735366,0.0,-6.043128285163084,0.0,0.0,0.0,0.0,0.0
SAMD00114875,0,1,0,1,0,0,1,0,0,0,0,0,0,0,0,1,0,0,0,1,0,0,0,0,0,0,0,0,0,1,1,1,0,0,0,0,0,1,0,0,0,0,1,0,0,1,0,1,1,0,1,0,0,0,0,1,0,0,0,0,0,0,0,0,0,0,1,0,0,1,1,0,0,0,1,0,0,0,0,0,0,0,0,1,0,0,0,0,0,1,0,1,1,0,0,0,0,1,0,0,0,0,0,0,0,0,0,0.0,-2.253198277004428,0.0,1.1977660731492423,0.0,0.0,4.063703000551397,0.0,0.0,0.0,0.0,0.0,0.0,0.0,0.0,2.370267119241939,0.0,0.0,0.0,-1.5872665682748577,0.0,0.0,0.0,0.0,0.0,0.0,0.0,0.0,0.0,-4.978832595387182,0.4138092917380236,-0.2927155216463326,0.0,0.0,0.0,0.0,0.0,-0.7377528860193723,0.0,0.0,0.0,0.0,-2.585042498914062,0.0,0.0,0.6376965689971643,0.0,1.3882128827703624,1.1764855588095764,0.0,3.231733965802364,0.0,0.0,0.0,0.0,1.8848766132029464,0.0,0.0,0.0,0.0,0.0,0.0,0.0,0.0,0.0,0.0,-2.577043236671139,0.0,0.0,-5.520899408633127,1.5066901013980236,0.0,0.0,0.0,-1.893071327897728,0.0,0.0,0.0,0.0,0.0,0.0,0.0,0.0,0.1985045699272528,0.0,0.0,0.0,0.0,0.0,2.6098387153286904,0.0,-0.9929131668509904,1.0266163309136422,0.0,0.0,0.0,0.0,1.7125346954685934,0.0,0.0,0.0,0.0,0.0,0.0,0.0,0.0,0.0
SAMD00114894,0,1,1,1,1,1,1,1,1,0,1,1,1,1,0,1,1,0,0,1,0,0,0,0,1,0,1,1,1,1,1,1,1,1,0,1,1,1,0,1,0,0,0,0,0,1,0,1,0,0,0,0,1,0,1,1,0,0,0,0,0,0,0,0,0,1,0,0,0,1,1,0,0,0,1,1,0,0,0,1,0,1,0,1,1,1,1,0,0,0,1,0,1,0,0,0,0,0,0,1,0,1,0,1,1,1,1,0.0,-1.7075634773450876,2.196106951703988,1.7751984640912493,3.054736140856341,2.1788436953384323,4.060818043876669,3.9400863041804417,2.0153473920826626,0.0,0.9120395963413884,1.7665549661815745,3.151929122344989,0.2964483107244036,0.0,2.746429246696075,-1.445447560676166,0.0,0.0,-1.5114682523137082,0.0,0.0,0.0,0.0,-4.861519756113973,0.0,1.330370039988283,-1.1413085761105777,0.9809645449364708,-1.0959321717725252,0.6607139722969593,1.908025736619741,-1.665250485874686,-0.1161858086004603,0.0,2.822705739223216,-0.0964053810005753,0.4686789155021987,0.0,-3.7956506060177775,0.0,0.0,0.0,0.0,0.0,-1.855753953570404,0.0,3.411956245253216,0.0,0.0,0.0,0.0,-4.149641538847964,0.0,1.2139035442775876,0.8042815729420049,0.0,0.0,0.0,0.0,0.0,0.0,0.0,0.0,0.0,-0.2608555049389705,0.0,0.0,0.0,-1.2877352521171208,-2.4686024755979803,0.0,0.0,0.0,-3.146889409373816,0.2917232628610027,0.0,0.0,0.0,1.1846995246571932,0.0,0.8624909157309568,0.0,0.929557668766546,-1.2075928259216926,1.872767098170241,-2.0573957249221406,0.0,0.0,0.0,-1.446552075492306,0.0,-1.805064002555537,0.0,0.0,0.0,0.0,0.0,0.0,-2.430194140171146,0.0,-0.3171527793166635,0.0,-0.5909412232121318,-1.11063255409865,-1.9367330396091904,-3.3289084400725875
SAMD00114895,1,1,1,0,1,1,0,1,1,0,1,1,1,1,0,1,1,1,1,1,0,1,1,1,1,0,1,1,1,1,1,1,0,1,1,0,1,1,1,1,1,1,0,0,1,1,1,1,1,1,0,0,0,0,1,1,1,1,0,1,1,1,0,1,1,1,1,1,1,1,1,1,1,0,0,0,0,1,0,1,1,0,0,0,0,0,1,0,0,0,0,0,0,0,0,1,0,0,0,0,0,0,0,0,1,0,0,3.4580551349505173,-0.1830753240908371,0.4467823318361306,0.0,0.6506485386963586,1.926342247301601,0.0,3.496316306016109,0.4986246908666604,0.0,0.7069055266834974,-0.916776725705788,-0.4120607587305438,-0.8880760917178776,0.0,3.2074872396983527,-3.688027655103909,-1.3594030894544842,-0.070674837427556,-0.5304585027776856,0.0,1.524842496999373,-0.7953808084377045,-1.456155781913684,-0.0653279969812983,0.0,2.5918807063423834,0.3122804256196032,1.2055997039373847,1.8850274031527865,-0.7832034999536055,0.8984847026009398,0.0,-1.9708790496670288,1.967141110401993,0.0,-0.1316615227706448,-0.4837317559752658,0.848970559952097,1.6098261459037064,-0.8639785401388171,2.7101430597444063,0.0,0.0,-0.0532599865330785,-2.0380672582388644,2.5403005080607466,-4.584026557072366,-3.12815725227214,0.5003298595636927,0.0,0.0,0.0,0.0,1.5297329084852305,0.4088686101316772,2.467227739543767,2.1490269688316586,0.0,-3.073661352397078,1.219686872657204,-4.07232795202003,0.0,-2.286695416619478,2.003980485157975,-1.2479306885739896,0.0480278949532411,0.7947029483972168,-3.099053341606134,-2.760040883466563,-2.280132277768701,-2.930174855068632,1.979453192876077,0.0,0.0,0.0,0.0,1.9666107603273235,0.0,-0.1443594559145105,1.2463821561438857,0.0,0.0,0.0,0.0,0.0,0.3005932173143724,0.0,0.0,0.0,0.0,0.0,0.0,0.0,0.0,1.2532199862536504,0.0,0.0,0.0,0.0,0.0,0.0,0.0,0.0,-4.056743221003332,0.0,0.0
SAMD00114942,1,1,1,0,1,1,0,0,0,0,1,0,0,0,0,1,1,0,1,1,0,0,0,1,1,0,1,1,1,1,0,1,1,0,0,0,0,1,0,0,0,0,0,0,0,0,0,1,1,0,0,0,1,1,0,1,0,0,0,0,0,0,1,0,0,1,0,0,0,1,0,0,0,1,1,0,0,0,0,1,1,1,0,1,0,0,1,0,0,0,0,1,1,0,0,1,0,0,0,0,0,1,0,0,1,0,0,1.0119337685948868,-0.8866996819704944,0.8338785184948759,0.0,2.7472245498031382,4.714198683399571,0.0,0.0,0.0,0.0,-0.6401681950825286,0.0,0.0,0.0,0.0,4.065385932823983,-1.2464084463855531,0.0,-0.4957731050900038,-2.7004380579173244,0.0,0.0,0.0,0.5345907551595062,-1.600551535892131,0.0,-0.2003018845024209,1.0825959159345728,-1.7599613058300854,1.818864656928976,0.0,1.9006308330715096,-4.482409520779217,0.0,0.0,0.0,0.0,2.5760610447458907,0.0,0.0,0.0,0.0,0.0,0.0,0.0,0.0,0.0,-0.4249939274690841,3.6642365130805694,0.0,0.0,0.0,-0.9897464117780514,2.1559287594928263,0.0,3.647809214206047,0.0,0.0,0.0,0.0,0.0,0.0,-3.529148357986517,0.0,0.0,1.324337744934109,0.0,0.0,0.0,0.3756143123248546,0.0,0.0,0.0,-3.906234016804776,-3.035490537842892,0.0,0.0,0.0,0.0,3.4475081737675577,-1.877077825871995,0.8694793871356032,0.0,-2.0100268571762543,0.0,0.0,-1.2251874909026674,0.0,0.0,0.0,0.0,-3.588444075952898,-0.1452461117098071,0.0,0.0,1.0877797164211236,0.0,0.0,0.0,0.0,0.0,0.2020638387551847,0.0,0.0,-3.315814972130079,0.0,0.0
SAMD00114898,1,1,1,1,1,1,0,1,1,0,1,1,1,1,1,1,1,1,1,0,0,1,1,1,1,0,1,1,1,1,1,1,1,1,0,0,1,0,1,1,1,1,0,1,1,1,1,0,0,1,1,1,0,0,1,0,1,1,1,0,1,1,1,1,1,1,1,1,1,0,0,1,0,0,0,1,0,1,1,1,1,0,0,0,0,0,1,1,1,0,1,1,0,1,0,1,1,0,0,1,0,0,0,0,0,0,0,3.2484323067702023,-5.549185734665765,-0.6139127603419405,0.8786374252487927,0.0045118576694229,-0.8167537690667461,0.0,2.585468012014476,0.086906874098146,0.0,-0.4338568138993866,0.1028020668007054,-0.211266164859488,-0.6135705094687118,-0.246354760264849,2.826816875308708,-2.1715440459945,-0.6026798743188997,-0.0158589870996042,0.0,0.0,1.7898364702412943,-0.954547000730015,-2.3665129584615245,1.1562007588851977,0.0,3.14650424812812,-0.0246818323329329,-1.762114254372615,-2.549493059895677,-0.3587010729209434,-1.589734035666508,-2.7376815961763104,-0.84467310534541,0.0,0.0,-1.2742848411742784,0.0,1.018713812347272,1.615362763734408,-1.2132445917541883,1.4400471195108664,0.0,0.6838857816087944,-1.714009491189576,-2.7066786434180896,3.5708008842631527,0.0,0.0,1.044793348516143,2.029527919587169,-3.558922418060649,0.0,0.0,0.6898826613265876,0.0,1.2263434219049056,2.28967069343069,-0.1706791510306997,0.0,-2.5686476758526906,-2.028912796163818,-0.4042785814172629,0.4386611655302983,0.6306994567984305,-3.0368801106896504,1.344502816205326,-0.3921393850813253,1.1519162621853591,0.0,0.0,-0.6117471471401799,0.0,0.0,0.0,-1.2041442187115527,0.0,0.4481740994521941,0.2514449379774006,-0.3167199202154549,1.320158661891809,0.0,0.0,0.0,0.0,0.0,-2.6448032397000016,-0.6564525309316704,1.4653718771988704,0.0,1.6503029229431785,1.1956396994053553,0.0,1.780272472919191,0.0,-0.3574642143835471,5.938908739092593,0.0,0.0,0.2719328798013936,0.0,0.0,0.0,0.0,0.0,0.0,0.0
SAMD00114943,1,1,1,1,1,1,1,1,1,0,0,1,0,1,0,1,1,1,0,1,0,1,1,0,0,1,1,1,1,1,1,1,0,1,1,0,1,1,1,0,1,1,1,1,1,1,0,1,0,0,1,1,1,0,1,1,0,0,0,1,1,1,0,0,1,1,1,1,1,1,0,1,1,0,0,0,0,0,0,1,0,0,0,0,0,0,1,1,0,1,1,0,1,1,0,0,0,1,0,0,0,0,0,1,0,0,0,3.9294921016237536,-1.240426374894526,1.6056689474765122,3.4081356692403286,1.7313102656984762,-0.3855313608828385,2.790660254699996,3.385130830638455,2.1644504737511605,0.0,0.0,1.663304038262624,0.0,-1.7660981438010388,0.0,2.7701884627570634,-0.7015360504357886,1.0899384567336554,0.0,-0.8879390631510342,0.0,2.799609575675852,0.5684699950460577,0.0,0.0,1.7867159216532202,3.1675661091090883,2.742461448245144,0.4630816478801792,0.51668001154271,0.0529088435982507,0.6218734435571965,0.0,-1.5741250375548623,0.2292470470658705,0.0,-1.1131894355148388,-0.8685158105234996,1.269020611659203,0.0,-3.448153097937912,2.343662183718188,-1.6481235556107874,2.3549589967952294,1.2068661186697576,-2.31462265078538,0.0,-0.6471480994635845,0.0,0.0,1.6645045856329983,-3.061008517831886,-3.7117927988354777,0.0,2.19991903122736,1.5944942336856425,0.0,0.0,0.0,-2.0234963114890574,-3.06890745305642,-1.6784583723385562,0.0,0.0,0.4104153477384954,-0.1948366623864525,0.8650461870568944,-2.120313061898909,-0.1863643027802277,-5.52643656189712,0.0,-2.858051617187342,-0.1467099005137704,0.0,0.0,0.0,0.0,0.0,0.0,0.3722169946446677,0.0,0.0,0.0,0.0,0.0,0.0,-1.4793324393620664,0.166110188240089,0.0,-1.383448818676279,-1.3370624428555582,0.0,-1.6558144222065516,0.7328084671364308,0.0,0.0,0.0,-0.9721698827258674,0.0,0.0,0.0,0.0,0.0,-4.6673042438629135,0.0,0.0,0.0
SAMD00114909,1,1,1,1,1,1,1,1,1,1,1,1,1,1,0,1,1,0,1,1,0,0,1,1,1,1,1,1,1,1,0,1,0,1,1,0,0,1,1,1,0,1,0,1,1,0,1,0,0,1,0,0,0,0,1,0,0,1,0,0,0,1,1,0,1,1,1,0,1,1,1,1,0,0,0,1,0,0,0,1,0,1,0,0,0,0,1,0,0,0,0,0,0,1,0,0,0,0,1,0,0,0,1,0,0,0,0,3.514645096179512,-0.446577176929227,0.5471014347125525,1.6549582045365308,0.9771152041317522,2.4863133980649432,4.040176734938458,3.70005205879493,0.4743706939995455,0.7615595669041779,1.932081184490097,0.0206718760134456,1.9620769545964327,-0.770176542935151,0.0,2.5788701957585847,-1.169210760713025,0.0,-0.0176059419044052,-2.445602347601839,0.0,0.0,-0.0874854168717231,0.6939501544677942,1.6922385483302356,2.832888973654301,0.2373343834918035,-0.8329347756869863,0.0601818872077173,0.1051824670910477,0.0,0.8372580475331226,0.0,0.2724306765264102,0.3014792162601851,0.0,0.0,-1.8088692563219844,-0.9977737098581104,0.2568532360541917,0.0,0.1243114059824415,0.0,-5.471315453367765,-0.2051021544883771,0.0,1.9619484292532008,0.0,0.0,2.07237999780329,0.0,0.0,0.0,0.0,1.922375643435616,0.0,0.0,-4.474313341110438,0.0,0.0,0.0,-3.985110181357613,0.6579557546573411,0.0,2.4147332574519296,-1.013435476175624,-1.2592952149826473,0.0,-5.531034688069387,-1.8178379263047448,-1.879777225745036,-5.120454479294453,0.0,0.0,0.0,0.6782361153774601,0.0,0.0,0.0,1.1229393863757329,0.0,-2.419915409442239,0.0,0.0,0.0,0.0,-4.402117049905949,0.0,0.0,0.0,0.0,0.0,0.0,2.5545563168327723,0.0,0.0,0.0,0.0,1.1930381084794537,0.0,0.0,0.0,-0.4863200803202689,0.0,0.0,0.0,0.0
SAMD00114920,1,1,1,1,0,1,1,1,0,0,1,0,1,1,0,1,1,0,0,0,0,1,0,1,1,0,0,1,1,0,0,1,0,0,0,0,1,1,1,1,1,0,0,0,1,1,0,1,0,1,1,0,1,1,0,0,0,0,0,0,0,0,1,1,1,1,1,0,1,1,1,0,0,1,1,0,0,0,0,0,1,1,0,1,0,0,1,0,0,0,0,1,1,1,0,1,0,0,0,1,0,0,0,1,0,0,0,-0.5684701556717171,-5.999146352661855,0.2296111688647564,3.9277812862207657,0.0,1.774192658068226,3.65943578177848,3.613808640069406,0.0,0.0,0.1696421650357376,0.0,0.4900857168101998,-2.9495348454309607,0.0,3.925480468481319,-3.801921775325636,0.0,0.0,0.0,0.0,0.4454674130949916,0.0,-2.8590045683361582,-0.6805012866081477,0.0,0.0,-0.0554568601214373,0.389234964640049,0.0,0.0,1.7140479027623263,0.0,0.0,0.0,0.0,-1.8888581400426183,0.2902378620030157,2.266241984111676,-3.357541250967798,1.678245806793802,0.0,0.0,0.0,1.3020978433817307,-0.9295685229321492,0.0,-1.5063053516476834,0.0,2.3256273259254847,1.4854530023710348,0.0,-2.7831317600746868,3.493016098350993,0.0,0.0,0.0,0.0,0.0,0.0,0.0,0.0,1.2020245306198236,-1.537145693991788,1.2263741087552575,1.3795050143490375,2.692360225099139,0.0,0.6740838866067494,-1.4684688281955685,-3.500935737247492,0.0,0.0,-2.340634063140574,-2.253009283279388,0.0,0.0,0.0,0.0,0.0,1.6084834276296538,-2.017130975413674,0.0,-2.0892685035800973,0.0,0.0,-2.01082390056432,0.0,0.0,0.0,0.0,-1.101973086095615,-1.579875544815602,2.2519305442171618,0.0,2.051010232112053,0.0,0.0,0.0,1.3638387802282284,0.0,0.0,0.0,-0.3506123522361324,0.0,0.0,0.0
SAMD00114950,1,1,1,1,1,1,0,1,1,0,1,0,0,0,0,1,1,0,1,1,0,0,0,0,1,0,1,1,0,1,0,1,1,0,0,1,0,1,0,1,1,1,1,1,1,1,1,1,0,0,0,1,1,0,0,1,0,1,0,0,0,1,0,0,1,1,1,0,0,1,0,1,0,0,1,0,0,1,0,0,0,1,0,1,1,1,1,1,0,0,0,0,1,0,0,0,0,0,0,0,0,1,0,0,0,0,0,0.8746920621829981,0.0961921225071993,0.362224083209615,3.315273814270703,0.7793953087117405,-0.0464214154369734,0.0,3.077049246140106,-0.0503867242262902,0.0,-0.4072197048976034,0.0,0.0,0.0,0.0,3.3779612769722624,-0.3998284507332523,0.0,-0.4498873090869277,-0.0333753240024243,0.0,0.0,0.0,0.0,2.474985173158511,0.0,2.487916209875186,-0.9906549825291376,0.0,0.4870848091106208,0.0,2.1727708257783047,-1.5241255835970318,0.0,0.0,0.1546192011503593,0.0,0.3716235991550706,0.0,0.3718160192828096,-2.5634300667285075,1.884113077887373,-3.4265485238787203,0.5795710033481449,-0.2555927002699083,-2.3722779201766224,1.8770028097783216,0.6471753750939027,0.0,0.0,0.0,-2.1349205604033985,-2.388051849649206,0.0,0.0,3.559800593328886,0.0,1.1072008597357714,0.0,0.0,0.0,-2.388753521997022,0.0,0.0,2.456328524570361,-1.519210119511889,0.1381162585202199,0.0,0.0,-1.0850984359047209,0.0,-3.54194010166836,0.0,0.0,-0.5014499274728743,0.0,0.0,-0.7387369764261602,0.0,0.0,0.0,-1.9789304303379311,0.0,-2.256568379100249,1.0354801713668298,-0.0552521430277824,-0.6345409219095792,-3.040648290618748,0.0,0.0,0.0,0.0,-0.0048450903358221,0.0,0.0,0.0,0.0,0.0,0.0,0.0,0.0,1.1003030287918418,0.0,0.0,0.0,0.0,0.0
SAMD00114922,1,1,0,1,0,0,1,1,0,0,0,0,0,0,0,1,1,0,0,1,0,0,0,0,0,0,0,0,1,0,1,1,1,0,0,0,0,1,0,0,1,1,1,0,0,0,0,1,0,0,0,0,1,0,1,0,0,0,0,0,1,0,0,0,1,1,0,0,0,1,0,1,0,0,1,0,0,0,0,0,0,0,0,1,0,0,1,0,0,0,0,0,1,1,0,1,0,1,0,1,1,0,1,0,0,0,0,-0.9927350766468866,-5.231559004604353,0.0,2.522217290890994,0.0,0.0,4.119602807234826,3.465374732043449,0.0,0.0,0.0,0.0,0.0,0.0,0.0,2.499607598539472,-0.6219073499905176,0.0,0.0,-3.3935684674920306,0.0,0.0,0.0,0.0,0.0,0.0,0.0,0.0,-0.6730097271534244,0.0,1.3025500422064389,1.320471242325991,-2.136480024861857,0.0,0.0,0.0,0.0,1.415887523013664,0.0,0.0,-0.380224162519203,1.799804120748055,-4.505075403776816,0.0,0.0,0.0,0.0,2.542575450846453,0.0,0.0,0.0,0.0,-4.045111761042541,0.0,0.113730894591791,0.0,0.0,0.0,0.0,0.0,-1.4083672128828226,0.0,0.0,0.0,2.0563754441951763,-2.0335779286037825,0.0,0.0,0.0,-1.7024604571202295,0.0,-3.1659843517929507,0.0,0.0,-0.0839413583958755,0.0,0.0,0.0,0.0,0.0,0.0,0.0,0.0,-0.0147136859591181,0.0,0.0,0.3102361373504314,0.0,0.0,0.0,0.0,0.0,1.0124515567039232,2.252902473831613,0.0,1.242384002578891,0.0,2.224981222860717,0.0,0.5499427505403198,-1.357449093060059,0.0,0.9950697754002594,0.0,0.0,0.0,0.0
SAMD00114924,1,1,0,0,0,1,0,1,0,0,0,0,1,0,0,1,1,0,0,1,0,0,0,0,0,0,0,0,0,1,0,1,1,0,0,0,0,1,0,0,1,1,0,1,0,0,0,1,0,0,0,0,1,0,1,1,0,0,0,0,1,1,0,0,1,1,1,0,0,1,0,1,0,0,1,0,0,1,0,0,0,0,0,0,1,1,0,0,0,0,0,0,1,0,0,0,1,1,0,1,0,1,0,0,0,0,0,3.2124830716293955,-4.061098999118428,0.0,0.0,0.0,-0.4519475348146584,0.0,3.1560738471818643,0.0,0.0,0.0,0.0,0.7563699741539308,0.0,0.0,0.52960079676789,-0.1054328862231223,0.0,0.0,-2.489765905393936,0.0,0.0,0.0,0.0,0.0,0.0,0.0,0.0,0.0,0.2656673212705783,0.0,2.182799352380548,-3.898388026602428,0.0,0.0,0.0,0.0,1.945786996935618,0.0,0.0,-0.2990952282389627,1.992450276788655,0.0,-2.8952310135021007,0.0,0.0,0.0,0.1979313707105752,0.0,0.0,0.0,0.0,-4.085727593271468,0.0,1.018888754671885,2.267038971614765,0.0,0.0,0.0,0.0,-1.319474515707488,-4.351773166129887,0.0,0.0,2.3966972711766754,-2.3541417320962825,-0.3780624458289794,0.0,0.0,-1.540865579587969,0.0,-0.5199726790607977,0.0,0.0,0.0636576077178011,0.0,0.0,0.021395862367505,0.0,0.0,0.0,0.0,0.0,0.0,1.341785995211345,-2.144515376374443,0.0,0.0,0.0,0.0,0.0,0.0,1.5384367700549313,0.0,0.0,0.0,4.444982234392267,1.814094253199836,0.0,0.5078533868327184,0.0,1.241498566892172,0.0,0.0,0.0,0.0,0.0
SAMD00114914,1,1,0,1,1,0,0,1,0,1,1,0,0,1,0,1,1,1,0,1,0,0,0,0,0,0,0,1,1,1,1,1,0,1,1,0,0,1,0,0,0,0,1,1,1,1,1,1,0,1,1,1,1,0,1,0,0,0,0,0,0,1,0,0,1,1,0,0,0,1,1,1,0,0,1,0,0,0,1,1,0,1,0,1,1,1,1,0,0,0,1,0,1,1,0,1,1,0,0,1,0,1,1,1,0,0,0,-0.1084802013760624,-1.2223410855244328,0.0,3.3837395386022298,1.567054322445811,0.0,0.0,3.847919482053947,0.0,-0.0980373045478941,-0.3421883371437924,0.0,0.0,1.7835690074510364,0.0,1.8557185315700555,-0.868285849094695,1.5444863324719718,0.0,-0.1492453922381467,0.0,0.0,0.0,0.0,0.0,0.0,0.0,1.1185378920677578,1.5906210256437714,1.3529473470878577,-1.110358029106113,-0.350894823945886,0.0,-1.525835970020652,-0.6997904492248244,0.0,0.0,0.6833385066909127,0.0,0.0,0.0,0.0,-0.1832350889025975,0.9522973707112729,0.3088658767903085,-3.151912572224957,-0.4655772163913354,1.7587004726195543,0.0,0.0057569554901293,2.6874868214069725,-2.822684268052651,-2.363368552993264,0.0,2.213024977136726,0.0,0.0,0.0,0.0,0.0,0.0,-1.6374035967388674,0.0,0.0,2.830425613339477,-1.0500829150697844,0.0,0.0,0.0,-0.4417039142156673,-3.779568396892059,-0.652259765549349,0.0,0.0,-0.7929849897354078,0.0,0.0,0.0,0.551258923940368,-0.6206700818338671,0.0,-0.4585873490867049,0.0,-1.398535273640307,0.7118730237676892,-3.0652190086815114,-0.8001288461334772,0.0,0.0,0.0,-0.0402419885782698,0.0,-0.0565463487269177,-0.1857357644071136,0.0,2.4430007849864017,-4.027571985525665,0.0,0.0,0.7171014286456696,0.0,2.682619386553786,0.0764132176524619,-2.19728147352391,0.0,0.0,0.0
SAMD00114946,1,1,1,0,1,1,1,0,1,0,0,1,1,1,0,1,1,1,1,1,0,0,1,0,1,0,1,1,1,1,1,1,0,0,1,0,1,1,1,0,1,1,0,1,0,0,1,0,0,1,0,1,1,0,1,1,0,1,0,1,1,1,0,1,1,1,1,1,1,1,1,1,1,1,1,0,0,1,0,1,1,0,1,0,1,0,1,0,0,0,1,0,0,1,0,0,1,0,1,1,0,0,0,1,0,0,0,0.4786276620400735,0.6154293108522053,-1.7692249410207912,0.0,3.07174672178255,1.400641403471713,-0.7989035128868653,0.0,0.4601325907348019,0.0,0.0,-2.8821656243941804,-0.3468944817133776,-3.228187005195247,0.0,2.8575220251632043,-3.6601186864915753,-3.163182174886251,-0.4586813890553618,-2.552353015836977,0.0,0.0,-0.8688830642762622,0.0,-1.973719732921346,0.0,-2.8853385514347574,2.038069625914817,-3.445749146671261,0.9380384597723916,1.3346831043978256,0.6736952034810593,0.0,0.0,2.339314030265584,0.0,-0.8568279701501866,1.3781615906727205,1.7685309955688069,0.0,0.0258830677947465,3.07584423618648,0.0,0.7268383027205227,0.0,0.0,0.5904433837134473,0.0,0.0,-1.4890309314198944,0.0,-3.7591138082823248,-2.2658105446481303,0.0,0.4707905448256912,4.625806082028998,0.0,1.1091427554593176,0.0,0.7959112350537603,0.1507240703775398,-2.1206593528691853,0.0,-0.4048555132131313,2.81834504827698,0.3770268931163574,1.0864911940777988,2.441606420390838,-0.1777121689445286,-1.4613627152879272,-0.5292327736486191,1.5684049953933783,-0.714228854694863,-0.5233259636626963,-3.9988924201010665,0.0,0.0,3.1239638326166115,0.0,1.25555732408346,-3.685731262348301,0.0,2.133056108789124,0.0,-0.6474049803129087,0.0,-0.5841315261841082,0.0,0.0,0.0,0.0953983772348681,0.0,0.0,2.6209872193092862,0.0,0.0,1.2290370932086607,0.0,-0.7729448846307265,0.5107966037241138,0.0,0.0,0.0,1.838019484683126,0.0,0.0,0.0
SAMD00114956,1,0,1,1,0,0,1,0,1,0,1,0,0,1,0,1,1,0,0,0,0,0,0,0,0,0,0,1,1,1,1,1,1,1,0,1,1,1,0,1,0,0,0,1,1,0,0,1,0,0,0,0,0,1,0,1,0,1,0,0,0,0,0,0,1,1,1,0,0,1,1,0,0,0,1,0,0,1,0,0,0,0,0,1,0,0,1,0,0,0,1,0,1,0,0,0,0,1,0,1,0,0,0,0,0,0,0,2.5054444955386908,0.0,0.9382086862150868,-0.1201940026735066,0.0,0.0,4.955450486029128,0.0,1.338909044391612,0.0,1.2220802625028018,0.0,0.0,-6.7778065804275,0.0,3.158730494243541,-4.1866777173841925,0.0,0.0,0.0,0.0,0.0,0.0,0.0,0.0,0.0,0.0,-2.5382178791943444,-0.947644664268805,3.0640421508209057,2.1855214261599416,1.8219513346437,-2.178515712775572,-2.141739351784026,0.0,1.2033139106007724,-1.4659604520117189,0.2417984582778072,0.0,1.7379441918919634,0.0,0.0,0.0,2.620651735178248,0.1794282801936368,0.0,0.0,0.2678798806531492,0.0,0.0,0.0,0.0,0.0,2.926367592624131,0.0,3.992335112729477,0.0,1.277799873908614,0.0,0.0,0.0,0.0,0.0,0.0,1.5468725974797897,-3.031146300847939,-0.3446447581973899,0.0,0.0,-3.5039202406733825,-1.2908657170082314,0.0,0.0,0.0,-4.421517308461594,0.0,0.0,-1.1362664146485195,0.0,0.0,0.0,0.0,0.0,-4.729002008209554,0.0,0.0,-5.472273575952068,0.0,0.0,0.0,3.013781885128461,0.0,-0.4618875341003727,0.0,0.0,0.0,0.0,2.6029863389219363,0.0,1.9467819804853128,0.0,0.0,0.0,0.0,0.0,0.0,0.0
SAMD00114915,1,1,0,0,1,1,0,0,1,0,1,0,0,1,0,0,1,1,0,1,0,0,1,0,1,0,1,1,1,1,1,0,0,1,0,1,0,1,0,1,0,0,1,1,1,1,0,1,0,0,0,0,1,0,1,0,1,0,0,0,1,0,1,0,1,1,0,0,1,1,1,0,0,1,1,0,1,1,0,1,1,1,0,1,0,0,1,0,0,0,0,0,1,0,0,0,1,0,0,1,0,1,0,1,0,0,0,3.017674032398796,-4.815083540690782,0.0,0.0,2.241654233247833,1.9557759136814767,0.0,0.0,1.3366823070369929,0.0,1.7314608956556763,0.0,0.0,-1.029160503669054,0.0,0.0,0.1971027128956356,-2.2372985344264738,0.0,-0.8149937357835504,0.0,0.0,0.794751692622837,0.0,2.1112125310424217,0.0,2.8109433875360645,2.100715635110719,0.4796012819527186,-0.6972883706333846,0.1315898259718715,0.0,0.0,-0.6289046450557096,0.0,-0.6428124248883926,0.0,0.1707427218249335,0.0,0.2700122624656459,0.0,0.0,-3.450980152879371,2.521244389118688,1.0943986006789537,-5.022135878742454,0.0,1.997194368939117,0.0,0.0,0.0,0.0,-1.6882560456758242,0.0,2.4915170192363174,0.0,-1.9805239994377688,0.0,0.0,0.0,3.159660741448514,0.0,2.286781052045983,0.0,2.819668878865365,0.3226886992611909,0.0,0.0,-0.6532824859291295,0.7849486563774571,-0.363580690799556,0.0,0.0,-3.0856597619205,-0.3587410765139067,0.0,0.7394724968980624,-2.094893585037962,0.0,1.6634554159413646,1.1643238776703946,4.626181936024509,0.0,-1.5369311058930415,0.0,0.0,-2.762232881642035,0.0,0.0,0.0,0.0,0.0,-1.8384251523963748,0.0,0.0,0.0,-3.0000598974594963,0.0,0.0,0.954858278263754,0.0,-3.368613693176335,0.0,-3.906455681562197,0.0,0.0,0.0
SAMD00114916,1,1,1,1,1,1,0,1,0,1,1,0,1,1,0,1,1,1,0,1,0,0,0,0,1,0,0,1,1,1,1,1,1,1,1,1,1,1,0,1,1,1,1,0,1,1,1,1,0,1,0,0,1,0,1,1,0,0,0,0,0,0,1,0,1,1,0,0,0,1,0,0,0,0,1,0,0,1,0,1,0,1,0,0,0,0,0,0,0,0,1,0,1,1,0,1,0,0,1,0,0,1,0,0,1,1,1,3.0154919753152494,2.33682641379686,1.6629520971778144,2.5913909834330493,0.3411683181213008,0.83286452216188,0.0,-4.829455383997899,0.0,0.8999522284611254,1.359616303313108,0.0,1.8462024424454373,-0.2683141736636028,0.0,2.995984736602874,0.5688000363130928,-2.2616727175419564,0.0,2.1165901627971344,0.0,0.0,0.0,0.0,2.5296626194138314,0.0,0.0,-1.5121446092803876,0.1048121355677402,-1.569469081634494,-4.474421129516626,2.3450492345979392,-4.932996062938739,-0.3875758813564216,0.8230481763801847,-1.7300648624941228,1.0851214799389313,-0.91702262646404,0.0,0.1464866375194753,-0.2467906549894021,2.532359988184412,0.7277049220150115,0.0,0.9280232335965888,-0.8607112187813706,4.038750191908743,-3.677639059266325,0.0,1.959350195433558,0.0,0.0,-2.690354005911727,0.0,2.716549363792645,4.0114077168531175,0.0,0.0,0.0,0.0,0.0,0.0,-0.0540583460991976,0.0,1.0267901646096915,-1.6570527374539807,0.0,0.0,0.0,-0.9900030714045882,0.0,0.0,0.0,0.0,-3.234049893316421,0.0,0.0,-1.333693256781367,0.0,0.6572104231062446,0.0,-2.804764357089471,0.0,0.0,0.0,0.0,0.0,0.0,0.0,0.0,1.2141310075978036,0.0,-2.012036317971525,0.8608625320243799,0.0,2.8982440084977936,0.0,0.0,-0.7348376350509738,0.0,0.0,-2.6913197230316857,0.0,0.0,-0.281245945755356,-2.488674693265817,-2.533036805919517
SAMD00114958,1,1,1,1,1,1,1,1,1,0,1,1,0,1,0,1,1,1,1,0,0,0,1,1,1,0,1,1,1,1,1,0,0,1,1,0,1,1,1,0,1,1,0,0,1,0,1,1,0,1,1,1,0,0,1,1,0,1,1,0,1,1,1,0,1,1,1,1,1,0,1,1,1,0,0,0,0,0,0,1,1,0,1,0,0,0,1,1,0,0,0,0,1,1,0,1,0,1,1,0,1,0,0,0,0,0,0,3.520970400223618,-3.2787652858227343,0.3469219233938856,0.6476205562769249,0.3373708489435518,0.6698600590175015,4.66902710080741,1.1884769690139878,0.0054277937185505,0.0,0.5842579017321323,1.0761138250528188,0.0,-2.627562069843756,0.0,1.9855088759578048,-1.4849619514071153,-1.559444521023997,-0.979301205434446,0.0,0.0,0.0,-2.016737397075995,-0.4302280833170557,0.5249340520143266,0.0,2.716908990383746,0.3746728951719367,-0.7059296233345005,0.1486512915970816,2.271372099356636,0.0,0.0,-0.9216061669505492,1.970160460930157,0.0,0.0348539860491305,-2.128324749877372,0.1604172090244764,0.0,-2.1003282256266607,1.6296591455105336,0.0,0.0,0.4677459251281201,0.0,3.647523508339378,-1.8382546165892053,0.0,0.2759080573359748,3.0457053601894257,-2.9279621269143554,0.0,0.0,1.622079030195394,0.2147045017710283,0.0,0.9855624102250816,-2.45646360493944,0.0,-0.7860203767475904,-1.5841117532257931,-1.2737949695971384,0.0,2.7433369939098826,-1.325329231067074,0.7489948068479173,-4.314256488034246,-2.0699881766505186,0.0,1.2564807979695725,-0.568953967213957,-1.830014953003057,0.0,0.0,0.0,0.0,0.0,0.0,0.0042594658874368,1.3278580459148996,0.0,0.6657367932461884,0.0,0.0,0.0,-1.3390797847413272,-0.591322568404631,0.0,0.0,0.0,0.0,-3.4857511269964103,-0.6259090903308395,0.0,2.927709734169439,0.0,-0.7340675559853238,0.4275254477859496,0.0,0.7601524070631771,0.0,0.0,0.0,0.0,0.0,0.0
SAMD00114880,1,1,1,0,1,1,0,1,1,0,1,1,0,1,1,1,1,0,0,1,0,0,0,1,1,0,1,1,1,0,1,1,1,0,1,0,1,1,0,0,1,0,1,0,0,0,0,1,1,0,0,1,1,0,1,1,0,1,0,0,0,1,0,0,1,0,1,0,0,0,1,1,1,1,1,0,0,0,0,0,0,0,0,1,1,1,1,1,0,1,0,0,1,1,0,0,1,1,0,1,0,0,0,1,0,0,0,2.350939100886623,-0.5354387797027433,1.8592586447085977,0.0,1.9456725388112448,2.3162363816396367,0.0,4.9163926764500525,1.997778697100306,0.0,0.5457941771129993,2.150329924969993,0.0,1.718461914734077,-3.2546415127554287,3.5751017056734025,1.1249808841054785,0.0,0.0,-1.2459188528460017,0.0,0.0,0.0,-2.0765458228883524,0.4196460138213852,0.0,2.618940694700271,0.906138135473556,0.6609679922205961,0.0,1.7114293594143173,-1.2708866495763564,-1.6149292489661131,0.0,3.244828485791299,0.0,-3.30358745229709,1.3409502358353729,0.0,0.0,-0.9797467713444232,0.0,-3.164347195452246,0.0,0.0,0.0,0.0,1.8347864069248463,3.4527081792685133,0.0,0.0,-2.52329258996982,-4.224797570971063,0.0,1.7726967059287806,2.218274693677441,0.0,-1.3042908590679083,0.0,0.0,0.0,-1.3829192176288525,0.0,0.0,1.56617586880965,0.0,-0.4808204245416145,0.0,0.0,0.0,-0.6949780878324054,-1.6615356216298025,-1.5667437406651488,-2.0041062128132845,-3.742878907147456,0.0,0.0,0.0,0.0,0.0,0.0,0.0,0.0,-1.7550740976044523,1.176842620113318,-2.097544817720779,-0.4431017039312037,1.4583347940895894,0.0,-0.1593599686913458,0.0,0.0,-4.213898280513027,2.043462954703376,0.0,0.0,-3.886370299514047,2.141522227556177,0.0,1.412688979249048,0.0,0.0,0.0,-4.893586307698968,0.0,0.0,0.0
SAMD00114960,1,1,1,1,1,1,1,1,1,0,1,1,0,1,0,1,1,1,0,1,0,0,0,0,0,1,0,1,1,1,1,1,0,1,1,0,0,1,0,1,1,1,0,1,1,0,0,1,0,0,0,0,0,0,1,1,0,1,0,0,0,0,0,0,1,1,1,0,1,1,1,1,0,1,1,1,1,0,1,0,0,0,0,1,1,1,1,1,0,0,1,0,1,1,1,0,0,1,1,0,1,0,0,0,0,0,0,2.761959870437164,-2.380833820283781,-0.7248758922147878,5.463559897478093,1.6603550018880289,-1.5908035142550516,3.7386244029449327,3.526486153584876,-0.9006076393296865,0.0,0.2590992337918221,0.564098695461839,0.0,-3.199914040862034,0.0,4.497682107591366,0.5692850560111076,-4.659183942432369,0.0,-2.6471017982317453,0.0,0.0,0.0,0.0,0.0,2.678330489338739,0.0,-4.702356114297578,-0.8130900959920475,2.1301128968030456,0.1420046486022412,1.8052068954020883,0.0,-3.248540552302192,-0.5303472361454484,0.0,0.0,0.2403886416954435,0.0,-3.166121605886772,-1.973446558772657,2.673995554232814,0.0,1.3690606386512174,-0.3233671769934116,0.0,0.0,-0.3463073847605318,0.0,0.0,0.0,0.0,0.0,0.0,1.5409680555830363,4.021826138583768,0.0,1.5330201197926852,0.0,0.0,0.0,0.0,0.0,0.0,2.89063646801394,-0.4635717359776077,1.1404420738200962,0.0,-2.4978054968692853,-2.979064444346983,-3.682765812585618,0.0511706873757846,0.0,-3.481612957036981,-2.385897122240328,-2.5966092009644286,0.6949411609437466,0.0,-0.2803313538018392,0.0,0.0,0.0,0.0,-2.144786864133664,-2.1111702533346786,-4.631404378325293,-1.0162378216249692,1.6807157082632085,0.0,0.0,3.0531528035419155,0.0,-1.0284783305387792,1.9660589766681544,0.4001073686736842,0.0,0.0,1.880167922448628,2.893123580361042,0.0,2.68005189655605,0.0,0.0,0.0,0.0,0.0,0.0
SAMD00114899,0,1,1,1,0,0,1,1,1,0,0,0,0,1,0,1,1,0,0,0,0,0,1,0,0,0,0,1,1,1,1,1,1,0,0,0,0,1,0,0,0,1,0,0,0,1,0,1,0,0,0,1,1,0,1,1,0,0,0,1,0,1,0,0,1,1,1,0,0,1,0,0,0,0,1,0,0,0,0,0,0,0,0,1,0,0,1,0,0,1,1,0,1,1,0,0,0,0,0,1,1,1,0,0,0,0,0,0.0,-1.7242218989532545,0.0022354821516716,3.875795607379009,0.0,0.0,3.115662196008976,4.106337321139501,1.047589615876206,0.0,0.0,0.0,0.0,-4.510313213956024,0.0,3.5273353807755274,-1.2247460145891502,0.0,0.0,0.0,0.0,0.0,-1.9745554541785684,0.0,0.0,0.0,0.0,-1.6718088522653918,-1.859203007734128,0.0281445600853655,0.0617143018198695,3.374571844157818,0.3047137042193699,0.0,0.0,0.0,0.0,1.4829335636638898,0.0,0.0,0.0,-3.834557776107947,0.0,0.0,0.0,-2.4085756667208136,0.0,2.7374888073398465,0.0,0.0,0.0,-4.502387148683603,-4.025826118891708,0.0,1.4065392551784053,0.4008387486048831,0.0,0.0,0.0,-1.6677815853600488,0.0,-5.0088363978497945,0.0,0.0,1.6765010489530388,0.8893846097734692,1.454336111329472,0.0,0.0,-2.036520259353959,0.0,0.0,0.0,0.0,-0.1438581172240931,0.0,0.0,0.0,0.0,0.0,0.0,0.0,0.0,-0.254869828252781,0.0,0.0,-1.3970926726180852,0.0,0.0,1.1801806495725815,1.2303151913832568,0.0,0.4738382976072319,3.2413035617874923,0.0,0.0,0.0,0.0,0.0,0.6969818489214417,0.5588745508125,1.37153775419853,0.0,0.0,0.0,0.0,0.0
SAMD00114881,1,1,0,0,0,1,0,0,0,0,0,0,0,0,0,0,1,1,1,1,0,1,0,1,1,0,1,0,1,0,0,0,0,0,0,0,0,1,0,0,0,1,1,1,0,1,0,1,0,1,0,0,1,0,0,0,0,0,0,1,0,0,1,0,0,1,0,0,0,1,1,0,0,1,1,0,0,0,0,0,1,0,0,0,0,0,0,0,0,0,0,1,1,0,0,0,0,0,0,1,1,0,0,0,1,1,1,2.9924195357656447,2.3356345006600296,0.0,0.0,0.0,1.8328588643231885,0.0,0.0,0.0,0.0,0.0,0.0,0.0,0.0,0.0,0.0,1.5433554648132484,-5.098239913167216,0.1737541148945119,2.2362042343278032,0.0,2.013399257976955,0.0,2.5748686752769085,3.438409998844909,0.0,2.1681943305127422,0.0,-0.1205016503206364,0.0,0.0,0.0,0.0,0.0,0.0,0.0,0.0,-0.7439822261941698,0.0,0.0,0.0,1.861635705041259,3.178071675477192,1.856111212288608,0.0,0.6318272385880689,0.0,0.34780409740354,0.0,4.15558535691355,0.0,0.0,-4.280077398389031,0.0,0.0,0.0,0.0,0.0,0.0,-4.516614007039678,0.0,0.0,2.033779896636968,0.0,0.0,-1.0995322172715007,0.0,0.0,0.0,-2.177079577132523,-2.0640603217034434,0.0,0.0,-4.166986308616348,-0.7118884731062882,0.0,0.0,0.0,0.0,0.0,3.7093605285007127,0.0,0.0,0.0,0.0,0.0,0.0,0.0,0.0,0.0,0.0,-5.322640535671477,-0.9355168501664216,0.0,0.0,0.0,0.0,0.0,0.0,-2.0520438348857635,2.275074459361605,0.0,0.0,0.0,-1.9623088252346133,-1.6369106904604371,-4.469966318247893
SAMD00114882,1,1,1,0,1,1,0,0,1,0,1,1,1,1,0,1,1,1,0,1,0,1,0,0,1,1,1,1,1,1,0,1,1,1,1,0,1,1,1,1,1,1,1,0,1,1,1,0,0,0,0,0,0,0,1,1,0,0,0,0,1,1,1,0,1,1,1,1,1,0,1,1,0,0,0,1,1,0,0,1,0,1,0,0,1,1,1,0,0,0,0,0,1,1,0,0,0,0,0,0,0,0,0,0,0,0,0,2.005416213247932,0.4952781918599664,1.0493080333593248,0.0,-1.6912139115111946,-3.376530906631271,0.0,0.0,-1.16858885419319,0.0,0.6270032427849871,-0.2619270926177974,-1.5847714374032165,-1.0141434644075142,0.0,4.4366154595166325,0.1784595756654408,-2.6612121553183634,0.0,0.3774653033915137,0.0,1.987782143590392,0.0,0.0,-1.7032716227464302,2.0034529387982247,0.5812885614231785,-1.602126592964489,-0.8118222134041801,2.219311743019193,0.0,3.13480529511654,-0.1827429758036713,-2.018794805709228,0.1264648665726195,0.0,-1.4272004255925472,0.871249049124067,0.8299654482240805,1.2855004644614263,-1.3402385351796935,3.177157375868745,-5.667711003011327,0.0,1.179275958263605,-1.7643855052996662,3.3588973333771195,0.0,0.0,0.0,0.0,0.0,0.0,0.0,2.3911707629044594,4.28064642279261,0.0,0.0,0.0,0.0,0.7017308997346782,-3.379664068463308,0.7864496101869559,0.0,1.701603849155514,-2.6520750359121443,1.2829951368667756,-3.536782886654706,-1.6310101148594904,0.0,-1.8081757109193983,0.2864423468630523,0.0,0.0,0.0,-2.7952536219146698,0.0401182551777496,0.0,0.0,-1.6631933991790195,0.0,2.364702715564505,0.0,0.0,1.7398944250464996,-1.796080531070423,-0.8132674163855464,0.0,0.0,0.0,0.0,0.0,0.1252711741521828,2.726461491042514,0.0,0.0,0.0,0.0,0.0,0.0,0.0,0.0,0.0,0.0,0.0,0.0,0.0
SAMD00114900,1,0,1,1,1,1,1,1,1,1,1,0,1,1,1,1,1,1,1,0,0,0,1,1,1,1,0,1,1,1,1,1,0,0,1,0,1,1,1,1,1,1,0,1,1,0,1,0,0,1,1,1,0,1,1,1,1,1,1,0,1,1,0,1,1,1,1,1,1,0,1,1,0,0,0,1,0,0,0,1,1,0,0,0,0,0,1,0,0,0,1,0,0,1,0,1,1,1,0,0,0,0,0,0,0,0,0,2.5259434130986844,0.0,0.738824695788324,0.609982817420128,0.4804632969929683,0.1257263811630684,2.565950587613397,2.0349075372269927,0.9599327127132182,1.4221568337573698,1.173662305794134,0.0,-0.9086337856377238,-0.2000144037007021,-2.720129356308324,-0.0907515835944869,-3.282292916322546,-1.3800521365441236,-0.2568718212406327,0.0,0.0,0.0,-0.0347255167409188,0.9384613854785986,2.4790141418977742,4.082432201134478,0.0,-0.9094657324411162,-1.6569113534913091,-3.656986365763956,2.007776241368996,0.1717961839471957,0.0,0.0,1.6828903857028603,0.0,-1.0045678606478945,-1.0514148339446834,-0.0137769484832079,-0.4378508343626763,1.152872407164986,-5.0563528084512,0.0,0.3894767102249306,-1.7138630276158224,0.0,3.936420539701341,0.0,0.0,1.6940712997034812,0.7822212293932438,-2.5891457357626004,0.0,-1.7762333583422798,2.779351297751953,-1.2650117733753137,3.574366417218509,-1.8804943686666893,-0.5214921498348062,0.0,-3.76668528302038,-0.8226277648541789,0.0,0.3265717315143215,1.6907394029948428,-1.9969047205111004,1.8752474839592592,-1.5424535042728502,-2.264219490138448,0.0,-2.9318875853974085,0.2018276358785007,0.0,0.0,0.0,-0.1745481932178605,0.0,0.0,0.0,-2.503623562324438,-0.6432355867072865,0.0,0.0,0.0,0.0,0.0,-0.8799432931747946,0.0,0.0,0.0,0.7401047983713211,0.0,0.0,-1.5914396124029366,0.0,3.3376969534020624,7.049302493148584,-2.005584254230824,0.0,0.0,0.0,0.0,0.0,0.0,0.0,0.0,0.0
SAMD00114901,1,1,0,0,0,1,0,1,0,0,0,0,0,0,0,1,1,0,1,1,0,0,0,0,1,0,0,0,0,1,1,0,0,0,0,0,0,1,0,0,0,0,1,0,0,1,1,1,0,1,0,0,1,0,0,0,0,0,0,0,0,0,0,0,0,1,0,0,0,1,1,0,0,0,1,0,0,0,0,0,0,1,0,0,0,0,0,0,0,0,0,0,1,0,0,0,0,0,0,0,0,0,0,0,1,1,1,0.5917660170377331,-1.5460999255489352,0.0,0.0,0.0,-0.3191150582298906,0.0,3.459807448811288,0.0,0.0,0.0,0.0,0.0,0.0,0.0,1.4108717606378989,-2.767952644843061,0.0,-0.4063876887152717,-1.069952452261451,0.0,0.0,0.0,0.0,1.0862951826022795,0.0,0.0,0.0,0.0,0.8007251334638203,1.1479451257752422,0.0,0.0,0.0,0.0,0.0,0.0,-0.3149789430566669,0.0,0.0,0.0,0.0,1.1395408677517962,0.0,0.0,-0.5749925620066294,1.886723510534709,-0.0272231666562719,0.0,-2.014382435048757,0.0,0.0,-6.4732942124108535,0.0,0.0,0.0,0.0,0.0,0.0,0.0,0.0,0.0,0.0,0.0,0.0,-0.4382638973902416,0.0,0.0,0.0,-3.332823093211951,3.039008163784278,0.0,0.0,0.0,-0.9539667162160852,0.0,0.0,0.0,0.0,0.0,0.0,0.7191098547396243,0.0,0.0,0.0,0.0,0.0,0.0,0.0,0.0,0.0,0.0,-1.1142365123227267,0.0,0.0,0.0,0.0,0.0,0.0,0.0,0.0,0.0,0.0,0.0,2.685794279333143,3.022888015266241,0.3631939481807389
SAMD00114884,1,1,1,1,1,1,1,1,1,0,1,1,0,1,0,1,0,0,0,1,0,0,0,0,0,0,1,1,1,0,1,1,0,1,0,0,1,1,0,0,0,0,0,0,0,0,0,1,0,0,0,0,1,0,0,0,0,0,0,0,0,0,0,0,1,1,0,0,0,0,0,0,0,1,0,0,0,0,0,0,0,1,1,0,0,0,1,0,0,1,0,1,1,1,0,0,0,0,0,0,0,0,0,1,0,0,0,0.7730395432172799,-2.4077460647769886,-0.6811326710484238,2.897329198978011,1.0769861966924594,1.7115499379587351,3.2743720336974094,2.571256746600866,0.6408202991858418,0.0,0.1254944468319639,0.1248901969226794,0.0,-4.4444401633372514,0.0,4.7029905401858665,0.0,0.0,0.0,-2.205846584888663,0.0,0.0,0.0,0.0,0.0,0.0,0.5155912277268209,-0.93376548163615,-2.2192913863916046,0.0,2.580041677902967,1.1382844809258723,0.0,-2.461875903454924,0.0,0.0,-0.9839827460965402,1.5295068326830412,0.0,0.0,0.0,0.0,0.0,0.0,0.0,0.0,0.0,-0.7655455979090189,0.0,0.0,0.0,0.0,-3.295290805672785,0.0,0.0,0.0,0.0,0.0,0.0,0.0,0.0,0.0,0.0,0.0,2.8079382457030704,1.4873408686504626,0.0,0.0,0.0,0.0,0.0,0.0,0.0,-2.346276491494989,0.0,0.0,0.0,0.0,0.0,0.0,0.0,-0.0701104608027094,0.3700243347426253,0.0,0.0,0.0,-0.8670595362652755,0.0,0.0,0.9364321206425474,0.0,-3.345108191298748,-1.0352831828055595,2.858940757884443,0.0,0.0,0.0,0.0,0.0,0.0,0.0,0.0,0.0,-4.060074419253333,0.0,0.0,0.0
SAMD00114903,1,1,1,0,1,1,0,1,1,0,1,1,0,1,1,1,1,1,1,1,0,0,1,0,1,0,1,1,1,1,1,1,1,1,0,0,1,1,1,1,1,1,1,0,1,1,1,1,1,0,0,1,1,0,1,0,0,0,1,1,1,1,1,1,1,1,1,1,1,1,1,1,1,0,1,0,0,1,0,0,1,1,0,1,1,1,1,0,1,0,0,0,1,1,0,0,0,0,0,1,0,0,0,0,0,0,0,2.9718890900699977,-4.114821939214238,0.9296885035688794,0.0,1.9996320884654413,0.8248914670373663,0.0,4.422932182478726,0.5384545373624946,0.0,2.0692503947456773,0.2546885757837438,0.0,-2.014559069720816,1.9852694417374528,3.7559914464201256,-1.3146168460280423,-0.3453667892540988,0.5818934722362659,-0.2881195716640363,0.0,0.0,-0.491141290183948,0.0,3.427981944231199,0.0,2.49246358164279,-0.2071151660221668,0.0679837187243144,2.380581951804207,1.2190560804870176,2.266989889947008,-0.3600319167886985,0.4474355782178584,0.0,0.0,-1.636953198832371,0.3360944263142518,0.2060926405105432,0.0536070210977686,-2.9957924447829,3.4870416919177663,-0.9894954690755188,0.0,-0.7511173914116513,-2.1219418307594102,1.8419512257770712,-0.0837845333582609,1.725438284612134,0.0,0.0,-3.504195782342296,-2.5299405100226675,0.0,2.341652352786543,0.0,0.0,0.0,-1.1354354036022754,-0.7354787929080748,-5.0348324521909245,-2.0142560853221947,1.7645834134717957,-2.261855606523022,2.638012148651592,1.0373100522817935,1.514098280411652,0.7258703127179584,-0.2693725275803504,-0.2737208216307434,-1.2753671930839934,-2.993370158576305,0.2011138149199469,0.0,-2.406479952721224,0.0,0.0,-1.9814760347567424,0.0,0.0,2.736669400547821,1.0568989143613103,0.0,-2.467497028219145,-0.1105086106927124,-4.170816208568812,-3.0497698470384296,0.0,-0.1226343751969996,0.0,0.0,0.0,-1.4545970213941222,1.611170797229926,0.0,0.0,0.0,0.0,0.0,-0.4082168531032297,0.0,0.0,0.0,0.0,0.0,0.0,0.0
SAMD00114963,1,1,1,1,1,1,0,1,1,1,1,1,1,1,0,1,0,1,1,0,0,0,1,1,1,0,1,1,1,1,1,1,0,1,1,1,1,1,1,1,1,1,0,0,1,1,1,0,1,0,0,1,0,0,1,0,1,1,0,0,0,1,1,1,1,1,1,1,1,0,1,1,0,1,0,0,0,1,1,1,0,1,1,0,1,1,1,0,1,1,0,1,0,1,0,0,0,0,0,1,0,0,0,0,0,0,0,3.313674218718366,-0.5951378364433346,1.3879680460899348,2.5950870738360114,-1.593292072819018,-0.0956536680545383,0.0,3.8924136979390553,-0.2831846699278935,0.2516199213112415,1.1431905867732612,0.2411127589768518,0.9034736569706224,-1.4514757150022202,0.0,2.265289532866243,0.0,-0.4723278602189773,-0.9091852145246488,0.0,0.0,0.0,-4.622651690182979,-2.489997701197212,0.6469454834313737,0.0,0.6140205123274934,-2.474722455102208,-0.3918129569847492,-2.537813481330989,-1.958554884449587,1.867026819429732,0.0,-1.05342389964049,0.8090265999150984,-2.273959890094745,-0.6271951291130875,1.0080479277347452,0.7947369631585829,2.5803897933003546,0.9123790770583357,3.2335806937570872,0.0,0.0,-2.640307638881564,1.003005429422998,2.9930604757052777,0.0,1.6092944101429862,0.0,0.0,-1.9034089486484909,0.0,0.0,1.348621192924896,0.0,4.724385136079063,2.306106581863204,0.0,0.0,0.0,-2.9309756795119064,-0.8882858122574329,2.3085664306438103,0.1612984349331012,-2.23543901155458,1.1189213490222072,-0.8728929993562613,1.246840865024247,0.0,-2.122707163030438,1.0847605525238009,0.0,-5.6107221044512645,0.0,0.0,0.0,-2.8461596930857125,3.197315015941005,0.955426850777614,0.0,-1.019603671918824,-5.008823595356464,0.0,0.0336148010946144,-3.4044942508650866,-1.4933880240044657,0.0,1.0766909284529356,2.2778173683879146,0.0,-0.7597825514196364,0.0,2.200276365540221,0.0,0.0,0.0,0.0,0.0,-0.5386052826455061,0.0,0.0,0.0,0.0,0.0,0.0,0.0
SAMD00114964,1,0,1,0,1,0,0,1,0,0,1,0,1,0,0,1,1,0,0,0,0,0,0,0,1,0,0,0,0,0,1,1,0,0,0,0,0,1,0,1,0,0,0,0,0,0,0,1,0,0,0,0,0,0,1,0,0,0,0,0,0,0,0,0,0,1,0,0,0,1,1,0,0,0,1,0,0,0,0,0,0,0,0,0,1,1,0,0,0,1,0,0,1,0,0,0,1,0,1,0,0,0,0,0,1,1,1,0.1201236371132314,0.0,-2.6524650851265497,0.0,-1.578608106939048,0.0,0.0,4.877559386415299,0.0,0.0,-2.4769587578570658,0.0,0.8991500885552075,0.0,0.0,3.210080791003278,-0.6672997752009742,0.0,0.0,0.0,0.0,0.0,0.0,0.0,-0.8250883651593697,0.0,0.0,0.0,0.0,0.0,0.1794566266807167,3.682086583395824,0.0,0.0,0.0,0.0,0.0,2.038549130099165,0.0,-2.2995589898700457,0.0,0.0,0.0,0.0,0.0,0.0,0.0,-1.9853593888579568,0.0,0.0,0.0,0.0,0.0,0.0,2.4794793554266765,0.0,0.0,0.0,0.0,0.0,0.0,0.0,0.0,0.0,0.0,-0.7249040747394331,0.0,0.0,0.0,-2.795807096017879,5.002389294533029,0.0,0.0,0.0,0.0684177844459732,0.0,0.0,0.0,0.0,0.0,0.0,0.0,0.0,0.0,-3.942594687270323,-0.568254369792794,0.0,0.0,0.0,3.955865464289983,0.0,0.0,1.2410171924001288,0.0,0.0,0.0,-4.212963568520428,0.0,0.0321143271874091,0.0,0.0,0.0,0.0,0.0,0.1702936519556439,-2.5706395451692847,-0.6560815029804135
SAMD00114906,1,1,1,0,0,0,0,1,1,0,1,1,1,1,0,1,1,1,1,1,0,1,1,1,1,0,1,1,1,1,1,1,0,1,0,0,1,1,1,0,1,1,0,0,1,0,0,1,0,0,0,0,1,0,1,1,0,0,0,1,0,0,1,0,1,1,1,0,1,1,0,1,0,0,1,0,0,0,1,0,0,0,0,0,0,0,1,1,0,0,0,0,1,0,0,0,0,0,0,1,0,0,0,0,0,0,0,2.980343548249204,-1.4997530399133483,0.0623314484447429,0.0,0.0,0.0,0.0,1.5897724823634625,0.4822151695732672,0.0,1.099629940086529,0.6305739631572939,1.4683679934647005,-2.8052538046396744,0.0,3.57929403020962,-2.532827410892338,-1.3379147908104614,-1.2311591191192186,-2.3963450351983937,0.0,1.1226410409333225,-1.2502409135205588,0.9815544403019713,-3.3961114892298703,0.0,1.106209442773342,-1.2141508350998529,-1.2792308311449616,1.6239235485078245,1.0916925292175503,2.383159286412268,0.0,-1.44251960060799,0.0,0.0,-0.5176909091442494,0.7966212413442826,0.6804988932180389,0.0,0.6735952455216571,2.6366709847669,0.0,0.0,0.6731459189127802,0.0,0.0,-1.8250475896773848,0.0,0.0,0.0,0.0,-1.5048564202547838,0.0,1.333936840829936,4.442941081039423,0.0,0.0,0.0,-0.8682536254298503,0.0,0.0,0.4127784295500228,0.0,1.004877810870888,-1.5277755203047654,-0.0716232773119189,0.0,-0.6892615467889729,-1.0467484711131512,0.0,-1.3366784783958363,0.0,0.0,-0.7226551208971028,0.0,0.0,0.0,-1.6178218009895493,0.0,0.0,0.0,0.0,0.0,0.0,0.0,-0.2795711560231642,1.47134843089982,0.0,0.0,0.0,0.0,-1.5748044159058583,0.0,0.0,0.0,0.0,0.0,0.0,-0.3598285382355914,0.0,0.0,0.0,0.0,0.0,0.0,0.0
SAMD00114966,1,1,1,1,1,1,0,1,1,0,1,1,1,1,1,1,1,1,1,1,0,0,1,0,1,1,1,1,1,1,1,1,1,1,0,0,0,1,1,0,0,1,0,1,1,1,0,1,1,0,0,0,1,1,1,0,0,0,0,0,1,0,0,0,1,1,0,0,1,1,1,1,0,0,1,0,1,1,0,1,1,0,0,0,0,0,1,0,0,0,0,0,1,0,0,0,1,0,0,0,0,0,0,1,1,1,1,1.99913278952582,0.3342545819069047,0.1987707803457545,0.7013907388346498,1.100215477962566,-1.802476392283228,0.0,3.169557630345562,1.3447368809006452,0.0,0.5195654366697359,0.5200480427518958,1.2751363640835471,-2.814692751719364,2.2784063487741726,4.045383934684921,-1.8443585602924308,-0.9920932220324016,-0.6104698953836372,-0.3952279654971207,0.0,0.0,0.7965149121221118,0.0,-2.66944973464549,1.2956814131884715,1.6015539975029216,0.1258775204226649,0.1009098088713496,-0.0587126940607358,-1.28767999145559,0.7690926423303638,-4.5451638969761365,-2.298913278597119,0.0,0.0,0.0,-1.0299177375008286,1.2795483439011934,0.0,0.0,-0.3070499248446874,0.0,1.887043750721296,2.1960441173534195,-4.757222615865853,0.0,-4.856477573961195,-1.799813820305744,0.0,0.0,0.0,-2.8045859840495893,3.5797215153203026,2.206198274742309,0.0,0.0,0.0,0.0,0.0,1.742706502198748,0.0,0.0,0.0,1.877596969442158,1.773936187174692,0.0,0.0,1.0751908124095106,-2.309072526150567,1.5663669935456743,0.8321618355410683,0.0,0.0,-2.7770360322813588,0.0,1.1592022714166228,3.783289477603876,0.0,0.7829286852257376,-3.1259769856203543,0.0,0.0,0.0,0.0,0.0,-3.823757379101788,0.0,0.0,0.0,0.0,0.0,-1.76405267740848,0.0,0.0,0.0,1.479408893591184,0.0,0.0,0.0,0.0,0.0,0.0,-0.7270316969752746,1.920326830924333,-0.7950605252004257,-1.1216069001267663
SAMD00164694,1,1,1,0,1,1,0,0,1,0,1,0,0,1,0,1,0,1,1,1,0,0,1,1,1,0,1,1,1,1,1,1,0,1,0,0,1,1,1,1,0,1,1,0,1,0,1,1,0,0,0,0,1,0,0,1,0,0,0,0,0,1,0,0,1,0,1,0,0,1,0,0,0,0,0,0,0,0,0,1,0,1,0,0,1,1,0,0,0,0,0,1,1,0,0,0,0,0,0,0,0,0,0,0,1,0,0,3.4087220977128565,0.8717666311164143,1.0559147897923178,0.0,1.9910855761936448,1.1318115970409286,0.0,0.0,2.321768866955713,0.0,1.4866587303900365,0.0,0.0,0.0288689758377667,0.0,2.6410764212562654,0.0,-4.834278475227192,1.86139067769451,0.9671386144306972,0.0,0.0,-3.8383701153883454,1.6427023874138729,1.8490271512430063,0.0,2.24189459902595,-0.8347101653924476,-1.9187500641362607,0.6360170842331632,3.0840304570538666,2.269579573321608,0.0,1.0050292593319965,0.0,0.0,-0.1789509989759905,-3.0406790790771296,-0.5485984688871075,-2.0284099415134444,0.0,-0.3817959514010167,-1.467173175869093,0.0,-2.855756740583118,0.0,3.3352237623322045,0.5841274317755435,0.0,0.0,0.0,0.0,-3.0993524807623034,0.0,0.0,3.987476721985687,0.0,0.0,0.0,0.0,0.0,-4.908811527089759,0.0,0.0,0.2077555480326152,0.0,-1.904190306118522,0.0,0.0,-1.063997271355063,0.0,0.0,0.0,0.0,0.0,0.0,0.0,0.0,0.0,-0.0784522642543945,0.0,3.6505170816435473,0.0,0.0,0.8314214964638903,-2.693887372654139,0.0,0.0,0.0,0.0,0.0,-2.246639068709946,-2.747268957970232,0.0,0.0,0.0,0.0,0.0,0.0,0.0,0.0,0.0,0.0,0.0,-2.420933106912601,0.0,0.0
SAMD00136653,1,0,0,1,1,1,0,1,0,0,1,0,0,0,0,1,0,0,0,0,0,0,0,0,0,0,0,0,1,0,0,1,0,0,1,0,0,1,0,0,0,1,0,1,0,1,1,1,0,1,0,0,1,0,1,1,0,0,0,0,1,0,0,0,1,0,0,0,0,1,1,0,0,0,1,0,0,0,0,0,1,1,0,0,0,0,0,0,0,0,0,0,0,1,0,0,0,0,0,0,0,1,0,0,0,0,0,-0.376601693277574,0.0,0.0,0.6511197686828463,-1.8654051996232035,-1.703950666181215,0.0,2.191167745015147,0.0,0.0,-3.225756166251069,0.0,0.0,0.0,0.0,-0.3902499005826456,0.0,0.0,0.0,0.0,0.0,0.0,0.0,0.0,0.0,0.0,0.0,0.0,3.898698530511639,0.0,0.0,3.451235136175634,0.0,0.0,-3.673568822188326,0.0,0.0,-3.2860759564845923,0.0,0.0,0.0,-1.2209856069678464,0.0,-3.3558092944992675,0.0,0.272671206777519,-0.2976240062987263,2.987348363353449,0.0,-3.21122806568816,0.0,0.0,-1.206634414804756,0.0,-0.6305014592942038,6.967769218340345,0.0,0.0,0.0,0.0,-1.447090173770034,0.0,0.0,0.0,1.0554389766285486,0.0,0.0,0.0,0.0,1.2657262455750884,1.7920081275777706,0.0,0.0,0.0,2.585005026262384,0.0,0.0,0.0,0.0,0.0,0.1395191208691657,-0.1208414217314226,0.0,0.0,0.0,0.0,0.0,0.0,0.0,0.0,0.0,0.0,0.0,-1.8666575479396688,0.0,0.0,0.0,0.0,0.0,0.0,0.0,0.6212729298131792,0.0,0.0,0.0,0.0,0.0
SAMD00164721,1,1,1,0,0,0,0,1,0,0,0,0,0,0,0,0,1,0,0,0,0,1,1,0,1,0,0,0,1,0,0,0,0,0,0,1,1,1,0,1,0,0,0,1,0,1,1,1,0,1,0,0,1,0,0,0,0,0,0,1,0,0,1,0,1,1,0,0,0,1,1,0,0,1,1,0,0,0,0,0,1,0,0,1,0,0,0,0,0,1,1,0,1,0,0,1,1,0,0,0,0,0,0,0,0,0,0,2.120722388134702,-4.259894288553053,0.6920382945376922,0.0,0.0,0.0,0.0,3.980166245709045,0.0,0.0,0.0,0.0,0.0,0.0,0.0,0.0,1.4557202878613429,0.0,0.0,0.0,0.0,2.5723778553999543,-0.7796752266907868,0.0,0.5256347450611453,0.0,0.0,0.0,-0.128147841558942,0.0,0.0,0.0,0.0,0.0,0.0,-3.018821049431766,-0.3806168849815614,-0.1149335489117494,0.0,0.9784564843113934,0.0,0.0,0.0,0.3522477825712992,0.0,-3.776217357407107,1.919497683414132,3.136724294739649,0.0,-0.8102842699228093,0.0,0.0,-2.754010708583425,0.0,0.0,0.0,0.0,0.0,0.0,-2.305970562645269,0.0,0.0,2.5205991929386653,0.0,2.40654327239078,0.6839805768283126,0.0,0.0,0.0,-0.1721631194861006,1.701014275940064,0.0,0.0,-1.3318594627236795,0.0928111564481839,0.0,0.0,0.0,0.0,0.0,-2.16308258309168,0.0,0.0,-1.256183912347982,0.0,0.0,0.0,0.0,0.0,2.200754168317926,-0.4292143770272734,0.0,-2.26666799075284,0.0,0.0,2.144998983653425,-3.5365445041416863,0.0,0.0,0.0,0.0,0.0,0.0,0.0,0.0,0.0,0.0
SAMD00164748,1,0,0,0,0,0,1,1,0,0,0,0,0,0,0,0,1,0,1,0,0,0,0,0,1,0,0,0,0,0,1,0,0,0,0,1,1,1,0,0,0,0,0,1,0,0,1,1,0,1,0,0,1,0,1,1,0,0,0,0,0,0,1,0,0,1,0,0,0,1,1,1,0,1,1,0,0,0,0,1,0,1,0,1,0,0,0,0,0,0,0,1,1,0,0,1,0,0,0,0,0,0,1,0,0,0,0,2.1280027591790347,0.0,0.0,0.0,0.0,0.0,-6.000741052760247,4.449931435467791,0.0,0.0,0.0,0.0,0.0,0.0,0.0,0.0,0.5214072377658481,0.0,-0.1025510229750555,0.0,0.0,0.0,0.0,0.0,3.305639078438533,0.0,0.0,0.0,0.0,0.0,3.39950602957044,0.0,0.0,0.0,0.0,-2.034194127980954,-0.4422025002424283,0.3687236757086166,0.0,0.0,0.0,0.0,0.0,0.2382282641849198,0.0,0.0,0.3685782152857167,0.6531926144548172,0.0,1.6119408129690287,0.0,0.0,-2.886806544214452,0.0,2.966713822726614,-5.326642067170996,0.0,0.0,0.0,0.0,0.0,0.0,-1.4150999465802006,0.0,0.0,-1.050443471957078,0.0,0.0,0.0,-1.4657099474666184,-0.8568181064335687,-1.7711566524776026,0.0,-2.645225463716596,-0.0052046183696664,0.0,0.0,0.0,0.0,0.3770923294063962,0.0,2.7258197261777743,0.0,-0.8868228714803976,0.0,0.0,0.0,0.0,0.0,0.0,0.0,-1.2186095624467743,0.6520976305876701,0.0,0.0,1.77815363699754,0.0,0.0,0.0,0.0,0.0,0.0,2.5632006873518867,0.0,0.0,0.0,0.0
SAMD00164756,1,1,1,0,1,1,0,1,1,0,1,1,0,1,0,1,1,1,1,1,0,1,0,0,0,0,0,1,1,1,1,1,0,1,1,1,1,1,0,1,1,0,1,0,1,1,0,1,0,0,0,0,1,0,1,0,0,0,0,0,1,0,0,0,1,1,1,0,0,1,1,1,0,0,0,0,0,1,0,1,0,0,0,1,1,1,0,0,0,0,0,0,1,1,0,1,1,0,0,1,0,0,0,1,1,1,1,-0.2984516861163918,0.0588508391952916,1.914532912920232,0.0,1.978906955393899,1.0406380901537082,0.0,4.211146621026869,1.87181998632058,0.0,1.2024421672167107,1.4852272178558958,0.0,-1.2003900390185214,0.0,2.5065618653954056,0.2700875832056191,-0.7884786735227131,1.7643949457953778,-0.2551203718420477,0.0,2.5857932273305746,0.0,0.0,0.0,0.0,0.0,0.283943824439412,0.2635705155614223,2.160413839682904,1.476419565083141,1.2275278941679304,0.0,0.3454165617573751,-1.2694545925240694,0.5759475596533024,-1.369354140432815,0.0792467622668099,0.0,-0.642328513061918,-2.893333189112964,0.0,-1.226999523593857,0.0,-3.678795040497436,-4.407460921742739,0.0,-0.1202900246931283,0.0,0.0,0.0,0.0,-1.3310821813014604,0.0,2.4167487930709863,0.0,0.0,0.0,0.0,0.0,1.8973806299290032,0.0,0.0,0.0,1.9654533192184245,-1.0687838970619183,-0.3727815588099815,0.0,0.0,0.5943059628993119,2.190665211048546,-3.6541753824442607,0.0,0.0,0.0,0.0,0.0,2.0079673726112306,0.0,1.415597199202249,0.0,0.0,0.0,-3.918779507613497,-1.5590500834022505,0.2596747465508695,0.0,0.0,0.0,0.0,0.0,0.0,-1.303726995307283,3.219582405737173,0.0,1.717141087103396,-7.699174070563206,0.0,0.0,-0.4322691344946464,0.0,0.0,0.0,-3.953599272772725,0.581466625684183,-0.4693755508712703,-1.6556179366767387
SAMD00164758,1,1,0,1,0,1,0,1,0,0,0,0,0,0,0,1,0,0,0,1,0,0,0,0,0,0,0,0,0,1,1,1,0,0,0,0,0,1,0,0,1,1,1,0,0,1,0,1,0,0,0,0,1,0,1,1,0,0,1,0,0,0,0,0,1,1,0,0,1,1,1,1,0,0,1,0,0,0,0,0,1,1,0,1,0,0,1,1,0,0,0,0,1,1,0,0,1,0,0,1,0,0,0,1,1,1,1,2.020999534797008,-0.2210045889589007,0.0,-4.179083722430414,0.0,-0.7456063690069694,0.0,-4.192720297379959,0.0,0.0,0.0,0.0,0.0,0.0,0.0,2.370789822173773,0.0,0.0,0.0,0.4464643248350725,0.0,0.0,0.0,0.0,0.0,0.0,0.0,0.0,0.0,-1.147108772204083,1.4812397247213671,1.217617281929873,0.0,0.0,0.0,0.0,0.0,0.4761871735098552,0.0,0.0,-2.491097533240209,1.8385093930715817,0.7014068916974426,0.0,0.0,0.4492693757626811,0.0,1.6012207704943169,0.0,0.0,0.0,0.0,-2.622960868764035,0.0,0.5228730821324415,2.7193323707398176,0.0,0.0,-3.72730383214113,0.0,0.0,0.0,0.0,0.0,1.8137455814608128,-0.520454054153203,0.0,0.0,-2.1961381649232203,-0.2303174581206128,3.688563046144647,-4.183608617028703,0.0,0.0,-1.677018874752749,0.0,0.0,0.0,0.0,0.0,0.551754060318396,1.0667158864684942,0.0,1.0701003059465752,0.0,0.0,-4.411867269009683,0.1889344145923375,0.0,0.0,0.0,0.0,1.2907464317282098,1.3258806995640169,0.0,0.0,-2.978955771874112,0.0,0.0,-0.3977711969497557,0.0,0.0,0.0,-0.7798446151004732,4.697554432919463,2.6986776709618256,2.464279730068207
SAMD00154992,0,1,1,1,1,1,0,0,0,0,0,0,0,1,0,1,1,0,0,1,0,0,0,0,1,0,0,1,1,1,0,1,0,0,1,0,0,1,0,1,0,1,1,0,0,0,0,1,0,1,0,0,1,0,1,1,0,0,0,0,1,0,0,0,1,1,0,0,0,1,1,0,0,0,1,0,0,0,0,0,1,1,0,1,0,0,0,0,0,0,0,0,0,0,0,0,0,0,0,1,0,0,0,0,0,0,0,0.0,-1.5066409265685787,0.9873689337206416,3.6603366098118384,1.2805129946353857,-0.6963877687112371,0.0,0.0,0.0,0.0,0.0,0.0,0.0,-1.0242361038451064,0.0,2.4427827896904644,0.58867539603591,0.0,0.0,-2.796542950568356,0.0,0.0,0.0,0.0,-1.577070024342294,0.0,0.0,-1.9935703360253407,-0.1226676496628916,-0.1231689827636546,0.0,2.324045993387229,0.0,0.0,2.487627594011244,0.0,0.0,-0.2767499853546197,0.0,-2.634965679615503,0.0,1.6712121077930964,-3.1841694381953607,0.0,0.0,0.0,0.0,0.2835413987821701,0.0,2.050689764214075,0.0,0.0,-3.6749221278653095,0.0,1.6727795181015002,3.932749104667992,0.0,0.0,0.0,0.0,0.2010535024206808,0.0,0.0,0.0,2.860887765039926,-2.481818995776277,0.0,0.0,0.0,-1.4757563163537868,0.4921250739711639,0.0,0.0,0.0,-3.30067591673483,0.0,0.0,0.0,0.0,0.0,-1.3902225820215053,1.632849610021216,0.0,-0.5572114274248324,0.0,0.0,0.0,0.0,0.0,0.0,0.0,0.0,0.0,0.0,0.0,0.0,0.0,0.0,0.0,0.2475390555249568,0.0,0.0,0.0,0.0,0.0,0.0,0.0
SAMD00164774,0,1,0,1,1,1,0,0,0,0,1,0,0,0,0,1,1,0,0,1,0,0,0,0,0,1,0,0,1,1,1,1,0,1,0,0,0,1,0,0,0,0,1,1,0,1,0,1,0,1,0,0,0,0,1,1,0,0,0,0,0,0,0,0,1,1,1,0,1,1,0,0,0,0,1,1,0,0,0,1,1,0,0,1,0,0,1,0,0,0,0,0,1,1,0,0,0,0,1,0,0,0,0,1,1,1,1,0.0,0.94562035928464,0.0,1.5284799248999952,0.8927234972439992,-0.9936714073042991,0.0,0.0,0.0,0.0,-0.8990718754038602,0.0,0.0,0.0,0.0,2.4505373771461505,-0.1653957204148692,0.0,0.0,0.4029881820696477,0.0,0.0,0.0,0.0,0.0,0.7632306941984746,0.0,0.0,-1.8425491716460145,-0.5832458543962047,1.72410324184109,0.1570744572359088,0.0,-1.4802453844142622,0.0,0.0,0.0,-0.2838513032395711,0.0,0.0,0.0,0.0,-0.6565566384075523,1.9122081801748023,0.0,-2.869626167737342,0.0,1.630870197898877,0.0,2.134486094375325,0.0,0.0,0.0,0.0,1.9402559957628616,3.0260191828677323,0.0,0.0,0.0,0.0,0.0,0.0,0.0,0.0,0.9729291350084605,-3.0140356785090474,-0.5698270229931435,0.0,-1.0271402829536864,-2.795187051477719,0.0,0.0,0.0,0.0,-2.061964209354055,-5.429949456810096,0.0,0.0,0.0,-0.877547336360661,-1.6965747628096093,0.0,0.0,1.80953827230269,0.0,0.0,-3.4018012095178114,0.0,0.0,0.0,0.0,0.0,-0.7224032042051389,1.2228361501913785,0.0,0.0,0.0,0.0,-4.04866763751375,0.0,0.0,0.0,0.0,-3.2461478998060183,6.293122664554087,4.895178344717122,3.963257323501478
SAMD00164778,1,1,1,0,1,1,0,1,0,0,1,1,0,1,1,1,1,1,0,1,0,0,1,0,0,0,0,1,1,1,1,1,1,0,0,0,0,1,1,0,1,1,1,0,1,1,0,1,0,0,0,1,1,0,0,0,0,0,1,0,0,1,0,0,0,1,0,1,0,1,1,0,0,0,1,0,0,0,0,0,0,1,0,0,0,0,1,1,0,0,0,0,1,0,0,0,0,0,0,1,0,0,0,1,0,0,0,2.7182316928619983,-0.0506535504524073,2.993745132705861,0.0,2.4781441043171024,3.012198788734863,0.0,4.140416472951309,0.0,0.0,2.129100510011316,1.565322025914485,0.0,-0.7567476732081315,2.074466032906681,2.209655935365242,-0.6026195583397496,-1.8769142408836088,0.0,1.1048981648010372,0.0,0.0,0.7512124979994219,0.0,0.0,0.0,0.0,1.5752944931216135,0.4294403686315385,1.4495211003383068,2.9464213415646965,1.6389002299584816,1.281691966932177,0.0,0.0,0.0,0.0,1.0967889130849082,-0.3173096446471595,0.0,-4.945612962284422,-0.387432478936474,-0.040775522262852,0.0,-1.3680919135321985,0.6630572296512014,0.0,2.1015086494287307,0.0,0.0,0.0,-1.159137432916048,-3.375840306242752,0.0,0.0,0.0,0.0,0.0,-1.1393363494241575,0.0,0.0,-1.1178777733788647,0.0,0.0,0.0,1.2501237417762427,0.0,-2.3085417306407923,0.0,-0.7034871685205426,-1.732866997791758,0.0,0.0,0.0,-1.3819660979803132,0.0,0.0,0.0,0.0,0.0,0.0,-3.770168241573024,0.0,0.0,0.0,0.0,-4.330052018254524,0.6518440251057338,0.0,0.0,0.0,0.0,-0.8973365777560791,0.0,0.0,0.0,0.0,0.0,0.0,-1.151841852410285,0.0,0.0,0.0,-6.847373326726805,0.0,0.0,0.0
SAMD00164780,1,1,1,0,0,1,1,0,0,0,0,0,0,0,0,0,1,0,0,1,0,0,0,0,0,0,0,0,1,0,0,0,0,0,0,0,0,1,0,0,0,0,1,0,0,1,0,1,0,0,0,0,1,0,0,0,0,0,0,0,0,0,0,0,0,1,0,0,0,1,1,0,0,1,1,0,0,0,1,1,1,0,0,0,0,0,1,0,0,0,0,0,1,0,0,0,0,0,0,0,0,0,0,0,0,0,0,0.0931620218000528,-1.574258030016345,1.3033132871224105,0.0,0.0,4.853137170072204,3.931376290157036,0.0,0.0,0.0,0.0,0.0,0.0,0.0,0.0,0.0,0.5067102610161556,0.0,0.0,-1.2384467319519084,0.0,0.0,0.0,0.0,0.0,0.0,0.0,0.0,-1.4761586990944089,0.0,0.0,0.0,0.0,0.0,0.0,0.0,0.0,1.155641798107837,0.0,0.0,0.0,0.0,-2.7278739985573326,0.0,0.0,3.703521156324906,0.0,1.7968694618782162,0.0,0.0,0.0,0.0,-0.1665154540965434,0.0,0.0,0.0,0.0,0.0,0.0,0.0,0.0,0.0,0.0,0.0,0.0,-2.982935152839848,0.0,0.0,0.0,0.5693193253625703,0.2787153534086821,0.0,0.0,-6.593853065484072,-0.6863137533138515,0.0,0.0,0.0,1.055077363068592,3.8093410222335695,0.4510956426742717,0.0,0.0,0.0,0.0,0.0,0.7252996902593376,0.0,0.0,0.0,0.0,0.0,-6.786224958131529,0.0,0.0,0.0,0.0,0.0,0.0,0.0,0.0,0.0,0.0,0.0,0.0,0.0,0.0
SAMD00164805,1,1,1,0,0,0,0,1,1,0,1,1,1,1,0,1,1,1,1,1,0,0,0,1,1,0,1,1,1,1,0,1,1,1,1,0,1,1,1,1,0,0,0,1,1,1,1,1,0,1,0,1,1,0,0,1,0,0,0,0,0,1,1,0,1,1,1,0,1,1,0,0,0,0,1,0,1,0,0,1,0,0,0,0,0,0,1,0,0,1,0,1,1,1,0,0,1,1,0,1,0,0,0,0,0,0,0,2.404647665786893,-1.5172285200227056,1.518249592433658,0.0,0.0,0.0,0.0,1.6066107550632724,-0.3559191022320909,0.0,0.088915721775538,0.1286111307845536,-0.4617871033106033,-0.4731107810185047,0.0,2.259817945561904,-1.5367766053339929,-2.338353727090618,-0.0132984572381233,-2.3890444303180245,0.0,0.0,0.0,1.1706243856177374,2.029123636240968,0.0,0.3558171972554302,-1.6842343910028197,-2.3104172892294383,-0.3547574691774704,0.0,2.455631853866069,-1.99143082143004,-1.856143408665572,0.7227925883798809,0.0,0.3941097138654548,0.4435345971929776,0.7189175464069482,1.18408107906094,0.0,0.0,0.0,-0.7395812896513512,0.0671839214597902,-3.311377476648142,3.246754718347271,-4.028738915328683,0.0,-0.3551721832380736,0.0,-2.5210370129534474,-4.6709196522966,0.0,0.0,4.22482823552315,0.0,0.0,0.0,0.0,0.0,-1.3338467988039833,2.298573256938141,0.0,1.7562118273876075,-0.8449824218685542,1.5656322455578462,0.0,-1.3978850771662512,-2.5699719053958003,0.0,0.0,0.0,0.0,-1.2518701498691236,0.0,-0.0045550397443552,0.0,0.0,-3.095597493102671,0.0,0.0,0.0,0.0,0.0,0.0,-0.6078029863421737,0.0,0.0,3.183328986546845,0.0,0.3824736492356684,-0.6373938301095383,2.014972311419948,0.0,0.0,5.848150304657006,1.6075551577987792,0.0,0.9760843144244528,0.0,0.0,0.0,0.0,0.0,0.0,0.0
SAMD00164812,1,1,1,0,0,1,0,0,0,0,1,0,0,1,1,1,1,0,0,1,0,0,0,1,1,0,0,1,0,0,0,1,1,0,1,0,1,1,0,0,0,0,1,0,0,1,0,1,0,1,1,0,0,0,0,1,0,0,0,0,0,0,0,0,0,0,0,0,0,1,0,0,0,1,1,0,0,0,1,0,0,1,0,0,0,0,0,0,0,0,0,0,0,1,0,1,0,0,0,0,0,0,0,1,1,0,0,1.6309670737060156,0.531026632246413,3.5672466062422723,0.0,0.0,0.8278708790320927,0.0,0.0,0.0,0.0,1.0550285543604492,0.0,0.0,-3.1251396244612204,1.8814315932244323,-0.0363014198425108,-2.205570201125367,0.0,0.0,0.0596647684964555,0.0,0.0,0.0,2.6468895941003905,3.734053050664569,0.0,0.0,-2.353846190427837,0.0,0.0,0.0,-1.429689739585138,-0.1253515474000424,0.0,0.0537348870981542,0.0,-1.274011997120424,-2.057658254388284,0.0,0.0,0.0,0.0,-1.304251882310142,0.0,0.0,0.9910365858329638,0.0,1.8639460328053128,0.0,2.94146171677734,1.960046502504185,0.0,0.0,0.0,0.0,3.01823699732913,0.0,0.0,0.0,0.0,0.0,0.0,0.0,0.0,0.0,0.0,0.0,0.0,0.0,-4.189850361453649,0.0,0.0,0.0,0.3447185173508956,-0.3332897299629993,0.0,0.0,0.0,-2.8448741496644896,0.0,0.0,-3.0311738320428887,0.0,0.0,0.0,0.0,0.0,0.0,0.0,0.0,0.0,0.0,0.0,0.0786142273534384,0.0,4.511261127160826,0.0,0.0,0.0,0.0,0.0,0.0,0.0,-3.7907547016309646,-3.595471714869377,0.0,0.0
SAMD00164823,1,1,1,1,1,1,1,1,1,0,1,1,1,1,1,1,1,1,1,1,0,0,1,0,1,0,1,1,1,1,1,1,0,1,0,0,0,1,1,1,1,1,1,0,0,1,1,0,0,1,1,0,0,0,1,0,0,1,0,0,0,0,0,0,1,0,0,0,0,0,1,0,0,0,0,0,0,0,0,1,0,0,0,0,1,1,0,1,0,1,1,0,0,1,0,1,0,1,0,1,0,0,1,0,0,0,0,2.5788882832883164,-0.0683583635867784,3.1001000518430715,1.3257687815984514,0.2624339158842954,0.5417593474276946,2.354680355794073,3.911584229451379,1.218427078571924,0.0,2.733791079110146,0.9966702619021256,1.5877952058470743,0.0503141019569072,1.6323630482892972,2.0344866978043625,1.8441185975189256,0.0042073239668265,1.0679519724477204,-3.112117130915348,0.0,0.0,-0.2317764761288753,0.0,2.3727004460318484,0.0,-1.5222165410070172,-0.6391666919544797,1.081391341496868,-1.334928009004512,0.4151372158247253,1.1080082093880732,0.0,-0.4063913539046927,0.0,0.0,0.0,-3.9572062659429954,-2.18691103538324,-1.951006820529377,-3.301428231891014,-6.407953996919677,-4.537300585221959,0.0,0.0,-1.3601091956346716,2.452972849571075,0.0,0.0,-3.5334622217009746,2.331553745568586,0.0,0.0,0.0,-1.2375548087339694,0.0,0.0,-0.9122549197849464,0.0,0.0,0.0,0.0,0.0,0.0,1.8085898268174687,0.0,0.0,0.0,0.0,0.0,3.274247420028189,0.0,0.0,0.0,0.0,0.0,0.0,0.0,0.0,0.5916591049929247,0.0,0.0,0.0,0.0,-1.2918387913084888,-5.53124225132618,0.0,-0.7369928547039507,0.0,0.9045397580782532,0.1237935364763067,0.0,0.0,0.5273583720271479,0.0,1.049112561292551,0.0,0.3531522451672633,0.0,-0.3770176200851937,0.0,0.0,-1.0023227997955342,0.0,0.0,0.0,0.0
SAMD00164824,1,1,1,0,1,1,0,1,1,0,1,1,1,1,0,1,1,1,1,1,0,0,1,1,1,0,1,1,1,1,1,0,0,1,0,1,1,1,1,1,0,1,0,0,1,0,0,1,1,1,0,1,1,0,0,0,0,1,0,0,1,1,1,1,1,1,1,0,1,0,0,1,0,0,0,0,1,1,0,0,1,0,0,0,0,0,1,0,1,0,0,1,1,0,0,0,0,0,0,1,0,0,0,0,0,0,0,2.910704974085476,-1.5500612424376077,0.9546898622807346,0.0,1.1807279121870988,1.6006654430949387,0.0,4.232270845518655,0.180979030377454,0.0,1.2236802605482455,0.5835493475241653,0.2185367874390457,-1.6041863443662507,0.0,3.95545843290843,-4.662312281967071,-0.5248206710618653,-0.7119694063781647,-2.093767645851101,0.0,0.0,-0.5152568130304847,-0.2175778142208415,2.446933058742072,0.0,3.749473569952646,0.4960123463437216,-0.0871531743950193,1.4127415448225928,0.4050341563813979,0.0,0.0,0.0592575975705491,0.0,-1.8296893147852296,0.6910347012518354,-1.1353617288157472,0.918426689484798,0.0779265759644294,0.0,2.6429793193138846,0.0,0.0,0.1997272948074252,0.0,0.0,-3.8935055385619854,3.1293556384611523,1.534812771094977,0.0,-2.6839668571586035,-4.1224800101869885,0.0,0.0,0.0,0.0,1.1738177745181784,0.0,0.0,-2.792828200115106,-2.475547269543825,1.3621874996432235,-0.1328464020539179,1.670004527536049,-1.4140400215140658,1.0073379605049286,0.0,-1.577828229299435,0.0,0.0,-1.2208013962480395,0.0,0.0,0.0,0.0,0.2148234712031567,0.8195661181680772,0.0,0.0,2.2950705235104145,0.0,0.0,0.0,0.0,0.0,-1.812901881701972,0.0,0.1540507303784024,0.0,0.0,-3.150461386857417,-3.688194463543332,0.0,0.0,0.0,0.0,0.0,0.0,0.3957213284759211,0.0,0.0,0.0,0.0,0.0,0.0,0.0
SAMD00164828,1,0,1,0,0,1,0,1,1,0,0,0,1,0,0,1,1,0,1,0,0,0,0,0,1,0,0,1,1,1,0,1,0,1,1,0,0,1,0,1,1,0,0,0,0,0,0,1,0,0,0,0,0,0,0,0,0,0,0,0,1,0,0,0,1,1,1,0,1,1,0,0,0,0,1,0,0,0,0,1,0,1,1,0,0,0,1,0,1,0,0,0,1,0,0,1,0,0,0,0,0,1,0,0,0,0,0,2.5658938361620467,0.0,0.1502826751410658,0.0,0.0,-2.153214164248049,0.0,3.936859782552797,0.384135878445719,0.0,0.0,0.0,-2.681075975166608,0.0,0.0,2.744581514116369,-0.8632651469082637,0.0,0.7137629371469778,0.0,0.0,0.0,0.0,0.0,1.45091027201622,0.0,0.0,-1.837836412177409,0.3986826021006854,-0.669270530668477,0.0,3.195684714714625,0.0,-0.8852202868268808,1.1309494786673682,0.0,0.0,0.950940655133748,0.0,-3.2359065523854307,-4.103525877883774,0.0,0.0,0.0,0.0,0.0,0.0,0.7807774722396015,0.0,0.0,0.0,0.0,0.0,0.0,0.0,0.0,0.0,0.0,0.0,0.0,0.7060964434768838,0.0,0.0,0.0,3.2521463387193523,-0.275736853235362,1.959792448368228,0.0,-0.941434078375608,-1.6977798361502772,0.0,0.0,0.0,0.0,-1.5170664276525088,0.0,0.0,0.0,0.0,-1.2303907627465074,0.0,2.510548373216054,0.2940561022586167,0.0,0.0,0.0,-0.3834573757951436,0.0,-0.1363086455397383,0.0,0.0,0.0,-1.393182188489272,0.0,0.0,-3.07883886291268,0.0,0.0,0.0,0.0,0.0,-0.0425915473143688,0.0,0.0,0.0,0.0,0.0
SAMD00164835,1,1,0,1,0,1,0,1,1,0,0,0,0,1,0,1,1,1,1,1,0,0,0,1,0,0,0,0,1,0,1,1,0,1,1,0,0,1,0,0,0,0,1,0,0,1,0,1,0,1,0,0,1,0,0,1,0,0,0,0,0,0,0,0,1,1,0,0,0,1,0,0,0,0,1,0,0,0,0,1,0,0,1,1,0,0,1,0,0,1,1,0,1,0,0,0,0,0,1,1,0,0,0,0,0,0,0,1.9601639877405312,-2.843082622405128,0.0,1.4525817751915646,0.0,0.9264498537131598,0.0,3.551646200055904,0.8655540694491171,0.0,0.0,0.0,0.0,-0.7906561632947032,0.0,1.438856898734331,0.7638519633404574,-1.4312571823940106,0.0397505032071054,0.7075377277600381,0.0,0.0,0.0,2.452332388231636,0.0,0.0,0.0,0.0,0.5527299166101209,0.0,-1.5196350924444038,2.091200968680335,0.0,0.8889779460781865,1.4923251003353677,0.0,0.0,0.0701446994714321,0.0,0.0,0.0,0.0,-2.453080365708401,0.0,0.0,-1.4643565109130874,0.0,2.260506381512643,0.0,1.6071093809758734,0.0,0.0,-3.7015537833904566,0.0,0.0,2.5397387916950547,0.0,0.0,0.0,0.0,0.0,0.0,0.0,0.0,2.389162772738949,-2.125630050944064,0.0,0.0,0.0,-0.7771579493048856,0.0,0.0,0.0,0.0,-0.2357398561690467,0.0,0.0,0.0,0.0,0.4047765065231339,0.0,0.0,0.5801626767069988,-2.2748869669801786,0.0,0.0,-1.4496051271670702,0.0,0.0,2.2655224509531027,0.449643393850726,0.0,-3.669610035435125,0.0,0.0,0.0,0.0,0.0,-2.497768262518575,-4.516706384486634,0.0,0.0,0.0,0.0,0.0,0.0,0.0
SAMD00164836,1,1,0,0,0,1,0,0,0,0,0,0,0,0,0,1,0,1,0,1,0,0,0,0,0,0,1,0,1,1,0,1,1,1,0,0,0,1,0,1,1,1,1,1,0,1,0,1,0,0,0,0,1,0,1,0,0,1,0,1,1,0,0,0,0,1,1,0,1,1,0,0,0,0,1,0,1,1,0,0,1,1,0,0,0,1,1,0,0,1,0,0,0,1,0,0,0,0,0,1,0,1,0,0,0,0,0,1.900710924497805,-0.9979439959562192,0.0,0.0,0.0,0.5550872122946948,0.0,0.0,0.0,0.0,0.0,0.0,0.0,0.0,0.0,2.920128606359317,0.0,-1.7047906959481374,0.0,-1.3291735390888957,0.0,0.0,0.0,0.0,0.0,0.0,2.5649463085315567,0.0,-1.5747883971272842,1.6975208146020526,0.0,1.631184747171765,-3.849531856768829,-3.2148400423930497,0.0,0.0,0.0,0.6863609136215133,0.0,2.0110974177835854,1.36585055862714,1.5397062549952272,-1.3967020072286858,-0.673209750979396,0.0,-3.418410015067301,0.0,-0.4442749296127954,0.0,0.0,0.0,0.0,-6.456893455573956,0.0,2.573474322770847,0.0,0.0,1.827248065427653,0.0,1.0957661038155244,3.630265317263085,0.0,0.0,0.0,0.0,-1.1721156119503746,0.8303526550337077,0.0,-1.223635818766034,-2.493347297120309,0.0,0.0,0.0,0.0,-1.509357106275874,0.0,0.9419701955437308,1.829746617452112,0.0,0.0,1.86565986051716,2.28563490679126,0.0,0.0,0.0,-5.912166280132284,-1.26304300661573,0.0,0.0,1.5002275219212835,0.0,0.0,0.0,2.060637609790932,0.0,0.0,0.0,0.0,0.0,0.7346916579237274,0.0,0.5859552138694689,0.0,0.0,0.0,0.0,0.0
SAMD00164838,1,1,1,0,1,1,0,1,0,0,1,0,0,1,0,1,1,1,1,1,0,0,1,0,1,0,1,1,0,1,1,1,0,0,1,0,0,1,0,1,1,1,1,1,0,1,1,1,0,1,0,0,0,1,1,0,0,1,1,0,1,1,1,1,1,1,1,1,1,0,1,1,0,1,0,1,0,1,0,1,0,0,1,0,1,0,1,1,1,0,1,0,1,1,1,1,0,0,0,1,1,1,0,0,0,0,0,1.9296751317001548,3.054213627481137,-0.3698066126380204,0.0,1.562563888301131,0.2438909794916078,0.0,2.325062821847018,0.0,0.0,0.3217782525372743,0.0,0.0,0.1765503423690231,0.0,1.8466173883576509,-1.4216107910710185,-1.353557327826003,-2.08329709913296,1.110877189220537,0.0,0.0,-1.692639241999088,0.0,-1.2440178033655256,0.0,-2.302184628308294,-0.5927254860388977,0.0,-2.260591940975463,2.3784087610513724,1.8020477279726768,0.0,0.0,0.2272353325638079,0.0,0.0,-0.9551175141755096,0.0,-0.8984027749122623,2.0464247407434866,4.015606117734636,-3.487066090776114,1.8912791904366344,0.0,0.0259134512692871,0.6988098292154237,0.2612306200815401,0.0,-0.9407809555852796,0.0,0.0,0.0,3.900211341245214,1.840872311576047,0.0,0.0,2.756872587016625,0.5237574993961249,0.0,1.6159418949944482,-4.357419727463244,-0.2858669494964792,-0.8981620334273295,3.074503906679668,-0.5265071764180678,1.884148197439627,-2.9195451233335783,-0.4728623084190797,0.0,-2.1562347489109275,-0.241997840512963,0.0,-5.175389972755927,0.0,-1.0274042002854218,0.0,0.9247604796234196,0.0,0.614852988577824,0.0,0.0,1.1036301937222763,0.0,-3.930086632718499,0.0,-0.21862709980817,1.3732762202019186,1.315131799395627,0.0,-0.9675963085850984,0.0,-3.8379580327512,2.489008195597778,1.0848875431763871,1.0878541353726192,0.0,0.0,0.0,1.5822882063411232,-0.8889770321502577,-5.5837494388904565,0.0,0.0,0.0,0.0,0.0
SAMD00164840,1,1,0,0,0,0,0,1,0,0,0,0,0,0,0,0,1,0,0,1,0,0,0,0,0,0,0,0,0,0,0,1,0,0,0,0,0,1,0,0,0,0,1,0,1,0,0,1,0,0,0,0,1,0,0,0,0,0,0,1,0,0,1,0,0,0,0,0,0,1,1,0,0,1,1,0,1,0,0,0,0,0,0,0,0,0,0,0,0,0,1,0,1,0,0,0,0,0,0,1,0,0,1,0,1,1,1,1.1286203505625416,-1.7940671821036198,0.0,0.0,0.0,0.0,0.0,4.508758769697783,0.0,0.0,0.0,0.0,0.0,0.0,0.0,0.0,0.8284483293555533,0.0,0.0,-1.573271714941816,0.0,0.0,0.0,0.0,0.0,0.0,0.0,0.0,0.0,0.0,0.0,4.466429681034283,0.0,0.0,0.0,0.0,0.0,2.190007497545877,0.0,0.0,0.0,0.0,-4.089801553160329,0.0,-0.8440609247516613,0.0,0.0,2.9079669515203004,0.0,0.0,0.0,0.0,-3.34862946578607,0.0,0.0,0.0,0.0,0.0,0.0,-1.924311279746744,0.0,0.0,0.294030679355892,0.0,0.0,0.0,0.0,0.0,0.0,-0.3551964842969846,0.9004944234625967,0.0,0.0,-3.1180495182997188,-0.943021515559484,0.0,2.866399596649916,0.0,0.0,0.0,0.0,0.0,0.0,0.0,0.0,0.0,0.0,0.0,0.0,0.0,2.193969147992916,0.0,2.414384409924909,0.0,0.0,0.0,0.0,0.0,0.0,-1.7472623119952746,0.0,0.0,3.5681007288872792,0.0,-1.370304401563581,-3.711475152651462,-3.4481590611331034
SAMD00164843,1,1,1,0,0,0,0,1,1,0,1,1,0,1,0,1,1,1,1,1,0,0,1,1,0,0,1,1,1,1,1,1,1,0,0,0,0,1,1,0,0,1,1,0,1,1,0,1,1,0,0,1,1,0,1,1,0,0,0,0,1,1,0,0,0,1,1,0,0,1,1,0,0,0,0,0,1,0,0,0,0,0,0,0,0,0,1,0,0,1,0,0,0,0,0,0,0,1,0,0,0,0,0,0,0,0,0,1.9687124533258973,-1.7537524437510552,1.7581156404794642,0.0,0.0,0.0,0.0,4.033946040680699,-0.5930700187173144,0.0,-0.1811627516014409,-1.6664110337551297,0.0,-2.7403749762280407,0.0,3.416715609435469,-1.103430418004107,-2.8526948743832063,-0.520392305085444,-1.3027430543254266,0.0,0.0,-0.8345282402039225,1.758243684605615,0.0,0.0,1.3501479205835092,-2.569480419191142,-1.624500702468642,1.943574477889144,3.292109155439752,3.245314850434938,-3.0454720902815,0.0,0.0,0.0,0.0,0.963628573808588,-0.0262931275640954,0.0,0.0,2.312320323956258,-1.0730607924817857,0.0,-1.2881320659511215,-2.2258377893465555,0.0,-0.068289175638641,2.3912091926354444,0.0,0.0,-3.313135656563936,-5.91975771042604,0.0,2.325752398988977,3.163438124306181,0.0,0.0,0.0,0.0,0.956506901464726,-1.1567657796726525,0.0,0.0,0.0,1.1423792247457747,1.7463695373780277,0.0,0.0,-3.721351798043989,-0.7424066322007583,0.0,0.0,0.0,0.0,0.0,-1.4486053575439108,0.0,0.0,0.0,0.0,0.0,0.0,0.0,0.0,0.0,-1.3472426045660948,0.0,0.0,2.290661677431822,0.0,0.0,0.0,0.0,0.0,0.0,0.0,3.0597460304056563,0.0,0.0,0.0,0.0,0.0,0.0,0.0,0.0,0.0
SAMD00164847,1,1,1,1,1,1,0,1,0,0,1,0,0,1,0,1,1,0,1,1,0,1,0,0,1,0,1,0,1,1,1,1,0,0,1,0,1,1,0,1,0,0,1,0,0,1,0,1,1,1,0,0,1,0,1,1,0,1,0,1,0,0,0,0,1,1,1,0,0,1,1,1,1,1,1,0,0,0,0,1,1,0,0,1,0,0,1,0,1,0,0,0,1,1,0,1,0,1,0,1,1,1,0,0,0,0,0,1.9791073525522247,-0.2695739756279312,0.6819215412206587,2.6608429451424787,0.328480638777276,0.7516593209027203,0.0,4.165742441104636,0.0,0.0,1.0393609887104025,0.0,0.0,-0.223885284340525,0.0,2.5509101247936714,-0.4193669085033444,0.0,0.6074786319550373,-0.0218545995486703,0.0,1.4486086386795818,0.0,0.0,2.156579115371456,0.0,1.8692111481039035,0.0,0.6520650125827643,-0.7362229177718078,0.4797275649719477,2.096087679790685,0.0,0.0,0.2908498529772539,0.0,-3.0833039447596766,1.521953320165526,0.0,-2.0114122064806166,0.0,0.0,-3.933266212681694,0.0,0.0,-0.5795271151327384,0.0,0.6270593260344491,2.404565668075461,0.5393132004935748,0.0,0.0,-4.395490333725846,0.0,-0.9294175604496304,4.66061916652855,0.0,1.1655229860028686,0.0,-4.534040073110624,0.0,0.0,0.0,0.0,1.416707285646251,-1.6166878036009746,0.482501377864168,0.0,0.0,-1.7991098174747264,-0.2264251004242505,-3.88844543279976,0.9595053973448922,-5.013375029785244,-1.3589576292264096,0.0,0.0,0.0,0.0,0.988027471861696,-2.746417114434349,0.0,0.0,-2.1471821275862384,0.0,0.0,-1.8167448138643632,0.0,-2.0429605642155426,0.0,0.0,0.0,-1.70648832759433,2.3131793959006632,0.0,2.540582561980292,0.0,1.7222980903830696,0.0,0.2235721245629146,2.12773548334748,-1.951620960689256,0.0,0.0,0.0,0.0,0.0
SAMD00164849,1,1,1,1,1,1,1,0,1,0,1,0,0,0,0,1,1,1,1,0,0,1,1,1,1,0,1,1,1,0,1,1,1,1,0,0,1,1,0,1,1,1,0,1,1,0,1,1,0,1,0,1,1,1,0,0,1,1,1,1,0,1,1,1,1,1,1,0,1,0,1,1,0,0,0,0,1,1,1,1,0,1,0,0,1,1,1,1,1,0,1,0,1,1,0,1,0,0,0,1,0,0,0,0,0,0,0,1.908459623016646,-6.222820191063803,0.7149792092667109,3.0414037939964347,-0.6087264711679479,0.8993939776702108,3.128074648031504,0.0,0.5476318850701595,0.0,1.0796167731504789,0.0,0.0,0.0,0.0,3.676779667113488,-0.3193835802475671,-0.8997384784868214,-1.3622101113137008,0.0,0.0,1.7051936013403757,-0.7836545159283868,-0.5647224134178854,2.037417903453861,0.0,1.5078519993278907,0.3187613918216939,-0.4168882329530354,0.0,-5.221972071161584,1.6156622871979334,-0.9307724375293616,-3.1218009339671697,0.0,0.0,-2.892718731085377,-0.0123973090427145,0.0,-0.2887822598486902,2.834010717030857,2.576854810140224,0.0,0.9122229807498378,-0.7572451406708178,0.0,1.8440289662596208,-1.8790147692101191,0.0,-0.964176581454358,0.0,-2.5435455392696005,-2.742938489983173,-0.6925161363078287,0.0,0.0,1.7293654973270702,1.763184592431701,-1.363577944651324,-3.399167980251569,0.0,-1.0824474569941518,0.7245516503147746,-0.1866002190551619,1.1063507384361366,-1.4345934243603884,1.3308442079960308,0.0,-0.4227476247169281,0.0,1.6550453323669232,-0.3806407290302367,0.0,0.0,0.0,0.0,0.209150072738673,1.6611193785997194,0.6733684515468688,2.2245877982477427,0.0,1.9540220748628545,0.0,0.0,-5.411889974847474,-0.5341513542176499,-0.6893144570586163,0.4637565165306407,-0.6010349472968992,0.0,2.093508822121412,0.0,-1.7535371113926932,1.379000963995352,0.0,0.108838648809017,0.0,0.0,0.0,1.0606886370201944,0.0,0.0,0.0,0.0,0.0,0.0,0.0
SAMD00164852,1,1,1,0,1,1,1,0,1,0,1,1,0,1,0,1,1,1,1,1,0,0,1,0,1,1,1,1,1,1,1,1,1,1,0,0,0,1,1,1,1,1,1,0,1,1,0,1,1,0,0,0,1,0,1,1,0,0,0,0,1,0,0,0,1,0,1,0,1,1,1,0,0,0,1,0,0,0,1,1,1,0,0,1,0,0,0,1,0,0,0,0,1,0,0,0,0,0,0,1,0,0,0,0,0,0,0,2.643873006159612,0.7323198340411816,1.3762684004935102,0.0,1.8017818248891924,0.751288845742157,4.972579779132575,0.0,0.6033388768649315,0.0,0.7902880128944149,0.3519942311697273,0.0,-2.178173327054404,0.0,3.7254191623632655,0.0541463080545132,-2.846271028309907,0.028330557261617,-1.1280341796420694,0.0,0.0,0.860641797989728,0.0,-1.5381182336065284,2.393349269960491,2.4895364322861875,-1.3751878661272243,1.9623175668007315,-2.6776811258877338,1.597711406469596,2.145649153496477,-4.176147285496222,-0.3798500807661666,0.0,0.0,0.0,1.3976466737990116,0.1732948410075887,-1.9622754747268447,-3.640453595152217,-1.8789724852304228,-3.799881332080319,0.0,-2.6930722762080306,-0.8320659994835335,0.0,2.516610132605331,0.9717862784412616,0.0,0.0,0.0,-3.1470418750084663,0.0,0.6998185928591425,5.412312136665789,0.0,0.0,0.0,0.0,0.2117970567546205,0.0,0.0,0.0,1.4220215106304677,0.0,-0.6708491741792602,0.0,-2.6130923648546505,-0.2251111147380162,1.5387008367481672,0.0,0.0,0.0,0.5387479782955751,0.0,0.0,0.0,0.5243657808733635,1.353866876914342,1.5693086196668709,0.0,0.0,-2.799794262464178,0.0,0.0,0.0,1.9017094421426608,0.0,0.0,0.0,0.0,-3.9344714860530834,0.0,0.0,0.0,0.0,0.0,0.0,-5.016276656404813,0.0,0.0,0.0,0.0,0.0,0.0,0.0
SAMD00164853,1,1,1,1,1,0,0,0,1,0,1,1,0,1,0,1,0,0,1,1,0,0,0,0,1,0,1,1,1,1,1,1,0,1,0,1,1,1,1,1,0,1,0,1,1,0,1,1,0,0,0,0,1,1,1,1,0,1,0,1,0,0,0,0,0,1,1,1,0,1,1,0,0,0,0,0,1,1,0,0,0,1,0,0,0,0,1,1,0,0,0,1,1,0,0,1,1,0,0,1,0,0,0,0,0,0,0,1.840816890048817,-2.954305088592641,0.3152638505910778,3.177293732322692,1.323302615978078,0.0,0.0,0.0,0.6728145887906755,0.0,0.8934715269364917,-0.6855915627163216,0.0,-1.7402958615534692,0.0,3.774612644332168,0.0,0.0,-1.24325279895843,-4.9519663027004,0.0,0.0,0.0,0.0,1.3439854319686098,0.0,2.3702222964971,-2.552324304567087,-0.2701318907515508,-2.546523824266646,-0.013120828199328,0.6656901837795732,0.0,-1.9626649194767,0.0,-0.9466164349237448,-1.80759300513012,-0.1722504403639768,-0.1481554523977646,1.3903469538844917,0.0,2.9383571011944256,0.0,0.7785704477260529,-2.2546573434296024,0.0,-0.6278336464454206,-1.5926598627474045,0.0,0.0,0.0,0.0,-2.4236768375304707,3.462505338067261,2.0430305618140823,3.560246558717257,0.0,1.3409077780241776,0.0,-2.108623440405328,0.0,0.0,0.0,0.0,0.0,-0.5204629264185128,0.5822842725688662,-0.4184711534191994,0.0,-1.036615507179579,-2.574083469417044,0.0,0.0,0.0,0.0,0.0,0.0736839063842487,-3.534123583845583,0.0,0.0,0.0,0.5538862565334908,0.0,0.0,0.0,0.0,-0.0830521338826517,1.3474659534304647,0.0,0.0,0.0,-3.1807148376934724,-1.7971504809991257,0.0,0.0,2.524879879718096,5.344937566177162,0.0,0.0,1.8283416025262047,0.0,0.0,0.0,0.0,0.0,0.0,0.0
SAMD00164855,1,1,1,1,1,1,1,1,1,0,1,0,0,0,0,1,1,1,1,1,0,0,1,0,1,0,0,1,1,0,1,1,1,0,1,1,0,1,0,1,1,1,0,0,1,0,0,1,0,0,0,1,0,0,1,1,1,1,0,1,0,1,0,0,1,1,1,1,1,1,1,1,1,1,0,0,1,1,0,0,1,1,1,1,1,0,1,1,0,0,1,0,1,0,0,0,1,1,0,1,0,1,0,0,0,0,0,1.7145322270755134,-1.6414620473484534,0.7299385773894367,1.1698938999576955,1.5979484018047687,1.1251138732950872,3.0930085689034565,1.5893996919141915,0.957688834703908,0.0,0.5493836394841546,0.0,0.0,0.0,0.0,2.709957529649743,-4.632369867696062,0.3011803133963457,-0.5322487952990133,-2.0161066483908607,0.0,0.0,0.482239955283966,0.0,0.033311690537747,0.0,0.0,0.3159727474830612,-0.5651730238458225,0.0,1.311628838474001,-0.0597007761635334,-2.59490684912923,0.0,2.4221744540636045,-0.5002024563037534,0.0,-1.2575420833000233,0.0,-2.300537531295686,-2.7041865797530846,3.243664650376784,0.0,0.0,2.08424756486304,0.0,0.0,-0.2692371823821428,0.0,0.0,0.0,-1.4211166037574157,0.0,0.0,1.8088069255761867,2.2505062839767107,2.825911887958883,3.362197513004205,0.0,-0.7661948348667632,0.0,-0.1393568609828434,0.0,0.0,0.3862724997432805,0.9880503731724564,0.4771343288215119,-3.625153859511142,0.6304588503070814,-3.616403195990957,0.6722909727741488,-3.602941454240058,1.0594338387565678,-3.1676795674921574,0.0,0.0,-0.2702935985038365,2.973546737946352,0.0,0.0,-1.1123205031886187,0.8764662369804668,2.30428982782181,-2.296391373503297,-1.196056579887721,0.0,-1.549381149144844,-3.601033056714298,0.0,0.0,0.5869158663224177,0.0,-0.914697700880676,0.0,0.0,0.0,2.0119071575789538,1.551227572913119,0.0,1.7781435792415374,0.0,-5.622151731979903,0.0,0.0,0.0,0.0,0.0
SAMD00164860,1,1,0,0,1,1,0,1,0,0,1,0,0,0,0,1,1,1,0,1,0,0,0,0,1,0,1,0,1,0,1,1,0,0,1,1,1,1,0,0,1,1,1,1,0,1,1,1,0,0,1,0,1,1,1,1,1,1,0,1,0,0,0,0,1,1,0,0,0,1,0,0,0,1,0,1,1,0,0,1,0,0,1,1,0,0,1,0,0,0,0,0,1,1,0,0,0,0,0,1,0,1,0,0,0,0,0,1.464661889702198,-1.0928040353994366,0.0,0.0,-0.326062498035427,0.118466164652695,0.0,4.122296259769755,0.0,0.0,0.9907730567582088,0.0,0.0,0.0,0.0,3.471524774396589,-2.1033905767457988,-7.251814853719218,0.0,-1.5347871523129972,0.0,0.0,0.0,0.0,1.9698570729989084,0.0,3.2304802832716684,0.0,-1.6466011957955968,0.0,3.0017477110418875,0.7074750825399021,0.0,0.0,-0.293784798863459,-2.8181449858934986,-1.1491667776506216,1.078730636620649,0.0,0.0,-0.0578285545526155,2.3261918351348774,-2.9205553360989907,2.049597639254271,0.0,-1.8362479271209424,2.7411129570182684,0.4872831045742631,0.0,0.0,2.173869128970697,0.0,-4.699249555457404,2.086957430605538,2.2931989952224408,0.7273322423288975,3.2102330728561146,2.0074032976356904,0.0,-1.706012604470814,0.0,0.0,0.0,0.0,0.9748762928579902,0.6782906284684618,0.0,0.0,0.0,-3.236513498837571,0.0,0.0,0.0,-5.03696867503318,0.0,-0.3536251796067826,-0.0025145123951493,0.0,0.0,-1.7195326972253888,0.0,0.0,-0.0775194260387286,-1.807148590836045,0.0,0.0,-0.8057141544966229,0.0,0.0,0.0,0.0,0.0,-2.3041903594323667,2.3114052695541334,0.0,0.0,0.0,0.0,0.0,0.7653475725586529,0.0,-0.2089344527741017,0.0,0.0,0.0,0.0,0.0
SAMD00164868,1,0,1,0,0,1,0,0,1,0,1,0,0,0,0,0,1,0,1,0,0,0,1,0,0,0,1,1,1,0,1,1,0,1,0,0,0,1,0,1,0,0,0,0,0,0,0,1,0,0,1,0,1,0,0,0,0,0,0,0,0,0,0,0,0,1,0,0,0,1,1,0,0,0,1,0,1,1,0,0,1,1,0,1,0,0,1,0,0,0,0,0,1,0,0,0,0,0,0,0,0,1,0,0,0,0,0,1.213987998715971,0.0,1.2831744535018357,0.0,0.0,-2.688491542884342,0.0,0.0,-0.1988903313597867,0.0,0.1168558645657482,0.0,0.0,0.0,0.0,0.0,0.102241181154391,0.0,0.8292583163783024,0.0,0.0,0.0,-0.9032688358257012,0.0,0.0,0.0,-2.343369564683646,-4.895415517309274,-0.804292513005922,0.0,-0.5930113569818973,3.163140777042655,0.0,-1.1298390270159135,0.0,0.0,0.0,1.7558163011882508,0.0,-1.8920371114739285,0.0,0.0,0.0,0.0,0.0,0.0,0.0,4.085124326346198,0.0,0.0,2.6991643652214767,0.0,-3.1386168417413907,0.0,0.0,0.0,0.0,0.0,0.0,0.0,0.0,0.0,0.0,0.0,0.0,0.5251777010414195,0.0,0.0,0.0,-0.5278014571374208,2.2958849997386137,0.0,0.0,0.0,0.7164472223140346,0.0,2.149263966755864,1.7116613203922482,0.0,0.0,-6.090654641666456,5.0427978012381285,0.0,-2.0575689603315706,0.0,0.0,-0.9360235743857346,0.0,0.0,0.0,0.0,0.0,-0.1420522121936738,0.0,0.0,0.0,0.0,0.0,0.0,0.0,0.0,0.6513368924015213,0.0,0.0,0.0,0.0,0.0
SAMD00164870,0,0,0,0,1,1,0,1,0,0,0,1,0,1,0,1,1,1,0,0,0,0,0,1,0,0,0,0,1,1,0,1,0,1,0,0,0,1,0,0,1,1,0,0,0,0,0,1,0,0,0,0,0,0,0,1,0,1,0,1,0,0,0,0,1,1,1,0,1,1,1,1,1,0,1,0,0,0,0,0,1,1,0,0,0,0,0,1,0,0,0,0,1,0,0,0,0,0,0,1,0,1,0,0,0,0,0,0.0,0.0,0.0,0.0,-1.6264100222381668,-1.341799540014068,0.0,4.403038780947622,0.0,0.0,0.0,-0.7169756129702924,0.0,-3.459783251665211,0.0,3.067284048874652,-1.326535075035792,-2.059966865213346,0.0,0.0,0.0,0.0,0.0,0.4149867403817583,0.0,0.0,0.0,0.0,-0.4139650955203284,0.5697734000552159,0.0,3.187297094201281,0.0,-2.838905166357692,0.0,0.0,0.0,2.1149712688643847,0.0,0.0,-3.57232017129348,-2.2530913750917803,0.0,0.0,0.0,0.0,0.0,0.4880432359955321,0.0,0.0,0.0,0.0,0.0,0.0,0.0,2.4566500741741804,0.0,1.3426133612618434,0.0,-3.0799462871294443,0.0,0.0,0.0,0.0,2.879403951983901,-1.0287643074193258,0.4154319687398844,0.0,-2.141553974738257,-2.8879836204156897,3.3858499461713376,-2.68507129312266,0.2982073287694811,0.0,-1.270751291606897,0.0,0.0,0.0,0.0,0.0,0.4199586024247537,3.198930826590922,0.0,0.0,0.0,0.0,0.0,1.2734651603419025,0.0,0.0,0.0,0.0,-0.2225942923773187,0.0,0.0,0.0,0.0,0.0,0.0,1.20367919356596,0.0,1.8068322588651449,0.0,0.0,0.0,0.0,0.0
SAMD00164877,1,1,1,1,1,1,1,1,1,0,1,1,0,1,0,1,1,1,1,1,0,0,0,1,1,1,0,1,1,1,0,1,0,1,0,0,1,1,1,1,1,1,0,0,1,0,1,1,0,1,0,0,1,0,1,1,0,1,0,1,0,0,0,0,0,1,1,0,1,1,0,1,0,0,0,0,0,0,0,1,0,0,0,0,0,0,1,0,0,0,1,0,1,1,0,0,0,1,0,1,0,0,1,0,0,0,0,3.575519008450375,-1.0832497859198038,-0.2927293597563376,3.052920454046393,0.1926230186709669,-1.8274792879296564,3.5978159558518383,3.884444219302424,-0.5085150149770372,0.0,-0.529697523822372,0.1420180465186679,0.0,-0.878102387655114,0.0,3.204445365816244,-0.3096419620765784,-1.1470699311496615,0.4091286597537573,-2.9400646136090245,0.0,0.0,0.0,-0.7692359431026785,-1.0870878769436685,1.366171999664867,0.0,0.5183535069669525,-0.5503968398355221,0.2800654158589079,0.0,0.5040472665679723,0.0,-0.6807288740767772,0.0,0.0,-2.29392652596793,-0.5024162158292416,0.9615680326217592,-1.9884662074948647,-0.4091242459461013,2.9332255277704355,0.0,0.0,0.5817724240825448,0.0,3.0881726683745687,-3.388064534241119,0.0,1.183207178884286,0.0,0.0,-2.6645786891757632,0.0,1.7361066940927603,0.8575566837957832,0.0,2.362155566292396,0.0,-2.1658659754818843,0.0,0.0,0.0,0.0,0.0,-1.4972141623688326,0.1286911880553092,0.0,0.6206637812405147,-1.2145310870193122,0.0,-2.282925969071733,0.0,0.0,0.0,0.0,0.0,0.0,0.0,-1.109607481095774,0.0,0.0,0.0,0.0,0.0,0.0,-1.4347836566836645,0.0,0.0,0.0,0.8267182656253197,0.0,-2.4764274710483107,1.884069265045811,0.0,0.0,0.0,0.8486395254639153,0.0,-4.682300750943061,0.0,0.0,1.9741326544070468,0.0,0.0,0.0,0.0
SAMD00164880,1,1,0,0,1,0,0,1,1,0,1,0,0,0,0,0,1,0,0,1,1,0,0,1,1,0,1,1,0,0,0,1,1,0,0,0,1,1,0,1,0,0,1,1,0,1,1,1,0,1,0,1,1,0,0,0,0,0,0,0,0,1,1,0,0,1,0,0,0,1,0,0,0,1,1,0,0,0,0,0,0,1,0,0,0,0,0,0,0,0,0,1,1,0,0,0,0,0,0,0,0,1,0,1,0,0,0,1.5891734738708148,-0.8555738485030268,0.0,0.0,1.609952482894406,0.0,0.0,3.831718891475032,-1.1007695877001682,0.0,0.4333086974954697,0.0,0.0,0.0,0.0,0.0,-0.8219759251885667,0.0,0.0,-0.9489607486649072,0.8600156741659547,0.0,0.0,0.8239751676564363,1.975190599291492,0.0,1.0526347967556702,0.5076484614035732,0.0,0.0,0.0,2.20398860935876,-0.2846535652036824,0.0,0.0,0.0,-1.113735537294689,2.0725609831707925,0.0,-1.6598838560206772,0.0,0.0,0.1946862806794132,1.4959449643558211,0.0,0.967346119002247,1.8082949225232623,-0.8028463716908519,0.0,0.3884835388952537,0.0,-2.439340708397961,-3.26483934044258,0.0,0.0,0.0,0.0,0.0,0.0,0.0,0.0,-1.172552629957485,1.7087883034958504,0.0,0.0,-0.5867225749907354,0.0,0.0,0.0,-0.3467664650267608,0.0,0.0,0.0,-2.835437531378166,-2.879610216968456,0.0,0.0,0.0,0.0,0.0,0.0,1.311351016128066,0.0,0.0,0.0,0.0,0.0,0.0,0.0,0.0,0.0,1.0551706312986031,-2.9046416081167905,0.0,0.0,0.0,0.0,0.0,0.0,0.0,0.0,-0.228469575761204,0.0,-1.6434535226102105,0.0,0.0,0.0
SAMD00164881,1,1,1,1,0,1,0,1,1,1,1,0,1,1,0,1,1,1,1,1,0,1,1,1,1,0,1,1,1,1,1,1,1,0,0,1,0,1,0,1,1,1,1,1,1,1,1,0,0,1,0,0,1,0,1,0,0,1,0,1,0,0,0,0,1,1,1,0,1,1,1,1,0,1,0,0,0,1,0,0,0,1,0,0,0,0,1,1,0,1,0,0,0,0,0,0,0,0,0,0,1,0,0,0,0,0,0,1.9130298589658448,-0.4455943702436882,0.1684732663564507,4.119338709821407,0.0,-4.193225034680066,0.0,4.37220477667487,-0.1091604030777144,0.0459738833862226,-0.6660849565971751,0.0,2.0404352609918326,-3.0227620092530074,0.0,5.152807414792293,-3.612195152240826,-1.03848377214774,-1.643247335118496,-2.588342938781825,0.0,2.484154161781272,-0.3784307148788752,-2.1142570899780617,2.8092169515508543,0.0,-0.9007608531543758,-0.3173003494243984,-1.625947387458938,0.1080721035045189,0.0560274963112019,2.619461701967728,-1.0221398736482132,0.0,0.0,-1.6923481065275736,0.0,2.1707887375792927,0.0,-2.14602106934948,2.5752594691633224,3.633592888451029,-4.615882543328603,-1.247391494076337,1.4808659269086968,-1.3170529431538591,2.3118056956098463,0.0,0.0,1.3199134689776275,0.0,0.0,-2.6625680000990792,0.0,2.764412885094619,0.0,0.0,3.574202523482888,0.0,-0.2109271516033231,0.0,0.0,0.0,0.0,-4.725749020907135,1.330642076883925,1.7510148835320287,0.0,-0.0596961818793997,-0.4483663128242281,-3.928532480452984,-3.159824894659001,0.0,-3.736087916027581,0.0,0.0,0.0,3.3625592040313093,0.0,0.0,0.0,0.8650453555969627,0.0,0.0,0.0,0.0,0.3267090570751754,0.0982716433624806,0.0,0.9861509551389817,0.0,0.0,0.0,0.0,0.0,0.0,0.0,0.0,0.0,0.0,-0.8120500014207017,0.0,0.0,0.0,0.0,0.0,0.0
SAMD00164883,1,0,0,1,1,1,1,1,0,1,1,0,0,0,0,1,0,1,0,0,0,0,1,0,0,0,0,0,1,0,0,1,0,0,0,0,1,1,1,0,1,1,0,0,1,0,1,0,0,0,1,0,0,0,1,1,0,1,0,0,1,0,0,1,1,1,1,1,1,0,0,0,1,0,0,0,0,0,0,0,0,1,0,0,0,0,1,0,0,0,1,0,0,1,0,0,0,0,0,0,0,0,0,0,0,0,0,2.2551561984700004,0.0,0.0,0.875733566515308,-0.4580914095908787,1.357235545842412,4.240415202751308,1.6092794892628846,0.0,-0.7189668617677772,0.5967962546452658,0.0,0.0,0.0,0.0,0.2312832860891516,0.0,-2.9946553154160664,0.0,0.0,0.0,0.0,0.218692543020705,0.0,0.0,0.0,0.0,0.0,-1.6461880532549746,0.0,0.0,1.7554032870040337,0.0,0.0,0.0,0.0,0.0594890293539258,0.502957856826589,-0.446281010936527,0.0,-2.6494901621187594,1.5819693775648025,0.0,0.0,-4.5057300652955,0.0,3.641454326969284,0.0,0.0,0.0,2.7728757868696703,0.0,0.0,0.0,2.206898600911287,-2.7749631604115343,0.0,1.213191263705351,0.0,0.0,-0.3164696783627733,0.0,0.0,-2.554787459585734,0.3588689973355114,-0.9700646170615403,-0.3666159202084104,-4.952946968083886,-3.126430370138136,0.0,0.0,0.0,0.8572274668523883,0.0,0.0,0.0,0.0,0.0,0.0,0.0,0.0,2.4631780143826005,0.0,0.0,0.0,0.0,-0.5217495661530921,0.0,0.0,0.0,-0.4257383235655055,0.0,0.0,0.631062847578618,0.0,0.0,0.0,0.0,0.0,0.0,0.0,0.0,0.0,0.0,0.0,0.0,0.0
SAMD00164895,1,1,1,1,1,1,1,0,1,0,1,1,1,1,1,1,0,1,1,1,0,0,0,0,1,0,1,1,1,1,1,1,0,1,1,0,0,1,0,1,1,1,1,1,1,1,0,1,0,1,0,1,0,1,1,1,1,1,0,1,1,1,0,0,1,1,1,0,1,1,1,1,1,0,0,1,0,1,0,1,1,1,1,0,1,1,1,1,0,0,0,0,1,1,0,1,0,0,0,1,0,0,1,0,0,0,0,3.725185396446725,-2.150087547583853,-0.682135752135689,-0.825348300577923,1.0478421392860895,0.8272696506651439,2.777653170335932,0.0,0.6855737781110034,0.0,1.5625190330343228,1.0582285170693455,0.9624936186347248,-0.9644541558607442,-3.0138602451745617,2.951564280749812,0.0,-2.124507169032215,-0.4517900605007743,-2.5083644141719184,0.0,0.0,0.0,0.0,2.1885250705065533,0.0,1.6457635186327662,0.5512642655903354,0.0868005570566068,-3.1133318958201386,-0.2860725612340298,1.0916619242686043,0.0,-2.1835545370740905,1.1479902955430912,0.0,0.0,0.3677670402934969,0.0,0.3166520414014857,-3.647360416665794,2.3197248490401634,-0.9824823874287912,1.3145207063534907,1.0189387286358715,-3.137474201141738,0.0,-2.5286080204485653,0.0,2.707461314986784,0.0,-1.460447911833585,0.0,3.128668234043528,1.6817760300072162,2.0613602882370574,4.569348814574622,0.9951477674971092,0.0,-1.3238686388524337,0.9925513436669792,-0.1856918509608147,0.0,0.0,2.7473523856506343,0.4349136762566868,0.2169704131321215,0.0,0.1179437961680038,-3.408996816927915,-1.696988961973168,-0.6766651029327981,-0.1785482644614242,0.0,0.0,-0.7292936576831939,0.0,0.3889416072182525,0.0,0.6578460120246472,1.8001793419761225,-0.0070598814295126,-0.3307587802679896,0.0,-0.233000177184103,-0.4014968174812512,-1.7663316450424498,-3.353826952445548,0.0,0.0,0.0,0.0,-4.741288856021476,0.8109822357669346,0.0,0.6184224899673599,0.0,0.0,0.0,-1.6734532885661415,0.0,0.0,-0.8106550639149694,0.0,0.0,0.0,0.0
SAMD00164898,1,1,1,1,1,1,1,1,1,0,1,1,0,1,1,1,1,1,1,1,0,0,1,1,1,0,1,1,1,0,1,1,1,1,1,0,1,1,1,1,1,1,1,1,1,1,1,1,0,1,0,1,0,0,1,1,0,1,1,0,0,1,1,1,1,1,1,1,1,0,1,1,0,0,0,1,1,0,1,0,0,1,1,0,1,1,1,1,0,0,1,0,0,1,0,0,1,1,0,0,1,0,0,0,0,0,0,2.606749464693758,-0.494648701181644,-2.0818073273816027,2.257059557269282,0.3231867406594524,-1.711203717735998,3.1544261973287906,1.6495554321635792,1.009364176551812,0.0,-0.5490579208226949,0.6427256287548442,0.0,-1.4798617992060894,0.9107683509650666,3.0883313754859256,-2.819664421635483,-1.4568015921183917,-0.4962758517033649,-0.3137023007620949,0.0,0.0,-2.9569354072632934,-0.4803512133096523,-0.0546757657818202,0.0,2.7514911262577417,-0.1314453517986318,-1.579192492132186,0.0,0.9993521616014688,-0.0379870788112381,-0.9493250352671704,-1.598617313787699,-2.0693918180146693,0.0,-1.1101769840331608,-1.912440800317092,0.7774525900099414,-0.955750022949828,0.0080848107522739,3.8511229725984655,-2.110026879176122,-0.6551680872465377,-0.6712498028055363,-3.5589923472587883,2.73114772671116,-3.5892976967541173,0.0,0.3726869475710788,0.0,-2.683316334538824,0.0,0.0,2.227622663567212,0.2856356565297018,0.0,1.3209976956500156,0.4830109770688031,0.0,0.0,-1.810874626523313,-0.1579608168284583,-0.2580093570506929,1.6074979304432588,-0.6950871625507866,1.7295636009392483,0.848727491347417,1.3936940538381808,0.0,2.983203577619744,1.0358762023944954,0.0,0.0,0.0,0.0194696028304612,-0.9304736522881404,0.0,-1.0336617921277649,0.0,0.0,-1.4369393682907123,-1.859231796531402,0.0,0.3516864715731174,-3.2509956334558283,-2.882146468110155,1.1310081490373831,0.0,0.0,0.763689552040234,0.0,0.0,0.54336315923793,0.0,0.0,5.820903952284418,0.0352483433914625,0.0,0.0,3.108040398383276,0.0,0.0,0.0,0.0,0.0,0.0
SAMD00164901,1,1,1,0,1,0,1,0,1,0,1,1,0,1,1,1,1,1,1,0,1,0,0,0,1,1,1,1,1,1,1,1,1,1,0,0,1,1,0,1,1,1,0,0,1,0,1,0,0,0,0,1,0,0,1,1,1,1,1,1,1,1,1,0,1,1,1,1,1,1,1,1,1,0,0,0,0,0,0,0,0,0,0,0,0,0,1,1,0,0,0,0,1,1,0,1,0,1,0,0,0,0,0,0,0,0,0,2.686576607533468,-3.192770031771876,0.9641358927469434,0.0,0.5290152746366673,0.0,5.088056909589477,0.0,1.523091758078602,0.0,2.450149697480624,0.2008964946771467,0.0,-4.114729420928099,-3.351728413167237,3.005646015120808,-1.4167208554501394,-1.6074647654087593,-0.6735993289305728,0.0,2.3176829355173787,0.0,0.0,0.0,-2.6213318774299514,2.2545563502191435,3.5153491881896977,-0.033432574098474,-1.0907186103976183,0.5501955756557668,-0.0361851700472717,1.2341852614364712,-1.5217527512119062,-1.6480762114494492,0.0,0.0,0.1875882143819887,0.4322695265847858,0.0,0.1327686463668675,-2.0275658331543527,2.6470915465677582,0.0,0.0,-2.006946545951617,0.0,0.3096064738311312,0.0,0.0,0.0,0.0,-1.8330328158814089,0.0,0.0,1.8848288980470007,3.628035906977056,0.1234507135199676,2.2181921495329373,-4.079192686651312,-1.7307906135773026,1.0291529876633825,-2.1187818414260144,1.0676346303526267,0.0,1.6234752852155527,-1.1293868512232437,1.7422287290462828,-2.104142332851404,-2.7213542449001045,-3.351728413167237,-2.933493777992961,0.6879139649710694,0.3517725396038489,0.0,0.0,0.0,0.0,0.0,0.0,0.0,0.0,0.0,0.0,0.0,0.0,0.0,0.2274639098963538,0.1363464677147516,0.0,0.0,0.0,0.0,-3.815486526075242,1.7761364390362118,0.0,2.8414025000424505,0.0,1.79351500290933,0.0,0.0,0.0,0.0,0.0,0.0,0.0,0.0,0.0
SAMD00164908,1,1,1,0,1,1,0,1,1,0,1,1,1,1,0,1,1,1,1,1,0,0,1,1,1,0,1,1,1,1,1,1,1,1,1,0,1,1,1,1,1,1,1,1,1,1,1,0,0,0,0,1,1,1,0,1,1,0,0,1,1,1,1,0,1,1,1,1,1,0,0,1,0,0,0,0,0,0,0,1,1,0,1,0,1,1,1,0,0,0,0,0,0,0,0,1,0,0,0,0,1,0,0,0,1,1,1,2.583339323056571,-0.750010486186595,1.0727597828573872,0.0,-0.3297552417300038,0.5655151728581795,0.0,3.39329633820288,0.1043436328059708,0.0,0.710650641403284,-0.0611321963783408,-1.0058240032301868,-1.8936581030278288,0.0,3.1751390878764,-0.7600183535478,-0.3596324317400059,-1.4960945001242978,-1.208354099928909,0.0,0.0,-1.650984292660986,0.7726051319459073,1.5785455539615256,0.0,-2.9287089102061934,0.5717601062132771,-0.2529099564460686,2.2917737198620776,0.4909229170692617,1.4271473587587384,-1.5636551599320567,-2.0868721009882067,-0.7231559087634922,0.0,-0.4112647318978433,-2.417296948106196,1.1669381595266557,2.300170366363113,-2.5301099399112283,3.439932559110047,-2.42731175935002,1.136525918038574,-2.034757745280201,1.6253223142907105,2.7731231461879258,0.0,0.0,0.0,0.0,-4.179031067140753,-4.142175974751599,3.319759292307422,0.0,1.860776607777033,3.9303806836621913,0.0,0.0,-5.167855793928676,0.4960280620071995,-2.8292307644514336,0.1905895789678926,0.0,2.5246468861164355,-2.055768619205652,1.321572196089884,-1.4603436717034477,1.1576534060213246,0.0,0.0,-3.0424677955628514,0.0,0.0,0.0,0.0,0.0,0.0,0.0,-6.248285763513596,-1.6193462651392192,0.0,-0.6814898070087314,0.0,0.1638874760241402,0.1185096987302793,-0.2963068295066531,0.0,0.0,0.0,0.0,0.0,0.0,0.0,0.0,1.956703719234187,0.0,0.0,0.0,0.0,0.3939543461641572,0.0,0.0,0.0,4.390766879141794,4.786514532963366,0.8222546257532833
SAMD00164910,0,1,0,1,1,0,1,0,0,0,0,1,0,0,0,1,1,0,0,1,0,0,0,0,0,1,0,0,0,0,1,1,0,0,0,0,0,1,0,0,0,0,1,0,0,1,0,1,0,0,1,0,0,0,1,1,0,0,0,0,0,0,0,0,0,0,1,0,0,0,1,0,0,0,1,1,0,0,0,0,0,0,0,1,0,0,0,0,0,0,1,0,1,1,0,0,1,0,1,0,0,1,0,0,0,0,0,0.0,-0.1078373961568968,0.0,-0.3970695461971717,0.4202448402249031,0.0,2.2061902852923123,0.0,0.0,0.0,0.0,-0.5630901612447573,0.0,0.0,0.0,0.887253625607121,0.2958426556754642,0.0,0.0,-0.138026985665577,0.0,0.0,0.0,0.0,0.0,-0.4638436036282434,0.0,0.0,0.0,0.0,0.2355249260769381,1.093434914901087,0.0,0.0,0.0,0.0,0.0,-0.5792947174488832,0.0,0.0,0.0,0.0,-0.2044711622602289,0.0,0.0,-2.193950789281089,0.0,2.824494839187333,0.0,0.0,-0.0676135973561711,0.0,0.0,0.0,0.942396073536556,3.035522136642886,0.0,0.0,0.0,0.0,0.0,0.0,0.0,0.0,0.0,0.0,-1.2409073689330443,0.0,0.0,0.0,-0.751272385990684,0.0,0.0,0.0,-1.127807846447228,-1.3624517069522866,0.0,0.0,0.0,0.0,0.0,0.0,0.0,-1.923270445426899,0.0,0.0,0.0,0.0,0.0,0.0,-1.0052074490215193,0.0,-1.0673230556415647,1.3782290959309047,0.0,0.0,-0.2234325947241205,0.0,1.3330570889526825,0.0,0.0,-1.2353196696518225,0.0,0.0,0.0,0.0,0.0
SAMD00164911,1,1,0,0,1,0,0,0,1,0,1,0,0,0,0,0,1,0,1,1,0,0,0,1,1,0,1,1,1,0,1,1,0,1,0,0,1,1,0,0,1,0,1,1,0,0,1,1,0,0,0,0,1,0,0,0,0,0,0,0,0,0,1,0,0,1,0,0,0,1,0,1,0,0,0,0,0,0,0,1,0,1,1,1,0,0,1,0,0,0,0,1,1,0,0,0,0,0,0,0,0,1,0,0,0,0,0,1.6569500069063303,-1.4891756192686088,0.0,0.0,0.370383376843636,0.0,0.0,0.0,-0.9041532961406394,0.0,-0.132353447293459,0.0,0.0,0.0,0.0,0.0,-0.6948156823785933,0.0,-1.106152488042623,-3.2245209992165726,0.0,0.0,0.0,-0.9344519914126992,1.9909380595073245,0.0,3.386924377098435,-0.0259714389938401,-0.0249834075659233,0.0,3.3614669331466125,3.8217569103268265,0.0,-2.303508356630777,0.0,0.0,-0.1718290718664027,1.1935501379510929,0.0,0.0,3.878978465526085,0.0,-3.839871759258278,0.7455943689135888,0.0,0.0,1.427618893645186,-1.1929172685140284,0.0,0.0,0.0,0.0,-4.1488239303277945,0.0,0.0,0.0,0.0,0.0,0.0,0.0,0.0,0.0,-0.6374234085320248,0.0,0.0,1.0427527113071822,0.0,0.0,0.0,-0.7371865522625561,0.0,-0.5984416154611129,0.0,0.0,0.0,0.0,0.0,0.0,0.0,0.2121079805166722,0.0,0.5413653581261877,0.4185536484916489,-3.302913995215439,0.0,0.0,-0.8304856705545015,0.0,0.0,0.0,0.0,0.8612749277255941,-0.9542066929736972,0.0,0.0,0.0,0.0,0.0,0.0,0.0,0.0,2.3439705358771663,0.0,0.0,0.0,0.0,0.0
SAMD00164912,1,0,1,1,1,1,1,1,0,0,0,1,0,0,0,1,1,1,0,0,0,0,0,0,0,1,0,0,1,1,1,1,1,0,1,0,0,1,0,0,1,1,0,0,1,0,0,1,0,0,1,0,1,0,1,1,0,1,0,0,0,0,0,0,1,1,1,0,1,1,1,1,0,0,1,1,0,1,0,1,0,1,0,1,1,1,1,0,0,1,1,0,1,1,0,0,1,1,0,1,1,0,0,0,0,0,0,2.0614380910435752,0.0,0.2296158957679088,1.252399179014761,0.2372992233121051,-1.2483885284933167,2.782600069696432,2.5388309031323946,0.0,0.0,0.0,0.8715193324599272,0.0,0.0,0.0,0.5714690521816749,0.7330562622294532,-4.843243103617467,0.0,0.0,0.0,0.0,0.0,0.0,0.0,2.54813292941712,0.0,0.0,0.3314032624401275,-1.850115375017242,0.7792707999058868,1.052369209286795,-2.389650166895616,0.0,-4.630558683093394,0.0,0.0,1.537251657522312,0.0,0.0,-0.6755478060519995,2.4097280728763573,0.0,0.0,-1.9281317395455464,0.0,0.0,0.6002500237319526,0.0,0.0,1.895155915666447,0.0,-4.194416322738183,0.0,1.6061492005602438,1.0406426697016882,0.0,1.6454697622532175,0.0,0.0,0.0,0.0,0.0,0.0,1.8744357718313287,-0.0179860563572384,0.8252216286786652,0.0,-0.8821547172849742,-1.738889739907018,-0.6408825949790089,-1.825217823395515,0.0,0.0,-1.935363338424325,-1.954478288056492,0.0,0.8908461584302485,0.0,-6.212345064196985,0.0,0.1336102250348887,0.0,0.4336026135337583,0.8943169587049269,-0.4566747749457025,-1.0240708770553375,0.0,0.0,-3.158129497267902,2.1697934971352986,0.0,1.8285044422273184,1.6931384852994913,0.0,0.0,5.690484609089549,1.6751365871202315,0.0,-4.40554771760439,1.1786497256415494,0.0,0.0,0.0,0.0,0.0,0.0
SAMD00164914,1,1,1,0,0,0,0,0,1,0,1,1,1,1,0,1,1,1,1,1,0,0,1,1,1,0,0,1,1,1,1,0,1,1,0,0,1,1,1,1,1,0,1,0,0,0,0,0,0,1,0,0,1,0,1,1,1,1,0,0,0,0,1,1,1,1,1,0,1,0,0,1,0,1,0,0,0,1,1,0,1,1,0,0,1,1,1,0,1,0,0,0,0,0,0,0,0,0,0,1,0,0,1,0,0,0,0,2.827942663630709,0.34223441781317,0.9360935758190788,0.0,0.0,0.0,0.0,0.0,0.4073561862584969,0.0,2.6356046911336763,0.4737228903819048,1.8064927982343453,-2.811114493258269,0.0,4.503206834690918,-1.481457460620201,-0.971972319628662,-0.5259803645090593,0.2510532352932926,0.0,0.0,-3.6463892813723353,2.423139063650141,0.0319779136082893,0.0,0.0,-2.6294964187304,-1.5031238464086918,-0.0725364513023423,-1.2140737846874858,0.0,0.2878367640036978,-1.4220812702134913,0.0,0.0,-1.217840267482963,-2.0530333001575354,0.5965597584192779,0.6486171329760329,-1.4074611267585289,0.0,-1.2008330548357298,0.0,0.0,0.0,0.0,0.0,0.0,-3.4271443704737834,0.0,0.0,-4.371159650362793,0.0,3.147776733608037,4.218582811972085,4.147835931835118,2.516310957447838,0.0,0.0,0.0,0.0,1.5846569102624417,-0.1530112432890717,0.6030504839019499,-0.6524095153255909,1.5998870199809003,0.0,-0.0116743295249093,0.0,0.0,-2.837623099759456,0.0,-5.584547453623331,0.0,0.0,0.0,-0.9756006243549044,2.8122874295072213,0.0,-0.3982191295640283,-1.1453999433515891,0.0,0.0,-1.6227052126717536,1.4648364145934545,-1.487953171667215,0.0,3.3769139389456795,0.0,0.0,0.0,0.0,0.0,0.0,0.0,0.0,0.0,0.0,-1.413075030680096,0.0,0.0,2.5939396566464605,0.0,0.0,0.0,0.0
SAMD00164915,1,0,1,1,1,1,0,1,1,0,1,0,0,1,0,1,1,1,1,0,1,1,0,1,1,0,1,1,1,1,1,1,0,1,1,0,1,1,1,1,1,1,0,1,1,0,1,1,0,1,0,1,1,0,1,1,1,1,0,0,1,1,1,1,1,1,1,1,1,1,0,1,1,0,0,0,1,1,1,1,1,1,0,0,1,0,1,1,0,0,0,1,1,1,0,1,0,1,0,1,0,0,1,0,0,0,0,2.3140238974826914,0.0,0.1368305979352833,3.120006302948262,0.200221378189946,-0.275108330407843,0.0,1.0562168554539044,0.0950972249912371,0.0,1.4152915302834237,0.0,0.0,-2.015392372473051,0.0,4.195854310461527,-2.855689525098024,-1.5018024069329108,-1.091143457168737,0.0,1.0709491807788585,-1.858504239458784,0.0,0.1569543316752732,-0.6671680813083414,0.0,0.6609341598511241,-1.4029565722962782,-0.7640234457998452,0.8029448490656301,-1.3730584770222956,-0.058399301734523,0.0,-2.322235566799675,0.2394856437119881,0.0,-2.233906830746049,0.0359771504280983,1.0043340904675513,0.8897590049932897,-0.1493901268941662,3.724748421725101,0.0,3.586484982428381,-3.224305534773926,0.0,1.4430624476367486,1.701618637293458,0.0,-1.9644923608215248,0.0,-2.436710697823136,-6.072381148151383,0.0,1.765926319329875,4.052370372206274,2.208877949694749,1.921484350881853,0.0,0.0,3.019783611120129,-1.212286894858871,2.4427043691339403,0.4907047528938073,1.209042054600425,0.5930940939350617,0.9974465970422628,-3.579927292728,0.3560765370944945,-3.4076813879227865,0.0,0.9300063949517448,1.6619311057133572,0.0,0.0,0.0,-0.3870095424637161,2.6595802555022106,0.4842938968851252,-0.5510656954141295,-0.4927199351536264,-0.8095025643702807,0.0,0.0,-1.684462812772859,0.0,-1.536463607648327,-1.128274232434,0.0,0.0,0.0,-6.036663065549304,-2.564369762203418,1.772906738990189,0.0,1.121591494756898,0.0,0.955078551766902,0.0,0.2198275175062511,0.0,0.0,-1.0564266925775272,0.0,0.0,0.0,0.0
SAMD00164917,1,1,1,0,1,1,0,1,0,0,1,1,0,1,0,1,0,1,0,1,0,0,0,0,0,0,1,1,1,1,1,1,0,1,0,1,0,1,1,1,0,1,1,0,1,0,0,1,0,0,0,1,1,0,1,1,0,0,0,0,1,1,0,0,1,1,1,0,1,1,1,0,0,0,1,0,1,0,0,0,1,0,0,1,1,1,1,0,0,0,1,0,1,0,0,0,0,0,0,1,0,0,0,0,0,0,0,3.070742220952883,-1.4032570852124435,0.0992456539579866,0.0,0.3597720598157881,1.296778297922253,0.0,5.1427479181274505,0.0,0.0,0.4841217306178851,0.7219007434210077,0.0,-2.0022685287163817,0.0,3.925732481545986,0.0,-2.254449789861188,0.0,-2.019474076454977,0.0,0.0,0.0,0.0,0.0,0.0,4.530209768551358,-2.088935351383615,0.4569768185782425,1.1660559155368666,2.967786928379004,2.069456706109804,0.0,0.5677417743660154,0.0,0.9127115993203336,0.0,0.8165935645735021,-0.2341629143268258,-5.988224563883016,0.0,2.351271463773428,-4.581727495445605,0.0,-2.8465383777059454,0.0,0.0,-0.1800820739025717,0.0,0.0,0.0,-1.3207504945587691,-4.234597964350405,0.0,1.897319636697968,-1.4471032230249958,0.0,0.0,0.0,0.0,0.345055064256675,-0.5025811769814015,0.0,0.0,1.3323023983897242,-2.3538659486474964,0.6127282315683409,0.0,-1.7321777320696958,-2.2260756815148675,-2.4305468566107926,0.0,0.0,0.0,-0.7601763931815351,0.0,1.1630689553012097,0.0,0.0,0.0,3.431249846106961,0.0,0.0,-2.037373387014185,2.1395355415135846,-1.054191191740432,-0.6746165343784798,0.0,0.0,0.0,1.7831609455590771,0.0,-0.8559135935386066,0.0,0.0,0.0,0.0,0.0,0.0,1.5848241695608976,0.0,0.0,0.0,0.0,0.0,0.0,0.0
SAMD00164919,1,1,1,0,1,0,0,1,0,0,1,0,1,1,0,1,1,1,1,1,0,0,0,0,1,1,1,0,1,1,1,1,1,1,1,0,0,1,0,1,0,1,1,1,1,1,0,1,0,1,1,1,1,1,1,0,0,0,0,1,0,1,0,0,1,1,1,0,1,1,1,1,0,0,1,1,1,1,0,0,0,1,0,1,1,0,1,0,0,0,0,0,1,1,0,1,1,0,0,0,0,1,0,0,0,0,0,1.93123329319168,-0.0503354396783062,1.952633882687791,0.0,2.3579849144363,0.0,0.0,2.49024201232989,0.0,0.0,-2.3496819018421835,0.0,1.5819938654725274,0.2288767743387428,0.0,1.5704212459139228,-0.1294692908517531,-0.226494953384474,1.5642147147108552,1.579506280464663,0.0,0.0,0.0,0.0,-0.8312073692279796,1.795447791184706,4.122287690821942,0.0,0.8672166608889987,-1.074825011388394,1.2409561258260533,1.856842902261581,-3.867075074594229,-0.63694909774682,0.7013977534552446,0.0,0.0,0.565782281008659,0.0,-2.305971666083394,0.0,1.605606670995278,0.4431841134109012,1.3320586682997666,1.7259705273677646,-0.5078080613765088,0.0,-0.9350594973231654,0.0,1.6353259963424516,1.9495053368614668,-2.775637704598416,-2.444257489679294,2.683530233815766,1.0087257952287587,0.0,0.0,0.0,0.0,-1.8609684486222675,0.0,-1.5602096112340116,0.0,0.0,0.8567594981946931,-1.1320462470391297,0.6094083414780229,0.0,-1.525449734307119,-1.960416278763285,-4.0063679580939,-0.0833730077260954,0.0,0.0,-4.032911280651133,-0.1284165416437785,0.2368746842071073,-2.0777761814873914,0.0,0.0,0.0,-1.3073984096274371,0.0,-2.9890403738756115,-1.6652439061561346,0.0,-1.7876335329143938,0.0,0.0,0.0,0.0,0.0,-2.74113627288075,0.989260586073539,0.0,1.5969782263246728,3.839937552522324,0.0,0.0,0.0,0.0,0.0729959226812873,0.0,0.0,0.0,0.0,0.0
SAMD00164920,1,1,1,0,1,1,1,1,1,1,1,1,1,1,0,1,1,1,1,1,0,0,1,1,1,0,1,1,1,1,1,1,1,1,1,0,1,1,1,1,1,1,0,1,0,0,1,0,1,1,1,1,0,0,1,1,1,1,1,1,1,1,1,1,1,1,1,1,1,0,0,1,1,0,0,0,0,0,0,1,1,0,0,0,1,0,1,1,0,0,1,0,0,1,1,1,0,0,1,0,0,0,0,0,0,0,0,3.7012941405046655,-1.2606397997619374,0.6489083570273342,0.0,1.5483877556082608,1.0326699977295148,3.578699155892829,1.6469956474072918,0.7901249708380039,1.343794805952046,1.8144752541745488,1.0984014920127465,0.8463265016212549,-0.0047642423684655,0.0,2.307475489476612,-0.9818480372449536,-0.7349699167510226,-1.1296677606745713,-0.5330698137084022,0.0,0.0,-1.335064764480729,-1.3922328485185784,2.1513893916611364,0.0,1.6320860360929743,0.6804408472216802,-1.0584996574345098,-1.117294822945405,1.0861103886122947,0.587008421405625,-2.5566725651963016,-1.2767927546149704,2.175117986969432,0.0,1.1005913159731688,-5.717584698515104,0.5272717956988893,-1.620174664218708,0.0211922975591456,-2.907864995700276,0.0,2.2546090480926213,0.0,0.0,3.5689756993724884,0.0,0.2513920404759255,1.7173952129682286,1.9674291036456315,-4.811876075971485,0.0,0.0,0.6593212523375503,0.4654512564641836,3.5353827746376805,1.973909890516212,0.3724442968948636,-6.0593339922371605,-1.5523484838368238,-4.760051008106899,-0.5377990030441882,1.614061379337132,1.1610127504569574,-1.5925748097014196,1.421491135095166,-0.83558054222553,-0.3241365940988034,0.0,0.0,-0.4863353654145941,0.3414770096869588,0.0,0.0,0.0,0.0,0.0,0.0,-1.3586852904456932,1.311864088903595,0.0,0.0,0.0,-1.0695314854994311,0.0,-1.2252591044997874,-4.696459905325368,0.0,0.0,1.6059680899076496,0.0,0.0,-3.168962234340996,0.3846206016238493,2.680715301776456,0.0,0.0,-1.5002077447504756,0.0,0.0,0.0,0.0,0.0,0.0,0.0,0.0
SAMD00164923,1,1,1,1,1,1,1,1,1,1,1,0,0,1,1,1,1,1,1,1,0,1,0,0,1,0,1,1,1,1,1,1,0,1,1,0,1,1,1,1,1,1,1,0,1,1,1,1,1,1,1,1,0,0,1,1,0,1,0,0,0,1,0,0,1,1,1,0,1,1,0,1,1,0,0,1,1,0,0,0,0,0,0,0,0,0,1,0,0,0,1,1,1,1,0,1,1,0,1,1,1,0,0,0,0,0,0,3.27333384265706,3.212271023766223,-0.4691166439599246,2.21006452341789,0.709319024314307,-1.6729754166989874,3.5888932178853903,2.307753582633321,0.7108971137512403,0.5870996367715453,-0.578552812316028,0.0,0.0,-3.408210145513025,0.7734450784104836,0.5949214353603804,-1.008553102659281,-3.613200502119693,0.3805731533271461,3.1644280127462263,0.0,0.2316420473606728,0.0,0.0,3.174265627333891,0.0,1.731270651393542,-0.9074457023961244,1.511078368491257,-1.89792599689428,-1.1938911348175054,-0.1534347663064696,0.0,-1.6741163181347791,3.649066271119567,0.0,0.5478297453318954,0.3800366857096078,0.5132936370491203,-2.635351877246104,-0.190887249953545,2.0159325432800324,2.074957904476416,0.0,0.1529706262958903,1.9280319189938504,3.6938634065506974,-1.9259201029216584,-3.99901861284406,2.4630512793295374,2.323637437425885,-2.489336545220616,0.0,0.0,1.084558511432726,-2.7412653373471034,0.0,1.3176889244274106,0.0,0.0,0.0,-3.664772309251002,0.0,0.0,1.4206551637834033,-3.311725107535576,-1.176621160672449,0.0,-2.136538409928117,-3.7250488022562616,0.0,-2.452201476641749,-6.412600481810131,0.0,0.0,-0.7688449815102345,-1.2189192556618784,0.0,0.0,0.0,0.0,0.0,0.0,0.0,0.0,0.0,-2.955050163596844,0.0,0.0,0.0,0.8391452846359049,-2.12214104066174,-2.0090676419152853,-0.5102047627617892,0.0,3.39333655716006,5.545428220078573,0.0,-1.018182733915268,-0.0218492943675767,2.55822943313394,0.0,0.0,0.0,0.0,0.0,0.0
SAMD00164928,1,0,0,0,1,0,0,1,0,0,1,0,0,0,0,1,0,0,0,1,0,0,0,1,1,0,0,0,1,1,1,1,0,0,0,0,0,1,0,1,1,0,0,0,0,1,1,1,0,0,0,0,1,0,1,1,0,0,0,0,1,0,0,0,1,1,1,0,0,1,1,1,0,0,0,0,0,0,0,0,0,0,0,1,0,0,1,0,1,1,0,0,1,1,0,0,0,1,0,1,0,1,0,0,0,0,0,2.103123391598212,0.0,0.0,0.0,1.0498958923884016,0.0,0.0,4.281871215542395,0.0,0.0,0.5810932160222642,0.0,0.0,0.0,0.0,3.0609961719460337,0.0,0.0,0.0,-6.146721175277734,0.0,0.0,0.0,2.633971242953874,-1.201330264210274,0.0,0.0,0.0,-0.1850783515699735,-2.397823711437545,1.5207313118934105,1.4681146897917212,0.0,0.0,0.0,0.0,0.0,2.134274559977256,0.0,-3.0769913922245515,-0.9104985828555966,0.0,0.0,0.0,0.0,-4.12156165456828,3.093757352651629,1.71409210533768,0.0,0.0,0.0,0.0,-2.9344651511662456,0.0,-0.2609035536820351,0.6492613207553805,0.0,0.0,0.0,0.0,2.469161671205576,0.0,0.0,0.0,1.928091576678268,-0.8315365547644559,-0.1832478452821375,0.0,0.0,-1.1341633318389586,-2.58755126583191,-4.102693170263897,0.0,0.0,0.0,0.0,0.0,0.0,0.0,0.0,0.0,0.0,0.0,-1.68449324122433,0.0,0.0,-1.2090631156462317,0.0,0.986870932106123,0.2105134274999139,0.0,0.0,-0.9618149716646908,1.874761817122545,0.0,0.0,0.0,1.8263525479357,0.0,0.1694008749945339,0.0,0.1736020151079329,0.0,0.0,0.0,0.0,0.0
SAMD00164930,1,1,1,0,1,1,1,1,1,1,1,1,0,1,0,1,1,1,1,1,0,0,1,1,1,0,1,1,1,1,1,1,0,1,1,1,1,1,0,1,1,1,0,1,1,0,1,1,0,0,1,1,0,1,0,1,0,1,0,1,1,1,1,0,1,1,1,0,1,0,0,0,0,0,1,0,0,0,0,1,0,1,0,0,1,1,1,1,0,0,0,0,1,0,0,1,0,0,1,1,1,0,0,0,0,0,0,2.189962244106284,-2.471230176871196,-0.6244525050614615,0.0,1.0255636910571857,-0.672102684134511,3.994348914620829,3.5056534394510006,0.061376974741087,2.075197858382161,0.6395057782122509,-0.2852527628776897,0.0,-0.9717281907122864,0.0,3.962131241835887,-1.6675387332727472,-2.480309892571592,0.0083211563073908,-3.333151004403557,0.0,0.0,-1.8598047353385143,1.8278088711159208,0.7640105979057717,0.0,2.833453488135394,-1.991872324996808,0.3204590637405459,-0.8347175783173555,1.3876555135098183,2.0038958966228155,0.0,-3.159459314731496,1.6050948838565953,-1.2500682401061407,-0.086720575434859,-0.4113396507590512,0.0,0.9163026442641072,-0.371152578890717,2.61323934999438,0.0,0.9504221399512516,0.6395423988589756,0.0,0.9487569724454828,-2.508054421205247,0.0,0.0,1.8000404668512684,-3.031462424293931,0.0,0.5931086980141755,0.0,3.056626024004308,0.0,1.7435537395279996,0.0,-2.6409770599301643,-0.659606321039075,-2.526553550597983,1.3254124096450255,0.0,1.1790758483930728,-1.575360176180651,1.276396745587734,0.0,-0.8113991285628763,0.0,0.0,0.0,0.0,0.0,-4.870358748900915,0.0,0.0,0.0,0.0,-2.59112101990386,0.0,1.4677955351188536,0.0,0.0,0.9000669309432006,-2.8097587580377086,-0.8620388026312187,0.3098474738705128,0.0,0.0,0.0,0.0,-1.4515200067528091,0.0,0.0,2.9516435460306742,0.0,0.0,2.749616322627859,-4.0127714086653015,-0.8040040845481025,0.0,0.0,0.0,0.0,0.0,0.0
SAMD00164932,1,1,1,0,0,0,0,0,1,1,1,1,0,1,0,1,1,1,1,1,0,0,1,0,1,0,1,1,1,1,0,0,1,1,0,1,1,1,1,1,1,0,0,0,1,0,1,1,0,1,0,1,1,0,0,0,0,0,0,1,1,1,0,0,0,1,0,1,1,0,1,0,0,0,0,0,1,1,0,0,1,0,0,0,0,0,1,0,1,0,0,1,1,0,0,0,0,0,0,0,0,0,0,1,0,0,0,1.5734377270413282,-0.9166795294120692,2.06409157786253,0.0,0.0,0.0,0.0,0.0,1.0290564642962348,1.003400785003241,1.019945780343298,0.0942958651056576,0.0,0.8589145729867779,0.0,3.381203934617063,-1.4846891761963392,-0.1104330262482521,0.95775138516982,-1.475664258344295,0.0,0.0,-0.1472406814733121,0.0,2.156722993734462,0.0,3.5407464178519925,0.6346550685005655,-0.0887229312817196,1.8369257227473472,0.0,0.0,-4.676357078199207,0.0382959560674823,0.0,0.5285221868875278,0.1551217384088649,0.8777899489379334,-0.3483574267681932,-1.3392912392347092,0.6598231425737324,0.0,0.0,0.0,-0.9248977956353558,0.0,0.6919221606078385,-0.3020235108317057,0.0,0.9792229100384506,0.0,-1.3165659738668003,-1.6148895699484993,0.0,0.0,0.0,0.0,0.0,0.0,-4.119147386866371,1.7636469862166495,0.0095917056640226,0.0,0.0,0.0,1.5721520734561745,0.0,1.083552472143092,-2.1469715769481708,0.0,0.919708350737194,0.0,0.0,0.0,0.0,0.0,-0.390542899417201,0.5867591494235497,0.0,0.0,1.1216588143766608,0.0,0.0,0.0,0.0,0.0,-2.053450839911831,0.0,1.531424030955415,0.0,0.0,-1.4251135877376964,-3.3959425783733286,0.0,0.0,0.0,0.0,0.0,0.0,0.0,0.0,0.0,0.0,-4.393358855059852,0.0,0.0,0.0
SAMD00164933,1,1,0,0,0,1,1,1,0,0,1,0,0,0,0,1,0,1,0,1,0,0,0,0,1,1,0,1,1,1,0,1,0,0,0,0,1,1,0,1,1,0,0,0,0,1,1,1,1,0,1,0,1,0,0,0,0,0,0,0,0,0,0,0,1,0,0,0,0,1,1,0,0,1,1,0,0,0,0,0,0,0,0,0,0,0,0,0,0,0,1,0,1,0,0,0,1,0,0,0,0,0,0,0,0,0,0,2.2134026230996247,-3.680830431877892,0.0,0.0,0.0,2.7089283827965507,3.587201141525815,2.7024916527049867,0.0,0.0,0.5982836687768044,0.0,0.0,0.0,0.0,0.2144139407988157,0.0,-0.5085119716146895,0.0,-2.3114856290717736,0.0,0.0,0.0,0.0,0.9266619856141918,2.238684445748755,0.0,-0.6294620666497395,-1.4723097963231266,-0.4794171173736952,0.0,1.5202708782115175,0.0,0.0,0.0,0.0,-0.3116046582257021,2.432833156274117,0.0,-1.3063807776542014,0.3197060897375342,0.0,0.0,0.0,0.0,-3.82360812153288,2.649267380492123,0.305608621493057,-0.5489965421438321,0.0,1.5620941386684777,0.0,-1.9964045824318783,0.0,0.0,0.0,0.0,0.0,0.0,0.0,0.0,0.0,0.0,0.0,3.172305964203985,0.0,0.0,0.0,0.0,0.8212176277473536,-3.876688574389379,0.0,0.0,-3.9864121814797655,-3.3994708251655976,0.0,0.0,0.0,0.0,0.0,0.0,0.0,0.0,0.0,0.0,0.0,0.0,0.0,0.0,0.0,-3.1112603511163166,0.0,-1.755335342515158,0.0,0.0,0.0,5.224807271671921,0.0,0.0,0.0,0.0,0.0,0.0,0.0,0.0,0.0,0.0
SAMD00164934,1,1,0,0,0,1,0,1,0,0,1,0,0,0,0,1,1,0,0,1,0,0,0,1,1,0,1,0,0,1,1,1,0,0,0,0,0,1,0,0,0,0,1,1,0,1,1,1,0,0,0,1,1,0,0,0,0,0,0,1,0,1,0,0,1,1,0,0,0,1,1,0,0,1,1,0,0,0,0,0,0,0,0,1,1,1,0,0,0,0,0,1,1,0,0,1,0,0,0,0,0,1,0,0,0,0,0,-0.0908527015261102,0.5263173749669101,0.0,0.0,0.0,2.197079056655971,0.0,5.197381987649708,0.0,0.0,0.5516951192833657,0.0,0.0,0.0,0.0,3.5427377497455623,0.8061769748117972,0.0,0.0,-0.5628271140783128,0.0,0.0,0.0,-0.0259140406328992,0.2816760248660215,0.0,2.1207162382248668,0.0,0.0,0.8168183630381722,3.227713191131928,1.4472788011204878,0.0,0.0,0.0,0.0,0.0,1.1620058372851905,0.0,0.0,0.0,0.0,-4.702062305765785,-1.2848086217670711,0.0,-2.277429778328898,-0.9846281007246172,4.205337870696552,0.0,0.0,0.0,-4.939733957642904,-2.40236599667763,0.0,0.0,0.0,0.0,0.0,0.0,-1.686810250342475,0.0,-3.36000119962272,0.0,0.0,3.063251882145689,-2.232904012945924,0.0,0.0,0.0,0.4518404847504651,3.483861245868108,0.0,0.0,-3.8091189378886208,0.7528067021470483,0.0,0.0,0.0,0.0,0.0,0.0,0.0,0.0,-0.3515362612300463,1.4537752202584102,-2.137112948304248,0.0,0.0,0.0,0.0,0.0,-2.232904012945924,-0.2642303357114173,0.0,0.0,1.6333413800357892,0.0,0.0,0.0,0.0,0.0,-3.576570928546433,0.0,0.0,0.0,0.0,0.0
SAMD00164935,1,1,1,1,1,1,0,0,1,0,1,0,1,1,0,1,1,1,1,1,0,1,0,1,1,0,1,0,1,1,1,1,0,0,1,1,1,1,0,1,1,0,1,1,0,0,1,1,0,1,0,1,1,0,1,1,0,0,0,1,1,1,1,0,1,1,1,0,1,1,1,1,0,1,0,1,1,1,0,1,1,0,1,1,1,1,1,0,0,1,0,1,1,1,0,0,0,1,0,0,0,1,0,0,0,0,0,2.228376457417291,0.2313390032993849,0.5427815166076516,3.577129905812932,2.6238785321607967,0.090785902299546,0.0,0.0,1.1835245864189052,0.0,1.0473752825866822,0.0,0.6134900371755309,0.378742004651146,0.0,2.887859290141005,1.1386154477714212,-1.315056091656368,0.2712160485629148,-1.631790308811893,0.0,1.1127682838763442,0.0,-1.3152914688494048,0.7107079504012794,0.0,1.8963264425525448,0.0,-0.7078083452792996,-2.414963641029558,-0.0329396607682355,0.9690251301983452,0.0,0.0,2.8711355192169763,-2.6687048868218533,-2.5020714267924604,1.871633948521997,0.0,-3.652119102878697,0.1591881523374659,0.0,-5.699203118219058,2.281333689396668,0.0,0.0,-3.3371038976926046,1.1680740536476524,0.0,1.166717468102524,0.0,-1.9060486430438173,-1.8950595214682224,0.0,2.0231862011702715,3.811039869137813,0.0,0.0,0.0,-1.2118395530711386,-1.8374808512657104,-0.5188515870531245,1.7548560171181928,0.0,1.4271571263742808,0.0452805889489793,0.681335066217585,0.0,-1.581701098758738,-0.0386695849304474,0.0481447541944355,-3.224569178286778,0.0,-4.513317432384266,0.0,-0.0412011902344724,-0.3323458129313013,3.9867911636447495,0.0,-0.0780505525997681,-1.0632841440372895,0.0,1.1988924480537255,-1.8213419455716544,0.7744982986323495,-2.2528159363126483,-1.0167225461131193,0.0,0.0,1.3583456529252085,0.0,0.110552891707216,-1.0091543311364577,2.592423778087155,0.0,0.0,0.0,1.7104131940892375,0.0,0.0,0.0,-2.925435845459832,0.0,0.0,0.0,0.0,0.0
SAMD00164938,1,1,1,1,1,1,0,1,1,0,1,0,0,1,0,1,1,0,1,1,0,1,1,1,1,0,1,1,1,1,1,1,0,0,0,0,1,1,0,1,1,1,0,1,1,0,1,1,0,1,0,1,1,0,1,1,1,0,0,0,1,1,1,0,1,1,1,1,0,1,1,0,0,0,1,0,1,1,1,1,1,0,0,1,1,1,1,0,0,0,1,0,1,1,0,1,0,1,0,1,0,1,0,0,0,0,0,1.3941971855012951,-4.740932860614324,0.6529083381264158,3.253330405631228,-0.6385720812381863,-0.6237040045586353,0.0,4.07610278063377,0.8139297689246874,0.0,-0.1617820216404784,0.0,0.0,-2.459073898137395,0.0,4.259301991751263,0.2366846644532585,0.0,0.4876816755258506,-4.612757667190326,0.0,-0.1535698582476081,-1.8470061754052352,-1.2777375756149585,-1.3267151987782846,0.0,0.8093231458117571,0.7590337434464082,-1.5570201586467634,2.3529508224790043,1.3626672763403616,1.609453036994683,0.0,0.0,0.0,0.0,0.0039621061517165,1.4131264678154654,0.0,-0.91480297653789,2.674345157713886,3.2696849213246177,0.0,1.2563799367079551,-0.9988975315541372,0.0,2.028066166697384,-1.844879269250728,0.0,0.1178852113595672,0.0,-3.135777609972224,-4.753836265450231,0.0,0.938641570638578,3.1478728007747865,-3.288498696989888,0.0,0.0,0.0,-2.7340390362038365,-1.763529941182238,2.359330519687165,0.0,2.308637250264558,-0.2409332747958799,0.4512639674386178,-1.6200374441063268,0.0,-2.75200532647532,-0.1595038169311273,0.0,0.0,0.0,-0.3080323571063306,0.0,-0.2697825870455219,2.4314195595757164,1.2701876631846414,1.6462629645271938,-3.110352511606414,0.0,0.0,-3.7926797780372095,-0.4649198513142256,1.4716389780031434,-2.318098639468701,0.0,0.0,0.0,1.2977740518937395,0.0,-1.410255767873696,0.8476753520616073,0.0,2.856281181138669,0.0,1.6810298398228227,0.0,1.3894292643320163,0.0,-1.6487255847597146,0.0,0.0,0.0,0.0,0.0
SAMD00164939,1,1,1,1,1,1,0,1,1,0,1,0,0,1,0,1,1,0,0,1,0,0,0,1,1,0,0,0,1,0,0,0,1,0,1,1,0,1,0,1,0,0,1,1,0,1,0,1,0,1,0,1,1,0,1,1,0,0,0,0,0,1,0,0,1,1,1,0,0,1,1,0,0,0,1,0,0,0,0,0,1,0,0,1,1,1,0,0,0,0,0,1,1,1,0,0,0,0,0,0,1,1,0,0,0,0,0,-0.2435233778940337,-1.507006408665005,0.3988527079943145,4.719658700546308,1.5828479163307447,0.5369108190422168,0.0,4.766032647801172,0.1765245482102648,0.0,-0.0469101380470464,0.0,0.0,-0.4518173119527138,0.0,3.759713527326017,0.5725918605443421,0.0,0.0,-1.3309741807786142,0.0,0.0,0.0,0.4898596140722551,2.4863644566952967,0.0,0.0,0.0,-0.0766101712648066,0.0,0.0,0.0,-1.579139000156624,0.0,1.7255270310987778,0.7157571294895563,0.0,1.2539950637631885,0.0,-0.6483093688283894,0.0,0.0,-6.342661552825675,2.2103762136538148,0.0,-2.15021963001822,0.0,1.3990092075315617,0.0,-4.037448337425358,0.0,-2.640060877231944,-3.686828433705578,0.0,2.803917539741963,2.7183816926315973,0.0,0.0,0.0,0.0,0.0,-1.2919624462934165,0.0,0.0,2.217026338621765,-1.117764136063728,0.59666888967791,0.0,0.0,-3.6001251756522943,-0.8816213302058786,0.0,0.0,0.0,-3.9328755335057815,0.0,0.0,0.0,0.0,0.0,2.812669487566977,0.0,0.0,-1.4430558346291331,-1.644336618355115,1.8746349192699512,0.0,0.0,0.0,0.0,0.0,-4.345458109382809,0.0167757193752333,3.4731574690435947,0.0,0.0,0.0,0.0,0.0,0.0,2.652405531690354,-2.960951058837016,0.0,0.0,0.0,0.0,0.0
SAMD00164941,1,1,1,0,1,1,1,1,1,0,1,1,1,1,1,1,1,1,1,1,0,0,1,0,1,1,1,1,1,1,1,1,0,1,1,0,1,0,1,1,0,1,1,0,1,1,1,0,0,1,1,0,0,1,1,0,1,1,1,0,0,1,0,1,1,1,1,1,0,0,1,1,0,0,0,1,0,1,1,0,1,1,1,0,1,0,1,0,0,0,0,0,0,0,0,1,1,0,0,0,0,0,0,1,0,0,0,3.4688470850436324,2.894809109823415,-1.839442420468009,0.0,0.805888455444487,-1.0940845984238003,2.3818775829387544,1.1251188856311942,0.4836360864829641,0.0,-1.4364276933947973,0.0611955979495508,1.4006458807308066,-1.843857438677127,-0.0991565952486159,-0.2540805706421833,-1.447281277986208,-0.4440122384522764,-0.1496229895829492,2.1719673460864444,0.0,0.0,-1.1806526147322596,0.0,1.8817649052498573,1.549937984689361,2.969585208101808,-1.086448323898812,-1.0605083028901965,-2.2830715315219323,-0.7418095638076774,-0.7925614745601481,0.0,-2.7832749006313,3.039190274742484,0.0,-1.954475935558024,0.0,1.4770104029630324,0.3908403661377173,0.0,2.5981689479740697,1.6025652082151496,0.0,-0.7133121029060074,1.001000492902811,3.668619289137201,0.0,0.0,2.0486850114778825,1.4685033561264416,0.0,0.0,4.2281058047057725,-1.1783755739002078,0.0,-1.1173496590229868,-0.8882325442196515,-0.3499926162486066,0.0,0.0,-3.73803191333325,0.0,-0.3174164458139938,0.6572641351046444,-1.9999766230770573,0.0222557935378895,-2.6361569790303245,0.0,0.0,-1.6025900355340936,-0.7364345203268621,0.0,0.0,0.0,0.9113427753329528,0.0,-4.807656665128109,-3.5755129838354764,0.0,0.6414178747095196,-3.767884876482933,0.5035769266864745,0.0,-2.12859400089915,0.0,-1.8937544098217496,0.0,0.0,0.0,0.0,0.0,0.0,0.0,0.0,1.64686781662262,7.458153351585183,0.0,0.0,0.0,0.0,0.0,0.0,-2.6168015360773684,0.0,0.0,0.0
SAMD00164946,1,1,1,0,0,1,0,1,0,0,1,0,0,1,0,1,1,0,1,1,0,0,0,1,1,0,1,1,1,1,0,1,0,1,0,1,1,1,1,1,1,1,1,1,1,1,1,1,0,1,0,0,1,0,0,0,0,1,0,1,1,0,1,0,1,1,0,1,1,1,0,0,1,0,1,0,0,1,0,0,0,1,0,0,0,0,1,0,0,0,0,1,1,0,0,0,0,0,0,1,0,0,0,0,0,0,0,3.4329889096381327,-0.9011297763540004,0.7155608474829571,0.0,0.0,-1.2968719591718376,0.0,2.962650256022494,0.0,0.0,0.5022914545348925,0.0,0.0,-2.03835055627417,0.0,3.111468745157568,-0.5303259998072227,0.0,-1.314888651028462,-0.7456561548020575,0.0,0.0,0.0,2.2919281051522686,2.620159927225272,0.0,4.076079924172727,-0.532599518939866,-0.8085214583200993,0.519275958639012,0.0,1.6768951509881678,0.0,-2.771656913657292,0.0,-0.6636918859650298,-0.1445337596060372,-0.3282112060554298,0.0588346415829399,-3.2712123704522424,0.2587336725265154,2.281109369639012,-0.3262819814968587,1.8405719974096333,-2.141712326292497,-1.6744987476825164,3.499904065520795,-1.3289006419764628,0.0,0.6534601761735399,0.0,0.0,-3.738919787437628,0.0,0.0,0.0,0.0,1.7407917182179116,0.0,-2.146600035313085,1.4898250016185317,0.0,1.7125959707928229,0.0,1.6064660785791047,-1.0774260086327343,0.0,-0.7652760086660884,-0.7327490652822384,-1.7185272746105915,0.0,0.0,0.2253604971367097,0.0,-3.0975488764014028,0.0,0.0,-0.9194266884933466,0.0,0.0,0.0,1.451740851192232,0.0,0.0,0.0,0.0,-0.3613166157147571,0.0,0.0,0.0,0.0,-1.7806356608948712,-1.469919940565464,0.0,0.0,0.0,0.0,0.0,0.0,-0.1013034495089555,0.0,0.0,0.0,0.0,0.0,0.0,0.0
SAMD00164949,1,1,0,1,1,0,0,1,1,0,1,0,0,1,0,1,1,1,0,1,0,1,0,0,0,0,0,1,1,1,1,1,1,0,0,0,1,1,0,0,1,1,0,0,1,0,0,1,0,0,1,0,1,0,1,1,0,1,0,1,0,0,0,0,1,1,1,0,0,1,1,1,1,1,1,0,0,0,1,0,0,0,0,0,0,0,1,0,0,0,0,0,1,0,0,0,0,1,0,1,0,1,0,0,0,0,0,1.805847404367312,-3.202685458832919,0.0,3.0676160391972465,0.4598099838667993,0.0,0.0,3.048134330824631,0.8627520469843688,0.0,0.4479527919896098,0.0,0.0,-1.822696207708577,0.0,2.5247353743008896,-1.8762544008888693,-3.79861188327167,0.0,-4.786292611232498,0.0,1.845646581859584,0.0,0.0,0.0,0.0,0.0,0.5281441371954217,0.2538367580914601,-2.916800793464091,-0.4219209117973372,1.4052720140210808,-0.4619281937567554,0.0,0.0,0.0,-0.5194664124984156,1.0106538023058795,0.0,0.0,0.1524885790957739,3.1606433726483223,0.0,0.0,1.0002212610211678,0.0,0.0,-2.9346931416484265,0.0,0.0,2.756264112234417,0.0,-1.979906509409426,0.0,0.4612970904031555,1.983386678356712,0.0,1.9765698348394607,0.0,0.2179388889405498,0.0,0.0,0.0,0.0,0.4047457338350817,0.4991168050147546,0.8077772987311574,0.0,0.0,-0.7840633379182032,-2.1529659563262245,0.732594998510622,1.8418182069803253,-4.031345029767106,-2.303471467935519,0.0,0.0,0.0,2.924574623079911,0.0,0.0,0.0,0.0,0.0,0.0,0.0,-0.0461982529878863,0.0,0.0,0.0,0.0,0.0,-0.3690194963715469,0.0,0.0,0.0,0.0,0.1884909549679075,0.0,0.8057292813332848,0.0,-2.765738919181419,0.0,0.0,0.0,0.0,0.0
SAMD00164951,1,1,1,1,1,0,0,1,1,0,1,1,0,1,0,1,1,1,1,1,0,0,1,0,0,0,0,1,1,0,1,1,1,1,0,0,1,1,1,0,1,0,1,1,1,1,0,1,0,0,0,1,0,1,1,1,0,1,0,0,0,1,0,1,0,1,1,1,1,0,0,0,1,0,1,0,0,0,0,0,0,0,0,0,1,1,1,1,1,0,0,0,0,1,0,0,0,0,0,0,0,0,0,0,0,0,0,3.942890201748046,-0.2911239880557017,3.026835298279156,5.265585147249196,1.933751856209716,0.0,0.0,5.0996550762881645,-0.1017887229369163,0.0,1.3749302568356532,1.1633369136459002,0.0,0.3476069006308944,0.0,4.336566207759013,-1.7360817160322568,-0.878788507028182,-0.5117404150238094,-0.84649524125105,0.0,0.0,-1.6993836833876126,0.0,0.0,0.0,0.0,1.131287135055654,-0.3613266603225493,0.0,1.2113913404578396,1.1452850654862905,-0.1081627847899759,0.1763898502255447,0.0,0.0,1.262237881086685,-2.5190029854903235,0.4073748706022075,0.0,-2.5394535959616142,0.0,-4.946481352323257,2.6756168992461022,-3.112799576708939,-3.97834701879278,0.0,0.6884393038571228,0.0,0.0,0.0,-2.642063078247551,0.0,2.083767562534564,2.572454531749237,3.2986454313198674,0.0,0.4021540625722646,0.0,0.0,0.0,-1.1761487530664223,0.0,-5.094534452282398,0.0,-4.562655419318574,-0.6379630107897654,-3.971402546439969,-6.236631852890246,0.0,0.0,0.0,0.532971853042411,0.0,-1.0137566815090675,0.0,0.0,0.0,0.0,0.0,0.0,0.0,0.0,0.0,1.365719556416941,2.1552777438735267,-1.1280635589649604,1.0776102343089224,-1.0650121393881664,0.0,0.0,0.0,0.0,2.481426560521176,0.0,0.0,0.0,0.0,0.0,0.0,0.0,0.0,0.0,0.0,0.0,0.0,0.0
SAMD00164952,1,1,1,1,1,1,0,1,1,0,1,0,1,1,0,1,1,1,1,1,0,1,0,0,1,0,1,1,0,1,1,1,1,1,1,0,0,1,0,1,1,1,0,1,1,0,1,1,1,1,0,1,1,0,1,0,0,1,0,0,0,1,1,0,0,1,1,0,1,1,1,1,0,1,0,0,0,1,0,1,1,1,0,0,1,0,1,1,0,0,1,0,1,0,0,1,0,0,0,1,1,1,0,0,0,0,0,2.2078647099497464,0.4135058011953187,-1.8060422332248625,1.7398786290953745,2.824342386844515,2.697488671456563,0.0,2.9238651755133187,1.1091760635456067,0.0,2.13128537006069,0.0,0.1912517892444898,1.3480477479821973,0.0,3.6666102376059735,-3.806518774056904,-2.0556219902811352,0.8569387455929595,-2.379558680625061,0.0,-3.935595816332046,0.0,0.0,-0.1859871707058773,0.0,-0.0383932035024583,1.695058263208203,0.0,-0.7258280104945727,-5.014405477703976,1.573576572554445,0.6629524933471583,0.0203377424377038,3.392262102655276,0.0,0.0,1.9860183488748555,0.0,0.1181967766380902,0.6135447302751441,3.391353598586313,0.0,1.5957626257085926,-2.337331204496071,0.0,0.5483102821630061,-2.533865647082316,4.667762431082258,0.3169546840944062,0.0,-0.4811736734325929,-1.7633725412012438,0.0,0.8946005920767558,0.0,0.0,2.0131293900624097,0.0,0.0,0.0,-1.8169335614989288,3.2005337542030614,0.0,0.0,3.142592107051623,0.7944433517019146,0.0,1.2893381018562915,-2.006008641308663,-2.813556394768796,-3.4980579883358875,0.0,-3.438193212898196,0.0,0.0,0.0,-4.611121395542172,0.0,1.7153092639085104,-1.3978507701453298,-2.2017793824043577,0.0,0.0,-2.172388249032432,0.0,-1.716150815550844,0.1595632289234929,0.0,0.0,-1.8897685112849727,0.0,-1.4739198852592064,0.0,0.0,0.6240887394949138,0.0,0.0,0.0,-2.842927081564784,2.634480720716186,-0.2180749169736884,0.0,0.0,0.0,0.0,0.0
SAMD00164954,1,1,0,0,0,1,0,1,0,0,0,0,0,0,0,1,0,0,0,1,0,0,0,0,0,0,0,0,0,0,0,1,1,0,0,0,0,1,0,0,0,0,1,0,0,1,0,1,0,0,0,0,1,0,0,0,0,0,0,0,0,0,1,0,0,1,0,0,0,1,1,0,0,1,1,0,1,0,0,1,0,0,0,0,0,0,0,0,0,0,0,1,1,0,0,0,0,0,0,0,0,0,0,0,0,0,0,1.816145487983799,-0.4900764319512195,0.0,0.0,0.0,2.5115245434897644,0.0,3.803478755989473,0.0,0.0,0.0,0.0,0.0,0.0,0.0,1.6847177413586842,0.0,0.0,0.0,-1.1010510574740564,0.0,0.0,0.0,0.0,0.0,0.0,0.0,0.0,0.0,0.0,0.0,0.3117248222529308,-3.0433047602846406,0.0,0.0,0.0,0.0,-0.1546261912965279,0.0,0.0,0.0,0.0,-0.4145864084645611,0.0,0.0,1.868514862105079,0.0,3.251278708556393,0.0,0.0,0.0,0.0,-3.680010629939634,0.0,0.0,0.0,0.0,0.0,0.0,0.0,0.0,0.0,0.7127026015454441,0.0,0.0,-2.949050856618663,0.0,0.0,0.0,-0.7765808686380717,0.4873954802379701,0.0,0.0,-2.345394746495101,-0.194890647489528,0.0,-0.3383388807080967,0.0,0.0,1.3644242052093425,0.0,0.0,0.0,0.0,0.0,0.0,0.0,0.0,0.0,0.0,0.0,-1.736821950761212,-0.5871737786075676,0.0,0.0,0.0,0.0,0.0,0.0,0.0,0.0,0.0,0.0,0.0,0.0,0.0,0.0
SAMD00164955,1,1,1,1,1,1,1,1,0,0,1,0,0,1,0,1,1,1,1,1,0,0,0,1,1,0,1,1,1,1,1,1,1,1,1,0,1,1,0,1,1,1,1,0,1,1,1,1,1,1,0,1,1,1,1,1,1,1,0,1,1,1,1,0,1,1,1,1,1,0,1,1,1,0,0,0,1,1,1,1,1,0,1,0,1,0,1,0,0,0,1,0,1,1,0,1,1,1,0,1,0,0,0,0,0,0,0,3.229538067840891,3.785729704923087,1.6105355076683965,0.9409253405562428,2.830554283328809,-1.3894084806611584,1.0366583796417892,1.8837572696997864,0.0,0.0,-0.6123733477942874,0.0,0.0,-2.223105758791033,0.0,1.5434271420565124,-3.5084534761471304,-4.561291183430296,0.6347184228927718,2.8042074714149594,0.0,0.0,0.0,0.6001526826246666,2.522333112073418,0.0,3.775679722688941,2.6238822645017565,0.8008513626393465,0.1085852948558976,0.2861143087398445,1.52702293153644,-0.5050225759772102,-1.549249678348518,1.389630972123044,0.0,-3.1211062326753143,-0.0906884011334336,0.0,-0.7787808110317549,0.3991099514171354,0.1528236914129395,-0.2858375814680776,0.0,1.5301249822881724,-0.8818521230954466,2.9533439785412186,-1.6550137822784108,-0.5593415912812976,2.7142250133824697,0.0,-1.0243277713422017,-2.566727847125154,-1.3201155228971508,2.09639242301382,2.305397384289992,0.318302425350677,-1.1981697565371556,0.0,-0.6013092956531363,-3.769179738610384,0.3234916921848276,-2.424784446274596,0.0,1.37541238951226,-0.0411818679009756,0.7680825277168319,-0.3129877143223627,-1.7712383998717596,0.0,1.0419661950695525,-1.8293671694231883,-0.1999467574017495,0.0,0.0,0.0,-1.4473285469926007,0.3447290292580822,-0.5202435699875654,-3.228411758229314,-3.209129828679864,0.0,-5.360544869984789,0.0,-3.599090750252063,0.0,-2.9227506880084992,0.0,0.0,0.0,-0.2801607712855554,0.0,-1.5218953189341469,1.3710074090324589,0.0,0.4074962358971874,5.755804518827604,1.1012730586313104,0.0,1.977130266194431,0.0,0.0,0.0,0.0,0.0,0.0,0.0
SAMD00164957,1,1,1,0,0,1,1,1,1,0,1,1,0,0,0,0,1,0,1,1,0,0,1,1,0,0,0,1,0,0,0,0,1,0,0,1,1,1,0,0,0,0,1,0,0,1,0,1,0,0,0,0,1,0,0,0,0,0,0,0,0,0,0,0,0,1,0,0,0,1,0,0,0,0,1,0,1,0,0,0,1,1,0,1,0,0,0,1,0,0,0,0,1,0,0,0,0,0,0,0,0,1,0,1,0,0,0,0.7826395090132834,-0.9112927481811884,2.713133517521752,0.0,0.0,-2.360846403485723,4.899063557822757,3.982556204405249,1.2400956251533013,0.0,1.787732830100936,0.3755065401870733,0.0,0.0,0.0,0.0,0.8985895634405506,0.0,-0.1490484015684179,0.7045249973334267,0.0,0.0,-1.1831242430326174,-2.920310687746892,0.0,0.0,0.0,-0.0725753910907924,0.0,0.0,0.0,0.0,-0.047261425602588,0.0,0.0,1.264681703308737,-2.7292785044104995,0.5677419375902928,0.0,0.0,0.0,0.0,-0.5792903274314349,0.0,0.0,-3.071725629204619,0.0,3.50075533817062,0.0,0.0,0.0,0.0,-3.053993584045669,0.0,0.0,0.0,0.0,0.0,0.0,0.0,0.0,0.0,0.0,0.0,0.0,-2.237556672025711,0.0,0.0,0.0,0.0610290061541866,0.0,0.0,0.0,0.0,1.6952769459161796,0.0,-2.421755156572716,0.0,0.0,0.0,-0.6319299239244918,0.7149425636579868,0.0,0.95871356529275,0.0,0.0,0.0,-0.4924065161064039,0.0,0.0,0.0,0.0,-0.2342032603215931,0.0,0.0,0.0,0.0,0.0,0.0,0.0,0.0,0.3287517729972761,0.0,-3.379136303315,0.0,0.0,0.0
SAMD00164960,1,1,0,1,0,1,0,1,1,0,1,0,0,1,0,1,1,1,0,1,0,1,0,0,0,0,1,0,1,1,1,1,0,0,0,1,1,1,0,1,1,1,1,0,1,0,0,1,0,1,1,1,1,0,1,1,0,0,0,1,0,1,0,0,1,1,1,0,1,1,0,0,0,0,1,0,1,1,1,0,1,1,0,1,0,0,1,0,0,0,0,0,1,0,0,0,0,0,0,1,0,0,0,0,0,0,0,2.4855812625730245,-1.0387999653881554,0.0,0.7864711197802096,0.0,-0.2984252744934354,0.0,2.6036705437504537,0.4169387655136076,0.0,0.1077949533308386,0.0,0.0,-0.7114573816301404,0.0,2.2878761218432726,1.984000301725821,-0.5630451853590959,0.0,-0.9685224949131316,0.0,1.6504423618666948,0.0,0.0,0.0,0.0,1.673271200283279,0.0,-0.0464285093488118,-1.1232407064504375,0.0919368754241307,1.6889206723346182,0.0,0.0,0.0,0.3830703743418743,-1.4780312219749248,0.1326123242022029,0.0,-1.814552201635032,-0.1465541077680031,1.3234238279577903,-3.197355266152865,0.0,-0.2048413587794363,0.0,0.0,0.8721741269495114,0.0,2.464501900505356,1.7701626245312263,-1.1294127718197915,-1.9196947460357705,0.0,1.685034425537146,2.691654547354251,0.0,0.0,0.0,-2.596394960305291,0.0,-2.1483495237663366,0.0,0.0,1.1739373236398003,-2.592859086145903,-0.2982380015613177,0.0,-4.280112947122262,-0.4657381940265092,0.0,0.0,0.0,0.0,-1.8736744977609616,0.0,-0.8116823850075265,1.059320346647195,0.8481863810534658,0.0,1.4633052765744776,-0.2094227983193667,0.0,-1.9914801581076704,0.0,0.0,0.0548915378363794,0.0,0.0,0.0,0.0,0.0,-0.3272293937001883,0.0,0.0,0.0,0.0,0.0,0.0,0.5363639420157402,0.0,0.0,0.0,0.0,0.0,0.0,0.0
SAMD00164961,1,1,1,0,0,0,0,1,1,0,1,0,0,1,0,1,0,1,1,0,0,0,1,0,1,1,1,1,1,1,0,1,1,1,0,0,1,1,1,1,1,1,0,1,1,0,1,1,1,1,0,1,1,0,1,1,1,1,0,1,1,1,1,0,1,1,1,1,1,1,1,1,1,1,1,0,1,1,0,0,1,0,0,0,0,0,1,0,0,0,1,0,1,1,1,0,0,1,0,0,0,0,0,0,1,1,0,-0.3139412792996481,0.1855643643536668,2.4572249787603706,0.0,0.0,0.0,0.0,1.5642283106789792,1.509168823116683,0.0,3.743224330393671,0.0,0.0,-2.304198220579821,0.0,2.507002993052853,0.0,-1.04703641801197,0.1930614021846055,0.0,0.0,0.0,-6.812123022129077,0.0,-0.3139914864039637,0.8181116767742895,-0.0865693071403193,1.2000498841094045,-3.2750359197742727,-0.1596041380084139,0.0,-0.0428255362945075,0.8048004134671838,0.6646890521819544,0.0,0.0,0.814609614114023,-0.4711172489832598,1.422857556478298,2.347404641713865,3.817800602782724,2.2587905179828134,0.0,1.4739616483186533,2.6581247525460303,0.0,1.0287932161632845,-1.1556651194806984,2.213685351827004,-2.5532060846173046,0.0,-2.6454577983273504,-1.4923703748609756,0.0,-1.7569393517717529,-0.064028017397816,2.6879248696947293,2.848651574598109,0.0,-2.161660846949279,2.2658015252213426,-1.383508654633183,0.8209077511645266,0.0,2.5925443300647384,2.0644215284293006,0.5036053285009953,-4.192297054441706,1.9109292002111573,-1.946641960485337,-1.1524085453069792,0.8736259728231235,-1.737157561932987,-0.7953156673493005,-4.660360818869616,0.0,0.5145618659145133,3.467991110147487,0.0,0.0,-1.269422601274412,0.0,0.0,0.0,0.0,0.0,-1.5876316162216966,0.0,0.0,0.0,0.0561288370753594,0.0,-3.1442969772129734,-0.0709340679963888,0.7553777607789746,0.0,0.0,0.6335476178091433,0.0,0.0,0.0,0.0,0.0,0.0,-3.13920358759387,-3.944224120084972,0.0
SAMD00164962,1,1,1,1,1,1,1,1,1,0,1,1,1,1,0,1,1,0,1,1,0,1,1,0,1,1,1,1,1,1,0,1,1,0,1,0,1,1,1,1,1,0,1,0,1,1,1,1,0,0,0,1,1,1,1,0,0,0,0,0,0,1,1,0,1,1,0,1,0,1,1,0,0,1,1,0,1,0,0,0,1,1,0,0,0,0,1,0,0,0,1,0,0,0,0,0,0,0,0,0,0,0,0,0,1,1,1,2.725624885028673,-0.4388583933751433,1.5124434776932814,2.600787383982984,1.0390695395538465,2.0058688547689867,4.290316657562272,2.2899200686766124,0.5679384735083742,0.0,1.1727786003297451,0.874899510765616,0.7084321442867644,0.1139308063998453,0.0,1.3956334572939135,-0.3717078668913005,0.0,-0.3016211173278464,-0.0979126015754445,0.0,1.0912832539771564,-0.0570660254121124,0.0,1.4698835822746148,1.553817776573374,3.54041040449907,-0.1767915787151908,0.3182656882826582,0.6569602156902878,0.0,0.1528877738185908,-0.4331435737578977,0.0,2.000372976682254,0.0,-0.2543786032222834,0.0306049489366582,0.0509333701142393,-0.2899130896282078,-3.3052755645231424,0.0,-1.651434547428778,0.0,-1.151990160018105,-3.3911974981105417,3.53368894656281,-1.6843926058431693,0.0,0.0,0.0,-2.619751289481887,-3.846673026793368,2.3920914911768585,0.3449777238797726,0.0,0.0,0.0,0.0,0.0,0.0,-1.2584340155636689,1.6173682925090789,0.0,0.3592284728915237,-0.5362904497866599,0.0,-2.486824187338036,0.0,-2.905957742912138,1.6815998020672829,0.0,0.0,-3.0505032261601595,-0.7775345578856454,0.0,-2.114823004777151,0.0,0.0,0.0,2.8424785176570504,-0.598611882414388,0.0,0.0,0.0,0.0,-1.6916895925356727,0.0,0.0,0.0,-0.7062934868792949,0.0,0.0,0.0,0.0,0.0,0.0,0.0,0.0,0.0,0.0,0.0,0.0,0.0,-1.1921356626063035,-3.0698970151090417,-4.473394731371608
SAMD00164967,1,1,1,1,1,0,0,1,1,0,1,1,1,1,1,1,1,1,1,1,1,0,1,1,1,1,1,1,1,1,1,1,0,1,1,0,0,0,1,1,0,1,1,1,1,1,1,0,0,1,1,0,0,1,1,0,1,1,1,0,1,0,1,1,1,1,1,1,1,0,1,1,1,0,0,1,0,0,1,0,1,0,0,0,0,0,1,0,1,0,1,0,0,1,0,1,1,0,0,0,0,0,0,0,1,1,1,2.0104615144954865,0.2920326414169694,-0.5002184164826584,0.7233790158509845,1.0352828959708953,0.0,0.0,2.7713550250117045,0.179916398857302,0.0,-0.9811465822269944,0.3036729189704856,-1.3194001597779446,-1.2841474672221809,-0.359697342828011,1.328554400737433,-2.8336697263204464,-2.5406826016389723,0.0941329400679231,-1.0374285890179036,1.3015081778752573,0.0,-2.2649767202339075,-1.8544374925462064,1.6280394857213882,-1.128534861692748,1.662919634350529,-1.8491239837641649,-2.300957707052732,0.835332629639318,1.3975340186188516,1.047001665065291,0.0,-2.278725420425628,0.5682838705209545,0.0,0.0,0.0,1.5437363207831585,1.2171156471442215,0.0,-0.7297085674662922,0.3582357165040557,-1.020393992065884,-0.7686940141792458,-0.4950057846523235,2.810493235884835,0.0,0.0,2.3353625384845187,-0.5988624378351846,0.0,0.0,3.7319967213978487,1.9037473397157472,0.0,2.4263711619952364,-1.1607576888045616,-0.7245316792867582,0.0,0.4607476930296563,0.0,0.8972225024153255,-0.4166167794891429,1.1069889810446534,-3.107733368061913,1.0329106970171675,0.8344641028232405,-1.7745997155043685,0.0,-0.5107259098112471,-0.1272283837491539,0.7803868247420396,0.0,0.0,-1.8581738192840829,0.0,0.0,-0.7668967455430464,0.0,-0.5046291748395739,0.0,0.0,0.0,0.0,0.0,-5.074379415596404,0.0,-3.00836089424871,0.0,-0.1095786578439486,0.0,0.0,-0.6201871701223376,0.0,0.0784496442030264,5.961667857712473,0.0,0.0,0.0,0.0,0.0,0.0,0.0,1.7268294596553366,-0.225688052942302,-0.2502343551663233
SAMD00164971,1,1,1,1,1,1,0,1,0,0,1,0,0,1,0,1,1,0,1,1,0,0,0,0,1,0,0,1,1,1,0,1,1,0,0,0,1,1,1,1,1,1,1,0,0,1,1,1,0,0,0,0,1,0,0,1,1,1,0,1,0,0,1,0,1,1,1,1,1,1,0,1,1,0,1,1,0,1,0,0,1,0,0,1,0,0,1,1,0,0,0,0,1,1,0,0,0,1,0,1,0,0,0,0,0,0,0,2.3189997396287563,-1.237176674945716,1.6875869788226354,1.0174123049958992,1.1775959991510268,0.3804639998215585,0.0,1.512765135290102,0.0,0.0,1.8724535185424367,0.0,0.0,-0.6080413654701213,0.0,2.1807861975253577,-0.4122659552107386,0.0,-0.5137227573880916,-2.4418004301478486,0.0,0.0,0.0,0.0,-2.603316670531945,0.0,0.0,0.21318692597915,-1.505676671682775,0.1270292840329216,0.0,0.2819399866974487,-1.0339569816652556,0.0,0.0,0.0,-1.802315729348996,-0.7084039303149372,-2.613205049951373,0.3359879288152354,3.989945001262889,2.0779706091639896,-4.499465310028195,0.0,0.0,-4.346702555475785,-1.3865974595649448,1.9569613564286048,0.0,0.0,0.0,0.0,-2.264920006093975,0.0,0.0,3.647445518439678,3.746179043285909,1.9197703406614823,0.0,1.301537845417588,0.0,0.0,0.3480797892019938,0.0,0.8640009799162762,-1.380356182445035,1.0773935733173403,-0.894402869885818,-0.4056063025619316,-1.8423678038552016,0.0,-2.5500937521862923,1.4121729299381864,0.0,1.6863836663230165,-1.640877049395686,0.0,2.5625391182741133,0.0,0.0,-0.910634184786814,0.0,0.0,-2.24613165262143,0.0,0.0,-0.8579904513013921,1.0458448622931231,0.0,0.0,0.0,0.0,-2.8684179132612395,1.363282863305024,0.0,0.0,0.0,1.0974362560741473,0.0,0.3712939575156467,0.0,0.0,0.0,0.0,0.0,0.0,0.0
SAMD00164972,1,1,1,1,1,0,0,1,0,0,1,0,1,1,0,1,1,1,1,0,0,1,0,1,1,0,1,1,1,1,0,1,0,0,0,1,0,1,0,1,0,0,0,0,1,0,1,1,0,1,0,0,1,0,1,1,0,0,0,0,1,0,1,0,1,1,1,0,1,1,0,0,1,0,1,0,0,0,0,0,0,0,0,0,1,1,1,0,0,0,0,0,1,0,0,1,0,1,0,1,1,0,0,0,0,0,0,0.5701113639563816,-2.3852662558477915,0.4674366613586901,3.177136798016318,1.4349174379044325,0.0,0.0,4.343335041193783,0.0,0.0,0.3130715043188136,0.0,1.2092923059072604,-1.6664295891725351,0.0,2.5644724286589584,-0.857687179689884,-3.230088867446452,0.4606275880871389,0.0,0.0,1.219901060673096,0.0,2.221007940782996,1.782657916528017,0.0,-0.4273654650353293,0.0264613582211458,0.0588571223381176,-2.0038080333772865,0.0,1.468507490758816,0.0,0.0,0.0,-0.7497248643303478,0.0,0.1133100351836305,0.0,-0.9047123318047235,0.0,0.0,0.0,0.0,-1.0369241615046392,0.0,2.2028744588696467,-1.8794985425052115,0.0,-0.0385296138986994,0.0,0.0,-6.747833954156998,0.0,0.531585450912968,0.9848274948974411,0.0,0.0,0.0,0.0,0.8396560424296465,0.0,-2.1198020990256445,0.0,1.1956012092665156,-1.4040056036025748,-1.12856597629184,0.0,-2.480178214368564,-2.124905713247204,0.0,0.0,0.7226394384252276,0.0,-1.686030373486343,0.0,0.0,0.0,0.0,0.0,0.0,0.0,0.0,0.0,0.7896848726626432,0.3968362802232664,-1.0838612550061328,0.0,0.0,0.0,0.0,0.0,-0.9699881512007402,0.0,0.0,3.7607394190921406,0.0,1.1399533851632069,0.0,0.5521041684603575,0.3775999707082812,0.0,0.0,0.0,0.0,0.0,0.0
SAMD00164973,1,1,1,1,0,1,0,0,0,0,0,0,0,0,0,1,1,0,0,1,0,0,0,0,0,0,0,1,0,0,1,1,1,0,0,0,0,1,0,0,1,0,1,1,0,1,0,1,0,0,0,0,0,0,0,1,0,0,0,0,0,0,0,0,1,1,0,0,0,1,1,0,0,0,1,0,0,0,0,0,0,1,0,0,0,0,1,0,0,0,0,0,0,1,0,0,0,0,0,1,1,0,0,0,0,0,0,2.088539846408468,-2.1634533780019822,1.6649026873584043,3.175821120677832,0.0,-0.6469662262674369,0.0,0.0,0.0,0.0,0.0,0.0,0.0,0.0,0.0,3.8091175058137807,-0.8386638876121593,0.0,0.0,1.023764568851423,0.0,0.0,0.0,0.0,0.0,0.0,0.0,-3.525934283296356,0.0,0.0,2.705530015803984,0.918929315015857,-0.6591374031499015,0.0,0.0,0.0,0.0,1.8984982973747115,0.0,0.0,0.5948970213336632,0.0,-3.34875172403032,0.1753791965085797,0.0,-5.909028175792464,0.0,1.7123847214910517,0.0,0.0,0.0,0.0,0.0,0.0,0.0,4.082724134589903,0.0,0.0,0.0,0.0,0.0,0.0,0.0,0.0,3.672176100044592,-1.1235586783911855,0.0,0.0,0.0,-4.129123206098957,0.3410835572882233,0.0,0.0,0.0,-3.848707675559407,0.0,0.0,0.0,0.0,0.0,0.0,-4.830824758755561,0.0,0.0,0.0,0.0,-1.6844826765864,0.0,0.0,0.0,0.0,0.0,0.0,3.419945151139961,0.0,0.0,0.0,0.0,0.0,-0.6728011511686081,2.097739985010304,0.0,0.0,0.0,0.0,0.0,0.0
SAMD00164974,1,1,1,1,0,1,1,1,1,0,0,0,0,0,0,1,0,0,0,1,0,0,0,1,0,0,0,0,1,1,0,0,1,1,0,0,0,1,0,0,1,1,1,0,1,1,0,1,0,0,1,0,1,0,1,1,1,0,0,0,1,0,0,0,0,1,1,0,1,1,1,0,0,1,1,0,1,0,0,0,0,0,1,0,0,0,0,0,0,0,0,0,0,0,0,0,0,0,0,1,1,0,0,0,1,1,1,0.8171598526282422,-4.341375993039724,2.562166811459188,2.460262125332571,0.0,2.701219761103409,2.124742498396773,2.2312333982471104,0.9769093544845782,0.0,0.0,0.0,0.0,0.0,0.0,2.0723870853677098,0.0,0.0,0.0,1.605834471847846,0.0,0.0,0.0,1.443234793504495,0.0,0.0,0.0,0.0,-0.8073553007092173,0.7188217811797943,0.0,0.0,-0.663520940362212,0.5347957471970584,0.0,0.0,0.0,1.9030388591016447,0.0,0.0,-0.2447248560598431,2.694478935250229,-3.4026873746564403,0.0,-0.7184497148342153,-3.60058675406218,0.0,1.2343631574364542,0.0,0.0,1.0102765577228392,0.0,-1.8506629399128065,0.0,1.8655569434047587,0.9236773418805542,0.6648076400322778,0.0,0.0,0.0,-1.331467569172569,0.0,0.0,0.0,0.0,1.3293645520507178,1.0161532331401577,0.0,-2.409505419421791,0.7797727824129471,1.3749420399976338,0.0,0.0,-3.122217866726125,1.1557379151551816,0.0,-4.566026703644506,0.0,0.0,0.0,0.0,0.0,1.0880700324812371,0.0,0.0,0.0,0.0,0.0,0.0,0.0,0.0,0.0,0.0,0.0,0.0,0.0,0.0,0.0,0.0,-4.16408715950038,1.173596450245872,0.0,0.0,0.0,-0.665990792664392,-2.569901194983176,-4.004043541311704
SAMD00164975,1,1,1,0,1,1,0,1,1,0,1,0,1,1,0,1,1,0,0,1,0,0,0,0,1,0,1,0,1,1,0,0,1,1,0,0,0,1,0,0,0,0,0,0,0,0,0,1,0,0,0,0,1,0,0,0,0,0,0,0,0,0,0,0,1,1,1,0,0,1,0,0,0,1,1,0,0,0,0,0,0,0,0,1,0,0,0,0,0,1,0,0,1,1,0,0,0,0,0,1,0,0,0,0,0,0,0,-1.797173901480512,-1.704673433971387,1.3938404908951607,0.0,0.7464977595404712,-1.2098944171989494,0.0,3.8904302097317607,1.7441386721521936,0.0,0.3586269320176204,0.0,1.6794718586954098,-0.7269418136124106,0.0,3.997861273275883,1.032252939925382,0.0,0.0,-5.94923510451518,0.0,0.0,0.0,0.0,1.5491230567026242,0.0,1.0269490192362625,0.0,-0.4658011088414917,1.996728554873089,0.0,0.0,-1.4411476607587907,-0.6392305745082139,0.0,0.0,0.0,1.2635208756127518,0.0,0.0,0.0,0.0,0.0,0.0,0.0,0.0,0.0,1.212534939982504,0.0,0.0,0.0,0.0,-2.525146520819057,0.0,0.0,0.0,0.0,0.0,0.0,0.0,0.0,0.0,0.0,0.0,2.276325217775286,-0.2836804518679316,0.5823099611637552,0.0,0.0,-0.8966425826572384,0.0,0.0,0.0,-6.95323141680844,0.2427526601438407,0.0,0.0,0.0,0.0,0.0,0.0,0.0,0.0,-0.2805921151340756,0.0,0.0,0.0,0.0,0.0,2.6857261945410147,0.0,0.0,1.1029046722425222,2.330860762711903,0.0,0.0,0.0,0.0,0.0,-6.239464949045759,0.0,0.0,0.0,0.0,0.0,0.0,0.0
SAMD00164982,1,1,1,1,1,1,0,1,1,0,1,1,1,1,1,1,1,1,0,1,0,1,1,1,1,1,0,1,1,1,1,1,0,0,1,0,1,1,0,1,1,1,0,0,1,0,1,0,0,1,0,1,0,0,1,1,1,1,0,1,0,1,1,0,1,1,1,0,0,0,0,1,0,0,0,1,0,0,1,1,1,1,1,0,0,0,1,0,1,0,1,0,1,1,1,1,1,1,0,0,0,0,0,0,0,0,0,2.9810973174165394,-0.539001525186324,-0.2120320525042833,1.8151681186410649,2.586463953394708,0.2443989343889723,0.0,1.0309533446071564,0.6230847206942738,0.0,0.9547948149026786,0.3511238834573815,1.5116077787394229,-4.657597435453546,1.3835428193840622,1.0354558521481492,-1.5490903398025009,-3.004179728902911,0.0,-2.015775381931804,0.0,1.4913179876792408,-0.3064696477670674,-1.9656976244639075,1.5441531646598086,3.113822692166556,0.0,0.8913881557987908,0.4570951999561905,-0.7946669654858187,1.474151330831318,1.930037996527338,0.0,0.0,0.3057349600383718,0.0,-0.3556296584544123,0.1100606717996324,0.0,-1.3460929650954871,-1.008450453326084,2.086936432966635,0.0,0.0,0.966224154193612,0.0,0.2200231283908276,0.0,0.0,-4.4485056375949865,0.0,-3.755358457035041,0.0,0.0,2.4311865753202406,3.326130771997305,-0.7263799827692523,0.0272576124357895,0.0,-3.0701039772740044,0.0,-4.2599144677874365,0.7454290718630507,0.0,3.7892215321767058,-1.8777675519572048,0.5616683341755724,0.0,0.0,0.0,0.0,-0.883144976813143,0.0,0.0,0.0,-2.4742499238268776,0.0,0.0,-2.716126805343597,-1.6212292311997265,-0.0630258524170837,-3.5641665055274334,-0.1960649097961235,0.0,0.0,0.0,-1.4571855993742604,0.0,-1.0631564481728546,0.0,1.4518396211769118,0.0,-1.420592369242899,0.7520394010513745,0.5447040760033299,1.0491522090245629,5.978392542592751,1.5859973139057362,0.0,0.0,0.0,0.0,0.0,0.0,0.0,0.0,0.0
SAMD00164984,1,1,0,0,0,1,0,0,0,0,1,0,0,0,0,0,1,0,0,1,0,0,0,0,0,0,0,0,1,0,0,0,0,0,0,0,0,1,0,0,0,0,1,0,0,1,1,1,0,0,0,0,1,0,0,1,0,0,0,0,0,0,0,0,1,0,0,0,0,1,1,0,0,1,1,0,0,1,0,1,0,0,0,0,0,0,0,0,0,0,0,1,1,0,0,0,0,0,0,0,0,0,0,0,0,0,0,1.338277779742126,-0.9867864156683676,0.0,0.0,0.0,-0.6510171667738208,0.0,0.0,0.0,0.0,0.3531953841188722,0.0,0.0,0.0,0.0,0.0,0.0962448212468967,0.0,0.0,-1.0072329607059216,0.0,0.0,0.0,0.0,0.0,0.0,0.0,0.0,0.543675214870359,0.0,0.0,0.0,0.0,0.0,0.0,0.0,0.0,1.274859552497822,0.0,0.0,0.0,0.0,-6.119077307908952,0.0,0.0,2.4534041634931234,0.9496826594482306,0.4988984624439543,0.0,0.0,0.0,0.0,-2.8869562562907305,0.0,0.0,5.041175736545785,0.0,0.0,0.0,0.0,0.0,0.0,0.0,0.0,3.0602882597678,0.0,0.0,0.0,0.0,-0.6073781672486592,2.758855887216838,0.0,0.0,-3.6603027983978,-1.5687153584158555,0.0,0.0,2.6334176047738977,0.0,1.3809189863246842,0.0,0.0,0.0,0.0,0.0,0.0,0.0,0.0,0.0,0.0,0.0,-1.9628017879563608,-2.932626293123919,0.0,0.0,0.0,0.0,0.0,0.0,0.0,0.0,0.0,0.0,0.0,0.0,0.0,0.0
SAMD00164985,1,1,1,1,1,1,1,1,1,1,1,1,1,1,1,1,1,1,1,1,1,1,1,1,1,0,1,1,1,1,1,1,0,1,1,0,1,1,1,1,1,1,1,1,1,1,1,0,0,1,0,1,0,0,1,0,1,1,0,0,0,1,1,1,1,1,1,1,1,0,0,1,1,0,0,0,0,0,0,1,1,1,0,0,0,0,1,1,1,1,1,0,0,1,1,1,1,0,0,0,0,0,0,0,1,1,1,3.3833147438375866,-1.5421634750045492,0.3801637019385623,2.386426528708891,0.1703998855056134,0.6084201817267813,3.2567782567550303,2.9959777288767686,0.2841635702757267,0.498438593604559,-1.0826388056145426,0.2746991088091569,0.5364044498462822,-1.181595666931717,-1.0120233274985269,2.803039658230228,-2.355643876580518,0.1280582836011428,-0.4310645832190609,-0.5247184122643647,3.2652552615449686,1.2136853460465402,-0.8261392446709692,1.2660057602762909,2.5288726857180155,0.0,2.28776795865716,-1.5984404809309252,-0.3476810578387646,-1.0320949417179104,-0.6214870896537614,1.3323159164293823,0.0,-1.643151217476322,1.7485990073151187,0.0,0.124463575744538,-1.9477741329273943,0.4322570848892256,0.0275191613967926,-3.660633636514647,2.60916861262863,-2.6869423893588573,-0.8086543096567167,-1.861035718952972,-4.447639266645731,2.5089593665805827,0.0,0.0,0.9452989706209698,0.0,-4.930491038369316,0.0,0.0,0.4307201786210792,0.0,2.39399041685951,1.3288678783518633,0.0,0.0,0.0,-2.8042111539830783,0.9287343842241976,1.7896979195737246,1.473026067275798,-3.0828511107468035,1.0426273633610097,-3.351690095397105,0.3172813925393735,0.0,0.0,-2.0256176594090656,0.0145630455842049,0.0,0.0,0.0,0.0,0.0,0.0,0.9052645032835168,0.8103684962505466,-4.131121644554063,0.0,0.0,0.0,0.0,-1.257688402385939,-0.7420779236875017,0.2421946846908793,1.0805014194666531,-0.7412935586561122,0.0,0.0,1.0754267453421784,-0.3976134971119462,2.723467923126882,2.094970644980613,0.0,0.0,0.0,0.0,0.0,0.0,0.0,0.0707322856787115,-0.5082805437742417,-3.13443048724187
SAMD00164988,1,0,1,0,1,0,1,0,1,1,1,1,0,1,0,1,1,0,0,0,0,0,0,0,1,1,0,1,1,1,0,1,1,1,0,0,1,1,1,1,1,1,0,0,1,0,1,0,0,0,0,1,0,0,0,1,1,1,0,1,1,1,0,0,1,1,1,1,1,0,0,1,1,0,0,0,1,0,0,0,1,1,0,1,0,0,1,1,1,0,0,0,1,1,0,0,0,0,0,0,0,0,0,0,0,0,0,2.086091069105687,0.0,1.38929067741216,0.0,-0.5588362401089415,0.0,0.6465035539888924,0.0,0.4437475814982009,0.747454720740967,0.559249769056346,-0.1170169650096679,0.0,-3.719680517404957,0.0,3.714462054819518,-1.3793880676277248,0.0,0.0,0.0,0.0,0.0,0.0,0.0,2.285004853531526,1.8201477747293804,0.0,0.721835516503503,-0.4215657773453674,-0.1246879241502818,0.0,-0.0150321320723672,-1.7536270099742473,-3.4621212044082847,0.0,0.0,0.296288056527726,-0.842459474844292,0.8307545685451281,-0.4277252270715168,-2.135788697398554,2.675375474599055,0.0,0.0,-0.6964730836164901,0.0,3.11401369542219,0.0,0.0,0.0,0.0,-3.0798589933797844,0.0,0.0,0.0,2.105767981760931,0.8410756716870826,2.210117739796877,0.0,-2.2774855394045925,1.493512010915368,-2.216757759932221,0.0,0.0,0.4909843120614559,-0.5173201469082767,-0.0155251611984625,0.4446817783587332,0.5854065892545026,0.0,0.0,0.6915519431598207,0.9188297372363454,0.0,0.0,0.0,-0.0267477165111973,0.0,0.0,0.0,-0.5952784270068103,-1.267895512714038,0.0,-3.393434190088421,0.0,0.0,-0.8620683596870526,-0.0176461303253109,-1.1431008129788294,0.0,0.0,0.0,-1.0468629489101262,1.0022368893664226,0.0,0.0,0.0,0.0,0.0,0.0,0.0,0.0,0.0,0.0,0.0,0.0,0.0
SAMD00164992,1,1,1,0,1,0,0,1,1,0,1,1,0,1,0,1,1,1,1,1,0,0,1,1,1,0,1,1,1,1,1,1,0,1,1,0,1,1,0,1,0,1,0,1,1,0,1,1,0,0,0,1,1,0,1,1,0,1,0,1,1,1,0,0,1,1,1,0,1,1,1,1,1,0,0,1,0,1,1,0,1,1,0,0,1,0,1,0,0,1,0,0,1,1,0,0,0,1,1,1,0,0,0,1,0,0,0,-0.787600164737396,-3.793442128520204,0.7952755466660822,0.0,-0.6498450584124131,0.0,0.0,1.382844006440879,0.49198828848944,0.0,1.1826530974577003,-1.9452883796415188,0.0,-3.445253798458789,0.0,3.5996822784037352,-0.2526869486093512,-2.459818691423429,-0.8656613028408242,-6.364445994890447,0.0,0.0,-1.47212019079282,-0.7415691732374388,1.4225100837172804,0.0,0.9232226387237974,-1.8731520124911936,-1.452759069737183,0.2769422825077738,2.38929939613904,2.2325890743177577,0.0,-1.3371088511762594,-2.250556836595376,0.0,-2.868736199720764,2.203905481800021,0.0,0.9783331944413992,0.0,4.3030401447038376,0.0,3.15868617666396,0.41034915683546,0.0,1.8925369263355585,0.862815093161029,0.0,0.0,0.0,-5.082051228788707,-6.264362536333463,0.0,2.2673579543633107,3.004154646084684,0.0,3.121096929559229,0.0,1.489884155495475,4.550648210934472,-2.8639591205724853,0.0,0.0,2.7283784110262506,1.342439155139608,1.3652430659041832,0.0,0.0977620392799132,-1.858514748819352,-4.335605466504401,-3.1216480724308275,2.2234852110311327,0.0,0.0,-0.636398898234614,0.0,3.049606137598571,-1.2488186740727056,0.0,-0.1311711049077983,1.3559222941422353,0.0,0.0,-0.9247661368659914,0.0,0.5349587255517261,0.0,0.0,1.4502724385299302,0.0,0.0,0.6080369320804934,1.6562136890028678,0.0,0.0,0.0,2.120881683239202,1.2901094727236455,-0.670093810893162,0.0,0.0,0.0,-3.065689418782783,0.0,0.0,0.0
SAMD00164995,1,1,1,0,1,0,1,0,0,0,0,1,0,1,0,1,1,1,0,1,0,0,1,0,1,0,1,1,1,1,1,1,0,1,1,0,0,1,1,1,1,1,1,0,1,1,1,1,1,0,1,0,0,0,1,1,0,0,0,0,0,0,0,0,1,1,1,1,1,1,1,1,0,0,1,0,1,0,0,1,0,1,0,1,0,0,1,0,0,0,1,0,1,1,0,0,0,0,0,1,0,0,0,1,0,0,0,2.87377733303335,0.0121752435297872,1.1782167851746732,0.0,1.2799425009433167,0.0,4.348685197693905,0.0,0.0,0.0,0.0,1.3984852632912912,0.0,-1.4773210551937186,0.0,1.9801078705680888,-3.0099265355845306,-3.2258614053017967,0.0,0.5216595779528643,0.0,0.0,-1.0388869288494862,0.0,-1.885080459855256,0.0,1.92301947799713,-0.6309760295617868,0.4914216733651303,1.842927344054448,-2.552054070071885,2.8736179529320656,0.0,0.4088433020307784,-2.36452504876604,0.0,0.0,0.701651543820386,1.4949293308797078,-1.852822912116504,-1.578216246625478,2.814794168119556,-1.880289283103296,0.0,-2.406894051540819,1.3214412285604982,1.2555753149108226,1.9963520147904867,1.582291971132323,0.0,2.093587845683512,0.0,0.0,0.0,2.451515364827284,3.7985390803801904,0.0,0.0,0.0,0.0,0.0,0.0,0.0,0.0,2.6394574732353595,-0.8979804518907237,1.2474041567336305,-1.259748548928964,-2.89522075572894,-2.767800313499314,-4.706668179929214,-0.0381443850612062,0.0,0.0,-1.8467757257788493,0.0,1.720206281484133,0.0,0.0,-0.5336313491314488,0.0,1.8799776516571065,0.0,-5.389344060621864,0.0,0.0,-2.6245985158431093,0.0,0.0,0.0,-0.2501608355593367,0.0,0.673487851445614,1.7622556861985157,0.0,0.0,0.0,0.0,0.0,1.4676587133922758,0.0,0.0,0.0,-4.9210780512746695,0.0,0.0,0.0
SAMD00164999,1,1,1,0,0,1,0,1,0,0,1,0,0,1,0,1,1,1,1,1,1,0,1,0,1,0,1,1,1,1,1,1,0,1,1,0,1,1,1,1,1,1,0,0,1,1,1,1,0,1,1,1,1,0,1,1,1,1,0,0,1,1,0,0,1,1,1,1,0,1,0,1,0,0,1,0,0,0,1,1,0,0,1,0,0,1,1,1,0,1,1,0,1,0,0,0,0,1,1,1,0,0,1,0,0,0,0,2.769099225261045,-1.685386099724452,0.5585785707006137,0.0,0.0,1.1086440187607258,0.0,2.919801268246613,0.0,0.0,0.1875208904319916,0.0,0.0,-2.360883031092269,0.0,3.288049056412758,0.0596897011394359,-1.892376839205191,0.1309567622915539,-2.9608988645208,3.7211697832655775,0.0,-0.818663716638756,0.0,2.879942749448052,0.0,3.13156687798583,-1.9564415693013544,-0.8871361686840322,2.292094638725765,0.8494852521725137,0.794849656321217,0.0,-0.8173514665980763,2.098111039213358,0.0,0.7204297825005184,-0.8336130623797926,1.7049380532011438,0.8535754395851206,-2.0068512334198774,-6.35540725803216,0.0,0.0,-0.576826573300772,-0.9785868299961792,3.3435294885470723,-0.3745403345594578,0.0,0.5815022106025507,3.051217841458924,-1.6555331365747703,-4.0511568857190525,0.0,1.108854217207942,0.3682048059437532,1.6759130509736635,1.4694517555811442,0.0,0.0,1.0916736341858695,-0.720320080095054,0.0,0.0,1.2965209601129668,-1.724082114567217,0.7267494069427922,-2.425871827519382,0.0,-2.945360261093021,0.0,0.0918986045090537,0.0,0.0,-1.9241937125063948,0.0,0.0,0.0,0.0826909982959035,0.90273490306762,0.0,0.0,-0.995602896520284,0.0,0.0,-2.3402261605013868,-1.1108423474833695,-0.5397853016204228,0.0,-0.9735149678982188,1.7042430127081185,0.0,-2.6213154610966747,0.0,0.0,0.0,0.0,1.7106328443564975,-0.0729224663738143,-1.0182698996345405,0.0,0.0,0.3496400664990784,0.0,0.0,0.0,0.0
SAMD00165000,1,1,1,0,1,1,0,1,1,1,0,0,0,0,0,1,1,0,1,1,0,0,0,0,0,0,1,0,0,0,1,1,1,0,0,0,0,1,1,1,1,0,0,0,0,0,1,1,0,0,1,0,1,0,0,0,0,1,0,0,0,0,0,0,1,1,1,1,1,1,1,1,1,0,1,0,1,0,0,0,0,0,0,0,0,0,1,0,0,0,1,0,0,1,0,0,0,0,0,1,0,0,0,0,0,0,0,3.1593841922830377,-1.9322341149223952,-1.337159961655353,0.0,-4.77903462452492,3.163055771697429,0.0,3.031989500702605,0.7576381692159146,0.0554615126856989,0.0,0.0,0.0,0.0,0.0,2.34601145286363,-2.407077748205284,0.0,-1.5899522547500882,-3.051297014061796,0.0,0.0,0.0,0.0,0.0,0.0,-0.8164265858028248,0.0,0.0,0.0,2.1268118571179566,1.4691082055033862,-1.6857630390181166,0.0,0.0,0.0,0.0,1.6883149626848248,-3.482574507477364,-2.390342956515981,-1.0434589898852975,0.0,0.0,0.0,0.0,0.0,2.950130365071339,0.0329816530270714,0.0,0.0,3.593351438320441,0.0,-3.385018217311119,0.0,0.0,0.0,0.0,2.0417910218360804,0.0,0.0,0.0,0.0,0.0,0.0,2.297132393913589,0.9864966308459344,0.5263122406690863,-2.364367470112721,-2.549048009475671,-1.7015913874290745,-0.6682878493776421,0.8749765846843083,1.2738385507117058,0.0,-1.4179955185601647,0.0,1.2866237160817129,0.0,0.0,0.0,0.0,0.0,0.0,0.0,0.0,0.0,-1.004344988296687,0.0,0.0,0.0,0.944601142405306,0.0,0.0,2.5800875462604305,0.0,0.0,0.0,0.0,0.0,0.4198763288010111,0.0,0.0,0.0,0.0,0.0,0.0,0.0
SAMD00165004,1,1,1,1,1,1,0,0,0,0,1,0,0,1,0,1,1,1,0,1,0,0,0,1,1,1,0,1,1,1,0,1,0,0,1,0,0,1,0,1,0,1,1,0,0,1,1,1,1,1,0,0,1,0,1,1,0,0,0,0,0,0,0,0,1,1,0,0,0,1,0,0,0,0,1,0,0,0,0,1,0,1,1,1,1,1,1,0,0,0,1,0,1,0,0,1,0,0,1,0,0,1,0,0,0,0,0,3.1546108737467926,1.9686735131344053,0.2163611846429622,2.8036806169751807,1.1617088069167831,1.4709425179718831,0.0,0.0,0.0,0.0,0.8541710131126895,0.0,0.0,0.2977014863887538,0.0,2.8636862846424576,-0.4924616313187442,-3.7885434752762825,0.0,-0.5235165511656819,0.0,0.0,0.0,2.702441019998276,-1.0243276352212458,1.43854786189616,0.0,0.5715802022630361,1.1270175538536908,0.8117748270330083,0.0,-0.0886717365791196,0.0,0.0,2.96094350707067,0.0,0.0,0.7964915033099399,0.0,-1.3905479769704367,0.0,1.2904337373339154,-5.81956243227989,0.0,0.0,-2.225132184176793,1.4503234695588945,-0.832508323819898,2.201293507714678,-0.6727521840254613,0.0,0.0,-3.743277126781492,0.0,2.2538248195730057,3.4994205424006943,0.0,0.0,0.0,0.0,0.0,0.0,0.0,0.0,1.2996243818527815,-3.44563429045394,0.0,0.0,0.0,-1.2049412496700445,0.0,0.0,0.0,0.0,-3.6770277412402894,0.0,0.0,0.0,0.0,1.0230132237442702,0.0,0.886045805208027,2.049534065785253,-0.8862378202689687,-2.4957967907505507,0.7817247728721376,-1.1849966294292065,0.0,0.0,0.0,-0.0312225695956258,0.0,-1.400620584290849,0.0,0.0,3.099499492066484,0.0,0.0,-3.35875333407095,0.0,0.0,-6.748538323681361,0.0,0.0,0.0,0.0,0.0
SAMD00165007,1,0,1,1,1,1,1,1,1,0,1,1,1,1,0,1,1,1,1,1,1,0,0,1,1,1,1,1,1,1,1,1,0,1,1,0,1,0,1,1,0,1,0,0,1,0,1,0,0,1,0,1,0,1,1,1,1,0,1,0,1,1,1,1,1,1,1,1,1,0,0,0,0,0,0,0,1,0,0,1,0,0,1,0,1,0,1,0,0,1,0,0,0,1,0,1,1,0,0,0,1,0,0,0,0,0,0,3.176250588330577,0.0,-0.8171781218561796,2.2529520227656032,0.689891911505095,-2.678229078674412,0.1720087674851753,1.7182919607551257,-0.5047572412202821,0.0,1.3768410100245232,-0.3812032991896932,0.4762213363965341,-2.6443695270407366,0.0,1.699135297571432,-0.3689883174182842,-2.934354967491452,0.3130624379159388,-4.526578899190865,2.712781553357912,0.0,0.0,0.6985654426192582,1.6186876955506635,2.3633789407606924,2.815690991106705,-0.9973988238346024,0.6282683247648044,-0.6325297941996109,-0.1127306521940263,-4.154555678305332,0.0,-2.350615790520406,1.864314798451472,0.0,-0.5797036829955069,0.0,0.3252221717993936,-0.3438572263513502,0.0,1.8018196826550696,0.0,0.0,-4.415634005239136,0.0,2.774941306951201,0.0,0.0,2.6054755298106924,0.0,-2.481728802280647,0.0,1.8083524133084248,0.7064956982952357,1.1690459478701372,0.668523795876186,0.0,1.3125577502570531,0.0,0.7182532988835204,-1.1434097200480997,2.581826711409719,-0.2576463106872342,0.502149500799995,-7.12130041498607,0.3376886823932318,-0.0972234851106039,0.4118583924694922,0.0,0.0,0.0,0.0,0.0,0.0,0.0,-0.3102133804178297,0.0,0.0,-2.3680181530584288,0.0,0.0,-1.9347130123813403,0.0,-1.0957795662720335,0.0,-5.838384408320016,0.0,0.0,1.2260191361376722,0.0,0.0,0.0,1.867457686242855,0.0,3.2902303224923344,1.976223140655831,0.0,0.0,0.0,0.4306181116146236,0.0,0.0,0.0,0.0,0.0,0.0
SAMD00165009,1,1,1,0,1,1,0,1,1,0,1,0,0,1,0,0,1,1,0,1,0,1,0,1,1,0,0,1,1,0,0,1,0,1,0,1,0,1,0,1,1,0,1,0,1,1,1,0,0,1,0,0,0,0,0,1,1,0,0,0,0,0,1,0,0,1,1,0,0,0,1,0,0,1,0,0,1,0,0,1,0,1,0,1,0,0,1,0,0,0,0,1,1,1,0,0,0,0,0,0,0,0,0,0,0,0,0,2.7077020546095745,-2.111321187320038,0.0816664094106205,0.0,0.4062636891657986,-0.407638057908569,0.0,5.311635121380621,-0.5396276967077613,0.0,0.3857297991550673,0.0,0.0,-2.6018642772580822,0.0,0.0,-0.5292911190796841,-1.273840997232803,0.0,-3.5034869290646053,0.0,1.0598011896610862,0.0,0.3195761406903434,1.6494642230404748,0.0,0.0,-0.0965600963099984,-0.3112585169565662,0.0,0.0,1.520083614745669,0.0,-1.262617791933453,0.0,-0.4203106454963092,0.0,0.2588827628531581,0.0,-0.0566653972139621,0.8667331294436739,0.0,-1.6954439142016364,0.0,-1.4023341824478102,-0.4166385808545629,2.7647228252647293,0.0,0.0,-0.393976774686102,0.0,0.0,0.0,0.0,0.0,2.960962945891332,1.0436276022906312,0.0,0.0,0.0,0.0,0.0,0.9411148109458918,0.0,0.0,-4.693989129132242,0.2658963354251941,0.0,0.0,0.0,1.646494368885216,0.0,0.0,0.0813100408029232,0.0,0.0,-0.0925936640814537,0.0,0.0,0.8772272815883477,0.0,1.3436632721771231,0.0,-4.8540256411367615,0.0,0.0,-0.3500465299308959,0.0,0.0,0.0,0.0,-0.0711243079892569,-1.007312804351819,1.5994106238668984,0.0,0.0,0.0,0.0,0.0,0.0,0.0,0.0,0.0,0.0,0.0,0.0,0.0
SAMD00165010,1,1,1,0,1,1,0,1,1,0,1,1,0,1,1,1,1,1,1,1,0,0,1,1,1,0,1,1,1,0,1,1,0,1,0,1,1,1,0,1,1,1,0,0,1,0,0,1,0,0,0,1,0,0,1,1,0,1,0,0,0,1,1,0,1,1,1,0,1,0,0,0,1,0,0,0,1,0,0,1,1,1,0,0,1,1,1,0,1,1,1,0,1,1,0,0,0,1,1,1,0,0,0,0,0,0,0,2.3465522008392323,-3.589899965647293,1.299867830581197,0.0,0.9378917007683256,-0.2547093501178012,0.0,4.814229110935127,1.735158109125649,0.0,0.3048081367870199,-0.1190944071156001,0.0,-1.0556409806728575,2.65152409333031,3.412740867791441,-1.1446864970223936,-3.318042934339909,-0.8099910803617529,-3.822752331088464,0.0,0.0,-1.7379896061953477,1.142477308819879,0.3368609226238128,0.0,1.62499203269019,0.3760987236809336,-0.6557690387372888,0.0,1.4163348931402744,0.9716766752545508,0.0,0.2883547459259372,0.0,1.093468046292489,-1.7463642268955182,-0.0694772776351557,0.0,-2.7635233704207294,-4.600696048308485,1.2231742441356237,0.0,0.0,-2.929488932485619,0.0,0.0,0.9823843113128408,0.0,0.0,0.0,-2.016197702943661,0.0,0.0,2.05783175088652,4.130558156838777,0.0,1.0551100902224224,0.0,0.0,0.0,-3.3143687109780244,-3.2121917415377923,0.0,0.9203754131945032,-3.752134763874511,-0.7200449923050125,0.0,-2.3791866447075143,0.0,0.0,0.0,1.017072138583679,0.0,0.0,0.0,-0.9652080359889466,0.0,0.0,1.0552029306761694,2.372304084158195,-1.0027778372682443,0.0,0.0,1.5241035225873985,0.5476727117769906,-2.4354422258487376,0.0,-2.996582017127136,4.096613467803895,1.8736520436955817,0.0,-2.646602032361827,0.6991908822893765,0.0,0.0,0.0,2.2661173912141663,3.221206073137984,0.2632581408851464,0.0,0.0,0.0,0.0,0.0,0.0,0.0
SAMD00165012,1,1,1,1,1,1,1,1,1,0,1,1,1,1,1,1,1,1,1,1,1,0,1,1,1,0,1,1,1,0,1,1,0,1,1,0,1,1,1,1,1,1,1,1,1,1,1,1,0,1,1,1,0,1,1,0,1,1,1,1,0,1,0,0,1,1,1,1,1,1,0,1,0,0,0,0,0,0,1,0,1,0,1,0,0,0,1,0,0,1,1,0,1,1,0,1,0,1,0,0,0,0,0,0,0,0,0,3.550289772012094,1.248251510069103,2.9007716622948427,2.230788368907561,3.079316453856087,1.4435835868210452,2.245053063062473,2.1718947988944333,2.4420531282868083,0.0,2.6236600199395923,1.853233328226164,2.961095752325804,1.1526882252067494,-0.7824196919526405,1.0370274793485277,-0.1285132581356292,-0.5413411110738617,2.120422675911553,-0.3823670904317022,3.3807374249994875,0.0,0.241729268420515,1.6556283577122866,2.347385876618993,0.0,1.2551406724619845,3.4413727418903366,0.3004884040916955,0.0,-1.860296860802828,-2.05044884838802,0.0,0.1765850664582127,2.424248364480609,0.0,-1.527827157437445,-2.339417221912621,-1.396474918447085,0.1290178800319459,-2.3066912784853524,2.248649107660507,-1.2812144715823877,1.8403053709135315,-2.283579812227785,-2.475384393349276,1.3266697933348497,-2.926332979036325,0.0,2.5584698652311544,2.232423457695708,-3.4072218489617305,0.0,2.8272950426217043,1.048490927630852,0.0,-0.7925712116572856,-0.5640286513406565,1.274044949351998,-2.751637769977434,0.0,-1.9093077998931247,0.0,0.0,-0.3906822122217526,-3.095915510052849,0.1645799658066256,-2.974482322933907,-3.0079200885612347,-5.020121969124302,0.0,-2.1978489051268792,0.0,0.0,0.0,0.0,0.0,0.0,-3.939002837903709,0.0,-3.5064567711928745,0.0,1.4114138706372257,0.0,0.0,0.0,-2.5675235625689594,0.0,0.0,-1.4596672331651646,-1.097061831649215,0.0,-4.179452136315511,0.2676778537126429,0.0,2.1877079296902986,0.0,-2.6569802607064483,0.0,0.0,0.0,0.0,0.0,0.0,0.0,0.0,0.0
SAMD00165015,1,1,1,0,1,1,0,0,0,0,1,0,0,1,0,1,1,1,0,1,0,0,1,0,1,0,0,1,1,1,0,1,0,0,1,0,1,1,0,0,1,1,0,1,1,1,1,1,1,1,0,1,0,0,1,1,0,0,0,1,1,1,1,0,1,1,1,0,1,0,0,1,0,1,1,0,0,1,0,1,0,1,1,0,0,0,1,0,1,0,0,0,1,1,0,1,0,0,0,0,0,0,0,0,0,0,0,3.768247742044837,2.308193379326383,0.0831837543967122,0.0,0.132478193183672,0.2223725341574499,0.0,0.0,0.0,0.0,1.9988340302929035,0.0,0.0,-3.5586607510122503,0.0,3.464384315749066,-1.5090365643848107,-3.027825152954141,0.0,-1.8080823954869067,0.0,0.0,-6.31608883302135,0.0,-0.4723297315752546,0.0,0.0,0.7402620423031425,-0.9407246951300944,0.7997640390697252,0.0,1.7167343210237034,0.0,0.0,2.07739965756978,0.0,1.018047093680904,0.6304062742767171,0.0,0.0,1.4583155401536936,2.4731142614523725,0.0,1.9236952636767315,-0.0093743346197483,1.4922342173697054,2.2589364136002907,-1.3939474958749474,3.5829071660924194,0.8483593881839212,0.0,-2.23166991059922,0.0,0.0,1.897368179710499,3.947363339124749,0.0,0.0,0.0,-3.105394533894452,0.4810658877804213,-3.1280541136757245,2.5534759822452617,0.0,2.523179806001796,-0.4040383332105637,0.9064501511017824,0.0,-0.3626050274086128,0.0,0.0,-3.638116087156418,0.0,-4.824433956243634,-6.279721188850475,0.0,0.0,-3.736994968173649,0.0,1.6133843579373113,0.0,-0.9204431225127518,1.308475898194053,0.0,0.0,0.0,-2.146842962626132,0.0,0.3443677533333787,0.0,0.0,0.0,-2.861994505237109,1.195972293353888,0.0,2.9074053872609644,0.0,0.0,0.0,0.0,0.0,0.0,0.0,0.0,0.0,0.0,0.0
SAMD00165016,1,1,0,1,1,1,1,1,0,0,1,0,0,1,0,1,1,0,1,0,0,0,0,0,1,0,1,1,1,1,1,1,0,0,0,0,1,1,0,1,0,0,0,0,1,0,1,1,0,1,0,0,1,0,1,0,0,0,0,0,0,0,0,0,1,1,1,0,1,1,0,0,0,1,1,0,0,0,0,0,1,0,0,0,0,0,1,0,0,0,1,0,1,0,0,0,0,1,0,1,0,0,0,1,0,0,0,1.1177559754647213,-3.3319232310751805,0.0,1.931400107974792,1.936191844919381,3.005045954649529,3.548488916690731,1.4054608350053388,0.0,0.0,1.6856522357279615,0.0,0.0,-0.927077350097666,0.0,2.8835401581785174,-0.6666776754459663,0.0,0.7097506522780314,0.0,0.0,0.0,0.0,0.0,0.8854531343154897,0.0,1.827672505707682,-0.8403203687729405,1.3666520228813457,-1.203681204722685,-0.1000075252942941,-0.2257264542861289,0.0,0.0,0.0,0.0,-0.8621940304620542,0.8050137557966112,0.0,0.4808085554468005,0.0,0.0,0.0,0.0,-0.0933212753728761,0.0,-0.3477661447999887,2.215692855400462,0.0,0.5624768244495226,0.0,0.0,-2.553047825556359,0.0,1.0382486271496938,0.0,0.0,0.0,0.0,0.0,0.0,0.0,0.0,0.0,1.633639729903563,-1.2235901383038854,-0.1071523756943567,0.0,-0.834381811628719,-0.4968757252514217,0.0,0.0,0.0,-3.5734400026460094,-1.123110705645452,0.0,0.0,0.0,0.0,0.0,-0.0853799550756972,0.0,0.0,0.0,0.0,0.0,-1.8260654041194704,0.0,0.0,0.0,-1.229238528753379,0.0,-2.726378688682144,0.0,0.0,0.0,0.0,0.4556397507181516,0.0,0.4490101316493052,0.0,0.0,0.0,-5.566238152620957,0.0,0.0,0.0
SAMD00165017,1,1,0,0,1,1,0,1,1,1,0,0,1,1,0,1,1,1,1,1,0,0,1,1,1,0,0,1,1,0,1,1,0,1,0,0,1,1,1,1,1,1,1,1,1,1,1,0,1,1,1,1,0,1,0,1,0,0,0,1,1,1,1,1,1,1,1,1,1,0,1,1,0,0,1,1,1,1,0,0,0,1,0,0,0,0,1,0,0,1,0,1,1,0,0,0,0,0,0,1,0,0,1,1,0,0,0,2.760728623030843,-0.5008267520835077,0.0,0.0,0.6438858837514203,0.7480458749544405,0.0,3.328357046517164,0.2307601003387041,1.1002170538493463,0.0,0.0,2.5027973756313946,-2.522806032452487,0.0,4.826171510921821,-1.2032475694287823,-0.1039453876667348,-0.059103895952719,-0.90937352672908,0.0,0.0,-0.1282027501645855,1.512125649288853,1.333408045010382,0.0,0.0,-1.163336963181563,-0.3583186766878141,0.0,2.0327140328793507,2.1326411149758413,0.0,1.0043137071718622,0.0,0.0,-0.7714472276801401,-0.0876422277336748,0.901408255208076,-0.5362325291456849,-2.874237897646166,2.8748394888836533,-1.3976500896515482,1.6471018351692217,-1.97833712147506,-1.1979133057262807,3.372794760094636,0.0,3.592885131407128,2.1517288087106987,2.544684207879784,-4.891437130448781,0.0,1.3150414611721648,0.0,3.370506016525723,0.0,0.0,0.0,0.5395103606347156,-2.969456338539368,-2.3452299547969844,1.3513226876684854,-1.7434278524837874,2.007993943097167,-1.4749548612728287,0.8051470849976758,-4.985368950282984,-1.6520827742370392,0.0,-4.001702815936058,-2.117556140098946,0.0,0.0,0.0027418337345943,-0.7566568552000674,-0.3483624751195344,0.8737972099701072,0.0,0.0,0.0,1.0088569323416223,0.0,0.0,0.0,0.0,-3.2063161323240443,0.0,0.0,-0.3468226031378949,0.0,-3.1065981040652995,-1.320254508810277,0.0,0.0,0.0,0.0,0.0,0.0,-0.011460511892156,0.0,0.0,0.0981036677655378,-1.544319741530538,0.0,0.0,0.0
SAMD00165019,1,1,1,1,1,1,0,1,0,0,1,0,0,0,0,1,1,1,1,0,0,1,0,1,0,0,1,1,1,1,1,1,1,0,1,1,0,1,1,1,1,1,0,1,1,0,0,0,0,0,0,1,0,0,1,1,0,1,0,1,1,0,1,0,1,1,1,0,1,0,0,1,0,0,0,0,0,0,0,1,1,1,0,0,1,0,1,0,0,0,1,0,0,0,0,0,0,0,0,0,0,0,0,0,0,0,0,1.5228853958244573,-2.862270435328816,-0.1150181828381677,0.945079186903212,1.4817996067963253,2.9882083039739187,0.0,0.9562253704376,0.0,0.0,0.6064971663508198,0.0,0.0,0.0,0.0,3.9716953181587953,-5.20874505649329,-1.381675402065777,-0.8859478671572136,0.0,0.0,-0.267673138796294,0.0,-0.6590393496996088,0.0,0.0,-1.5842520438268752,-0.1412527599817346,-1.2033494540412408,-0.0278376963263942,0.8029413992687763,1.2184261019033364,-1.1011177457116137,0.0,2.370687112210176,-3.2140706094627247,0.0,0.0927232342113386,-0.7554594253841813,-1.3970256659339977,0.2408399677855308,2.4961816651005684,0.0,1.500025894761047,1.5609973199934926,0.0,0.0,0.0,0.0,0.0,0.0,-4.303926725781373,0.0,0.0,1.3636332033884062,3.3763810785983863,0.0,2.086951322006339,0.0,-2.570502833566281,2.460512301746109,0.0,0.4148880296829981,0.0,1.6793621840036568,0.347319321275518,-0.1761721856776458,0.0,0.0038528738155491,0.0,0.0,-1.4219663126450457,0.0,0.0,0.0,0.0,0.0,0.0,0.0,0.7401830202494448,-1.0170759832629022,0.1066873657444215,0.0,0.0,-1.291412975265378,0.0,-3.659646635426514,0.0,0.0,0.0,-0.0895452595171502,0.0,0.0,0.0,0.0,0.0,0.0,0.0,0.0,0.0,0.0,0.0,0.0,0.0,0.0,0.0,0.0
SAMD00165020,1,1,0,0,0,0,0,0,0,0,1,0,0,0,0,0,1,0,0,1,0,0,0,1,1,0,0,1,0,0,0,0,0,0,0,0,1,1,0,1,0,1,0,1,0,0,1,1,0,0,0,0,1,0,0,0,1,0,0,1,0,0,1,0,0,1,0,0,0,1,0,0,0,1,1,0,0,0,0,0,1,0,0,1,0,0,0,0,0,0,0,1,1,0,0,0,0,0,0,0,0,1,0,0,0,0,0,3.0737429704408554,-2.2684277795224563,0.0,0.0,0.0,0.0,0.0,0.0,0.0,0.0,2.7937066219331443,0.0,0.0,0.0,0.0,0.0,1.1679117801836565,0.0,0.0,-5.380837505425081,0.0,0.0,0.0,2.332492977438295,-1.1565476229488496,0.0,0.0,0.4230152732685382,0.0,0.0,0.0,0.0,0.0,0.0,0.0,0.0,0.3648713260944284,1.7637004839063692,0.0,-1.4308695684328114,0.0,4.168176703128123,0.0,2.965752165377856,0.0,0.0,2.598558150505902,1.6926850127400723,0.0,0.0,0.0,0.0,-3.7103200860252006,0.0,0.0,0.0,2.593657314156494,0.0,0.0,-1.1963021568966128,0.0,0.0,-2.073809150142352,0.0,0.0,0.3214336989237626,0.0,0.0,0.0,-1.1634444818015623,0.0,0.0,0.0,-2.9178074553323894,-2.3297593866907085,0.0,0.0,0.0,0.0,0.0,2.3394207241398948,0.0,0.0,0.0733732992859608,0.0,0.0,0.0,0.0,0.0,0.0,0.0,-1.5215627633593312,-2.88039833687746,0.0,0.0,0.0,0.0,0.0,0.0,0.0,0.0,-0.6424122080685412,0.0,0.0,0.0,0.0,0.0
SAMD00165023,1,1,1,0,1,1,0,0,1,0,1,0,0,1,0,0,1,1,1,1,0,0,1,1,1,0,1,1,1,1,1,1,1,1,0,0,0,1,0,1,0,0,1,0,0,1,0,1,0,1,0,1,0,0,0,1,0,0,0,0,0,1,1,0,0,0,0,0,0,0,0,0,0,1,1,0,0,0,0,1,0,1,0,1,1,1,1,1,0,0,0,0,1,0,0,0,0,0,0,0,0,0,0,0,1,1,1,1.8730646464863283,2.3187995670442483,0.6518745737796633,0.0,0.378907742615434,-0.0939705099794304,0.0,0.0,0.8694449617308555,0.0,0.8536919934523708,0.0,0.0,-1.3979466366307125,0.0,0.0,0.4566210503028125,-0.9541475515280516,1.1457103594680813,2.1207189864468967,0.0,0.0,-0.8583017694957373,0.4049689934857985,0.684085852193722,0.0,2.145113969961653,0.2476951347008975,0.4184108120819046,1.4560794062610625,1.5190164833819388,3.047911627616413,-0.8929435684478002,-0.5905909467719179,0.0,0.0,0.0,0.6132567519960407,0.0,-1.709804930928851,0.0,0.0,1.0194785097458776,0.0,0.0,0.2252235083628305,0.0,0.876284859416901,0.0,1.0109913276013391,0.0,-1.540109439414001,0.0,0.0,0.0,3.350098078417811,0.0,0.0,0.0,0.0,0.0,-0.1711196160007824,0.8561606119487717,0.0,0.0,0.0,0.0,0.0,0.0,0.0,0.0,0.0,0.0,-2.4915232453332066,-6.485963758740755,0.0,0.0,0.0,0.0,-3.007875484306289,0.0,2.38928047481118,0.0,-7.466793011752482,-1.7491674030040825,0.9693741604149866,-3.948486221943417,0.9687101563145252,0.0,0.0,0.0,0.0,-1.689422180438791,0.0,0.0,0.0,0.0,0.0,0.0,0.0,0.0,0.0,0.0,0.0,1.4360541755912597,1.8261657689086064,-1.0850282698238969
SAMD00165024,0,1,1,0,1,1,0,1,1,0,0,1,1,0,0,1,1,0,0,1,0,1,0,0,1,0,1,1,1,1,1,1,1,0,0,0,1,1,0,1,1,1,1,0,0,1,0,1,0,0,0,0,0,0,1,0,0,1,0,0,0,0,0,0,1,1,1,0,0,0,0,1,0,0,1,0,1,0,1,1,0,1,0,1,0,0,1,1,0,0,0,0,1,1,0,0,0,0,0,1,0,0,0,0,0,0,0,0.0,1.441430365768564,1.1031621553184825,0.0,-0.1470065310397326,0.3146166139495352,0.0,4.147503002054675,0.1659868497911891,0.0,0.0,0.0584778512010666,1.4071455402970858,0.0,0.0,4.902834810374202,-1.609689717674621,0.0,0.0,-1.8833423126027216,0.0,-0.1966810295451544,0.0,0.0,0.8435918202785957,0.0,2.6280723286652927,-3.491600283896973,0.0287418892492417,3.0292327032864126,2.376443312450297,1.275450066301023,0.1364758030633244,0.0,0.0,0.0,-1.5492341432763892,-0.7026369267854022,0.0,-1.3134239015314484,-0.1968121856867286,1.1836612266612956,-4.131922325075307,0.0,0.0,-0.7451461036584783,0.0,1.1046267289786182,0.0,0.0,0.0,0.0,0.0,0.0,1.7235020923160058,0.0,0.0,-0.106690488118692,0.0,0.0,0.0,0.0,0.0,0.0,3.168490065045171,-2.206025755574625,-0.8306318015281748,0.0,0.0,0.0,0.0,-3.20185665866087,0.0,0.0,-2.75914168312214,0.0,-1.8173290824528647,0.0,-2.0817068669448027,-0.4838532137970841,0.0,-0.9966226616759544,0.0,-4.459929374144468,0.0,0.0,-0.7863054476554945,0.1316708947062239,0.0,0.0,0.0,0.0,0.5497945316787515,3.738614414836938,0.0,0.0,0.0,0.0,0.0,0.2380634281761464,0.0,0.0,0.0,0.0,0.0,0.0,0.0
SAMD00165026,1,1,0,0,0,0,1,1,0,0,0,0,0,1,0,1,1,0,0,1,0,0,1,1,0,0,0,0,1,1,1,1,1,0,0,0,0,1,1,0,1,1,0,1,1,0,0,1,0,0,0,0,1,0,0,1,1,0,0,1,1,0,0,1,1,1,1,1,1,1,0,0,0,0,1,0,1,1,0,1,1,0,0,0,1,1,1,0,0,1,0,0,1,0,0,0,0,0,0,1,0,0,1,0,1,1,1,2.489597937284609,-3.814736109970004,0.0,0.0,0.0,0.0,3.2885765674230973,2.666038955314674,0.0,0.0,0.0,0.0,0.0,-1.1949170672266276,0.0,3.7979081285937615,-3.5964545730956146,0.0,0.0,-5.049124003160378,0.0,0.0,-4.580346615637886,-1.4250445422733566,0.0,0.0,0.0,0.0,-6.272899434782493,0.0445359734391688,-0.9545343729306786,2.5234899254352268,-0.4171591590916836,0.0,0.0,0.0,0.0,0.1529955348377659,0.4337998893494387,0.0,-1.6035032764951307,2.784105202985804,0.0,3.485672166262474,0.3336831815653636,0.0,0.0,-0.4069508706470139,0.0,0.0,0.0,0.0,-1.0195794341651925,0.0,0.0,3.0272770707991223,2.9624148110394133,0.0,0.0,-1.0658753266808474,2.570395740913767,0.0,0.0,1.2131999196964571,0.6025048139819841,-0.2693004750185104,0.3931875986848099,0.3431657503503239,-0.9049782722887496,0.6518768285339466,0.0,0.0,0.0,0.0,-0.027051100624245,0.0,0.8821455173419317,-1.608517389162556,0.0,3.138453392431133,2.01472544400272,0.0,0.0,0.0,1.2321802135822515,-2.2001758186633564,-0.4539546394962055,0.0,0.0,2.3093071649945265,0.0,0.0,-0.7610848939720523,0.0,0.0,0.0,0.0,0.0,0.0,-1.8763947809279584,0.0,0.0,2.45531074415004,0.0,-2.008577713816594,-1.1494316101897102,-3.1359569926769786
SAMD00165027,1,1,1,0,0,1,0,1,1,0,1,1,0,1,0,1,1,1,1,1,0,0,0,0,1,0,0,1,1,0,1,1,1,0,1,0,0,1,1,0,0,0,1,0,1,1,0,1,0,0,0,1,1,0,0,0,0,0,0,0,1,1,1,0,1,1,1,0,0,1,1,0,0,0,1,0,0,0,0,1,1,1,0,0,1,1,1,0,0,0,0,0,1,0,0,0,0,0,0,1,1,0,0,0,0,0,0,3.9109417798387742,-2.502946749374045,1.1783900445487232,0.0,0.0,1.34962951169614,0.0,4.641568967921403,-5.853994347350729,0.0,1.210978332829451,1.5197210708918103,0.0,-1.93936604301082,0.0,1.4701444769449077,0.4801344066263869,-1.2044952796872874,-0.0867608992443556,-2.815702459377942,0.0,0.0,0.0,0.0,0.4534505187812691,0.0,0.0,0.1757236810785563,1.155826895774587,0.0,3.103902387599692,2.7078209134943645,-1.047659516767203,0.0,0.1047954065499863,0.0,0.0,0.9614668509976072,1.0937860870205414,0.0,0.0,0.0,-0.3218085385897051,0.0,-1.180150181295861,1.598313526617408,0.0,1.0188881438408977,0.0,0.0,0.0,-4.3868215075099055,-2.349939580248866,0.0,0.0,0.0,0.0,0.0,0.0,0.0,-3.1459441462485183,-2.773381588733951,0.5613694231601524,0.0,2.197367368833773,-3.6861836552208014,-0.4432221243779342,0.0,0.0,-0.1484380844685873,-2.364096195271922,0.0,0.0,0.0,-0.1248831952040938,0.0,0.0,0.0,0.0,2.1578293231556107,3.144560282852731,0.638047839680167,0.0,0.0,1.5465598285170516,-1.9737761427926488,-1.3991416176773128,0.0,0.0,0.0,0.0,0.0,-1.9586310871637584,0.0,0.0,0.0,0.0,0.0,0.0,1.4205153414341416,1.9056105289301144,0.0,0.0,0.0,0.0,0.0,0.0
SAMD00165028,0,1,0,0,0,1,0,0,0,0,0,0,0,0,0,0,0,1,0,0,0,0,0,0,0,0,0,0,0,0,0,0,0,0,0,0,0,1,0,0,0,0,0,0,0,0,0,0,0,0,0,0,0,0,0,0,0,0,0,0,0,0,0,0,0,0,0,0,0,0,0,0,0,0,0,0,0,1,0,0,0,0,0,0,0,0,1,0,0,0,0,0,0,0,0,0,0,0,0,0,0,1,0,0,0,0,0,0.0,-1.823090711737486,0.0,0.0,0.0,3.002476140950096,0.0,0.0,0.0,0.0,0.0,0.0,0.0,0.0,0.0,0.0,0.0,1.083113250762474,0.0,0.0,0.0,0.0,0.0,0.0,0.0,0.0,0.0,0.0,0.0,0.0,0.0,0.0,0.0,0.0,0.0,0.0,0.0,2.613721822412162,0.0,0.0,0.0,0.0,0.0,0.0,0.0,0.0,0.0,0.0,0.0,0.0,0.0,0.0,0.0,0.0,0.0,0.0,0.0,0.0,0.0,0.0,0.0,0.0,0.0,0.0,0.0,0.0,0.0,0.0,0.0,0.0,0.0,0.0,0.0,0.0,0.0,0.0,0.0,-4.226792955035543,0.0,0.0,0.0,0.0,0.0,0.0,0.0,0.0,-2.657526207290718,0.0,0.0,0.0,0.0,0.0,0.0,0.0,0.0,0.0,0.0,0.0,0.0,0.0,0.0,2.0080986599390145,0.0,0.0,0.0,0.0,0.0
SAMD00165031,1,1,1,0,0,1,0,0,1,0,0,0,0,0,0,0,1,0,0,1,0,0,1,0,0,0,0,0,1,0,1,0,0,0,0,0,1,1,1,0,0,1,1,1,0,1,0,1,0,1,0,1,1,0,0,0,0,0,0,0,0,1,1,0,0,1,0,1,1,1,1,0,0,0,1,0,0,0,0,1,0,0,0,1,0,0,0,0,0,0,0,0,1,1,0,0,0,0,0,1,0,0,0,0,0,0,0,1.1942996473488838,0.953190733809236,1.655030587675001,0.0,0.0,1.7108455530306004,0.0,0.0,1.9441955008358789,0.0,0.0,0.0,0.0,0.0,0.0,0.0,1.2539578194199337,0.0,0.0,0.3101472655872278,0.0,0.0,-0.3800736197841423,0.0,0.0,0.0,0.0,0.0,0.830706357763422,0.0,2.0553600565513133,0.0,0.0,0.0,0.0,0.0,-2.001946524321601,1.1980893501525858,-0.3117223726267834,0.0,0.0,1.601668278137647,-3.838269283088811,1.6946853105838422,0.0,-3.269576277002272,0.0,2.7301213957195865,0.0,1.8436045001793464,0.0,-1.3134645602586108,-4.224011654184848,0.0,0.0,0.0,0.0,0.0,0.0,0.0,0.0,-0.332218531094944,-2.6437571151403025,0.0,0.0,-1.6393359908931833,0.0,-2.6289238840658298,-0.5101635708853195,-0.206837209547708,0.8925059900956368,0.0,0.0,0.0,-0.2205353099148067,0.0,0.0,0.0,0.0,0.8192201533851419,0.0,0.0,0.0,-1.284596134197395,0.0,0.0,0.0,0.0,0.0,0.0,0.0,0.0,-0.6497266661671504,1.8893965171219416,0.0,0.0,0.0,0.0,0.0,0.878133685776483,0.0,0.0,0.0,0.0,0.0,0.0,0.0
SAMD00165033,0,1,0,0,0,1,0,1,1,0,0,0,0,0,0,0,0,0,0,0,0,0,0,0,0,0,0,0,0,0,0,1,1,0,0,0,0,1,0,0,0,0,0,0,0,1,0,1,0,0,0,0,1,0,0,0,0,0,0,0,0,0,0,0,1,0,0,0,0,1,1,0,0,0,1,0,0,0,0,0,0,0,0,0,0,0,0,0,0,0,0,0,0,0,0,0,0,0,0,0,0,0,0,0,0,0,0,0.0,-5.5088859375865695,0.0,0.0,0.0,2.91423171635474,0.0,2.976528400475831,-0.7935375380432482,0.0,0.0,0.0,0.0,0.0,0.0,0.0,0.0,0.0,0.0,0.0,0.0,0.0,0.0,0.0,0.0,0.0,0.0,0.0,0.0,0.0,0.0,2.151914917976527,-1.2865825558518873,0.0,0.0,0.0,0.0,-1.0606383220839364,0.0,0.0,0.0,0.0,0.0,0.0,0.0,2.448502826658782,0.0,2.2977926229419725,0.0,0.0,0.0,0.0,-5.176799672908611,0.0,0.0,0.0,0.0,0.0,0.0,0.0,0.0,0.0,0.0,0.0,1.1601205231497422,0.0,0.0,0.0,0.0,-1.895782231722365,1.2047001977655778,0.0,0.0,0.0,0.5684350528734453,0.0,0.0,0.0,0.0,0.0,0.0,0.0,0.0,0.0,0.0,0.0,0.0,0.0,0.0,0.0,0.0,0.0,0.0,0.0,0.0,0.0,0.0,0.0,0.0,0.0,0.0,0.0,0.0,0.0,0.0,0.0,0.0
SZAXPI003411-6,1,1,1,1,1,1,1,1,1,0,1,1,1,1,0,1,1,1,1,1,1,0,1,0,1,1,1,1,1,1,1,1,0,0,1,0,0,1,1,1,0,1,0,1,1,0,1,1,1,1,0,1,1,1,1,0,1,1,1,0,0,1,0,0,1,1,1,1,1,1,1,1,0,1,1,1,0,1,1,1,1,1,0,0,0,0,0,0,0,0,1,0,1,1,1,1,1,0,1,1,0,0,1,1,0,0,0,2.0518151697700806,1.0731076374913402,1.8223685449784064,-5.234437697661261,4.818275415987641,3.5781160467912647,-0.7496208119171377,0.616840709969835,3.20191723161665,0.0,1.9850736081345297,-2.477597332389619,-0.3500137147030222,2.306458810255654,0.0,0.2791350473519789,0.1187736159942254,0.7898310730876783,2.3293468363192424,-0.4075535531685545,0.9934038793216406,0.0,-0.2851713499412978,0.0,0.3455616337840776,0.1123296391423975,-1.680621421000334,1.8031860235261088,0.1079819915286006,-0.9607522067833436,-0.3479898322068844,-0.6021388442849172,0.0,0.0,5.509547349179082,0.0,0.0,-2.9211953101932275,-0.6119188733385568,1.9933026069417763,0.0,-0.3544807272071217,0.0,-2.9663701095499286,-0.8959805038795299,0.0,-2.543194614875432,-1.4089067235865589,-1.6163064813192096,1.6029334363391854,0.0,-4.915983966542727,-1.6158274393938812,4.454664711484543,2.136793253313498,0.0,-3.738328470534164,-0.5401452688910529,5.3065578451414055,0.0,0.0,-4.92905604811008,0.0,0.0,1.2857888643747115,0.9810985413337524,-2.1425838852320664,0.8869188148831064,-0.3512300132515102,-0.2493644416152305,1.1654934010942948,-2.231587956338406,0.0,-0.1348979782527104,-1.6235197850170366,2.660838679622174,0.0,-2.1177528136896075,-2.366133033793776,3.0370147890913666,-1.1326802030500351,0.1000910508493473,0.0,0.0,0.0,0.0,0.0,0.0,0.0,0.0,-0.4736383335266718,0.0,-4.095003414472896,-0.7091614208939356,-0.3597857794368146,0.6472916996498479,2.8062335233506297,0.0,0.6335973219602882,-4.903080561706819,0.0,0.0,-1.4365436977108876,2.938865815805901,0.0,0.0,0.0
SZAXPI003413-4,1,1,1,1,1,1,0,1,1,1,1,1,1,1,0,1,1,1,1,0,0,1,1,1,1,0,1,1,0,1,1,1,0,1,1,0,1,1,1,1,1,1,0,1,1,1,1,1,0,1,0,1,1,1,1,1,1,1,0,1,1,1,1,1,1,1,0,1,1,1,1,1,0,1,1,0,1,1,1,1,0,1,0,0,0,0,0,0,0,1,0,0,1,1,0,1,0,0,1,1,0,0,1,1,1,1,1,2.2933008357058355,-1.6109870584790322,0.0069710655734529,0.6281767225441914,1.3493150614738556,1.5228052854507297,0.0,3.249011254511597,0.4348918899575373,-1.7345668977557522,0.5395734421401461,-1.9228720910206547,-0.2770328024833424,-1.67569845540578,0.0,2.655580706628724,-1.6361497469655986,-1.0280618986632588,-2.602533285895124,0.0,0.0,1.282465036254833,0.1741240266708199,-1.5853883910630409,-0.7500464216880423,0.0,1.5276494101680904,0.8715940717514213,0.0,-0.1760877583932152,1.4780300876873274,0.3628658612444535,0.0,-1.7039878930460397,4.000008770985211,0.0,-1.988434355209404,-2.860191112460392,0.6385974198634339,-0.7922129145378662,-0.308899023421163,2.810152245482216,0.0,1.5766273054206557,1.1202579120382437,-3.680966163964373,4.211242785038356,-1.3642687905156343,0.0,-2.2882710982525305,0.0,-2.940987683720328,-0.3523149259220126,1.6039050424058652,0.7872224573889364,-2.0860162593452864,2.025762878535853,-0.6241259043695997,0.0,-2.8232046480639443,-0.4468643788274038,-4.408960075854486,-0.1561176601997569,1.8660022699138543,1.4074014786722353,0.1782844436481379,0.0,1.4488920216458698,0.9224387662459907,-3.025328832154079,-0.1428896889836195,0.4350873906493946,0.0,-1.3505194122785158,-3.580067643009998,0.0,-0.8324594037386583,3.914910846670113,1.2381394663956673,1.872132786842693,0.0,1.7337710568667446,0.0,0.0,0.0,0.0,0.0,0.0,0.0,-1.75556828729014,0.0,0.0,-1.444747746181961,3.3544682280550804,0.0,2.963919928578078,0.0,0.0,-2.6800069802558832,1.8543976590668647,0.0,0.0,1.3679014730271275,0.5761997934236757,0.217089893148173,-1.6209762837791588,-2.2433571045764067
SZAXPI003416-4,1,1,0,1,0,0,0,1,0,0,0,0,0,0,0,1,0,0,0,0,0,0,1,1,0,0,0,0,0,1,1,1,0,0,0,0,0,1,0,1,0,0,0,0,1,1,1,1,0,0,0,0,1,1,0,1,0,0,0,0,0,0,0,0,1,1,0,0,0,1,1,0,0,1,1,0,0,1,0,1,1,1,0,0,0,0,0,0,0,1,0,0,1,1,0,0,0,0,1,1,1,0,0,1,0,1,0,-4.149634233916075,-2.167899358342616,0.0,0.4757556805212719,0.0,0.0,0.0,5.564386722248565,0.0,0.0,0.0,0.0,0.0,0.0,0.0,4.957123395049546,0.0,0.0,0.0,0.0,0.0,0.0,-0.2516094573490144,1.2474046374707126,0.0,0.0,0.0,0.0,0.0,-0.9607059393166382,-3.677859125021957,2.860895240355436,0.0,0.0,0.0,0.0,0.0,2.943658465611889,0.0,-5.879518299426042,0.0,0.0,0.0,0.0,0.8691005582161777,-0.9516850720909238,-3.727756096166579,3.815795591774701,0.0,0.0,0.0,0.0,-0.6396778626369812,-2.7148874894102373,0.0,-1.9539869439731032,0.0,0.0,0.0,0.0,0.0,0.0,0.0,0.0,3.611446296884343,-0.0145244163720086,0.0,0.0,0.0,0.9813969127102772,1.8506740703581896,0.0,0.0,0.3959967338996715,1.6213870136235382,0.0,0.0,-3.8998970930284167,0.0,5.446673650359443,4.963796807955824,4.629068519661469,0.0,0.0,0.0,0.0,0.0,0.0,0.0,-3.933608150370728,0.0,0.0,-0.528039384763773,-3.709322394477742,0.0,0.0,0.0,0.0,-2.4663923468986124,2.0786809106929494,-3.8780382992159175,0.0,0.0,0.9289027139681718,0.0,-3.737101958584817,0.0
SZAXPI003418-8,1,1,1,1,1,0,1,1,1,1,1,1,0,1,1,1,1,1,1,1,0,0,1,1,1,0,0,1,1,1,1,1,0,1,1,0,1,1,1,1,1,1,1,1,1,1,1,1,1,1,0,1,1,1,1,1,0,0,0,0,0,0,0,0,1,1,0,0,1,1,1,1,0,0,1,0,0,1,1,1,0,1,0,1,1,1,0,0,0,0,0,0,1,1,0,1,1,0,0,1,0,1,1,1,1,1,1,1.1932364859667648,2.6728072663668394,-2.379258261931464,3.707860003509707,1.377867487686037,0.0,-4.106767768673496,1.2055101360557376,0.7828975988378575,-4.38582909808137,0.1146003134076245,0.8155802462682159,0.0,-1.2056316441901729,-1.1303771897004529,2.8668330097700343,-1.0712530017323547,0.854622712461682,0.6030841312100541,1.9820856698917144,0.0,0.0,-0.3954154587075007,-3.7730823429594618,2.5722520546981844,0.0,0.0,0.4548711282625342,-0.2347553986947257,0.0664699896379326,-0.9217039338849288,1.397520566783954,0.0,-1.8271721939041488,-3.973236376048973,0.0,-1.9489082150471253,-0.5989120126379142,-0.6064304779717653,1.230910785676281,0.2106337610279625,2.035353420584472,-0.2736193223013992,1.8769885749911668,0.9347703574352778,0.2018499501491617,0.7010781851003235,0.9726179432777804,-1.98016075855123,1.3164214455414118,0.0,-6.147988097533133,-2.906372785695444,3.2314724924127827,2.4191850261881243,-1.3236823816283718,0.0,0.0,0.0,0.0,0.0,0.0,0.0,0.0,2.686836668942129,0.2569510624567173,0.0,0.0,0.3520244815967808,-1.4871467141745818,3.594270869124297,-0.3679392674234831,0.0,0.0,-2.4927947010740046,0.0,0.0,0.5813878438876723,2.048062751686792,-3.2800891954890274,0.0,1.8252362515238585,0.0,-3.888832562466424,1.2318779640868809,0.988156947283166,0.0,0.0,0.0,0.0,0.0,0.0,-2.755999654956289,2.585674422038185,0.0,-3.438272617111863,-2.3775286564267746,0.0,0.0,2.1480657827370635,0.0,-0.2787618083620995,-0.9986058687614184,-4.303478062919551,4.144451469361927,4.311709449803583,2.305919121312291
SZAXPI003425-1,1,1,1,0,1,1,0,1,1,0,1,1,1,1,0,0,1,0,1,1,0,1,1,1,1,0,1,1,1,0,0,1,0,1,0,1,0,1,1,0,1,0,1,1,1,1,1,1,0,1,0,1,1,0,0,1,0,0,0,0,0,1,1,1,1,1,0,0,0,1,1,0,0,0,1,0,0,1,0,1,0,1,0,1,0,0,1,0,0,0,0,0,1,1,0,1,1,0,0,1,0,0,0,0,1,1,1,2.9485172123295027,-0.5716341953476398,2.8821498688389173,0.0,-3.605153559726732,-0.391036514658738,0.0,-2.545156107186401,-5.309901651965157,0.0,1.2899499506216716,2.68829839283305,1.7760346792960833,1.0380954678361412,0.0,0.0,1.506438628910701,0.0,1.984390725239625,-2.0385388010461982,0.0,0.8561870789522092,-6.54204533325779,-2.645377715912838,1.1456025949075532,0.0,4.093487258681918,0.7237173348968586,1.6133167870703449,0.0,0.0,4.378420852847252,0.0,-0.977889889442797,0.0,1.5702682928723348,0.0,0.6302330503797151,0.9952832191221118,0.0,-0.9533709038086688,0.0,-3.815126647851197,3.0555961761988866,2.6954793180465435,-2.5201008008442543,-5.802378137062951,-2.182288652943944,0.0,0.9059279223737152,0.0,0.2823283367852964,0.4837469173902216,0.0,0.0,5.030436171594025,0.0,0.0,0.0,0.0,0.0,-0.6967081832081967,0.525355703996851,-3.748837323815272,4.225877092540321,0.8818926233913527,0.0,0.0,0.0,2.090523766202117,4.19480362087241,0.0,0.0,0.0,0.8327329468319453,0.0,0.0,-0.5053115524165674,0.0,-3.369961669896348,0.0,0.5590813387048872,0.0,-5.459433385936121,0.0,0.0,-4.652093837850521,0.0,0.0,0.0,0.0,0.0,2.388549641340727,3.148113440360452,0.0,-0.4381028027231171,-5.509030327075493,0.0,0.0,2.245727369139078,0.0,0.0,0.0,0.0,0.431720597032093,-0.8825631174981683,-0.9362432669617924
SZAXPI003426-11,1,1,1,1,1,1,0,1,1,1,1,1,1,1,0,1,1,1,1,0,0,0,1,0,0,1,0,1,1,1,1,1,0,1,1,0,1,1,1,1,1,1,0,1,1,0,0,1,0,1,0,1,1,1,1,0,0,0,1,0,1,0,1,0,1,1,1,1,1,1,1,1,0,0,1,0,1,1,0,1,0,0,0,0,0,0,0,0,0,0,0,0,1,1,0,0,0,1,0,0,0,1,0,1,1,1,1,1.590015384868694,-3.0502082180165058,0.3822361929354885,1.2858714290504172,0.8002443779772744,-1.135149735948854,0.0,4.91422703828936,-0.113090192974254,1.1088428619836286,-0.6616975623258226,-0.5189988022142802,1.6599783383967286,-2.587098067290181,0.0,4.286563004695105,-1.6455647182284183,-3.893928257055825,-0.9625863674641106,0.0,0.0,0.0,-2.51320494098539,0.0,0.0,1.753303462235869,0.0,-2.6701528254337097,-1.2532848842849318,2.5661804887463093,2.0695439685720523,2.01050976143259,0.0,-2.1711616593147216,-1.130408309909254,0.0,-0.4229975373789947,-1.314764169954663,-1.387948908132588,1.237990113242072,-1.1066904145998122,1.888066190672439,0.0,1.0591171575835587,0.0104545249429035,0.0,0.0,1.7574394368822477,0.0,-1.0123917112481884,0.0,-4.592646482665226,-0.9331037884069632,2.9027123283742635,0.3749530088408845,0.0,0.0,0.0,-1.806532324481351,0.0,1.696415896653976,0.0,-2.118034729604088,0.0,1.8075552807726696,1.155696241916257,-1.18291947391387,-1.1777629247346244,0.9180302372202056,-0.4741090466360682,5.197211512490793,-2.464148783996196,0.0,0.0,-1.2426443898042243,0.0,-0.1804917008876692,-1.061205229263416,0.0,-0.9119005750029476,0.0,0.0,0.0,0.0,0.0,0.0,0.0,0.0,0.0,0.0,0.0,0.0,-1.6523324356882094,0.6551123973760709,0.0,0.0,0.0,0.2770343519584477,0.0,0.0,0.0,-0.0737769054995616,0.0,-2.20393494788287,3.5519645890663183,1.6731007083118907,1.0365007357392726
SZAXPI003427-1,1,1,1,1,1,1,1,1,1,0,0,1,1,1,0,1,1,1,1,1,0,0,0,1,1,0,1,1,1,1,1,1,0,1,1,1,1,1,0,1,1,1,0,1,0,1,1,1,1,0,0,1,1,0,1,1,0,0,0,0,0,0,0,0,1,1,0,0,0,1,1,1,0,0,1,0,0,1,0,1,0,1,0,0,0,0,0,0,0,1,1,0,1,1,1,0,1,0,1,1,0,0,1,0,1,1,0,0.2499054436775467,-0.8093332673408176,-0.4495665207878452,2.8406385093469373,3.1069289937838658,1.5627646129114865,3.2742939022213364,4.8498082175800095,2.396213908314189,0.0,0.0,-1.8603420226069909,3.5898402838433308,-0.5872708114660541,0.0,2.144555274981366,0.6404263517333557,-4.127017279078158,-2.455543975724606,-2.139890408222849,0.0,0.0,0.0,0.8381894670077094,0.8051780626498419,0.0,-1.3487628193027006,0.4596185659076572,-0.5091457122455827,0.6002096256423628,0.1097208059851564,-0.0338855732812675,0.0,-1.78696125465462,-3.3060367270083284,-4.780943746484823,-0.0518246468107697,-0.1040059872789347,0.0,-0.4796229180736402,-2.249358161713165,3.367958848196409,0.0,-0.99500738723162,0.0,-2.501706017487769,-3.744851814798047,2.51656883485568,-2.918328340489424,0.0,0.0,-4.164058550758508,-1.7120780014226886,0.0,3.7140681867386296,-5.007589928350235,0.0,0.0,0.0,0.0,0.0,0.0,0.0,0.0,3.7817053854210414,-2.0136135814985088,0.0,0.0,0.0,-0.1125033258119967,1.7374296793810766,-1.93424705209132,0.0,0.0,1.8794612645122024,0.0,0.0,3.190301365338297,0.0,1.8863332850589904,0.0,-1.1923870139987556,0.0,0.0,0.0,0.0,0.0,0.0,0.0,2.900806905815607,0.2202296755314301,0.0,-1.3160823518300289,1.3967391838215295,-3.708306944219974,0.0,3.3492821230569634,0.0,2.663615655034272,0.9370496276334176,0.0,0.0,2.525057169632466,0.0,-3.599602742619084,-1.5350243309250629,0.0
SZAXPI003428-6,1,1,1,0,1,0,0,1,0,0,0,0,0,0,0,1,1,0,0,0,0,0,0,0,0,0,1,0,0,1,1,1,0,0,1,0,0,1,0,0,0,0,0,0,0,1,1,1,0,0,0,0,0,0,0,1,0,0,0,0,0,0,0,0,1,1,0,0,0,0,1,0,0,0,1,0,0,1,0,1,1,0,0,0,0,0,0,0,0,0,0,0,0,1,0,0,1,0,0,1,0,1,0,0,1,1,1,-2.659836437107695,-2.123910420294677,-1.005278089393125,0.0,-3.2069884160006024,0.0,0.0,4.240358562270956,0.0,0.0,0.0,0.0,0.0,0.0,0.0,2.951079914311132,1.8341218850701928,0.0,0.0,0.0,0.0,0.0,0.0,0.0,0.0,0.0,-1.1326175117697264,0.0,0.0,-0.1788393147790081,0.1926663506236736,-1.8352503526549195,0.0,0.0,-3.082165351267864,0.0,0.0,1.21373077992892,0.0,0.0,0.0,0.0,0.0,0.0,0.0,5.092623759159629,-4.097600133457066,-1.7631343086117304,0.0,0.0,0.0,0.0,0.0,0.0,0.0,-1.532650775995529,0.0,0.0,0.0,0.0,0.0,0.0,0.0,0.0,-2.121955385458874,4.691074894030038,0.0,0.0,0.0,0.0,4.112359594254427,0.0,0.0,0.0,-0.5758067747619124,0.0,0.0,7.4295101648784385,0.0,-1.3876737591966282,-0.8843740411309846,0.0,0.0,0.0,0.0,0.0,0.0,0.0,0.0,0.0,0.0,0.0,0.0,3.193643433505919,0.0,0.0,-3.316854893579135,0.0,0.0,-4.448257005070236,0.0,2.019317489715243,0.0,0.0,0.3253048321783125,-1.3709447445238214,-0.5716539448733498
SZAXPI003430-5,1,1,1,1,1,1,0,1,1,0,1,0,1,1,0,1,1,1,1,1,0,1,1,0,1,0,1,1,1,1,0,1,0,1,1,0,0,1,0,1,0,0,0,0,0,1,1,1,0,1,0,0,0,0,0,1,0,0,0,0,0,0,0,0,1,1,0,0,0,0,1,0,0,1,0,0,0,1,0,1,0,1,0,0,0,0,0,0,0,0,0,1,1,1,0,0,1,0,0,1,0,0,0,0,0,0,0,4.264587788332404,-0.9125471277221672,3.665174932866852,-4.656289080424775,2.6233103892250536,3.9768663685900414,0.0,4.240811270974122,1.353123890826589,0.0,1.0589775853439087,0.0,2.897546148449812,1.1700539742480376,0.0,-2.4945711915454662,-0.5233575776953585,0.3912535792761695,1.782708304688917,-2.3560322771903213,0.0,1.2680288963773092,-0.7274318252653629,0.0,-1.539162727827013,0.0,-0.8686698164464812,1.6945357553426377,1.5324763257142024,-3.199839732637757,0.0,-2.0048502471970115,0.0,-1.3244999388952112,-5.372966758394915,0.0,0.0,-3.0284174663018373,0.0,4.25897294170285,0.0,0.0,0.0,0.0,0.0,0.9356519744895158,-2.8510549126133604,-1.1836728318153051,0.0,-0.526719553219138,0.0,0.0,0.0,0.0,0.0,-1.4958310119672098,0.0,0.0,0.0,0.0,0.0,0.0,0.0,0.0,-2.0648597997987714,-2.285176340422977,0.0,0.0,0.0,0.0,1.1088291174644729,0.0,0.0,-3.928852826386199,0.0,0.0,0.0,0.5446461939482639,0.0,4.697998598546299,0.0,-2.1305604361165207,0.0,0.0,0.0,0.0,0.0,0.0,0.0,0.0,0.0,-2.372483882082326,-4.161876486300115,-2.403774040075536,0.0,0.0,5.996844950763366,0.0,0.0,4.951098901170333,0.0,0.0,0.0,0.0,0.0,0.0,0.0
SZAXPI003431-1,1,1,1,1,1,0,0,1,1,0,1,1,0,1,0,1,1,1,1,0,0,0,1,1,1,0,0,1,1,1,1,1,0,1,0,1,0,1,1,1,1,1,0,1,1,0,1,1,0,1,0,1,1,1,0,1,0,1,0,0,1,1,1,0,1,1,1,0,1,1,1,1,0,0,1,0,1,1,1,1,1,1,0,1,0,0,0,0,0,1,0,0,1,1,0,1,0,0,1,1,0,0,0,1,1,1,1,2.83940875782071,-6.362439133166081,-1.1510540953486703,-3.221289859753586,-2.2834289349440864,0.0,0.0,-1.3625864001885235,1.3497324388019434,0.0,-0.7869842232593753,0.6183241343275465,0.0,-4.965333855941974,0.0,2.6627025034263365,-1.0641217666180445,-1.22740825404016,1.2753611095014907,0.0,0.0,0.0,-1.6013806474521903,2.883633432677987,-3.628636435961456,0.0,0.0,-1.4859151099361694,-0.9887723293762574,0.2676704960775113,2.9038993178862187,2.422741280206325,0.0,0.1928559099882263,0.0,2.048252795569427,0.0,-0.1585842965555142,0.8646548607149713,-0.4646882149414209,-3.351604091426333,1.8445596034734568,0.0,1.8689253397402144,-3.489120163652635,0.0,-5.387059484921919,1.6006275245798007,0.0,2.979840603961567,0.0,-0.5900503351529833,-1.8117710456023248,4.3017597701497365,0.0,4.695241428699112,0.0,3.439732851964187,0.0,0.0,-0.1823324664615548,-1.585876460916225,-2.9214637800470067,0.0,5.072208876749217,-1.1200022250125006,0.4004411540540744,0.0,0.8229808199483055,-0.7942605907363749,0.8307892585726853,-0.6563405022920494,0.0,0.0,-3.406623467017532,0.0,0.7781172602064641,-5.860347189368845,1.6815452980554728,2.13313952958208,-1.2530739531839743,4.003908386792677,0.0,-5.055282092604914,0.0,0.0,0.0,0.0,0.0,3.5108513917668875,0.0,0.0,-1.7690775252426874,2.850719004307958,0.0,-0.1341854304897354,0.0,0.0,3.823338262457444,1.4116490755750988,0.0,0.0,0.0,0.0098413867754114,1.8847125731080785,0.138328139556499,-0.2914002154620019
SZAXPI003433-7,1,1,0,1,1,1,1,1,0,0,0,0,1,1,0,1,1,0,0,1,0,0,1,0,1,0,0,1,1,1,1,1,0,0,1,0,0,1,0,0,0,1,0,1,1,1,1,1,1,1,1,1,1,0,1,0,0,0,0,0,1,1,1,0,1,1,1,0,0,1,1,0,0,1,1,0,0,1,1,1,1,1,0,0,0,0,0,0,0,0,0,1,1,1,1,1,1,0,1,1,0,0,1,0,1,1,1,3.242679265270496,0.2583806869277028,0.0,-1.5531454147437918,-3.113989864972836,1.3485711597576746,3.239090677637137,4.066253126411639,0.0,0.0,0.0,0.0,-4.659914371684611,0.8323659288254271,0.0,4.419907208083185,0.5458377621909993,0.0,0.0,-1.2551336741841712,0.0,0.0,-0.4504112974784304,0.0,0.5085279134420142,0.0,0.0,0.6742897541969505,0.2711225604463756,2.691553210794322,2.634138878450437,3.5620841538400674,0.0,0.0,-3.617555928726023,0.0,0.0,0.2619364125791246,0.0,0.0,0.0,2.6617861961336304,0.0,3.589741196490139,0.2101415520161225,-3.610348690321073,-4.728907243171562,-1.3225947608426358,-3.36063138755435,2.377942064411082,1.7166468551744791,-1.0556714942544378,-0.8032414613396293,0.0,3.451916783234479,0.0,0.0,0.0,0.0,0.0,1.137187179856339,-2.0102903560310708,-1.1521264619094287,0.0,1.2039353115074949,-2.061602726924951,-0.5275825983775568,0.0,0.0,-0.0963143232538608,1.51243908253305,0.0,0.0,-1.9919741679205656,-0.8158957155035471,0.0,0.0,-6.321996017604133,2.268738962548217,2.4237788844699786,-1.6356195599814405,1.0558304559087222,0.0,0.0,0.0,0.0,0.0,0.0,0.0,0.0,0.0,-2.7767372927677423,0.5094034424633589,2.42537323624832,0.8156475830709371,1.3245126495140171,-3.5048086575637614,0.0,0.2992656715900217,1.3240348263124213,0.0,0.0,1.4886854080278482,0.0,-1.839146172317277,-2.007394950461431,-4.080711450473883
SZAXPI003436-7,1,1,1,0,1,1,0,1,1,1,1,1,1,1,0,1,1,1,1,0,0,0,1,1,1,1,1,1,1,1,1,1,0,1,1,0,1,1,1,1,1,1,0,1,1,0,1,1,0,1,0,1,1,1,1,1,1,1,1,1,1,1,1,1,1,1,1,1,1,1,1,1,0,1,1,0,0,1,1,1,1,1,0,1,0,1,1,1,0,0,0,0,1,1,0,0,0,0,1,1,0,0,1,1,0,0,0,1.7125299642032954,0.016664691828707,0.2153407558622158,0.0,2.1493139580283445,1.964568934870256,0.0,1.934903062941822,-0.6958057924735241,2.047122768755896,-1.0394873185243956,0.4561343564097244,0.312770886173316,1.1999900647243278,0.0,4.463369005065455,-0.0934085868578882,0.3549138497405193,0.4479937801776028,0.0,0.0,0.0,-2.123732630394967,0.6578596384515212,-1.4972282855924877,-4.990731037105823,-0.2848646618838359,-1.306068381997294,-3.840660451162238,-1.828058927608252,2.0511223055956083,1.5484971597948176,0.0,-0.6831932544226804,5.477438655622653,0.0,0.6123007423707136,0.9295458696778018,-1.4620435771755975,3.337566959214707,0.5360621734344126,-4.045169922931555,0.0,3.630786489754538,2.047826666728448,0.0,2.87627203392971,-4.971122565717447,0.0,1.987436567507603,0.0,0.9599372989778896,-1.4305854498350214,2.237276534630764,0.3987474999574574,1.3274696785285856,-0.1926519739593968,1.358459881195499,-1.9690994415113023,2.9002330871538784,-1.4652445110886323,-0.4210341392019852,1.940876124431612,1.5182741611838824,1.8518677080260428,2.3385121123693144,-1.09830473958265,-1.307063159497881,-0.7852998106940561,0.1634758369021089,1.9847199027122624,-3.054771218903677,0.0,-2.117558038787654,1.7959635633847129,0.0,0.0,1.112004740737817,0.0532049681315798,-4.555995546697545,-1.9846563911372368,0.3160160458704755,0.0,-5.693828548518936,0.0,-4.887352682651987,0.2699050248507348,0.5723088164471868,0.0,0.0,0.0,0.0,-1.0517480085107476,1.3850693686657214,0.0,0.0,0.0,0.0,1.0887262534789557,-3.747918399463624,0.0,0.0,-1.77821200758066,-2.138480487029522,0.0,0.0,0.0
SZAXPI015209-133,1,1,1,1,1,1,1,1,0,0,1,0,1,1,0,1,1,1,1,1,0,1,0,1,1,0,1,1,1,1,1,1,0,1,1,0,0,1,1,0,1,1,0,0,1,1,1,1,1,1,0,0,0,0,1,1,0,1,0,0,0,0,1,0,1,1,1,0,1,1,1,1,0,1,0,0,0,0,1,1,1,0,0,1,0,0,0,0,0,0,0,0,1,1,0,0,1,0,1,1,1,0,0,0,0,0,0,1.5254421774115832,0.499451033256818,-2.220495297187816,5.794029011578257,-0.5625320160313492,-0.1873846744571743,-4.836779754183123,4.702139986277691,0.0,0.0,0.3420683732575176,0.0,-0.4587011200085769,-2.7044158110489445,0.0,4.435468303598771,-2.254424238244636,-2.9176217905992425,-1.164615307668421,-3.782619228085848,0.0,0.4605588726858916,0.0,-1.160479082276047,1.178581755029018,0.0,1.803607457818709,-2.8862220367312625,-1.1833022271201026,2.936906165160271,3.4186392160471484,3.4067371717820683,0.0,-3.7131214335889258,0.1112860933678794,0.0,0.0,2.235051936443721,-3.6091753453239095,0.0,-0.3175938048897193,3.3507825278831427,0.0,0.0,-0.2839331414213557,-1.845404785998088,1.641613004149444,-0.2384809482335428,0.8340377615417074,-1.0207410687842478,0.0,0.0,0.0,0.0,2.4258107339848296,0.5208314257748747,0.0,-0.4369772676681842,0.0,0.0,0.0,0.0,-2.188448787782536,0.0,3.2681765391802617,1.5228505293263717,0.9986029016826036,0.0,-2.5137528520239005,-3.6091753453239095,0.3111569908416143,-0.1601993310372007,0.0,-4.234604351828905,0.0,0.0,0.0,0.0,1.967364685294212,0.131673925876838,1.845601226347933,0.0,0.0,-4.5463839758597455,0.0,0.0,0.0,0.0,0.0,0.0,0.0,0.0,-1.0128754579782973,2.935556399562873,0.0,0.0,-4.939727723435565,0.0,1.701187022460237,1.6067637857798598,3.0782111914184243,0.0,0.0,0.0,0.0,0.0,0.0
SZAXPI015211-166,1,1,1,1,1,1,1,1,1,0,1,1,1,1,0,1,1,0,1,1,0,0,1,1,1,0,1,1,1,1,1,1,0,1,1,0,0,1,0,1,1,1,0,1,1,0,1,1,0,1,0,1,1,1,1,1,0,0,0,0,1,1,0,0,1,1,1,0,1,1,1,1,0,0,1,1,0,1,1,0,0,1,1,1,1,0,1,0,0,0,0,0,1,1,0,0,1,0,0,1,0,0,0,0,0,0,0,2.249560382837905,-0.1745349450532727,1.1594255507143227,2.261110854301456,4.174304232580688,3.39487382121487,-5.421270583407318,3.7525010079867407,2.3239812550992247,0.0,0.7768739643266596,2.7002586266220487,0.8030165490676806,0.3017323811889911,0.0,3.744685520606894,-0.2420298971323333,0.0,2.124285679028188,-0.945803510826265,0.0,0.0,-0.601762626726313,-4.932606531444179,0.1404642335928689,0.0,-4.124481366155459,0.3011499047516164,0.5958216551729558,2.9117857058420364,1.8354615922821391,1.7061922134953376,0.0,0.9768683859557288,3.8565440646508993,0.0,0.0,2.480542840487941,0.0,-1.0474970904901562,-1.507605091981668,-5.269078768065392,0.0,-1.5595320086939224,2.5633368257938614,0.0,-4.222792298399022,0.5690631876280103,0.0,2.2647218879359543,0.0,-4.993231153260614,0.2954867137428962,-1.6076309684121268,1.965599092705952,2.1079813666653724,0.0,0.0,0.0,0.0,1.2864956550999285,-6.7672910453892685,0.0,0.0,1.3633569227713158,1.3314797697047451,-0.1409219104020971,0.0,-2.087599438894419,0.9953273897904558,1.72333119150903,0.1720648946346834,0.0,0.0,-1.7971123155150297,-5.492222319379602,0.0,-3.615905462123484,-2.940940600646729,0.0,0.0,1.493215418014546,3.623703941790725,-3.8452619676224113,-1.9961604900355003,0.0,0.5592438181308019,0.0,0.0,0.0,0.0,0.0,0.3030305303898482,2.839013301183291,0.0,0.0,-3.511220850513018,0.0,0.0,-1.1833990887290151,0.0,0.0,0.0,0.0,0.0,0.0,0.0
SZAXPI015213-15,1,1,1,0,1,1,0,1,1,0,1,1,1,1,0,1,1,1,1,1,0,0,1,1,1,0,1,1,1,1,1,1,0,1,0,0,0,1,1,1,1,1,1,1,1,1,0,0,1,0,0,0,1,1,1,0,0,1,0,0,0,0,0,0,1,1,1,1,1,1,1,1,0,0,0,0,1,0,1,1,0,1,0,0,0,0,1,0,0,1,0,0,1,1,0,0,1,0,0,1,0,0,0,1,1,1,1,3.7205175868778895,-0.7675486045618951,1.6447200458913886,0.0,-2.524141630964709,0.0212953677195522,0.0,3.464953826006352,1.348435635993858,0.0,2.869966569085923,-0.2359626947495066,1.4899540391348578,-0.5533043752389253,0.0,3.233781442836347,-0.3132554577691495,0.3765598708622688,0.3307869919590476,-1.959046377264661,0.0,0.0,-3.929854077941701,-1.4547997245967126,2.1824824111528693,0.0,4.358932348464025,-0.7752553704715102,-0.383156771951366,0.9209115999612562,2.129022843960066,0.0756949854972679,0.0,-0.0531027307136668,0.0,0.0,0.0,-0.714120439476573,1.2837887512713466,1.426535636533118,-1.7944122001425444,3.735161720449008,-0.4092047562703433,-3.861188057250273,1.6737739862080825,0.346914160043041,0.0,0.0,-4.490082798780162,0.0,0.0,0.0,-2.0094772308915525,-1.4986516071255622,1.2667453681088885,0.0,0.0,-0.9238803103355137,0.0,0.0,0.0,0.0,0.0,0.0,1.816435245579998,-2.3978479056404174,0.513085487617932,-4.8597168873614,0.1956185856527623,-1.7591211160524585,-2.201326793937162,0.304891608524555,0.0,0.0,0.0,0.0,-1.3122078113192177,0.0,-1.8764847765716408,0.5920144191873015,0.0,1.3570503690837787,0.0,0.0,0.0,0.0,-2.635261219661854,0.0,0.0,1.778525656241855,0.0,0.0,-2.546013705783378,2.74012600482622,0.0,0.0,-3.1178351299901763,0.0,0.0,3.278189146324769,0.0,0.0,0.0,-4.342699293347488,2.2327225796328527,2.7423091643170405,0.2470564011559903
SZAXPI015219-129,1,1,1,0,0,0,1,1,1,0,0,1,0,1,0,1,1,0,1,1,0,0,1,0,1,0,1,1,1,1,1,1,1,0,0,1,0,1,0,0,0,0,1,1,0,1,0,1,0,1,0,0,1,0,0,1,0,0,0,0,0,0,0,0,1,1,0,0,0,1,1,0,0,1,1,0,0,0,0,0,0,1,0,1,0,0,0,0,0,1,0,0,1,1,0,0,1,0,0,1,0,0,0,0,0,0,0,4.105726975756551,0.7837291155483772,4.028596994358738,0.0,0.0,0.0,-4.137167070342857,-4.361207080704103,2.45537652821826,0.0,0.0,0.0657050302330273,0.0,-1.3915978144647292,0.0,1.4253188321884394,0.278602800010636,0.0,2.62886358878396,0.4383564959277775,0.0,0.0,1.107439443128734,0.0,0.0850252002039197,0.0,3.773796884225529,-0.3139948647660875,-1.381522162475988,-3.742512878338908,1.1231245676979893,0.1367573406174309,-4.426044600199411,0.0,0.0,2.8088814170756176,0.0,0.0335741895476089,0.0,0.0,0.0,0.0,-1.4960637042082,-4.283581918673567,0.0,-3.273113296227214,0.0,5.310096458680015,0.0,-5.133649863934586,0.0,0.0,-2.522010772061761,0.0,0.0,3.69527229142208,0.0,0.0,0.0,0.0,0.0,0.0,0.0,0.0,1.873528924031805,0.3559295563164708,0.0,0.0,0.0,-1.160248665755882,3.0036579590700883,0.0,0.0,-2.50085342433605,2.552454488571465,0.0,0.0,0.0,0.0,0.0,0.0,-2.341234718755606,0.0,0.7374555166053551,0.0,0.0,0.0,0.0,0.0,-0.3765506041426618,0.0,0.0,1.1542086962271985,2.1598696382564184,0.0,0.0,-3.84412305474969,0.0,0.0,0.5641275614338062,0.0,0.0,0.0,0.0,0.0,0.0,0.0
SZAXPI015221-142,1,1,1,1,1,1,0,1,1,0,1,1,1,1,0,1,1,0,1,1,0,0,1,1,1,0,1,1,1,1,1,1,0,1,1,1,1,1,0,1,0,0,0,1,1,1,0,1,1,1,0,0,1,1,0,0,0,0,0,0,0,0,1,0,1,1,0,0,0,1,1,0,0,1,1,0,0,1,1,1,1,1,0,1,0,0,0,0,0,0,0,0,1,1,1,1,1,0,1,1,0,0,1,1,1,0,0,2.568335496507616,-1.0019914509444,0.2949000289159964,3.2365311408741366,2.1236714266708896,-0.1555771779793839,0.0,2.37937728556637,1.2950528176758835,0.0,0.8120366820914328,2.2942031277060235,0.9201226805886396,-0.8607298384393749,0.0,2.598744891447362,-0.4342392794754506,0.0,0.2811081739187346,-3.0455070445736165,0.0,0.0,-1.298817035731156,0.3423814900245305,0.1690253652855453,0.0,0.8007201884751262,-1.388320881396096,-0.1585096502720029,-3.61185518557729,2.3393117114209696,1.8113806251927445,0.0,-0.874694029315418,1.8674255478913004,0.078511778107861,1.971101098824332,-3.1635386200597866,0.0,-0.2336880511898347,0.0,0.0,0.0,3.4855603882982966,1.5546406092316274,-1.8660876975106635,0.0,0.0991078678637424,-5.3441238783920415,0.2400050003190281,0.0,0.0,-0.7697191629710383,5.3358871467972655,0.0,0.0,0.0,0.0,0.0,0.0,0.0,0.0,2.8532267466331493,0.0,0.8875652282280126,1.903372686909489,0.0,0.0,0.0,-1.116495478937201,-1.5689758973907302,0.0,0.0,-0.8172899361235832,-2.062691693590261,0.0,0.0,-1.2790823755389238,-0.991612730066168,1.3711514913079728,-0.0570576884302209,2.6834269717603085,0.0,-1.537461388621722,0.0,0.0,0.0,0.0,0.0,0.0,0.0,0.0,-0.0547073935616015,-5.010484504855133,-2.155809338281133,2.6094902360797274,-3.718968550062532,0.0,-3.229420324743826,-0.6191924167354608,0.0,0.0,-0.3094240365616763,0.8533078440852425,-3.324611037371615,0.0,0.0
SZAXPI015227-13,1,1,1,1,1,1,0,1,1,1,1,1,1,1,1,1,1,1,1,0,1,1,1,1,1,0,1,1,1,1,1,1,0,1,1,1,1,1,1,1,1,1,0,1,1,0,1,1,1,1,1,1,1,1,1,1,1,1,0,1,1,1,1,1,1,1,1,1,1,1,1,1,0,0,0,1,1,1,1,1,1,0,0,0,0,0,1,1,0,1,0,0,1,1,1,1,1,1,0,1,1,0,1,0,1,1,1,3.965707903449847,-0.224246760407712,-0.1090412269398355,-0.440346412535348,2.006194440344177,-2.7216575468356847,0.0,1.1328637544927125,1.6095975955311783,2.883280893471971,2.0649807715292976,1.340119319025375,2.617767378061901,0.1605771211949904,1.0011565144963106,1.0289974979537626,0.1937067368862941,0.5308126808153579,1.2968270952412126,0.0,1.492813219651363,2.410729107784789,0.1845125507845786,-2.1354360501529177,3.1393255173374746,0.0,3.758740213898473,2.212448090991673,0.8737510457669804,1.0182336521176207,-1.199196114076559,0.3780715490533697,0.0,-0.5953470711643107,0.7054332928314537,-1.852929326095628,0.9570778596465652,-1.1100466930468151,-0.1219818061231321,3.17449921969734,-0.2435450919674529,1.4191997605941349,0.0,3.928753921499356,-1.843845640873221,0.0,1.8979189251206696,-1.823573787010209,-0.7662867614029438,1.871165452208758,-1.112731601646864,-0.8864946449948987,-2.1888112914432294,-1.1922410157936771,-0.4140944615592612,-1.2649637543140622,0.8718877348636495,-0.8555311742291636,0.0,-2.4229994634529723,-0.2896280965972806,-1.6557782119173745,1.955496979694065,-2.751529897908629,-0.2835756235143578,0.7645801228454199,-2.2112158739287016,-1.32122811355713,-0.3712271956329334,-5.813340000215846,2.1427517932504205,-2.2919628746172327,0.0,0.0,0.0,-4.336226965077928,1.770273009380801,0.6969392991755254,0.7594348865381293,1.0049835615425422,-0.8464652863571742,0.0,0.0,0.0,0.0,0.0,-3.3976777626028296,-1.6702052738243132,0.0,-2.341461032902405,0.0,0.0,-3.0756854169819308,-0.0554606531351957,2.671938009241717,-5.127259986878993,2.836681167471544,-0.5312092713304388,0.0,-0.759519309452588,-2.995993377334571,0.0,-0.2248788050932426,0.0,1.44971321873204,0.2852089279525018,-0.5882750672403319
SZAXPI015230-16,1,1,1,1,1,1,1,1,1,1,1,1,1,1,1,1,1,1,1,1,0,1,1,1,1,0,1,1,1,1,1,1,0,1,1,0,1,1,1,1,1,1,0,1,1,1,1,1,0,1,0,1,1,1,1,0,0,1,1,0,1,1,1,0,1,1,1,1,1,0,1,1,0,0,0,0,0,1,1,1,1,0,0,0,0,0,1,0,0,1,0,0,1,1,0,1,1,1,0,1,0,0,1,0,1,0,0,4.000728854461565,-0.7465977350098194,1.6413170326738515,1.167048056417619,1.7849985225444054,0.1947079871489629,2.5386752238558814,3.388903094215473,0.7120999275370261,1.9387954490697097,2.284548331659848,1.1097002553558069,1.2786472632892805,1.303700785072825,2.018034757808008,3.083726370883451,-1.1348347047010003,1.2237548771021052,0.2869230880775458,-2.4651939364771964,0.0,0.0653901227646449,-0.1649103404714298,0.2146921822674745,2.9757934767436875,0.0,2.2910646608682264,0.2957587801022792,-1.430970446593271,1.6596940548116907,-2.341570763028144,1.6892201985838415,0.0,0.2811669832822243,0.3470746300611195,0.0,1.5135649363418897,-1.1856703420090715,0.2531610270867284,0.8901400283917779,-3.5150726845142946,2.322806330703515,0.0,-7.353958905951814,0.7602713075738781,-2.4014732288493894,2.8630246539290747,-2.9938819386581,0.0,1.8066160896479475,0.0,0.3889227157498356,-1.3753396655725254,-1.9308654682564228,1.2911459696972611,0.0,0.0,0.4365629774581062,0.6714197821652597,0.0,-1.907221534285504,-0.8719788595499831,1.8488638054070727,0.0,-0.394510412560799,-0.342602552958781,-0.5651057095782401,-1.867852500427689,-1.7406387319553551,0.0,-2.4467367072289887,-2.162465113113364,0.0,0.0,0.0,0.0,0.0,-2.419106400035984,1.5732434397042496,-0.0019564984110331,-0.1200855621329011,0.0,0.0,0.0,0.0,0.0,-1.8505547718368096,0.0,0.0,-0.3018299095661143,0.0,0.0,-4.4178648987175535,2.391559721615643,0.0,3.300147496008297,-4.1781004661673045,0.1829662784334746,0.0,-1.7483503568310694,0.0,0.0,-1.2367895669424709,0.0,-4.65649081418014,0.0,0.0
SZAXPI015232-18,1,1,1,0,0,1,0,1,0,0,1,0,1,1,0,1,1,0,0,1,0,0,0,0,0,0,0,0,1,0,0,0,0,0,0,0,1,1,0,0,0,0,1,1,0,1,0,1,0,1,0,0,1,0,0,0,0,0,0,0,0,0,0,0,0,0,0,0,0,1,1,0,0,1,1,0,0,0,0,0,1,1,0,0,0,0,0,0,0,0,0,0,1,0,0,0,1,0,0,0,0,0,0,0,1,1,1,2.084801654594836,1.1601238738921602,1.648414582867812,0.0,0.0,0.840598901037082,0.0,-2.3206612342036586,0.0,0.0,1.62062321838599,0.0,2.929026990057112,-2.179568741748053,0.0,-5.0879840148381525,1.717626859766979,0.0,0.0,-0.7140785026866132,0.0,0.0,0.0,0.0,0.0,0.0,0.0,0.0,-0.1596956684401718,0.0,0.0,0.0,0.0,0.0,0.0,0.0,2.8930111574009985,2.8250881487061106,0.0,0.0,0.0,0.0,-3.85584033354552,-4.491829100265517,0.0,-2.202291722663947,0.0,2.94231068837724,0.0,-4.095666384819666,0.0,0.0,-2.5485679593817805,0.0,0.0,0.0,0.0,0.0,0.0,0.0,0.0,0.0,0.0,0.0,0.0,0.0,0.0,0.0,0.0,-0.4911679553239334,3.8560300524641695,0.0,0.0,-0.9861048836941128,1.6621833111068105,0.0,0.0,0.0,0.0,0.0,2.5447753304433505,5.672772113121969,0.0,0.0,0.0,0.0,0.0,0.0,0.0,0.0,0.0,0.0,-0.1132226596447827,0.0,0.0,0.0,-2.931737061934572,0.0,0.0,0.0,0.0,0.0,0.0,0.0,0.2761840367937627,-0.9668311593184108,-1.528323536507484
SZAXPI015234-20,1,1,1,0,1,1,0,1,1,0,1,1,1,1,0,1,1,1,1,0,0,0,1,0,1,0,0,1,1,1,1,1,0,1,1,1,1,1,1,1,0,1,0,1,1,0,0,1,1,1,1,1,1,0,1,0,1,0,0,0,1,1,1,0,1,1,1,1,1,1,1,1,0,0,1,0,0,1,1,1,1,1,0,0,0,0,1,1,0,1,0,0,1,0,1,0,1,1,0,1,0,0,0,0,1,1,1,1.4054836266535118,0.2267981730836015,2.19785551364424,0.0,2.764230223639491,2.191091398802397,0.0,1.6131208159462151,0.5481222748791957,0.0,1.1912351063901068,0.360177537635671,0.2691869016236959,1.246526650147503,0.0,2.7516349666747195,1.6965818923009102,2.0941960554445536,1.1197981036463769,0.0,0.0,0.0,-3.656180732785681,0.0,-2.98806963038706,0.0,0.0,-0.0337096788120434,-1.5509750541697134,-0.5866594154812452,-2.102092915434745,0.4802377871763111,0.0,-0.0514446444679685,4.019154263580251,0.0657654466113557,0.6999820164001834,-0.2355309251967101,0.0212668677378684,2.0591420386093864,0.0,1.457625869214013,0.0,4.276726089112078,-0.3521358863635222,0.0,0.0,-4.994208352935737,2.4981522706405475,-1.9927334376538648,0.0975162214047262,0.66532858887441,1.2536826066852476,0.0,-2.0555728997998526,0.0,1.9559693146452768,0.0,0.0,0.0,-1.1540244496629009,-0.6256224265953407,2.688298220506303,0.0,-1.7799505043683572,2.013856487187861,1.3284414802156803,-0.7780168887967287,0.3788375859736156,-2.032558185359624,2.9379583398698457,-6.3344587755542205,0.0,0.0,-3.7392040685973553,0.0,0.0,2.8157259896007973,-0.3662116796224233,1.5338949875039098,-0.3467010903775651,-2.410902534312401,0.0,0.0,0.0,0.0,-2.359648782027309,-0.2452325106637429,0.0,-0.9353010940801124,0.0,0.0,-3.201576663852996,0.0,0.5108464665547108,0.0,-3.0319773668312227,-0.0083093023991214,0.0,-0.3636562248943344,0.0,0.0,0.0,0.0,-1.1440607512256782,-2.4549589618316348,-1.5227623440753573
SZAXPI015238-24,1,1,1,0,1,1,1,1,1,0,1,1,1,1,0,1,1,1,1,1,0,1,1,0,1,1,1,1,1,1,1,1,0,1,1,0,1,1,1,1,1,1,1,1,1,0,1,0,1,1,0,0,1,1,1,0,0,0,0,0,1,0,0,0,1,1,1,0,1,1,1,0,0,0,1,0,1,0,1,0,0,1,0,0,0,0,0,0,1,1,0,0,1,0,0,0,1,0,0,0,0,0,0,0,0,0,0,3.4600019465297054,-1.6395553620411252,0.7183482804152859,0.0,1.6749918055800077,0.6636153974198855,3.893496802689542,1.96808723902032,0.4451892103411599,0.0,1.8731830905826623,0.7166839651137871,2.336582615849174,-0.128427539827223,0.0,2.443149295407866,0.6430401274411497,-0.3151878903405352,0.60444391067159,-0.9787650873283376,0.0,1.9505220868175004,-1.860409127340238,0.0,0.3863583074314149,2.5801545941141533,2.3608302042466867,-0.9158063453502852,1.650263545526378,0.680051633469311,0.0800861335041871,1.0335563348780568,0.0,-0.5923346825556814,0.7106305312917218,0.0,0.4888764547794393,-3.106996793177605,-0.8550654782561837,-1.991945778166336,-3.5213409829269,0.9288755253321124,-2.3600732158368563,4.286943335415521,-2.789648645366821,0.0,2.391230557666654,0.0,0.3178595628011966,3.1282325768855377,0.0,0.0,-1.1900741809955449,-6.656835198856051,1.6097839494671722,0.0,0.0,0.0,0.0,0.0,0.3548295435165989,0.0,0.0,0.0,0.3640770473936885,-3.0253404285230663,-1.6674497325918392,0.0,-1.8309860345819104,-0.5070528423025342,5.183559459327499,0.0,0.0,0.0,-4.3202203572756925,0.0,-1.0961535678405223,0.0,-1.876742556904329,0.0,0.0,1.6646425210396265,0.0,0.0,0.0,0.0,0.0,0.0,-4.616614370329495,1.713988499089854,0.0,0.0,-3.2750559030509963,0.0,0.0,0.0,-4.188083989290334,0.0,0.0,0.0,0.0,0.0,0.0,0.0,0.0,0.0,0.0
SZAXPI015243-31,1,1,1,0,0,1,0,1,1,1,1,1,0,1,0,1,1,1,1,1,0,0,0,1,1,0,1,1,1,1,1,1,0,1,1,1,1,1,1,1,1,0,1,1,1,1,1,1,0,1,0,1,1,1,0,0,1,0,0,0,1,1,1,1,1,1,0,1,1,1,1,1,0,0,0,0,0,1,1,0,1,1,0,0,1,0,1,1,1,0,0,0,1,1,1,1,1,0,0,1,1,0,1,0,1,1,1,2.6631796550230105,0.5793043642820095,0.5607709874825362,0.0,0.0,1.1322455903374355,0.0,3.846874587688632,1.0683659433145016,2.2698979200502034,1.5771911855969651,0.9550468781811776,0.0,0.240690493489859,0.0,3.3964640173217795,0.3063695595565128,-0.4098553860097682,-0.3118468540437586,-1.2042170070808556,0.0,0.0,0.0,-2.4109519506323727,1.2463160641061872,0.0,3.323699033076011,-0.154893627770871,0.3201404215099428,2.215375805795248,0.6742708936726793,1.834204390151472,0.0,-0.802223509671806,2.019476390467725,-0.8635403511447455,-1.9445007229910047,-0.362938865710751,1.686897101981486,1.0634343724258968,-3.235808476546896,0.0,-2.4485286258859453,1.171739222152396,2.686628524409175,-5.472642191978161,2.160712790105808,-1.2926761070554849,0.0,0.4550512162468343,0.0,-0.6626775933440563,-1.563654090245169,-3.3541984924950565,0.0,0.0,1.1907420301001257,0.0,0.0,0.0,1.3094124258755828,-1.7061705827910865,-1.3425795471539812,-3.5419995150536367,1.3620861154401085,-0.430390784113843,0.0,-0.4986289702268347,-6.330092423829383,-1.8164894313667816,5.68518976191164,-0.3027609956665509,0.0,0.0,0.0,0.0,0.0,-2.585643118560636,2.015015215123229,0.0,-0.4720572337354067,0.422136229145565,0.0,0.0,-3.5267320429228484,0.0,-0.0770881278977069,-2.0479847875525863,2.5876921134251623,0.0,0.0,0.0,-3.327242682506528,2.3045853460108963,2.076376687349223,1.3519455526460329,-3.770652722178816,0.0,0.0,1.4469069021138523,-2.1307445525972977,0.0,1.228852724345049,0.0,0.1403753132927252,-0.4913212855506803,-1.6819311688933405
SZAXPI015247-35,1,1,1,0,1,1,1,1,1,1,1,0,1,1,0,0,1,0,1,1,0,0,0,1,1,0,1,1,1,1,1,1,0,1,0,0,1,1,1,0,0,0,1,1,1,1,1,1,0,1,1,0,1,0,1,1,0,0,0,0,0,0,1,0,1,1,1,0,0,1,1,0,0,1,0,0,0,1,0,1,1,1,0,0,1,1,1,0,0,0,0,1,1,0,0,0,1,0,0,0,0,0,0,0,1,1,1,2.354616816335263,-1.5058889054558795,0.2387574795153744,0.0,-1.2548634603502826,-2.833423823535941,3.2890279217099265,3.654294123709133,-1.4388048680304073,1.411747640895975,0.7189518609906953,0.0,-0.9076500941839633,-1.4572113222041012,0.0,0.0,-2.695388544958312,0.0,-0.4954922432025359,-1.2365477631428123,0.0,0.0,0.0,-1.9849165807410607,0.4077255011077471,0.0,0.6180275252618761,1.642011333899624,-2.2682822823933018,1.5755980456061418,1.832724439930624,2.0811894904510284,0.0,-1.750085865967922,0.0,0.0,0.213854721766591,-0.947895506844076,-1.5758954617736776,0.0,0.0,0.0,-2.6148381245198267,2.3862473556631727,1.467612262519199,0.392984859806708,-0.4294674363358579,0.3696886416685894,0.0,2.6784811039006544,1.8884132059719327,0.0,-1.9303271977092773,0.0,2.015833568093079,-2.5493147785566985,0.0,0.0,0.0,0.0,0.0,0.0,3.856860039454816,0.0,0.8412445637992347,0.3415974745580589,0.1588249040005395,0.0,0.0,-1.39840299048574,0.6222724388051574,0.0,0.0,-0.212230996772589,0.0,0.0,0.0,0.5196118188372387,0.0,-0.9636470854565102,1.6385792114894389,-0.6800972502896399,0.0,0.0,-0.6857029952714337,0.8055809507587044,-3.33596169822128,0.0,0.0,0.0,0.0,-2.1123596744983284,-0.5025316365689139,0.0,0.0,0.0,-4.567579146801668,0.0,0.0,0.0,0.0,0.0,0.0,0.0,2.624390076409812,1.4457963699348084,0.242261987420896
SZAXPI015250-39,1,1,1,1,1,1,0,1,1,0,1,1,1,1,1,1,1,1,1,0,0,0,0,0,1,1,1,1,1,1,1,1,0,0,1,1,1,1,1,1,1,1,0,1,1,0,1,1,1,1,0,1,1,1,1,1,1,0,0,0,1,1,1,1,1,1,1,1,1,1,1,0,0,1,0,1,1,1,0,1,0,1,0,0,0,0,1,0,0,0,0,0,1,1,1,0,1,0,0,1,0,1,1,1,1,1,1,2.4120170780554293,-1.28949676873353,1.676390753840394,1.3284857348270167,2.9638749367109085,2.2681611793714103,0.0,1.0003242825354175,1.724770878917382,0.0,1.2203595092544473,1.4526071354718575,1.1441324346530373,0.4040697183970059,3.352028866229124,2.825335073379827,0.4462195580200774,0.0758940883449699,0.5049090002285301,0.0,0.0,0.0,0.0,0.0,-3.4965253461663703,0.4790196540592528,-1.9208191340275005,2.0124839872355427,0.9074668089726304,-0.8653573715722529,0.4369088314936427,0.7114459646862941,0.0,0.0,4.251251561449445,-0.2786352286229288,-0.7330088510988997,-0.7483496163368231,-1.3813981310173515,1.3727254529273192,-1.1652905636515918,3.306392907188473,0.0,4.678479995241046,2.3550824264838264,0.0,-1.2055010755734008,0.3625609791304953,0.9765105472702036,2.776819376370117,0.0,0.1551772816452745,-0.2471824320711231,0.3629417930382668,-0.285231558609482,-1.5729121359954703,-4.224763846537586,0.0,0.0,0.0,0.0355658531587761,-1.193283654330613,3.564361092405111,-2.6317872111575573,-0.2007492981641885,0.7182624577157906,-1.4234670239365728,-1.4160580581662146,-0.3158067607312744,0.3854615674378125,-0.1594651795675581,0.0,0.0,-0.7411195329737126,0.0,-6.324824675420158,-0.2332006144464129,0.0520912191016107,0.0,0.7026130687273549,0.0,2.3152987757639663,0.0,0.0,0.0,0.0,-1.4691119639297416,0.0,0.0,0.0,0.0,0.0,-5.781209228831176,0.1999198326158855,0.8725690943121487,0.0,-4.168550701697034,0.0,0.0,-5.323376135205695,0.0,-3.901990454274535,0.2190871701446346,2.359764422573359,-0.5124369549412409,-3.196603218820087,-2.96232962277704
SZAXPI015251-41,1,1,1,0,1,1,0,1,1,1,1,1,1,1,0,1,1,1,1,1,0,0,0,0,1,1,1,1,1,1,1,1,0,1,0,1,1,1,1,1,1,0,1,1,1,1,1,0,0,1,0,1,1,1,1,1,0,1,1,1,1,1,1,1,1,1,1,1,1,1,1,1,0,0,0,0,0,1,1,1,0,0,0,0,1,1,1,1,1,1,0,0,1,1,1,1,0,1,0,1,0,0,1,0,1,1,1,2.9201166078922194,0.0141855060245492,0.8814899081880052,0.0,-5.697357475524397,1.0149344564244889,0.0,4.4370207510285065,0.0027749348921717,0.1016999422335751,0.9151991802918292,0.3114842793061001,-0.7235952648249677,0.9873559911539872,0.0,4.018750634372167,-0.5767212862138136,-1.5334000789932567,-0.1773394586083405,-2.185812036693377,0.0,0.0,0.0,0.0,0.4944579484673651,1.68071388388552,2.3600126465782214,-0.8042145616544891,-0.8636628921378708,1.2363035199852783,0.6612502872842522,2.414758904479778,0.0,-1.0566630241651858,0.0,-1.4691666477748302,-1.8501831168371767,-0.3546894637522941,-0.018415880263501,1.011719953001591,-0.2607960014486374,0.0,-2.93206273164717,-4.513350102444159,-0.311103772296968,-2.482676483188223,-1.2045490006531163,0.0,0.0,1.8821015927996128,0.0,-0.7938931204435145,-1.690870314031052,-2.790329342800557,0.9808383654516216,1.9173274746163675,0.0,1.6910351012923257,1.380150390576418,-4.6143705047593695,2.505115413822653,-2.2370870627372264,2.941958674449511,-0.9356805833334252,1.501512929719289,0.4444798600377827,0.1230014501377956,0.3157889169949381,-0.3493644012467352,-0.8768883806173577,2.243747794913669,0.8499616421769779,0.0,0.0,0.0,0.0,0.0,1.910630288973438,-3.547760947177433,2.35764520551584,0.0,0.0,0.0,0.0,-1.7575835779516624,-0.5985551417246289,-2.1216206775103426,-4.016139880696168,2.525015045879856,-0.0533496932793045,0.0,0.0,-2.185464995218438,2.666074495099286,1.308705600081022,2.299566415847309,0.0,1.4541097626547252,0.0,-2.460047948967359,0.0,0.0,0.9474764070768956,0.0,0.6437193427638066,0.5320934100776332,-0.8415190648320068
SZAXPI015253-44,1,1,1,0,1,1,0,1,1,0,1,1,1,1,0,1,1,1,1,1,0,1,1,1,1,1,1,1,1,1,1,1,0,1,1,0,1,1,1,1,1,1,0,1,1,0,1,0,1,1,0,1,1,1,0,0,0,1,0,1,1,1,1,1,1,1,1,1,0,1,1,0,0,1,0,0,0,0,0,1,0,0,0,0,1,1,1,0,0,0,0,0,1,1,0,1,1,1,0,1,0,0,1,0,1,1,1,3.521824688645919,1.7801601782231269,1.291254994244306,0.0,2.5165819007502166,0.99636257067782,0.0,1.4875092548980628,2.0584581430225937,0.0,2.355961644417514,1.9585037663707408,2.6465076889891392,1.776883924987043,0.0,2.0091926524701447,1.1184942777691422,0.8926908288644436,2.645856910324814,-0.6499930629560198,0.0,1.3787262263171605,1.096788125356322,2.30052439785477,0.913754747154217,-5.120393977061043,3.304622881804557,2.33684641873713,0.7649652180754216,-2.236918798223938,0.7559547217046969,-0.5029285542159139,0.0,-0.3730443339778349,-4.8199076323632735,0.0,1.1810725656949772,-1.5539151621067333,-0.5216360583641473,-0.7630245174611185,0.0503828523228138,1.285566938226192,0.0,-3.701143528257856,3.012890803722521,0.0,1.6486323310018114,0.0,-3.994661382173738,1.8542392237011485,0.0,0.8842310129533185,-0.3885457258476998,5.6857158542818365,0.0,0.0,0.0,0.476690700240286,0.0,-1.8579453055627504,-1.4123690753626712,-0.4770940772840228,-0.9990963466835208,-4.279004553360005,-0.655908839792072,1.6603944714446244,-1.1561502723666752,-4.941514764458061,0.0,-0.9637685950312772,2.793398498634829,0.0,0.0,1.2718511835042314,0.0,0.0,0.0,0.0,0.0,1.981027202340076,0.0,0.0,0.0,0.0,-2.4095984070416394,-3.31498241866466,-2.7744334513157423,0.0,0.0,0.0,0.0,0.0,-2.747167886949456,1.563134690081715,0.0,-2.4991677290888568,-2.5412711539855826,-0.8109103224921523,0.0,-1.5460810875126554,0.0,0.0,-3.352983536843274,0.0,-0.4180409515453345,-1.8356918008708416,-1.6383611805891118
SZAXPI015255-46,1,1,1,1,1,1,0,1,1,1,1,1,1,1,0,1,1,1,1,1,1,1,1,1,1,0,1,1,1,1,1,1,0,1,1,0,1,0,1,1,0,1,1,1,1,1,1,0,1,1,0,1,1,1,1,0,1,1,0,0,1,1,1,1,1,1,0,1,0,1,1,1,0,0,0,0,0,1,1,0,1,1,1,0,1,1,0,0,0,1,0,1,0,1,1,1,0,0,0,1,0,0,0,1,1,1,1,3.4194464489235576,-0.76694589324573,-1.088937758583569,1.3661106061174588,0.8021511676504234,-3.7303688200268494,0.0,3.6698316229628674,0.1717718744158693,0.8560499419646134,0.6492056423214899,0.4796068097529924,-2.2065653133651657,-0.2399290337927357,0.0,3.5774717489917065,-1.9531945589238149,-1.070535934264297,-0.7136023919274339,-2.5416691753212173,2.4878372342117685,-0.020093285920179,-0.7660871555373121,1.3658843975974817,1.6191212236532515,0.0,3.4818029576174854,-0.3281860952624333,0.7342211591393187,1.0745154622033135,1.012278291894178,0.7893884419023881,0.0,-0.8838701911936955,-1.0505634357782427,0.0,-1.380138483504536,0.0,0.0530223099930493,-1.2689963351733011,0.0,2.78488866662234,-3.223618030571133,3.6108814058106096,-1.1451513514432603,-1.4741277173195937,3.742782183655377,0.0,2.400230614423725,3.734830362726522,0.0,-2.1033415937307254,-1.842627240849923,2.29781616087606,1.555477388556088,0.0,1.9845284883988603,-0.1704366158310017,0.0,0.0,2.026858053325531,-3.341679501423524,-2.399657513212043,-1.7380226783590027,1.3677039258133648,-2.855978914556889,0.0,-2.405045721202919,0.0,-4.3034763222659205,1.3181829577780193,-1.583691957842062,0.0,0.0,0.0,0.0,0.0,0.7940282622234099,-2.5057239176402546,0.0,0.5516229977711141,0.8775333054903454,-4.168716176670905,0.0,-0.3386431407103727,-0.2638822748152287,0.0,0.0,0.0,0.4985540296408858,0.0,-3.4144388557059524,0.0,1.5659872899486162,-0.5688558443770706,-0.0660491315052886,0.0,0.0,0.0,0.8525406368273372,0.0,0.0,0.0,-4.594442469918892,3.382568555735582,0.6823062371314852,0.8782519677039824
SZAXPI015258-57,1,1,1,1,1,1,1,1,1,0,1,1,1,1,1,1,1,1,1,1,1,1,1,1,1,0,1,1,1,1,1,1,0,1,1,0,1,1,1,1,0,1,1,1,1,1,1,1,1,1,0,1,1,0,1,0,1,0,0,0,1,1,1,0,1,1,0,1,1,0,1,1,0,1,0,0,0,1,0,1,1,1,1,0,1,0,0,0,0,0,0,0,1,1,0,1,1,0,0,1,1,0,1,0,1,1,1,3.870419440154417,3.236702022102128,2.953194068784671,2.1227987605225684,0.4623215497548194,0.6389678022747327,1.8138890839495303,1.076410641341754,0.0442368084243307,0.0,-0.2137835183537479,0.9959660711725592,-0.0946755988138026,-1.995045824196292,2.690922784596711,3.099967251890509,-1.4355470432229172,0.0872581197650619,-0.1468296463005796,2.6363259928486005,3.1988569800853,0.8171602360524362,-0.7720897289575783,1.194273819229551,0.9928136068600768,0.0,0.802165593485653,-0.838107968575329,-1.0219243324824985,1.620487668122571,1.493875893453029,0.9106102958564292,0.0,-1.7481089678855195,1.418537002666011,0.0,-0.4730214245450914,-1.6454392091846162,-3.2149793415819925,0.5794027817470553,0.0,2.71549470541116,2.7050994396661525,2.77560756669953,1.001893746489169,0.5124337765341864,3.3605219757997835,-3.8554472261465103,-1.7160004494771022,5.120626780519864,0.0,-1.6150175312724933,-5.43890965217735,0.0,-4.024177355736926,0.0,3.17785734413498,0.0,0.0,0.0,-1.0861533998035815,-2.5818501707483,-1.9647954837316253,0.0,-1.223369081702626,0.1722513325984542,0.0,-0.8146912712185641,0.3259196779173865,0.0,-0.5876809915070693,0.2616625468486027,0.0,-2.711392056769026,0.0,0.0,0.0,0.2980347844861899,0.0,1.6006720411384938,-4.2902869429345785,-2.2581884422804333,-0.7178956315055982,0.0,-3.6930598842533726,0.0,0.0,0.0,0.0,0.0,0.0,0.0,-4.068770731279744,-0.1216698847338837,0.0,1.5383716894533972,0.6168530025558059,0.0,0.0,-2.518370752235458,-2.2062826556963246,0.0,-0.1009402059618711,0.0,-0.9180970250140696,-1.0262667710679705,-1.8019984840391976
SZAXPI015259-62,1,1,1,1,1,1,1,1,0,0,1,1,0,1,0,1,1,1,0,1,0,1,0,1,1,0,0,1,1,0,1,1,0,1,0,0,1,1,0,1,0,0,1,0,0,1,1,1,1,1,1,0,1,0,0,1,0,0,0,0,0,0,1,0,1,1,0,0,1,1,1,1,0,1,1,0,0,0,0,1,1,1,0,0,1,1,0,0,0,0,0,0,1,0,0,0,1,1,1,1,0,0,0,0,1,1,0,3.3954872398289693,0.1825175095838366,2.840452063058449,-1.702129886391062,1.6870378277305451,1.5074306968458058,2.7865080037668584,2.695360130405574,0.0,0.0,1.873971745547892,1.5567470278113236,0.0,0.1356881806806581,0.0,-0.0790907106026173,-0.1032208212389265,-5.814222354736568,0.0,1.0997614207114113,0.0,0.7828331443063775,0.0,0.8542053970231777,-0.0343720037414713,0.0,0.0,-0.9550508117144408,1.1675588387233249,0.0,-0.2477090641920223,0.1750290012681128,0.0,0.1904602330189683,0.0,0.0,1.362202759439991,0.0216269419614544,0.0,0.7350854539934171,0.0,0.0,1.8430330979625544,0.0,0.0,1.303954571907432,3.329424448381168,2.163252469797235,0.2594503858550231,0.9276539565253662,2.051124213796313,0.0,-3.5951985490577645,0.0,0.0,-0.7051263268834738,0.0,0.0,0.0,0.0,0.0,0.0,1.38770627935529,0.0,-0.8304459297166591,0.6437531591183395,0.0,0.0,-4.346614637741686,-1.6008099994087217,1.2220642339580954,-4.883165152746112,0.0,-2.6787281388074184,-0.4662887190567941,0.0,0.0,0.0,0.0,2.143556681307597,2.471220101672936,-3.671728416316349,0.0,0.0,-0.6927703825648455,0.564821017640057,0.0,0.0,0.0,0.0,0.0,0.0,-2.395006467571734,0.0,0.0,0.0,-4.798871907356609,0.5453515139358093,2.622454325318836,-0.3143143553674328,0.0,0.0,0.0,0.0,-3.620677634358749,-4.993241802666738,0.0
SZAXPI015260-74,1,1,0,1,1,1,1,1,1,1,1,0,1,1,0,1,1,1,1,1,0,0,1,1,1,0,1,1,1,0,1,1,0,0,0,1,0,1,0,0,0,0,1,1,0,1,1,1,1,1,0,0,1,1,1,1,0,0,0,0,0,0,1,0,1,0,0,0,1,1,1,0,0,1,1,1,0,0,1,1,1,0,0,1,0,0,0,0,0,0,0,0,1,1,1,0,0,1,0,1,0,1,0,0,1,1,1,2.868618105142396,2.6868631541970043,0.0,1.7583990907652631,1.555969660308215,2.2101599274975987,1.050969166660455,3.065287679877031,0.8127662186227351,1.6982897974842497,0.8448082784683532,0.0,2.2063673253198406,-0.7863407588124938,0.0,2.2980854133213406,0.554224026236444,-1.27779076768187,0.9455936216578328,2.064783482245297,0.0,0.0,-0.7087381537479902,-1.2913507713594896,-2.74653747619545,0.0,3.435066301129229,0.1107573694652737,1.3925009479231922,0.0,1.5755560194867948,1.5323042666600415,0.0,0.0,0.0,-0.3278595568089282,0.0,1.3583961790163772,0.0,0.0,0.0,0.0,0.5991888489030857,-6.522318652164305,0.0,-1.6874998032645872,2.2449080305241456,-3.0706616568631766,-2.608717944594541,-0.7095244409405681,0.0,0.0,-1.60657257385858,-4.496944331754745,-1.0112271003066144,-0.0619612899046069,0.0,0.0,0.0,0.0,0.0,0.0,1.10074433375831,0.0,-0.9998056563512544,0.0,0.0,0.0,-1.2325907008300945,-1.074900931225805,5.115813685453928,0.0,0.0,-3.614555151556271,-2.616101944389181,-0.9204911924288006,0.0,0.0,-2.0201725321730204,2.3138257542603364,-0.0427181668683525,0.0,0.0,-3.587622269196684,0.0,0.0,0.0,0.0,0.0,0.0,0.0,0.0,0.8104635351520499,0.8540741918436248,0.1800295863623302,0.0,0.0,-0.2428595814224967,0.0,-1.690851995802388,0.0,0.2282594419163666,0.0,0.0,0.0001997520171861,-2.0437863802813245,-0.4727714108927248
SZAXPI015262-79,1,1,1,1,1,1,0,1,1,1,1,1,1,1,0,1,1,1,1,1,0,0,1,0,1,0,1,1,1,1,1,1,0,1,0,1,1,1,1,1,1,1,0,1,1,0,1,1,0,1,0,1,1,1,0,0,0,0,0,1,1,1,1,1,1,1,1,1,0,1,1,1,0,1,0,0,1,0,1,1,0,1,0,0,1,1,1,1,0,0,1,0,1,0,0,1,1,0,1,1,0,0,0,0,0,0,0,2.7411716476813024,-2.5557948067957783,1.0700687758847445,2.6984960314318487,-4.823288579978554,1.7829701036838772,0.0,4.375638633112365,1.271432546927652,1.755387754177256,3.009237237543933,0.6345639587425467,1.9678476408349068,0.9189848986871364,0.0,4.58654574521338,0.5718738380121937,-1.5444536691153816,-2.4775118884017333,-3.662295268312894,0.0,0.0,-0.2179115188388778,0.0,-2.4781726086107723,0.0,-0.2132337913852733,0.919449320656008,0.2297453960473299,-1.5753227604318931,0.6994129473198132,1.3982471907507834,0.0,-0.4810069337972891,0.0,1.1234310581471076,-3.930725409265353,-0.1469210575710837,0.9581783862783356,-2.2147412437600025,0.1453746332142098,3.547444284894432,0.0,4.565863172335726,1.322966836080563,0.0,0.4671008919713246,-3.525260301157189,0.0,3.659621536337213,0.0,-0.5818129920442501,-1.133547428267136,-2.351106219854927,0.0,0.0,0.0,0.0,0.0,-2.006435519027544,0.1611679402652894,-1.853404759154655,1.7585837150630743,-1.2228635498154563,2.2125565893338406,1.0586112237798284,1.1979356196377748,0.6862114354612772,0.0,-2.9289310277885825,-3.286792211486821,-1.9448653165177832,0.0,-2.685252874032665,0.0,0.0,0.2010909089214401,0.0,-1.3727538385108775,1.5101135371372822,0.0,0.9487754020940532,0.0,0.0,1.6950751643714883,-0.9123696320735416,-2.1901601214855737,1.4663246249977366,0.0,0.0,0.95494006907625,0.0,-2.766515838111431,0.0,0.0,2.123243016345444,-3.038449553595072,0.0,-3.647289627695024,1.373506634432641,0.0,0.0,0.0,0.0,0.0,0.0,0.0
SZAXPI015264-87,1,1,1,1,1,0,0,1,1,1,1,1,1,1,0,1,1,1,1,1,1,0,1,1,1,1,1,1,1,1,1,1,0,1,0,0,1,1,1,1,1,1,0,1,1,0,1,0,1,1,0,1,1,1,1,0,1,0,0,1,1,1,1,1,1,1,1,1,1,1,0,1,0,0,0,0,1,0,1,0,1,0,0,0,1,1,1,1,0,1,1,0,1,1,1,1,1,1,0,0,0,0,1,0,0,0,0,3.274476007882892,-4.177059692778492,1.3412881040923927,1.344477655283911,2.328500603110613,0.0,0.0,3.688611047644889,0.8547926560067537,2.0147164812809866,1.3710121456820197,0.0493090227194019,0.9781078333381508,-1.5638102471191064,0.0,2.891090605749699,0.1043280995067579,-0.769302135224682,-0.3071200928262418,-4.623147770627671,3.293278759631352,0.0,-0.3920018776452307,0.2722385877000093,-1.102657529966217,3.300998377158721,3.6414730587835455,0.0950845406231966,-1.9944495263253608,-1.079955740127908,-0.987527406698472,-0.2260609821610495,0.0,-1.89182164576364,0.0,0.0,1.8026883947249936,-1.888586443977128,1.0938799307785518,0.1898452210238006,0.0491694716085815,3.130723433857969,0.0,-6.7909584627575965,0.5342191365933899,0.0,3.148961638675348,0.0,-4.977692788308578,-0.2309737898805572,0.0,-2.161732133915268,-3.1942419722195394,-1.3077865183398745,0.7719034565183607,0.0,-2.656835929078577,0.0,0.0,-5.832108116464646,1.0654789746018638,-3.355569716347162,-0.4212808521055706,1.57605874793461,1.569763968220219,-0.6515425360612628,-0.1756502138162661,2.0030097083586966,0.0518640144700313,-1.4983093041040194,0.0,-0.0061571745012505,0.0,0.0,0.0,0.0,-0.64892105717024,0.0,1.7040246841184667,0.0,-1.2033841775228182,0.0,0.0,0.0,0.5515674230730854,2.4385492111236604,-2.1910193261870576,1.871215543176585,0.0,-0.5356257658623382,1.8618140229004645,0.0,-1.9609071055567544,0.7145577271288804,-4.3542986465089815,2.000038330425515,4.645718680944392,0.5201437405355256,0.0,0.0,0.0,0.0,1.0195176309612968,0.0,0.0,0.0,0.0
SZAXPI015267-102,1,1,1,0,1,0,1,1,1,1,1,1,1,1,0,1,1,1,1,1,1,0,0,1,1,1,1,1,1,1,1,1,0,1,0,0,1,1,1,1,1,1,1,1,1,1,1,1,1,1,0,0,1,1,0,0,0,0,0,1,1,0,1,0,1,1,1,1,1,1,1,1,0,0,0,0,0,1,1,0,1,1,0,0,0,0,1,0,0,1,0,0,1,1,1,1,1,1,0,0,1,0,1,0,1,1,1,2.9560439218639663,-0.0426052833278443,-0.6485891689335683,0.0,0.833698717372388,0.0,2.179302249539992,1.970578074861792,-0.3741340946268732,0.9660002700447146,-0.0699927477712334,0.6287600190656097,-2.058088566662533,-3.047244262450813,0.0,0.544278605014628,-0.8427994371411072,0.1728348515524804,-0.1907932775737104,-0.1377331643439512,0.5455220139569774,0.0,0.0,-1.0601490696398708,0.724670586830948,2.2638341439416427,1.6580284932351006,-2.200902425080976,0.435640986887833,-0.4500197502167613,-1.4791162004200804,0.5715966231238618,0.0,-1.3232242699352166,0.0,0.0,-2.265345302777224,-0.5188436058647472,1.0465706165930704,0.8326286263125438,-2.2404101234564884,2.2517250654372782,-0.3757516570824011,2.4919711509112576,-1.4756367257892693,-2.0974087872540776,2.582624029694473,0.7162088938570879,-0.5260744890041837,1.6106103902639246,0.0,0.0,-0.8840365703928486,3.23739830527516,0.0,0.0,0.0,0.0,0.0,-1.9397528921415728,-3.574366959468148,0.0,1.1022670747335908,0.0,0.2757806422419102,-0.1330957384381297,-4.183339644373664,1.1384246405105385,-1.0076758205952174,0.3538416302765033,6.353737613773512,-2.539097809744871,0.0,0.0,0.0,0.0,0.0,-1.3866301193370385,-1.8060143386559024,0.0,1.3065015991081212,-0.5034851681340538,0.0,0.0,0.0,0.0,-0.9625905751237824,0.0,0.0,-1.9536613221877053,0.0,0.0,-1.7491781935908983,-0.2562227929979936,1.6048669511726716,0.0010931536716101,2.4225642048258096,0.1164935339239259,0.0,0.0,1.520408107457485,0.0,-1.9358929480052744,0.0,1.864340308424405,-0.1456940427327975,-0.8952487504839901
SZAXPI015269-94,1,1,1,1,1,1,1,1,1,0,1,1,0,1,1,1,1,1,1,1,1,0,1,1,1,0,1,1,1,1,1,1,0,1,0,0,0,1,1,1,1,1,1,1,1,0,1,1,0,1,0,0,0,1,1,1,1,1,0,0,1,0,1,1,1,1,1,1,1,0,1,1,0,0,0,1,0,1,1,0,1,0,0,0,0,0,1,1,0,1,1,0,1,1,1,0,1,1,0,1,0,0,0,0,0,0,0,3.414679475055994,-1.7179096190378595,1.94023702594719,-1.4643921125146857,1.521620628910854,-1.0103453449118245,0.8303628262772367,-3.1508234972902223,1.2601475159575792,0.0,0.9094081254947608,0.6007388277973625,0.0,0.1450133687141064,1.5825288610159132,1.6831414920024894,-2.153170707532976,1.5562660891029123,-0.4255838808455359,-2.2966690370805543,0.2139024532755227,0.0,-1.077640554134421,-1.6175973446020466,2.02737228697075,0.0,-7.0558656715770285,-0.3936218151536594,0.3363534001234733,0.1878648261234459,1.1747810342485896,0.8320120889735992,0.0,-1.281179109492889,0.0,0.0,0.0,-1.8326936043181783,1.6794707643435125,0.692538080341411,-3.1676009327677344,-1.2435537944491244,-4.933864515478397,2.5822371900274588,-0.957889098141141,0.0,4.001412443929962,-3.830057409933183,0.0,0.9494578730098822,0.0,0.0,0.0,3.3970994943128687,-0.0382426584200137,2.4131398237804422,-0.58459515207398,-0.0511020507411836,0.0,0.0,-1.730313856712942,0.0,1.7024920611250605,1.1567027266571162,0.6763891778517258,1.5048783095481104,0.4225743426679563,1.5771918076631868,-1.784204801298878,0.0,0.5560197322823206,-0.9971488974598792,0.0,0.0,0.0,-0.5913450933281552,0.0,0.8397160619345766,-0.0280112007206774,0.0,0.2634520310758192,0.0,0.0,0.0,0.0,0.0,-4.359477410222661,0.4247097582285025,0.0,-1.433104644273386,0.9676867208273192,0.0,-1.5178469418349871,0.8192205581676505,1.5119462389259068,0.0,4.581603690945903,1.4483656152685094,0.0,-1.6588840725587837,0.0,0.0,0.0,0.0,0.0,0.0,0.0
SZAXPI015271-93,1,1,1,1,1,1,1,1,1,0,1,1,1,1,1,1,1,1,1,1,1,0,1,1,1,0,1,1,1,1,1,1,0,1,1,0,1,1,1,1,0,0,1,0,1,1,1,0,0,1,0,1,1,1,1,0,0,0,0,0,1,1,1,0,1,1,1,0,1,0,1,1,0,1,0,0,0,1,1,0,1,0,0,0,1,1,1,0,0,0,0,1,1,0,0,0,0,1,0,1,0,0,0,0,0,0,0,2.6797921591090823,0.3589466231761989,-0.1588311063621996,0.4085260112808833,0.4895476440417866,-0.5137221200195923,2.163013657301697,3.2938909531038383,0.0040960054053653,0.0,0.0080438984129502,1.8450406474059449,-1.3129620863926128,0.291534620765256,2.228344476727233,3.036287312924011,-2.637703639832009,0.5419863281741845,-0.950071406530471,-1.9337225774166715,0.6747022095980064,0.0,-1.127616524270212,-0.0791493463593031,0.5546817163479594,0.0,2.198022116211902,-0.7168813117378106,-1.332226528042634,1.1392367613110708,-1.784079339462259,0.0521846206303808,0.0,-1.2482106407359792,1.0232697463339528,0.0,-4.455865854602488,-1.0620641749014617,-0.0823954571924954,1.3778362348964532,0.0,0.0,-1.8508397194970847,0.0,2.637250217661072,1.1918937841112696,2.3596442793954786,0.0,0.0,1.2631940602368936,0.0,-0.7512555190020553,-1.5126741904061598,4.1263953230231065,1.8266861442762328,0.0,0.0,0.0,0.0,0.0,-0.6518384124701733,-1.7375179798162472,0.9784190794217292,0.0,-0.583349919113288,-0.1770820963270738,-1.6283965300651269,0.0,0.5396736125501296,0.0,-2.82199210195072,-2.696647701066183,0.0,-0.1003723410055623,0.0,0.0,0.0,-2.56799907519709,-1.3258787659465994,0.0,-0.0061498291826276,0.0,0.0,0.0,-1.1466683483792584,1.4134607934445371,-1.345630773263062,0.0,0.0,0.0,0.0,0.2780677965400527,-3.3467822660670827,0.0,0.0,0.0,0.0,0.5960629018029847,0.0,2.066845946991948,0.0,0.0,0.0,0.0,0.0,0.0,0.0
SZAXPI017453-19,1,1,1,1,1,0,0,1,1,1,1,1,1,1,1,1,1,1,1,1,0,1,1,1,1,0,1,1,1,1,1,1,0,1,0,0,0,1,1,1,1,1,0,1,1,1,1,1,0,1,1,1,1,0,1,0,0,1,0,0,1,1,0,1,1,1,1,1,1,1,1,1,0,1,0,1,0,1,1,0,0,1,0,0,0,0,1,1,0,0,0,0,1,1,0,0,0,1,0,1,0,0,1,1,1,0,0,1.8544703667565592,-0.9164431311421376,-0.2278036930784219,1.6838396409432828,1.260010003296259,0.0,0.0,3.153665501478104,-0.3933653654469369,-6.885968770731366,-1.867894547538112,-0.0516447698351116,0.6166149879419365,-1.603171215841366,-1.9977271248491768,3.1335224575610683,0.2007357184038674,-0.7374150083806084,0.6361934658688851,-2.094817067117833,0.0,-0.0005000013284688,-1.2885843868649844,-4.013534713521868,-0.3098892498868997,0.0,1.3525893008659702,0.0884353011977008,-4.100957528493027,0.4400757018098281,-0.6431231308979346,1.655659439125109,0.0,-0.2851191591687687,0.0,0.0,0.0,-0.3302705431567769,0.5486429490892897,-1.6440101378527132,2.8910231514836435,2.912304922059098,0.0,4.061858605919412,-0.5670727316543198,-4.387816894193345,0.8986209792324544,-3.572510303377217,0.0,-0.5562478652086693,-0.6649810653451349,0.6971566087080355,-0.1537580642641596,0.0,1.6787642797389966,0.0,0.0,1.7229573004836336,0.0,0.0,-0.3687702831242747,-0.4695633390145626,0.0,2.0722111008601147,2.4136161495169306,2.6731111429975134,0.6713996867869882,1.699256831076699,0.6735698808694088,0.4742369782489176,3.547061738265392,1.6213276083995594,0.0,-5.489724078758307,0.0,-5.761039173745883,0.0,3.70755713496462,2.046370516445888,0.0,0.0,3.1193079277067963,0.0,0.0,0.0,0.0,-1.8269243374274229,-2.540087582693837,0.0,0.0,0.0,0.0,-2.0592563147960385,0.116005183489753,0.0,0.0,0.0,0.7816760297525132,0.0,1.0609742880121136,0.0,0.0,1.327759789621881,0.1342219375805595,-1.816813027823102,0.0,0.0
SZAXPI017454-20,1,1,1,1,1,1,0,1,1,1,1,1,0,1,0,1,1,0,1,1,1,0,0,0,1,1,1,1,1,1,1,1,0,1,1,0,1,1,0,1,1,1,1,1,1,1,1,1,1,1,0,1,1,0,1,1,1,1,1,1,1,0,1,0,1,1,1,1,1,1,1,1,0,1,1,1,1,1,1,1,0,0,0,0,0,0,1,0,0,0,1,0,1,1,0,1,1,0,0,0,0,0,1,0,1,1,1,1.9807572841421968,2.899903134125513,-1.3528786571017084,-0.0170669180630764,1.999570481107616,-0.6304785254103231,0.0,2.136240506050849,1.0532434000194288,3.020511195600464,-1.2902965011523977,-1.0675787535491137,0.0,-1.2994914766600882,0.0,3.832650825081581,-0.3918741254439661,0.0,1.1435184874778916,3.285495730437723,3.7039688368887247,0.0,0.0,0.0,-1.3022880795368732,0.2932230584213926,-2.368054953537301,1.5779554868911638,0.6428216015098107,-0.5194671923567709,-2.3946724945372573,1.71491602241539,0.0,1.0187597330783569,-3.724165317021729,0.0,-0.4967820935886167,1.5881554839098913,0.0,2.746679272762428,0.1135629923234808,-3.0795049485888475,-2.3282090449901016,-2.2608200230851248,1.6394942524794829,-2.001918965542252,1.494470320381502,2.3718068335741926,1.0642159976114665,0.8227636303624941,0.0,-6.487092128349774,-1.345203675860559,0.0,-5.314371867527941,1.7291830629667246,1.1143102062339596,-0.2529831072648567,-1.34407995397582,0.2892832879602911,1.4056472219587413,0.0,-4.451883841646763,0.0,1.157661579042104,2.879255440816592,-0.917134129555832,0.6646344446579981,0.5813091734887856,0.4484279622597049,1.0875255864473006,-1.383947776728905,0.0,-3.653878784293557,1.830279579571312,-3.385614797698878,1.852316889072036,-3.50102176570752,0.7475844271907273,-1.665880474319294,0.0,0.0,0.0,0.0,0.0,0.0,-2.651784040502489,0.0,0.0,0.0,-0.503155847662583,0.0,0.2802952554741245,3.438606536384822,0.0,-4.289867551013554,-3.411909038231565,0.0,0.0,0.0,0.0,0.0,0.4339589833893278,0.0,4.582503994924466,3.237390668413706,1.1804979835996867
SZAXPI017458-25,1,1,1,0,1,1,1,1,1,0,1,1,1,1,1,1,1,1,1,1,1,1,1,1,1,1,1,1,1,1,1,1,0,1,1,1,1,1,1,1,0,1,1,1,1,1,1,1,0,1,1,0,1,0,0,1,1,1,1,0,1,0,0,0,1,1,1,0,1,1,1,1,0,1,1,1,1,0,0,1,0,1,0,0,1,1,0,0,0,0,0,0,1,0,1,0,1,1,0,0,0,0,0,0,0,0,0,4.276164157823119,1.831722798869096,1.18571863368026,0.0,2.271316492884959,0.6961225437123296,-4.4916140493795575,-1.5589399117927023,0.0068527981357968,0.0,1.217244089101512,-1.131507082585531,1.266449201164325,-0.4587852063663604,-4.506212848800709,3.332439690915462,0.9784416939491714,-2.9470367711474976,0.7240303417774482,-0.7041360205217091,0.9671694164136204,1.2450205805811114,-1.3586434940958043,2.965733171215213,2.054727677969528,2.3883628221934816,2.9131383454320368,-0.3547870362095116,-0.1104936222892132,1.9015080442038907,2.3985723375452976,2.904175765067756,0.0,-1.424797694696921,3.033069702124644,1.8906432743002524,0.663044904514198,-1.303147629959151,0.044563265121583,-2.1222285025938765,0.0,-1.1226537716053573,1.814467276800824,3.7889819686686734,1.104138398667832,-0.5662504746833219,3.47118688574218,-1.594022043509905,0.0,4.5347552902234645,-3.998332735264476,0.0,-1.601510711831266,0.0,0.0,3.32947299868902,-2.5779647625424653,1.592852350044467,-4.319001306712563,0.0,0.7484957598195116,0.0,0.0,0.0,1.499234365929219,-1.8908944550174367,-0.536198443228723,0.0,-3.9054389883717793,0.2226921248873983,1.9835953333947145,0.2868596975162205,0.0,-0.7809920113649131,-6.42313546098277,-6.0866632243615575,-0.3628447229449361,0.0,0.0,-0.0646579254746457,0.0,-1.810989661258254,0.0,0.0,0.6505861317670509,-2.078464612852658,0.0,0.0,0.0,0.0,0.0,0.0,-4.8614882123850185,0.0,-0.1714885151255925,0.0,3.1859318127373464,-4.144160233627859,0.0,0.0,0.0,0.0,0.0,0.0,0.0,0.0,0.0
SZAXPI017459-26,1,1,1,1,1,1,0,1,0,0,1,1,0,0,0,1,1,0,1,1,0,0,0,0,0,0,0,1,1,1,0,1,0,0,0,0,0,1,0,0,1,0,0,0,0,1,0,1,1,1,0,0,1,0,0,0,0,0,0,0,0,0,0,0,1,1,0,0,0,1,1,0,0,0,1,0,0,0,0,0,0,1,0,1,0,0,0,0,0,0,0,1,1,1,0,1,0,0,0,0,0,0,0,0,0,0,0,2.4563102899659985,1.351952824318592,2.0994355782566343,0.0221056310800784,2.263180354621812,3.1845231757953854,0.0,2.0595144709357265,0.0,0.0,1.2998262627654298,2.637532890215571,0.0,0.0,0.0,1.2918777762433056,2.931738794788453,0.0,1.149654257502461,-0.7652344783166932,0.0,0.0,0.0,0.0,0.0,0.0,0.0,-1.7469507881843107,1.5410014294270495,1.2492251121563558,0.0,-0.2592476432392755,0.0,0.0,0.0,0.0,0.0,0.9566068418100746,0.0,0.0,-0.9862386361484275,0.0,0.0,0.0,0.0,-5.053388645620999,0.0,1.4366169765051755,-5.203747851711996,2.6027625231942686,0.0,0.0,-2.590081107636461,0.0,0.0,0.0,0.0,0.0,0.0,0.0,0.0,0.0,0.0,0.0,0.4586490958650322,-1.851870575938087,0.0,0.0,0.0,-0.5647522758888598,-5.200442063577496,0.0,0.0,0.0,-0.8029010875575698,0.0,0.0,0.0,0.0,0.0,0.0,-1.125649335020419,0.0,-1.736977715703937,0.0,0.0,0.0,0.0,0.0,0.0,0.0,0.1751113337962882,-0.3442948732996118,1.212134613026968,0.0,-4.147983154426515,0.0,0.0,0.0,0.0,0.0,0.0,0.0,0.0,0.0,0.0,0.0
SZAXPI017460-27,1,1,1,1,1,0,0,1,1,0,1,1,1,1,0,1,1,0,1,1,0,0,1,0,1,0,0,1,1,1,1,1,0,1,0,1,0,1,0,1,1,1,0,1,1,0,1,1,0,1,0,0,1,1,1,1,1,0,0,0,1,0,1,0,1,1,1,1,0,1,0,0,0,1,1,0,0,0,1,1,1,0,0,1,0,0,1,0,0,0,0,0,1,1,1,0,0,1,0,1,0,0,1,0,0,0,0,0.5938536051578538,0.4930351368966011,0.6112196783237874,-1.127348062154424,-3.2404302389458506,0.0,0.0,3.248895667493402,0.6777099752174747,0.0,-2.1577461608077018,-1.7405356985819849,-0.3713529779348152,-0.4768827126471107,0.0,2.540721771329204,-3.788927388878293,0.0,0.7266838490787021,-1.8024960424173408,0.0,0.0,-5.853007645396642,0.0,2.167190664333985,0.0,0.0,-0.0867466968731967,-2.9458400610274333,-1.230189231509397,-1.3120508301612055,1.489274143434654,0.0,-0.7555981298011705,0.0,-6.132592507615803,0.0,0.6895697428834499,0.0,-2.316654175382962,2.821851989520071,1.646483131141664,0.0,2.5299040463511417,0.2250261077870863,0.0,0.777691828667697,-1.4655082089814055,0.0,0.1964669176049513,0.0,0.0,-0.5383609169160555,1.617834741428685,2.3267460124492034,2.574151423315614,-0.315241361090695,0.0,0.0,0.0,-0.3317418685243796,0.0,-2.266782345342789,0.0,0.6176408237987523,3.57591859032373,1.5935205320852934,4.33700078737578,0.0,0.3532240049201143,0.0,0.0,0.0,-0.511432229530469,0.5236985622835897,0.0,0.0,0.0,0.3780737758009991,2.339383965969316,-1.785441202255934,0.0,0.0,-3.349973611016085,0.0,0.0,-0.3128446578055781,0.0,0.0,0.0,0.0,0.0,-0.0903428597449085,3.235171982481005,1.0113817557295022,0.0,0.0,-0.620921288347487,0.0,1.6153176699138163,0.0,0.0,-0.6076537734060063,0.0,0.0,0.0,0.0
SZAXPI017463-36,1,1,1,1,1,1,1,1,1,1,1,0,0,1,0,1,1,1,1,1,0,0,1,1,1,0,1,1,1,1,1,1,0,1,1,1,1,1,1,1,0,0,0,1,1,1,1,1,1,1,1,1,1,1,1,0,0,1,1,0,1,1,1,0,1,1,0,1,0,1,1,1,0,1,1,0,0,0,1,1,1,1,0,0,0,0,1,1,1,1,1,0,1,1,0,1,0,1,0,1,0,0,1,1,1,1,0,1.652962565507638,-2.023200320277728,0.4719428725159424,2.954850874353067,2.6844711957490013,2.1089630920815305,2.5899717784464293,2.7630661824082177,0.5460308044690212,2.054504295172326,1.6279348811988783,0.0,0.0,-0.606422942432761,0.0,0.3476789875010915,-0.5788456467840777,-0.9249282255234276,0.1471353568421607,-2.849295973014328,0.0,0.0,-0.2179271318829496,-2.7383566423294625,-3.547897004256737,0.0,-2.1146743301848305,-3.381323804430921,-0.5443050738853179,-2.0641640481976955,-0.359802603727974,1.928958730175388,0.0,-0.6275956930067408,3.251738748161568,-1.876952506109549,0.2398020892977994,1.992348866383848,1.0588812630752082,0.0852384764011231,0.0,0.0,0.0,1.7826228150656274,3.1140476459294453,-2.961847959253159,-1.2555200878552153,2.070418354969392,4.435503089499477,0.630017690799335,2.960560049744922,-2.4332678399873435,-0.490952046534757,-2.582221047201839,3.052674779610769,0.0,0.0,2.1892346125806674,3.5783108405514863,0.0,0.4590383745885367,-3.677863330716763,-4.686355201472047,0.0,3.080127837394567,0.5181606028332862,0.0,-4.657507047134388,0.0,-0.5087461103352249,-1.7426867373045591,-0.6797318024462888,0.0,-2.328266179074096,-1.610505176156082,0.0,0.0,0.0,1.4387230519457646,0.7936737797955304,-3.042398041996472,-0.3587074897588966,0.0,0.0,0.0,0.0,-1.64044000586332,2.538607799866055,2.180887994311954,-0.2125167385640385,-0.0268354207343737,0.0,-1.4288216736934554,-0.0325806990128696,0.0,1.728422358167948,0.0,0.9395975621806544,0.0,1.2719182227906654,0.0,0.0,0.0160302221590067,0.0591282065099401,-2.60813391619744,-3.922590453698148,0.0
SZAXPI017465-43,1,1,1,1,1,1,1,1,1,0,1,1,0,1,0,1,1,0,0,1,0,1,0,1,1,0,1,1,0,0,1,1,0,0,0,0,1,1,0,1,0,1,0,1,1,0,0,1,0,1,0,1,1,1,0,0,0,0,0,0,0,1,0,0,1,1,1,0,1,1,1,0,0,1,1,0,0,1,0,1,0,1,0,0,0,0,0,0,0,0,0,0,1,1,0,0,1,0,0,0,0,0,0,0,1,1,0,0.0925035617635234,-1.0307905711173753,1.5576006636848847,-4.249666395985576,-3.8159077792348,4.638983472436282,-6.008849694779019,2.1278936507509907,0.1942306755066409,0.0,0.0677334134312896,-1.5081856886428375,0.0,0.2947549882906459,0.0,3.909852298178712,-2.797695916004728,0.0,0.0,-1.9444357988031056,0.0,1.507709154787822,0.0,-1.718390253630627,-3.275481685692518,0.0,1.945184901904944,-4.217090225550964,0.0,0.0,1.9485430762736635,0.943658304826016,0.0,0.0,0.0,0.0,-1.608246674532201,0.3190184052728255,0.0,-3.498625237006728,0.0,2.396276783938484,0.0,4.928985092165677,3.663503328841317,0.0,0.0,-1.3578240495890888,0.0,-1.268274871784724,0.0,-3.5336049559027547,1.608796419527215,4.6806630670341125,0.0,0.0,0.0,0.0,0.0,0.0,0.0,-3.717870147905281,0.0,0.0,1.2764195714162323,2.722939855316177,1.880652685094347,0.0,-1.1081437421064986,2.7961736350497715,1.15866290324347,0.0,0.0,-1.3153869016452484,-2.0071266224373145,0.0,0.0,5.611299318556139,0.0,3.362640978242453,0.0,1.5938204322870937,0.0,0.0,0.0,0.0,0.0,0.0,0.0,0.0,0.0,0.0,0.1485366393803397,1.9562550760837225,0.0,0.0,-2.797695916004728,0.0,0.0,0.0,0.0,0.0,0.0,0.0,-3.5466344561930887,-3.0073647687355773,0.0
SZAXPI017580-90,1,1,1,1,1,1,1,1,1,0,1,1,0,1,0,1,1,1,1,1,0,1,1,0,1,1,0,1,1,1,1,1,0,1,0,1,1,1,1,1,1,1,0,1,1,0,1,1,1,1,1,1,1,1,1,0,0,0,0,0,1,1,0,0,1,1,0,1,1,1,0,1,0,0,0,0,0,1,0,1,0,0,0,1,1,1,1,0,0,0,0,0,1,1,0,1,1,0,1,1,0,0,0,1,0,0,0,2.242462165810874,-1.5918799907557812,0.6396746991444339,-2.453018902554856,1.6237382483893097,-6.610522358195125,3.452035684801646,4.29819128449854,1.7693608822565063,0.0,-0.0062199178475774,2.2553995837397776,0.0,-1.3038575755269213,0.0,3.0631523941205767,0.1444587441248244,-2.462729961529611,0.1558726429304353,-4.576201251795759,0.0,2.987290854901492,0.1175783925438169,0.0,1.0079166104559345,1.8799160959122927,0.0,1.4252802652244732,0.0396425373128943,-0.7384045687197085,1.959129330848567,1.4468178642079847,0.0,-4.325741889834585,0.0,-2.064727574623036,-0.1150791034571157,-0.0381164171092525,1.2056575013373565,1.190989297591868,1.257731907325488,-2.927542626208377,0.0,-1.7288351386558465,-0.7576439743732892,0.0,0.8775571704775568,0.8393177848672632,2.7695086648950795,1.255455619169825,2.592594931191448,-2.0581946535814133,-1.161758643383582,3.687425857389253,1.927718360048703,0.0,0.0,0.0,0.0,0.0,3.031201190857306,-3.1860681143687017,0.0,0.0,2.2252186775579186,-0.1627039021526248,0.0,0.7373457073777688,-0.0100917917595828,-0.6103458704851208,0.0,2.0858600383394013,0.0,0.0,0.0,0.0,0.0,-2.225925499965697,0.0,-2.716303977400485,0.0,0.0,0.0,-2.095469973418238,-0.9330637278253688,-3.9303069560863584,-2.7831605524116547,0.0,0.0,0.0,0.0,0.0,-1.893863413822037,3.0706962604374546,0.0,1.9192327770509143,-2.1575439875489586,0.0,0.6796100106074681,-3.041818505524155,0.0,0.0,0.0,-1.1938992168256382,0.0,0.0,0.0
SZAXPI017585-109,1,1,1,0,0,0,0,1,1,1,0,0,0,1,0,1,1,0,0,1,0,0,0,1,0,0,0,0,1,1,1,1,0,0,0,1,1,1,0,0,0,1,1,1,1,1,1,1,0,0,0,0,1,1,0,0,0,0,0,0,0,0,1,0,1,1,1,0,0,1,0,1,0,1,1,0,0,1,1,0,1,1,0,1,0,0,0,0,0,0,0,0,1,0,0,1,1,0,0,1,0,0,0,1,1,1,1,0.789812597973819,-0.8215089502503452,1.3595898003136622,0.0,0.0,0.0,0.0,4.6369850706708,-0.0763777016775719,1.7235663880201582,0.0,0.0,0.0,-4.49639199301867,0.0,4.725387039450885,-2.41110116582014,0.0,0.0,-0.909469307157858,0.0,0.0,0.0,-1.2134741601468426,0.0,0.0,0.0,0.0,0.8001186883044179,3.124505968259814,1.017880696448495,2.013984528590272,0.0,0.0,0.0,-0.5634344181855084,1.398219668680898,0.5473591450482644,0.0,0.0,0.0,-2.0783530891472544,-1.625257438666651,0.6744201398403098,0.4173241259699041,-2.586715789357376,3.1547642316178868,-0.3112326261411215,0.0,0.0,0.0,0.0,-4.123957410586987,0.4012592014001516,0.0,0.0,0.0,0.0,0.0,0.0,0.0,0.0,-1.0560201827141298,0.0,2.338047002563092,-1.5806723433548764,-0.3208945370528586,0.0,0.0,-2.2433916035836106,0.0,1.0054701756798057,0.0,-1.1705252134280149,-4.656577694180398,0.0,0.0,2.3440155277864143,1.4285971403351685,0.0,-2.8233184940455907,1.80142181439655,0.0,-0.2606648696177991,0.0,0.0,0.0,0.0,0.0,0.0,0.0,0.0,-1.0124341339078535,0.0,0.0,2.2031305766268625,-4.665088383848307,0.0,0.0,1.3031490894903417,0.0,0.0,0.0,-4.510937704021049,3.22183932765824,1.1551213486801502,1.9318299161044483
SZAXPI017586-111,1,1,1,1,1,0,1,1,1,0,1,1,1,1,0,1,1,1,1,1,0,0,1,1,1,0,1,1,1,1,1,1,0,1,0,0,0,1,1,1,0,0,1,1,1,1,1,0,1,1,1,0,1,0,1,0,0,0,0,0,0,0,0,0,1,1,0,1,1,1,1,1,0,0,1,0,0,0,0,1,1,0,0,0,0,0,1,0,1,0,1,0,1,1,1,0,1,0,1,1,0,0,0,1,1,1,0,3.578557537414172,0.8840140723305843,0.8569556640986852,2.438759597209238,-0.7524039980125927,0.0,2.9384199649440044,1.6365597731635189,-0.725068469562532,0.0,0.8107386791454837,0.842624386418146,1.831667369866292,-2.4519167315732844,0.0,2.755360135518149,-0.572650507223349,0.9028263215523756,0.3726763236795801,-1.4969268418905746,0.0,0.0,-1.2131651293551446,-4.165803853462713,1.1560753247646036,0.0,3.4847483723964467,-1.191285103040601,1.2513608886216616,2.3442393531239967,0.154084018612414,2.4028162404556106,0.0,-0.0391806178760705,0.0,0.0,0.0,-1.50381487022603,0.9824961933350368,0.330148000013541,0.0,0.0,-0.5223464795101977,2.4491659236537413,2.55403643280639,-0.8495677464662403,2.1260439418036188,0.0,2.394918671919348,2.064357904757532,1.8379463016926656,0.0,-3.207250580994792,0.0,0.8931248603551973,0.0,0.0,0.0,0.0,0.0,0.0,0.0,0.0,0.0,-0.1700222804503841,-1.1832270417108386,0.0,-3.462804376459756,-3.918015988237173,-1.444638710282675,0.0478041295862052,0.0416925750402026,0.0,0.0,-1.4322081475288309,0.0,0.0,0.0,0.0,-5.057643489472705,0.8160651955227339,0.0,0.0,0.0,0.0,0.0,-3.3900278224628426,0.0,-2.786464314216192,0.0,2.2727965448955434,0.0,-2.2120041171322367,2.4279131793085496,-0.5290518091011311,0.0,-3.561650211096389,0.0,0.0726553397740841,2.508094752501062,0.0,0.0,0.0,1.1839780799336217,-3.938313328300848,-3.8682694845679206,0.0
SZAXPI017589-133,1,1,1,0,1,1,0,1,1,0,1,1,0,1,0,1,1,1,1,1,0,1,0,1,1,0,1,1,1,1,0,1,0,1,1,0,1,1,0,1,1,0,0,1,0,1,1,1,0,1,0,1,1,1,0,1,0,0,0,0,1,1,0,0,1,1,1,0,0,1,1,1,0,0,1,0,1,0,0,1,0,1,0,0,0,0,1,0,0,0,0,0,1,0,1,1,1,0,0,1,0,1,0,1,0,0,0,3.108934279029355,-1.1264379444015329,1.7615743639694643,0.0,1.871783116430444,1.206218937507654,0.0,-5.321671501454997,0.7443294974247738,0.0,1.2002629131324136,1.1688419024155277,0.0,-1.3698362418921088,0.0,2.514363887174252,0.1632530970428527,-4.402308570543872,0.7884987324589363,-1.7809351677185292,0.0,1.6770067251092329,0.0,-3.309850147450141,2.82900950767524,0.0,2.7098238561272527,-0.2236830084549992,1.3669705550539637,2.6081195664982,0.0,1.9802960658859867,0.0,0.2916811726411803,2.4054501043592422,0.0,-2.2808187926205363,2.865572134329221,0.0,-2.1969373086398347,-4.019595219419124,0.0,0.0,-5.291366151959668,0.0,-0.7076178139460407,-1.967727004643388,1.935222704579084,0.0,-1.8359444521767057,0.0,-1.8094374364060144,-2.766234700861159,2.008451384018247,0.0,3.247702436600373,0.0,0.0,0.0,0.0,-2.116426618741081,-2.9085087565258387,0.0,0.0,0.9441852749748338,1.537216687322053,-0.4277428994038694,0.0,0.0,-2.9378609685383656,-1.297969522394518,-2.726416794498132,0.0,0.0,-3.982630025185652,0.0,2.6399239726036323,0.0,0.0,1.547502859661198,0.0,1.2521590624464285,0.0,0.0,0.0,0.0,-2.0665379285641725,0.0,0.0,0.0,0.0,0.0,-0.8462596153863751,0.0,0.6574089864532631,2.770422001974599,5.822827159250844,0.0,0.0,1.7341058254868813,0.0,2.789522593152637,0.0,-2.4278867709625924,0.0,0.0,0.0
CCIS00146684ST-4-0,1,1,1,0,1,1,0,1,1,0,1,1,0,1,0,1,1,1,1,1,0,1,1,0,1,1,1,1,1,0,1,1,0,1,0,0,1,0,1,1,0,1,1,1,1,0,1,1,0,1,0,1,1,1,1,0,0,0,0,1,1,1,1,1,0,1,1,1,1,1,1,1,0,1,0,0,0,1,0,0,0,1,0,0,1,1,1,1,0,0,0,0,1,1,0,0,0,0,0,0,0,0,0,1,0,0,0,3.3823518748105883,-1.4050473274357846,3.187486309718751,0.0,-4.177331867163715,3.5839448270678416,0.0,2.9724952041616763,0.3701215696681003,0.0,3.235288239592945,2.9824915435577104,0.0,2.3247539032598654,0.0,2.036107665539756,-0.5911805489350273,-1.0249494332060431,-0.5723498643112417,-4.702863638319402,0.0,1.1931250774047086,0.7396965807086102,0.0,-0.1763002914947793,2.16470387570341,2.753617067577678,2.3362519539192816,1.5688713233764384,0.0,1.82753996617047,-1.0177980320484183,0.0,2.2645494432871924,0.0,0.0,0.5417968022910349,0.0,-0.8846539911053262,1.4431395204152415,0.0,3.471708243858311,-3.871566119278639,2.9019078700010104,-2.791645963622681,0.0,0.7839121088703005,-1.6206516791671872,0.0,-0.9760304968789552,0.0,-0.6753831158021155,-2.594522747076216,3.375058674166471,1.066973696962281,0.0,0.0,0.0,0.0,-1.4735079402324531,-0.7621212095586369,-1.7438038869874266,1.4407831622353604,1.960631636398309,0.0,-0.9120554763956512,-0.032846336838566,-0.087295028919164,1.226999086416141,-4.277031227386803,-2.2128261409490566,-5.127020879439718,0.0,-1.680733892914385,0.0,0.0,0.0,1.5293984076867029,0.0,0.0,0.0,-0.9132640481041407,0.0,0.0,0.7361098850960013,-2.4384463150757707,-2.030561449185967,0.9619526861157028,0.0,0.0,0.0,0.0,-4.980989324050964,0.5965025607275347,0.0,0.0,0.0,0.0,0.0,0.0,0.0,0.0,0.0,-5.205492494881214,0.0,0.0,0.0
CCIS05314658ST-4-0,1,1,1,1,1,1,0,1,1,1,1,1,1,1,0,1,1,1,1,1,1,1,1,1,1,0,1,1,1,1,1,1,0,1,1,1,1,1,1,1,1,1,0,1,1,1,1,0,0,1,0,1,1,1,1,0,1,1,1,0,1,1,1,1,1,1,1,1,1,1,1,1,1,1,0,1,0,1,0,1,1,0,0,0,0,0,1,1,0,0,1,0,0,1,0,1,1,1,0,1,0,0,0,0,0,0,0,3.519572198776894,-2.1054882657718528,3.08316777525079,1.6159112244730849,1.2562973673456614,2.710296697859401,0.0,3.9218362852969215,0.8473029082839764,1.7351610892864544,-0.2917773299369799,0.677616130547897,-2.2232318575864007,1.992096020258309,0.0,3.299608300380064,0.4814996252866906,0.1981691457404368,-0.0269148824670524,-1.7437771135177775,-0.2280945463139494,-3.8937826189166063,-0.2005259662763749,0.9662930241602264,-1.7367687624493326,0.0,3.0484943967452205,-0.8793582123504624,-0.0680165581526044,-4.187773860561652,1.6195472179139174,1.4592462498880718,0.0,-0.1342952460057596,2.705879926445832,-0.7301403136288598,0.9490813522305126,-1.7244055207110298,-0.668137305993159,-2.388448150950281,-1.3327596825541388,1.5417832797288054,0.0,2.793417736493668,-2.1447468464770645,-5.370869079866033,1.638868287035556,0.0,0.0,3.178756099096792,0.0,-1.66824158937287,-2.7544992905175687,3.000541353110581,0.7512430569407086,0.0,-1.1639586182648354,0.870179749545361,0.2157293532547011,0.0,-0.3398371578621308,-2.493901728820263,1.3754653539118828,0.4022441338949889,1.9362611746119305,-2.7989510530884023,0.1133790250168766,-2.872282326173952,-3.0262065823616147,-1.7845991080380328,1.1275001911761555,-1.2866305079943308,-2.7795693898060168,-0.8598279532978292,0.0,-0.3110501531711094,0.0,0.6846560849456658,0.0,3.358490610071295,-1.0529402920910162,0.0,0.0,0.0,0.0,0.0,-2.147704942307055,1.6460518627014769,0.0,0.0,0.351121276299473,0.0,0.0,0.7130277307014021,0.0,0.5236475834959351,-4.018191329545127,0.6465974419572441,0.0,0.4816658230386549,0.0,0.0,0.0,0.0,0.0,0.0,0.0
CCIS07539127ST-4-0,1,1,1,0,1,1,0,1,1,0,1,1,1,1,0,1,1,1,1,1,0,0,1,1,1,0,0,1,1,0,1,1,1,1,1,1,1,1,1,1,1,1,1,1,1,1,1,1,0,1,1,1,1,0,1,1,1,1,1,1,1,1,1,1,1,1,1,1,1,1,1,0,1,0,1,1,0,1,0,1,0,1,1,0,0,0,1,1,0,0,0,0,1,0,0,1,1,1,0,1,1,0,1,1,0,0,0,2.83834363238008,1.8740457007077087,1.5048720930839363,0.0,1.8401943755765848,0.8775555533480337,0.0,4.0816927473008775,1.480189632531831,0.0,0.1567104452930576,2.6053037169591526,0.4828717400248786,2.136505709541889,0.0,2.2818686121261287,-0.994784803871301,-0.5769858815075282,0.0545473247008718,1.1898259502945776,0.0,0.0,-1.7925981023993212,0.6023920013086418,2.104199764791068,0.0,0.0,2.254943544796207,-0.8326018457071329,0.0,1.0297941239389825,2.158330765384905,1.543904186491118,0.0984008247729482,1.0954801954597604,1.0037554068258097,0.2072733198781056,-2.453530468676955,0.1418200627295927,1.9140819844823247,-1.240410223946441,2.569660767611451,-3.689579956198582,-7.055495523716098,-0.6266796796376295,-1.8714673035701883,2.249933185277301,-0.8828767675661677,0.0,-1.3820348089462853,-1.232331292039816,-0.4498187841363124,-2.015171985918017,0.0,1.7337867996774412,2.519418514992173,-5.243933427191863,1.1948947670455148,2.353813732826814,-1.0636310565867884,1.4395583925674824,-2.0141370569770007,2.251644826853796,-3.6086876308018905,1.970878739932248,0.4552633859730188,1.9634712450346776,-2.7428189671770093,-0.1351004643875246,-1.324097882026923,-2.2851499397690223,0.0,1.4029747365232943,0.0,-4.502930225454283,-5.538172900189803,0.0,1.0240109752908912,0.0,-4.601048081412806,0.0,-0.8721717153336723,1.881018342578745,0.0,0.0,0.0,-2.266671335700273,1.471941024923818,0.0,0.0,0.0,0.0,-2.6366549159194994,0.0,0.0,1.375250495153609,1.0215914241468016,1.5063497580301153,0.0,1.5264211717273213,1.0933433561281432,0.0,1.351355877178306,-5.983911907435908,0.0,0.0,0.0
CCIS07648107ST-4-0,1,1,1,1,1,1,0,1,0,0,0,0,0,1,0,1,1,0,1,1,0,0,1,1,1,1,0,1,0,1,1,1,1,0,0,0,0,1,0,0,1,1,0,1,1,1,1,1,1,0,0,1,1,0,1,0,0,1,1,1,1,1,1,0,1,1,1,1,1,1,0,1,0,0,1,1,0,0,1,0,1,0,0,0,0,0,1,0,1,1,1,0,1,0,1,0,0,1,0,0,0,0,1,0,0,0,0,3.7927094673517887,-1.9817489609277896,3.759049096090141,-0.0104233770085948,3.009121447664465,-3.119934758660408,0.0,3.8580617865515214,0.0,0.0,0.0,0.0,0.0,1.1865573398709015,0.0,1.5394977044164075,-4.293784803531235,0.0,1.2576669628946413,-3.0909996478009547,0.0,0.0,1.2869187378153333,3.179427584187213,1.7760890705322487,2.151487456810302,0.0,2.390429961084287,0.0,1.2618969028790077,-2.415838563610792,0.8513433397342217,3.1347123489299142,0.0,0.0,0.0,0.0,0.1704848098924631,0.0,0.0,-2.3495717274330787,1.8156210258608287,0.0,-4.866843661723111,1.83748684039624,-3.232456430241062,2.8654955640339503,1.4133156028333311,3.410095959598709,0.0,0.0,-2.331060471043902,-1.0911831202920703,0.0,-0.4037829081522408,0.0,0.0,0.2807120127281326,-0.9578779566574952,-1.34747345683386,-3.871644468428432,-3.3059327901836704,2.015442650752348,0.0,2.5892094628951936,-1.2782208113488247,-0.0404686446301956,-1.5097631704780627,-0.915701162839123,-3.5018266990505045,0.0,-1.2142733739577465,0.0,0.0,-0.8151502512900013,0.8191856629701179,0.0,0.0,-1.7145575831240762,0.0,-3.913358559840906,0.0,0.0,0.0,0.0,0.0,-2.482436069306692,0.0,-2.786087195461965,0.4148628205986038,2.159999064957888,0.0,0.9261859927453878,0.0,0.9211348269963489,0.0,0.0,2.1198541247925817,0.0,0.0,0.0,0.0,0.6483449949922758,0.0,0.0,0.0,0.0
CCIS11362406ST-4-0,1,1,1,1,1,1,0,1,1,1,1,1,1,1,1,1,1,1,1,1,1,1,1,1,1,1,1,1,1,1,1,1,1,1,1,1,1,1,1,1,1,1,0,1,1,0,1,0,1,1,0,1,1,1,1,1,1,1,1,0,1,1,1,0,1,1,1,1,1,0,1,1,1,1,0,1,0,1,0,1,0,1,1,0,0,0,1,0,1,1,0,1,1,1,0,1,1,1,0,0,0,0,0,1,1,1,1,3.395749740905268,2.9774751724420083,2.5014369878601093,1.005368649068177,3.322565961416525,2.1393742375922185,0.0,2.740979002991161,3.623331812744401,4.660889376455868,1.3450611689497334,2.702913684124159,2.920863955584478,3.72274726113708,2.53566287435766,2.914155919911137,0.9851733044184956,0.9793892068231864,2.542576539792848,0.5381630978205287,3.085313641651521,-4.801632048173817,0.9312560516210382,-2.2123653830615737,-1.192066400779606,-3.277752024101363,3.4932347579570875,2.197662673948773,0.0901446320391223,-1.3967747056801745,0.9477609377344364,-3.407865672215225,-3.8655386890034817,-0.7913939952487157,3.699305737111658,-6.698752033059698,1.0254589094408426,-1.8779329775196576,-1.070172146524762,-2.574848668596053,-2.156166722263228,-3.719826877822088,0.0,3.246031001883601,-0.0513230965194866,0.0,3.493402107134033,0.0,-1.148120737897672,1.1840407591423552,0.0,-2.246733026565781,-4.149306862134127,-0.9404813731194276,2.193859345112407,1.878318834611916,1.0934041942611448,2.7449039786720486,3.055539213114303,0.0,-3.2519441401454907,-3.178291230570725,1.202946138079548,0.0,0.6294664296080383,-0.8532771134982804,1.2215733847182275,-0.3989453108036325,-2.075741928943276,0.0,3.605105446947338,-1.3259458145209222,-2.246733026565781,-4.611011688565167,0.0,1.0519487915707788,0.0,-5.1163427930135175,0.0,-2.3671418842998326,0.0,-3.2690751800756743,-1.1882846566723173,0.0,0.0,0.0,-1.876322238916372,0.0,1.192553792852853,-0.6512222620187673,0.0,-3.9643845236401134,-2.9484639508171187,-1.5936149666404922,0.0,3.0604147012,2.2367215762522656,-0.378223575721166,0.0,0.0,0.0,0.0,0.0,-3.6322506886175,0.2532752821985422,-1.2853218594111566,-2.575927999515729
CCIS11558985ST-4-0,1,1,1,1,1,0,1,1,1,0,1,1,1,1,1,1,1,1,1,1,0,0,1,1,1,1,1,1,1,0,1,0,1,1,0,0,1,1,1,1,1,1,0,1,1,0,1,1,1,1,0,0,0,1,1,1,1,1,0,0,1,0,1,1,1,1,1,1,1,0,0,1,0,1,0,0,1,1,0,0,1,0,0,0,1,1,1,1,1,0,0,0,0,1,1,1,0,1,0,0,1,1,1,0,0,0,0,2.9359115692876827,-0.4306017847536565,0.5265031367322468,2.2603711774961326,-0.2686073830404332,0.0,5.140693428715505,3.776961361863616,-0.501425599687717,0.0,0.0320578702363207,1.0464098152866903,1.414659919469084,-1.788996308344748,1.545791381026733,3.5926789476959504,-3.100369799284849,-1.4372353792084445,-1.011146443715801,-1.6184452071497089,0.0,0.0,-1.0014593875553277,1.9495012554017328,1.4999529762184622,2.305796182216309,2.6198188265088413,-0.7204542324469867,-0.8371650565985633,0.0,2.8102200724859654,0.0,-1.7587806472766037,-0.3313084175630367,0.0,0.0,-1.2486303051594052,-0.2367614585875013,0.2736622359126284,-2.3823010159801083,1.0885021638366357,2.607991378969245,0.0,0.6959894022014862,-1.1571460185341196,0.0,1.829169154536323,-2.137303002612964,0.6680376038182504,-0.225440080338376,0.0,0.0,0.0,-6.321595801498004,2.5391829224180897,2.768572285779297,0.2871983486770495,1.9135308931148205,0.0,0.0,-1.2736269433271188,0.0,0.6954885784677891,-1.1371719856457423,2.1161530326091733,-2.512974447242351,1.1347907865742577,-1.5968141870234138,-1.601522539953801,0.0,0.0,-2.118660651803684,0.0,-1.9238840011907483,0.0,0.0,-2.3585442426054457,-2.33206724089904,0.0,0.0,-0.0739512313562731,0.0,0.0,0.0,-0.631335716180832,-4.108163413934932,-0.6805234551492592,-1.143951672631121,1.1306872212759298,0.0,0.0,0.0,0.0,1.565347678824483,-2.2054321918812634,2.726575060895013,0.0,3.6924566415889433,0.0,0.0,-5.3261677490651245,-2.035173507536584,0.384475196622384,0.0,0.0,0.0,0.0
CCIS12370844ST-4-0,1,0,1,0,1,0,0,1,1,0,1,1,1,1,0,1,1,1,1,0,1,1,1,0,1,0,1,1,0,1,1,1,0,1,0,0,1,0,1,0,0,0,0,1,0,0,1,1,0,1,0,0,0,1,1,1,0,0,1,0,0,0,0,0,1,1,1,1,1,0,0,0,0,0,0,0,0,1,1,0,0,0,0,0,0,0,0,0,0,0,0,0,0,0,0,1,1,1,0,1,0,0,0,0,0,0,0,0.8033764959545434,0.0,-0.8158136211430485,0.0,-0.3737826786529139,0.0,0.0,3.341931227043058,0.6748183871302016,0.0,0.3953481193635206,1.2300731759576995,1.249646821132088,-2.812732693102613,0.0,1.9074361884663007,-1.594764681448545,-2.2271000408804023,-0.420034529472105,0.0,-0.8372928393455601,-3.1013117070442515,-0.2688587550490056,0.0,1.3950462124116916,0.0,0.243833021396404,-1.509837482063059,0.0,-0.0822710011694247,2.192169865272516,1.9706624505911,0.0,-1.0281713834411443,0.0,0.0,-1.2503221100878548,0.0,-0.8299335792222411,0.0,0.0,0.0,0.0,4.0089829113126125,0.0,0.0,-1.4729583476176151,-1.7920286395794072,0.0,-0.5980885498063437,0.0,0.0,0.0,2.586264537021846,1.317546198797668,-2.9958076266743845,0.0,0.0,-1.7500830276682269,0.0,0.0,0.0,0.0,0.0,0.4662474144509723,2.2191527065229684,-0.0386657739935207,0.183510477355431,-2.0715384713174005,0.0,0.0,0.0,0.0,0.0,0.0,0.0,0.0,-0.4289717572101701,2.3805976460980203,0.0,0.0,0.0,0.0,0.0,0.0,0.0,0.0,0.0,0.0,0.0,0.0,0.0,0.0,0.0,0.0,-0.6328715471098307,-2.1355815158048497,1.865700952694858,0.0,0.6364775499304127,0.0,0.0,0.0,0.0,0.0,0.0,0.0
CCIS14449628ST-4-0,1,1,1,1,1,1,1,1,1,1,1,1,0,1,1,1,1,0,1,1,1,1,1,0,1,0,1,1,1,1,1,1,1,1,0,0,0,1,0,0,1,1,1,1,1,1,1,1,0,1,0,0,1,0,0,1,0,1,0,0,1,0,1,0,1,1,1,1,0,1,1,1,0,0,1,0,0,0,1,0,0,1,0,0,0,0,0,0,0,0,0,1,1,0,0,1,1,0,0,0,0,1,1,1,0,0,0,2.877510247402167,-0.2400091668462438,0.0731140896853825,3.755484838512955,0.882820180533385,-3.8008530669426497,1.904924918478008,-4.571860569274867,0.60928592238628,1.157292343559578,-0.0243538067374042,-0.1317846671266924,0.0,-4.335045715362691,1.0160247421709885,4.737047094142583,-4.107439294033584,0.0,-1.0476457124267162,2.11163211144088,1.0074566744755715,1.6899478433230009,-3.084567417726306,0.0,2.792955630542261,0.0,1.6725185646733465,-0.653380721398088,1.11455194428228,-4.705970498218679,1.054215647368817,1.8615805890525663,-0.6630816867243456,0.1290981509873257,0.0,0.0,0.0,-0.0169614004630092,0.0,0.0,1.2416655137890489,2.656107658045613,-1.063522880206049,0.6865411058363107,-1.577140954035263,1.8780980526649325,0.8650210503407225,-0.1292569443071018,0.0,2.379493089415796,0.0,0.0,-2.892081167482522,0.0,0.0,3.329485306701736,0.0,-0.6268649185047106,0.0,0.0,0.289989740825725,0.0,2.3078700337357407,0.0,1.733764368826766,0.9464699479190124,0.4001713649260126,-0.1230364536774701,0.0,-1.857353525724024,0.3989362770497098,-1.8143135582923888,0.0,0.0,-3.756889943521534,0.0,0.0,0.0,-0.0122469148891433,0.0,0.0,2.349342345121072,0.0,0.0,0.0,0.0,0.0,0.0,0.0,0.0,0.0,-3.707929116325832,-2.0289524063641986,0.0,0.0,0.122787584791888,-4.660713906630559,0.0,0.0,0.0,0.0,-0.9284317201703284,2.182026041393077,-1.6535428809881434,0.0,0.0,0.0
CCIS15704761ST-4-0,1,0,0,0,0,0,1,1,0,0,0,0,0,0,0,1,0,0,0,1,0,0,0,0,1,0,1,0,0,0,0,0,1,0,0,0,0,1,0,0,0,0,1,0,0,1,0,1,0,0,0,0,1,0,0,0,0,0,0,0,0,0,0,0,0,0,0,0,0,1,1,0,0,1,1,0,0,0,0,0,0,0,0,0,0,0,0,0,0,0,0,1,1,0,0,0,1,1,0,0,1,0,0,0,0,0,0,-2.7997707357811,0.0,0.0,0.0,0.0,0.0,-1.6256093370268148,-2.041906478596992,0.0,0.0,0.0,0.0,0.0,0.0,0.0,-2.83702766413686,0.0,0.0,0.0,0.4512237189685606,0.0,0.0,0.0,0.0,-4.444095907215641,0.0,0.7517168223205326,0.0,0.0,0.0,0.0,0.0,2.5552239765312392,0.0,0.0,0.0,0.0,4.440452856441066,0.0,0.0,0.0,0.0,-0.7749362435922609,0.0,0.0,3.6834397121526496,0.0,3.936899279306865,0.0,0.0,0.0,0.0,-3.224855630758917,0.0,0.0,0.0,0.0,0.0,0.0,0.0,0.0,0.0,0.0,0.0,0.0,0.0,0.0,0.0,0.0,-1.1020080235605565,2.3173604292132337,0.0,0.0,-0.5173883501045737,2.246724318432716,0.0,0.0,0.0,0.0,0.0,0.0,0.0,0.0,0.0,0.0,0.0,0.0,0.0,0.0,0.0,0.0,-2.000977366086168,2.448593790952054,0.0,0.0,0.0,-2.885639908191953,-3.7809810137545705,0.0,0.0,5.203561754487481,0.0,0.0,0.0,0.0,0.0,0.0
CCIS15794887ST-4-0,1,1,1,1,1,1,0,1,1,0,1,1,1,1,1,1,1,1,1,1,1,1,1,0,1,0,1,1,1,1,1,1,0,1,1,0,1,1,1,1,1,0,1,1,1,1,1,0,0,1,0,0,1,0,1,1,0,1,0,0,0,0,1,1,1,0,1,1,1,1,0,0,0,1,0,1,0,0,0,1,1,1,1,0,0,0,0,1,0,0,1,0,0,1,0,0,1,0,0,0,0,0,0,0,0,0,0,3.8309552807201,-1.505095847908826,2.307664131922734,1.1560754947172494,2.9544036303955723,1.8486961394063888,0.0,0.4215513842469681,2.1916232346219453,0.0,0.082114279971726,1.0445316634607076,1.1615104585327078,2.3734799068390986,0.4863198215065041,1.5144530705146273,1.8293537816578769,1.271344952117713,0.966899722608153,-0.8567396002317953,-0.0040597910077788,-4.550652946873025,-2.39535806267493,0.0,-1.1482141001228048,0.0,-2.8302182584669,0.8851824204243324,-0.1615088444302794,-1.6278587614920814,-2.3673271339276205,2.5132749239030847,0.0,0.7283644610508195,2.2715884217246547,0.0,-1.1950985131518566,-1.223006279060954,1.3969116334487717,2.553975878334959,1.897302368576161,0.0,-4.247562249068399,-2.34895254867181,-1.6748799883980132,-2.422347301136852,1.605358363591516,0.0,0.0,-2.470047486536089,0.0,0.0,-4.200521101523228,0.0,1.078140454084059,0.6448541345753409,0.0,2.390831405143092,0.0,0.0,0.0,0.0,2.7894714119387416,-3.374389723974849,0.5609980340406322,0.0,1.6268722758157566,-2.300342342131022,-5.225338064593235,-4.261419283729825,0.0,0.0,0.0,-0.2524384080593065,0.0,-0.2312618831906283,0.0,0.0,0.0,-2.606518997218968,0.4247091120198638,-0.8323956150423573,3.1230135253257285,0.0,0.0,0.0,0.0,0.6829105544415919,0.0,0.0,-0.3861567644827544,0.0,0.0,0.9870969426684556,0.0,0.0,3.09787662275855,0.0,0.0,0.0,0.0,0.0,0.0,0.0,0.0,0.0,0.0
CCIS16326685ST-4-0,1,1,1,0,1,1,1,1,1,1,1,1,1,1,0,1,1,1,1,0,1,1,1,0,1,1,1,1,1,0,1,1,1,1,1,0,0,1,0,1,1,1,0,1,1,0,1,0,0,1,0,1,1,0,1,1,1,1,0,1,1,1,0,1,1,1,1,1,1,1,0,0,1,1,0,1,0,1,0,0,1,1,1,0,1,1,1,0,1,0,0,0,1,1,0,1,1,0,0,0,0,0,0,1,0,0,0,3.168435491508966,-1.7265671551530342,0.777331043031347,0.0,1.8013975277846064,1.506810002200634,2.580778724110547,3.8617123653444967,-1.1736801305756894,-1.2561201198594794,0.5574792494287082,0.9834643424375008,2.202777665079049,1.9882090536790804,0.0,3.9500464356948912,-1.3521466687268298,-0.3315094486604775,-0.0121399750043995,0.0,-1.455673697747181,-1.606361050707526,0.6363342665710461,0.0,-1.5478455931331565,2.511632757361411,-1.1826700184213448,1.909041930788428,-1.35779321111504,0.0,1.0283478810472104,1.7233077483049726,-0.0643959376097422,1.2432592974634398,3.550324160071938,0.0,0.0,-5.514037273150457,0.0,0.4622524759382898,0.6234034977998022,-1.7044339979430214,0.0,-0.6605961074306892,2.394110665466235,0.0,2.1565879119522107,0.0,0.0,0.199059121693464,0.0,-0.3399999055064124,0.1627577892007632,0.0,2.615631322085312,-4.8148840685303,-5.065343430491473,-2.555744168113101,0.0,0.1593687960414518,-0.03979426212632,-0.9729237966789565,0.0,-4.057947150095025,-2.02854303886196,0.1842280016782111,-3.134937467972125,2.9662169373299125,-1.1901440136168864,-0.5310910443999171,0.0,0.0,-5.0425287527253015,1.198523586686416,0.0,0.6166652446151678,0.0,3.643255571680735,0.0,0.0,0.59796421159901,-2.964968679145171,2.668831734372304,0.0,1.761093327313076,-0.9897635728552708,-2.624335083407865,0.0,-3.1394117483670456,0.0,0.0,0.0,-1.869814969620263,3.423436041287361,0.0,-0.6940472385712448,4.0259301013346445,0.0,0.0,0.0,0.0,0.0,0.0,-2.837813503659924,0.0,0.0,0.0
CCIS16383318ST-4-0,1,1,1,1,1,1,0,1,1,1,1,1,1,1,1,1,1,1,1,1,1,0,1,1,1,1,1,1,1,1,1,1,1,1,1,0,1,1,1,1,1,1,1,1,1,1,1,0,1,1,0,0,1,0,1,1,0,1,0,0,1,0,0,1,1,1,1,1,1,0,1,1,0,1,0,1,1,0,0,1,1,0,1,0,0,0,1,0,0,1,1,0,1,1,1,1,1,1,1,0,1,0,1,0,1,1,1,1.199919928979895,4.313558914984995,0.2668510385366023,-1.6270198899389643,2.6223772438996305,0.3980249169764187,0.0,3.731692762915732,0.8079563345113421,-3.036150913369892,0.290314519829395,-0.3028472338378738,0.8930569168123548,2.0170881787044643,1.5928956914228385,1.9255561953365348,-1.5798505489302972,-0.4809656692832607,1.6423458200738223,2.188331048462937,-4.181450316010655,0.0,-1.4525407604857352,0.4951509431041034,0.4074485004450736,1.6712696937841895,2.513448392302304,0.3206850790964313,-1.0191448426308485,-0.4383682008824103,1.7102751404834793,-1.8220540916944763,-1.1466033869634966,1.1268901801384432,0.018732588868237,0.0,-1.4556661386758991,-6.290744820840173,1.4977807738271611,2.004327023905353,2.8439180495468155,0.6227816515105773,-1.1698519304733894,2.2610722875457294,2.711209987274545,-2.836437613864068,0.8504523145627594,0.0,0.333722756687528,2.89403528951979,0.0,0.0,-5.309915567828446,0.0,1.0419810608743858,0.5969314290139545,0.0,-1.249668501242681,0.0,0.0,-1.674724618828015,0.0,0.0,-1.7568428201761677,2.441505985306845,-2.228214126863269,0.2628431898655659,-4.449714302605335,0.4417908951093381,0.0,2.604768568739825,-0.9189798733088425,0.0,-2.1868500478062525,0.0,1.3767111737891438,0.2242371940307537,0.0,0.0,-4.724657349279686,-0.5538793112198968,0.0,0.6101994369200545,0.0,0.0,0.0,-2.5523539619918205,0.0,0.0,-1.696237340596121,-1.655427597299457,0.0,-0.9151858688983108,0.1879044569198351,0.7613731316030603,1.852050194341638,4.201991290473286,0.0809188251019079,1.4933121817997568,0.0,2.19877814748208,0.0,-3.7735372262638505,0.0,0.3235744899987181,-2.086957178886536,-2.3011997644435125
CCIS17669415ST-4-0,1,1,1,1,1,1,1,1,1,0,1,0,0,1,0,1,1,1,0,1,1,1,1,1,1,0,1,1,1,1,1,1,1,0,1,1,1,1,1,1,1,1,1,1,1,1,1,1,1,1,0,0,1,1,1,1,1,1,1,1,0,0,1,0,1,1,1,0,1,0,1,1,0,1,1,1,0,1,0,1,1,1,1,0,1,1,1,1,1,0,1,0,1,1,0,1,1,1,1,0,0,1,1,1,0,0,0,2.8171260368924727,3.61572508293446,2.482865599312689,1.354728993710209,2.6565947031548234,2.1055464698166424,0.2825217966664357,2.6484145411212534,-0.0287060128002241,0.0,1.6420237217551537,0.0,0.0,2.171039533534859,0.0,3.22690543089554,1.6975561311826144,-3.964283291267951,0.0,2.601107666420787,-4.73375273938753,-5.996914415103797,1.3263528932000304,-3.228909352531673,-2.1967772339684,0.0,-0.9174813905105736,3.1347522304155016,-0.0208730745790373,-2.7654354180822707,0.4569410162348029,-1.1414601417518495,0.4225242290062725,0.0,2.0982677807496737,1.2359420745256686,1.9690545101344608,1.0508360770289098,-2.0070274339409298,1.3945308934028198,-1.5896004607152654,0.674006458081535,-2.2863212007660763,4.858474885843438,1.841630849745501,-0.8563925741525864,-1.7007911240651827,0.7107824470600204,-3.954744268221192,3.6715776159774745,0.0,0.0,-3.3596007650933646,-0.2937825585577291,2.3712863146892778,1.6534400104744682,0.2688503830114617,1.0039535089196647,-2.652588544396248,0.0879738328603179,0.0,0.0,3.760417444871168,0.0,1.9416790502536283,0.2817442805624124,-0.2323351670225526,0.0,-1.5704625293451837,0.0,0.9574218532640526,-1.5047217565736482,0.0,1.0073033728444365,-1.0670131244815368,0.6029228995531295,0.0,1.150740800514718,0.0,0.6333827707397481,1.595341010266382,-3.499886404783452,2.155227384268273,0.0,-1.830438280836528,-3.993458780401882,0.0568376459151522,-3.458582598642215,0.525393567946862,0.0,-0.3754536658746032,0.0,-4.898302126435686,0.9236366956989608,0.0,2.744112820888617,-4.447796292903218,0.0146516146864692,-3.49388038072324,0.0,0.0,-0.3106007079486472,-1.4643149219505407,-2.0414581932184217,0.0,0.0,0.0
CCIS20795251ST-4-0,1,1,1,0,1,1,1,1,1,1,1,1,1,1,1,1,1,1,1,0,0,0,1,1,1,0,1,1,1,1,1,1,1,1,1,0,0,0,1,0,1,1,0,1,1,1,1,0,0,1,0,1,1,1,0,0,1,0,1,0,0,1,1,1,1,1,1,1,1,1,1,1,0,1,0,1,0,1,1,0,1,1,1,0,1,1,1,1,0,0,1,1,0,0,0,0,0,1,0,1,0,0,0,1,0,0,0,2.5242308304973067,-3.89591919652568,3.448668013252897,0.0,2.746474473293197,4.812160805757911,1.5100621531098706,2.739085068789912,-0.2000067091428663,2.805184194379108,1.002478879888078,0.886115506793308,0.4878491178221373,0.7735024796146119,-3.89591919652568,2.8629295644521564,1.1484490787276322,-0.7322828595068183,0.7791006366693447,0.0,0.0,0.0,1.808497997288612,-1.4799446814879973,-0.7700840199543113,0.0,2.256777312837102,0.309991079027913,-0.0374117882742974,0.4746474649568797,-1.7059011741788217,-1.517696689326014,-1.1526682125285157,-1.5950362316021645,4.149703969418527,0.0,0.0,0.0,-0.5609246075101333,0.0,-1.499880934474522,0.8374706808989665,0.0,4.526516927397534,1.0950685602881345,-4.916059869752295,0.8182274088333581,0.0,0.0,0.3654663681180754,0.0,-1.3770165172878244,-1.9241083190382096,3.5130215109457392,0.0,0.0,-0.3366914017506772,0.0,4.025073255224065,0.0,0.0,-2.163120484671434,-0.6192880082873753,0.0203803656697263,1.6872957571456495,-1.1910486483408498,1.2193008021607237,-1.2649116725447858,0.3586798284616967,-2.515595002392293,-3.649909820474467,-1.929806340152847,0.0,-0.3129673122384364,0.0,-3.164402004692766,0.0,-1.5520224330038794,-1.610487182757884,0.0,0.1673347786263896,1.389681601693786,1.8200450144048943,0.0,-2.095130320578231,0.6419330992504355,-2.137006241069921,-0.7688901681485825,0.0,0.0,-0.5480460519478512,-1.6579633317308122,0.0,0.0,0.0,0.0,0.0,-0.0345452247519655,0.0,0.2864424725977965,0.0,0.0,0.0,-5.485154401642261,0.0,0.0,0.0
CCIS24254057ST-4-0,1,1,0,0,0,1,1,1,1,0,0,1,0,1,0,1,0,0,0,1,0,0,0,0,1,0,1,1,0,1,0,1,0,0,1,0,0,1,1,0,0,1,0,1,1,0,1,0,0,1,0,1,1,0,1,1,1,1,0,0,0,1,1,0,1,1,0,1,0,1,1,1,0,1,0,1,1,1,0,0,0,0,0,0,0,0,1,0,0,1,1,0,1,1,0,0,0,1,0,1,0,0,0,0,0,0,0,1.2016400219613852,-1.1759680664869996,0.0,0.0,0.0,-1.4119821723849897,-3.578370389168372,4.7977056562847205,-4.8755851202345735,0.0,0.0,-5.258577372490679,0.0,-4.7477517487246885,0.0,6.127413937765152,0.0,0.0,0.0,-0.6600961746533849,0.0,0.0,0.0,0.0,-0.615148474385498,0.0,-3.402279382125054,-3.3715077234583,0.0,1.6067921899950193,0.0,4.205893459025891,0.0,0.0,-5.568732300794519,0.0,0.0,2.352209409125379,2.370183415179799,0.0,0.0,4.554978178544835,0.0,-2.169051219650328,3.0597013581578265,0.0,-1.2476144192076304,0.0,0.0,-2.3354157917715246,0.0,-2.7764523656645568,2.65572363800782,0.0,1.280912239372399,4.432067558183541,-0.0230223276789587,3.807442181209073,0.0,0.0,0.0,-3.068787773641979,-1.8640689789793208,0.0,5.275164595579113,1.2506884121197182,0.0,-5.887186031913053,0.0,3.4827348942614456,-1.2908043519580423,0.9500797204380722,0.0,-3.2260527505985954,0.0,-3.6163496372335886,-2.2864549645758223,5.785911235205345,0.0,0.0,0.0,0.0,0.0,0.0,0.0,0.0,-2.3158943200265045,0.0,0.0,3.062576603803356,-0.5439550529415085,0.0,-1.871929771843256,3.9150678942977137,0.0,0.0,0.0,1.185712854085304,0.0,1.8284392299888177,0.0,0.0,0.0,0.0,0.0,0.0,0.0
CCIS27304052ST-3-0,1,1,1,1,0,1,0,1,1,1,1,1,1,1,0,1,1,1,1,1,0,1,1,1,1,0,1,1,1,1,1,0,1,1,1,0,1,0,1,1,0,1,0,1,1,1,1,0,0,1,0,0,0,0,1,1,1,1,1,0,1,0,1,1,1,1,1,1,1,0,1,1,0,1,0,0,1,1,0,1,1,0,0,0,1,1,0,1,0,1,1,1,0,1,1,0,0,1,0,1,0,0,1,0,1,0,0,2.16547931089958,-0.746272266385207,-0.2898012025200429,0.5406121000409139,0.0,-2.064929075855157,0.0,3.216947784185505,0.9631289015505212,1.2801112181312002,-0.1433691135049513,1.0207112192418113,0.7484125936420007,-0.4135742564534108,0.0,3.433018587402189,-2.4331227891660894,-1.7940736261131225,0.5871398427255033,-3.2988827123930284,0.0,1.7086648155034352,-0.762825510069082,-2.5400859680529826,1.8251204782371937,0.0,1.8509759131086427,-0.7852959950421727,-1.4910044014750912,1.1427450025545005,0.7107475092381456,0.0,0.295193679687439,-1.3082507859144243,-2.428146279033807,0.0,0.8171614599437823,0.0,-0.8515643802508799,-0.8092660478732805,0.0,2.0472456076405927,0.0,4.96229523943587,-2.3415486666180416,-2.185448879514278,3.675962178751182,0.0,0.0,1.112980900648047,0.0,0.0,0.0,0.0,0.7989690870936376,0.5105573539017128,0.2148823523701553,1.005823132648527,3.354590441476933,0.0,2.17368131623728,0.0,0.1020071999587299,-1.9205249008688745,1.2045363052327425,-5.143392747006613,1.1123572947467544,-1.4011700178187492,-3.853242246439625,0.0,0.1934239186920339,-1.0441988507230744,0.0,0.8490504876970569,0.0,0.0,-1.1461098976276434,1.8109836788601168,0.0,-4.9610711902126585,0.7612876700164785,0.0,0.0,0.0,-0.3314794310720923,-0.8120017283013108,0.0,-1.026254392783648,0.0,0.4218936503956634,0.291202237833972,2.0085758812421592,0.0,0.9366548580198844,-2.170417460575237,0.0,0.0,1.6656189648366655,0.0,-0.9065123155266276,0.0,0.0,-0.2200112835319174,0.0,-1.8969017551054383,0.0,0.0
CCIS34604008ST-4-0,1,1,1,0,1,0,1,1,1,0,1,1,1,1,0,1,1,1,1,1,1,1,1,1,1,0,1,1,1,1,1,1,1,1,0,1,1,1,1,1,1,1,0,1,1,1,1,1,0,0,1,1,1,0,1,1,0,1,0,1,1,1,1,1,1,1,1,1,1,1,1,1,0,0,1,1,1,1,0,0,0,1,0,0,0,0,1,1,0,0,1,0,0,1,0,0,1,0,0,1,0,0,1,0,0,0,0,4.059608565381441,1.1132470332921724,3.709327525847074,0.0,1.516904670233706,0.0,2.2774612684253386,2.831557550230149,2.277335138993441,0.0,2.7663962666102,2.1453334250050595,2.939874679789037,2.167398377116744,0.0,0.6058801827278046,2.6610865334917846,-2.733948252558058,1.30789444637693,-0.6169257632249925,4.03734140939375,1.8278597819930689,0.3542737664642696,1.0632027085222877,-0.5562280108094637,0.0,-2.492724727259115,1.3662312326886754,0.3310981260224275,0.5203345880258032,-1.7443366789884929,-0.161480558554238,0.5281453177895938,0.2571260293081938,0.0,1.8273923368419416,-0.1658923788337527,-2.761873278263528,-0.8136901139600912,-3.538017378394442,-0.7339579411854091,2.9515615769662795,0.0,4.9800608059154206,-0.086626666057429,-4.87186526414179,3.218487817651288,-1.5472494335874176,0.0,0.0,-0.1398373649253548,-0.9172583136905964,-0.916419270150952,0.0,-0.4226234929335406,-1.3322821113903138,0.0,1.5955727397605912,0.0,-0.7843566660401795,-2.9280427985169606,-1.9814935062456247,0.3137655466563473,-0.7976737555715168,1.4720151699845407,0.2402983947744748,1.0698606764667635,-0.6895365622074372,-0.778737987523441,-3.92254927683614,-4.380200138114875,-4.182374394784955,0.0,0.0,-3.6649770058557296,-6.128284543840269,-0.0753510858776398,-3.730389271041898,0.0,0.0,0.0,-1.724069994191025,0.0,0.0,0.0,0.0,-1.6959426570088134,-2.37787589977947,0.0,0.0,-0.3258563551232634,0.0,0.0,1.7857896563690692,0.0,0.0,2.872363074545828,0.0,0.0,1.5841248877513086,0.0,0.0,0.1447375900554026,0.0,0.0,0.0,0.0
CCIS36699628ST-4-0,1,1,1,0,1,1,0,1,1,0,1,1,0,1,0,1,1,1,1,1,0,1,1,1,1,0,1,1,1,1,1,1,1,1,1,0,1,0,0,0,0,1,0,0,0,1,0,1,1,1,0,1,1,1,1,0,0,1,0,1,1,1,0,0,1,1,0,0,0,1,1,1,0,1,0,1,0,0,0,1,1,1,0,1,1,1,1,0,0,0,0,0,1,1,0,1,0,0,0,0,0,0,0,1,1,0,0,1.8750044746871783,0.6623182086631619,4.809116185872398,0.0,-3.412647149354424,-1.3165253859833688,0.0,0.6451793709294011,1.777717424120993,0.0,2.5252253547233963,0.4998290111738075,0.0,3.686011735237407,0.0,1.3338971779168938,0.9284320698087292,-1.9648953188643352,0.7071727863415562,-1.2096163571973837,0.0,-0.426736319775735,-2.3604199872672487,-0.0176065477371381,1.801942138584516,0.0,1.827547332402046,1.3948277298990184,0.811391186843985,-2.649751952850271,0.146054247398587,-0.7658296397024995,-0.9672256480573616,2.013176056317081,3.561281733260711,0.0,1.5210826261436194,0.0,0.0,0.0,0.0,-0.5217247089914454,0.0,0.0,0.0,-3.720358503681776,0.0,2.4907173521495234,1.1740965158927603,1.9580304062876883,0.0,0.1428627768164703,0.1262572668415971,4.36069343662899,-0.4676864634498594,0.0,0.0,0.3471685180842543,0.0,0.2423795943253857,-4.1287179698163055,0.3637540566792767,0.0,0.0,-1.1303803973505513,0.9246435914780669,0.0,0.0,0.0,0.2341036850215259,2.7669676616830525,-2.491270223978141,0.0,-1.009358258754737,0.0,-5.059607501111613,0.0,0.0,0.0,2.2393250243705323,2.2272840089669463,-1.2406031853109063,0.0,0.599054538264118,-0.5499607529598425,-3.617892346050315,-3.55553010433534,0.0,0.0,0.0,0.0,0.0,-3.777856995742993,0.0181823745443587,0.0,3.176974637595441,0.0,0.0,0.0,0.0,0.0,0.0,0.0,-4.94182446545523,-4.615676112175653,0.0,0.0
CCIS38765456ST-20-0,1,1,1,1,1,1,1,1,1,1,1,1,1,1,0,1,1,1,1,1,1,1,1,1,1,1,0,1,1,1,0,1,1,1,1,0,0,1,1,1,1,1,0,1,0,1,1,0,1,1,0,1,1,1,1,1,1,1,1,0,1,0,0,1,1,1,1,1,1,0,1,1,1,1,0,1,1,1,0,0,1,1,0,0,1,1,1,0,1,0,1,0,0,1,1,1,0,1,0,0,1,1,0,1,0,0,0,2.4619031635848283,-1.9422555235581969,2.2933894841646105,-1.8596030253217948,1.4723577409458,-0.7159581140228934,1.818053608257839,3.0592253756747505,-0.3120949648784239,1.5034383780228375,0.602197280335119,2.141814072046275,2.704318575311275,0.0299965713632039,0.0,1.294264828835516,-0.3777917179653729,0.4805665267700032,1.0865703781068357,-1.2444865507624805,-0.0508342656903171,2.4101242490982893,-1.3603884794664816,1.350201354466873,1.883023349755693,0.7930701110562031,0.0,1.4908645813206225,-2.04084469909285,-0.0976649271603942,0.0,0.3900262874110987,-0.0695984833826603,1.370210770905582,-2.22275734154866,0.0,0.0,-5.547629843317571,-0.3774041460982384,-1.2486452013458198,-2.545102526630751,2.4534015425082103,0.0,2.809746646644782,0.0,-2.9757118165399405,2.4616388151267063,0.0,1.924231128872841,-1.1559904685212352,0.0,-7.191753313739561,-2.915904522108605,1.794568123886458,0.0716999615350875,0.346209346028647,1.8199998118015013,1.2659146513035424,3.856580673365705,0.0,1.1480145500598593,0.0,0.0,1.433544859134729,1.2538048633401893,-2.790789478045929,1.4300860205839805,0.3833183857679996,-0.8141264107779436,0.0,1.608396094962795,-0.3310279843080876,1.9588370538308475,-2.8290294313202087,0.0,-3.849099387690016,-0.2580436647158755,-2.662956106536044,0.0,0.0,-0.6952445287995141,0.6202201158824617,0.0,0.0,-1.8544980794651045,-4.190155920733172,-1.7150436685374593,0.0,0.0974957691823408,0.0,-1.5569637105703116,0.0,0.0,0.3808404442123974,0.6279066217474856,1.5347660542817076,0.0,0.97213739186339,0.0,0.0,-1.382375056985206,-0.4476941274282138,0.0,-1.2595081262915504,0.0,0.0,0.0
CCIS40244499ST-3-0,1,1,1,1,1,0,0,1,1,0,1,1,1,1,0,1,1,1,1,1,0,0,1,1,1,1,1,1,1,1,1,1,1,1,0,0,1,1,0,1,0,1,1,0,1,1,1,1,1,1,1,0,0,1,1,0,1,1,0,0,1,0,1,0,1,1,1,1,0,0,1,1,0,1,1,1,1,0,0,0,1,1,0,0,0,0,0,1,0,0,1,0,0,1,1,0,1,1,0,0,0,0,0,1,0,0,0,3.125662933084501,1.935293252767118,-2.544732579234504,3.825525819622633,-1.435047513075136,0.0,0.0,5.353646728820364,0.2679471815069796,0.0,-0.3478560095579648,1.6819335278270122,1.21296575767521,-1.9129279190370807,0.0,3.139014046777045,-3.702470092456488,-2.299700894133093,0.0957403897037112,1.3738243570905595,0.0,0.0,0.5524590822803792,-2.9512420738605747,3.8220122427505134,2.79928338957529,0.5670182421480869,-0.9632389067610778,-0.6188547289417881,2.845010987079412,-2.322842422694787,2.188118148213948,-0.5862268720915731,-0.3635251795370378,0.0,0.0,2.145762628755534,-2.9512420738605747,0.0,-1.3006562012300256,0.0,-4.855703465604824,-2.132332630573881,0.0,-1.67808832795968,-2.258878899612838,1.8242527049128423,2.027273670813569,-2.03432457919561,0.0978229490283513,0.4843617824872324,0.0,0.0,3.3866261962952766,1.3402045553843838,0.0,1.1783667474931434,-0.069616217435676,0.0,0.0,0.6981940717946684,0.0,-2.560514074571907,0.0,2.009726496451508,-1.8453418820348733,-0.2251733672556861,-1.4583732007323933,0.0,0.0,-3.2274954504887323,-2.349103991205563,0.0,-0.0443752746682659,-0.4256388292640638,-2.7388140363594897,0.4172421103952783,0.0,0.0,0.0,-2.5743957710580623,3.11392003875966,0.0,0.0,0.0,0.0,0.0,-0.6519539459379566,0.0,0.0,-0.064272124818697,0.0,0.0,-0.2542242935619412,-1.5011931979153212,0.0,5.144750788682078,-0.6243467335926347,0.0,0.0,0.0,0.0,0.0,-0.7792370678564708,0.0,0.0,0.0
CCIS41222843ST-4-0,1,1,1,0,1,1,1,1,1,0,1,1,1,1,0,1,1,1,1,1,1,0,1,1,1,0,1,1,1,0,0,0,1,1,0,1,1,1,1,1,1,1,1,1,1,0,1,1,0,1,0,1,1,1,0,1,1,0,1,1,0,1,0,1,1,1,0,1,1,1,0,0,0,0,0,0,0,1,0,1,1,1,1,0,0,0,1,0,0,0,0,0,1,0,0,1,0,0,0,0,0,0,1,0,0,0,0,3.076193327913051,-0.5151743337253536,3.423504565065587,0.0,0.2119171223699529,-3.142682811313781,1.8818685079535653,1.9280604718845684,2.48948616112712,0.0,1.4153051189008912,1.5418066414678215,1.5461190632055983,2.659211129879339,0.0,4.053536108230387,1.3164100778163323,-0.0937881486465179,1.6197279859106486,-1.8664409117354184,-3.256455053957841,0.0,0.816185695978673,-0.5365499350598824,1.435097947127003,0.0,3.701032861224359,0.9843085122146144,-1.3742910751409545,0.0,0.0,0.0,2.062772595603936,1.1409190421188984,0.0,1.2019573471426372,-1.1009442880620774,-5.332176814535146,-1.4818185756468458,-0.9290864571852624,1.6349489513005349,2.2201072482628543,-5.0056549087671005,4.510512802899342,0.3183650131690219,0.0,-3.435552001731677,-1.9263696123948284,0.0,1.7334703691229445,0.0,0.1827280055419489,-1.1254174686925629,-4.09509485160193,0.0,3.792855858879854,2.6701529090135363,0.0,2.7502070870631057,-1.346130706183989,0.0,-1.0687999276377729,0.0,0.417279233015885,0.986131015265214,-0.0779354935696525,0.0,0.47397159749172,-4.036500687335877,-4.100858556318681,0.0,0.0,0.0,0.0,0.0,0.0,0.0,1.4801900637617116,0.0,-4.050143463739664,2.2738166243482385,2.1805380590028576,-1.5263948002784535,0.0,0.0,0.0,-2.7626681786590903,0.0,0.0,0.0,0.0,0.0,-3.10354738237018,0.0,0.0,-3.646511536713161,0.0,0.0,0.0,0.0,0.0,0.0,-5.193707140270041,0.0,0.0,0.0,0.0
CCIS41288781ST-4-0,1,1,0,0,1,1,0,1,0,0,0,1,0,1,0,1,1,0,0,1,0,0,0,0,0,0,0,0,1,0,1,0,0,0,0,0,0,1,0,0,0,1,0,0,0,1,0,1,0,1,0,1,1,0,1,1,0,0,0,1,1,1,0,0,1,1,0,0,1,1,1,0,0,0,1,0,0,1,0,1,1,1,1,1,1,1,1,0,0,0,0,0,1,0,0,0,0,0,0,1,0,1,0,0,0,0,0,-3.4878864584508245,-0.6383366950749143,0.0,0.0,-3.011652279454452,3.160189323847339,0.0,2.3219063207047004,0.0,0.0,0.0,2.780155766142384,0.0,-0.635447354723309,0.0,3.342605683768896,2.253035237633948,0.0,0.0,-2.574600235596968,0.0,0.0,0.0,0.0,0.0,0.0,0.0,0.0,1.4988658951821,0.0,1.728156023469344,0.0,0.0,0.0,0.0,0.0,0.0,3.5028061808065374,0.0,0.0,0.0,2.9108249418477405,0.0,0.0,0.0,-3.9205943029528623,0.0,3.2058723691508293,0.0,-6.260475180690605,0.0,-2.4803848465232843,-1.095689206767091,0.0,1.855762718095296,-3.527407216613107,0.0,0.0,0.0,0.5222609449705212,0.6567748798533218,-3.111163819208314,0.0,0.0,1.1585216355535122,2.5401028633395306,0.0,0.0,-2.724164325221276,-0.4625953826552884,2.704468362282987,0.0,0.0,0.0,-0.1948776617413961,0.0,0.0,-1.6419939806428412,0.0,-4.065475298376497,-3.524809812555421,3.160866523313315,3.727704561598237,-0.2395974730142736,-1.0088302223409993,-4.475404699613347,0.4460692569768716,0.0,0.0,0.0,0.0,0.0,1.5508421633089624,0.0,0.0,0.0,0.0,0.0,0.0,0.557355390763545,0.0,3.496239409607149,0.0,0.0,0.0,0.0,0.0
CCIS41692898ST-4-0,1,1,1,1,1,1,0,1,1,1,1,1,1,1,0,1,1,1,1,1,0,0,1,1,1,0,1,1,1,1,1,1,0,1,1,1,1,1,1,1,1,1,0,1,1,1,1,1,0,1,0,1,1,0,0,1,0,1,0,1,1,1,1,0,1,1,1,1,1,1,1,0,0,0,0,0,0,0,0,1,1,1,0,0,1,1,1,0,0,0,0,0,0,1,0,1,0,0,0,1,0,0,1,0,0,0,0,2.5362938516358344,-0.1913318604993448,2.7682067460545987,1.4546086334879105,1.04356920524053,2.985874101763489,0.0,2.309139480504194,1.248789679367851,0.763552978830542,0.1656615271209717,1.5003812944615833,3.282259687379013,1.082661155677809,0.0,1.2979749849360978,1.5760961023636555,-1.05501366001703,0.7162639230279854,-1.7373176180080947,0.0,0.0,-1.7734588385393744,2.6224370982732834,2.108473404199138,0.0,3.4587490135728123,0.6515355391022201,-2.2399118145672,1.687378662991735,1.3399038499976466,0.3904651322620328,0.0,-1.3504805555481665,2.1121250926326653,-1.3623163864527632,0.437754426426085,-1.233479666475146,-0.9889954203992792,-4.024398524466175,-1.9785414356254225,2.164572702984958,0.0,3.445275669392589,0.4106694577994134,0.1803689685755403,-2.191148388008229,0.4592462640639281,0.0,2.614633182008842,0.0,-2.039598489881028,-1.566612180897369,0.0,0.0,0.0481380565994842,0.0,1.3346772342148627,0.0,-5.476346855807503,-3.5406932069193786,-1.049363927474911,1.6144499588168424,0.0,1.0719029464427026,-1.6227099082222354,0.7233071279757197,-6.169494036367448,-1.37405774477453,-0.0712592534384846,-0.4078021072216231,0.0,0.0,0.0,0.0,0.0,0.0,0.0,0.0,-1.1367245681039255,-3.280710841156421,2.081916483049654,0.0,0.0,0.9393811877984216,-2.055813809267179,-7.473550299250367,0.0,0.0,0.0,0.0,0.0,0.0,0.802710474051768,0.0,1.633573456103646,0.0,0.0,0.0,0.9366318924011712,0.0,0.0,-2.6104792362006144,0.0,0.0,0.0,0.0
CCIS44093303ST-4-0,1,1,1,0,1,0,0,1,1,0,0,0,0,0,0,1,1,0,1,1,0,0,0,0,0,0,1,1,1,1,1,1,1,0,0,0,0,1,0,0,1,1,0,1,1,0,0,1,0,1,0,1,1,0,1,0,0,0,0,0,1,1,0,0,1,1,1,0,1,1,1,1,0,0,1,1,1,0,0,0,0,1,0,1,0,0,1,1,1,0,0,0,1,0,0,0,1,0,0,1,0,0,0,0,0,0,0,-4.230963747587791,0.0753052032576997,4.746554584520249,0.0,-2.9169475319445457,0.0,0.0,5.448489125404766,2.276009318945665,0.0,0.0,0.0,0.0,0.0,0.0,-1.063739319170054,0.5793384105947714,0.0,1.3705273189994274,-0.876653579948981,0.0,0.0,0.0,0.0,0.0,0.0,-3.608268227978456,1.0356312534128465,1.6388326756522376,5.195587355608339,2.7846143192927584,5.413750432443019,-0.8368206675651284,0.0,0.0,0.0,0.0,2.197548067132808,0.0,0.0,-3.641666508380305,3.029888653985195,0.0,0.4358069744137491,-6.0433425040185815,0.0,0.0,-1.2143623221731192,0.0,-4.109408546009983,0.0,-4.958716457325211,0.2303203571849255,0.0,-4.022899303100701,0.0,0.0,0.0,0.0,0.0,-0.8773667619594785,-4.6364288556959545,0.0,0.0,4.0183642264850175,-2.460981643283098,2.088372013221609,0.0,0.9818624217187016,2.137398450576446,1.0970775221614022,2.297302432975544,0.0,0.0,2.7322004944464857,-4.139991969382064,0.9284824362035016,0.0,0.0,0.0,0.0,-3.7242281090733247,0.0,2.2191304659819173,0.0,0.0,0.8382399006595329,1.789960528100388,-2.535535387298167,0.0,0.0,0.0,-2.402472269091005,0.0,0.0,0.0,-1.5914206273387372,0.0,0.0,2.305619394945705,0.0,0.0,0.0,0.0,0.0,0.0,0.0
CCIS45571137ST-3-0,1,1,1,1,1,1,1,1,1,1,1,1,1,1,0,1,1,1,1,1,1,1,1,1,1,1,1,1,1,1,1,1,0,1,1,1,1,0,0,0,1,1,0,1,1,0,1,1,1,1,0,1,0,0,1,1,1,1,1,0,1,0,1,1,1,1,1,1,1,0,1,1,0,0,0,0,1,0,0,0,1,0,0,0,0,0,1,0,1,0,1,0,0,1,0,1,1,1,0,0,0,0,0,0,0,0,0,2.3399159409536203,-3.9369595831014577,2.4897885393898003,1.1193985515064937,-0.7064410400999976,-1.3958993353214058,3.1379961543104,3.2215900987111548,1.3933280180667404,-4.046837439250728,0.5864762829978474,1.4575574184581663,1.956631537162934,0.4352972599766185,0.0,2.5551813747097287,-0.5484228450251261,-1.486897579931342,1.1323660359728125,-3.062078908099112,3.688250849316205,0.8593846885024953,0.1531431912122796,1.1766524352973478,0.1550306519590072,1.9282486311455185,2.919108747487629,-0.8542085839663787,-0.7364524934093568,-1.0315148505774585,0.3928915339251819,-3.0503828683359213,0.0,0.3328241962916556,-0.8278828773248903,-1.6203637530378137,1.4700223584931074,0.0,0.0,0.0,-2.560858086652855,0.7687021414329559,0.0,2.978734120679431,-0.2375537160005343,0.0,2.9892227535910303,-1.935670267927904,0.7832856837475908,2.825129496966081,0.0,-5.153354907425952,0.0,0.0,2.579911596988647,2.4976492141727613,0.4531471939003839,-0.2214965879898025,0.51036999607246,0.0,-0.5988516456201518,0.0,-0.3655655898760492,-2.0563777185478207,1.3159969176912838,-1.4761504848925182,0.5524691326103721,-0.2191807794241727,-0.9161476251504436,0.0,-3.604020919061556,-0.4745360384147143,0.0,0.0,0.0,0.0,-0.9674952363680772,0.0,0.0,0.0,0.994820814153466,0.0,0.0,0.0,0.0,0.0,-3.346824120877584,0.0,-2.39954255355195,0.0,-0.5423091592663865,0.0,0.0,-0.7421451767704537,0.0,-2.278647525813433,-1.20716054545289,0.4577072847130059,0.0,0.0,0.0,0.0,0.0,0.0,0.0,0.0,0.0
CCIS46467422ST-4-0,1,1,1,0,1,1,0,1,1,0,1,0,0,1,0,1,1,0,1,0,0,0,0,0,1,0,1,1,0,1,1,0,0,1,1,1,0,1,0,0,0,0,0,1,0,0,0,1,1,1,0,0,0,0,0,1,0,0,0,0,0,0,0,0,0,0,0,0,0,1,1,0,0,0,0,0,0,0,1,0,1,1,1,0,0,0,0,0,0,1,0,0,0,0,0,0,0,0,0,0,0,0,0,0,0,0,0,0.6034105151274973,-1.865279590551144,0.6949855242454921,0.0,0.7382121003979302,1.1036473779467473,0.0,3.668982497954952,-0.1668334257440794,0.0,1.1343239166355876,0.0,0.0,-0.6138833688062522,0.0,3.26224026710853,-1.4605812453288685,0.0,-1.0161853121519466,0.0,0.0,0.0,0.0,0.0,0.2010821066440188,0.0,1.6222505455908056,-1.4317713584694072,0.0,0.1677010037284323,2.5739744546007453,0.0,0.0,-2.9013825242457862,-0.5836333172258699,-3.281922125047573,0.0,-1.026227803606937,0.0,0.0,0.0,0.0,0.0,-2.080647568498703,0.0,0.0,0.0,0.2980003116043645,-3.1528918653038422,2.4080916769470164,0.0,0.0,0.0,0.0,0.0,3.589937047866127,0.0,0.0,0.0,0.0,0.0,0.0,0.0,0.0,0.0,0.0,0.0,0.0,0.0,-2.825546363946679,-1.9206385408994284,0.0,0.0,0.0,0.0,0.0,0.0,0.0,-5.132249948426695,0.0,1.999938209060171,1.8935564078868563,0.4926038362557366,0.0,0.0,0.0,0.0,0.0,0.0,3.006736558652205,0.0,0.0,0.0,0.0,0.0,0.0,0.0,0.0,0.0,0.0,0.0,0.0,0.0,0.0,0.0,0.0,0.0
CCIS48725289ST-4-0,1,1,1,0,1,1,0,1,1,0,1,1,1,1,0,1,1,1,1,0,1,1,1,1,1,0,1,1,1,0,1,1,1,1,1,0,1,1,1,1,0,1,0,1,1,1,1,0,0,1,0,1,1,1,0,1,1,1,0,0,1,1,1,1,1,1,1,1,1,0,0,1,0,1,0,1,1,1,0,0,1,1,0,0,1,1,0,1,1,0,0,1,0,0,1,1,0,0,0,1,0,0,0,0,0,0,0,3.479410016505216,-1.9484303044060831,2.8149742666475364,0.0,0.5971050377408537,-1.4587950256130515,0.0,3.1767192467297485,1.496241146683242,0.0,1.2873089654739007,1.580424390088135,1.699163195592427,2.509988236934395,0.0,2.386378393275366,-0.4308582300799337,-0.7228126112840871,1.026503828847212,0.0,0.7351870939616907,1.845455128786172,-0.0033805746357054,2.640722731345713,2.3070925894391188,0.0,3.29350012706479,1.1539093716406357,-0.3924185713196861,0.0,1.057402334889607,1.509280960469657,-1.219097144504154,0.3415786342015751,-0.1333141559255093,0.0,-0.2617161589698076,-2.891972972631793,-1.0873192154185047,-3.6737328115483416,0.0,-3.705707116180856,0.0,-0.4687998926491534,-0.968250005951377,-0.5329823417303647,2.3946442129680072,0.0,0.0,2.3347366781303576,0.0,-0.6644563128865932,-2.215226213439628,2.5256196489925635,0.0,-6.124271817832134,0.3683774337754276,1.0727588581803458,0.0,0.0,0.3878549498385589,-1.402640791223721,2.236286529693624,-1.045220395109698,0.7281421553052946,-3.1012136187770114,0.0189854188727605,-2.2807591748345337,-1.2249204541329457,0.0,0.0,-0.768769761513088,0.0,-0.1883056958584332,0.0,0.2530984237522347,-2.242150916810221,-1.6045417623157747,0.0,0.0,-2.242429429553979,1.79915470186717,0.0,0.0,-0.4766307862297014,-2.398904070455061,0.0,-2.020289166880864,0.5408781028321573,0.0,0.0,-0.8770343971660561,0.0,0.0,-1.637763431879145,2.288476354647156,0.0,0.0,0.0,-1.4722438354256648,0.0,0.0,0.0,0.0,0.0,0.0,0.0
CCIS50003399ST-4-0,1,1,1,0,0,1,0,1,1,0,1,1,1,1,0,1,1,1,1,1,0,1,0,1,1,0,1,1,1,0,1,0,1,1,1,0,0,1,0,0,0,0,1,1,1,1,1,1,0,1,0,0,1,0,0,1,0,1,0,0,0,0,1,0,1,0,1,1,0,1,0,0,0,1,1,0,0,1,0,1,1,0,0,0,1,1,0,0,0,0,0,1,0,1,0,1,0,0,0,0,0,0,0,0,0,0,0,3.321574868273823,0.5851003198802501,2.167112772128032,0.0,0.0,1.274556262498644,0.0,2.8311956429043827,0.875020342823499,0.0,1.7413952922654188,0.8182986994111503,0.9081100001312504,1.4616686255353448,0.0,1.4076281678352938,0.1511149033320751,-0.3795752560085785,0.5560433456551352,-1.1540339285609926,0.0,0.9367914583052735,0.0,1.7273054887250512,1.2701064053095503,0.0,0.8859207023618564,0.6139048052583792,-0.1584484716287144,0.0,1.93552182249448,0.0,-3.152374495067928,0.0498671137798455,-5.488230758668024,0.0,0.0,-1.127257533191975,0.0,0.0,0.0,0.0,-2.08537637579824,3.3543126359940443,-2.853446939830148,-0.5950427357078456,1.946129470717931,-1.4165286731956837,0.0,2.082481729337821,0.0,0.0,-2.636173546398966,0.0,0.0,1.1582049835603692,0.0,-0.485855019953227,0.0,0.0,0.0,0.0,-0.259492789524204,0.0,0.3206435388349045,0.0,-0.929182657549527,-5.632480367512571,0.0,-0.8071134966949729,0.0,0.0,0.0,0.0290023290294251,-3.3525640743312386,0.0,0.0,-4.031120975643672,0.0,2.888768954488768,1.5902827960669217,0.0,0.0,0.0,0.65125699156258,-2.166564883137432,0.0,0.0,0.0,0.0,0.0,-3.656644815161216,0.0,0.52582493469731,0.0,2.302362390366345,0.0,0.0,0.0,0.0,0.0,0.0,0.0,0.0,0.0,0.0,0.0
CCIS50148151ST-4-0,1,1,1,0,1,0,1,1,0,0,1,1,0,1,0,1,1,1,0,1,0,0,0,0,0,0,0,1,1,0,1,1,0,0,0,0,0,1,0,1,1,1,1,0,1,1,0,1,1,0,0,1,1,0,1,0,0,1,0,1,1,1,1,0,1,1,1,1,1,1,0,1,0,1,1,0,1,0,0,0,0,1,0,0,0,0,1,1,0,1,1,0,1,0,0,0,0,0,0,1,0,0,0,0,1,0,0,2.603086859724458,-1.7788448286192804,2.29777735866298,0.0,-4.530326275411115,0.0,2.525202793826571,3.712466045672232,0.0,0.0,-0.9989152350088852,3.105393350259047,0.0,-1.9838522862296064,0.0,2.370850450236188,-0.1712508906332379,-1.2185828371072511,0.0,2.1216739890542247,0.0,0.0,0.0,0.0,0.0,0.0,0.0,1.1185855610884037,-0.3773944097745989,0.0,-0.4421186491780953,2.1812139086528126,0.0,0.0,0.0,0.0,0.0,-0.2128044071702393,0.0,-0.0540256708005384,1.4966581334552922,2.3660377870392217,-1.211043957970534,0.0,-1.928480828092012,3.122479039533891,0.0,2.7999793910239075,-1.613171538692127,0.0,0.0,-1.7023387737815454,-0.879832440200772,0.0,1.795981696085744,0.0,0.0,0.4845699701184974,0.0,-2.601560445601148,0.2637052179447228,-1.5755478616113014,-4.550787347282455,0.0,3.2012190736009964,-0.3877945035147865,0.7970581908485841,2.501933701949868,-0.75718711698408,0.7578000984156167,0.0,-4.849729824552616,0.0,-0.93659245767749,-3.4275034542066614,0.0,0.1095265916907627,0.0,0.0,0.0,0.0,2.6205459295789213,0.0,0.0,0.0,0.0,-0.6495718875563852,-2.9003414111209773,0.0,0.6129497194027199,-0.942526778859304,0.0,-0.1090789275839521,0.0,0.0,0.0,0.0,0.0,0.0,0.6320698650253378,0.0,0.0,0.0,0.0,-2.807559677670011,0.0,0.0
CCIS50471204ST-4-0,1,1,1,0,1,0,0,1,1,0,1,1,1,1,0,1,0,1,1,1,0,1,0,1,1,0,1,1,1,1,1,1,1,1,0,0,1,1,0,1,1,1,0,1,0,0,1,1,0,1,0,1,1,0,1,1,1,1,1,1,1,1,0,1,1,1,1,0,1,1,1,1,1,1,1,0,0,1,1,0,1,1,0,1,1,1,1,1,1,0,0,0,1,1,0,1,0,0,0,0,0,0,0,1,0,0,0,1.895049025148086,-0.0088902119451848,1.7950717617110823,0.0,1.546337656629392,0.0,0.0,2.9548269031831014,1.6475593556863015,0.0,1.899031415856055,0.8739773309280154,1.6724067133056049,2.0985029733300022,0.0,2.8093355839463983,0.0,-3.6850803255326334,1.5766987531412902,-0.9547190154448733,0.0,1.8448078650035056,0.0,2.50795838929164,1.6414913084885163,0.0,3.1891633272487985,0.446060672259898,-0.7057481774117824,1.272996797332905,-0.535821397132634,0.6854724383776614,0.8150568020946676,0.1038864860701715,0.0,0.0,0.9889924804171688,-0.5519146206467851,0.0,-1.191748568156353,-2.179306164320675,2.2270113222811774,0.0,3.4546890882143746,0.0,0.0,0.7171421932913837,-2.049566159182634,0.0,0.2918427622994839,0.0,-0.6788142085796085,-1.19545411715672,0.0,0.7329971142905023,0.2991820951565666,2.7589936541684104,0.2641038332345468,0.724643244363573,-1.109023918314546,-7.6147249323106,-1.4716128355934786,0.0,-0.9766662896074192,0.57703047393728,-0.7480810415708945,0.1448418149116193,0.0,-0.7237767716448447,-1.2967583209012556,-0.5568269948987439,-0.7727533938744664,-0.5359150344752746,-3.105087173044073,-3.4715902059190684,0.0,0.0,0.05518521342351,-0.1134586629438649,0.0,-4.655771910259906,-0.0626334704883002,0.0,1.4918215973684723,-1.4718515560529557,1.1295241472397624,0.1548179598167853,0.1635098064017793,-1.6931465126667848,0.0,0.0,0.0,-1.6904691348960683,1.7949534292878604,0.0,0.8756792840154224,0.0,0.0,0.0,0.0,0.0,0.0,0.0,-6.315441948180339,0.0,0.0,0.0
CCIS51595129ST-4-0,1,1,1,0,1,1,0,1,1,0,1,1,1,1,1,1,1,1,1,0,0,1,1,1,1,1,1,1,1,1,1,1,1,1,1,0,1,0,1,1,1,1,0,1,1,1,1,0,1,1,0,1,1,1,0,0,1,1,1,0,1,1,1,1,1,1,1,1,1,0,1,1,0,1,0,0,1,1,0,0,1,1,0,0,1,1,1,0,1,0,0,0,0,1,0,0,1,0,0,0,0,0,0,0,0,0,0,3.5100738215693856,-1.832956769104727,1.0942633296463775,0.0,0.1321787782980594,0.6793827015459551,0.0,3.227452193196606,1.246563417811072,0.0,0.8055189440478124,1.0724170396342232,1.0057298010964013,0.9048487808946692,1.9706746234925336,2.02194244562713,-1.6081864890328663,-0.5832398520597157,0.5173444702342169,0.0,0.0,2.2173733080316778,0.0762841991001288,1.1533859117819791,1.3921986092411252,1.814484110336024,1.7912756211411809,1.398562644887227,-0.8789396243240148,-0.2566865425676352,-3.4467875345395624,-0.3039373393845967,0.938515958070574,-1.1864339719718686,-2.686011095228219,0.0,1.6635602798027531,0.0,0.4988770306980294,-2.513040000261247,-1.5233655563273871,1.717603033278762,0.0,3.997553979084578,-0.858527098209579,-4.481451098607399,2.307415998871352,0.0,2.3636282303588048,3.3117232485818064,0.0,-0.8113305688494818,-2.933135719537737,2.3568734760112404,0.0,0.0,1.300779893321828,1.8909621821748352,1.9309046824624767,0.0,3.689379157184762,-1.5711224846549408,0.5049398599884163,1.0128477884781848,1.314700791955642,-3.740778776184608,0.8978751526902395,0.20798702907451,-0.6217465985238351,0.0,-1.8654126881723725,-6.5697815877044805,0.0,-0.3578914653493381,0.0,0.0,-4.61371906718515,-6.117796463961423,0.0,0.0,1.488975102265937,-0.2684061896961731,0.0,0.0,-1.1574979840267614,-1.600960844041232,-3.730285500468769,0.0,-1.310799226555121,0.0,0.0,0.0,0.0,0.7220449066981479,0.0,0.0,-2.7188743961364032,0.0,0.0,0.0,0.0,0.0,0.0,0.0,0.0,0.0,0.0
CCIS58234805ST-4-0,1,1,1,0,1,1,1,1,1,0,1,1,1,1,1,1,1,1,1,1,0,0,1,1,1,1,1,1,1,0,1,1,1,1,1,1,0,1,0,1,1,1,1,1,1,0,1,1,0,1,0,1,1,0,1,1,0,1,1,1,1,1,1,0,1,1,1,1,1,1,1,1,0,1,0,1,0,1,0,1,1,1,0,0,0,0,0,1,1,1,1,0,0,1,1,0,1,0,0,0,0,0,1,1,0,0,0,1.0810161848548685,1.4860666404468073,-0.5740911526567394,0.0,2.3569427148764555,-1.6046702628098273,1.1349455905703736,0.7636378391693426,0.8503494784272416,0.0,-1.061163226538517,1.0935057767258107,-0.7570295491947308,0.4037789473432847,0.1983869636300488,2.0794812776326923,-1.3841224924080513,-2.397168421437342,1.650504621475612,0.1286874682213277,0.0,0.0,0.5947389430760861,1.1458942110954355,-2.063882592185537,1.3206622107613173,3.6125718981076407,-0.1683976819077104,-2.053300482855,0.0,1.7477825609400823,1.4111187640599796,1.087345526398223,-0.2920777374870269,-0.4733146114443323,-1.770895467504063,0.0,-2.626161497540444,0.0,2.332375499878272,-2.4482942910958694,0.8115606588040842,-2.002721729405318,1.990462838492764,3.062137276481066,0.0,4.098191641027494,-1.1382134826940526,0.0,-1.2662111117601549,0.0,-5.878938874084325,-0.7496524665586866,0.0,0.9211159890565556,1.305637991051278,0.0,-4.94216961086663,0.9604637225347366,0.8143420637081038,-2.8084830543343977,-5.314409071346473,0.0588702443498059,0.0,-0.045237847097769,2.363318254483021,0.8904259354167168,0.4907849555945411,-2.407829503223456,-2.2287285611295435,1.2910480345750028,-3.477913708277027,0.0,-5.74972714260432,0.0,-4.780326585416216,0.0,3.780377396260106,0.0,0.1047367976451285,1.9868710323916623,5.057412212028863,0.0,0.0,0.0,0.0,0.0,-2.190921860731048,-3.928114710226583,0.5508362197608381,-0.873373883544482,0.0,0.0,2.5334453736682128,0.4017152293401149,0.0,3.4194344793027227,0.0,0.0,0.0,0.0,0.0,0.5202296522986607,5.564331554403283,0.0,0.0,0.0
CCIS59132091ST-4-0,1,0,1,1,1,1,1,1,1,1,1,1,1,1,0,1,1,1,1,1,1,1,1,0,1,0,1,1,1,1,1,1,1,1,1,0,1,0,1,1,0,1,0,1,1,1,1,1,0,1,0,1,1,0,1,1,1,1,1,1,0,1,1,1,1,1,1,1,1,0,1,0,0,1,1,1,0,1,0,1,1,0,0,0,0,0,1,0,0,0,1,0,0,1,1,0,0,1,0,1,0,0,0,1,0,0,0,1.9690414718904248,0.0,4.679908565739983,-1.7584886991538542,2.969505974561475,2.8152500503659827,0.4204750699160142,-0.3357683661194808,4.292406267933797,4.707637882012586,2.938021636388409,2.9251363736912914,3.495920175542651,4.037749165225403,0.0,-0.9122580035447774,2.9601726481086943,1.119020054437271,3.324155394060252,-1.537493978488512,2.166782602990374,1.8754929664346816,2.7430512098525472,0.0,2.1867605638835474,0.0,-0.116908442142281,3.7124340975138113,2.006221294372464,-6.027253312965275,-1.890488034859223,-2.619411388584452,2.136231957115635,1.552255253889134,-5.30131630958234,0.0,1.8543947170272883,0.0,-3.7551274274559385,-0.0863805519733538,0.0,-1.228162434339878,0.0,1.890501596328368,-0.9138608890813088,-3.0706084281193315,3.253343576205661,-2.5107450847921258,0.0,3.224216206354904,0.0,0.81791709082524,-0.4700392253972114,0.0,-1.0197339795472775,-0.9703707677037,0.4369714771019044,-1.5307825439005254,2.666969680799148,-0.8681980137507468,0.0,0.4093777091024226,-2.0863189640427096,-3.168869230562508,-1.3886483508909468,0.1066507480419531,-2.7576843737815566,-2.7488515087830483,-4.895851201474175,0.0,-2.6117148140324624,0.0,0.0,-3.105885454700147,-1.7730600498012792,-3.250506580576831,0.0,2.1520773424780084,0.0,2.8035966680749382,0.8596187551004371,0.0,0.0,0.0,0.0,0.0,-2.4064742715552714,0.0,0.0,0.0,-3.2864132890400746,0.0,0.0,-1.0789663476373028,-1.460477514964496,0.0,0.0,-3.434489267320862,0.0,-2.3534874966613875,0.0,0.0,0.0,-2.778171646040009,0.0,0.0,0.0
CCIS62605362ST-3-0,1,1,1,0,1,1,1,1,1,0,1,1,1,1,0,1,1,1,1,0,0,1,1,1,1,0,1,1,1,0,1,1,1,1,0,0,1,1,1,1,1,1,0,1,1,0,1,0,0,1,0,1,1,1,1,1,1,1,1,0,1,1,0,1,1,1,1,1,1,1,1,1,0,1,1,1,1,0,0,1,1,1,0,0,1,1,1,1,1,0,0,1,0,1,0,0,0,1,0,1,0,0,1,1,0,0,0,2.881709315484119,-5.01601932791239,1.1768542783637956,0.0,1.077392941148039,-1.438331309767073,3.4245225883387747,2.7554669811257098,1.533481687572457,0.0,0.8287377004235804,1.2989706341519611,1.6929091618023515,0.4454199839572473,0.0,2.780002771921368,-1.0329745029532151,-0.8057021533914519,1.1455436365494116,0.0,0.0,1.4237303244866848,-0.3853627435010125,-0.3722435553107541,-0.766859854686168,0.0,0.0619847805856568,-0.1863112143674341,-0.3701759956907022,0.0,1.3957702992224024,0.1778737770616114,-0.8227593940277271,0.2221838243298317,0.0,0.0,2.1950180909706107,-3.7386447808204553,-0.0785383761443376,0.6615106942043933,-0.979004192784182,2.1020628349520627,0.0,2.920071321624412,-2.297558390792341,0.0,3.5703603596551865,0.0,0.0,3.9066723043898017,0.0,-1.2557661179371953,-5.69760568607126,4.021037820523731,1.1396407946622185,0.3844557563889494,1.6478259360251934,1.576156718340263,2.194927934549159,0.0,1.3987826081072652,-1.4665021867337693,0.0,-2.630890185937055,0.9305269101767522,-2.758018141526371,0.6583822356554414,-0.3797674538022635,-0.7121899633071196,-7.072471351367527,1.7666274577852117,0.5661647021279947,0.0,-1.1599516299776058,-3.247790356094529,0.7011039931571322,-0.5717278304857161,0.0,0.0,-0.0478223209138906,1.7762728965932792,-2.4515172976781736,0.0,0.0,-1.6938315959806574,-4.532302022904478,-2.7751859451487366,-0.6053374374781322,-0.8442293457604813,0.0,0.0,-1.0985460857654126,0.0,0.7284362929774074,0.0,0.0,0.0,1.433182793309063,0.0,1.4781566161349478,0.0,0.0,-0.4060351663253501,-2.381957845490504,0.0,0.0,0.0
CCIS63448910ST-4-0,1,1,1,1,1,1,0,1,1,0,1,1,1,1,0,1,1,0,1,1,1,1,0,0,0,0,1,1,0,0,1,1,1,1,1,1,0,0,0,0,0,0,0,1,0,0,1,1,0,0,0,0,0,1,0,1,1,1,1,0,0,0,0,0,1,0,1,0,0,1,1,0,0,1,1,0,0,0,0,0,0,1,0,1,1,1,0,1,0,0,0,0,1,0,0,0,0,0,0,0,0,0,0,1,0,0,0,-2.3662113980291526,0.5307134632654029,3.76475779053915,-3.7291128795743376,-2.1324732802835467,-3.229915293803466,0.0,-2.1645997790484257,2.8357530855251687,0.0,2.199461113378459,0.4105291962079191,3.70278930422662,-2.842149762794703,0.0,2.367700622431004,4.123000277756434,0.0,-0.3016732618518913,0.5427246448355221,-0.9213830081887466,-5.144734855788748,0.0,0.0,0.0,0.0,2.382815755921964,-2.8517192138108536,0.0,0.0,4.332536261469587,2.1775553866410933,6.149670875337768,-0.2019026650438551,-3.5258181994001045,1.4201947126000003,0.0,0.0,0.0,0.0,0.0,0.0,0.0,-0.4334901234091739,0.0,0.0,-3.02733255186969,3.0091081001980298,0.0,0.0,0.0,0.0,0.0,-3.024471319588657,0.0,5.995984798929111,-1.916380286966004,-4.014870023616535,-1.376362295553994,0.0,0.0,0.0,0.0,0.0,2.448699309145808,0.0,-2.3073286334724967,0.0,0.0,-2.5491248459324263,2.9288536440204243,0.0,0.0,2.571110631566504,-0.7883313260027642,0.0,0.0,0.0,0.0,0.0,0.0,2.1366835801609763,0.0,-1.851546997955996,-1.7684483645060816,0.9748820595632974,0.0,-3.782538046247918,0.0,0.0,0.0,0.0,0.2032792933045102,0.0,0.0,0.0,0.0,0.0,0.0,0.0,0.0,0.0,0.0,-0.9568854942851908,0.0,0.0,0.0
CCIS63468405ST-4-0,1,1,1,0,1,1,0,1,1,1,1,1,1,1,1,1,1,1,1,1,0,1,1,1,1,1,1,1,1,1,1,1,0,1,0,0,1,1,1,1,1,1,0,1,1,1,1,1,1,1,0,1,1,1,1,0,1,1,1,1,0,1,1,1,1,1,1,1,1,0,1,1,0,1,0,1,1,1,1,0,1,0,0,1,1,1,1,1,0,1,1,0,0,1,0,1,1,1,0,0,0,1,0,1,0,0,0,3.4647315911385377,-0.9427080685929928,0.3976728729835552,0.0,1.765785247615615,1.8603780644645287,0.0,2.956352243268289,2.1078463533321377,2.717861203244273,0.0263485570723076,1.3658425745717286,2.48954409570302,1.4691412679293947,1.833245254797509,3.4761280892610094,-1.1532353268618696,-0.5913101817551039,0.771879811019369,-1.5824589045686084,0.0,1.10416830954438,0.2709681970279887,-4.502683625614454,1.7038006546823283,2.592127655960759,1.558303955449821,0.8332610274144443,-1.0218432165398783,-0.440898032633203,-0.5909203941843919,-2.3251318138769395,0.0,0.0329833546066633,0.0,0.0,-2.1053788458949483,-2.4256801184620485,-1.2599390941504565,-0.7054449098260123,-3.6288395839875567,3.3265566637970148,0.0,-0.4250361283327364,2.8321542251292646,-3.9449248484262447,3.4397386071218428,-2.463827364049697,0.3870794506272517,2.7523113156108368,0.0,-3.5210430135318487,-3.482852214799459,-1.4908479444938845,1.4785173922482138,0.0,0.1052101208406774,2.908915820523036,-3.883644417208232,-2.271413206868518,0.0,-3.806294951130338,2.0507131339069486,-1.0632650311321012,2.614026710684345,-1.1069121932382964,2.1787167824505747,-2.6602804235676447,0.8632923894073972,0.0,2.4890367284209067,0.5295776049523035,0.0,1.9367393539445608,0.0,-5.249176786879692,0.8562278046055052,2.803485989070924,-0.1188728691470712,0.0,-2.0016735682598754,0.0,0.0,-5.235571134823914,-2.630881448712864,-0.0440417286747876,-1.7386541567703433,0.5215813052739289,0.0,-1.8875654819116017,0.3191677168814044,0.0,0.0,-0.2771779017897939,0.0,0.2220573188901577,4.721233642300298,2.246456477035676,0.0,0.0,0.0,-0.8121821111286502,0.0,-2.9885558929846785,0.0,0.0,0.0
CCIS63910149ST-4-0,1,1,1,1,1,1,0,1,1,0,1,1,1,1,0,1,1,1,1,0,1,1,1,1,1,0,1,1,1,1,1,1,1,1,0,1,1,1,1,1,1,1,0,1,1,0,1,0,0,1,0,1,0,1,1,1,1,1,0,1,1,1,1,1,1,1,1,1,1,0,0,1,0,1,0,0,1,1,0,0,1,0,0,0,0,1,1,1,0,0,0,0,0,1,0,1,1,0,0,1,0,0,0,1,0,0,0,2.7664123541333585,-2.791551159310281,0.5479846309074253,0.3021272767169525,1.2111828664198017,1.1644593444032614,0.0,3.193128839000954,1.8605995727681848,0.0,2.4523825391046428,1.1084060464066574,2.511973174603873,1.7566143107508276,0.0,3.08604541695722,-0.501834665692904,-0.0154788412672313,0.8899308165505174,0.0,3.3382310813774545,1.7013546547436718,-0.035393451464226,0.1792497796941816,-1.631581002646531,0.0,2.9531953433300333,1.934056269916772,-1.6520945424796338,-1.1400190301481052,-0.3335718431873451,-1.437455877985692,2.544063067794538,-0.156049637592688,0.0,-0.5152722077501188,0.4501116354806279,-3.379337824212401,-0.8513203440021975,-1.2792564848233214,-3.05878488180868,1.3278354889128634,0.0,4.074310804237434,-1.012905403673918,0.0,1.8503939819996584,0.0,0.0,-2.894990325714237,0.0,-2.692239049188336,0.0,3.292994039738365,1.7194862662293422,-0.2812394635789552,1.0933743340231752,1.3197619636209503,0.0,-3.226767718031242,0.6571859706616752,-2.9721990755462064,-1.0983922203922372,0.5713065652130578,-0.5614947338938856,-2.198751952584618,0.0780403858476983,0.1165909189411684,-0.0764164902326318,0.0,0.0,-1.0698419921117306,0.0,-0.6322602026993687,0.0,0.0,-1.667942163898277,0.8526398411101395,0.0,0.0,-1.864707705236967,0.0,0.0,0.0,0.0,-2.499273298531299,-1.0541950101790618,-0.0282883119039765,0.0,0.0,0.0,0.0,0.0,1.0792310034239467,0.0,0.8132515446910856,-4.920788395661568,0.0,0.0,-0.6540171838911442,0.0,0.0,0.0,-4.612199638390474,0.0,0.0,0.0
CCIS64773582ST-4-0,1,1,1,0,0,1,0,1,1,0,1,1,0,1,0,1,1,1,0,1,0,1,0,1,1,1,1,1,1,1,1,1,1,1,0,1,1,1,1,1,1,1,1,1,1,1,1,1,0,1,0,1,1,1,0,1,1,0,1,1,1,1,1,1,1,1,0,1,1,1,1,0,0,1,1,0,1,1,0,0,1,1,0,1,0,0,1,0,1,0,0,0,1,1,0,1,1,0,1,0,0,0,0,0,0,0,0,3.1493752440704625,-1.566108528808488,1.6575948500865585,0.0,0.0,-0.2929225894600487,0.0,1.1571741518604268,1.1595857707354056,0.0,1.018448636667613,1.005691056656674,0.0,-0.7219625990447613,0.0,3.974317962632403,0.4410306714294675,-0.214104790454312,0.0,-1.0995974009160352,0.0,-1.2967583235055151,0.0,-0.5806709727105677,1.1170959716550677,0.9903045596526788,3.150779078852037,1.1090259064027534,0.1621817038904978,-0.403390838189539,1.602246019883777,0.8350276629901088,-1.131292187484131,1.133461451156404,0.0,-2.131827465212673,-3.02248764476848,-0.9379144753683022,-0.7390636166231368,0.3944640484934756,-0.1302967430602259,3.01532688203906,-2.408208810900931,2.800592075369784,-1.564510942598457,-2.3971363172164124,1.68575767298571,1.0851071586326606,0.0,2.511570424034359,0.0,-0.7083837824022341,-1.1066416521054494,2.756075122441032,0.0,3.855424279295717,1.0760655284878105,0.0,1.8338504479266475,-1.735685213085593,1.986968092135022,-0.8078012402685988,0.8727024048867225,-1.7371596735949533,1.5725090147284424,-1.4399322409977873,0.0,-0.4050028004073496,-0.6310572375574754,-0.8356487911581323,0.6397050222100842,0.0,0.0,-0.0591730580041309,-1.0055541666758336,0.0,-0.7703938571864466,-2.991715986101726,0.0,0.0,0.5732154032552287,1.383794639105422,0.0,-0.8103010332543841,0.0,0.0,-3.039398116916797,0.0,-4.0405882925774375,0.0,0.0,0.0,-1.6924330019714655,1.5042676999255176,0.0,2.892083922911513,-4.581394748555365,0.0,-7.066301398343365,0.0,0.0,0.0,0.0,0.0,0.0,0.0,0.0
CCIS64785924ST-20-0,1,1,1,1,1,1,1,1,1,0,1,1,1,1,0,1,1,1,1,1,1,1,1,1,1,0,1,1,1,0,1,0,1,1,1,0,0,0,0,1,0,1,0,1,1,1,1,1,0,1,0,1,1,0,1,1,1,1,1,1,0,1,1,0,1,1,1,1,1,0,0,0,0,1,1,1,0,1,0,1,1,0,0,0,1,1,1,0,0,0,0,0,0,1,0,0,0,1,0,0,0,0,0,0,0,0,0,1.6817252607772128,2.2393786944641096,1.2184806217595718,0.4946763332340399,1.6038877642878888,3.00868819690019,2.174931343984666,-0.0764945319954006,0.0722405110325024,0.0,1.225979486655837,1.1659814692354025,1.5788452863667812,1.8511444771940968,0.0,1.534362258541229,0.5008357314131466,-0.4699058096820012,-0.1935517534665445,-0.7901293803079334,1.8076557410208216,0.6225457767759391,-0.2185298537821667,-3.6970720470121248,-1.3603062534908053,0.0,1.2779974371519398,1.977096886171711,-1.8996181618905128,0.0,-2.1256575951811048,0.0,1.3909785310913665,-0.4424469707338043,1.6607286513318684,0.0,0.0,0.0,0.0,-1.6735766056500774,0.0,-0.72743883148216,0.0,4.488045775600327,-1.846182054557248,-2.632011292515248,2.7473617955897183,-1.3543149168672537,0.0,2.201325677717052,0.0,-0.5045297742480495,-3.1743880781567584,0.0,-0.7600745261114346,1.465179899539896,0.8360049261472016,-2.6980090288541065,1.488411943015338,-0.0667591341429949,0.0,-1.6988901121798303,0.6705911386414656,0.0,0.3560141945488463,-0.5785495541425891,-2.9430016926108373,-0.7906149013856176,-2.883888308715352,0.0,0.0,0.0,0.0,-1.2415698120608365,1.2260348929222995,0.7698128976191398,0.0,2.949311875421496,0.0,-0.2790125570058044,-0.5198116785799651,0.0,0.0,0.0,-0.0811590848087455,-4.959398365409886,-3.791494296270384,0.0,0.0,0.0,0.0,0.0,0.0,-0.6507383427185323,0.0,0.0,0.0,-1.1571301701369854,0.0,0.0,0.0,0.0,0.0,0.0,0.0,0.0,0.0
CCIS65479369ST-4-0,1,1,1,1,1,1,1,1,1,0,1,1,1,1,1,1,1,0,1,1,0,1,1,1,1,1,0,1,1,0,0,0,0,0,1,0,0,1,0,1,1,1,0,0,1,0,0,1,0,1,0,1,0,0,1,0,0,0,0,0,0,0,0,0,1,1,0,0,1,0,1,0,0,0,0,1,0,0,0,0,0,1,1,0,0,0,1,0,0,0,0,0,0,1,0,0,1,0,0,0,0,0,0,1,0,0,0,2.40544400758323,-4.840901623184573,-2.8021385495799978,0.4451558577770095,2.332272004071041,-2.834962543497663,-0.9437924274180168,3.621621671950963,2.284435311714738,0.0,-1.9584350447955208,1.542299048745169,2.263960384389022,-1.2599011640229505,0.5343767844995927,-0.0128083826308376,-2.199036091780023,0.0,1.954738092627976,-1.845366219401864,0.0,-0.878964226374713,0.5075548286007457,-6.446410257478783,3.5071141141357867,1.3963766869418146,0.0,2.4733811914556414,-0.0446556597340863,0.0,0.0,0.0,0.0,0.0,-0.6427528738661425,0.0,0.0,0.7492917648090671,0.0,1.56962286612432,-0.6909162752447653,-1.2068442683655007,0.0,0.0,1.5452085571779628,0.0,0.0,2.2127759746485034,0.0,-4.564105358378043,0.0,-6.549594493714015,0.0,0.0,1.571110566995729,0.0,0.0,0.0,0.0,0.0,0.0,0.0,0.0,0.0,0.9989500316861372,1.2831526824047417,0.0,0.0,-0.4957166441031773,0.0,0.075797874293942,0.0,0.0,0.0,0.0,0.4411423141858345,0.0,0.0,0.0,0.0,0.0,3.905893588740767,3.2375851574460603,0.0,0.0,0.0,-4.798506064216888,0.0,0.0,0.0,0.0,0.0,0.0,2.4303779241139187,0.0,0.0,-0.6847905870615356,0.0,0.0,0.0,0.0,0.0,0.0,0.4109594677293804,0.0,0.0,0.0
CCIS71301801ST-4-0,1,1,1,0,1,1,0,1,1,0,1,1,1,1,1,1,1,1,1,0,0,0,1,1,1,1,1,1,1,1,1,0,0,1,1,1,1,1,1,1,1,1,0,0,1,0,1,1,0,1,0,1,1,1,0,0,1,1,0,0,1,1,0,0,1,1,1,1,1,1,0,0,1,0,1,0,1,1,0,0,1,1,1,1,1,1,1,1,1,1,0,0,1,0,0,0,0,0,0,0,0,0,1,1,0,0,0,2.048097902561286,-5.063423589301096,-1.181504362173181,0.0,-1.198709087622812,0.0688527633712647,0.0,4.126071128857193,2.285215716200015,0.0,1.012345129559712,0.653755340838873,0.9135106144604126,-3.7547801624112713,2.8040297608448954,5.352371247420593,-4.538899121176944,-0.656704342036843,-0.8023639329641872,0.0,0.0,0.0,-2.052293235635984,-1.358297518750199,1.6686501083425274,2.380811616534632,2.860819283643441,0.8849414675464176,0.1358352016663915,-1.337314793418804,1.0481966554006568,0.0,0.0,1.3212473256073154,-4.512051871140756,-2.8103185535704203,0.2817115541891681,0.6556815051583127,0.5773415565537119,-1.5199686313256346,3.873950422128046,3.4760055972231445,0.0,0.0,-0.3672366486074916,0.0,1.1027184303613482,-1.0459021466922511,0.0,0.4098607692012248,0.0,-2.6941471218083777,-4.381837231142226,3.618367977261816,0.0,0.0,-0.9713805240672746,2.6572165715600526,0.0,0.0,3.74007313861581,-3.2774278247897906,0.0,0.0,2.726716113625636,-2.235633987354242,1.6215185435471424,-0.0089364126759909,-0.3463625327756292,-2.4967074469276733,0.0,0.0,-1.1324998732106264,0.0,-3.733273957190308,0.0,0.6337084677788218,-3.061632981851326,0.0,0.0,0.5933315343332723,3.240092595591931,-4.364545734032165,-0.8231724170268191,-0.2645031506954274,-2.232918439181759,-0.0129046718516117,0.9949204866464306,1.320102461362114,2.4613919297261964,0.0,0.0,-0.7931636420974526,0.0,0.0,0.0,0.0,0.0,0.0,0.0,0.0,0.0,1.881339522975792,-0.399984495189029,0.0,0.0,0.0
CCIS72607085ST-4-0,1,1,1,1,1,1,1,1,1,0,1,1,1,1,0,1,1,0,1,0,0,0,0,1,1,0,1,1,0,1,1,1,1,0,1,1,1,1,0,0,0,1,0,1,0,1,0,0,0,1,0,0,1,1,1,1,0,0,0,0,0,0,0,0,1,1,0,0,0,1,1,1,0,0,1,0,0,1,0,1,0,0,0,1,0,1,1,0,0,0,0,1,0,1,0,1,1,1,0,0,0,0,0,0,0,0,0,0.3611516319411532,-3.913704063717356,-0.6091200362038709,-1.5502207885167136,-2.539105742360656,1.7182742825996196,0.8687361820201673,-1.3986367006019989,-1.2676942147872152,0.0,-0.3567625880015486,-1.4042938908734417,-0.6084372092739603,-1.412268111978145,0.0,-0.8002921190220351,-2.053055087517403,0.0,-5.952137581669815,0.0,0.0,0.0,0.0,2.872456272349916,-1.2435730974774395,0.0,1.027572843594387,-3.087897964050497,0.0,-2.314551421943429,3.820757113657308,4.827009166272403,3.103255960302315,0.0,-1.8794545162288936,-5.728994030355604,-3.073742014820366,0.6516610523677893,0.0,0.0,0.0,2.8047753003224534,0.0,1.1429860215345948,0.0,3.679030243389628,0.0,0.0,0.0,-2.033706579946338,0.0,0.0,-1.5264358834932716,-2.8874124366288725,3.759570976013292,5.285966565202372,0.0,0.0,0.0,0.0,0.0,0.0,0.0,0.0,2.464714223192032,1.1642565624236505,0.0,0.0,0.0,0.6670781144464122,3.104772684136877,2.187167452265619,0.0,0.0,2.5268195545155203,0.0,0.0,4.630582033682694,0.0,-1.872785804033856,0.0,0.0,0.0,3.296602424708489,0.0,-3.206699848495985,-0.2236624944232423,0.0,0.0,0.0,0.0,-2.691297557702582,0.0,-3.4407976748136586,0.0,-0.4854345997567919,1.0035912015751984,2.5933861961811053,0.0,0.0,0.0,0.0,0.0,0.0,0.0,0.0,0.0
CCIS78100604ST-4-0,1,1,1,0,1,1,0,1,0,0,1,1,1,1,0,1,1,1,1,1,0,1,0,1,1,0,0,0,1,1,1,1,1,1,0,0,1,1,0,1,1,1,1,1,1,1,1,1,0,1,1,1,1,1,1,1,1,1,0,0,0,0,0,0,1,1,1,1,1,1,1,1,0,1,0,1,1,0,0,1,1,1,0,1,1,1,1,0,0,0,0,1,1,0,0,1,0,0,0,0,0,1,0,0,0,0,0,3.010479362047365,0.8145106216630813,2.985481241168141,0.0,1.4925753229589565,2.729409686923472,0.0,3.362033221926772,0.0,0.0,2.8141844351635137,2.973135276009232,2.98033248912156,0.9808728737853344,0.0,2.996624405524712,2.600874061697761,-6.023255849322458,1.809998696363744,-1.9250181659206165,0.0,2.530334925026212,0.0,2.2485209874495204,1.300125505799253,0.0,0.0,0.0,-3.538349199534457,1.488931655305211,1.4682946879492824,1.1750232053264216,-0.6309831855929215,1.0068488556193609,0.0,0.0,2.9745704479692567,0.3521676006727252,0.0,0.012276482853647,-6.654527626164315,1.7485557749618346,-6.737909235103366,4.869950845084489,1.4794471540904854,-3.561668641879601,2.98124517353604,-2.2123470686706868,0.0,-1.5502805634447814,2.762352005696559,-6.577566585028187,-0.6100911942902276,3.272947900518914,-5.668710831641549,2.621847646814442,-1.6230444995552218,-0.1110763182854019,0.0,0.0,0.0,0.0,0.0,0.0,0.4321099688642635,0.4796298888469512,1.1630334025761713,-3.871988573071366,0.2374234212728543,0.2749108636489634,-0.2561989500344617,-0.758803351337169,0.0,-0.2345326980171729,0.0,-6.407667548232789,-0.4035490264324735,0.0,0.0,1.9434415424791545,-1.8381245398878487,1.389212794550733,0.0,-0.5674802091626034,1.5260509184908664,-1.2654558963478144,-1.2421675435756183,0.0,0.0,0.0,0.0,0.4937552226761381,-3.008555673061656,0.0,0.0,-1.888259519833896,0.0,0.0,0.0,0.0,0.0,-4.615908079004734,0.0,0.0,0.0,0.0,0.0
CCIS78318719ST-4-0,1,1,1,1,1,1,1,1,1,0,1,1,1,1,0,1,1,1,1,1,0,0,1,1,1,0,1,1,1,1,1,1,1,1,1,1,0,1,1,1,1,1,1,1,1,1,1,1,0,1,0,1,1,0,1,1,1,1,1,1,0,1,1,1,1,1,1,1,1,0,1,1,0,1,0,0,1,1,1,1,1,1,1,0,0,0,1,0,0,0,1,1,1,1,0,0,1,0,0,0,1,0,0,0,1,0,0,4.102341931216472,-2.8337695079164726,-1.579113047731115,0.1229443537446668,1.7910488369623774,0.6635668973604082,-5.008852959375479,1.4240753981339542,1.055865441320467,0.0,2.168639672818226,1.136397237440724,1.2221743475859457,-1.3741522493763747,0.0,1.2479332938577292,-0.926255962503328,0.7821780904140203,0.6878240390979361,-2.976105240578735,0.0,0.0,0.9569755558094722,0.9959348463976168,2.644787371088823,0.0,2.1782192093034185,1.441628993934556,0.9355352825345548,-2.0889145251910213,-1.8835661685958005,-0.7978614486109934,-4.28692681426549,-0.2211787514893775,1.4789199351604274,-0.671705351728662,0.0,1.4383719254172187,1.5220565888470925,-1.4848567561186252,0.156975224126479,3.5829018030756314,-3.639118314294606,3.1160802519147826,1.8292549065296893,-1.6273122302628749,3.5714849903712365,0.0615650393218207,0.0,3.9171942385425007,0.0,-1.1607263455277996,-3.2231947903436007,0.0,2.5642431031715143,2.148365075150749,-2.2579390538414863,-0.2016659372657956,2.251094970287363,-1.2104973827528238,0.0,-2.2344410825741825,-0.5035434369417389,2.132744638832621,0.5137751602533625,2.428800377135107,0.4695023365753743,1.523364452696706,-0.7550537685392231,0.0,0.5078961453825153,-2.5276026207905886,0.0,-2.4238918168074326,0.0,0.0,2.511579389733996,-5.183901756840354,-1.5297487822676952,0.1867362712873093,0.6984027951893667,-0.3616585820873232,1.845555438990952,0.0,0.0,0.0,-0.9731277316330011,0.0,0.0,0.0,-0.95206626003217,-2.0322811835605634,-1.372612306819888,1.7282871573007603,0.0,0.0,-3.942381879919166,0.0,0.0,0.0,-0.2225176027117661,0.0,0.0,0.0,-3.2746813650203848,0.0,0.0
CCIS80834637ST-4-0,1,1,1,0,1,1,0,1,1,1,1,0,0,1,0,1,1,1,1,1,0,0,1,1,1,0,1,0,1,1,1,1,1,0,0,1,0,1,0,1,0,1,0,1,1,0,0,1,0,1,0,0,1,1,0,1,1,1,1,1,1,0,0,0,0,1,1,1,0,1,1,1,0,1,1,0,1,1,0,1,1,1,0,1,1,1,1,0,0,0,0,1,1,1,0,1,0,0,0,1,0,1,0,1,0,0,0,4.152507336450897,0.9073810627100808,3.0357615031822665,0.0,-5.034292819894885,-0.2896269204012918,0.0,4.214339655245858,2.5451514590050666,3.172034615500194,2.29606558314009,0.0,0.0,3.013102435405048,0.0,4.597607608873466,4.0183955115433,-3.0986391710067616,1.0918185689214843,0.7339962876353592,0.0,0.0,0.1767533956654374,2.607354896529317,0.4929878649174268,0.0,4.3889230567699045,0.0,-0.1797147838964696,1.007758139165056,-0.5939250810124315,0.568202464491125,2.06280016139455,0.0,0.0,1.71221522963969,0.0,-0.1183420510254684,0.0,-1.329971975565141,0.0,2.75971047573449,0.0,-3.0986391710067616,1.1649322581198167,0.0,0.0,1.3847044692482924,0.0,4.150205273776443,0.0,0.0,-1.2985687275170088,-2.209518344484534,0.0,-6.78604695450924,-1.6280063687252593,2.2838000311813067,-1.116166031528722,-1.59964750416519,2.454634323836702,0.0,0.0,0.0,0.0,-0.8227700912318796,-0.2367328842759177,-2.9535765807830496,0.0,-0.4632705213393562,-3.6104471131228624,-3.1392157366388047,0.0,0.4716192675777306,-2.71150501958332,0.0,-1.7324272996104004,-0.92308445162078,0.0,-4.56301449321715,0.5885082980778191,1.8994583534455336,0.0,-0.0127646878068883,1.503477757647824,-1.4230991592825553,-1.946502401922947,0.0,0.0,0.0,0.0,-2.314744352105303,-3.2493593157372307,1.924281661519132,0.0,-1.2260442869689312,0.0,0.0,0.0,-0.3161584465079636,0.0,-5.399752593389351,0.0,-1.9549136664668407,0.0,0.0,0.0
CCIS81139242ST-4-0,1,1,1,0,1,1,0,1,0,0,1,1,0,1,0,1,1,0,1,1,0,1,0,0,1,0,1,1,1,1,1,0,0,0,0,1,1,1,0,0,0,0,0,1,0,0,1,1,0,1,0,0,1,0,0,1,0,0,0,1,1,0,1,0,1,1,1,0,1,1,0,0,0,1,1,0,0,0,0,1,1,1,1,1,1,1,1,1,1,0,0,1,1,0,0,0,1,0,0,1,0,0,0,1,0,0,0,3.047006682787266,-3.04634620809001,1.159692733640737,0.0,-4.828480963943855,1.4820571152001691,0.0,2.9858474859011324,0.0,0.0,2.73156358089262,1.1102070356402984,0.0,2.291080274847498,0.0,3.029703607536315,1.734536595609197,0.0,0.2225041825797757,-2.9887222532292803,0.0,2.4312389491486632,0.0,0.0,1.4925767120652935,0.0,-5.263102656343476,2.611508217978497,0.2317104844014147,-1.5128331233630992,1.7773560098393926,0.0,0.0,0.0,0.0,-0.0207922609872417,1.3782648902533463,-0.1709873629836589,0.0,0.0,0.0,0.0,0.0,3.7365561312707687,0.0,0.0,2.995338201261536,1.4419133855368702,0.0,3.718583446033525,0.0,0.0,-2.8133225481760933,0.0,0.0,1.6022514726382469,0.0,0.0,0.0,-2.2245149541398668,1.0454268150107688,0.0,0.2955514312908534,0.0,2.375440411109857,-0.9745904774736772,0.4585081113051876,0.0,-0.6712155676449698,-1.2509398400436609,0.0,0.0,0.0,-0.9905541417616146,0.6016541630484523,0.0,0.0,0.0,0.0,-4.434576678236767,-0.510788529009276,1.6794427340632865,0.7242706929795077,-2.9510946432149243,-1.724289532211402,0.8052544439099771,-2.4783836622258697,-0.8183651682202728,0.550833561805713,0.0,0.0,-2.558213263878355,-2.4732816103419744,0.0,0.0,0.0,-3.486246592617995,0.0,0.0,0.2957338506278089,0.0,0.0,0.0,-3.8519713720766457,0.0,0.0,0.0
CCIS82944710ST-20-0,1,1,1,0,1,1,0,0,1,0,1,1,1,1,0,1,1,1,1,1,0,0,1,1,1,0,1,1,0,1,1,1,1,1,1,0,1,0,1,0,0,1,0,1,1,0,1,1,0,1,0,1,1,0,0,1,1,1,1,1,0,1,0,0,1,1,1,0,1,1,0,0,0,1,0,0,0,1,0,0,0,1,1,0,1,0,0,0,0,0,0,1,0,1,0,1,0,0,0,0,0,0,0,0,0,0,0,0.4555666136618437,0.1162007569546107,3.122957546618056,0.0,0.9925878404890937,0.8991341957853366,0.0,0.0,2.736540472744492,0.0,-1.867204598092727,1.7949476045336858,2.5128208179508693,2.367552621236707,0.0,3.328044008304041,-0.154831644298145,-0.8494482497862179,1.334472530250669,-1.3435971610888782,0.0,0.0,-0.7065020096538439,-1.0347038050938802,0.6743234582183656,0.0,2.069170490942033,1.9007130868234576,0.0,-3.592666530778031,0.1709013195292018,-0.0251904539895386,2.0874610908130142,-1.0034763950326502,1.036793254628451,0.0,-0.3523353564111935,0.0,-5.81750979009189,0.0,0.0,0.8311271701485263,0.0,4.15862168430508,-1.475924124976519,0.0,1.6993701694296353,-3.3158073138308457,0.0,-0.1340129862078538,0.0,-0.9940206807424938,-1.9474951194638035,0.0,0.0,1.902843689939881,0.8597682007781136,0.4899516662615581,-1.866891658018197,-1.9095601100513795,0.0,-2.098795306991958,0.0,0.0,0.9497584869749698,-1.9230382891027489,0.0587218207491487,0.0,-1.8512141929558203,-2.4033881574487994,0.0,0.0,0.0,-1.1907849655288505,0.0,0.0,0.0,-1.376006968984759,0.0,0.0,0.0,0.0227300092738076,0.5509423209309134,0.0,-0.6356348947437924,0.0,0.0,0.0,0.0,0.0,0.0,-0.0509942850046014,0.0,-0.0953870459864244,0.0,0.8923991660802786,0.0,0.0,0.0,0.0,0.0,0.0,0.0,0.0,0.0,0.0,0.0
CCIS83870198ST-4-0,1,1,1,0,1,1,1,1,1,1,1,1,1,1,0,1,1,1,1,1,1,1,1,1,1,1,1,1,1,1,1,1,1,1,0,0,1,1,1,1,1,1,0,1,1,1,1,0,0,1,0,1,1,1,1,1,1,1,1,1,0,1,1,1,1,1,1,1,1,1,1,1,0,0,0,1,1,1,0,1,1,1,1,0,1,1,1,0,1,0,0,1,0,1,1,1,1,0,0,1,0,1,0,0,0,0,0,5.518375042468827,-1.2211538576035443,-0.4519595923955077,0.0,1.3490982834094876,2.621392403915209,-4.191568323173246,3.727109772019949,0.5308050202294075,0.9259372159309652,2.297463142599004,1.158975326306186,-0.5090952155112802,-1.253442133981181,0.0,4.617332793455071,-1.5006937681232997,1.2770420243031384,-0.5375278915076893,-1.2850237060314798,-3.6257605649899016,-0.0798039076898535,-0.4717854667654633,0.1661851082284877,3.63625099458077,-3.6043857054051687,0.945348414177282,-1.5587415433086234,0.222217624568662,2.1462861206829498,3.200379525762972,0.288420603754715,-0.7156937732021857,-1.057492882606229,0.0,0.0,-0.0360025566821073,0.7957909269890961,1.0232197392193194,-1.403141022152283,3.296421016876311,4.250848612636949,0.0,1.3927857412007154,2.707321688235499,-3.78973298311566,2.133569516107009,0.0,0.0,3.068663970323936,0.0,-0.8474014862887844,-2.40799443853163,-2.8079950521677155,-2.394388786475852,-2.079380788522939,3.1757524654148934,1.772080873822989,-2.4208622631430234,-4.56231699432364,0.0,-0.7357318014376935,-0.1017630333845645,2.9214055940784567,0.0902926127199137,0.1129373310190324,-0.2154484702179155,-2.007717805362283,1.497339578745719,-3.977158451827792,1.0315158564645197,-3.3497200675536067,0.0,0.0,0.0,-1.9232596647083813,-0.5686777167745269,2.589871700152489,0.0,1.243979428674134,1.4894942295394609,1.2649133967575277,-4.661571952418981,0.0,1.4777502228124164,-1.4305957206166933,1.1046544599613908,0.0,1.241322691575265,0.0,0.0,0.2953567639019365,0.0,2.723524103424169,-2.0826735145799145,-5.88014355616607,-0.9236953162278247,0.0,0.0,0.5000786766611991,0.0,-5.158008838732872,0.0,0.0,0.0,0.0,0.0
CCIS84543192ST-4-0,1,1,1,0,1,1,1,1,1,0,1,1,1,1,1,1,1,1,1,1,0,1,1,1,1,1,1,1,1,1,0,1,1,1,1,0,0,1,1,1,1,1,0,1,1,0,1,1,0,1,0,1,1,1,1,0,1,0,1,0,1,1,0,1,1,1,1,1,1,0,1,1,0,0,0,1,0,1,0,0,1,1,1,0,0,0,0,0,0,0,0,0,0,1,1,1,1,0,0,0,0,0,0,0,0,0,0,2.8009740299799413,-3.057029196901074,-0.8924127833448541,0.0,2.5088485839845336,0.0097525461243526,1.0904492167946591,1.1359981158577137,2.1717337453921526,0.0,0.0116198634364859,1.7644294366829998,2.041980350323924,0.6498040608294584,-0.599911270640515,-0.1438185464047292,-0.4520711418535081,-0.4550416861618171,1.0777537857287234,-3.1322526181386614,0.0,-2.669940754437545,-0.4294243610176029,-0.7295611730767977,2.088129194127981,-0.3485331643157767,2.8054738469028626,0.4172404240412712,-1.0970443314356508,-0.7286916078046133,0.0,-0.4782829930967565,0.1129561243156969,-0.1008075335889286,1.2692937984045392,0.0,0.0,-0.5738892498832588,1.1093680867966278,-2.3666729754511504,-2.445133183376233,-1.160076450078965,0.0,-4.350753523027507,0.6428265856075885,0.0,-0.0552394983956214,0.4265236263448206,0.0,2.69383257752093,0.0,-3.570086964451005,-2.396746163739574,3.4706809506508334,1.9843511798300464,0.0,-0.6604523158559616,0.0,-1.6949955461140729,0.0,-2.8872346806179223,-3.5682264987980856,0.0,-1.3285455754894882,1.395397716761946,-3.30357717192528,2.4497514702591534,1.8381447789815444,-2.422418518793701,0.0,-0.0333196115021046,-0.7095368200714667,0.0,0.0,0.0,-1.1157483162294226,0.0,2.276190335368596,0.0,0.0,-2.175447631398934,2.644468991084768,1.8837289361294376,0.0,0.0,0.0,0.0,0.0,0.0,0.0,0.0,0.0,0.0,1.2657514638467011,0.1768505607631447,0.5358904796205339,5.382728994924624,0.0,0.0,0.0,0.0,0.0,0.0,0.0,0.0,0.0,0.0
CCIS87116798ST-4-0,1,1,1,0,1,0,1,1,1,0,1,1,1,1,1,1,1,1,1,1,0,1,1,0,1,0,1,1,1,1,1,1,1,1,1,0,1,1,1,1,1,1,0,1,1,0,1,0,1,1,1,1,0,1,1,1,1,1,1,1,0,1,0,1,1,1,1,1,1,0,1,1,0,0,0,1,1,1,0,0,1,0,0,0,0,1,1,1,0,1,0,0,0,1,1,1,1,1,1,0,1,0,0,0,0,0,0,1.3735113763692597,1.208721290515997,-0.7872454206272272,0.0,0.8933306472828052,0.0,1.0368019247611997,3.6349028437037454,1.4149572167077122,0.0,-0.3653491013934962,0.4688057706979305,2.013357660103864,-0.4911821348873224,2.306599788071984,4.2297533093647255,-1.2350793911572162,-1.1590204074669828,0.6092480486854733,-0.5222152641887976,0.0,1.7999876291901034,0.2861615592257513,0.0,1.2688299120058972,0.0,0.7631730827417862,1.7773172522812215,-2.4937900998345706,-1.141245729310956,-1.9651029687607444,1.2989245313754172,1.994381907251645,-0.5153231018693065,-0.2564060184387196,0.0,-0.9416088607542163,-2.566715339739243,-1.399730282499092,-0.9342814616479722,-0.5095653357277767,0.0107036832287348,0.0,2.9614164226891906,-1.6531706916891515,0.0,1.598809350822131,0.0,0.89284015611296,0.0377764159486655,0.1829773229905205,-2.7963812978110054,0.0,1.948793927505161,1.275280825189724,1.13128316565347,1.5208212306309057,2.4968547691128125,3.912465167147544,-4.971252003172991,0.0,-2.7498883227234145,0.0,-0.2700103850838449,1.8260045092039048,0.268859280502653,0.8540683260361494,0.2776166054169759,-1.2133447741672727,0.0,-0.0942977015220174,-2.068163310891487,0.0,0.0,0.0,0.1087204893939635,-2.329953357714719,1.6427925965656622,0.0,0.0,-6.129180868997521,0.0,0.0,0.0,0.0,-4.0291200401149485,-0.296614363739905,-1.5582571217380203,0.0,-2.8813937006348995,0.0,0.0,0.0,2.051970659753899,1.7739227490955456,0.7340302188999751,0.3252049952193667,0.200302337451083,-5.030568580329411,0.0,-1.0568235162732678,0.0,0.0,0.0,0.0,0.0,0.0
CCIS87605453ST-4-0,1,0,1,1,1,1,1,1,1,1,1,1,1,1,1,1,1,1,1,1,0,0,1,1,1,1,1,1,1,1,1,1,1,1,0,0,1,1,1,1,0,1,0,1,1,0,1,1,0,1,0,1,1,1,1,1,0,1,0,0,1,1,0,0,1,1,1,0,1,1,0,1,0,0,0,1,1,0,0,0,0,0,0,0,1,0,1,1,0,1,1,0,1,0,1,0,0,1,0,0,0,0,0,0,0,0,0,1.8627016180103992,0.0,0.6454991694256722,0.9752470122996884,2.374382679953856,-4.30898304276458,-3.3640974356133704,4.066672087926978,1.2708187956078034,3.451965443842656,0.3346368604689351,1.6203725992714684,-5.945501913801351,0.3540238680950638,-1.2379167223851906,4.554520959338924,-3.707716814034221,-1.3754510592213331,1.377047372499018,0.843248995764574,0.0,0.0,1.4098008496647785,-1.1511708673690637,-0.4465673291568812,1.697144468096067,-0.6898464686955772,2.906941479340115,-1.851811160036669,-2.622442736448339,3.256060831592004,4.401163284558257,1.0656059840093448,-0.7678024797883105,0.0,0.0,1.264795072598388,0.7465331728239877,-1.382789045674246,-2.048493018937588,0.0,1.670047653173777,0.0,3.7161051420836015,-0.7879126424783749,0.0,-5.302616568022295,1.908285635311978,0.0,-5.366468040008827,0.0,-0.7121937673875736,-1.8997024477410849,-3.480397891309531,0.8612406824590628,-1.3997071302292627,0.0,2.2124191263161137,0.0,0.0,2.4616838160315297,-0.932516442360142,0.0,0.0,1.3869057632839663,-0.7865593096903392,0.6986707117199538,0.0,-0.9465688109674076,-3.5476066410029805,0.0,0.8854993614344673,0.0,0.0,0.0,-0.39049244773829,1.8125215995519128,0.0,0.0,0.0,0.0,0.0,0.0,0.0,-5.888343499961403,0.0,-2.5627747142015966,0.4419384153936794,0.0,1.2327443971728735,1.582197141717436,0.0,-0.2085501816752244,0.0,0.8699230548775228,0.0,0.0,2.8936355229852007,0.0,0.0,0.0,0.0,0.0,0.0,0.0,0.0,0.0
CCIS88007743ST-4-0,1,1,1,0,1,1,0,1,0,0,1,0,0,1,0,1,1,1,0,1,0,0,0,1,1,0,1,1,1,1,1,1,0,0,1,0,1,1,0,1,1,0,0,1,0,1,1,1,0,1,0,0,1,0,0,1,0,0,0,1,0,0,1,0,1,1,1,0,1,1,1,0,0,1,1,0,1,1,1,0,1,1,1,1,1,1,1,0,0,0,0,1,1,0,0,0,0,0,0,0,0,0,0,1,0,0,0,1.5762048732079068,0.5205007720914243,1.9911046011108893,0.0,2.1847037170617973,1.841598690260464,0.0,3.9231871585008378,0.0,0.0,0.3427746335110845,0.0,0.0,-0.3340995528277275,0.0,2.874462396852201,-0.0058129007929541,-7.669298846636804,0.0,-2.307745890731612,0.0,0.0,0.0,-0.2048208495016723,0.0664258387127234,0.0,2.689852157302973,-3.8370408096775206,-1.4765955836026623,-3.5296976928265824,2.66161098135953,1.4539756014075458,0.0,0.0,2.5334554989340496,0.0,1.4038080503613493,0.463554518286217,0.0,-1.4893972214539049,1.4214693901985336,0.0,0.0,2.929443386342693,0.0,-2.0760341966455744,0.987801204189843,-0.2203180714975932,0.0,-2.1213041936627026,0.0,0.0,-1.4899725623592524,0.0,0.0,-0.4915588401619213,0.0,0.0,0.0,0.5993047721337486,0.0,0.0,2.622874943879694,0.0,1.4554957405113589,-0.0658440914185776,0.8449901316320434,0.0,-0.0416733169539683,-0.1623408332712634,2.6667157944826623,0.0,0.0,-1.7624243678294418,0.4619703918781043,0.0,0.2561398183159287,0.7782107586135341,1.4102935569802608,0.0,0.2792630389170554,0.7700048727847264,2.084689229472596,-2.238005797397968,0.4370313609846757,-2.335775224354148,-4.670792646200088,0.0,0.0,0.0,0.0,-2.388919180775434,-1.0070179394538905,0.0,0.0,0.0,0.0,0.0,0.0,0.0,0.0,0.0,0.0,-4.6064272702451845,0.0,0.0,0.0
CCIS94417875ST-3-0,1,1,1,1,1,1,1,1,1,0,1,1,1,1,1,1,1,1,1,0,1,0,1,0,1,0,1,1,1,1,1,1,1,0,1,0,1,1,1,0,1,1,0,1,1,0,1,0,1,1,0,0,0,1,1,1,1,0,1,1,0,0,1,1,1,1,1,1,1,0,1,1,0,1,0,0,0,1,0,1,1,0,0,0,1,0,1,1,0,0,0,0,0,1,0,0,0,1,0,0,0,0,0,0,0,0,0,2.8676819926672,-0.9926521200845853,2.496009423362813,0.3579254266954088,0.3291533218421405,0.7720996984279398,1.2043657559962213,2.765805971421951,1.9459890299074325,0.0,2.36605357963392,2.0587731670844542,1.4671799384765276,1.2818450006693374,-0.643820353606879,2.979806413652693,-1.9494664968924376,-1.0799679265250417,0.7171225493226111,0.0,2.077656367383903,0.0,-0.0780368982365871,0.0,1.82883969574718,0.0,-1.0817964520243566,0.4281496979030392,-1.8382153746595808,-1.1620001623208889,-2.4242271857376325,-1.760708876047589,-2.5086586457620035,0.0,-0.0390096939369395,0.0,1.0585507808530497,-1.939108702255964,-0.4833343289556544,0.0,-1.7897966585226497,0.93316757326613,0.0,3.2203032325530625,-3.850630158942129,0.0,1.5081325779683057,0.0,0.5872619597346213,0.5637679541466137,0.0,0.0,0.0,3.4834568965182617,-0.8051049055370265,0.9791217657149132,1.2490385974508782,0.0,4.278347481258717,-2.049460753362032,0.0,0.0,1.4659950900819865,-0.1067669029785431,-0.1599694720683522,-1.756707270067582,1.2253233360549665,-3.45003914659221,-3.323727018448605,0.0,-3.474216148375896,-0.8769380221463889,0.0,-3.228851904998761,0.0,0.0,0.0,1.856426258990158,0.0,-0.1327191772578073,-1.1483230521321024,0.0,0.0,0.0,-0.6096345028904322,0.0,-2.361978165563621,-1.860117257577964,0.0,0.0,0.0,0.0,0.0,0.4088487642263133,0.0,0.0,0.0,-1.796215564504499,0.0,0.0,0.0,0.0,0.0,0.0,0.0,0.0,0.0
CCIS94603952ST-4-0,1,1,1,0,1,1,0,1,0,1,1,1,1,1,0,1,1,1,0,1,1,0,1,1,1,0,1,1,1,1,1,1,1,1,1,0,1,1,1,1,1,1,0,1,1,1,1,1,0,1,0,1,1,0,1,1,1,1,0,0,0,1,1,1,1,1,1,1,1,1,1,1,0,1,0,1,1,0,0,0,1,1,0,0,1,1,1,1,1,0,0,1,1,1,0,0,0,0,0,0,0,0,0,0,0,0,0,3.651105152397666,-0.8365213384815853,1.7892051152683566,0.0,-4.507999339213082,2.4757564267864893,0.0,2.903423161876214,0.0,2.679111003288795,2.3006285204679395,1.7489469469007952,2.3121982881373446,1.9634625523875304,0.0,3.730789152739394,-1.4517726889206617,0.6652274524735282,0.0,-1.9407817641643963,3.804335063114007,0.0,-0.4504872004684062,0.2602744761511986,1.1482117854134537,0.0,3.3648804124418,-0.3816985356393012,-1.6672175732584005,0.6807049398620794,-0.0539095205389907,-1.0536285129348606,0.5403890384677803,-0.1909049070951722,2.22463349929098,0.0,0.1254390949747332,-1.577051619520255,-2.7829948678334904,-0.5841644507361277,-1.283090091583631,1.9647061988274368,0.0,3.782926422969101,-0.3946483568954904,-1.9098298998052297,2.003005515781008,-5.890610454916676,0.0,3.1843581765710307,0.0,-1.2286986085849785,-0.7636747051242598,0.0,0.4591967623483276,2.392192352472042,-4.522869501692533,1.5886310551595697,0.0,0.0,0.0,-1.3667460288188145,0.7083592785844522,-0.4775211173685989,0.7577262168865394,-0.3832484614339313,0.4361439073386188,-3.181580341928117,-0.3662126773811198,-3.0487837931823454,1.200458535569939,-1.091059366282066,0.0,-0.5957549560767668,0.0,-4.702946388632665,-2.109768664768099,0.0,0.0,0.0,1.2886190502465589,-1.3718635835666602,0.0,0.0,-0.7818169904830352,0.0239254034730087,-1.0044718592312658,-1.2541696260407638,-0.534440471099215,0.0,0.0,0.5534740411281716,-4.526621851311084,1.5571151152162013,0.0,0.0,0.0,0.0,0.0,0.0,0.0,0.0,0.0,0.0,0.0,0.0,0.0
CCIS95409808ST-4-0,1,1,1,1,1,1,0,1,1,0,1,1,1,1,0,1,1,1,1,1,1,1,1,1,1,1,1,1,1,1,1,0,1,1,1,0,0,0,1,1,1,1,0,1,1,0,1,0,1,1,0,1,1,1,0,1,1,1,1,1,0,1,1,1,1,1,1,1,1,0,1,1,1,1,0,1,1,0,0,0,1,1,0,0,0,0,1,0,0,0,0,0,0,1,1,0,0,0,0,0,0,0,1,1,0,0,0,1.940373954172432,0.2413214295154953,1.4779039825565143,-1.502854925679963,2.100866833820488,1.6869261857607776,0.0,0.8062391324380969,2.4117032463006254,0.0,2.356471010031701,2.018550238254813,2.538478190433956,2.5054120376453244,0.0,1.7989160029041429,0.1372640734089454,-0.3927767221916503,1.0714201527519154,-0.9907609152542856,3.944910752731056,1.758723458012991,-0.2198193440924767,-2.1028343519208867,-0.0521499942895429,-0.2733759994744809,2.6755805128271435,1.8601823879248984,-0.7520376914633311,-1.188410337034572,-4.083276484518576,0.0,0.1898925357786136,0.5366225355223637,1.679938592825451,0.0,0.0,0.0,-0.8899125266569392,-2.945790043088801,-0.7390785468208256,-0.431565796188559,0.0,4.235293043963194,1.388698892320651,0.0,2.357829533030399,0.0,-0.5965628369825993,0.2915622165833218,0.0,-0.3706277180183546,-4.203765881772702,2.634175195491774,0.0,0.6410451697640899,2.936551865562041,-0.1390217893268923,3.512257536656145,-1.4307961345711768,0.0,-1.529617232346174,-4.010327484872409,-0.5481311303466816,0.2436444769675174,-1.205445496855495,-0.2287680771831677,-1.8322692214098035,-1.3438323777629888,0.0,1.343600476262264,-0.6889494969034065,-3.216857582684593,-0.6076237007159961,0.0,-3.848311194239199,-0.9305404621549204,0.0,0.0,0.0,0.2181188684051236,-0.1640363421464759,0.0,0.0,0.0,0.0,-1.449833340591261,0.0,0.0,0.0,0.0,0.0,0.0,0.4166833246904338,-0.9713239573777828,0.0,0.0,0.0,0.0,0.0,0.0,0.0,-3.214587434150055,-6.861285274227697,0.0,0.0,0.0
CCIS98482370ST-3-0,1,1,1,1,1,1,0,1,1,1,1,1,1,1,0,1,1,1,1,1,1,1,1,1,1,1,1,1,1,1,1,1,1,1,1,1,1,1,1,1,0,1,0,1,1,0,1,0,0,1,0,0,0,1,1,1,0,1,0,0,0,0,1,1,1,0,1,1,1,0,0,1,0,1,0,0,1,0,1,0,1,0,0,0,0,0,1,1,0,1,0,0,0,1,1,1,0,0,0,0,0,0,0,0,0,0,0,2.923027611513445,-2.69789431370312,1.983129564892356,3.652528010973672,-1.5349172507487132,-2.033652917236786,0.0,4.119405417680371,0.2612489440501842,2.7325266545970592,-0.4573029168758042,1.2686537285211976,0.2623655985256703,0.4976680721643047,0.0,2.587363863919666,0.1322484664372201,-1.470365154551242,0.6277364676198601,-3.7833893966899934,1.8731993753990488,1.7532722745291962,-0.8699657705987256,1.903802160033553,2.7813740855394187,1.8099671714022736,2.2940829375600003,1.1131597236312056,-0.4246442814780906,1.2146289140564894,-0.2566658297754167,1.0691390712946671,-3.4941653038863967,-0.804464241452383,-3.741087016999304,0.0986409675461319,1.1854517798644906,-3.9583308461863247,-0.9898035296952756,-1.883187745266704,0.0,0.6705750145200702,0.0,1.3939685986885446,-2.576334925826649,0.0,2.354715333625568,0.0,0.0,3.287098677807841,0.0,0.0,0.0,2.538743540219402,-4.972385746826372,2.709788394620682,0.0,0.2544501329633617,0.0,0.0,0.0,0.0,2.231748474263087,-3.153958030516155,0.7679501655508245,0.0,-0.441822618013175,-0.8397087730119306,-2.125357302448675,0.0,0.0,-2.857270575879576,0.0,-1.8961950516040813,0.0,0.0,-1.2913069088319211,0.0,0.0514058653734803,0.0,0.3275856564538069,0.0,0.0,0.0,0.0,0.0,-4.13771554330697,-2.649733090781517,0.0,0.3834034228884868,0.0,0.0,0.0,-2.6424747283311945,-1.632488891028012,4.50053456282386,0.0,0.0,0.0,0.0,0.0,0.0,0.0,0.0,0.0,0.0,0.0
CCIS98832363ST-4-0,1,1,1,0,1,1,0,1,1,1,1,1,1,1,0,1,1,1,1,0,1,1,1,1,1,0,1,1,1,1,1,1,0,1,0,0,0,0,1,1,1,1,0,1,1,0,1,0,0,1,0,1,1,0,1,1,1,1,0,1,0,1,1,1,1,1,1,1,1,1,1,1,1,1,0,1,0,1,0,0,1,1,0,0,1,1,1,1,1,0,0,0,0,0,0,1,1,0,0,0,0,0,0,0,0,0,0,3.54277322830099,-3.442133438890487,2.195793097098076,0.0,2.7060837944933374,2.3476984117191533,0.0,2.890584603674648,1.960525042784285,2.5534241190103257,1.827791647561611,1.5727631592098748,2.012236892896168,2.221875442529676,0.0,3.375576239577528,0.317960194003386,-0.7976960026442725,0.2143384037306857,0.0,2.10659973940532,2.02111149252433,0.3778969544379569,-1.215206739343103,0.4455395525963253,0.0,-5.154603577222822,1.662913135677166,-0.4112905546575218,-1.2203489164330796,-1.436127690808446,1.37456626269056,0.0,-2.335164555631436,0.0,0.0,0.0,0.0,-1.75651178811882,-3.609187523553653,0.0871844525405971,1.817930019724724,0.0,2.984341439820658,-2.584895138798033,0.0,3.1924925675570623,0.0,0.0,2.7162106214309345,0.0,-1.8870114188914136,-3.605887190524996,0.0,-0.5921952505728125,-0.0607582651357905,0.2681927037201961,1.436219099958455,0.0,-3.964682526352537,0.0,-2.4403709762122947,-1.8988951000377248,0.2266503379993267,1.529804641366444,-2.794773941453759,0.4425255567732473,1.7583860406894884,0.4863133946245077,-3.206481037884568,-3.421371447442058,-0.6604082597958989,0.0216775354996554,-2.760238135127976,0.0,-3.751017718992871,0.0,3.2621112184178687,0.0,0.0,-0.469247581099588,-0.2527224346662531,0.0,0.0,-1.4585791665760524,-3.654842112912117,-2.742017589014448,-2.235367336658938,0.7863833362279858,0.0,0.0,0.0,0.0,0.0,0.0,2.8058499188937254,4.26970911628749,0.0,0.0,0.0,0.0,0.0,0.0,0.0,0.0,0.0,0.0
