Sample,PA_Faecalibacterium prausnitzii,PA_Streptococcus salivarius,PA_Anaerostipes hadrus,PA_Bacteroides stercoris,PA_Collinsella aerofaciens,PA_Bifidobacterium longum,PA_Phocaeicola plebeius,PA_Phocaeicola vulgatus,PA_Dorea longicatena,PA_Eubacterium sp. CAG:251,PA_Fusicatenibacter saccharivorans,PA_Coprococcus comes,PA_[Ruminococcus] torques,PA_Anaerobutyricum hallii,PA_Holdemanella biformis,PA_Bacteroides uniformis,PA_Blautia wexlerae,PA_Gemmiger formicilis,PA_Dorea formicigenerans,PA_Streptococcus parasanguinis,PA_Coprococcus eutactus,PA_[Ruminococcus] lactaris,PA_Coprococcus catus,PA_Roseburia intestinalis,PA_Roseburia inulinivorans,PA_Phascolarctobacterium succinatutens,PA_[Eubacterium] rectale,PA_Blautia obeum,PA_Agathobaculum butyriciproducens,PA_Bacteroides xylanisolvens,PA_Bacteroides ovatus,PA_Bacteroides thetaiotaomicron,PA_Streptococcus thermophilus,PA_Eubacterium ramulus,PA_Bifidobacterium adolescentis,PA_Eubacterium sp. CAG:274,PA_Eubacterium ventriosum,PA_Flavonifractor plautii,PA_Oscillibacter sp. 57_20,PA_Roseburia hominis,PA_Alistipes finegoldii,PA_Alistipes putredinis,PA_Veillonella atypica,PA_Ruminococcus bromii,PA_Firmicutes bacterium CAG:83,PA_Veillonella parvula,PA_Lachnospira eligens,PA_[Ruminococcus] gnavus,PA_Bacteroides eggerthii,PA_Roseburia faecis,PA_Phocaeicola coprocola,PA_Adlercreutzia equolifaciens,PA_Gordonibacter pamelaeae,PA_Eubacterium sp. CAG:180,PA_Parabacteroides merdae,PA_Phocaeicola dorei,PA_[Eubacterium] siraeum,PA_Barnesiella intestinihominis,PA_Methanobrevibacter smithii,PA_Firmicutes bacterium CAG:145,PA_Bacteroides cellulosilyticus,PA_Adlercreutzia equolifaciens_1,PA_Ruminococcus bicirculans,PA_Firmicutes bacterium CAG:110,PA_Parabacteroides distasonis,PA_Ruthenibacterium lactatiformans,PA_Odoribacter splanchnicus,PA_Oscillibacter sp. CAG:241,PA_Alistipes shahii,PA_Eggerthella lenta,PA_Escherichia coli,PA_Butyricimonas virosa,PA_Bacteroides sp. CAG:144,PA_Intestinibacter bartlettii,PA_Erysipelatoclostridium ramosum,PA_Slackia isoflavoniconvertens,PA_Clostridium sp. CAG:58,PA_Akkermansia muciniphila,PA_Bacteroides intestinalis,PA_Bifidobacterium pseudocatenulatum,PA_Eubacterium sp. CAG:38,PA_Bacteroides fragilis,PA_Bifidobacterium bifidum,PA_Blautia sp. CAG:257,PA_Parasutterella excrementihominis,PA_Proteobacteria bacterium CAG:139,PA_Lawsonibacter asaccharolyticus,PA_Coprobacter fastidiosus,PA_Alistipes inops,PA_Bacteroides finegoldii,PA_Paraprevotella xylaniphila,PA_Dialister invisus,PA_Enterocloster bolteae,PA_Bacteroides caccae,PA_Desulfovibrio piger,PA_Lachnospira pectinoschiza,PA_Prevotella copri,PA_Phocaeicola massiliensis,PA_Megamonas funiformis,PA_Phascolarctobacterium faecium,PA_Acidaminococcus intestini,PA_Anaerotignum lactatifermentans,PA_Bacteroides salyersiae,PA_Parvimonas micra,PA_Klebsiella pneumoniae,PA_Klebsiella variicola,PA_Klebsiella quasipneumoniae,rCLR_Faecalibacterium prausnitzii,rCLR_Streptococcus salivarius,rCLR_Anaerostipes hadrus,rCLR_Bacteroides stercoris,rCLR_Collinsella aerofaciens,rCLR_Bifidobacterium longum,rCLR_Phocaeicola plebeius,rCLR_Phocaeicola vulgatus,rCLR_Dorea longicatena,rCLR_Eubacterium sp. CAG:251,rCLR_Fusicatenibacter saccharivorans,rCLR_Coprococcus comes,rCLR_[Ruminococcus] torques,rCLR_Anaerobutyricum hallii,rCLR_Holdemanella biformis,rCLR_Bacteroides uniformis,rCLR_Blautia wexlerae,rCLR_Gemmiger formicilis,rCLR_Dorea formicigenerans,rCLR_Streptococcus parasanguinis,rCLR_Coprococcus eutactus,rCLR_[Ruminococcus] lactaris,rCLR_Coprococcus catus,rCLR_Roseburia intestinalis,rCLR_Roseburia inulinivorans,rCLR_Phascolarctobacterium succinatutens,rCLR_[Eubacterium] rectale,rCLR_Blautia obeum,rCLR_Agathobaculum butyriciproducens,rCLR_Bacteroides xylanisolvens,rCLR_Bacteroides ovatus,rCLR_Bacteroides thetaiotaomicron,rCLR_Streptococcus thermophilus,rCLR_Eubacterium ramulus,rCLR_Bifidobacterium adolescentis,rCLR_Eubacterium sp. CAG:274,rCLR_Eubacterium ventriosum,rCLR_Flavonifractor plautii,rCLR_Oscillibacter sp. 57_20,rCLR_Roseburia hominis,rCLR_Alistipes finegoldii,rCLR_Alistipes putredinis,rCLR_Veillonella atypica,rCLR_Ruminococcus bromii,rCLR_Firmicutes bacterium CAG:83,rCLR_Veillonella parvula,rCLR_Lachnospira eligens,rCLR_[Ruminococcus] gnavus,rCLR_Bacteroides eggerthii,rCLR_Roseburia faecis,rCLR_Phocaeicola coprocola,rCLR_Adlercreutzia equolifaciens,rCLR_Gordonibacter pamelaeae,rCLR_Eubacterium sp. CAG:180,rCLR_Parabacteroides merdae,rCLR_Phocaeicola dorei,rCLR_[Eubacterium] siraeum,rCLR_Barnesiella intestinihominis,rCLR_Methanobrevibacter smithii,rCLR_Firmicutes bacterium CAG:145,rCLR_Bacteroides cellulosilyticus,rCLR_Adlercreutzia equolifaciens_1,rCLR_Ruminococcus bicirculans,rCLR_Firmicutes bacterium CAG:110,rCLR_Parabacteroides distasonis,rCLR_Ruthenibacterium lactatiformans,rCLR_Odoribacter splanchnicus,rCLR_Oscillibacter sp. CAG:241,rCLR_Alistipes shahii,rCLR_Eggerthella lenta,rCLR_Escherichia coli,rCLR_Butyricimonas virosa,rCLR_Bacteroides sp. CAG:144,rCLR_Intestinibacter bartlettii,rCLR_Erysipelatoclostridium ramosum,rCLR_Slackia isoflavoniconvertens,rCLR_Clostridium sp. CAG:58,rCLR_Akkermansia muciniphila,rCLR_Bacteroides intestinalis,rCLR_Bifidobacterium pseudocatenulatum,rCLR_Eubacterium sp. CAG:38,rCLR_Bacteroides fragilis,rCLR_Bifidobacterium bifidum,rCLR_Blautia sp. CAG:257,rCLR_Parasutterella excrementihominis,rCLR_Proteobacteria bacterium CAG:139,rCLR_Lawsonibacter asaccharolyticus,rCLR_Coprobacter fastidiosus,rCLR_Alistipes inops,rCLR_Bacteroides finegoldii,rCLR_Paraprevotella xylaniphila,rCLR_Dialister invisus,rCLR_Enterocloster bolteae,rCLR_Bacteroides caccae,rCLR_Desulfovibrio piger,rCLR_Lachnospira pectinoschiza,rCLR_Prevotella copri,rCLR_Phocaeicola massiliensis,rCLR_Megamonas funiformis,rCLR_Phascolarctobacterium faecium,rCLR_Acidaminococcus intestini,rCLR_Anaerotignum lactatifermentans,rCLR_Bacteroides salyersiae,rCLR_Parvimonas micra,rCLR_Klebsiella pneumoniae,rCLR_Klebsiella variicola,rCLR_Klebsiella quasipneumoniae
SID31030,1,1,1,1,1,1,0,1,1,1,1,1,1,1,0,1,1,1,1,1,0,0,1,1,1,0,1,1,1,1,1,0,0,1,0,0,1,0,1,1,0,0,0,0,1,1,1,1,1,1,0,1,1,0,1,1,0,0,0,0,1,1,1,1,1,1,1,1,1,1,0,1,0,1,0,0,1,1,0,0,1,1,0,1,0,0,1,0,1,1,1,1,1,0,0,0,0,0,0,0,0,0,0,0,0,0,0,2.2194804058869275,-0.6615651359828729,1.2630444142987054,0.6760720816891445,1.9770915453051965,1.1677686432245296,0.0,1.2711488243635685,1.5556941792018253,1.6127106924059134,1.811369161711268,1.3891491305697838,2.2062751067735498,1.927082058829393,0.0,0.6157119054765882,1.1682288623992467,-0.3627453443289987,-0.048869659970949,-2.017481863171954,0.0,0.0,0.2122612899673157,0.5994481807643935,2.698910704237899,0.0,2.204542745255368,0.3461350532962283,1.0181699206345112,-1.8984906336182577,-3.026058174538396,0.0,0.0,-0.5968553638965313,0.0,0.0,1.2821850767573617,0.0,-2.3503503143906608,-0.0354236180560736,0.0,0.0,0.0,0.0,1.272457881937,-0.7238799439626571,0.7980630730370197,-1.396751169752095,1.7786350532317166,2.696012543249317,0.0,-0.4195340420816693,-0.2867283116557173,0.0,-5.0291666185878245,1.5607409014164642,0.0,0.0,0.0,0.0,-0.0249168276203932,-0.7456147133665438,-0.2446525038734139,1.622314357125605,-0.0553134723250694,-1.553275171901316,-1.893672402658674,1.6386465078895331,-0.1197315132096714,-0.940449249646524,0.0,-2.631271345789453,0.0,-2.7155869120926863,0.0,0.0,0.2217904655450571,5.040165996581505,0.0,0.0,-3.1439259595486164,0.1762196454536306,0.0,-3.435939800781806,0.0,0.0,-2.135172173157169,0.0,1.1394448974165166,-0.2075081443296604,-1.6777649315971193,-2.166248120117692,-4.622027869921629,0.0,0.0,0.0,0.0,0.0,0.0,0.0,0.0,0.0,0.0,0.0,0.0,0.0,0.0
SID31137,1,1,1,0,1,0,0,0,0,0,1,1,1,1,1,0,1,0,0,1,1,0,0,0,0,0,1,1,1,0,0,0,1,0,0,1,0,1,0,0,0,0,1,1,0,1,1,1,0,1,0,1,1,0,0,0,0,0,0,1,0,1,0,0,1,1,1,0,1,1,0,0,0,1,1,1,0,1,0,0,0,0,0,1,0,0,1,0,0,0,0,0,0,0,0,0,0,0,0,0,0,1,0,0,0,0,0,2.8548583269400427,0.5840527213427715,5.236077514982026,0.0,-2.619752850604431,0.0,0.0,0.0,0.0,0.0,-4.876400848411452,-3.2669629359773507,4.292907047711161,-4.984031512603817,-3.7846145248137417,0.0,6.376912886919775,0.0,0.0,-1.3280744658593897,-3.009319372644797,0.0,0.0,0.0,0.0,0.0,-2.1959386038280706,-4.0232890181588274,4.2080060159288255,0.0,0.0,0.0,-0.7705580195019777,0.0,0.0,1.744325206191709,0.0,1.7490456511904229,0.0,0.0,0.0,0.0,-3.7119753411737695,-0.8753956202709601,0.0,-1.943847476478992,-0.334192196366609,4.486721920781366,0.0,-2.812383777057247,0.0,3.263652861793692,2.2664910824096367,0.0,0.0,0.0,0.0,0.0,0.0,0.5962984763017789,0.0,2.7337040365892853,0.0,0.0,2.485842911804563,1.6469816339648735,-0.8870389442949764,0.0,-0.592673550501051,2.071771445138445,0.0,0.0,0.0,-2.910287992038618,1.439215450929703,-4.876400848411452,0.0,3.1152742779784006,0.0,0.0,0.0,0.0,0.0,3.900156822188202,0.0,0.0,-2.1508181685476004,0.0,0.0,0.0,0.0,0.0,0.0,0.0,0.0,0.0,0.0,0.0,0.0,0.0,0.0,-3.0983402235415585,0.0,0.0,0.0,0.0,0.0
SID31233,1,1,1,0,1,1,0,1,1,0,1,1,1,1,1,1,1,1,1,1,1,1,1,1,1,0,1,1,1,0,1,1,1,1,0,0,0,0,1,1,1,1,0,1,1,0,1,1,0,1,0,1,1,0,1,1,0,1,0,1,0,1,1,1,1,1,1,1,0,1,0,0,0,1,0,1,0,0,0,0,1,0,0,0,0,0,0,0,0,1,0,0,0,0,0,0,0,0,0,0,0,0,0,0,0,0,0,2.6426800479840864,1.465051055732433,4.331045321048669,0.0,4.66427085939752,-0.2669119762011065,0.0,-0.8423426967845971,3.6606959609935954,0.0,4.767233471486443,3.5490771004615738,4.447867326648461,3.9055769173544217,4.5649855055677175,-0.1243405317047825,1.1257655044471315,0.840251622406464,2.880944616672952,-1.7842585664615758,1.900411219748693,-1.2636449363294218,2.760756918017941,-1.9731590943535728,-2.447793892974876,0.0,3.962939258370759,2.120525183922453,1.1738555343217092,0.0,-2.4544472774656123,-5.161163255554686,4.197293627214163,1.6898100093284665,0.0,0.0,0.0,0.0,-4.075973987218717,-2.044984828924828,-5.266523771212513,-0.2897900287919381,0.0,5.126313097972415,-0.2684110021151471,0.0,-2.7032852781546053,-4.8536785558067255,0.0,-2.85857816256064,0.0,2.784533855895413,1.863379007633692,0.0,-3.3366139635036403,-0.5183120025989063,0.0,-2.2542621957073106,0.0,0.3857314635643702,0.0,1.6891959342861418,-0.292245147410445,-0.951408841821758,-4.562326754465982,-1.7048465746714516,-5.815089722961351,-5.121942542401405,0.0,0.2987626261897635,0.0,0.0,0.0,-2.174471726652844,0.0,-3.352874484375421,0.0,0.0,0.0,0.0,-1.2443517333947431,0.0,0.0,0.0,0.0,0.0,0.0,0.0,0.0,-2.790919514086826,0.0,0.0,0.0,0.0,0.0,0.0,0.0,0.0,0.0,0.0,0.0,0.0,0.0,0.0,0.0,0.0,0.0
SID31256,1,1,1,0,1,1,0,1,1,0,1,1,1,1,0,1,1,1,1,1,0,0,1,1,1,0,1,1,0,0,1,0,1,1,1,0,1,1,0,1,0,0,0,0,1,1,1,1,0,1,0,1,1,1,0,0,0,1,0,0,1,1,0,0,0,1,0,1,0,1,0,0,0,1,1,1,0,1,0,0,1,1,0,1,0,0,0,0,0,0,0,1,0,0,0,0,0,1,0,0,0,0,0,1,0,0,0,2.2225564129056554,0.6216851666874696,2.904494362014528,0.0,3.969583705268883,4.294115049577843,0.0,-3.463206252890876,3.447548555260451,0.0,3.2283587313212925,3.546637258180413,3.331946098863516,2.636072450461201,0.0,-0.169462376139156,1.3802820881049518,2.0383591301336126,2.28826490907608,0.4620089218526054,0.0,0.0,1.7446259681785934,0.6098789763930899,-3.9976050443749336,0.0,2.509265218178121,3.1126959434428665,0.0,0.0,-3.804258855865669,0.0,-3.567969575338956,0.1762881020503741,-3.772628311979063,0.0,-0.1872287660917713,-2.1698056386636817,0.0,-3.217733225178577,0.0,0.0,0.0,0.0,0.1039003620366159,-3.305605310871465,-0.8254939133909498,-2.994379391033186,0.0,-0.6220391715858455,0.0,1.6015641718845304,1.534178557571769,1.831043713202598,0.0,0.0,0.0,-3.607548561619614,0.0,0.0,-5.0126522546970005,1.7421731179978917,0.0,0.0,0.0,-0.5294351794601555,0.0,-3.846736284132784,0.0,2.6720705782724083,0.0,0.0,0.0,-0.4838028085525558,0.7072859306564029,2.176601460442789,0.0,1.143696302645952,0.0,0.0,-2.43320288485071,-2.449164529651587,0.0,-0.3758975452626905,0.0,0.0,0.0,0.0,0.0,0.0,0.0,0.345693874868372,0.0,0.0,0.0,0.0,0.0,-4.127212298543322,0.0,0.0,0.0,0.0,0.0,-3.4198069373563205,0.0,0.0,0.0
SID31275,1,1,1,0,1,0,0,1,1,0,1,1,1,1,0,1,1,1,1,0,0,0,1,1,1,1,1,1,1,0,1,1,1,1,1,0,1,1,1,1,1,0,0,1,1,0,1,0,1,1,0,1,1,0,1,1,1,0,1,0,0,1,0,1,1,1,1,1,1,0,1,1,0,0,0,1,1,1,1,0,1,0,0,0,0,0,1,0,0,0,1,0,1,1,1,1,1,0,0,0,0,0,0,0,0,0,0,1.3596353947129158,-2.652501051186067,0.8916915443954785,0.0,2.8683300387465738,0.0,0.0,3.094331058412827,0.4588170585685385,0.0,-0.3105171982119539,1.1977384822056842,2.18545004781876,1.5528362838615857,0.0,-0.162924253575605,-1.6508257793075565,0.156827269850414,0.9357904311605852,0.0,0.0,0.0,0.8001089593067875,-2.486254509972244,-0.977714760452066,1.7793587074068773,2.112417872835338,0.4199064430545123,-0.1275628426466606,0.0,-3.98122556048448,2.9668548063634645,-2.703794345573617,-0.3085607725101069,-3.9835592838307,0.0,-4.286940265825584,1.2282351165971257,-0.0058010437058373,-1.5982750577219118,-2.526249176496864,0.0,0.0,2.234663768093761,-0.2496238206457568,0.0,-1.4710011027121892,0.0,-1.915573294066121,-1.9394907271267097,0.0,-0.552591405310813,-3.709402851272806,0.0,0.8747124138576432,3.969685147740149,2.377476827341632,0.0,1.309487206678338,0.0,0.0,-0.7719998784301518,0.0,0.8860040201212663,-0.3251029072057432,3.118772756689889,-0.6863388133164707,4.14635109330166,-1.1602907731166496,0.0,2.3462407496189903,-2.156225208434808,0.0,0.0,0.0,2.100897550687027,0.3848232906756055,3.071757591336296,0.2350890637482212,0.0,-2.3055024015778662,0.0,0.0,0.0,0.0,0.0,-1.481089700699575,0.0,0.0,0.0,-4.299679291603014,0.0,-2.6239015966617023,2.092897956899741,0.6812454793409527,-0.8624920843871968,0.4345773266401722,0.0,0.0,0.0,0.0,0.0,0.0,0.0,0.0,0.0,0.0
SID31282,1,1,1,0,1,0,0,1,1,0,1,1,1,1,1,1,1,1,1,1,0,1,1,1,1,0,1,1,1,0,1,1,1,1,0,0,1,1,1,1,1,1,0,0,1,0,1,1,1,1,1,1,1,1,1,1,1,1,0,1,1,1,1,1,1,1,1,1,1,1,1,0,0,1,0,1,1,1,0,0,1,0,0,0,0,0,1,0,1,1,1,0,0,0,0,0,0,1,0,0,0,0,0,0,0,0,0,3.845851794888032,-0.6312652424987513,2.2620112407337,0.0,4.104675622326911,0.0,0.0,1.6060074996721778,2.4301934104957983,0.0,3.204041137793391,2.2436831916732705,1.4042274326523865,1.89879963403641,1.6319891409296354,1.314369525611183,0.2453271806624456,0.3455405078612993,0.8057906301338646,-2.918232488164988,0.0,2.21249301473408,0.9072275475728342,2.9311597330510324,2.018931683120002,0.0,3.552981097338592,0.8848393334746032,1.7927440343916228,0.0,-1.4830274918337465,-0.0248783242407029,-2.2637748525552217,0.1673902102294089,0.0,0.0,2.121013415657616,-1.8173036774543203,-1.4792700665067748,-0.8007051397326377,-1.8357735794246444,0.2729646129383457,0.0,0.0,0.7854483317307541,0.0,-0.090204271831392,-3.3218018611082534,-1.7413793379851916,2.709131492646836,0.7226605583770186,0.6066200353834726,-0.2023279089476335,2.172116553747592,0.0010585332378429,-1.431237407751139,1.1295679624721455,-1.298474826457071,0.0,-1.9056545368386808,-2.247795383242344,-0.2341656846232616,-0.2731393760710616,-2.7007978010710985,-1.1545896821387411,-0.2141115652026672,-3.678747404426258,-2.8333845291629207,-2.210954125681305,-2.448070743652894,-0.3940990434049991,0.0,0.0,-0.7962247434310932,0.0,1.4707512307027109,-0.896395938427867,0.8901433407880491,0.0,0.0,-1.829578963866528,0.0,0.0,0.0,0.0,0.0,-4.83300687180876,0.0,-0.539377669847195,-1.934088053334136,-1.690817447682225,0.0,0.0,0.0,0.0,0.0,0.0,-0.5370946306585593,0.0,0.0,0.0,0.0,0.0,0.0,0.0,0.0,0.0
SID31337,0,0,1,0,1,0,0,1,1,0,0,0,0,0,0,1,1,1,0,1,0,0,0,1,1,0,0,1,1,0,1,0,1,0,1,0,0,0,0,0,0,0,0,0,0,0,0,1,0,0,0,0,1,0,0,0,0,0,0,0,0,0,0,0,0,1,0,0,0,1,1,0,0,1,1,0,0,0,0,0,0,0,0,0,0,0,0,0,0,0,0,0,0,0,0,0,0,0,0,0,0,0,0,0,1,1,1,0.0,0.0,4.105966800306556,0.0,-3.845257576479184,0.0,0.0,-0.3225638972497986,-1.9113236184705864,0.0,0.0,0.0,0.0,0.0,0.0,-1.440717760962145,3.176166607706381,-2.042631438021737,0.0,-0.4693400168181418,0.0,0.0,0.0,-1.4036837868473282,-5.098576254908275,0.0,0.0,0.6268636401820905,-1.0685800027753685,0.0,-0.904627009708428,0.0,-0.4284785184059885,0.0,-3.629250540734294,0.0,0.0,0.0,0.0,0.0,0.0,0.0,0.0,0.0,0.0,0.0,0.0,3.630804502830216,0.0,0.0,0.0,0.0,-1.936867999335072,0.0,0.0,0.0,0.0,0.0,0.0,0.0,0.0,0.0,0.0,0.0,0.0,2.687660404331972,0.0,0.0,0.0,-0.035316516481337,1.979040000806463,0.0,0.0,0.5432618233913257,2.3508040387007707,0.0,0.0,0.0,0.0,0.0,0.0,0.0,0.0,0.0,0.0,0.0,0.0,0.0,0.0,0.0,0.0,0.0,0.0,0.0,0.0,0.0,0.0,0.0,0.0,0.0,0.0,0.0,0.0,0.0,3.119330569531128,1.8130276397708784,0.5042889096399028
SID31398,1,1,1,0,1,1,1,1,1,0,1,1,1,1,1,1,1,1,1,1,1,0,1,1,1,0,1,1,1,0,1,0,1,1,1,0,1,1,1,1,1,1,0,1,1,0,1,1,1,1,0,1,1,1,1,1,1,1,0,1,0,1,1,1,1,1,1,1,1,1,1,1,1,1,1,0,1,1,1,1,1,1,0,1,0,0,1,1,1,0,0,1,1,1,0,1,0,1,0,0,0,0,0,1,1,1,0,2.880665429067162,3.2792123397430943,4.044058714278493,0.0,2.3851111785491623,1.0787483826650406,-2.059558897322732,1.0383772323059397,3.86397413636242,0.0,2.253297713774182,1.4744978782449731,-0.2978807173864095,4.479106308094463,2.0345679951370257,2.0873635013963563,1.1652261039370626,0.3138857316907342,1.6135514714107098,2.81003270244967,2.2448183629340623,0.0,0.0364448808591317,-0.4146937267760235,2.476447992956229,0.0,0.9233593305759416,0.9851548593059744,0.970970224314018,0.0,-1.6472530183983989,0.0,0.6873062629493549,0.8905211765160815,-0.2336495674991048,0.0,1.0707244647610312,-2.5725633537616326,0.0915256091450427,1.455227234843547,-0.1498861853157795,1.531521093444521,0.0,3.210068551072178,-0.5878658769916161,0.0,-1.1119213560171306,4.890331747383235,-1.6164712822864788,3.0534177939312626,0.0,-2.020164339991344,-1.0432660285114697,0.6245676905948174,0.1510805153315708,-0.0370837472667608,-3.2359562732397857,0.5082839248607764,0.0,-4.162889758046379,0.0,-2.6259782896805413,0.773388508931814,-1.125249659945898,-0.5295360643485063,-1.8942062167280151,-0.7230785794555543,-1.6572798403711513,-3.700113831922097,0.4904040953111397,-0.6733901091294827,-2.7683986297223098,-2.75723666705694,2.841798027901305,-0.5943428832111444,0.0,-0.5656338720104754,1.0451561533056766,-0.5116438000151833,-1.977624844880042,-2.4326555218246138,-1.1429668547447451,0.0,-0.1778763947686599,0.0,0.0,-2.408870616801172,-3.518224147300694,0.0405736804387946,0.0,0.0,-0.3975828604001634,-4.9738199742627085,-2.4966592965893635,0.0,1.4972948106242696,0.0,-2.938146506363237,0.0,0.0,0.0,0.0,0.0,-3.666989784497064,-0.4924928153108752,-1.3509616212465656,0.0
SID31424,1,1,1,1,1,1,0,1,1,0,1,1,1,1,0,1,1,1,1,1,0,0,1,1,1,0,1,1,1,0,1,1,0,1,1,1,1,0,0,1,0,1,0,0,1,1,0,1,0,0,0,1,1,0,0,1,1,1,0,1,0,1,1,1,1,1,0,1,1,1,0,0,0,1,0,1,0,1,0,0,0,0,0,0,0,0,0,0,0,0,0,1,0,1,0,0,0,0,0,0,0,0,0,1,0,0,0,4.67433207365621,1.448124448706262,3.3524345730402407,-1.602256911794413,4.843208136247068,4.23295990543715,0.0,1.0119789557776346,4.201969765085416,0.0,5.002003915624741,3.710304446155911,3.893943599136765,4.129599347130325,0.0,-0.1481841722860459,4.018808269457958,2.941604416318206,3.126067339892729,-0.0716374623465219,0.0,0.0,1.939005316708172,-3.154686268024092,-1.0567074177725564,0.0,5.442627041102275,4.516817111228001,1.8263649581186625,0.0,-2.469532735144893,-6.339129896470809,0.0,1.5804780107582828,5.09193287231775,2.112104278202032,-2.616220693770561,0.0,0.0,-3.1707379770346,0.0,-0.0417372904159987,0.0,0.0,-1.1853937587338796,-2.549709213134995,0.0,-2.592344444779431,0.0,0.0,0.0,-1.447624698756136,-3.157876063392192,0.0,0.0,-3.65705518177186,-0.5956337335465856,-2.73237865652143,0.0,-1.6520253020795312,0.0,-2.5121621405397434,-2.675568250341162,-3.167506956453153,-4.319111775261773,-0.7452767632383437,0.0,-2.592344444779431,-5.768585038003196,-5.438343351132619,0.0,0.0,0.0,1.883630280952432,0.0,2.1734835933333136,0.0,-3.816482918699961,0.0,0.0,0.0,0.0,0.0,0.0,0.0,0.0,0.0,0.0,0.0,0.0,0.0,1.3507339606112987,0.0,-2.108373478758831,0.0,0.0,0.0,0.0,0.0,0.0,0.0,0.0,0.0,-5.119889620014084,0.0,0.0,0.0
SID31431,1,1,1,1,1,1,0,1,1,0,1,1,1,1,1,1,1,1,1,1,1,0,1,1,1,0,1,1,1,1,1,1,1,1,1,0,1,1,1,1,1,1,1,1,1,1,1,1,1,1,0,1,1,0,0,1,1,1,1,0,1,1,1,1,1,1,0,1,1,0,1,1,1,0,0,1,1,1,0,0,0,0,1,0,0,0,1,0,1,0,0,0,0,1,0,1,0,1,0,0,0,0,0,0,0,0,0,3.285336755277973,0.8850730148569601,0.2427786720451574,1.2299096652558568,2.661569969086248,2.767156621859681,0.0,1.0186235867249387,1.3036068834139962,0.0,2.0293526917671603,1.4168306346751962,-0.5142869674124559,1.6979550693327532,-2.880540421752701,2.662706627743946,-1.7210826388210965,0.9140324945742768,0.2051258369535689,-0.2720018361837175,4.542064580196122,0.0,0.9891545959860262,-1.1116831432532002,-2.54246008754236,0.0,0.2096281032422493,-0.2839809671090338,-0.6753950109250377,0.0336597430530101,-1.287808544359124,0.1756215456429937,-1.3649690663066685,-1.5850600678270554,3.3603436735554686,0.0,-0.6029843133564372,-1.1127007248888607,-0.6650751518958422,2.073838869592028,-1.5153417701204064,0.6921886095889407,-4.450349894612296,1.6063520734541494,-2.288785497674961,-4.135957671832942,1.9444649995328225,-1.0295996982957805,1.8396905942577744,3.3516979595168683,0.0,0.2586924388164602,-3.834992123668639,0.0,0.0,1.5070950398207683,0.4725557564965128,-3.3071012393484613,1.3369577031004476,0.0,-3.0303928638499507,0.3274881824366442,0.979986973821582,1.183734273262762,-0.1795395282884613,0.8391227398740106,0.0,1.1626271008193605,-1.4988956870765793,0.0,1.3859775521330295,-6.248499161939123,-2.98892442704833,0.0,0.0,0.7451691346464987,-2.8479430114627737,2.7529679482262024,0.0,0.0,0.0,0.0,1.09081373297804,0.0,0.0,0.0,-3.573025131271525,0.0,0.7336497626738968,0.0,0.0,0.0,0.0,0.8750651440662645,0.0,0.397816425026658,0.0,-1.639107131261476,0.0,0.0,0.0,0.0,0.0,0.0,0.0,0.0,0.0
SID31449,1,1,1,0,1,1,0,1,1,1,1,1,1,1,1,1,1,1,1,1,0,1,1,1,1,0,1,1,1,1,1,1,1,1,1,1,1,1,1,1,1,1,1,1,0,1,1,1,0,1,1,1,1,0,1,1,1,1,0,1,1,1,0,0,1,1,1,1,1,0,1,0,0,1,1,1,1,1,0,1,0,0,0,1,0,0,0,0,1,1,1,0,0,1,0,1,0,1,0,1,0,1,1,1,0,0,0,3.915830391577097,2.3107255185229163,5.404690367725589,0.0,3.6660731006217775,2.7727595645785303,0.0,1.7096699497963856,2.6294579030646483,4.189629243391117,3.688039032130287,2.9559916461553954,3.654794772664928,2.7476512378776827,-4.7109859009259765,1.8948879604617967,2.6153950298082487,-0.0096058499626625,1.6233834731647043,0.6395105062344408,0.0,0.4332220390692864,2.7151269613054305,0.1044933503432936,-0.4952710522296861,0.0,3.910720714794224,3.125278233048099,3.1720909171619294,-3.4739039379927616,-0.9220819244566364,-1.651953496485561,-0.0975332775299935,0.480154119007788,3.7917447951165055,2.3031877498284388,-1.4647646221672468,-0.8387540683620198,-0.9737878695412324,-3.8248482072225087,-2.6591496253380296,1.875827405315588,-1.3328240896656447,4.478175332440442,0.0,-1.1379730032567577,0.9382671994790892,-2.0016164384187034,0.0,1.2969998325346297,1.7180306792280593,-0.6194505614056776,-3.8707853024095344,0.0,0.7030441527645492,-0.9604340339922408,1.0549808406362555,-3.66314593763129,0.0,1.3235476193044735,0.6195781834686804,-0.8612597067232075,0.0,0.0,-0.9304031239387084,-0.8230121507305004,-3.332144990460667,-4.782811635497232,-2.8475967755586664,0.0,-1.2186876060472611,0.0,0.0,-4.058248258703908,-3.978998887049768,1.0711318077444167,-1.1258181574796828,1.170790849541032,0.0,-4.555421793301571,0.0,0.0,0.0,-1.3962599880247324,0.0,0.0,0.0,0.0,-1.6271702179537884,0.2193481262205885,-2.4866299795383933,0.0,0.0,-0.6230977803027882,0.0,-2.2435578484119354,0.0,-1.4988655160144244,0.0,-2.739934762912561,0.0,-2.8188287053822245,-1.4082058314393198,-2.858407691662882,0.0,0.0,0.0
SID31455,1,1,1,1,1,1,0,1,1,1,1,1,1,1,0,1,1,1,1,1,1,1,1,1,1,0,1,1,1,1,1,1,1,1,1,0,1,1,1,1,1,1,0,1,1,0,1,1,0,1,0,1,1,0,1,1,1,1,0,1,0,1,1,1,1,1,1,1,1,1,1,1,0,1,0,1,1,1,1,0,1,1,1,0,0,0,1,1,0,1,0,0,0,1,0,1,1,1,0,0,0,0,0,0,0,0,0,3.340130064747094,0.1483714050522198,1.3726620539970342,-0.8424528593161289,3.91232061697305,1.4077050809011724,0.0,2.1570077749594017,2.682050916125549,-3.928722033921788,2.803264457616023,1.661260533308594,1.2928814038124992,2.014851944259599,0.0,1.1471212000584483,-0.60120536527419,0.8282900462489836,1.5940903512493567,-0.4426584316163902,3.3065625513932737,-0.147947315103595,0.53364946057527,-0.6156622042719115,-0.4935067052417488,0.0,1.5400611730438347,0.3959150677691994,1.038210135053594,0.9913805390082456,-0.0264127206812803,-1.3846858102504698,-1.5658485100709365,-0.3816393290943791,3.6078856842898217,0.0,-3.208562054115773,-1.949692952282408,0.4690138944572743,0.7043643669797427,-0.4537285201061689,1.0016668280468113,0.0,4.279690608973211,-0.1490882165393865,0.0,0.6691357673431813,-2.159841347078663,0.0,3.038729705175511,0.0,1.043667309880708,-0.4980429064619704,0.0,-2.125128107046729,-0.9289503108926958,1.2305795403832611,-0.2276552432534633,0.0,-3.1522408646042326,0.0,0.6023145385582046,-3.0632234688877373,-1.1834372176379253,-1.3283277498560453,-0.0968250729729258,-1.5390858821857605,-0.5428800403428264,-2.6698552824884016,-2.211070536847454,2.870731901467372,-3.3317187139147446,0.0,1.9830162237011115,0.0,-4.570814043681448,0.2676560871984512,-2.79348703157498,1.3377237388955137,0.0,-3.3161137158458542,-2.8285237020980425,0.7490345590633859,0.0,0.0,0.0,-1.0760906040084697,-3.6446177828178894,0.0,-1.630910219680399,0.0,0.0,0.0,0.7292890578091907,0.0,-0.2290086224944314,2.754066604356677,-0.1666916981722357,0.0,0.0,0.0,0.0,0.0,0.0,0.0,0.0,0.0
SID31477,1,1,1,1,1,1,1,1,1,1,1,1,1,1,1,1,1,1,1,1,1,0,1,1,1,0,1,1,1,1,1,1,1,1,1,0,1,0,1,1,1,1,0,1,1,0,1,1,0,1,0,1,1,1,1,0,1,1,1,1,0,1,1,1,1,1,1,1,0,1,1,0,0,1,1,1,0,1,0,0,1,1,1,0,0,0,0,0,0,0,0,0,0,1,0,0,1,0,0,0,0,0,0,0,0,1,0,3.44199863027396,1.157157994729709,3.684736839798447,-1.4802141745745798,4.559574039495335,3.641876569092971,-1.949421308358056,-1.1558621416734467,3.494764124031165,3.271433617488747,1.516231655758192,3.126031130476993,2.761881388216711,2.3058525447594223,0.9441301024554888,-2.117827397090036,0.3714144818637352,0.7725443608061291,0.985896976714912,-0.2201736350905183,3.764632019237241,0.0,0.7812998889085079,-1.005077658821381,0.141564277877543,0.0,4.126463904285629,2.363498708596596,1.7545114712376229,-2.4793597761439967,-4.808442536370144,-4.222715604431036,-0.6553632998302725,1.0875405199643304,3.1259349477695744,0.0,-1.3587489784871685,0.0,-3.685438794577875,-0.2897788043617124,-4.360675048571291,-0.6543451919683498,0.0,4.969745258942401,-3.8451268658511264,0.0,0.8318872471747207,0.946068258290818,0.0,-0.3720197871488895,0.0,-6.4460513257709415,-1.5229470241605476,3.1047499162809467,-2.3274013726477216,0.0,0.8256854723323668,-4.836613413336841,-1.3049448723467565,-5.852987603767978,0.0,-4.846182864352992,0.8169779162343005,-0.792727072384869,-2.6468238144881395,1.346317259192429,-2.618445662155378,0.5577930503598487,0.0,-0.0100535942025423,-1.3861724555727517,0.0,0.0,1.924220546459837,-0.3925066340009668,1.2228657491437938,0.0,-0.1019198561217651,0.0,0.0,0.0279863321511477,-0.4317541991594233,3.774566138298168,0.0,0.0,0.0,0.0,0.0,0.0,0.0,0.0,0.0,0.0,-0.6688413825599229,0.0,0.0,1.4944985961322417,0.0,0.0,0.0,0.0,0.0,0.0,0.0,0.0,-4.177367784452577,0.0
SID31501,1,1,1,0,1,0,0,1,0,0,0,0,0,0,0,1,1,0,0,1,0,0,0,0,0,0,1,0,0,1,0,1,1,0,0,0,0,1,0,0,0,1,1,0,0,1,1,1,0,0,0,1,1,0,0,0,0,1,0,1,1,1,0,0,0,1,0,0,0,1,1,0,0,1,1,1,0,0,0,0,1,0,0,1,0,0,0,0,0,0,1,1,1,0,0,0,0,0,0,0,0,0,0,1,0,0,0,-2.4780326592106,-0.6864665574780711,5.185032749711314,0.0,-3.8666499017466296,0.0,0.0,2.05134332202433,0.0,0.0,0.0,0.0,0.0,0.0,0.0,3.071810507966987,6.133952121543231,0.0,0.0,-1.192340880256571,0.0,0.0,0.0,0.0,0.0,0.0,-3.821187527669873,0.0,0.0,1.5444769123377742,0.0,0.4076879275098342,-1.5966841034806585,0.0,0.0,0.0,0.0,-0.1619657695761982,0.0,0.0,0.0,0.4912508201972938,-5.032595310483327,0.0,0.0,0.0870951581425503,-2.100804721284045,0.1499426088986375,0.0,0.0,0.0,1.0562803287262523,2.0795861541536054,0.0,0.0,0.0,0.0,-0.5770338956174035,0.0,0.3641481362427525,-1.3411073212588014,0.2684050208578905,0.0,0.0,0.0,3.979319604788724,0.0,0.0,0.0,3.254722768188641,2.7751938986036406,0.0,0.0,-3.0009183396705885,3.625311998009355,-3.857390576333833,0.0,0.0,0.0,0.0,-4.332013151435863,0.0,0.0,1.7307206864950335,0.0,0.0,0.0,0.0,0.0,0.0,-3.0127295005989327,0.0021256895875971,1.1803397473956558,0.0,0.0,0.0,0.0,0.0,0.0,0.0,0.0,0.0,0.0,-2.3808259452797063,0.0,0.0,0.0
SID31582,1,1,1,0,1,1,1,1,1,1,1,1,1,1,1,1,1,1,1,1,1,1,1,1,1,0,1,1,1,0,0,0,1,1,1,0,1,0,1,1,0,0,0,1,0,0,1,1,0,1,0,1,1,0,1,1,1,1,1,1,0,1,1,1,0,1,0,1,0,1,1,0,0,1,0,1,0,0,0,1,0,0,0,0,0,0,0,0,1,0,0,1,0,0,0,1,1,0,0,0,0,0,0,1,0,0,0,2.869964872664733,0.2990097325819625,0.8036626595207226,0.0,4.549010437830537,3.690655051208111,-3.887400462142671,-4.089221243988059,3.376347114034817,0.9872439311743316,2.366859291046884,2.9207592610171687,1.972874775108704,3.055875057730604,-1.0031778396868565,-1.7404614193586383,0.0971677185533606,1.246692667742125,1.8970293119204549,0.8831964904495355,-0.0497294904790976,0.8930261514023039,1.5178210556307474,-3.9260696033018254,-1.391065116531048,0.0,3.5972451671884267,3.143463111701741,0.9454546715288246,0.0,0.0,0.0,1.5315464595908712,0.7288460848791574,3.920715193794602,0.0,0.3139928450482856,0.0,-6.123294180638044,-0.911519092912246,0.0,0.0,0.0,5.1121771577667605,0.0,0.0,-3.6767483987224905,0.9634437538725324,0.0,0.7141424636286875,0.0,2.3030915815856283,-1.408546576186022,0.0,-3.707956605176332,-3.807888399214937,-0.1573128811706154,-4.09344958009758,2.8672076563067512,-1.1254282408739689,0.0,1.8928640117243296,-1.831951347206056,-1.2639820264118675,0.0,-1.1438943624325424,0.0,-4.398226085908662,0.0,-2.401885083226456,-2.736173912866726,0.0,0.0,3.093207814650088,0.0,1.661769540252802,0.0,0.0,0.0,0.5832131753863008,0.0,0.0,0.0,0.0,0.0,0.0,0.0,0.0,0.6744301951776543,0.0,0.0,-1.2842000514573593,0.0,0.0,0.0,-5.568297338558916,-2.514995213183448,0.0,0.0,0.0,0.0,0.0,0.0,-3.231131911968092,0.0,0.0,0.0
SID31705,1,1,1,0,1,0,0,1,1,0,1,1,1,1,0,1,1,1,1,1,0,0,1,0,1,0,1,1,1,0,0,0,1,1,0,0,0,0,0,0,0,0,1,1,1,1,1,1,0,0,0,0,1,0,0,0,0,0,0,0,0,0,1,0,0,1,0,0,0,0,1,0,0,1,1,1,0,0,0,0,0,0,0,0,0,0,0,0,0,0,0,0,0,0,0,0,0,0,0,0,0,0,0,0,0,0,0,1.1418463259670022,3.2801560176722284,0.8942624995745652,0.0,2.5601271266108605,0.0,0.0,-1.521053013677231,2.673894352738039,0.0,2.506108385096256,-1.1622750195417195,3.1669399648540284,-0.169196563193791,0.0,-3.1138831897116703,-1.233251331154139,-2.889328869294443,-0.5299300333814689,2.3155553141867253,0.0,0.0,-1.3715611529094858,0.0,-6.681065708848088,0.0,-0.7623958940068172,-1.4266131559469892,0.8454274510944362,0.0,0.0,0.0,-2.925696513465318,-3.30234118303799,0.0,0.0,0.0,0.0,0.0,0.0,0.0,0.0,1.0898256272036848,2.696729308581717,-0.9493438655026444,2.154314511458141,-3.7366267296816464,3.082776561174523,0.0,0.0,0.0,0.0,-1.1417648728575096,0.0,0.0,0.0,0.0,0.0,0.0,0.0,0.0,0.0,-3.345889428283726,0.0,0.0,-5.359309868865768,0.0,0.0,0.0,0.0,5.925245353851934,0.0,0.0,1.5987370919463837,2.575816269438999,3.11376423191092,0.0,0.0,0.0,0.0,0.0,0.0,0.0,0.0,0.0,0.0,0.0,0.0,0.0,0.0,0.0,0.0,0.0,0.0,0.0,0.0,0.0,0.0,0.0,0.0,0.0,0.0,0.0,0.0,0.0,0.0,0.0
SID530002,1,1,1,0,1,1,0,1,1,1,1,1,1,1,1,1,1,1,1,1,1,0,1,1,1,0,1,1,1,0,1,1,1,1,1,1,0,1,0,1,1,1,0,1,1,0,0,0,0,1,0,1,1,0,0,0,1,0,0,1,0,1,0,0,1,1,1,0,0,1,0,0,0,0,1,1,0,1,0,0,0,0,1,1,0,0,0,0,0,0,0,1,0,1,0,0,0,0,0,0,0,0,0,0,0,0,0,1.8263269498698924,-0.7333362406111956,4.628821024462452,0.0,1.7262514129520554,3.0498323092571127,0.0,-2.390904170916237,3.3663395600385906,3.166123820667712,5.0659788275954165,3.1320843905908515,3.5689029656799067,4.088508123763008,2.9003019016481915,-2.0603889984703203,3.378319043576385,3.684649757941145,1.6696897374726292,-2.2792179716067373,-2.793092378222087,0.0,1.1247587578297171,-0.0339524657949186,0.3191862524034394,0.0,3.190060734221153,2.595655631096842,1.912983486238376,0.0,-2.852627081674496,-4.590319329632275,-3.68994405306402,2.097100950357691,1.137106855119569,1.3651089024248706,0.0,-2.949790830128144,0.0,-3.0862419328560016,-2.419012530299842,-0.7909936299258098,0.0,-2.951067154487748,-2.0955926336632995,0.0,0.0,0.0,0.0,0.6061401518091372,0.0,2.126697490662527,1.5261680642109492,0.0,0.0,0.0,-4.267092319761083,0.0,0.0,-1.673616023374308,0.0,1.214220979313073,0.0,0.0,-3.239175030650455,-1.5877029115331391,-5.207480603214298,0.0,0.0,0.9896835474534328,0.0,0.0,0.0,0.0,-5.019080000343962,-5.625215803914277,0.0,-0.1389599689478318,0.0,0.0,0.0,0.0,2.421979684164592,0.9331658538107184,0.0,0.0,0.0,0.0,0.0,0.0,0.0,-3.3837184029000698,0.0,-2.9536247006388656,0.0,0.0,0.0,0.0,0.0,0.0,0.0,0.0,0.0,0.0,0.0,0.0,0.0
SID530018,1,1,1,0,1,1,0,1,1,0,1,1,1,1,1,0,1,1,1,1,0,1,1,1,1,0,1,1,1,0,0,0,1,1,1,1,0,0,0,0,0,0,0,1,0,0,0,1,0,1,0,1,1,0,0,0,0,0,0,0,0,1,0,0,0,0,0,0,0,1,0,0,0,1,0,1,0,0,0,1,0,0,1,0,0,0,0,0,0,0,0,0,0,1,0,1,0,0,1,0,0,0,0,0,0,0,0,1.6955424798067502,-1.2886480333070691,3.543254572455064,0.0,4.236973771083235,4.207185174475848,0.0,-3.6973745869420127,3.8251721092909934,0.0,4.0153149591678,3.338256145997864,3.646903613155179,3.2335426622501853,-0.6317470713820592,0.0,-0.728162767338072,-0.0735198832670687,2.587099612702155,-1.4750058278047675,0.0,-0.7379713780561814,0.1038914235469481,-4.938486938217405,-2.316302169803273,0.0,2.303563176392972,2.074845049267417,0.5008450131619204,0.0,0.0,0.0,-1.6379896110480057,0.4748067259776443,5.008535034991012,-4.929518268234645,0.0,0.0,0.0,0.0,0.0,0.0,0.0,-5.193669843276231,0.0,0.0,0.0,0.84122724140581,0.0,0.4961787955000702,0.0,1.8686014972781064,-1.0264639327892593,0.0,0.0,0.0,0.0,0.0,0.0,0.0,0.0,0.9239406058538934,0.0,0.0,0.0,0.0,0.0,0.0,0.0,-1.6557484962589943,0.0,0.0,0.0,-3.2086667684296413,0.0,-5.1371576330128885,0.0,0.0,0.0,3.094548876515003,0.0,0.0,2.568535399580804,0.0,0.0,0.0,0.0,0.0,0.0,0.0,0.0,0.0,0.0,-6.875428417289959,0.0,-3.65156505091072,0.0,0.0,-5.385337262488424,0.0,0.0,0.0,0.0,0.0,0.0,0.0,0.0
SID530026,1,1,1,1,1,1,1,1,1,0,1,1,1,1,1,1,1,1,1,1,1,0,1,1,1,0,1,1,1,1,1,0,1,1,1,0,0,0,1,1,0,1,1,1,1,0,1,0,1,1,0,1,1,1,1,1,1,0,1,1,0,1,1,1,1,1,0,1,0,1,1,0,0,1,0,1,0,1,0,0,1,0,0,0,0,0,1,0,1,1,1,0,0,0,1,0,1,0,0,0,0,0,0,0,0,0,0,2.896036987965468,0.9727858331023522,4.4312554525905625,-4.06003215129522,5.527560308077253,4.104827847600051,-0.5995181924766451,-0.8524700863272927,4.159355677415009,0.0,2.703395570402171,3.6917343429683127,4.798015031864049,3.1892273255859727,3.596610471474325,0.2497877476009113,0.8568265087363454,1.6964020696348132,3.051955654109366,-1.057034666749817,0.3624414075688333,0.0,1.1142915271087828,0.5761116931583121,-1.62678435978113,0.0,3.927474637047416,1.841576066690901,3.751996101385395,-4.102591765714016,-3.9148501414507217,0.0,2.926168406303613,0.8631371170197597,6.647285704097785,0.0,0.0,0.0,-2.471647648058952,-1.3025306289747007,0.0,-2.276991133107046,-2.3686303010096896,-5.916330141660846,0.8429251290028468,0.0,0.5712524003408519,0.0,-5.79116699870684,3.1124563787602897,0.0,-3.471088748265277,-2.284021039035304,0.8836914375179088,-0.9628532614045388,-2.5513358086626514,-0.7777903674718698,0.0,2.6397888476305646,-4.193563543919742,0.0,-4.217661095498803,-0.4753564747112864,1.731742122357626,-2.7001245453485243,-0.1245367896819318,0.0,-1.3212102915262562,0.0,-3.9422491156388366,0.7583154216952313,0.0,0.0,0.2434697202663502,0.0,3.1424816652939165,0.0,-1.4519557656382114,0.0,0.0,-1.110125689946646,0.0,0.0,0.0,0.0,0.0,-3.5809552258438098,0.0,-2.225785408227849,-3.772350078843439,-2.180249086062616,0.0,0.0,0.0,-5.292175832587852,0.0,1.113583771254998,0.0,0.0,0.0,0.0,0.0,0.0,0.0,0.0,0.0,0.0
SID530028,1,1,1,0,1,0,0,1,1,1,1,1,1,1,1,1,1,1,1,1,0,1,1,1,1,1,1,1,1,1,0,1,1,1,1,1,1,1,1,1,1,1,0,1,1,0,1,1,0,1,0,1,1,1,1,1,1,1,1,1,1,1,0,1,0,1,1,1,1,1,0,0,0,0,0,1,1,1,0,1,1,1,0,0,1,0,1,0,0,0,0,0,1,0,0,0,0,1,0,0,0,0,1,0,0,0,0,2.475961692170244,-1.351080079594767,0.6970707330463446,0.0,2.592520528607617,0.0,0.0,3.4903158725879377,1.119745584893879,-4.150943219754208,1.7079944771876483,0.7812737506872041,-0.8674712717208284,1.8182003242362728,2.0188667357680896,2.131688104573328,0.4581516661879373,0.0491074205319685,0.4284600440606737,-3.178792065751238,0.0,0.0595331321974827,0.6694993754496561,0.5290094968653194,1.2668011623423552,2.254861426490362,-1.7534669706368058,0.9283312393156782,1.2449370589004158,0.7633593545127049,0.0,0.902412112826846,0.4062912756076102,-0.7562183525976698,-4.196512769223598,0.8907361593956337,-0.3120361229063551,-2.446334782568031,0.8938188950615958,0.3438530510758135,1.2638455187038595,1.6468265846102947,0.0,3.3966929436378352,-0.6431418562275357,0.0,-0.1942200354081547,-3.361229840803212,0.0,1.4203752464835606,0.0,0.9311955312164608,-2.336403722194333,-2.766955664732232,-0.4893134080876467,2.0372578172189764,0.4782824570937181,0.9254491307976084,0.8406694806821421,-2.5127372371436643,2.250831310900512,-0.4126154902262899,0.0,-1.9000557392707151,0.0,-1.4118390060200958,-1.811562661017264,2.2705141848883628,-0.6452612820116861,-4.426917344774854,0.0,0.0,0.0,0.0,0.0,0.7536258423528859,-0.7624737042431717,0.5581994222082508,0.0,0.5649876214006255,0.219126656253134,-0.6831932175827797,0.0,0.0,-2.5704928441933594,0.0,-1.0958702421362625,0.0,0.0,0.0,0.0,0.0,-4.350931437796933,0.0,0.0,0.0,0.0,0.2419116739189395,0.0,0.0,0.0,0.0,0.6654782716759009,0.0,0.0,0.0,0.0
SID530039,1,1,1,1,1,1,0,1,1,0,1,1,1,1,0,1,1,0,1,0,0,0,1,0,1,0,1,1,1,0,0,1,0,1,1,0,0,1,0,0,0,0,0,1,0,0,1,1,0,0,0,1,1,0,0,1,0,0,0,0,0,1,0,0,1,1,0,0,0,1,0,0,0,0,1,0,1,1,0,1,0,0,0,1,0,0,0,0,0,1,0,0,0,1,0,1,1,0,0,0,0,0,0,0,0,0,0,-0.8506365045127846,-1.4402897121873384,4.14307138255648,-2.384284358610178,4.500175260759932,-2.357047624635279,0.0,-4.474589012547385,2.7667216317608414,0.0,4.405367155015995,1.2642981731929936,5.184618122162384,4.710598835270069,0.0,-3.0595845455450634,3.9100509484643418,0.0,2.8975351180583098,0.0,0.0,0.0,1.7764165492959512,0.0,-0.9505155100830192,0.0,3.777274940683512,2.9004416628724345,2.209804244655666,0.0,0.0,-2.758432284062281,0.0,1.2029292268167016,-2.916955511302149,0.0,0.0,-4.77858466049069,0.0,0.0,0.0,0.0,0.0,5.827112828857381,0.0,0.0,-1.5799115429400086,-2.3771072943098144,0.0,0.0,0.0,-2.931373886726421,2.3527772204758826,0.0,0.0,-3.675595997222781,0.0,0.0,0.0,0.0,0.0,-2.7813812170478256,0.0,0.0,-1.7549556703555442,-0.0859097981524761,0.0,0.0,0.0,3.5229435244012928,0.0,0.0,0.0,0.0,-1.7142104542145358,0.0,-5.8512214627555394,-3.7717799210757033,0.0,-2.7654375666506903,0.0,0.0,0.0,2.442231845729975,0.0,0.0,0.0,0.0,0.0,-4.321826257994975,0.0,0.0,0.0,-1.2650772826352097,0.0,-1.341207622251032,2.393547027278589,0.0,0.0,0.0,0.0,0.0,0.0,0.0,0.0,0.0,0.0
SID530041,1,1,1,1,1,1,0,1,1,0,1,1,1,1,1,1,1,1,1,1,1,0,1,1,1,0,1,1,1,1,1,1,1,1,1,1,1,0,1,1,1,1,0,1,1,0,1,1,1,0,0,1,1,0,1,1,1,1,1,1,1,1,1,1,1,1,1,1,1,0,0,1,0,1,0,1,0,1,0,1,1,0,1,1,0,0,0,1,1,1,1,0,0,1,1,1,0,1,0,1,0,0,0,0,0,0,0,0.948556978582412,-2.7965802781816187,2.5889639403759697,-2.545265849900713,3.656648858507618,4.318973909729225,0.0,-0.9693038666630018,2.304889908745547,0.0,2.562492420594123,-0.5236637818160892,-1.1441639677785913,2.564805034691077,2.765672157545998,1.2998784497328173,-1.201531103199618,-0.3262189356258336,1.3618273284002698,-6.16652511633967,0.9118488923198798,0.0,-0.0179746410243519,-0.8185022537505131,-1.9498494719632813,0.0,-0.3329522121026476,0.995872381016048,-2.366723716949295,-2.0942164425167498,-0.5371070569723311,-2.438979836721944,2.237585513324831,-0.7194562346421454,3.863434111788357,-2.1227993122232194,-0.4420605621037068,0.0,-2.418832635107649,0.85908157202969,-1.3117941756097775,1.8852202064226355,0.0,3.679987037282465,0.1724765982574994,0.0,0.7687330815320941,-1.80244705954353,-0.3923319723282779,0.0,0.0,1.379128868971934,-0.268526297237365,0.0,-3.1002626919798413,1.0000971946548478,4.37937487080507,-1.3477956230623436,4.602027887564399,-2.025223571029798,-0.4549525505673952,0.1961713672342342,-0.7917810394189524,2.62769356733982,-1.1233481691698044,-0.5078472979957249,-0.1821045506897478,2.471311971829543,0.4230888827059778,0.0,0.0,-1.1444174210811773,0.0,-0.2636816326800959,0.0,0.9039048492402444,0.0,5.488334178241846,0.0,-0.9742094966352656,-1.977453294761112,0.0,1.0838646919582169,-3.3333117722834533,0.0,0.0,0.0,-2.233945620028944,1.1185068112117804,-0.6000908328346921,-0.7987534463192585,0.0,0.0,0.2046921757479876,-1.8009797078495802,-1.082496391027561,0.0,-1.404022504464181,0.0,-4.770661304203629,0.0,0.0,0.0,0.0,0.0,0.0,0.0
SID530054,1,1,1,0,1,1,0,1,1,0,1,1,1,1,0,1,1,1,1,1,1,1,1,1,1,1,1,1,1,1,0,1,1,1,1,0,1,1,1,1,1,1,0,1,1,1,1,0,1,1,0,1,1,1,0,1,1,1,1,1,1,1,0,1,1,1,1,1,1,1,1,1,0,1,0,1,0,1,0,0,1,1,0,0,1,0,1,0,1,0,0,0,0,1,0,1,1,0,0,0,0,0,0,1,0,0,0,2.6913212091187804,0.0306321918979453,3.69994457610446,0.0,2.747851605753066,5.261251251373183,0.0,1.0920453988442145,2.570664086255524,0.0,1.776022146890073,1.113394218486445,1.86477907088916,1.67022512514794,0.0,1.6960282771939856,-0.9406816465606632,-0.3444950424304542,0.8861584134980758,-1.0119216850054225,2.868766836342993,1.6778195939170475,0.9204128882439464,-0.5317998555200838,0.8230758353406062,0.4267679357847529,-3.1133198594567544,2.292337619431064,0.7446738717649657,-3.388332079167484,0.0,-0.8728718018920525,0.6995769512654226,-0.500561623388512,4.836996203201046,0.0,-1.64761350654674,-1.8092050502783368,-1.2559125119777417,-1.354426111499604,2.001429271877273,1.9931470879908608,0.0,0.1837305989295325,-0.447876791127314,-4.913309827821325,-2.3275984789113595,0.0,1.020840726986232,0.8591348851563088,0.0,2.2490812629535526,-1.13420447187354,-5.14475218195023,0.0,-1.806982827141619,-0.3201954935256415,0.1979807146281917,3.2895552015103764,-2.735557353897926,-1.146933816359098,1.5478225483561705,0.0,-0.6225108088780587,-1.0610543735830669,1.2738336376916086,-1.926293110578372,1.647124496786666,-0.9795415038594976,-1.5443055691733012,-0.4238380749246244,-2.131466540815339,0.0,0.0529964109260712,0.0,1.3231244527580908,0.0,2.309738670957132,0.0,0.0,-2.979276302928591,-0.7227789357920475,0.0,0.0,-3.307183176690881,0.0,-2.1495408774103666,0.0,-0.4633928576045927,0.0,0.0,0.0,0.0,1.6698478852817875,0.0,-2.3978819889984377,-4.06012613525686,0.0,0.0,0.0,0.0,0.0,0.0,-2.492390886708609,0.0,0.0,0.0
SID530142,1,1,1,1,1,1,1,1,1,0,1,1,1,1,0,1,1,1,1,1,1,1,1,1,1,0,1,1,1,1,1,1,1,1,1,1,1,1,0,1,1,1,0,1,1,1,1,0,1,1,1,1,1,0,1,1,1,1,0,1,1,1,0,0,1,1,1,1,0,1,1,1,0,1,0,0,1,1,0,1,1,0,0,0,0,0,1,0,0,1,1,1,0,1,0,1,1,1,1,0,0,0,0,0,0,0,0,4.576036596067677,0.285936910849794,3.713263365534649,-0.9948946380544604,-3.5813502007369604,3.0279367822009524,-1.9594897683043029,0.8745757274864794,2.6013745479493138,0.0,2.718293138620938,0.4393322208145052,2.029136368449422,2.7544024269445133,0.0,1.2256510743897258,1.5394709050503974,2.0019111180307325,0.9157989286600348,-1.6888604842352413,-4.661119401603591,2.584478603021944,1.889778059576552,-0.8140403328161092,2.4635520789370005,0.0,4.458972359189978,2.9232877554092944,2.0936245482447147,-1.9392977964174625,-2.465674184167448,-0.5796574652125033,-0.9798689746541452,0.808559681502059,1.8903265808683591,2.557309604416381,2.421435884773651,-0.061484507114176,0.0,-0.5186197974944426,-3.2929890111113704,0.2719146464691138,0.0,5.072289423919746,0.1993129655801706,-2.806072193139617,2.466651341324832,0.0,-1.966492220833521,2.118275094084242,-3.2375292557400024,1.8288511939728376,0.0384150624193135,0.0,-0.9587315974648618,-1.7801248055200225,0.9743842322993164,0.417747585467854,0.0,-2.4872771845022705,-3.799073684581831,1.0973280103918832,0.0,0.0,-0.0601178924877188,-0.4651814102929075,-0.9303305444124446,-4.439577131656355,0.0,0.0173755928026899,-0.7944285461735854,-3.6487914815324936,0.0,0.4190419551412756,0.0,0.0,-0.8169470630836186,-5.058616340062578,0.0,0.2312127215893944,-1.3263467633226762,0.0,0.0,0.0,0.0,0.0,-0.0160364343043322,0.0,0.0,-0.2174333865429809,-2.748913779299668,0.1759241200077035,0.0,0.0215302096548724,0.0,2.135310943220688,-2.001139623746463,-1.4317389440903043,-5.751763520622523,0.0,0.0,0.0,0.0,0.0,0.0,0.0,0.0
SID530168,1,1,1,0,0,0,0,1,0,0,1,1,1,1,1,1,1,1,1,1,1,1,1,1,1,0,1,1,1,0,1,0,1,1,0,0,0,1,1,1,1,0,0,1,1,1,1,1,0,1,0,1,1,1,0,0,1,0,1,0,0,1,1,0,1,1,0,1,1,1,1,0,0,1,1,1,0,1,0,1,0,0,0,1,0,0,1,0,1,0,0,1,0,0,0,1,0,0,0,0,0,0,0,0,0,0,0,3.7574567491926887,0.073990045258838,2.995121485964632,0.0,0.0,0.0,0.0,0.9342609987816992,0.0,0.0,2.213104378780385,1.687920902768381,3.156822192658257,2.1398635109507365,-1.137121798008248,2.355332376413466,1.2216768744912212,1.3170035121491617,1.3513457753843294,-1.5809968631952849,-3.544979793310293,-1.3079516789962091,-0.1814890442325694,2.4907890385518305,0.4439578979404954,0.0,3.88142772308834,1.2299806938996205,0.2152302232924861,0.0,1.890298622291843,0.0,0.1290845750185028,0.7552386524902912,0.0,0.0,0.0,-1.5485186242121114,-0.6826001334405074,-1.8008534607448232,2.076010403714232,0.0,0.0,4.409885864117705,-2.101231553730192,-5.4408489962945215,-0.2452105588882427,0.6175730189383415,0.0,2.7224392207963035,0.0,1.1046682745135503,-0.391260118738038,0.8991722138368836,0.0,0.0,-5.593611750846932,0.0,-2.7233986706803965,0.0,0.0,0.559843673742537,0.809914223717221,0.0,1.1432745856784703,-3.517817629624139,0.0,-0.2348296838928509,-5.432550193479827,1.4007130599528166,-1.387326428592676,0.0,0.0,-1.9853212700873184,-1.37453246409937,-5.197902817684133,0.0,1.068404375130591,0.0,2.194905674014772,0.0,0.0,0.0,-2.728917448484339,0.0,0.0,-3.961140190535205,0.0,0.9371384946542628,0.0,0.0,0.3245249528867994,0.0,0.0,0.0,-0.4079630932634461,0.0,0.0,0.0,0.0,0.0,0.0,0.0,0.0,0.0,0.0,0.0
SID530172,1,1,1,0,1,1,0,0,1,1,1,1,1,1,0,0,1,1,1,1,1,1,1,1,1,0,1,1,1,0,0,0,1,1,0,0,0,0,0,1,1,0,0,1,1,0,1,1,0,1,0,1,1,0,0,0,0,1,0,1,0,1,1,0,1,1,0,0,0,1,0,0,0,1,0,1,0,1,0,0,1,0,0,0,0,0,0,0,0,0,0,0,0,1,0,0,0,0,0,0,0,0,0,0,0,0,0,1.6356033745321472,0.953171260089517,2.863160731461392,0.0,3.115308722749357,0.2268484691164405,0.0,0.0,2.419504581055513,1.3503642266055322,2.025809344502631,2.207782203249582,1.3943573712461943,2.789721014851368,0.0,0.0,3.6110671347806673,1.4525329902094084,2.137608323145411,-0.9794774752145624,-4.336643881183543,0.3354623119931338,1.4575252393792495,-2.7104391088923747,-0.1712527338488494,0.0,2.986034057402673,3.092524256740109,-0.2805832729429987,0.0,0.0,0.0,2.832557366365302,-1.4831766802228286,0.0,0.0,0.0,0.0,0.0,-2.642491914576612,-1.1327590895128503,0.0,0.0,4.088066337837947,-5.9557906077446034,0.0,-2.453020362335097,-1.6026842596945627,0.0,-4.496041798075559,0.0,2.232908679249585,0.4947568738124182,0.0,0.0,0.0,0.0,-4.594188859215084,0.0,-1.6759114987318915,0.0,1.6178659824193902,-0.9186796396643198,0.0,-3.0281805047083203,-2.99102055979458,0.0,0.0,0.0,0.1678248063299847,0.0,0.0,0.0,-2.014682509226358,0.0,2.0598106209075864,0.0,-1.7999609618718222,0.0,0.0,-2.406033056972075,0.0,0.0,0.0,0.0,0.0,0.0,0.0,0.0,0.0,0.0,0.0,0.0,-1.8751575056036405,0.0,0.0,0.0,0.0,0.0,0.0,0.0,0.0,0.0,0.0,0.0,0.0,0.0
SID530185,1,1,1,0,1,0,0,1,1,0,1,1,1,1,0,1,1,1,1,1,1,1,1,0,1,0,1,1,1,1,1,1,1,1,0,0,0,1,1,1,1,1,0,1,1,0,1,0,0,1,0,1,1,0,0,1,1,0,1,0,1,1,1,1,0,1,1,1,1,1,1,1,0,1,0,1,0,0,0,0,1,0,0,0,0,0,1,1,1,0,1,1,0,0,0,0,0,1,0,0,0,0,0,0,0,1,0,3.482852264062445,0.8505100729526799,1.229479871433081,0.0,-3.683359589933359,0.0,0.0,-3.4745441387732288,1.7592165966826472,0.0,1.6455722021779595,1.6046855320281566,-0.4919280680351395,0.7976079400814847,0.0,2.892649505518386,-1.43648183513021,0.5823506370342837,0.5728909175762977,-1.1569617135439103,-3.869034041737625,-0.302201265188304,0.7709998693287903,0.0,-1.657774633875479,0.0,1.3840171707173856,0.893893123917949,-0.2947233362017564,1.04044868213683,0.4712485477232059,0.165496338434962,-0.7447734241173362,-0.5523779964716059,0.0,0.0,0.0,-4.087779219639971,-0.6356046855118794,-1.5535600760806916,2.2661027642277127,2.3468578670080293,0.0,3.4754360211913635,0.2929338567691077,0.0,0.0737942070158059,0.0,0.0,2.6137882568865685,0.0,1.5635653802015104,-2.7558351222812774,0.0,0.0,2.675361531474388,-0.9462381734506728,0.0,3.3637991898947392,0.0,-0.3146940448497061,0.3061473324598214,-0.8459096018340647,0.7330962640092,0.0,1.458524158136853,-0.9908408159752354,1.682523549387886,-0.0605819424074071,-1.879987198794152,2.492542474580944,-1.8753452236402224,0.0,-3.304751219662443,0.0,1.7344733876685263,0.0,0.0,0.0,0.0,-1.3908670973265376,0.0,0.0,0.0,0.0,0.0,-3.4152186726884133,-2.264140444117002,-0.243182914666031,0.0,-0.7080221692156846,1.88768814619343,0.0,0.0,0.0,0.0,0.0,0.1497062411503048,0.0,0.0,0.0,0.0,0.0,0.0,0.0,-4.323541234913392,0.0
SID530262,1,1,1,1,1,1,0,1,1,0,1,1,1,1,1,1,1,1,1,1,1,0,1,1,1,1,1,1,1,0,1,0,1,1,1,0,0,1,0,1,1,1,1,1,1,0,1,1,1,1,1,1,1,1,1,1,1,1,0,1,0,1,1,1,1,1,1,0,1,1,1,0,0,0,0,1,1,1,0,0,0,0,0,1,0,0,1,0,0,1,1,0,1,1,1,1,1,1,0,0,0,0,0,0,0,0,0,1.0037665817996653,-0.4217259698953077,2.9850469425534154,0.2509024906550046,4.376394737577418,1.4095749668326931,0.0,0.1695079254305789,3.0858175019156064,0.0,1.941843933830087,2.5237438210138863,3.118078500023154,3.0307033849568024,-0.4937267557667661,0.3652553140686913,1.873651998333527,-0.3422459292783941,0.4030726952298273,-0.2785222979036248,-6.166558984381866,0.0,1.540656215879251,2.072930753578785,2.243812306613491,2.324018854306175,-0.0438703920291783,1.143477768891412,-0.7658139702606408,0.0,-3.582561431949636,0.0,0.2811995716935604,0.466195380067159,0.7246312777255756,0.0,0.0,-1.5626395802954276,0.0,1.400694354675288,-1.6521735192658835,1.3926933848871066,-3.6016096269203297,-2.503913508723999,-0.391619315409337,0.0,-1.3628307225521796,-1.8379425448037443,-1.2610196906661373,1.4748168374867583,-2.514973529298936,0.8242564232986578,-0.7120012861159788,3.284585216990117,-0.2585245722350242,-0.7945099919997047,1.25768087621794,-0.8446820510787112,0.0,3.24023769550694,0.0,0.7071962159034743,1.142474076653874,-3.798319921166384,-1.132276920565536,2.4282233577466794,-3.0451384956643786,0.0,-1.351041051025621,-0.2383480699485809,-0.6603567474802594,0.0,0.0,0.0,0.0,0.8073016679407103,-2.6695104437298904,2.6543776733906164,0.0,0.0,0.0,0.0,0.0,-0.4743913202950394,0.0,0.0,-2.322508962539926,0.0,0.0,-2.616326023559223,-2.4331501309593526,0.0,-3.4029389321248456,1.309569542168471,-2.121942526057174,0.7730236728552178,-1.729596145210767,-0.6421025575398214,0.0,0.0,0.0,0.0,0.0,0.0,0.0,0.0,0.0
SID530297,1,1,1,1,1,1,1,1,1,1,1,1,1,1,0,1,1,1,1,1,1,0,1,0,1,0,1,1,1,1,0,1,1,1,1,0,0,1,1,1,1,1,0,0,1,1,1,1,1,0,1,1,1,0,1,1,1,1,1,1,0,1,1,1,0,1,1,1,0,1,1,0,0,1,0,1,0,1,0,0,0,1,0,0,0,0,1,0,0,0,0,1,0,0,0,1,1,0,1,0,0,0,0,0,0,0,0,3.656684509338386,0.2495572641680894,3.612064257578156,1.2172073817287876,2.9062104952370724,3.646343365839866,-3.512119062019506,0.5778787172173792,1.64319013499941,2.190288974553357,3.193496437570167,1.5293998474796426,1.592869400605157,2.0574203497379857,0.0,0.7648984008905434,-0.414798438729113,1.149784413989004,-0.4944013338373243,-1.3094208711241386,1.3285898261726248,0.0,1.5706986567741812,0.0,0.9932174756775668,0.0,2.969186807753105,0.0551711763327045,0.4076091218904127,-1.7018571252434602,0.0,-1.8104424947935085,1.407078864529619,1.546908535507492,3.425847514202061,0.0,0.0,-6.106410377765059,-3.203571851103764,0.0288751837059253,-0.3440547199178758,0.5917184518307025,0.0,0.0,0.6315701099884243,-1.6235900913126018,1.5288155874283564,-1.0082172610257192,-0.3376862374385134,0.0,-6.832347381147994,0.8209893882425084,0.7693880646979793,0.0,-1.6498150475936686,-1.7657519216890398,1.9322734354476887,-0.9661626504667706,1.5302172384910364,-5.243112176031414,0.0,-0.085465327753943,-1.5584934867783329,-0.1457792351816798,0.0,-1.8491974847273425,-2.5992075271818305,1.3119737314269388,0.0,0.7933940217410062,-1.0300276161820932,0.0,0.0,1.6905826563867556,0.0,-3.5049161497254486,0.0,1.9156029710280909,0.0,0.0,0.0,-2.279523675532113,0.0,0.0,0.0,0.0,-1.331361316475134,0.0,0.0,0.0,0.0,-3.792598222177229,0.0,0.0,0.0,1.864903695779408,-2.814164179891458,0.0,0.2125867968784878,0.0,0.0,0.0,0.0,0.0,0.0,0.0,0.0
SID530323,1,1,1,1,1,1,0,1,1,0,1,1,1,1,0,1,1,1,1,0,0,1,1,1,1,1,1,1,1,0,0,0,0,1,1,0,1,0,1,1,1,1,0,1,0,0,1,1,0,1,0,1,1,0,1,1,1,0,1,1,1,1,0,1,1,1,0,0,0,1,1,0,1,1,0,1,0,1,1,1,0,0,0,0,0,0,0,0,0,1,1,0,0,0,1,1,0,0,0,0,0,0,0,1,1,1,1,3.3390688622396207,-1.7542678316911648,3.2812629682540155,-1.561875140591113,5.185044961565658,3.597428630816516,0.0,-2.5769136630800564,4.1258421202445135,0.0,1.0634099744029186,3.299303692898292,3.834705550138017,4.218660756439362,0.0,-0.4424334821570475,2.140197611749058,0.8128550227584763,3.164631585996182,0.0,0.0,0.4497739070073328,1.5511062046872797,-1.1774488387704205,0.1337845441088934,-3.320557007654533,0.3573058102529005,3.405939098211382,2.3035899362698387,0.0,0.0,0.0,0.0,-0.226079677918968,5.795166171438046,0.0,-4.476562094319297,0.0,-1.9057874776666792,-0.5341203885559591,-1.1389472914158447,-0.1631328397291489,0.0,6.046581418943356,0.0,0.0,-0.6548239421435289,-4.751665384564218,0.0,1.0810964713484443,0.0,-2.016216209273893,-0.7394954305311319,0.0,-2.484707469213322,-1.5756970607072929,2.048300505508241,0.0,-0.7636076928600732,0.1598859513081398,-2.083280439854438,-2.710445055704579,0.0,-2.22860696881184,-3.461514883997229,-1.3554805447256055,0.0,0.0,0.0,-0.680362021488814,4.258368670000513,0.0,-1.3803546366522608,-0.5370716941905394,0.0,2.2892503849334256,0.0,-2.613561930235796,-1.4254310413755165,-3.2475879877879428,0.0,0.0,0.0,0.0,0.0,0.0,0.0,0.0,0.0,-3.361213013295663,-3.598985874625832,0.0,0.0,0.0,-1.1308863431542124,-1.3515797317547524,0.0,0.0,0.0,0.0,0.0,0.0,0.0,-3.955660818564564,1.0394663729479587,0.0894987647169038,-1.6851640401220185
SID530348,1,1,1,0,1,1,0,1,1,0,1,1,1,1,1,1,1,0,1,1,0,0,0,0,0,0,1,1,1,0,0,0,1,1,1,1,0,0,0,0,0,1,1,1,0,1,0,1,0,0,0,1,1,0,1,0,1,0,1,0,0,1,0,1,0,1,0,1,0,1,1,0,0,1,1,1,1,1,0,1,0,1,0,1,0,0,0,0,0,0,0,0,0,1,0,0,0,0,0,0,0,0,0,1,0,0,0,0.1282254611659365,1.8087992289938133,5.021678353852891,0.0,5.454699432530436,5.4782312486205,0.0,-1.2348269350993393,3.3485148393573088,0.0,0.7689190451395995,1.6360605239893924,4.113757693132371,2.3636740800126272,-2.775754485102894,-3.28433038913487,-4.071664784754516,0.0,1.04699414241905,2.13157024280469,0.0,0.0,0.0,0.0,0.0,0.0,3.809480104561848,2.572751680967606,1.7189747339949517,0.0,0.0,0.0,-2.1932369328807875,-4.1894478204109,5.67770922718238,4.487757410879432,0.0,0.0,0.0,0.0,0.0,-4.148625825890644,-3.312822344929176,-1.1642915972890222,0.0,-3.3186194626135013,0.0,4.729882726057864,0.0,0.0,0.0,-4.261421320035988,0.3140587118006919,0.0,-3.4291613370133254,0.0,-0.9661373984748334,0.0,-0.6565726147735442,0.0,0.0,-3.9443253623779135,0.0,-3.2034237505220693,0.0,-3.988777124948748,0.0,-4.338979554381863,0.0,0.99256978488518,-0.7456522448272329,0.0,0.0,-2.803153459291009,-0.1793407082957032,3.924203412459022,-3.891402960923572,0.1661920590897874,0.0,5.514315116765907,0.0,-4.000205820772371,0.0,3.795218374021048,0.0,0.0,0.0,0.0,0.0,0.0,0.0,0.0,0.0,-2.136393033904258,0.0,0.0,0.0,0.0,0.0,0.0,0.0,0.0,0.0,-2.765670366036268,0.0,0.0,0.0
SID530398,1,1,1,0,1,1,0,1,1,0,1,1,1,1,1,1,1,1,1,1,1,1,1,1,1,0,1,1,1,1,1,0,0,1,1,0,1,1,1,1,1,1,0,1,1,1,1,1,1,1,1,1,1,0,1,1,1,0,1,1,1,1,1,1,1,1,1,1,1,1,0,0,0,1,1,1,1,1,0,1,0,0,0,0,0,0,1,0,0,1,1,0,1,1,0,1,0,0,0,1,0,0,1,0,0,0,0,5.040814192834024,-0.4192572958341514,4.050017195615005,0.0,4.358556343218192,5.210423016277275,0.0,0.1053972134939806,3.4993055244759868,0.0,3.145259968963423,2.22234240089761,3.138360684825296,3.139026537696417,-4.964205556690391,0.1812195970876944,1.8916480557488755,1.3693897903042838,2.058444640732493,-0.6097785336149135,-3.7146222411124015,0.795607123601695,2.0250068138680133,-2.464592759512695,-2.312529763115921,0.0,4.804697350332377,1.65971210230528,2.091912254494116,-3.0278648586512285,0.505260066053475,0.0,0.0,0.4354643041179331,-0.9344982859155868,0.0,2.4128308683871507,-2.214089690302668,0.2674970607756615,-0.3815082265543581,-3.5081778575558253,0.1751160783671879,0.0,6.035805808869728,0.65900938123557,-2.0339010884588555,1.2954183963805082,-1.3000742722656486,-1.2191558311094002,5.399653271455968,-0.0973551007895197,1.7095137298111127,0.5271168353675182,0.0,-3.4478580673223025,0.6111541472050814,0.6513526845509712,0.0,-1.208706415235059,-0.9560646169713514,-2.7024424582166,0.4494226563686401,4.368191176402738,-2.368950849733525,-2.049442345670067,0.0526326815304725,-2.027987410668808,1.4933661493842034,-6.573643469124491,-0.9137741815582184,0.0,0.0,0.0,0.8129650543803637,-1.0341243640072153,-3.2179084615390936,0.1556494633894116,3.1688207669530364,0.0,-5.826429067294271,0.0,0.0,0.0,0.0,0.0,0.0,-1.8029588446588267,0.0,0.0,-4.4533799329244,-1.9070646550077568,0.0,-2.2414492081984854,-2.6181353517566066,0.0,0.7417227621426496,0.0,0.0,0.0,-5.244507521844549,0.0,0.0,-2.9186655666862364,0.0,0.0,0.0,0.0
SID530403,1,1,1,0,1,1,0,1,1,1,1,1,1,1,1,1,1,1,1,1,1,1,1,1,1,0,1,1,1,1,0,0,0,1,1,1,1,0,0,0,0,0,0,1,0,0,0,1,0,0,0,1,1,0,0,0,0,1,0,1,0,1,0,0,1,1,1,0,0,1,1,0,0,1,0,0,0,1,0,0,0,1,0,1,0,0,0,0,0,0,0,0,0,1,0,1,1,0,0,1,0,0,0,1,1,1,1,1.970505425942877,2.3543469952576097,3.703864514362696,0.0,3.761653018648589,2.356146192530108,0.0,-3.804659964176477,3.738796632477376,2.8210147615200385,4.074012487183239,3.962702223849452,3.5384022028204765,4.264853758380815,-0.0239329375959491,-2.9983878127026555,2.9531032762109106,1.4887977043992136,2.3917067210803675,1.2456103084281245,-0.2688386310560871,1.2532313345860675,0.0587477667311162,-2.707315906496363,-1.68607083281237,0.0,3.249664913553392,3.434189181243729,0.231362456565614,-6.891907346566242,0.0,0.0,0.0,0.4253050617935974,3.316810528282206,-2.242720275161376,-2.515102655873512,0.0,0.0,0.0,0.0,0.0,0.0,4.8489608021049,0.0,0.0,0.0,-2.892178760718989,0.0,0.0,0.0,1.114682418618527,0.9284652589237417,0.0,0.0,0.0,0.0,-2.185384666317863,0.0,-2.2555615431097005,0.0,-0.0865540012021854,0.0,0.0,-2.689705388487728,-1.5251528184649763,-6.737756666738983,0.0,0.0,1.4170514312704523,-3.6966413873371744,0.0,0.0,-1.1596454005881718,0.0,0.0,0.0,-1.404003212232838,0.0,0.0,0.0,-6.198760166006297,0.0,-4.178316965088416,0.0,0.0,0.0,0.0,0.0,0.0,0.0,0.0,0.0,-1.771919515542622,0.0,-4.982364841681803,-2.786512948157556,0.0,0.0,-4.08350917162975,0.0,0.0,0.0,-4.145705379499655,4.23020267798838,4.586103122332487,2.198316018159644
SID530450,1,1,1,1,1,1,0,1,1,0,1,1,1,1,1,1,1,0,1,1,0,1,1,1,0,1,0,1,1,0,1,1,1,0,1,0,0,1,1,1,1,1,0,1,1,0,1,1,0,1,0,1,1,0,1,1,1,1,1,1,1,1,0,1,1,1,0,1,1,1,1,0,0,1,1,1,0,1,0,0,1,1,1,1,0,0,1,0,1,0,0,1,1,0,0,0,0,0,0,0,1,0,0,0,0,0,0,3.6718670046183473,0.4069492956650642,3.757992451655203,1.0838834167997526,4.335684414764591,3.533582492419738,0.0,-0.2655510785359782,-3.556504781715235,0.0,1.878720317131268,2.1289407967814014,2.211600898624254,2.7903834048558043,-5.055376544664244,-0.6069148239834787,2.787133466572646,0.0,0.2622852170315517,-0.945269022776886,0.0,-3.2299232296497165,0.3554764691877581,-4.62225990522557,0.0,-4.586541822623491,0.0,-0.2025434488947692,2.402248923445117,0.0,0.0518708284947426,0.8319728169593078,0.6697954716836632,0.0,2.1252056867057,0.0,0.0,-2.437230600983169,-3.870272224642691,-0.8329867953605306,2.5200547282493067,-2.8706913165807606,0.0,4.616884055970602,-0.8118334642444565,0.0,-7.02015517802394,0.4981624565117235,0.0,1.7943436306352294,0.0,2.483411866659374,2.117958527954893,0.0,-0.4967886815480515,-1.21121220771258,1.0094947942485255,0.5659719959359875,1.805943272295604,-1.2070201664403757,-0.9563699693363324,1.7361074059233847,0.0,-3.571226393540595,-1.3343104040544065,1.007408381251374,0.0,-0.4478726353299327,-1.3183747060384123,1.2952481734029442,-3.6903344592040126,0.0,0.0,0.6162752875772874,0.5035422106091705,-3.4515618897845064,0.0,2.13656639064612,0.0,0.0,-2.68679371533134,-0.1192231243899288,4.02226199704745,0.7884658098295378,0.0,0.0,-1.361137646287551,0.0,2.3832708318229647,0.0,0.0,0.5836098471316187,-3.5419967552256573,0.0,0.0,0.0,0.0,0.0,0.0,0.0,-1.4622980449704033,0.0,0.0,0.0,0.0,0.0,0.0
SID530558,1,1,1,1,0,1,1,1,0,0,1,1,1,1,0,1,1,1,1,1,1,1,0,1,1,0,1,0,1,1,1,1,1,0,0,0,0,1,0,1,1,1,0,0,1,0,1,1,0,1,0,1,1,0,0,1,1,0,0,1,1,1,0,0,1,1,1,1,0,1,0,0,0,0,1,0,1,1,0,0,1,1,0,1,1,1,1,0,1,0,0,1,1,1,1,0,1,0,0,0,0,1,0,0,0,0,0,3.3030051091053765,-1.060256586848256,2.5446087444191887,-0.42872988943892,0.0,2.0831325703376087,-3.045543135079429,1.0291591151086623,0.0,0.0,0.496118424797529,1.4712480521462907,0.989007618444968,0.4157552706565131,0.0,2.646243741856748,3.090020141905434,1.8034180130314144,0.2454764458614928,-4.542931543704906,-4.122030627466902,0.1841907530339315,0.0,2.911470067957988,0.4698569860701794,0.0,-4.795675564795406,0.0,1.9942816569582964,-4.994440590314477,0.1714517272565017,0.2632729080092941,-0.0107981089607887,0.0,0.0,0.0,0.0,-0.2676089193663902,0.0,2.1765002026076417,2.805233332494194,-2.4614088358212456,0.0,0.0,-1.715420702566088,0.0,2.74708845021496,-0.4802496619916467,0.0,4.023412381788256,0.0,1.5173202982050331,0.8920124203749558,0.0,0.0,-4.549620531855703,3.7164334795852594,0.0,0.0,-1.415440280638558,2.083371108365677,0.7287509085387596,0.0,0.0,1.5954864163592395,-0.3295208187688669,-0.1998190025302499,1.2543817508555426,0.0,-0.1489351664177982,0.0,0.0,0.0,0.0,-2.8878831200187536,0.0,-0.5095172055464059,2.836985450845286,0.0,0.0,0.6620453685219094,0.0052096318349625,0.0,-0.5133625677551321,-3.7013643580266873,-2.4428707148223343,-0.5266085848162547,0.0,2.578237438096917,0.0,0.0,-0.3898988740234097,-3.521680376194264,-0.293056301912403,0.3159760586820288,0.0,-4.475272895231091,0.0,0.0,0.0,0.0,-2.2202170794156944,0.0,0.0,0.0,0.0,0.0
SID530600,1,0,1,0,1,1,1,1,1,1,1,1,1,1,0,1,1,1,1,0,1,0,1,1,1,0,1,1,1,1,1,1,0,1,1,0,1,1,1,1,1,1,0,1,1,0,1,0,0,1,1,1,1,1,1,1,1,1,1,0,0,1,1,1,1,1,1,1,0,0,1,0,0,1,0,1,0,1,1,0,1,1,1,0,0,0,1,0,1,1,1,1,0,1,1,1,1,0,0,0,0,0,0,0,0,0,0,2.8817523979698847,0.0,0.0648072978523301,0.0,3.230900786704744,1.1958110823116752,-1.0071025057177765,1.1771356733899685,0.8744549000608458,0.8995989947295734,1.6188455159406154,0.824231664141296,0.5860906686138303,1.1704207819794237,0.0,2.455940495698393,0.22704139770739,1.1153678664929434,-0.3491069698790845,0.0,2.2306929471073937,0.0,-0.7911632911957154,-3.369816186154514,-1.4442264153174955,0.0,-0.4759130525758519,-1.3480607628123609,-0.4510521286502833,-1.916953414843908,-1.4231375944384357,-2.117437660542077,0.0,-2.1259330134755485,3.272548999548495,0.0,-0.6947092825318477,-3.095451091905751,-0.0180728661229931,-0.4259438059927967,0.4267909348597035,-2.679812956084537,0.0,2.2718396049249026,-0.5252197097692113,0.0,1.1518554021838034,0.0,0.0,2.3523434740655995,-0.0401132006473632,-0.6409966221708805,-2.2676228730686985,2.7693181233678525,1.0423024361207396,0.5665537525240906,0.8872393648487488,0.9139992037057654,2.840623595638399,0.0,0.0,-1.2882468649608805,-3.3806368507952307,-1.1961861697795533,-0.7669604291328989,0.8458063767672749,0.0066840986022826,0.2814591845755069,0.0,0.0,0.2437161703522548,0.0,0.0,-4.279402982306479,0.0,0.736445130512763,0.0,1.2153068583413051,-0.3340873707802503,0.0,-3.453977978476225,0.7218191788619815,1.7279425862711,0.0,0.0,0.0,-1.9173730539604303,0.0,3.2484317382221324,-1.5740289647818686,-2.596557310994028,-2.8468670407477026,0.0,0.3974557703637882,0.7957290725899184,-2.086394158269158,3.6592610509331216,0.0,0.0,0.0,0.0,0.0,0.0,0.0,0.0,0.0,0.0
SID530623,1,1,1,0,1,1,0,1,1,1,1,1,1,1,1,1,1,1,1,0,0,1,1,1,1,1,1,1,1,1,1,1,1,1,1,0,1,1,1,1,1,1,0,1,1,0,1,1,0,1,0,1,1,1,0,1,1,1,1,1,1,1,0,1,1,1,1,1,1,0,1,1,1,0,0,1,1,1,1,1,1,1,0,0,0,0,1,1,1,1,0,0,0,0,0,1,0,1,0,0,0,0,1,0,0,0,0,4.031032544896598,-3.157556350200684,1.1112534920391297,0.0,1.7862451718237229,1.382724320565843,0.0,1.8445901659401664,0.2670322408531427,-0.5363885853362,1.2758276036038712,1.8556079209033791,0.7002742181677499,-0.7134634864034555,1.6114506514167777,2.769439019307095,-0.040318008976953,-0.2879753619735925,0.0392333912047317,0.0,0.0,0.7681161799817152,0.0154281780047096,1.6358412179980732,-3.3206780664461286,2.000801260870253,-1.811665434483124,-0.8593147980927764,0.6252891613613916,-0.949013525626391,-3.5606601821231685,1.013880581544365,-2.9264071050811173,-1.8677746251945628,2.8005995239808343,0.0,1.1332376744752886,-1.9590357343245504,1.5973712250598049,-1.5794960719616016,1.0993688680091347,2.190455120970782,0.0,-0.4426476630113636,0.8447927321565727,0.0,1.238234460159212,-4.683139952197921,0.0,1.1486256412095932,0.0,0.7315101234288525,-3.2311189173777004,-5.005223451367034,0.0,1.68081226195191,3.278754388004658,1.7222980898094955,2.2358885016217966,-3.24650383621718,0.5349218216993398,-0.0577409722760473,0.0,2.0623180266037924,0.9095895067195744,-1.2435583275274504,0.5864163011164584,-0.6691753123098139,0.4394428115161393,0.0,-3.2508197686827485,-0.2439473554034006,-0.7770766998558045,0.0,0.0,-0.2649543519573283,-0.8230969757614008,1.2058885427984485,0.8712370077303084,-3.9082792197996223,-1.9237723024105056,0.250238604874573,0.0,0.0,0.0,0.0,-1.451591146661124,-1.3337445119332656,1.5596329845253911,1.2960576334638183,0.0,0.0,0.0,0.0,0.0,0.1053476713418206,0.0,0.6102376977824021,0.0,0.0,0.0,0.0,-0.7412064405186967,0.0,0.0,0.0,0.0
SID530697,1,1,1,0,1,1,0,1,1,1,1,0,1,1,1,1,1,1,1,1,1,0,1,1,1,0,1,1,1,1,1,1,1,1,1,0,1,1,0,1,1,1,1,1,1,0,1,0,0,1,0,1,1,1,0,1,1,1,0,1,0,1,0,0,0,1,1,0,1,1,1,1,1,0,1,1,0,1,0,0,1,1,1,0,0,0,1,0,1,0,0,1,1,1,0,0,0,0,0,0,0,0,0,0,0,0,0,3.343892673045937,0.1067504904262346,3.121343958915745,0.0,1.94447342143616,2.1070791086027314,0.0,-0.712213377487743,1.583354142847656,1.4347339164792023,3.110064520436724,0.0,1.6391063780800494,2.315289057062591,0.2394419267892542,1.928442265029972,1.1912798613944675,-0.0041103304707539,1.714697109750608,-0.6868955695034531,4.583281160808015,0.0,1.21793406754339,-4.584413888728717,-1.2596656792299683,0.0,-2.4871324289205505,1.728721028744163,1.0526730734892151,-4.633604132919489,0.1235294686268602,0.7735676385406294,-0.9583677437863508,-0.5696177119330852,1.2309815144509837,0.0,-0.3902239915369008,-3.5224655844321995,0.0,0.0886765937433529,3.367677695121132,1.3843755093400458,-4.787754812746748,1.689707626114518,2.198893191665772,0.0,-0.6432205060007918,0.0,0.0,3.00649277892686,0.0,-0.3278371047722519,-2.3234844710035043,0.0419696936585711,0.0,2.137801861336576,1.6273341235435903,0.8536480287388994,0.0,-0.9560278150437438,0.0,-0.2576357282853145,0.0,0.0,0.0,-0.7269737930708637,-1.983503563184412,0.0,-1.534951292753759,-2.21118395616534,-1.7762167390215686,-1.169050651593663,-5.67505800774765,0.0,-2.060286525787436,-4.885518981512639,0.0,3.450661633858251,0.0,0.0,-0.8728927041339567,-1.122309572163041,3.162026841513751,0.0,0.0,0.0,-2.759219643414425,0.0,0.5145008668869069,0.0,0.0,0.1747812548982146,-4.987880994174208,0.6805328196774824,0.0,0.0,0.0,0.0,0.0,0.0,0.0,0.0,0.0,0.0,0.0,0.0,0.0
SID530705,1,1,1,0,1,0,0,1,1,0,1,1,1,1,0,1,1,1,1,1,0,1,0,1,1,0,1,0,1,0,0,1,0,0,0,1,1,1,0,0,1,0,1,1,1,1,1,1,0,1,0,1,1,1,0,0,1,0,0,1,0,1,1,0,0,1,0,1,0,1,1,0,1,0,1,0,1,1,0,0,1,0,0,1,1,1,1,0,1,0,0,0,1,0,0,0,0,0,0,1,0,1,0,0,1,1,1,2.96851122914588,1.4137303187281791,2.128923892505477,0.0,-4.639793369729733,0.0,0.0,3.4763638794950715,1.3094285743917822,0.0,2.9078511078066414,2.126053079124517,-4.865648174399318,0.60466233003197,0.0,3.483634951133073,3.652314856361161,-3.0485708971869734,0.5255288193526444,0.4846217714226627,0.0,1.3776397212414424,0.0,1.968908569096844,2.136968808682689,0.0,-3.449267978657113,0.0,1.4025307134463318,0.0,0.0,2.797672347025137,0.0,0.0,0.0,-0.4951126497295821,-1.5311837762566771,0.6453326795658016,0.0,0.0,2.958111822708261,0.0,-1.6256397579479314,2.305010729312534,2.3185314761083813,0.8974129718833541,0.9374403253253822,2.920986309268772,0.0,-7.555760674814861,0.0,0.8325986447579075,-0.1968023960507063,2.6235539566008983,0.0,0.0,-2.0215809845448405,0.0,0.0,0.1236448462151644,0.0,-0.3188455439346347,0.2716928571747704,0.0,0.0,-0.6281374111952582,0.0,-4.147918750434037,0.0,0.3093249068902395,-4.400179700318974,0.0,-2.5209749204863225,0.0,-0.2423180901900385,0.0,-2.47850569337721,-2.230476860037011,0.0,0.0,0.1657652270509593,0.0,0.0,-0.0365022043132894,-1.6644848549623117,0.935594915428352,-2.3635448391493705,0.0,2.709360838717785,0.0,0.0,0.0,-2.872395641241713,0.0,0.0,0.0,0.0,0.0,0.0,1.0311948697391498,0.0,-3.5460061808933805,0.0,0.0,1.3809583083578745,0.1658243164828317,-1.4180336207286277
SID530743,1,1,1,1,1,1,0,1,1,0,1,1,1,1,0,1,1,1,1,1,1,1,1,1,0,1,1,0,1,1,1,1,0,1,1,0,1,1,1,1,1,1,1,1,1,1,1,0,0,1,0,0,1,0,1,1,1,1,1,0,1,0,0,1,1,1,1,1,1,0,1,1,0,0,0,1,0,1,1,0,1,0,0,0,1,1,1,1,1,1,1,0,0,1,0,1,1,0,0,1,0,0,1,0,0,0,0,3.7463191864958616,1.0030003813133614,1.8820092497804115,0.0084822219111113,1.7731663230588002,-1.5206784887693536,0.0,0.295083934561583,1.014834101869316,0.0,0.7533873162098412,1.034043498234635,0.4590690107158357,0.7020739174807574,0.0,1.417829856075376,2.6328997859470613,-1.96804080776645,0.1812235380095894,-0.5294985347017402,-3.7659315040494414,-0.003787870680703,0.1340263898268618,0.9650256806123538,0.0,3.747341809729208,-0.9964611073716968,0.0,0.5712627605764183,-0.0391272371260118,-1.9787952515628435,-0.5010456895955753,0.0,-0.6687856079741596,-5.691749653022066,0.0,-0.6479979255014023,-3.868835016014216,2.447417499462301,2.214265932347046,-0.3657186166828992,2.6396384527986205,-2.511588340334556,3.697212401672804,-0.2908985471967045,0.2045692577056046,1.4071384601523078,0.0,0.0,0.5983416017533797,0.0,0.0,-4.256062536572599,0.0,-1.4832855790381445,2.935339575790436,2.1621353223751303,2.210573925311825,-2.5474882576493827,0.0,-1.7088789572630845,0.0,0.0,-0.4241525224123215,1.0996993474621477,-0.7001982572277918,-0.1230187131630293,0.6455464502870157,1.166176948038314,0.0,0.3018644808022368,-2.434140088470154,0.0,0.0,0.0,-0.6556193514524038,0.0,4.139703336244917,-4.519933960330661,0.0,-0.9681777760894476,0.0,0.0,0.0,-3.5644225153032254,-0.3571369776498532,-1.7701523744073588,-4.614460133822778,1.8329345274425248,0.3501613109865944,0.902577221393482,0.0,0.0,0.0750274300325712,0.0,0.6117499104561492,3.112617253806304,0.0,0.0,-2.182284593191956,0.0,0.0,0.5825831836639285,0.0,0.0,0.0,0.0
SID530756,1,1,1,1,1,1,0,0,0,0,1,0,1,1,0,0,1,0,0,1,0,0,0,1,0,0,1,0,0,0,0,0,1,0,0,0,0,1,0,0,1,0,1,1,1,1,0,1,0,0,0,0,0,0,0,0,0,0,0,0,0,0,1,0,0,1,0,0,0,0,1,0,0,0,1,0,0,1,0,1,0,0,1,0,0,0,0,0,0,0,0,1,1,0,0,0,0,0,0,0,0,0,0,0,0,0,0,-3.879227858807219,-2.29026847771666,-1.470944469371862,6.316228174500669,2.815551596472176,-3.172657657915133,0.0,0.0,0.0,0.0,4.041412519216738,0.0,4.900298411559061,-6.103851410331552,0.0,0.0,4.214572918770553,0.0,0.0,-1.5773186698605346,0.0,0.0,0.0,0.0947543306131328,0.0,0.0,-2.5701648456233186,0.0,0.0,0.0,0.0,0.0,0.97116466271712,0.0,0.0,0.0,0.0,2.4638566475758394,0.0,0.0,3.346386379857389,0.0,-1.8306635556918225,-2.990336101121178,-2.385716598068828,-2.2875136550378152,0.0,0.7898049442710824,0.0,0.0,0.0,0.0,0.0,0.0,0.0,0.0,0.0,0.0,0.0,0.0,0.0,0.0,2.9401465554964044,0.0,0.0,1.9615316420309128,0.0,0.0,0.0,0.0,4.822473685809042,0.0,0.0,0.0,3.3438016548730323,0.0,0.0,-4.088948389789289,0.0,-4.387803762839194,0.0,0.0,-4.481990977898896,0.0,0.0,0.0,0.0,0.0,0.0,0.0,0.0,-3.645331515716748,4.140753822026877,0.0,0.0,0.0,0.0,0.0,0.0,0.0,0.0,0.0,0.0,0.0,0.0,0.0,0.0
SID530840,1,1,1,1,1,1,0,1,1,1,1,1,1,1,1,1,1,1,1,1,1,0,1,1,1,0,1,1,1,1,0,1,1,1,1,1,1,1,1,1,0,0,1,1,1,1,1,1,1,1,0,1,1,1,1,1,1,1,1,1,1,1,1,1,1,1,1,1,1,1,1,1,0,1,0,1,1,1,1,1,0,1,1,0,0,0,1,0,1,0,1,0,0,0,0,1,0,0,0,0,0,0,0,0,0,0,0,2.5369770925194595,1.1627284853541051,1.1074978647115528,-0.7849108401468647,1.5192372080695042,2.430757884579912,0.0,0.8489466085211428,0.5441484288368312,0.6021882883045855,0.1677891587968991,0.8852148365214143,-0.464270767909962,1.6558814778776834,2.0559139370819635,2.4360483826378294,0.2427459539459879,-1.236107613909314,-1.256787100371617,-0.729577259892247,1.6364076112249524,0.0,-0.357953665635917,0.2710951610571241,-1.8017007781323924,0.0,0.4961252338984001,-0.1395039227107843,-2.60450387166983,-1.2094963976142876,0.0,-0.5929492448173341,1.9291530372174703,-0.9582861821360188,2.232798673268935,-1.0061010788271456,-0.2948482802124872,-2.291829256993535,-1.4172259459160637,-0.5337327329022099,0.0,0.0,-1.1879253420355018,3.9320643173773338,1.424153607199819,-0.5375572863868376,1.0115657993719165,-5.363001238149101,1.5730078331017987,0.557015400747572,0.0,-0.6281128908197575,-2.2346708431535864,3.07117692216591,0.4930110961941039,-2.110084567824461,0.3522574210267259,0.124949199268868,4.126283893153468,0.439026949637713,-2.4594497178085266,-0.6522616031074049,-1.9127768096917468,0.9955391989219758,0.1925005251695846,0.1967614863005036,0.2571832944141494,-5.5072508469936485,0.3621921688505918,-2.5341873732523705,5.942579835755444,-6.041333332923906,0.0,-1.593161013409839,0.0,0.7569024670922455,-1.2193928026061236,-2.5820520399008595,1.396721423357047,2.0987077741102795,0.0,0.7121045856738739,-0.3841082228727039,0.0,0.0,0.0,-2.144722606490647,0.0,2.643828909061886,0.0,-1.0950797095217972,0.0,0.0,0.0,0.0,0.445723754368257,0.0,0.0,0.0,0.0,0.0,0.0,0.0,0.0,0.0,0.0,0.0
SID530867,1,1,1,1,1,1,0,1,1,0,1,1,1,1,0,1,1,1,1,1,1,1,1,1,1,0,1,1,1,1,1,1,0,1,1,1,1,1,1,0,1,1,1,0,1,1,1,0,0,1,0,1,1,0,1,1,1,1,1,0,1,1,1,1,1,1,1,1,1,1,1,1,0,1,0,1,1,1,1,0,1,1,1,0,1,1,1,1,1,0,1,1,0,1,0,1,0,1,0,0,0,0,0,0,0,0,0,3.711715690552033,-2.770926868037339,0.5160621622457593,2.127696990914973,2.2560703335052,0.3508425702179272,0.0,3.659109328222572,0.6096387138312862,0.0,1.4994969185427156,1.4760313718933724,0.7761675776616188,0.1828566503138062,0.0,2.5519981444797155,-1.7449606192039442,-0.8500375707651726,-0.469663970079355,-3.500152556505122,-1.3037585440007011,1.857754540086137,0.3651416704680317,-3.339440987818426,1.439192263326596,0.0,2.3693202352306604,0.4948325427297122,0.5700762296302078,0.6141858909005865,-0.4813387843535632,0.3861118885865097,0.0,-0.5777143321910803,0.2184186874162179,0.7314601812137355,1.0012056582266209,-2.634172446726136,2.4980451869919005,0.0,0.7241600834208023,3.603598520293064,-5.012357537878054,0.0,-0.141655575607885,-2.095962006560584,2.865352401518556,0.0,0.0,3.5370446625601994,0.0,-1.250238123413334,-3.440920743622568,0.0,0.3968137027439168,-0.4733392265133456,1.10551563746139,1.2662804777884022,-0.0353121354759939,0.0,1.8279109987575184,-2.027417757606086,-0.610334431841091,1.176045788267228,1.431252623432172,-1.2192198703334782,-0.4778765766250923,1.809846007099876,0.2493954712833215,-2.685217639776801,-1.7453912824319613,0.0581798394548842,0.0,-1.6196708458838074,0.0,-4.322039213518586,-0.5529645246845043,0.7284158733447615,-3.0992641154243694,0.0,0.8386428429521378,-1.5745504106033377,-2.206773983759997,0.0,-1.428367900425256,-5.046843713949223,0.4796105642660545,-0.9020395380881496,0.7380784822751376,0.0,0.6550851920576549,-1.449451347621158,0.0,0.8482999088060876,0.0,2.586271152167618,0.0,1.900143524186836,0.0,0.0,0.0,0.0,0.0,0.0,0.0,0.0,0.0
SID531403,1,1,1,0,1,0,0,1,1,0,1,1,1,0,0,1,1,0,0,1,0,0,0,0,1,0,1,0,0,0,1,0,0,0,0,0,0,1,0,0,0,1,1,1,0,1,0,1,1,0,0,0,0,0,0,1,1,0,0,0,1,0,0,0,1,0,0,0,0,0,1,0,0,1,0,0,0,0,0,0,0,1,0,0,0,0,0,0,0,0,0,1,0,0,0,0,1,1,0,0,0,0,0,0,1,1,1,5.612236711061398,-1.3810428164760666,-4.738889757264609,0.0,-1.764597814948487,0.0,0.0,-0.2482125704976159,-2.6444103382202324,0.0,-3.7027978255778327,-3.45627382561956,-2.806051689776648,0.0,0.0,-1.932778342986184,-3.610424505446818,0.0,0.0,-0.6191137571507039,0.0,0.0,0.0,0.0,-3.1984447163174594,0.0,-0.9155323889221187,0.0,0.0,0.0,-3.1664931165108574,0.0,0.0,0.0,0.0,0.0,0.0,5.658909632117457,0.0,0.0,0.0,-1.081563517152246,5.497100040683562,-1.560835926916663,0.0,3.653372183500444,0.0,5.985210279612733,-2.8148623194588027,0.0,0.0,0.0,0.0,0.0,0.0,-1.7147761911723929,-3.2866374283529205,0.0,0.0,0.0,3.172711926869654,0.0,0.0,0.0,-2.1531784083546426,0.0,0.0,0.0,0.0,0.0,4.931017393257401,0.0,0.0,-1.7553527568044358,0.0,0.0,0.0,0.0,0.0,0.0,0.0,6.28005875863159,0.0,0.0,0.0,0.0,0.0,0.0,0.0,0.0,0.0,4.016828684314013,0.0,0.0,0.0,0.0,-1.187010910009206,-3.383367054811471,0.0,0.0,0.0,0.0,0.0,0.0,3.3333979524029487,3.6256889475125487,1.356115468784214
SID531663,1,0,1,0,1,1,0,0,1,0,1,1,1,1,0,1,1,1,1,0,1,1,0,1,1,0,1,1,1,1,1,1,0,1,0,0,0,1,0,1,1,0,0,1,1,1,1,1,1,1,0,1,1,0,1,1,1,0,1,1,0,1,1,0,0,1,1,1,1,1,0,1,0,1,1,0,1,1,1,0,0,1,0,0,0,0,1,0,1,0,0,1,1,1,0,0,0,0,0,0,0,0,0,0,0,0,0,3.1567007363733386,0.0,1.160090849739584,0.0,-4.091284158956027,1.5118372759654806,0.0,0.0,1.6140289667411694,0.0,1.9989231811198007,1.2749791450427077,0.993040619370236,0.2753536369991383,0.0,3.138112469024676,-0.0210963496864765,-3.853363596063311,-0.1579050663013205,0.0,-2.6227091183221463,0.6276480442347414,0.0,-1.0006831092685289,0.3780218184195882,0.0,1.8757583700155624,0.4419415082940814,1.7076564784586812,-4.8073455990388485,-0.5318759276368724,0.6115177230349946,0.0,-0.5202939354573483,0.0,0.0,0.0,-0.1226422595283734,0.0,-0.2483927308892491,1.7744089156507248,0.0,0.0,3.696893855149,1.8126922867794384,-4.4539874077261095,-0.2404138273606045,-3.5612271732621497,2.7087669756407604,2.944961104397544,0.0,-0.4575377582030658,-2.0399441485197576,0.0,1.554928623693298,2.3839490773937224,0.9256634252366714,0.0,1.0492811205947288,-1.2499183382369288,0.0,-0.4868157586317859,-2.3057468117902813,0.0,0.0,-0.9817321047982336,-0.4089389515939611,-6.566528897832291,1.5615002142119714,-3.4461992522021867,0.0,-3.362376314516984,0.0,-0.0590789844308677,-1.3625222107554955,0.0,0.6708067917331377,2.5701587238047825,0.5521104760929796,0.0,0.0,0.8797644434823726,0.0,0.0,0.0,0.0,-0.1996950479924252,0.0,1.9322378727272795,0.0,0.0,2.6780159286578247,-2.2616844825988096,0.9601886635204148,0.0,0.0,0.0,0.0,0.0,0.0,0.0,0.0,0.0,0.0,0.0,0.0,0.0
SID532305,1,1,1,1,0,0,0,1,1,0,1,0,0,1,0,1,1,1,0,1,0,1,0,1,1,0,1,0,1,0,1,0,1,0,0,0,0,1,1,1,1,1,0,1,0,0,0,1,0,1,1,0,1,0,1,0,1,0,0,0,1,0,0,0,1,1,1,1,1,1,1,0,0,1,0,0,0,0,0,0,1,1,1,1,1,1,1,0,0,0,0,1,1,1,0,0,0,1,0,0,0,0,0,0,0,0,0,2.19488615139681,-2.3712922697801124,-0.3563052685533554,4.15660965680099,0.0,0.0,0.0,2.950460843780742,0.3348580845877538,0.0,-0.4934036468221185,0.0,0.0,-2.011623575256378,0.0,3.05028789802323,1.2731460151698544,-0.6733701426120868,0.0,-4.631695748737863,0.0,0.4637423661195367,0.0,1.0770422210261823,0.750936124797825,0.0,-7.399465184541696,0.0,0.4414984513453986,0.0,-0.5411021740343362,0.0,-0.6197618324194556,0.0,0.0,0.0,0.0,0.6405603153678424,-0.6657886051596893,-0.8117032828636859,-3.12173125976481,0.9683709474733898,0.0,3.212884837067108,0.0,0.0,0.0,-0.502731964354161,0.0,3.054953298752284,2.065386210559533,0.0,-0.8680270501030809,0.0,0.4462670480648367,0.0,-1.161816869879272,0.0,0.0,0.0,1.7211734814663315,0.0,0.0,0.0,1.1977612470476404,-0.6206802868565187,0.0205147391201394,1.5693914005463512,-0.9560679626185248,-0.1546609122175608,-1.528648349282724,0.0,0.0,-1.4694669595343146,0.0,0.0,0.0,0.0,0.0,0.0,0.6943965495195168,-0.780520820042033,-0.8688118474974729,-0.4592799489694876,0.6866136749231727,1.271511586361682,-1.746706135157927,0.0,0.0,0.0,0.0,0.3076839363766337,-3.0035925420844025,2.129507923509699,0.0,0.0,0.0,1.137809629938582,0.0,0.0,0.0,0.0,0.0,0.0,0.0,0.0,0.0
SID532832,1,1,1,1,1,1,0,1,1,1,1,1,1,1,0,1,1,1,1,1,0,1,1,1,1,0,1,1,1,1,1,1,1,1,0,1,1,1,1,1,0,1,1,1,1,1,1,0,0,1,0,1,1,1,0,1,1,1,0,1,1,1,1,1,1,1,1,0,1,1,1,0,0,1,0,0,1,0,0,0,1,1,0,0,0,0,1,1,1,0,0,0,0,1,0,0,0,0,0,0,0,0,0,0,0,0,0,3.295283915201916,-0.0795809762457597,-0.3568500139448569,2.259154569364917,2.779003992118237,1.6350768107141576,0.0,1.791575612918021,1.5941682041786638,1.9384971819870305,1.1126208636517263,1.6157670278008018,0.136811914054632,1.3425401031350956,0.0,2.6798472140192624,-0.4543398039184221,0.709166902332414,-0.3112002171062278,-2.339157095150968,0.0,0.9302095590853364,-0.3766558043015506,2.321414849338869,3.177588551823537,0.0,-2.5458842793130625,1.7151305835292892,1.1497604737654163,-3.161634783792068,-3.055925896766845,-2.263628668212954,0.0704633444018514,-0.1311055987733071,0.0,1.5109172205359245,1.2693271845368748,-1.1410568392237783,-3.1512360765711698,1.0467563286252692,0.0,1.95576944134478,-1.5436965165925751,3.881577623857528,0.9015378872419032,-3.881261887516481,1.3130754451724744,0.0,0.0,4.19148452383313,0.0,0.6208706642299241,0.1337180316679338,2.249890709526796,0.0,-0.0135703071285118,-2.746345846317297,1.051834022922788,0.0,-3.4883982062863206,0.4168628582279111,-0.3013271822881858,-0.7425062927064439,-4.201058201069848,-0.0092412960389263,-2.064184610304136,-0.8981310408404937,0.0,-0.1676025607772133,-1.3121927769059598,-3.881261887516481,0.0,0.0,-1.646009914591022,0.0,0.0,-1.798694645591426,0.0,0.0,0.0,1.548334784838406,-1.1315170852483198,0.0,0.0,0.0,0.0,-1.6121466338351869,-2.815379793156989,-1.52895002165922,0.0,0.0,0.0,0.0,0.8056943597091917,0.0,0.0,0.0,0.0,0.0,0.0,0.0,0.0,0.0,0.0,0.0,0.0,0.0
MG100208,0,0,1,0,1,0,0,1,0,0,0,0,0,0,0,0,0,1,1,0,0,0,0,0,0,0,0,1,1,1,1,0,0,0,0,0,0,1,0,0,0,0,0,1,0,0,0,1,0,1,0,1,1,0,0,0,1,0,0,0,0,1,0,0,1,1,0,0,0,1,1,0,0,0,1,0,0,0,0,0,0,0,0,0,0,0,1,0,0,0,0,1,0,0,0,0,0,0,0,0,0,0,0,0,0,0,0,0.0,0.0,1.2944245419881828,0.0,-0.7916059296788862,0.0,0.0,1.083415801853753,0.0,0.0,0.0,0.0,0.0,0.0,0.0,0.0,0.0,-1.6957608908471138,1.214949780277297,0.0,0.0,0.0,0.0,0.0,0.0,0.0,0.0,3.028561422539936,-1.1600109193881505,-0.4050499978191527,0.9524332702953936,0.0,0.0,0.0,0.0,0.0,0.0,-1.760066396284608,0.0,0.0,0.0,0.0,0.0,2.960604829839073,0.0,0.0,0.0,0.7309470894345911,0.0,1.9658155231855208,0.0,0.5062171670839812,0.1521987417185521,0.0,0.0,0.0,-2.61938979047929,0.0,0.0,0.0,0.0,1.036928684226161,0.0,0.0,-1.6064709177320684,0.7475211609529974,0.0,0.0,0.0,1.874605668989296,-0.8201362566965773,0.0,0.0,0.0,-3.52458299785764,0.0,0.0,0.0,0.0,0.0,0.0,0.0,0.0,0.0,0.0,0.0,-1.8652752438851865,0.0,0.0,0.0,0.0,-1.3002743417160618,0.0,0.0,0.0,0.0,0.0,0.0,0.0,0.0,0.0,0.0,0.0,0.0,0.0,0.0,0.0
MG100207,1,1,1,0,1,0,0,0,1,0,1,1,1,1,0,0,1,0,1,1,0,0,1,1,1,0,1,1,1,0,1,0,1,1,0,0,0,0,0,1,0,0,0,0,1,0,0,1,0,1,0,1,1,0,0,1,0,0,0,1,0,1,1,0,0,1,0,0,0,1,0,0,0,0,1,0,0,0,0,0,1,0,0,1,0,0,0,0,0,0,0,0,0,0,0,0,0,0,0,0,0,0,0,0,0,0,0,-0.3583494354797685,-2.063883629480238,1.5680371160701307,0.0,3.672273263800748,0.0,0.0,0.0,2.0853905574860767,0.0,4.077353515514464,2.7112993952185707,2.323025816860957,2.326377463234721,0.0,0.0,-1.06808267130828,0.0,-0.7189836224371683,-1.1716398132825896,0.0,0.0,0.8954980872018894,0.260675668852493,-2.1721960820823885,0.0,1.3717300374366872,0.6304434657437135,-0.2614166009709531,0.0,-2.875679271972996,0.0,1.5250233369725783,-0.3979683629614524,0.0,0.0,0.0,0.0,0.0,-4.52485751305661,0.0,0.0,0.0,0.0,1.261817036321903,0.0,0.0,1.2211189874272494,0.0,0.4664020896204003,0.0,-0.3043318444641061,-0.1889146153271368,0.0,0.0,-3.4352950599084178,0.0,0.0,0.0,-1.8757160643747253,0.0,-0.4059576801295083,0.48731938495028,0.0,0.0,0.3429497691998607,0.0,0.0,0.0,-1.2080337127865808,0.0,0.0,0.0,0.0,-2.426383712280123,0.0,0.0,0.0,0.0,0.0,-2.523103627785204,0.0,0.0,0.754058328175524,0.0,0.0,0.0,0.0,0.0,0.0,0.0,0.0,0.0,0.0,0.0,0.0,0.0,0.0,0.0,0.0,0.0,0.0,0.0,0.0,0.0,0.0,0.0
MG100206,1,0,1,0,1,1,0,1,1,1,1,1,1,1,0,1,1,1,1,0,0,0,1,1,1,0,1,1,1,0,0,0,0,1,1,1,0,0,1,1,0,0,0,0,0,0,0,1,0,1,0,0,1,0,1,0,0,0,1,1,0,0,1,1,0,1,0,0,0,0,0,0,0,1,0,0,0,0,0,1,1,0,0,0,0,0,0,0,0,0,0,0,0,0,0,0,0,0,0,1,0,0,0,0,0,0,0,3.330809131333382,0.0,2.399676594693211,0.0,3.920788054579608,2.7017157596101904,0.0,-2.1037877774588174,0.7231806468945536,1.8906415769710123,1.9953824313251745,1.314737065503607,2.144950827581958,1.926569547021152,0.0,-1.8567585917582656,0.0992770429805581,-0.2908405847644814,-2.2172206975025417,0.0,0.0,0.0,0.1239026887054616,-2.8059957267422733,0.564239090086722,0.0,1.597437481734938,0.0048388591061057,-4.2998104315734205,0.0,0.0,0.0,0.0,-0.6186634992001344,4.26677403031294,-0.8497942861222055,0.0,0.0,-2.940915044641644,-2.812082172798676,0.0,0.0,0.0,0.0,0.0,0.0,0.0,0.7288240628198648,0.0,-2.475551794952411,0.0,0.0,-1.6344608654087254,0.0,-2.065253424656227,0.0,0.0,0.0,1.542631406304126,-2.8426630682211127,0.0,0.0,1.025762728715676,1.1775498496172658,0.0,-0.1197290780748346,0.0,0.0,0.0,0.0,0.0,0.0,0.0,0.5407807812861902,0.0,0.0,0.0,0.0,0.0,0.3123622069438891,-2.945555424198146,0.0,0.0,0.0,0.0,0.0,0.0,0.0,0.0,0.0,0.0,0.0,0.0,0.0,0.0,0.0,0.0,0.0,0.0,-1.453749396053675,0.0,0.0,0.0,0.0,0.0,0.0,0.0
MG100205,1,1,1,0,1,0,0,0,0,0,1,1,0,0,0,0,1,0,0,1,0,0,1,1,1,0,1,0,1,0,0,0,0,0,0,1,0,0,0,1,0,0,0,1,0,0,0,1,0,1,0,0,1,0,1,1,0,0,0,0,0,0,0,0,0,1,0,0,0,0,0,0,0,0,0,1,1,1,0,0,1,0,0,1,0,0,0,0,0,0,0,0,0,0,0,0,1,0,0,0,0,1,0,0,0,1,0,3.444248314079359,1.0766926364895166,1.3194362235431918,0.0,3.5460334654257526,0.0,0.0,0.0,0.0,0.0,1.3959191323024829,2.907419169187304,0.0,0.0,0.0,0.0,2.414544950739473,0.0,0.0,1.1918306934566627,0.0,0.0,-1.7385490499706988,-0.501472466241803,0.4672702929715003,0.0,2.0061092476946154,0.0,0.2801157617318059,0.0,0.0,0.0,0.0,0.0,0.0,-3.4915703116270533,0.0,0.0,0.0,-0.2955357617286617,0.0,0.0,0.0,2.186540591313774,0.0,0.0,0.0,-0.8804920340280913,0.0,-0.0062741282430722,0.0,0.0,-0.3111332258848025,0.0,-3.085925136893751,-4.276899129604593,0.0,0.0,0.0,0.0,0.0,0.0,0.0,0.0,0.0,1.7242458982390596,0.0,0.0,0.0,0.0,0.0,0.0,0.0,0.0,0.0,0.4985436164198818,-2.3617553497919728,2.963870314908033,0.0,0.0,-1.2081300396407535,0.0,0.0,-3.985964060050888,0.0,0.0,0.0,0.0,0.0,0.0,0.0,0.0,0.0,0.0,0.0,0.0,0.7238453895269346,0.0,0.0,0.0,0.0,-3.783041292535792,0.0,0.0,0.0,-2.2199237117874127,0.0
MG100204,1,1,1,1,1,0,1,1,1,1,1,1,1,1,1,1,1,1,1,1,0,1,1,1,1,0,1,1,1,1,1,1,1,1,0,1,0,0,0,1,1,1,0,1,1,0,0,1,0,1,0,1,1,0,0,0,1,0,1,1,1,1,0,1,1,1,0,1,1,0,1,0,0,0,0,1,0,1,0,1,0,0,0,0,0,0,0,0,1,0,1,0,0,1,0,1,0,1,1,0,0,0,0,0,0,0,0,2.7950636366507364,1.75485066751496,3.311085297057083,-1.499548521217568,4.02946606292141,0.0,1.1139261305005834,-4.274818609580481,2.7859056079472824,0.3675737820330275,1.7532988717187072,2.1197574427618906,2.3887468179894134,2.5001659829345018,1.41021319025006,0.9459886391020658,1.252534224678643,-0.0344366551079642,1.4820105934549237,0.1984962417609714,0.0,-0.3808089024652732,0.4773509366437075,-2.1761712773873274,1.9930564905115564,0.0,1.5659687329121337,2.7016119089055524,0.1857809548062228,-5.0815809126480325,-3.922448862437269,-1.3400988612300084,-2.771537074366311,-2.2661401722195404,0.0,2.327636503063187,0.0,0.0,0.0,2.01165936336839,-4.783260441991196,1.1493530831529757,0.0,0.2668244767850362,-2.143636379575277,0.0,0.0,-2.913903254082671,0.0,2.313969978579494,0.0,-1.2856712146539744,-1.7989021312212143,0.0,0.0,0.0,0.1071185222814605,0.0,1.9520670323633311,-2.090404455629902,-1.2601732427200036,0.1996664532129044,0.0,-1.0954728535870042,-1.209266439872514,0.6452319965891053,0.0,-4.16208676105634,-1.6415742558141249,0.0,-0.1253020478101705,0.0,0.0,0.0,0.0,-0.271267790877177,0.0,4.110080745658912,0.0,2.204947716942583,0.0,0.0,0.0,0.0,0.0,0.0,0.0,0.0,-0.5886277306484202,0.0,-1.8678520002785224,0.0,0.0,-1.0245551300864162,0.0,-0.8382940157058116,0.0,-0.536069905575479,-1.03749818520682,0.0,0.0,0.0,0.0,0.0,0.0,0.0,0.0
MG100203,1,0,1,0,1,1,0,0,0,1,1,1,1,1,0,1,0,1,0,0,1,1,1,1,0,0,0,1,1,0,1,0,0,1,1,0,1,0,0,1,0,1,0,1,1,0,1,0,0,1,0,1,1,0,1,1,1,0,1,0,0,1,0,1,0,1,0,1,1,0,1,0,0,0,0,0,0,1,1,0,1,0,0,0,0,0,0,0,0,0,0,0,0,1,0,0,0,0,0,1,0,0,0,0,0,0,0,0.1857086426288863,0.0,1.339536220296893,0.0,3.132170206349514,1.5380869786174132,0.0,0.0,0.0,1.777916062949254,1.1074743906909696,-0.1443998353581032,0.9153081587215756,0.2008918477987128,0.0,0.0559655980474761,0.0,1.4072471442140515,0.0,0.0,2.8779990718952075,-1.9091715053658864,1.5564258541628255,-0.160201485336089,0.0,0.0,0.0,0.947406484288388,-1.0814278559277892,0.0,-1.817199449221797,0.0,0.0,-1.715968755929509,1.08528117748248,0.0,-0.7645741034559529,0.0,0.0,-1.5863099257929316,0.0,-0.8323928906808377,0.0,4.462976481006917,1.5744239952315873,0.0,0.7978551541935369,0.0,0.0,0.610653986571754,0.0,-0.9622879006013396,-1.8113070457564648,0.0,-0.8136900005272877,-0.8982993719307436,1.7701009945694872,0.0,2.627341887108506,0.0,0.0,-1.2018036687056108,0.0,0.1054700430870344,0.0,-1.690710682687842,0.0,1.545414444935226,-2.363644192580745,0.0,-1.367719936098584,0.0,0.0,0.0,0.0,0.0,0.0,-2.3408072999748577,-0.6638653283443984,0.0,-4.405912612800889,0.0,0.0,0.0,0.0,0.0,0.0,0.0,0.0,0.0,0.0,0.0,0.0,-2.3529574758600247,0.0,0.0,0.0,0.0,0.0,-0.7370035019100164,0.0,0.0,0.0,0.0,0.0,0.0,0.0
MG100202,1,1,1,0,1,1,0,0,1,0,0,0,1,1,0,1,1,1,0,0,0,1,0,0,0,0,0,1,1,1,0,0,0,0,1,0,0,0,0,0,0,0,1,1,1,0,0,0,0,1,0,1,1,0,0,0,0,0,0,0,0,1,1,0,0,0,0,0,0,0,0,0,0,0,0,0,0,1,0,1,0,0,0,0,0,0,0,0,0,0,0,0,0,1,0,0,0,0,0,0,0,0,0,0,0,0,0,2.19473172369491,-0.2459559777913337,2.306407425763278,0.0,1.3319040130587811,1.252982095940588,0.0,0.0,1.5720484738582428,0.0,0.0,0.0,0.2852475375937595,1.559291398421918,0.0,0.365434988075825,-0.484225684712521,-1.6930668691348572,0.0,0.0,0.0,-0.4291696084218896,0.0,0.0,0.0,0.0,0.0,-1.349381162499731,1.4972080562364103,-0.1073016106255126,0.0,0.0,0.0,0.0,-1.12321947551657,0.0,0.0,0.0,0.0,0.0,0.0,0.0,-0.8235454360425353,1.6883196935974285,-4.56398316168938,0.0,0.0,0.0,0.0,-0.229419447362814,0.0,-2.7812512465895454,-1.6729308075646694,0.0,0.0,0.0,0.0,0.0,0.0,0.0,0.0,-2.31605097342726,-0.7446829998340417,0.0,0.0,0.0,0.0,0.0,0.0,0.0,0.0,0.0,0.0,0.0,0.0,0.0,0.0,3.959842885583313,0.0,3.025096620890276,0.0,0.0,0.0,0.0,0.0,0.0,0.0,0.0,0.0,0.0,0.0,0.0,0.0,-2.4743304515020714,0.0,0.0,0.0,0.0,0.0,0.0,0.0,0.0,0.0,0.0,0.0,0.0,0.0
MG100201,1,1,1,0,1,0,0,0,1,0,1,1,1,1,0,1,1,1,1,1,0,0,1,0,0,0,1,1,1,0,1,0,1,1,0,0,0,0,0,0,0,0,0,1,0,0,0,0,1,0,0,1,1,1,1,1,0,0,1,0,1,1,0,0,1,0,0,0,0,1,1,0,0,0,1,1,0,0,0,0,0,0,0,0,0,0,0,0,0,0,0,0,0,0,0,1,0,0,0,1,0,0,0,0,0,0,0,0.3899436488725571,-2.261147089873713,4.153571404443987,0.0,3.684772180150452,0.0,0.0,0.0,0.5097985055544271,0.0,1.4657378736973674,0.663253822074642,2.030713765479017,1.9081089821662889,0.0,0.4296750725544019,2.547354549054812,0.2782338875632938,-0.6179911618571791,-1.738979054224974,0.0,0.0,-2.067583931534306,0.0,0.0,0.0,1.5899379574996733,1.8439793685420405,0.3981255414381936,0.0,-1.9159992860493484,0.0,0.6185930047992281,-4.256099323996629,0.0,0.0,0.0,0.0,0.0,0.0,0.0,0.0,0.0,1.6122031630745104,0.0,0.0,0.0,0.0,-0.4299339602123669,0.0,0.0,0.9741034700542084,-1.9072467725100863,-0.9694165157140464,-0.1083979013556355,-0.2614240760815877,0.0,0.0,-0.7442380541325845,0.0,-0.0176124265769312,1.2177374163361545,0.0,0.0,-0.4552443767493005,0.0,0.0,0.0,0.0,-2.4984238715483107,-2.346164969577396,0.0,0.0,0.0,-0.8820302790349505,1.2531497659556372,0.0,0.0,0.0,0.0,0.0,0.0,0.0,0.0,0.0,0.0,0.0,0.0,0.0,0.0,0.0,0.0,0.0,0.0,0.0,-2.192490127022772,0.0,0.0,0.0,-1.898570201258773,0.0,0.0,0.0,0.0,0.0,0.0,0.0
MG100200,1,1,0,0,1,0,0,1,1,0,0,0,1,1,0,1,1,0,0,1,0,0,0,1,0,0,1,1,0,0,1,0,1,0,0,0,0,1,0,0,1,0,0,0,0,0,0,0,0,0,0,1,1,0,1,0,1,1,0,0,0,1,0,0,0,1,0,0,0,0,0,0,0,0,0,0,0,0,1,0,0,0,0,1,0,0,0,0,0,0,0,0,0,1,0,0,0,0,0,0,0,0,0,0,0,0,0,-1.3056346282871376,0.9968232742853316,0.0,0.0,0.9146340058688134,0.0,0.0,-0.5365675310994746,2.0365221751772653,0.0,0.0,0.0,0.443558188739787,0.921515002259683,0.0,-0.1692286278842125,0.5865268469243412,0.0,0.0,0.5310332831970908,0.0,0.0,0.0,-1.5071329936744946,0.0,0.0,-1.077623764795172,1.9993881309839767,0.0,0.0,0.4504315638416249,0.0,2.1606625980371383,0.0,0.0,0.0,0.0,-2.112722081297251,0.0,0.0,-0.7144237636673623,0.0,0.0,0.0,0.0,0.0,0.0,0.0,0.0,0.0,0.0,-0.1098324698825496,-1.3710661367578243,0.0,-1.5694845605021892,0.0,0.2110478218530714,0.0225214671169917,0.0,0.0,0.0,1.483044037019498,0.0,0.0,0.0,-3.090274169742909,0.0,0.0,0.0,0.0,0.0,0.0,0.0,0.0,0.0,0.0,0.0,0.0,2.391498908383898,0.0,0.0,0.0,0.0,-1.409031527951621,0.0,0.0,0.0,0.0,0.0,0.0,0.0,0.0,0.0,-0.1761850481463116,0.0,0.0,0.0,0.0,0.0,0.0,0.0,0.0,0.0,0.0,0.0,0.0,0.0
MG100199,1,1,1,0,1,1,0,1,0,0,1,0,1,1,0,1,1,0,1,0,0,0,0,0,0,0,1,1,1,0,1,0,0,0,0,0,0,0,0,1,0,0,0,1,0,0,1,1,0,0,0,0,1,0,1,0,0,0,0,0,0,1,0,0,0,1,0,0,0,1,0,0,0,0,1,0,0,1,0,0,0,0,0,1,0,0,0,0,0,0,1,0,0,1,0,0,0,0,0,0,0,0,0,0,0,0,0,-0.2628872177611281,-1.532686019466793,2.518923086699219,0.0,1.8218117300412544,-4.130489808089486,0.0,-1.034119623636739,0.0,0.0,1.2154676362447456,0.0,2.405566190964437,2.637879636527368,0.0,-0.5888270017860859,1.945787624388928,0.0,0.4325013170736285,0.0,0.0,0.0,0.0,0.0,0.0,0.0,2.5511742296523385,1.45184705571934,0.271256658715766,0.0,-3.3739483216292467,0.0,0.0,0.0,0.0,0.0,0.0,0.0,0.0,1.3805325809526217,0.0,0.0,0.0,1.6848814590565746,0.0,0.0,-1.4550073886254056,0.082382944364882,0.0,0.0,0.0,0.0,0.4579686760153921,0.0,-1.465042058048542,0.0,0.0,0.0,0.0,0.0,0.0,-3.647638036365901,0.0,0.0,0.0,-0.2683462298130907,0.0,0.0,0.0,1.2554665240702347,0.0,0.0,0.0,0.0,-3.123698602030839,0.0,0.0,2.68567552639258,0.0,0.0,0.0,0.0,0.0,-0.4434417273126518,0.0,0.0,0.0,0.0,0.0,0.0,-2.344022289824886,0.0,0.0,-1.128968552488515,0.0,0.0,0.0,0.0,0.0,0.0,0.0,0.0,0.0,0.0,0.0,0.0,0.0
MG100198,1,1,1,0,1,1,0,0,0,1,1,1,1,1,0,1,1,0,0,1,1,0,0,1,0,0,1,1,0,1,1,0,0,0,0,0,1,0,0,1,1,1,0,0,1,0,0,0,0,0,0,1,1,0,1,0,0,0,0,0,0,1,1,0,0,1,0,1,0,1,0,0,0,0,0,0,0,1,0,0,0,1,0,0,0,0,0,0,0,0,0,0,0,0,0,0,0,0,0,0,0,0,0,0,0,0,0,0.3014113020958309,-0.5061621552970006,1.989299176660164,0.0,2.73238801567483,1.4556560528466396,0.0,0.0,0.0,2.957643281281817,3.2294587247884743,1.9534028406071344,1.1998052440978215,1.5214580924996222,0.0,0.4521593260444621,-0.0226878053479943,0.0,0.0,-4.477079595153652,0.0437657687980241,0.0,0.0,-3.801950920096385,0.0,0.0,0.7824929653874938,0.413739347500046,0.0,1.4701857954629067,-0.2167198839028396,0.0,0.0,0.0,0.0,0.0,-2.248877237331955,0.0,0.0,-0.7143974268427262,-0.4364031464031824,0.448527511830732,0.0,0.0,1.3039355201845315,0.0,0.0,0.0,0.0,0.0,0.0,-0.7683725040522795,-0.5994156704006695,0.0,-2.761720099999495,0.0,0.0,0.0,0.0,0.0,0.0,-0.7378623412570864,-1.102771113707828,0.0,0.0,-1.629489304145302,0.0,-3.2945076333652725,0.0,-0.978525582406332,0.0,0.0,0.0,0.0,0.0,0.0,0.0,3.330855181110996,0.0,0.0,0.0,-1.289241727161528,0.0,0.0,0.0,0.0,0.0,0.0,0.0,0.0,0.0,0.0,0.0,0.0,0.0,0.0,0.0,0.0,0.0,0.0,0.0,0.0,0.0,0.0,0.0,0.0,0.0
MG100196,1,1,1,0,0,1,0,0,1,0,1,0,0,0,0,0,1,0,0,0,0,0,0,0,0,0,0,0,1,0,0,0,1,0,1,0,0,0,0,0,0,0,0,1,0,0,0,1,0,0,0,1,1,0,0,0,0,0,0,1,0,1,1,0,0,1,0,0,0,1,1,0,0,1,1,0,0,1,0,0,0,0,0,1,0,0,0,0,0,0,0,1,0,0,0,0,0,0,0,0,0,0,0,0,0,0,0,-1.2254090672873443,-1.825014847118504,2.8814441962841206,0.0,0.0,2.144174722872764,0.0,0.0,2.8690697357361072,0.0,2.246368250251579,0.0,0.0,0.0,0.0,0.0,3.4369437867126047,0.0,0.0,0.0,0.0,0.0,0.0,0.0,0.0,0.0,0.0,0.0,-0.5231211041192733,0.0,0.0,0.0,0.1700127735266685,0.0,3.661675191984593,0.0,0.0,0.0,0.0,0.0,0.0,0.0,0.0,2.4857987197713687,0.0,0.0,0.0,0.2295451703489413,0.0,0.0,0.0,-0.5399976701057356,0.3587964026299834,0.0,0.0,0.0,0.0,0.0,0.0,-3.955832052116376,0.0,0.4564069515076021,-4.682483203907723,0.0,0.0,-4.028420459586157,0.0,0.0,0.0,0.5759877000840132,0.0392502697930032,0.0,0.0,-3.4860343748845493,-0.7639059155964709,0.0,0.0,-0.2366703007288463,0.0,0.0,0.0,0.0,0.0,1.0795574644910753,0.0,0.0,0.0,0.0,0.0,0.0,0.0,-1.368142340543444,0.0,0.0,0.0,0.0,0.0,0.0,0.0,0.0,0.0,0.0,0.0,0.0,0.0,0.0,0.0
MG100195,1,1,0,0,1,0,0,0,1,0,0,1,0,1,0,0,1,1,1,1,0,0,0,0,0,0,0,1,1,0,0,0,0,1,1,0,0,0,0,0,0,0,0,0,0,0,0,0,0,0,0,1,1,1,0,0,0,0,0,0,0,1,0,0,0,1,0,0,0,0,1,0,0,0,0,0,0,1,0,0,0,0,0,0,0,0,0,0,0,0,0,0,0,0,0,0,0,0,0,0,0,0,0,0,0,0,0,2.277802606802025,2.820772480315113,0.0,0.0,2.1964413552723663,0.0,0.0,0.0,1.434551984440427,0.0,0.0,-0.0677947623314819,0.0,-1.1009597278329466,0.0,0.0,0.3023912634342678,-4.944111746106061,-0.621426693641458,1.816196160399331,0.0,0.0,0.0,0.0,0.0,0.0,0.0,-1.6041364343214697,-0.3128181893145376,0.0,0.0,0.0,0.0,-2.6254450538936736,-3.64793628467538,0.0,0.0,0.0,0.0,0.0,0.0,0.0,0.0,0.0,0.0,0.0,0.0,0.0,0.0,0.0,0.0,-0.6980573156175112,0.3035677605725985,-0.4529858597776316,0.0,0.0,0.0,0.0,0.0,0.0,0.0,-0.106232978405214,0.0,0.0,0.0,-1.79688956982524,0.0,0.0,0.0,0.0,3.2502712248051835,0.0,0.0,0.0,0.0,0.0,0.0,3.576799779701291,0.0,0.0,0.0,0.0,0.0,0.0,0.0,0.0,0.0,0.0,0.0,0.0,0.0,0.0,0.0,0.0,0.0,0.0,0.0,0.0,0.0,0.0,0.0,0.0,0.0,0.0,0.0,0.0,0.0
MG100194,1,0,1,0,0,0,0,0,1,0,1,1,1,1,0,0,1,1,0,0,0,0,0,0,0,0,0,1,1,0,0,0,0,0,0,0,0,0,0,0,0,0,0,0,0,0,0,0,0,1,0,0,1,0,0,0,0,0,0,0,0,0,0,0,0,1,0,0,0,1,1,0,0,1,0,0,0,0,0,0,0,0,0,0,0,0,0,0,0,0,0,0,0,0,0,0,0,0,0,0,0,0,0,0,0,0,0,-0.5519258021299378,0.0,-0.0222577836367796,0.0,0.0,0.0,0.0,0.0,2.100792694913192,0.0,1.2906226710951922,0.5007247774846045,0.9027066461952936,-1.245409950464511,0.0,0.0,0.8399959548284996,-3.3594339655818577,0.0,0.0,0.0,0.0,0.0,0.0,0.0,0.0,0.0,1.1581853329657308,-2.004322531898655,0.0,0.0,0.0,0.0,0.0,0.0,0.0,0.0,0.0,0.0,0.0,0.0,0.0,0.0,0.0,0.0,0.0,0.0,0.0,0.0,-1.9539860916947247,0.0,0.0,-1.2350640396168129,0.0,0.0,0.0,0.0,0.0,0.0,0.0,0.0,0.0,0.0,0.0,0.0,-1.3617977153804524,0.0,0.0,0.0,1.1330210629609685,5.519660457013041,0.0,0.0,-1.711511717052788,0.0,0.0,0.0,0.0,0.0,0.0,0.0,0.0,0.0,0.0,0.0,0.0,0.0,0.0,0.0,0.0,0.0,0.0,0.0,0.0,0.0,0.0,0.0,0.0,0.0,0.0,0.0,0.0,0.0,0.0,0.0,0.0,0.0
MG100193,1,1,1,0,1,1,0,0,1,0,1,1,1,1,0,1,1,1,1,1,0,0,0,0,0,0,1,1,1,0,1,0,0,0,1,0,0,0,0,1,0,0,0,1,0,0,0,0,0,1,0,0,1,0,1,0,1,0,0,0,0,1,0,0,0,1,0,0,0,0,0,0,0,0,0,0,0,0,0,0,0,0,0,0,0,0,0,0,0,0,0,1,0,0,0,0,0,0,0,0,0,0,0,0,1,0,0,2.8523694806335693,1.4583087727716078,1.135572602924375,0.0,1.8036575198270264,2.202538056051797,0.0,0.0,0.7105860539402694,0.0,1.394247464718731,0.6890814715255761,0.5751936022356179,1.5592141677544546,0.0,-1.2297497567262028,0.5019882889275347,-2.8658270019135537,-0.9206570868508348,0.0095299997441681,0.0,0.0,0.0,0.0,0.0,0.0,1.8935055238109475,0.0543546308073749,-1.7110596104157152,0.0,-0.4890139807345727,0.0,0.0,0.0,1.3719987010092216,0.0,0.0,0.0,0.0,-0.2072845351964461,0.0,0.0,0.0,2.5400904049015263,0.0,0.0,0.0,0.0,0.0,-3.117186277265954,0.0,0.0,-1.1277787478752088,0.0,-3.6136519949021952,0.0,0.1405298422129123,0.0,0.0,0.0,0.0,-2.7422531996254635,0.0,0.0,0.0,-0.6718690597938709,0.0,0.0,0.0,0.0,0.0,0.0,0.0,0.0,0.0,0.0,0.0,0.0,0.0,0.0,0.0,0.0,0.0,0.0,0.0,0.0,0.0,0.0,0.0,0.0,0.0,-0.2689735062308707,0.0,0.0,0.0,0.0,0.0,0.0,0.0,0.0,0.0,0.0,0.0,0.0,-1.9274618262658216,0.0,0.0
MG100192,1,1,1,0,0,0,0,0,1,0,1,0,1,1,0,1,1,1,1,0,0,0,1,1,0,0,1,1,1,0,0,0,1,1,0,1,0,0,0,1,0,1,0,1,0,0,0,0,0,1,0,1,1,1,0,0,1,0,1,0,0,1,1,0,0,1,0,1,0,1,1,0,0,1,0,0,1,0,1,0,0,0,0,0,0,0,0,0,0,0,0,0,0,1,0,0,0,0,0,0,0,0,0,0,0,0,0,0.4231964706936403,-2.9962575723887688,2.404300639427268,0.0,0.0,0.0,0.0,0.0,-0.5532278654718318,0.0,2.3478798980877764,0.0,1.3013551114007795,2.021532320716725,0.0,-0.7263625814358202,-0.2580186233761508,-0.5735817951036857,-1.32818860594779,0.0,0.0,0.0,1.0076791758340908,-0.9667848997492976,0.0,0.0,-0.2758187093703136,2.155321943607352,-1.245378965310196,0.0,0.0,0.0,0.3351808931224209,-1.2359010380785431,0.0,-1.3303069017477718,0.0,0.0,0.0,0.6845238607137305,0.0,0.5870397287205413,0.0,1.8069129896034088,0.0,0.0,0.0,0.0,0.0,-1.1686247578636837,0.0,-0.4286268887464415,-0.0423892429602198,3.5270227966974805,0.0,0.0,1.1906926097682669,0.0,2.2463267356134144,0.0,0.0,-0.2005036940325115,-1.4227607904803343,0.0,0.0,-0.3174858172527716,0.0,-2.39441464447864,0.0,0.8320152044682413,1.289820745731091,0.0,0.0,-1.2302997406972442,0.0,0.0,-1.770679902867027,0.0,0.1472045551000987,0.0,0.0,0.0,0.0,0.0,0.0,0.0,0.0,0.0,0.0,0.0,0.0,0.0,0.0,-3.842392641947282,0.0,0.0,0.0,0.0,0.0,0.0,0.0,0.0,0.0,0.0,0.0,0.0,0.0
MG100191,0,1,1,0,0,0,0,0,1,0,1,0,0,0,0,0,1,0,0,1,0,0,0,1,0,0,0,1,0,0,0,0,0,0,0,0,0,0,0,0,0,0,0,1,0,0,0,0,0,0,0,0,1,1,0,0,0,0,0,0,0,0,0,0,0,1,0,0,0,1,0,0,0,0,1,0,0,0,0,0,0,0,0,1,0,0,0,0,0,0,0,0,0,0,0,0,0,0,0,0,0,0,0,0,0,0,0,0.0,2.160825104246039,1.782585006359828,0.0,0.0,0.0,0.0,0.0,0.0015805913570086,0.0,0.7117401129006488,0.0,0.0,0.0,0.0,0.0,1.361096545997813,0.0,0.0,1.4563420615963245,0.0,0.0,0.0,-3.645928867487286,0.0,0.0,0.0,1.437621152476674,0.0,0.0,0.0,0.0,0.0,0.0,0.0,0.0,0.0,0.0,0.0,0.0,0.0,0.0,0.0,-4.000136704911501,0.0,0.0,0.0,0.0,0.0,0.0,0.0,0.0,-0.9778049331111112,-1.7419639668064826,0.0,0.0,0.0,0.0,0.0,0.0,0.0,0.0,0.0,0.0,0.0,-0.4353098994675436,0.0,0.0,0.0,0.96435151805968,0.0,0.0,0.0,0.0,-0.3921149912578052,0.0,0.0,0.0,0.0,0.0,0.0,0.0,0.0,1.3171172700477154,0.0,0.0,0.0,0.0,0.0,0.0,0.0,0.0,0.0,0.0,0.0,0.0,0.0,0.0,0.0,0.0,0.0,0.0,0.0,0.0,0.0,0.0,0.0
MG100190,1,1,1,0,1,0,1,0,1,1,1,1,1,1,0,0,1,1,1,0,0,0,0,0,1,0,0,1,0,0,0,0,1,1,0,0,0,0,0,0,0,0,0,1,0,0,0,1,0,0,0,0,1,0,0,1,1,0,0,0,0,0,0,0,0,1,0,0,0,1,1,0,0,0,0,0,0,1,0,0,0,0,0,1,0,0,0,0,0,0,0,0,0,0,0,1,0,0,0,0,0,0,0,0,0,0,0,0.8156240151731613,-1.6278327616038606,4.448289604059105,0.0,-1.537471297728949,0.0,0.3596845202464055,0.0,0.178048322701837,-1.3583134171570466,1.7870793746605442,-0.980156063168518,2.970054803707292,2.4406999573730337,0.0,0.0,2.273776230136021,-1.112346178774561,1.3915009519748731,0.0,0.0,0.0,0.0,0.0,-2.995560897092359,0.0,0.0,-2.9728903271190656,0.0,0.0,0.0,0.0,1.831728359414268,0.2225343357187862,0.0,0.0,0.0,0.0,0.0,0.0,0.0,0.0,0.0,-1.6923654720142485,0.0,0.0,0.0,1.5133523914173144,0.0,0.0,0.0,0.0,0.4301788379627703,0.0,0.0,-4.012394503532766,-3.054774810114404,0.0,0.0,0.0,0.0,0.0,0.0,0.0,0.0,0.6709361161598025,0.0,0.0,0.0,1.7865633980056397,-1.05352055129394,0.0,0.0,0.0,0.0,0.0,0.0,0.0289789812392071,0.0,0.0,0.0,0.0,0.0,0.2143080258125184,0.0,0.0,0.0,0.0,0.0,0.0,0.0,0.0,0.0,0.0,0.0,-0.9657119461628616,0.0,0.0,0.0,0.0,0.0,0.0,0.0,0.0,0.0,0.0,0.0
MG100189,1,1,1,0,1,0,0,1,1,0,1,1,1,1,0,1,1,0,1,1,0,0,1,1,1,0,1,1,1,0,0,0,1,0,0,0,0,0,0,0,0,0,0,1,0,0,0,0,0,0,0,0,1,0,0,0,0,0,0,0,0,0,0,0,0,1,0,0,0,1,0,0,0,1,0,0,0,0,0,0,0,0,0,0,0,0,0,0,0,0,0,1,0,0,0,0,0,0,0,0,0,0,0,0,0,0,0,1.06054680452781,-0.5922038876295671,2.365806376223273,0.0,3.015670649725297,0.0,0.0,-2.359057064246644,1.393230269751561,0.0,1.1141019861721193,1.037510686039458,1.6136745009541449,1.3777426874250291,0.0,-0.2375225135756913,-0.2446230871074607,0.0,-0.1370011484744399,-1.6256176744133493,0.0,0.0,-3.538893495324866,-0.4344569612807785,0.0183032561582333,0.0,1.345700968652652,1.6768085652677112,-0.9230572842479102,0.0,0.0,0.0,-1.5961638731481744,0.0,0.0,0.0,0.0,0.0,0.0,0.0,0.0,0.0,0.0,2.1978593743562573,0.0,0.0,0.0,0.0,0.0,0.0,0.0,0.0,-0.7735171910648858,0.0,0.0,0.0,0.0,0.0,0.0,0.0,0.0,0.0,0.0,0.0,0.0,0.208238038902434,0.0,0.0,0.0,-0.2394245780908636,0.0,0.0,0.0,-5.024347367370034,0.0,0.0,0.0,0.0,0.0,0.0,0.0,0.0,0.0,0.0,0.0,0.0,0.0,0.0,0.0,0.0,0.0,-0.6993080381813177,0.0,0.0,0.0,0.0,0.0,0.0,0.0,0.0,0.0,0.0,0.0,0.0,0.0,0.0,0.0
MG100188,1,1,1,0,0,0,0,0,1,0,1,1,1,1,0,1,1,0,1,1,0,0,0,1,0,0,0,1,1,0,0,1,0,0,0,0,0,0,0,1,1,1,0,0,1,0,1,0,0,0,0,1,1,1,1,0,0,1,1,0,0,1,1,0,0,1,0,0,0,1,1,0,0,0,0,0,0,1,1,0,0,0,0,0,0,0,0,0,0,0,0,0,0,1,0,1,0,0,0,0,0,0,0,0,0,0,0,1.0841561499954753,1.51133172105005,3.690610149584045,0.0,0.0,0.0,0.0,0.0,2.5820356690971606,0.0,0.0468514148302291,0.1473920017849548,1.220309424239837,1.6550945324852218,0.0,0.5934359381198342,1.6339171854750605,0.0,-1.9960642222767369,0.7066228445703073,0.0,0.0,0.0,-1.6060360476172986,0.0,0.0,0.0,0.9855448597885248,-2.07342032814784,0.0,0.0,-1.9347472729840984,0.0,0.0,0.0,0.0,0.0,0.0,0.0,-0.193241352850133,-3.027926943757916,1.744731551815351,0.0,0.0,-0.5133769890095753,0.0,1.097805429213532,0.0,0.0,0.0,0.0,-1.9745539766925444,-1.871593886448362,1.8851334176683725,-1.60951341605148,0.0,0.0,-2.5959057858104604,0.7443040095958425,0.0,0.0,-0.5099124965564309,-0.6033105170453467,0.0,0.0,-0.659555108179563,0.0,0.0,0.0,-0.5010798204643209,-0.5291065275073509,0.0,0.0,0.0,0.0,0.0,0.0,2.702974473658821,-1.0836167950439357,0.0,0.0,0.0,0.0,0.0,0.0,0.0,0.0,0.0,0.0,0.0,0.0,0.0,0.0,0.7048393478078623,0.0,-1.4541286343370876,0.0,0.0,0.0,0.0,0.0,0.0,0.0,0.0,0.0,0.0,0.0
MG100187,0,0,0,0,1,1,0,0,0,0,0,0,0,0,0,0,0,0,0,0,0,0,0,0,0,0,0,0,0,0,0,0,0,0,0,0,0,0,0,0,0,0,0,0,0,0,0,0,0,0,0,0,0,0,0,0,0,0,0,0,0,0,0,0,0,0,0,0,0,0,0,0,0,0,0,0,0,0,0,0,0,0,0,0,0,0,0,0,0,0,0,0,0,0,0,0,0,0,0,0,0,0,0,0,0,0,0,0.0,0.0,0.0,0.0,-0.6387901251909294,0.6387901251909298,0.0,0.0,0.0,0.0,0.0,0.0,0.0,0.0,0.0,0.0,0.0,0.0,0.0,0.0,0.0,0.0,0.0,0.0,0.0,0.0,0.0,0.0,0.0,0.0,0.0,0.0,0.0,0.0,0.0,0.0,0.0,0.0,0.0,0.0,0.0,0.0,0.0,0.0,0.0,0.0,0.0,0.0,0.0,0.0,0.0,0.0,0.0,0.0,0.0,0.0,0.0,0.0,0.0,0.0,0.0,0.0,0.0,0.0,0.0,0.0,0.0,0.0,0.0,0.0,0.0,0.0,0.0,0.0,0.0,0.0,0.0,0.0,0.0,0.0,0.0,0.0,0.0,0.0,0.0,0.0,0.0,0.0,0.0,0.0,0.0,0.0,0.0,0.0,0.0,0.0,0.0,0.0,0.0,0.0,0.0,0.0,0.0,0.0,0.0,0.0,0.0
MG100186,0,1,0,0,0,0,0,1,0,0,1,0,0,0,0,0,1,0,0,0,0,0,0,1,0,0,0,0,0,0,0,0,1,0,0,0,0,0,0,0,0,0,0,0,0,0,0,1,0,1,0,0,1,0,0,0,0,0,0,0,0,0,0,0,0,0,0,0,0,1,0,0,0,0,1,0,0,1,0,0,0,0,0,1,0,0,0,0,0,0,0,0,0,0,0,0,0,0,0,0,0,0,0,0,0,0,0,0.0,-2.5082912970329785,0.0,0.0,0.0,0.0,0.0,-3.978343967648811,0.0,0.0,1.7542889548339806,0.0,0.0,0.0,0.0,0.0,2.594876498456962,0.0,0.0,0.0,0.0,0.0,0.0,-1.534660264587893,0.0,0.0,0.0,0.0,0.0,0.0,0.0,0.0,0.116939202220734,0.0,0.0,0.0,0.0,0.0,0.0,0.0,0.0,0.0,0.0,0.0,0.0,0.0,0.0,1.5276070386351577,0.0,-2.0233399421742577,0.0,0.0,-1.0690827275133292,0.0,0.0,0.0,0.0,0.0,0.0,0.0,0.0,0.0,0.0,0.0,0.0,0.0,0.0,0.0,0.0,1.1336625612398596,0.0,0.0,0.0,0.0,-1.2341977507897284,0.0,0.0,2.0664032952941103,0.0,0.0,0.0,0.0,0.0,3.1541383990661944,0.0,0.0,0.0,0.0,0.0,0.0,0.0,0.0,0.0,0.0,0.0,0.0,0.0,0.0,0.0,0.0,0.0,0.0,0.0,0.0,0.0,0.0,0.0
MG100185,1,0,1,0,1,1,0,1,1,0,1,1,0,1,0,1,1,1,1,0,0,0,1,0,1,1,1,0,1,0,1,0,0,0,0,0,0,0,1,0,0,1,0,1,0,0,0,0,1,1,0,0,0,1,1,0,1,0,1,0,1,0,0,0,1,1,0,1,1,0,1,0,0,0,0,1,0,0,0,0,0,0,1,0,0,0,0,0,0,0,1,0,0,0,0,0,1,0,0,0,1,0,0,0,0,0,0,2.718002445953059,0.0,-1.715779878732689,0.0,1.931848970929777,-0.624640057463743,0.0,-1.7792554481570917,0.7075481354909082,0.0,1.0769736198900506,0.2103266732537738,0.0,1.0475679887012064,0.0,1.0868293813737469,-0.3362458093422562,-1.604740048820542,-1.7541130624299957,0.0,0.0,0.0,-0.0687047268223443,0.0,-2.8820718601527937,-0.7424800890905268,1.864533949961756,0.0,-0.4388062249680582,0.0,-1.2950671839193997,0.0,0.0,0.0,0.0,0.0,0.0,0.0,1.0554927242550398,0.0,0.0,-0.1412248068200664,0.0,0.4772042813605687,0.0,0.0,0.0,0.0,-0.2667347928029582,2.080005973138864,0.0,0.0,0.0,2.580954452703135,0.4202570463671655,0.0,1.327105537356819,0.0,1.6301301388391762,0.0,-1.1711423142572863,0.0,0.0,0.0,-1.2831047888231482,-0.4534523542737821,0.0,-1.7977251486435064,-2.028041430084639,0.0,0.9852764929126908,0.0,0.0,0.0,0.0,-3.111829083738947,0.0,0.0,0.0,0.0,0.0,0.0,0.3632712534365654,0.0,0.0,0.0,0.0,0.0,0.0,0.0,-0.9252634330088272,0.0,0.0,0.0,0.0,0.0,3.450514310714657,0.0,0.0,0.0,-0.5934208342863562,0.0,0.0,0.0,0.0,0.0,0.0
MG100184,1,1,1,0,1,1,0,0,1,0,1,0,0,1,0,1,1,1,1,1,0,0,1,0,0,0,1,1,1,0,0,0,0,0,1,1,0,0,0,0,0,0,0,0,0,0,1,1,0,0,0,0,1,0,0,0,0,0,0,1,0,0,0,0,0,1,0,0,0,1,0,0,0,0,1,0,0,0,0,1,0,0,1,0,0,0,0,0,0,0,0,0,0,0,0,0,0,0,0,0,0,0,0,0,0,0,0,-2.129519588901118,-0.2704627355787479,1.7139352346169106,0.0,2.700272201421516,2.302177029190763,0.0,0.0,1.229723619174559,0.0,2.392632253265508,0.0,0.0,-0.0787992937051267,0.0,-4.950140431028186,2.8679030107880608,-3.2125877796365576,1.521685351805775,-2.374808361568511,0.0,0.0,-0.3699187530154634,0.0,0.0,0.0,3.133823354529491,0.7862211131693648,0.6997122283895223,0.0,0.0,0.0,0.0,0.0,0.5705161433360402,-1.7211981900337618,0.0,0.0,0.0,0.0,0.0,0.0,0.0,0.0,0.0,0.0,-3.540666224129302,0.7518313601034341,0.0,0.0,0.0,0.0,-0.639644882795763,0.0,0.0,0.0,0.0,0.0,0.0,-4.291068097352743,0.0,0.0,0.0,0.0,0.0,-0.7832804538809548,0.0,0.0,0.0,1.3712211822270637,0.0,0.0,0.0,0.0,-1.343259812080335,0.0,0.0,0.0,0.0,1.8105420756134327,0.0,0.0,1.853158446075126,0.0,0.0,0.0,0.0,0.0,0.0,0.0,0.0,0.0,0.0,0.0,0.0,0.0,0.0,0.0,0.0,0.0,0.0,0.0,0.0,0.0,0.0,0.0,0.0
MG100182,1,1,1,1,1,1,0,0,1,0,1,0,1,1,0,1,1,1,1,1,0,0,0,1,0,0,1,1,1,0,0,0,0,1,0,1,0,0,0,1,0,1,0,0,0,0,0,0,0,1,0,1,1,0,0,0,0,0,0,0,0,1,1,0,0,1,0,0,0,1,0,0,0,0,0,0,0,1,0,0,0,0,0,1,0,0,0,0,0,0,0,0,0,0,0,0,0,1,0,0,0,0,0,0,0,0,0,-0.4948254490502292,0.9361420879435948,4.251357020975108,-1.067854630020184,3.7011626706787513,1.2543032267847416,0.0,0.0,1.2535911582483894,0.0,1.7521201504302084,0.0,1.4615536539970644,2.1979261240272643,0.0,-1.93320162854236,1.4661502426619917,-2.5963981621849586,1.3705947329250114,-0.631471230662266,0.0,0.0,0.0,-2.425004767665817,0.0,0.0,0.8496576882508045,2.028171036064766,0.4113494135019381,0.0,0.0,0.0,0.0,0.3750647912754439,0.0,-3.335982710336442,0.0,0.0,0.0,-1.689123905252913,0.0,-2.3414811174259307,0.0,0.0,0.0,0.0,0.0,0.0,0.0,-0.7125571264128802,0.0,-0.4398842356859401,-0.5871146705667684,0.0,0.0,0.0,0.0,0.0,0.0,0.0,0.0,0.1177003281596156,0.8366607823207578,0.0,0.0,-1.3261139856449369,0.0,0.0,0.0,-1.0908616546566066,0.0,0.0,0.0,0.0,0.0,0.0,0.0,2.047828215231426,0.0,0.0,0.0,0.0,0.0,-1.328344107135111,0.0,0.0,0.0,0.0,0.0,0.0,0.0,0.0,0.0,0.0,0.0,0.0,0.0,-4.311113942233531,0.0,0.0,0.0,0.0,0.0,0.0,0.0,0.0,0.0
MG100181,1,1,1,0,0,0,0,0,1,0,1,1,1,1,0,1,1,0,1,1,0,0,0,0,0,0,0,1,1,0,0,0,0,0,0,0,0,0,0,0,0,1,0,1,0,0,0,0,0,1,0,1,1,0,0,0,1,1,1,0,0,1,0,1,1,1,0,0,0,1,1,0,0,0,0,0,0,0,0,0,0,1,0,0,0,0,0,0,0,0,0,1,0,0,0,0,0,0,0,0,0,0,0,0,0,0,0,-1.4430784262364849,-3.3922834711886507,-0.1191007455942453,0.0,0.0,0.0,0.0,0.0,1.031287669208622,0.0,0.2867810595707751,-2.811211636281551,1.226669186472802,1.996763769577751,0.0,1.4140309704814855,-0.1549811029073038,0.0,0.0738648877934544,-3.968014386681322,0.0,0.0,0.0,0.0,0.0,0.0,0.0,2.134307828088436,1.222309997660657,0.0,0.0,0.0,0.0,0.0,0.0,0.0,0.0,0.0,0.0,0.0,0.0,-1.6111690184964422,0.0,1.187953871210699,0.0,0.0,0.0,0.0,0.0,-1.440204271106622,0.0,0.8179232020980071,0.7490750965464407,0.0,0.0,0.0,1.2146549525254555,-2.0198010540283127,1.453717799830936,0.0,0.0,0.8816745471201828,0.0,0.4254469882853409,-3.223739002396491,1.6916825403818838,0.0,0.0,0.0,1.4027771896906465,4.14294979524385,0.0,0.0,0.0,0.0,0.0,0.0,0.0,0.0,0.0,0.0,-5.206572053476734,0.0,0.0,0.0,0.0,0.0,0.0,0.0,0.0,0.0,2.0362838166067343,0.0,0.0,0.0,0.0,0.0,0.0,0.0,0.0,0.0,0.0,0.0,0.0,0.0,0.0,0.0
LILT_GF12_16,1,0,1,0,0,1,0,0,0,0,1,1,0,0,0,1,1,1,0,0,0,0,0,0,1,0,1,0,1,1,0,0,0,1,0,1,0,1,0,1,0,0,0,1,0,0,0,1,0,0,0,0,1,0,0,1,0,0,0,0,0,0,0,0,0,1,0,0,0,1,1,0,0,0,1,0,0,1,0,0,0,1,0,0,0,0,1,0,0,0,0,1,1,0,0,0,0,0,0,0,0,0,0,0,0,0,0,2.6494608141798173,0.0,-0.0789560018313688,0.0,0.0,2.339542039772174,0.0,0.0,0.0,0.0,-2.219795509010764,-0.3896296589219856,0.0,0.0,0.0,5.724948950973577,-3.615659321146805,-1.222771570079057,0.0,0.0,0.0,0.0,0.0,0.0,-1.714700559953758,0.0,-0.3611618131560425,0.0,-0.3808668842353748,2.816785967030077,0.0,0.0,0.0,-4.962451239290449,0.0,-2.603725464567629,0.0,3.1809965806452127,0.0,1.342010437369538,0.0,0.0,0.0,-1.00998941133461,0.0,0.0,0.0,-3.4869472149582315,0.0,0.0,0.0,0.0,-2.175876275075928,0.0,0.0,3.964816140396096,0.0,0.0,0.0,0.0,0.0,0.0,0.0,0.0,0.0,2.232841735524483,0.0,0.0,0.0,-0.3743985563789518,0.7226125274589007,0.0,0.0,0.0,-2.485794488974591,0.0,0.0,-0.0914558292910674,0.0,0.0,0.0,2.3763270678000152,0.0,0.0,0.0,0.0,-0.1256105794608257,0.0,0.0,0.0,0.0,-0.0285854553777713,-0.0219664281046776,0.0,0.0,0.0,0.0,0.0,0.0,0.0,0.0,0.0,0.0,0.0,0.0,0.0,0.0
LILT_GF16_T017,1,1,0,0,1,1,0,1,1,0,1,1,1,1,0,1,1,1,1,0,1,0,1,1,1,0,1,0,1,1,1,1,0,0,1,0,0,1,1,1,1,1,0,1,1,0,1,0,0,1,1,0,0,0,0,0,1,1,0,0,1,0,1,1,1,1,1,1,1,0,1,1,0,0,0,0,0,1,0,1,1,0,1,0,1,0,0,1,0,1,0,1,0,1,0,1,1,1,0,1,0,0,0,0,0,0,0,2.402267042456204,-2.1597323978827005,0.0,0.0,1.1239176423277686,0.1978326122706704,0.0,2.766505654252569,-2.371358478904766,0.0,-0.3642084713992028,-2.401776505033642,-0.0254511906040679,-3.920720208444002,0.0,4.063921944098935,-3.856965693618639,-0.4175850900540103,-6.0483251515024605,0.0,0.2448995369561719,0.0,-3.730073941764016,-1.2906597906178514,-1.1206901508020275,0.0,-0.4993514679180673,0.0,-2.5119529914720524,1.1523942777953202,0.1049672969246273,-3.622126102541238,0.0,0.0,2.465937434090881,0.0,0.0,-3.794267099403075,2.459577649146976,0.0658226860797448,3.080296987083601,4.855710589759035,0.0,1.4222737829476746,-0.9966152632129864,0.0,0.3656513593726449,0.0,0.0,1.709704755900897,0.7111743194066462,0.0,0.0,0.0,0.0,0.0,-4.4077966519983285,3.674731687048147,0.0,0.0,1.7431650442366209,0.0,1.3609706727472846,0.1873231981362606,1.801839925192661,-1.104054606486887,2.355269002275401,0.5420120441033638,2.46618549774423,0.0,-1.5508574026172766,1.489441311676136,0.0,0.0,0.0,0.0,0.0,0.9229977827426152,0.0,-2.6025234636035512,-3.518394820340505,0.0,1.5578004855726442,0.0,-2.394255102054385,0.0,0.0,-2.750540865213736,0.0,-0.8635891337571073,0.0,2.164842613133735,0.0,3.194186855653686,0.0,0.1409651389354411,4.969179114176653,1.1722989137969728,0.0,-0.6121928167956279,0.0,0.0,0.0,0.0,0.0,0.0,0.0
LILT_GF17_16,1,0,1,1,1,1,0,1,1,0,1,0,0,0,0,1,1,1,1,1,0,0,0,1,1,0,0,0,1,1,1,1,0,1,0,0,0,1,0,1,1,0,0,0,1,1,1,0,0,1,0,1,1,0,0,1,0,1,0,0,1,1,1,0,1,0,1,0,1,1,1,1,0,0,0,0,0,0,0,0,1,1,1,0,1,1,1,0,1,1,0,1,0,0,0,0,0,1,0,0,1,0,0,0,1,1,0,3.7226058000323903,0.0,-2.764603988918964,3.494600461149264,0.19544864409008,1.6792027501138225,0.0,2.575856238551528,-4.933062273968723,0.0,1.5474375140813956,0.0,0.0,0.0,0.0,2.716811384942233,-2.648344182803101,1.7845660653198014,-3.635200754185839,-4.541583407835297,0.0,0.0,0.0,-1.4918765785348889,-1.8493858988257408,0.0,0.0,0.0,-0.6096887357930529,-3.403840695391423,-2.1989653639284112,0.4734553224295177,0.0,-1.379203416030776,0.0,0.0,0.0,2.507411594305342,0.0,1.1876128209064445,2.904426312584059,0.0,0.0,0.0,1.8054665814691728,-3.669936518437808,-3.1257986182047017,0.0,0.0,0.1891640855359959,0.0,-0.8192896099140392,-1.9856124809772968,0.0,0.0,1.9662827376534449,0.0,1.5261817511057765,0.0,0.0,-1.962380750045184,0.320519198737923,-0.8529680731048574,0.0,1.0108710817559037,0.0,-0.3133114046656029,0.0,1.458069355132453,-0.9607088076322778,1.9479478968694093,0.8497688246799284,0.0,0.0,0.0,0.0,0.0,0.0,0.0,0.0,-0.4055721375413763,-0.1583251375698136,-0.5230456235899639,0.0,2.500715075660688,-0.1938530117492418,-0.0388047533723863,0.0,4.6580594563332,-2.536588465517729,0.0,0.5124171228708961,0.0,0.0,0.0,0.0,0.0,2.8747061393672526,0.0,0.0,2.421283394978913,0.0,0.0,0.0,0.2758260225966171,-2.104762944714935,0.0
LILT_GF18_T016,1,1,0,0,1,0,1,1,0,1,1,0,0,0,0,1,0,0,0,1,0,0,1,0,1,0,1,1,1,0,0,0,0,0,0,0,0,1,0,0,0,1,1,1,1,1,0,1,1,1,0,1,1,0,1,1,0,0,0,1,0,1,0,0,0,1,0,0,1,1,1,0,0,0,1,1,1,1,0,1,0,1,1,0,0,0,1,0,0,0,0,0,0,0,0,0,0,0,1,1,0,0,0,0,1,1,1,0.6612011132442872,-1.046724657581639,0.0,0.0,6.816722362818664,0.0,-1.9640219320671952,-1.0403066652347488,0.0,1.0595174956062887,2.7542701130645515,0.0,0.0,0.0,0.0,1.2702434240695977,0.0,0.0,0.0,1.3936433409147724,0.0,0.0,-0.1017936753456409,0.0,0.4466088899225431,0.0,0.3098569659080161,1.2339727384842611,2.6972582275483408,0.0,0.0,0.0,0.0,0.0,0.0,0.0,0.0,2.529299238719448,0.0,0.0,0.0,2.9281805684979467,-1.8535386087620007,0.1446948334844249,0.3741752327157273,-1.6502481819612238,0.0,-5.201190949982722,-3.617728523951882,-1.7046833885162411,0.0,-4.269632745977779,1.6465148622624035,0.0,-3.3040709650968405,-3.711461001614589,0.0,0.0,0.0,1.32875180117226,0.0,-3.435406967157927,0.0,0.0,0.0,5.2632462989720015,0.0,0.0,-3.512894462636301,2.9410588773161503,2.1640865422814914,0.0,0.0,0.0,-3.4665898945946148,-0.2828958913704085,0.2863684162038438,-2.4032844197586507,0.0,3.10567999099306,0.0,-1.0244396127922035,2.7519110692736564,0.0,0.0,0.0,-2.113651127175608,0.0,0.0,0.0,0.0,0.0,0.0,0.0,0.0,0.0,0.0,0.0,-1.436419401921562,-0.6993889636383854,0.0,0.0,0.0,0.0,2.423553228660284,1.3586421761702778,-0.0490857711661507
LILT_VF02_T016,1,1,0,0,1,1,1,1,0,0,1,1,0,1,0,1,1,1,0,1,1,0,1,1,1,0,0,0,1,0,0,1,0,0,1,0,0,1,1,1,0,1,1,0,1,1,1,0,0,1,0,0,0,0,1,1,0,0,0,0,0,0,0,1,1,1,1,1,1,0,1,0,0,0,0,1,0,0,0,1,1,1,0,0,0,0,1,0,0,1,1,0,0,1,0,0,1,0,0,0,0,0,0,1,0,0,0,4.7166689537026185,-0.2348494118914814,0.0,0.0,1.8151196660487328,2.278215396019612,2.107801345721409,0.1615744235258094,0.0,0.0,0.219929009757188,-2.4025304284490328,0.0,0.1386070090092541,0.0,-2.8673349763435056,-1.4745117563411516,0.2046707334092139,0.0,0.0795143339755277,-1.2043356014029851,0.0,-0.6924343973405249,-1.7819096919573505,-0.8665043076399193,0.0,0.0,0.0,-2.5327359841039736,0.0,0.0,-1.267550495610048,0.0,0.0,3.923452164121009,0.0,0.0,0.6757106452736883,2.017301308820642,0.1690446039846413,0.0,-1.1895448634015886,-0.6810874576384376,0.0,1.1508168085042378,-1.63728591810167,-0.2460579908357618,0.0,0.0,0.8922898157018662,0.0,0.0,0.0,0.0,-0.7583134345291951,-0.0974792429597934,0.0,0.0,0.0,0.0,0.0,0.0,0.0,-0.4939536897717653,-1.0490030280449316,1.735146007459861,-0.1215767945388539,-2.684285882231174,-0.650888279052745,0.0,0.5473087150448013,0.0,0.0,0.0,0.0,1.871674960835256,0.0,0.0,0.0,-1.2979915211112836,-2.20748720985261,0.1800944401712265,0.0,0.0,0.0,0.0,-1.2022682035196324,0.0,0.0,-1.9686658458191704,0.2901298914268184,0.0,0.0,-0.2832550346218356,0.0,0.0,6.4832246095586985,0.0,0.0,0.0,0.0,0.0,0.0,0.2355466050383152,0.0,0.0,0.0
LILT_VF04_16,1,1,1,1,1,1,0,1,0,0,1,1,1,0,0,0,1,1,1,1,0,0,0,1,1,0,1,0,1,0,1,1,1,0,0,0,0,1,0,1,0,0,1,0,0,1,1,1,0,1,0,1,1,0,0,0,0,0,0,0,0,0,1,0,0,1,0,0,1,1,1,0,0,0,0,0,0,0,1,1,0,1,1,0,0,0,0,0,0,0,0,0,0,0,0,1,0,0,0,0,0,0,0,0,0,1,0,4.626112269064841,0.593056109698697,-5.531748839574069,2.713249143839005,2.946611119164187,5.105708554708704,0.0,3.0939100414534093,0.0,0.0,0.9440904029446598,-0.3855471877629206,-2.153971732120012,0.0,0.0,0.0,-2.8367463538643345,-0.2006416502030412,-2.57207561583578,1.7104031108349034,0.0,0.0,0.0,0.9353242595345694,0.8038716424441719,0.0,0.2827547569820547,0.0,1.61074912656563,0.0,0.3230842766570743,0.5464984704303697,-3.9030531105355535,0.0,0.0,0.0,0.0,2.7514996216951766,0.0,-0.2415896607274954,0.0,0.0,-1.120972791614201,0.0,0.0,-0.4093568623147487,-0.4885029501846505,-3.057313489653364,0.0,0.844174686650396,0.0,-5.8765893258657975,-0.7936029708951775,0.0,0.0,0.0,0.0,0.0,0.0,0.0,0.0,0.0,-1.5842514459522627,0.0,0.0,-0.6941450553646749,0.0,0.0,0.6080459097694537,-3.57204536838642,4.00892791964958,0.0,0.0,0.0,0.0,0.0,0.0,0.0,-2.4925314540803387,2.542826723727425,0.0,0.9859224333382064,3.8684930846029673,0.0,0.0,0.0,0.0,0.0,0.0,0.0,0.0,0.0,0.0,0.0,0.0,-0.4483623133856143,0.0,0.0,0.0,0.0,0.0,0.0,0.0,0.0,0.0,-3.482265485435025,0.0
LILT_VF07_16,1,1,0,0,1,1,0,1,0,0,1,1,0,0,0,1,0,1,0,0,0,0,1,1,1,1,1,1,1,0,1,0,0,1,1,0,0,1,1,0,1,1,0,1,1,0,1,0,0,1,0,0,0,1,0,1,1,0,0,0,0,1,0,1,1,1,1,1,1,0,1,0,0,0,0,1,0,0,0,0,1,0,0,0,1,1,1,0,1,0,1,0,0,0,0,1,1,1,0,0,0,0,0,0,0,0,0,4.372591915796546,-1.33148627110065,0.0,0.0,2.8056835827412496,1.297392490173518,0.0,0.6759619758335936,0.0,0.0,-1.251851726698086,-2.3203049141458547,0.0,0.0,0.0,0.3758386766342607,0.0,1.4865318523763875,0.0,0.0,0.0,0.0,-3.724222461088993,-0.433235265113475,1.0313051942959937,2.382389818737632,0.4993111087472996,-1.5175282680085074,-0.6352933356866766,0.0,-1.304402781470749,0.0,0.0,-3.988475300244352,1.5714862809911734,0.0,0.0,0.9959208173277828,2.319784962198619,0.0,-0.1723637895896461,2.9573385365534373,0.0,-0.3147862527416607,1.7091318767579762,0.0,-1.7197265762515197,0.0,0.0,0.0972309245270621,0.0,0.0,0.0,1.4570227926539507,0.0,0.6975166994616164,1.6807209480114114,0.0,0.0,0.0,0.0,-3.813743912717073,0.0,0.0634575777690367,0.3689118867774844,0.2481211841599111,-0.656000775216691,0.9009210880672996,0.4118377455761773,0.0,-2.6665934442578334,0.0,0.0,0.0,0.0,0.2049530311657128,0.0,0.0,0.0,0.0,-2.040407071042054,0.0,0.0,0.0,-1.569494396735991,-3.849288850136485,0.5899121887465753,0.0,-0.4810293285700857,0.0,-1.68570118919852,0.0,0.0,0.0,0.0,1.0615018765336202,4.3594541492783225,-1.146295271878742,0.0,0.0,0.0,0.0,0.0,0.0,0.0,0.0,0.0
LILT_VF102_T017,1,1,0,1,1,1,0,1,0,0,1,1,1,0,0,1,0,1,0,0,1,0,0,1,1,0,0,0,1,0,0,1,0,0,0,0,1,1,1,1,1,1,1,0,1,1,1,0,0,0,0,0,0,1,1,1,1,1,0,0,1,0,0,0,1,1,1,1,1,0,1,1,0,0,0,0,0,1,0,0,1,1,0,0,1,1,1,1,0,0,0,0,0,1,0,0,0,0,0,0,0,0,0,0,0,0,0,4.402265653506934,-3.674191679909352,0.0,0.873196451253447,0.010630257832543,-1.3763714419552129,0.0,3.832077923210028,0.0,0.0,-0.1497489001989731,-4.586967469676063,-3.7510118858927934,0.0,0.0,4.163773904032692,0.0,-0.9268981945832012,0.0,0.0,-0.7596618237910704,0.0,0.0,-1.7828099583965091,0.8834955856852683,0.0,0.0,0.0,1.9700226862198909,0.0,0.0,1.5990064865939486,0.0,0.0,0.0,0.0,-2.948993249977028,-2.3020819537814177,1.942656239390229,1.966047083785828,1.1834210145827375,4.552799364925568,-2.246512102626608,0.0,-1.269755744087,-2.265698365860094,-2.587385903828232,0.0,0.0,0.0,0.0,0.0,0.0,0.973984030454583,2.8312844315885908,2.281727784996036,3.425498424389243,0.315900255588341,0.0,0.0,-0.7083923983154565,0.0,0.0,0.0,0.3843067505396127,-0.4642286961040092,-0.4450866619441236,-0.0590478404139043,2.286586757249241,0.0,-0.2650447590718865,0.2873254671900203,0.0,0.0,0.0,0.0,0.0,-0.4544007808914916,0.0,0.0,-1.4602838834290677,0.283834242052051,0.0,0.0,0.0011725579590364,-3.1661869324850023,-1.543071794743449,-0.3098750282929425,0.0,0.0,0.0,0.0,0.0,-0.9473059027709648,0.0,0.0,0.0,0.0,0.0,0.0,0.0,0.0,0.0,0.0,0.0,0.0,0.0
LILT_VF197_T017,1,0,0,0,1,1,0,1,0,0,1,1,1,1,0,1,0,1,0,1,1,0,1,1,1,1,1,0,1,1,1,1,0,0,1,0,0,1,1,1,1,1,0,0,1,0,1,0,1,1,1,0,0,0,1,1,1,1,0,0,1,0,1,0,1,1,1,1,1,0,1,1,0,0,0,1,0,0,1,0,1,1,0,0,1,1,1,0,1,0,0,0,0,1,0,0,0,0,0,0,0,0,1,0,0,0,0,3.180894669910597,0.0,0.0,0.0,-0.6668483462357675,0.6298679651270005,0.0,3.1481415114849,0.0,0.0,-0.0432366880744694,-2.4730835606794423,-1.643502227837013,-3.433813470888703,0.0,3.3156448210961456,0.0,-1.8898600164779904,0.0,-3.194306701021256,0.7345219041192326,0.0,-4.847989315253114,-1.6978512923640414,-0.519529861546586,2.131139332915033,-1.627448211065852,0.0,0.3279586213357703,-1.663507774270613,-0.8143809882188457,-0.9054832930998922,0.0,0.0,0.4435491741569646,0.0,0.0,-2.7760160681808044,1.813743630029882,-1.7197678586530445,3.4545642423994605,4.893906748727361,0.0,0.0,-4.795803562082543,0.0,-1.1147228004544265,0.0,2.18213634500575,-0.1265186735688619,0.3623421736597145,0.0,0.0,0.0,2.309050555507232,0.2772847466602617,3.7070717974165377,0.5142804632040321,0.0,0.0,0.4804068292826484,0.0,1.3275561527581563,0.0,1.5688985729546945,-0.3754665589584258,1.6920954149373932,2.136048864927321,1.7940317416131517,0.0,2.5745160196847863,0.5161213652077994,0.0,0.0,0.0,-1.5316411475760932,0.0,0.0,0.6523695600098703,0.0,-1.266953616215611,-2.955343610762154,0.0,0.0,-2.525368195498648,-0.0964537786604138,-2.319882548539891,0.0,1.3913113957594492,0.0,0.0,0.0,0.0,-0.1586640100383938,0.0,0.0,0.0,0.0,0.0,0.0,0.0,0.0,-0.3760104436682776,0.0,0.0,0.0,0.0
LILT_VF30_16,1,1,1,1,1,1,0,1,1,0,1,1,0,1,0,1,0,1,1,1,0,0,1,0,1,0,1,1,1,1,1,0,0,1,1,0,0,1,0,0,1,1,0,1,1,0,0,1,1,1,0,1,1,0,1,1,0,1,0,0,0,1,1,0,1,1,1,0,1,1,1,1,0,0,0,1,0,0,1,1,1,0,0,0,1,0,1,0,0,1,0,1,1,1,0,0,0,1,0,0,1,0,0,0,0,0,0,3.900900859248407,-3.816470748377843,-2.204926093591501,2.061117336003956,1.9524212618605403,2.511387573824922,0.0,2.383475021261096,-1.6413596091465563,0.0,1.9052805401957733,-1.3697777033470149,0.0,-2.8047100795299205,0.0,3.805913722845711,0.0,0.3572132866083629,-2.347568363926592,-2.3319148233465885,0.0,0.0,-1.9564998103202944,0.0,-0.0007496269839268,0.0,2.69328533196398,-2.099811135965534,1.578434141274493,0.325798817416628,-6.268530884393547,0.0,0.0,-5.324069275552696,0.6578258205391357,0.0,0.0,2.0849133296093774,0.0,0.0,-0.0278970653510468,3.481631837684029,0.0,0.4239325905328691,3.71247877634094,0.0,0.0,-3.9700357766510255,1.8755142305950585,2.2067640532710824,0.0,-1.5788695012055742,-3.2057123176231865,0.0,1.9822916603662184,1.883143708268642,0.0,0.7570799899707296,0.0,0.0,0.0,-0.8049585388288516,-0.7975472674015214,0.0,1.856417586473135,3.6953738254625534,-1.521825705920411,0.0,1.7943777486019736,-2.128640807182132,2.8179593597978343,-1.520940358363687,0.0,0.0,0.0,-1.3184691930070591,0.0,0.0,0.9701418734684631,-0.0405030309506679,-1.3334698383735406,0.0,0.0,0.0,-2.2333876376411954,0.0,-0.0508255465567748,0.0,0.0,-2.1473390721352583,0.0,-0.3169321564341649,-0.8336510094117957,0.8277004429740051,0.0,0.0,0.0,-0.1984060603964768,0.0,0.0,1.6930243114564858,0.0,0.0,0.0,0.0,0.0,0.0
LILT_VF32_T016,1,0,1,1,1,1,0,1,1,0,1,1,1,1,0,1,0,1,1,0,0,1,1,0,1,1,1,1,1,1,1,1,0,1,1,0,0,1,1,1,1,1,0,1,1,0,1,0,0,0,1,0,0,1,1,0,1,1,0,0,0,1,0,1,1,1,1,1,1,0,1,1,0,0,0,1,1,0,0,0,1,1,0,0,0,0,1,1,0,1,1,0,0,1,1,1,1,0,0,0,0,0,0,0,0,0,0,3.041051921680942,0.0,-0.3642279728973296,3.48839910239366,2.15582974580767,0.6899804944650567,0.0,3.792337546772604,-2.3539120715738933,0.0,0.0918069223656667,0.0094726400773688,2.0613724848253305,-1.2061161503071165,0.0,4.019026859656661,0.0,-0.5416345177677102,-2.598988616978602,0.0,0.0,-1.0218513826747246,-0.819892589059759,0.0,1.2446334370819725,2.7885075665298014,-0.8373328009659469,-0.9659661824155296,-0.4264111880544852,-0.9512239006783264,-2.6988497915669,-1.3904854356263328,0.0,-1.530570672134942,-1.6180933682565728,0.0,0.0,0.539576952988861,-0.2860559778145601,-1.3216397420040962,1.3882045508427077,4.457477470699695,0.0,-1.1155378405306249,-0.7840056643855866,0.0,-1.810723268903708,0.0,0.0,0.0,-0.7057303556211765,0.0,0.0,2.9335950076875528,2.628009104756733,0.0,-2.403901301442797,0.8834853789640529,0.0,0.0,0.0,-2.6339102423337595,0.0,2.159568644648414,2.1729435957569985,-1.3358706373704754,1.448628067038542,0.925148803549779,1.505485739397339,0.0,-2.941285598688686,0.7880291580894743,0.0,0.0,0.0,-0.141197435088354,0.2757446579947706,0.0,0.0,0.0,-2.2665219784274933,2.015567164436647,0.0,0.0,0.0,0.0,-0.8712750060354884,-2.47314243509587,0.0,-0.8503857908214885,-0.8319063609522739,0.0,0.0,-0.2442499872511727,2.224489795315842,-6.102383622890075,-1.2830929272082785,0.0,0.0,0.0,0.0,0.0,0.0,0.0,0.0,0.0,0.0
LILT_VF35_16,1,0,1,0,1,1,0,0,1,0,1,1,0,1,0,1,0,1,0,0,0,1,0,0,1,0,1,1,1,0,1,0,0,0,0,0,1,1,0,1,1,1,0,1,1,0,1,0,0,1,0,1,1,1,1,1,1,1,0,1,1,1,1,1,1,1,1,0,1,0,1,1,1,0,0,0,0,0,1,0,0,1,0,0,0,0,1,1,1,1,1,0,0,1,0,1,1,0,0,0,0,0,0,0,0,0,0,2.631474119188272,0.0,-1.130597794575804,0.0,1.7476224291626208,3.496557189908506,0.0,0.0,-2.079800438960186,0.0,2.032338431830872,0.1376983377968603,0.0,-2.633942966086881,0.0,4.697903057554663,0.0,0.6821097823787414,0.0,0.0,0.0,0.4469571988412,0.0,0.0,-0.3074689510927155,0.0,0.4925170370033593,-0.9362866759131154,-0.4705139384424923,0.0,-0.2384460635471703,0.0,0.0,0.0,0.0,0.0,-3.516551757574258,1.3230357706767029,0.0,-4.121361476876516,-0.1882789884108691,4.567249531806276,0.0,0.3176474142371845,1.6952115680385953,0.0,-3.5472736563325595,0.0,0.0,0.029655472444495,0.0,-3.3101073740176803,-1.0439283062803149,-0.0242510638483324,2.4453847591117164,3.837577244488461,2.1712814839425025,1.2549287284535109,0.0,-1.91639242714482,-3.5456329668750994,-1.7715145284509453,-2.827393413575545,0.1058339743712022,2.534157666384053,-0.5006422547343157,0.9027683607471938,0.0,1.5861167838479249,0.0,-2.051440329331367,-1.9897341820261103,-1.5615835755721987,0.0,0.0,0.0,0.0,0.0,0.1148554455224382,0.0,0.0,-3.783224653936696,0.0,0.0,0.0,0.0,1.500938965173248,-0.9187098498768294,0.2876306600657019,0.4818242340541965,3.1660336350232683,0.0,0.0,-0.8585664180734802,0.0,-2.62476257374192,3.211097343244443,0.0,0.0,0.0,0.0,0.0,0.0,0.0,0.0,0.0,0.0
LILT_VF37_16,1,0,1,1,1,1,1,1,1,0,1,1,1,0,1,1,0,1,1,0,0,1,1,0,1,0,1,1,1,1,0,0,0,0,0,0,1,1,1,0,1,1,0,0,1,0,1,0,0,1,1,1,1,1,1,1,1,1,0,1,0,1,0,1,1,1,1,1,1,1,1,0,0,0,0,0,0,1,0,0,0,1,0,0,1,1,1,0,1,0,1,0,1,1,0,1,1,0,0,0,1,1,0,0,0,0,0,1.9360219381783992,0.0,-0.6628614539537119,-2.65733702741594,4.61519690818662,0.5645373004485177,-1.3596933879151116,2.3933848557211013,-1.3046336107320844,0.0,1.366297187585744,-1.4560705846877466,-0.2578050930411013,0.0,0.0642349545735259,3.773732889721069,0.0,1.4166311693801592,-1.7108754179084211,0.0,0.0,-1.0545276418127472,-2.5096421479315527,0.0,-0.6458432150287914,0.0,-1.557724238414246,-1.077151657819277,-0.671480427892388,-2.408695504167759,0.0,0.0,0.0,0.0,0.0,0.0,-3.516719627018216,2.05524562159934,1.175603769872232,0.0,0.1156269997635068,1.9914045232612505,0.0,0.0,2.7072628341582825,0.0,-0.4415995246615054,0.0,0.0,-3.729281069001888,-5.064282135734228,-1.7190673888230092,2.8053106900780342,-2.852351411008313,-0.5288193621709572,-0.0713583235701404,-2.181345356325582,-4.216984275347024,0.0,1.004143452509882,0.0,-2.411040171127013,0.0,1.4292195291066652,1.560004404448997,4.247895552715994,-0.0342800391471223,6.678152443960419,1.3597221167412004,2.818523228995595,4.461318996462127,0.0,0.0,0.0,0.0,0.0,0.0,6.652431161375718,0.0,0.0,0.0,-1.6142945899026406,0.0,0.0,-2.669421766631012,0.391323839331994,1.1295788895431744,0.0,-2.406356321814587,0.0,-0.4438949839412762,0.0,-3.187364858165866,3.937437877626047,0.0,-3.152273538354597,0.3896134626322522,0.0,0.0,0.0,-1.0883458045624297,-2.3764346419495377,0.0,0.0,0.0,0.0,0.0
LILT_VF38_16,1,1,1,0,1,1,0,1,1,0,1,1,1,1,0,1,1,1,1,1,0,1,1,0,1,0,0,1,1,0,1,1,1,1,1,0,0,1,0,1,1,1,0,1,1,1,1,0,0,1,0,1,0,1,1,0,0,1,0,1,1,1,1,0,1,1,1,1,1,0,1,1,1,0,0,0,0,0,0,1,1,0,1,0,1,1,1,0,1,0,0,1,0,1,0,0,0,1,0,1,0,0,0,0,0,0,0,4.075459400933642,-0.514045593970492,-1.5414005105317596,0.0,2.123907365277864,2.323282570866702,0.0,2.442323425900224,0.3276013407524236,0.0,2.0252519384766026,-0.6691201318605535,-1.2857878445208446,-0.9291898858394736,0.0,3.79660034412108,-2.046138481887968,-1.1774953067984402,-2.7842722015483847,0.1089934402642203,0.0,-1.0991316947833651,1.6098305822667869,0.0,0.6452760314061341,0.0,0.0,-0.0661677275925496,-0.0496426853470783,0.0,0.2556229362933753,1.2146596493664967,-4.514943978796602,-0.476973824102241,3.2672030689279845,0.0,0.0,0.6739459714774729,0.0,-1.133949304451966,-1.48722865938956,3.3696701816933663,0.0,2.317497900941715,0.5876288106253394,-2.5104654755902214,-0.0571143807072196,0.0,0.0,1.6672212736362115,0.0,-4.206642619142085,0.0,-2.01373573968504,1.10911363890074,0.0,0.0,2.024738311294433,0.0,-2.2453987398807564,1.1380129283280969,-3.065414028319556,0.540841706558454,0.0,0.245899536722905,-1.2224047250138292,-0.0854176948492244,1.8038439385352536,0.6060393724685192,0.0,-2.934820454031277,-0.1105988211670248,-1.1985382173857635,0.0,0.0,0.0,0.0,0.0,0.0,-1.273002880997405,-3.9287017157458566,0.0,1.0739471086883372,0.0,2.33190174194524,-0.4719414450930099,-0.8291944176915931,0.0,2.0274519301472065,0.0,0.0,0.16602917060699,0.0,-0.2842652424512342,0.0,0.0,0.0,2.395410696603248,0.0,-2.0820618848546983,0.0,0.0,0.0,0.0,0.0,0.0,0.0
LILT_VF47_16,1,0,1,0,1,1,0,1,1,0,1,1,1,1,0,1,0,1,1,1,0,0,1,1,1,0,1,1,1,0,1,1,1,1,1,0,1,1,1,1,1,1,0,1,1,1,0,1,0,1,0,1,1,1,0,0,1,1,0,0,0,1,1,0,1,1,0,0,0,1,1,0,0,0,0,0,1,0,1,0,0,1,1,0,1,0,1,0,1,0,0,1,0,1,0,0,1,0,0,0,0,0,0,0,0,0,0,3.132909900681103,0.0,-4.407138937777887,0.0,2.4788571542527955,1.5626613990619362,0.0,5.12914418662824,0.953961227372402,0.0,-0.0021893213949399,-1.148899430280144,2.534651341224376,-3.650964600664986,0.0,2.7835707129187703,0.0,0.3539223139084577,0.5839256723814719,-5.018243695671389,0.0,0.0,-0.600146060625359,-1.937842970283064,2.992379643505716,0.0,-1.1958756580684065,-1.4727285550982143,0.5545872259649348,0.0,2.0413445107306947,0.4230763361820042,-2.3786972489028235,-2.439169070657841,-0.0135162294334789,0.0,-5.111501189157972,1.6460342705228854,-0.560398224440156,0.02429724789229,1.4313715490796213,2.0487432664144896,0.0,0.3990128111979887,2.316327050434503,-4.107447483114875,0.0,1.7864695347031254,0.0,1.0660684748617295,0.0,-0.127019474093402,-2.585471838186798,-1.0460151731607663,0.0,0.0,-1.7341446526173,1.0502294561295331,0.0,0.0,0.0,-0.0723052305243079,-4.061679064659295,0.0,1.831976789220758,2.463558936967596,0.0,0.0,0.0,-1.0987146843441875,3.9770699232439055,0.0,0.0,0.0,0.0,0.0,0.566153432917195,0.0,-0.1266079302838998,0.0,0.0,3.701380285168065,0.96446689368474,0.0,-3.1001131107231514,0.0,-0.0383500949374266,0.0,-1.8487883705786752,0.0,0.0,-0.0450115893466029,0.0,1.994605625111405,0.0,0.0,-2.8637772833353785,0.0,0.0,0.0,0.0,0.0,0.0,0.0,0.0,0.0,0.0
LILT_VF50_16,1,0,0,0,1,1,0,1,0,0,1,1,0,0,0,1,0,1,0,0,0,0,0,0,1,0,0,1,1,0,1,0,0,0,0,0,0,1,0,1,1,1,0,0,1,0,0,0,1,1,0,0,1,1,1,1,1,1,0,0,1,0,0,0,1,1,1,0,1,1,1,1,0,0,0,0,1,1,0,0,1,1,0,0,0,0,1,1,0,1,0,0,0,0,0,1,0,0,0,1,0,1,0,0,0,0,0,4.174611830707359,0.0,0.0,0.0,1.0335482095198465,-1.0646948354801664,0.0,-4.543768203621512,0.0,0.0,-3.686202757760139,-3.8854407882207935,0.0,0.0,0.0,4.277070410142885,0.0,0.4609433694395052,0.0,0.0,0.0,0.0,0.0,0.0,0.7855097656042007,0.0,0.0,-2.189319636617892,0.3827137064146948,0.0,-1.2277173643442534,0.0,0.0,0.0,0.0,0.0,0.0,1.8588297669448668,0.0,-1.6271285189047366,3.965065429015288,4.512916993121158,0.0,0.0,2.954842537457325,0.0,0.0,0.0,3.223631004838897,1.765666030755012,0.0,0.0,-1.4594889772915345,0.0845167951957817,-1.380397050066051,2.0080071641381285,2.741157018496204,1.229235253384509,0.0,0.0,1.6570108728338169,0.0,0.0,0.0,1.232930151433731,0.3538161866082525,-0.9481762614555136,0.0,0.3531631763498222,-1.3832951361388817,-0.2659409507862891,-4.863648807752647,0.0,0.0,0.0,0.0,-0.3436259589554957,-2.149335538160874,0.0,0.0,-1.151482402259919,0.6175571450246413,0.0,0.0,0.0,0.0,0.5613473373176756,-1.0648120893936504,0.0,-1.0971056313818477,0.0,0.0,0.0,0.0,0.0,-1.4003701098914598,0.0,0.0,0.0,-2.39191757912321,0.0,-2.1102215571367333,0.0,0.0,0.0,0.0,0.0
LILT_VF55_T017,1,0,1,0,0,0,0,1,1,0,0,1,0,0,0,1,1,1,0,1,0,0,0,1,0,0,0,0,1,0,0,0,0,1,0,0,0,1,0,0,1,1,0,0,1,1,0,0,0,0,0,1,1,0,0,0,1,0,0,1,1,1,0,0,1,1,0,1,1,1,1,1,1,0,0,0,1,0,0,0,1,0,0,0,1,1,1,0,0,0,0,0,1,0,0,0,0,0,0,1,0,0,0,0,0,0,0,3.365924380744218,0.0,-1.8820010785219825,0.0,0.0,0.0,0.0,4.639664519419258,-3.1438330913272114,0.0,0.0,-1.74406143726384,0.0,0.0,0.0,4.648836787160128,-3.6642020731401015,-0.7770063326503729,0.0,-4.151709603914709,0.0,0.0,0.0,1.8180432457110367,0.0,0.0,0.0,0.0,-0.8351607289445153,0.0,0.0,0.0,0.0,-1.6884101827144626,0.0,0.0,0.0,1.3850097739840956,0.0,0.0,2.75295540323346,5.063198757554673,0.0,0.0,-2.44123276812351,-2.674847619305016,0.0,0.0,0.0,0.0,0.0,0.0761276265142281,-1.6093175938772466,0.0,0.0,0.0,-0.9207142100685964,0.0,0.0,-4.709468381102918,2.464131612035332,0.891811443167453,0.0,0.0,1.6676670883398597,0.6854275458746313,0.0,-4.090429172696695,3.590313176749993,-0.0596601144985518,-0.9611873599038184,-2.268816740318959,1.8511672693323893,0.0,0.0,0.0,0.1843898646684705,0.0,0.0,0.0,0.3547281963190984,0.0,0.0,0.0,1.3882410307706612,3.7001280298444144,0.8502637483295671,0.0,0.0,0.0,0.0,0.0,-3.965677467724218,0.0,0.0,0.0,0.0,0.0,0.0,0.2097064563437596,0.0,0.0,0.0,0.0,0.0,0.0,0.0
LILT_VF56_16,1,1,0,0,1,1,0,1,1,0,0,0,0,0,0,1,0,0,1,1,0,0,0,0,1,0,1,0,1,0,1,1,0,0,1,0,0,1,0,1,1,0,0,0,0,0,0,1,1,0,0,0,0,0,1,1,0,0,0,0,0,0,0,0,1,1,0,0,0,1,1,0,0,0,0,1,1,1,0,0,0,1,1,0,0,0,1,0,0,0,0,1,1,0,0,0,1,0,0,0,0,0,0,0,1,0,0,0.8898287332578596,-5.505974161275696,0.0,0.0,1.3868046635168836,0.68506096779191,0.0,5.979818405216248,-0.7106304432109649,0.0,0.0,0.0,0.0,0.0,0.0,1.5391430024576005,0.0,0.0,-2.387068003430445,-2.496818867389565,0.0,0.0,0.0,0.0,0.8623057378506831,0.0,-4.674240817429604,0.0,-0.9719226568320458,0.0,0.3112174330330171,0.6612023092081449,0.0,0.0,-4.674240817429604,0.0,0.0,1.7586425307452165,0.0,-0.8678397997486287,2.897771851326973,0.0,0.0,0.0,0.0,0.0,0.0,3.983430172607528,-4.182418140789229,0.0,0.0,0.0,0.0,0.0,2.928454152252888,3.6247583183909566,0.0,0.0,0.0,0.0,0.0,0.0,0.0,0.0,2.397252647455037,0.6113488354942147,0.0,0.0,0.0,-5.056449063373502,6.135006920776311,0.0,0.0,0.0,0.0,0.0930482180349221,-3.935108523627836,2.599521024306011,0.0,0.0,0.0,2.685391558070485,2.013249117165201,0.0,0.0,0.0,-1.7529785725141016,0.0,0.0,0.0,0.0,-2.91638289987723,-2.767753082540123,0.0,0.0,0.0,0.6996750065855057,0.0,0.0,0.0,0.0,0.0,0.0,0.0,-1.843105756075026,0.0,0.0
LILT_VF60_T016,1,0,1,1,1,0,0,1,1,0,1,0,0,0,0,1,1,1,0,0,0,0,0,1,0,0,1,1,1,1,1,1,0,0,0,0,0,1,0,1,1,1,0,0,0,0,1,0,1,0,0,1,1,0,1,1,1,1,0,1,1,1,0,0,1,1,1,0,1,1,0,1,1,0,0,0,1,0,0,0,1,1,0,1,0,0,1,0,0,0,0,0,1,0,1,0,1,0,0,0,0,0,0,0,0,0,0,3.371711571940403,0.0,-2.8143767049264508,1.1175993122183323,-4.866393359976311,0.0,0.0,0.954021682278672,-1.849615450886544,0.0,0.4529696421075015,0.0,0.0,0.0,0.0,2.5321325552772707,-2.441062441983754,-2.999194183146681,0.0,0.0,0.0,0.0,0.0,1.2817081127061467,0.0,0.0,1.9044046220228448,-1.7515522302203843,-1.205322375159117,-2.97977609728958,-0.4667980811001069,3.0064030132623065,0.0,0.0,0.0,0.0,0.0,0.8827619325077994,0.0,-2.7386948452887028,1.0934765453176158,3.1704213752851693,0.0,0.0,0.0,0.0,1.5899310126580637,0.0,-0.2851642034163468,0.0,0.0,-2.0071820178952096,-4.230843671199703,0.0,2.857109699498181,4.241219014955293,3.88368325847958,2.8743716209190344,0.0,-1.942189151741604,2.5669996873761605,-2.222550060045112,0.0,0.0,2.696950586282102,-1.041490285597824,1.069014010430024,0.0,-0.7331390782280671,-2.220959813221777,0.0,-1.5091842571749283,0.4227778299118268,0.0,0.0,0.0,-0.8236039750815851,0.0,0.0,0.0,0.574860657629056,-3.594622427435767,0.0,-2.400953572964185,0.0,0.0,0.5794751320073437,0.0,0.0,0.0,0.0,0.0,-3.264446119271369,0.0,2.425791401181343,0.0,4.839320126999056,0.0,0.0,0.0,0.0,0.0,0.0,0.0,0.0,0.0,0.0
LILT_VF66_T017,1,0,1,0,1,0,0,0,1,1,1,1,1,1,0,1,1,0,0,0,0,0,1,0,1,0,0,0,1,1,1,1,0,0,0,0,0,1,1,0,1,1,0,0,0,0,0,1,0,1,0,1,1,0,1,1,0,0,0,1,0,1,0,0,0,1,1,0,1,1,0,1,0,0,0,0,0,0,1,0,1,0,0,1,0,0,1,0,0,0,0,0,1,1,0,0,0,0,0,1,1,0,0,0,0,0,0,2.004101286304315,0.0,-1.6454868639295792,0.0,2.410107278224997,0.0,0.0,0.0,-1.3767019464848278,-2.257963373259811,0.9573104666243608,0.3487284318509297,-3.022550602231549,-3.974011020752169,0.0,3.910023045718914,-2.228523582036844,0.0,0.0,0.0,0.0,0.0,-1.4277001956810051,0.0,-1.79349726436599,0.0,0.0,0.0,-0.4792267063087205,2.225408448584885,0.5561416886993595,1.722433994406294,0.0,0.0,0.0,0.0,0.0,-0.5854403702791662,-0.150477757284108,0.0,-0.2789010168875971,0.6257896615820849,0.0,0.0,0.0,0.0,0.0,-1.875400686742575,0.0,1.5014476045763052,0.0,-2.013196265472647,-1.4983802134266908,0.0,2.088250167798449,3.142477662113216,0.0,0.0,0.0,1.4329186708586403,0.0,-1.0087086673891772,0.0,0.0,0.0,1.6967511752352027,0.4527390787085905,0.0,1.6474083478539083,-0.2101387385201099,0.0,0.6029817947416491,0.0,0.0,0.0,0.0,0.0,0.0,-3.681723094276754,0.0,-1.721673118784939,0.0,0.0,-2.301278257945756,0.0,0.0,-0.2330324890266542,0.0,0.0,0.0,0.0,0.0,-0.2969195223902754,1.7549813015153557,0.0,0.0,0.0,0.0,0.0,0.3505542631582259,4.630377384921259,0.0,0.0,0.0,0.0,0.0,0.0
LILT_VF69_16,1,1,0,1,1,1,1,1,1,0,1,1,1,0,0,1,0,1,1,1,0,1,1,1,1,0,1,1,1,1,1,1,0,0,1,0,0,1,1,1,0,1,0,0,1,1,1,0,1,1,0,1,0,1,1,1,1,1,0,0,0,1,1,0,1,1,1,1,1,0,1,1,1,0,0,1,0,0,0,1,1,0,1,0,1,1,1,0,0,1,1,0,0,1,0,1,0,1,0,0,1,0,0,0,1,1,1,5.629452837870268,-0.7935696717342284,0.0,3.057373898028175,2.818468108211655,2.79059880210296,3.5299741668037288,3.373024270213389,-1.6901336927661823,0.0,1.3936934617835592,-1.4377653847934782,-3.7511613938917394,0.0,0.0,2.5910311009492326,0.0,1.9013495797539048,-2.4158334763638765,-1.1078981920001891,0.0,-1.1205692518285333,-2.201882373233831,1.7930450824563882,0.7828729873028191,0.0,2.475215686888215,-2.4207474911663054,0.1581249510400264,-1.26806798122792,-4.705431373831111,-1.3563765435077615,0.0,0.0,3.658610638090952,0.0,0.0,-2.56536521033484,0.3742684737706927,-2.6660980357819453,0.0,3.3105564371961265,0.0,0.0,0.5157523560418831,-1.880793594477291,0.404465228353025,0.0,1.0691452164808206,2.6391470102599515,0.0,-2.5521699199160075,0.0,3.000771518918722,1.132863195200109,-2.2864979656563422,-0.5756989099018908,0.8636823489030079,0.0,0.0,0.0,-1.6666859596846102,0.6967736500577115,0.0,1.1115837753788154,-3.792371662538402,-0.8251986908928721,-3.507119724939913,0.3821649614012732,0.0,1.5515407553685143,-5.764512823742585,-3.894501157614783,0.0,0.0,-0.573884262611966,0.0,0.0,0.0,-2.691604200622309,0.6686141953668414,0.0,1.0524522773762643,0.0,3.480817499635412,1.7770345566098942,-2.1330654187145246,0.0,0.0,-0.3178756976780836,1.6666490705122876,0.0,0.0,-0.895905603650776,0.0,3.025451827389679,0.0,1.2552621446502417,0.0,0.0,3.4291331551362134,0.0,0.0,0.0,-0.191651640470206,-3.180076578607552,-3.1304513413206987
LILT_VF70_16,1,0,0,1,1,0,1,1,1,0,0,1,0,0,0,1,0,1,1,0,0,1,1,1,1,0,1,0,1,1,1,0,0,1,0,0,0,0,1,0,1,1,0,0,1,0,1,1,1,1,0,0,0,1,1,1,0,1,0,0,1,0,1,1,1,1,1,1,1,0,0,1,0,0,0,1,1,1,0,0,1,0,0,0,0,0,1,0,0,0,1,0,0,1,0,0,1,0,0,0,1,0,0,0,0,0,0,3.831022117621743,0.0,0.0,-3.2797697941885966,-0.5049514166215459,0.0,0.3635286266968565,0.6700993537296644,-1.0708975180069251,0.0,0.0,-0.9050222549463198,0.0,0.0,0.0,3.4194728974231285,0.0,-2.043171762546584,-2.9520823871231165,0.0,0.0,-1.120285544835224,-1.809906766796037,-0.5452035237122748,-0.0777010876367767,0.0,1.5588309856438478,0.0,-0.7366423698955558,-1.0059971833627608,0.8470628117290901,0.0,0.0,-4.011049844443986,0.0,0.0,0.0,0.0,1.5966860191204657,0.0,0.8817670776825206,-3.5950398231592064,0.0,0.0,-0.7876612492603283,0.0,1.6938862636966443,-3.1039888550526333,-3.2797697941885966,2.208127305248203,0.0,0.0,0.0,1.1302416882448596,1.848648535564043,1.093180914643571,0.0,2.273756523533682,0.0,0.0,-1.952586532470912,0.0,2.0832534901996875,-0.1383775959601372,1.306689005617789,-1.761433243995651,0.7238148775388806,0.5502016845183129,-0.5772906381358416,0.0,0.0,0.2759669186854219,0.0,0.0,0.0,-3.1212554710735647,-1.08462598938029,2.293637945961913,0.0,0.0,2.608410689163843,0.0,0.0,0.0,0.0,0.0,-1.23956597260938,0.0,0.0,0.0,0.9798633844819,0.0,0.0,1.9430925394805187,0.0,0.0,5.0479099179981,0.0,0.0,0.0,-0.5248749548224456,0.0,0.0,0.0,0.0,0.0,0.0
LILT_VF90_16,1,0,1,1,0,0,0,0,1,0,1,1,1,1,0,1,1,1,0,1,0,1,1,0,1,0,1,1,0,0,1,0,0,1,0,0,1,1,0,1,0,0,1,1,0,0,0,1,0,0,0,0,1,0,0,1,0,0,0,0,0,0,0,0,0,1,1,0,0,1,1,0,0,0,1,0,0,0,0,0,0,0,0,1,0,0,1,0,0,0,0,1,1,0,0,0,0,0,0,0,0,0,0,0,0,0,0,1.2029498341794171,0.0,-4.148627879388617,4.060818654307544,0.0,0.0,0.0,0.0,0.4281860253145078,0.0,1.6823027447891417,1.1864942631461244,0.8298810697836956,-2.926875147635809,0.0,3.354967847494577,-2.54301406339292,0.3626719294762873,0.0,-3.1198266812630626,0.0,2.016172361617478,0.0253482666648567,0.0,3.548471771027284,0.0,-0.6017122174238008,-0.3592470242604726,0.0,0.0,0.8897983071342502,0.0,0.0,-1.5194336434285296,0.0,0.0,-5.111802197161622,1.409187051144835,0.0,2.336086019896931,0.0,0.0,-2.2538962405150347,0.6985001208722517,0.0,0.0,0.0,1.830591195501124,0.0,0.0,0.0,0.0,-1.5650625102088085,0.0,0.0,4.709706566371131,0.0,0.0,0.0,0.0,0.0,0.0,0.0,0.0,0.0,0.0709920781308754,-0.7063032063025985,0.0,0.0,-0.0304288885600247,2.066544945042005,0.0,0.0,0.0,0.2966467852230968,0.0,0.0,0.0,0.0,0.0,0.0,0.0,0.0,-2.8877193323225336,0.0,0.0,-2.039803568154181,0.0,0.0,0.0,0.0,-2.508002017433212,-0.6845632196661926,0.0,0.0,0.0,0.0,0.0,0.0,0.0,0.0,0.0,0.0,0.0,0.0,0.0,0.0
LILT_VF97_16,1,1,1,0,0,0,0,1,1,0,1,1,1,1,0,1,0,1,1,1,0,0,1,1,1,0,1,1,1,0,1,1,1,1,0,0,0,1,0,1,1,1,1,0,1,1,0,1,1,0,0,0,1,0,0,1,0,1,0,0,0,0,0,0,0,1,1,0,1,1,1,1,0,0,0,0,1,0,0,0,0,0,0,0,0,0,1,0,0,0,0,0,1,0,0,1,1,1,0,0,0,0,0,0,0,0,0,4.9163224147939815,0.8649203535217751,-0.2887560034289778,0.0,0.0,0.0,0.0,5.514912192287976,-0.2742378054739198,0.0,1.896948067157765,-0.9401506236092788,2.9312602625470663,-1.668685493456608,0.0,4.189140059190967,0.0,-0.2319065971621734,-0.5585421810036708,1.7111919417174837,0.0,0.0,-4.293517832140519,-0.5798079769413325,3.7588757924953287,0.0,-1.5820835330540683,-0.6379556468927703,0.815914109606704,0.0,-0.6445485943692875,2.8166523829431047,-2.186906385108755,-0.9146007208700296,0.0,0.0,0.0,0.9807846582036436,0.0,-2.350031926696712,0.6326298621205366,1.5859572455048234,-0.3917163807839112,0.0,1.6391318951489453,-0.5856115029718887,0.0,1.3406460708801493,1.6658990836954854,0.0,0.0,0.0,-3.620342784767489,0.0,0.0,0.9186198607633802,0.0,-1.292151740868272,0.0,0.0,0.0,0.0,0.0,0.0,0.0,0.9029795109101316,-2.797634619253281,0.0,-0.9486815750594144,-1.926924019345798,4.957398266746404,-2.4273813927746053,0.0,0.0,0.0,0.0,-0.7020269874565557,0.0,0.0,0.0,0.0,0.0,0.0,0.0,0.0,0.0,-3.0811061591687183,0.0,0.0,0.0,0.0,0.0,-4.310612265499819,0.0,0.0,-2.7850558370464213,-4.351673752297593,2.332466307266193,0.0,0.0,0.0,0.0,0.0,0.0,0.0,0.0,0.0
LILT_VF172_T017,1,0,0,1,1,1,1,1,0,0,1,1,0,0,0,1,0,1,0,0,0,0,0,0,0,0,1,0,1,0,1,0,0,1,0,0,0,1,0,0,1,1,0,0,0,0,0,0,0,0,1,1,1,0,1,0,0,0,0,0,0,1,0,0,1,0,0,0,0,1,1,0,0,0,0,0,0,0,0,0,0,0,0,0,1,1,1,0,0,0,0,0,1,0,0,0,1,0,0,0,0,0,0,0,0,0,0,3.2980636049922687,0.0,0.0,2.3266230513715365,0.3637725734369623,0.464564734836054,4.408867411395892,0.9591506379321176,0.0,0.0,-0.783410243994469,-1.1594322256034553,0.0,0.0,0.0,0.5205087524128253,0.0,0.9176275286106544,0.0,0.0,0.0,0.0,0.0,0.0,0.0,0.0,-2.680017933787179,0.0,0.1394690354241059,0.0,-1.734205693854213,0.0,0.0,-2.860548521700212,0.0,0.0,0.0,1.7770057052081234,0.0,0.0,0.2726090105873673,2.9100417531592795,0.0,0.0,0.0,0.0,0.0,0.0,0.0,0.0,0.7677111035305886,-3.588020444801232,-4.012716914837284,0.0,2.1050273703324494,0.0,0.0,0.0,0.0,0.0,0.0,-3.019824789376283,0.0,0.0,0.8210189891187185,0.0,0.0,0.0,0.0,-1.7737646044185342,-3.4270900779885944,0.0,0.0,0.0,0.0,0.0,0.0,0.0,0.0,0.0,0.0,0.0,0.0,0.0,0.3564236518823054,-2.553876133021784,1.0499395640098503,0.0,0.0,0.0,0.0,0.0,-2.3009327337647894,0.0,0.0,0.0,6.435415838906934,0.0,0.0,0.0,0.0,0.0,0.0,0.0,0.0,0.0,0.0
LILT_VF214_T016,0,0,0,0,0,1,0,0,0,0,0,0,0,0,0,0,0,0,0,0,0,0,0,0,0,0,0,0,0,0,0,0,0,0,0,0,0,0,0,0,0,0,0,0,0,1,0,0,0,0,0,0,0,0,0,0,0,0,0,0,0,0,0,0,0,1,0,0,0,0,1,0,0,0,0,0,0,0,0,0,0,0,0,0,0,0,0,0,0,0,0,0,0,0,0,0,0,0,0,0,0,0,0,0,1,0,0,0.0,0.0,0.0,0.0,0.0,2.086881714287844,0.0,0.0,0.0,0.0,0.0,0.0,0.0,0.0,0.0,0.0,0.0,0.0,0.0,0.0,0.0,0.0,0.0,0.0,0.0,0.0,0.0,0.0,0.0,0.0,0.0,0.0,0.0,0.0,0.0,0.0,0.0,0.0,0.0,0.0,0.0,0.0,0.0,0.0,0.0,-1.510957670044906,0.0,0.0,0.0,0.0,0.0,0.0,0.0,0.0,0.0,0.0,0.0,0.0,0.0,0.0,0.0,0.0,0.0,0.0,0.0,-1.0316150882813675,0.0,0.0,0.0,0.0,0.4250209880376989,0.0,0.0,0.0,0.0,0.0,0.0,0.0,0.0,0.0,0.0,0.0,0.0,0.0,0.0,0.0,0.0,0.0,0.0,0.0,0.0,0.0,0.0,0.0,0.0,0.0,0.0,0.0,0.0,0.0,0.0,0.0,0.0,0.0,0.0306700560007313,0.0,0.0
LILT_VF301_T016,1,1,0,1,1,0,1,1,1,0,1,1,1,1,0,1,1,1,1,1,0,1,1,0,1,0,1,1,1,0,1,1,1,1,1,0,0,1,1,1,1,1,1,1,1,1,0,0,0,1,0,1,0,1,1,0,0,1,0,0,1,1,0,1,1,1,1,1,1,0,1,1,0,0,0,1,1,0,0,1,0,0,1,0,1,1,1,0,1,1,0,0,0,1,0,1,0,1,0,0,1,0,1,0,1,0,0,3.2108244575226297,-0.0629797210867044,0.0,3.612101457659871,1.5612830190125688,0.0,2.368183422413435,3.0413733303456327,0.1189465453048359,0.0,1.7584284420634804,0.7556659784583095,0.7591624565467241,-0.933132891169862,0.0,2.125499510241601,0.2994674504465505,1.0055757993599226,-0.3870480251736032,0.8455119325325748,0.0,-1.999039418762732,0.3350301842465943,0.0,3.534022096282252,0.0,1.455546634152798,0.3216177543862064,-2.305241351730528,0.0,1.1240366726254811,0.1921665613136789,0.9129113201593104,-0.5800856894544364,1.0355321911697777,0.0,0.0,-0.679285755727822,0.4616837722100612,0.4626633132398741,-0.0543972642086294,3.21720986230268,-1.3518036904631057,-3.1873943207551148,-2.7504659431911658,1.4653340248733695,0.0,0.0,0.0,1.3281115326651332,0.0,-3.067330782400006,0.0,1.5274055086080789,1.8812783133440112,0.0,0.0,-0.7822093685260758,0.0,0.0,0.8530399713495533,-1.86062822205688,0.0,-4.386811308545189,1.3354267040772791,-2.3191577226173963,0.8117014182277971,-0.5644892441568583,-1.0421041148377777,0.0,0.8929832931513857,-2.9601496016966906,0.0,0.0,0.0,-3.204665907263775,-2.6530461639304925,0.0,0.0,-1.1832798818434322,0.0,0.0,2.628066852668647,0.0,0.6686561105575446,-2.24374163870292,-1.0130707731160735,0.0,-3.132426279677954,-1.9265913528044696,0.0,0.0,0.0,1.7950916225615414,0.0,-2.8852623581222745,0.0,0.5899616180606522,0.0,0.0,1.340175236042364,0.0,-1.008312789677697,0.0,-1.1075247884845387,0.0,0.0
SAMD00115024,1,1,1,1,0,1,0,1,1,0,0,0,0,0,0,1,1,0,0,0,0,0,0,0,0,0,0,1,1,1,1,0,0,0,0,0,1,1,0,1,1,1,0,0,0,0,0,1,0,1,0,1,1,0,1,1,0,0,0,1,0,1,0,0,1,1,1,0,1,1,1,1,0,0,0,0,1,0,0,0,1,1,0,1,0,0,1,1,0,1,0,0,1,0,0,0,0,0,1,1,0,0,0,0,0,0,0,-0.642449797314312,-5.246465470955579,-1.5226273318206718,4.5877317757545,0.0,0.0940268206431711,0.0,0.9663410055199853,1.7425436163410843,0.0,0.0,0.0,0.0,0.0,0.0,5.229967968314924,-3.0255911427357662,0.0,0.0,0.0,0.0,0.0,0.0,0.0,0.0,0.0,0.0,0.9470289873223644,0.179365215891418,1.494172084974877,0.3447224078583635,0.0,0.0,0.0,0.0,0.0,-3.243946509613035,0.5850560117840605,0.0,-2.6958190986843724,2.458048282940701,1.245179781741446,0.0,0.0,0.0,0.0,0.0,-0.5085141737336685,0.0,-2.44124202476865,0.0,-0.2556143427874529,-0.6738184766730471,0.0,0.0779319130213129,3.0672170987868776,0.0,0.0,0.0,1.64079663466601,0.0,-1.162948547385541,0.0,0.0,2.5058168001344185,0.6293939555778132,0.4965870253029167,0.0,-0.5757956873503651,-0.0948204068789597,-2.6791520461991607,-0.8250332289797884,0.0,0.0,0.0,0.0,-1.4257146551525173,0.0,0.0,0.0,-3.238767834134584,-1.1099459836827648,0.0,1.5699501966107252,0.0,0.0,0.3003632536409997,0.8513149045844096,0.0,1.4409020713492244,0.0,0.0,-1.0401667940896409,0.0,0.0,0.0,0.0,0.0,-1.6552836597538994,1.6092593999321745,0.0,0.0,0.0,0.0,0.0,0.0,0.0
SAMD00114999,0,1,0,1,1,0,0,1,0,0,0,0,0,0,0,1,0,0,0,1,0,0,0,0,0,1,1,0,1,0,1,1,0,0,0,0,0,1,0,0,0,0,1,0,0,0,0,1,0,0,0,0,0,0,0,1,0,0,0,0,0,0,0,0,1,1,1,0,0,1,1,0,0,0,1,0,0,0,0,1,0,1,0,1,0,0,1,0,0,0,1,0,1,0,0,0,0,0,0,0,0,1,1,1,0,0,0,0.0,-2.568262492538022,0.0,5.238958130432682,1.0011812452053168,0.0,0.0,-4.4688974195313484,0.0,0.0,0.0,0.0,0.0,0.0,0.0,2.5645034874814487,0.0,0.0,0.0,-1.2794649106157436,0.0,0.0,0.0,0.0,0.0,1.676013333968628,-5.068015650443018,0.0,1.0833522289816728,0.0,3.116025938784017,0.2097064670749029,0.0,0.0,0.0,0.0,0.0,-0.6914526321242835,0.0,0.0,0.0,0.0,-4.526884677181697,0.0,0.0,0.0,0.0,5.575889472281359,0.0,0.0,0.0,0.0,0.0,0.0,0.0,2.0964369787623336,0.0,0.0,0.0,0.0,0.0,0.0,0.0,0.0,4.912588439211287,-3.163232792811568,-1.5035517555455944,0.0,0.0,-1.685365274443511,0.2254824296690705,0.0,0.0,0.0,2.522758770149056,0.0,0.0,0.0,0.0,-6.428992203578619,0.0,3.3028852194479548,0.0,3.4999120895478084,0.0,0.0,-4.087186397431291,0.0,0.0,0.0,1.9237743574821933,0.0,-0.188229147679575,0.0,0.0,0.0,0.0,0.0,0.0,0.0,0.0,-1.0804571208699638,1.7815263598928806,-3.991002473578369,0.0,0.0,0.0
SAMD00114801,0,1,0,1,1,0,0,1,0,0,0,0,0,0,1,1,1,0,0,1,0,0,0,0,1,1,0,0,0,0,1,1,0,0,0,0,0,1,0,0,0,1,1,0,1,0,0,1,1,0,0,0,0,0,1,1,0,1,0,1,0,0,0,0,1,1,1,0,1,0,0,1,1,0,1,1,0,0,0,1,0,0,0,1,0,0,1,0,0,1,1,0,1,1,1,0,0,0,0,0,0,1,0,0,0,0,0,0.0,0.7127242558411535,0.0,2.9723201365038623,-0.3809220089983384,0.0,0.0,1.4414536407655696,0.0,0.0,0.0,0.0,0.0,0.0,-0.3400677911261566,2.211504684340261,-3.8199249512792512,0.0,0.0,-0.0303308294209292,0.0,0.0,0.0,0.0,0.2802370907160204,0.2610880748760363,0.0,0.0,0.0,0.0,1.7321279525706097,0.9927908863775216,0.0,0.0,0.0,0.0,0.0,1.8189561006433848,0.0,0.0,0.0,-2.80556574799169,-4.717566361371258,0.0,-3.652464486441845,0.0,0.0,2.0780433247185366,2.3671381546622063,0.0,0.0,0.0,0.0,0.0,-0.2799233349461532,3.1596740853143093,0.0,1.3853221292555549,0.0,-2.195930359277964,0.0,0.0,0.0,0.0,1.7963704718454363,-0.3270266333843056,-0.553858025808306,0.0,-0.6413758671036018,0.0,0.0,-1.4592205089630446,-0.3344665588258603,0.0,-0.0017191851637224,-3.222715624352072,0.0,0.0,0.0,0.4193373850875665,0.0,0.0,0.0,0.7966201882453309,0.0,0.0,-0.2494624027633172,0.0,0.0,1.11882595769741,0.0354088751385082,0.0,-1.4523267139998153,1.7928149745975976,-0.5248467270977872,0.0,0.0,0.0,0.0,0.0,0.0,-0.3830442508814579,0.0,0.0,0.0,0.0,0.0
SAMD00114735,1,1,1,1,1,1,0,1,0,0,1,1,0,1,0,1,1,1,0,1,0,0,0,1,1,0,1,1,1,1,0,1,0,1,1,1,1,1,0,1,1,1,1,1,1,1,1,1,0,1,0,0,1,1,0,1,0,1,1,0,1,0,1,0,1,1,1,0,1,1,1,1,1,1,0,0,0,0,0,1,1,1,1,0,1,1,0,1,1,1,0,0,1,1,0,1,0,0,0,1,0,0,0,0,0,0,0,2.684669823257741,0.6899774810559021,2.6934478628946934,1.4431827341071042,3.458003659977107,2.557542255318426,0.0,3.687969159576927,0.0,0.0,2.455562579731845,1.915759730141925,0.0,0.420952948713413,0.0,2.3080589631453314,-0.2002824666375353,0.0625971158275475,0.0,-0.3355644688738148,0.0,0.0,0.0,1.4288315419440138,2.3725046741335727,0.0,2.2931226039571464,2.3648386929974032,0.9665429204949412,0.1646352158416055,0.0,0.9442216697697678,0.0,-0.0986225355681629,3.936625128217609,-1.1112515135446557,-2.2156405874131364,-0.7160563375178375,0.0,-4.706149492749807,-3.294888508899455,0.8971571735734303,-1.9822456031483664,0.7398611523032836,-1.347674578694658,-0.6930447756246307,-2.948679097000384,0.1584708916784969,0.0,2.673791022805374,0.0,0.0,-2.671713152425445,-1.3962628088567404,0.0,2.9562637347504346,0.0,0.5094577540642776,-3.165704451802658,0.0,-2.6127607235891204,0.0,0.6848016799381312,0.0,0.5409337142677382,-2.750654605781506,-0.5136048209602591,0.0,-1.957007670558504,-1.0206465190524765,-0.3801087936416676,-2.577382884507469,-1.982983156961764,-0.0188989185751429,0.0,0.0,0.0,0.0,0.0,-1.3149898365211623,0.3233577859422312,-1.2085076298912891,2.62760762826192,0.0,0.1779567655192595,-3.151361576443253,0.0,-1.4541214605647053,-5.23080311812309,0.9728976093506426,0.0,0.0,-2.652794324756422,1.4725713565663412,0.0,1.7044565006899868,0.0,0.0,0.0,0.4217748878695493,0.0,0.0,0.0,0.0,0.0,0.0,0.0
SAMD00114831,1,1,1,1,1,1,1,0,1,1,1,1,0,1,1,1,1,1,1,1,0,1,1,1,1,1,1,1,1,1,1,1,0,1,1,0,1,1,1,1,0,1,0,1,1,1,0,1,1,0,0,1,0,0,1,1,1,0,0,0,1,1,0,0,1,1,1,0,1,1,0,1,1,0,1,0,0,1,0,1,0,0,0,1,0,0,1,1,0,1,0,0,1,1,0,1,0,0,1,0,0,0,0,0,0,0,0,1.076073635085674,-1.5706935248217126,-0.3492059191099814,2.947259318665882,2.4343648796659987,0.8386459165807592,4.812922211579782,0.0,1.3262225470234537,1.3286866033824472,0.5565570126896353,-0.2767649345834209,0.0,-4.617558981423951,-3.072199925674372,3.825445597982485,-1.985918249463741,-2.5210230063848136,-0.4576757825829856,-1.764832823144152,0.0,2.0830266973759084,0.2807218652850665,1.3576410070103504,1.6521155795917155,2.280260400098394,3.647759174213307,-2.5167946702752926,0.7901869696376509,-0.987520027332947,0.979475407060405,1.6827114728093782,0.0,-1.0639012992636503,0.2199341707183009,0.0,0.1528751315795053,0.6463556037260337,-0.6965127684432417,-1.1965267761971594,0.0,2.659892985926354,0.0,3.2007801356534307,-1.5982160212131,-5.078734696546119,0.0,0.7208549934626791,4.08753296032984,0.0,0.0,-3.467735503545068,0.0,0.0,1.234332029204688,3.053200344070441,-0.3977615471425282,0.0,0.0,0.0,-0.6115701835774723,-1.938158308065528,0.0,0.0,2.419974967865101,-0.6068280819070142,-0.4162541985329713,0.0,-0.022140623824457,-3.110748595791607,0.0,-4.050231974065037,1.0664730813215928,0.0,-4.593226880764419,0.0,0.0,-5.442128590733597,0.0,-2.003801415602759,0.0,0.0,0.0,-1.4175797904470389,0.0,0.0,-0.9413206672632852,0.5579782789703769,0.0,2.298140031847442,0.0,0.0,-1.3485333728702775,1.8666700498096824,0.0,2.111187474199688,0.0,0.0,-0.0741593938297395,0.0,0.0,0.0,0.0,0.0,0.0,0.0,0.0
SAMD00114758,1,1,1,1,1,1,0,1,1,0,1,0,1,1,1,1,1,1,1,1,0,0,1,0,0,0,1,1,1,0,1,1,1,1,1,0,1,1,1,1,1,1,0,0,1,0,1,0,0,0,0,1,1,0,1,0,0,1,0,1,0,1,0,1,1,1,1,1,1,0,0,1,0,0,0,1,0,1,1,0,0,0,0,0,0,0,1,1,1,1,1,0,1,1,0,0,0,0,0,1,0,1,0,0,0,0,0,2.593804190902774,-3.380671251901245,0.4759600927470677,3.1607422937408343,3.1063698043893417,3.0400145375109826,0.0,2.681621904009301,0.2227572357046363,0.0,1.221262619019474,0.0,1.3521220585474931,-0.6510423308394195,-2.4917454116331053,1.2197329937873156,-1.9646592669953344,-0.2346960113365799,0.1464107734677153,-5.310353864334802,0.0,0.0,-0.1618772299698159,0.0,0.0,0.0,0.6983554987132089,1.653968104157193,-0.0346854254765887,0.0,-0.4904699243420933,-0.2166036635280399,-1.269281325812705,-2.799953365720582,3.733612601335574,0.0,-1.933391453518105,-0.437578566591724,-2.472594118564479,-2.027908297303034,1.5444016985080244,3.6900363493580137,0.0,0.0,-3.0509409432059647,0.0,1.146493175644442,0.0,0.0,0.0,0.0,-1.677225364292935,-0.8537163658697458,0.0,-0.017155209872119,0.0,0.0,2.116698099699956,0.0,-1.147407743485371,0.0,-0.2789038436702515,0.0,0.6588398711694988,2.019575905466491,1.7632738697168342,1.34378050554576,-3.045075823753568,-1.787728558836256,0.0,0.0,-0.2503919973127899,0.0,0.0,0.0,-0.3800938840801022,0.0,0.9392542432705248,0.3015655340662256,0.0,0.0,0.0,0.0,0.0,0.0,0.0,0.4957775534901275,-1.0551407948456066,-0.1754671932725251,0.122506706727083,0.6695119870705761,0.0,-2.7223780544345537,2.139475919938894,0.0,0.0,0.0,0.0,0.0,0.267167838589198,0.0,-2.2059566814951053,0.0,0.0,0.0,0.0,0.0
SAMD00114802,1,0,1,0,0,1,0,1,0,1,1,0,0,0,0,1,1,0,1,0,0,0,0,0,1,0,1,1,1,0,1,1,0,0,1,1,0,1,0,1,1,1,0,0,1,0,0,1,0,1,0,1,1,1,1,0,0,0,0,0,1,1,0,0,1,1,1,0,1,1,0,1,0,1,0,0,0,1,0,0,1,1,0,1,0,0,1,0,1,0,0,1,1,0,0,0,1,0,0,0,0,1,0,0,0,0,0,1.393421173846413,0.0,-0.4740337733443394,0.0,0.0,-0.4345823530727204,0.0,3.706667693427786,0.0,1.5388305607358272,0.1384167401796467,0.0,0.0,0.0,0.0,2.933771477452768,-1.372713987209859,0.0,-1.0838990269060866,0.0,0.0,0.0,0.0,0.0,1.8518225031155573,0.0,0.2550541028503712,-2.0751995797851084,-0.8472599941169923,0.0,0.188325885478872,0.7742495344034585,0.0,0.0,1.3765081811708897,-2.3578599571371583,0.0,0.3204881406245796,0.0,-2.0472194151294696,-1.095686982658129,2.558675919534748,0.0,0.0,1.3764791725408203,0.0,0.0,-0.4865716668648014,0.0,2.494416936961757,0.0,-1.0677261676604857,-4.317833315648489,-4.122663616376685,2.2935528422114184,0.0,0.0,0.0,0.0,0.0,0.8815682406843636,-2.240549272108674,0.0,0.0,3.025353111362375,-0.4259250551856921,0.3972731082912815,0.0,-0.9563510221963908,-3.898102630381501,0.0,1.3295612393359324,0.0,-6.46873382131047,0.0,0.0,0.0,1.7534517659132731,0.0,0.0,1.8215587699138456,-0.4756964376845094,0.0,-1.083050202476885,0.0,0.0,-0.2340326512101553,0.0,0.5937434028672177,0.0,0.0,-0.3855007120641287,-0.7237146233310787,0.0,0.0,0.0,5.952565788554328,0.0,0.0,0.0,0.0,-0.2808500275976946,0.0,0.0,0.0,0.0,0.0
SAMD00114756,1,1,1,0,1,1,1,0,0,0,1,0,0,1,0,1,1,1,1,1,0,0,0,0,1,1,0,1,1,1,0,1,0,0,0,0,0,1,0,0,0,0,0,0,1,0,0,1,0,1,1,0,0,1,1,1,0,1,0,0,0,0,0,0,1,1,0,0,0,1,1,0,0,0,0,0,0,0,0,0,1,1,0,0,1,1,1,0,0,0,0,0,0,0,0,0,1,0,0,0,1,0,0,0,0,0,0,1.5298093647914,-1.842052538384921,-0.89902565001973,0.0,1.608271429527904,0.7843510068358786,3.5496628332092146,0.0,0.0,0.0,-0.85273407527675,0.0,0.0,-2.417928847192124,0.0,0.8117085359607699,-0.3368493035080497,-0.9547493433840182,0.7153533731153443,-2.581412562099997,0.0,0.0,0.0,0.0,-1.883450735744512,3.776128540910857,0.0,-0.9419286549549568,-1.1874258553569517,-1.1769445778893686,0.0,-1.9296505977029068,0.0,0.0,0.0,0.0,0.0,-0.0807047695748894,0.0,0.0,0.0,0.0,0.0,0.0,-0.8425055510502539,0.0,0.0,-1.2614601491168291,0.0,-0.4769488642446693,2.285973377179846,0.0,0.0,3.0869360998299245,1.424269559226588,0.9215675138720998,0.0,-0.319408179996131,0.0,0.0,0.0,0.0,0.0,0.0,-0.2134447098431002,-1.2380136112381903,0.0,0.0,0.0,-1.4770254739380042,-1.363445472073629,0.0,0.0,0.0,0.0,0.0,0.0,0.0,0.0,0.0,-0.6960408554527739,1.7822269487712767,0.0,0.0,0.6262031942741446,-2.990746146986083,-5.220469891715256,0.0,0.0,0.0,0.0,0.0,0.0,0.0,0.0,0.0,6.999367982253851,0.0,0.0,0.0,3.2825366569850014,0.0,0.0,0.0,0.0,0.0,0.0
SAMD00114980,1,1,0,1,1,1,0,1,0,1,1,0,1,1,0,1,1,1,1,1,0,0,0,1,1,0,1,1,1,1,1,1,1,1,1,0,1,1,0,1,1,1,0,0,1,1,1,1,0,1,0,1,0,0,1,0,0,1,0,0,0,1,1,0,1,1,1,0,1,0,0,1,0,0,0,1,1,1,1,1,1,0,0,1,0,0,1,1,0,0,0,1,1,1,0,1,0,1,0,0,0,0,1,0,0,0,0,1.193977103700592,-4.963277708954174,0.0,4.699636959759475,0.4335171646022804,0.5189658290825689,0.0,4.142643255309073,0.0,1.4156612181512764,1.70237946919793,0.0,1.1281146546388745,0.365230339445457,0.0,2.0913293561908994,-0.1295619223628781,-3.9592813966609137,-0.5172620204785028,-5.286299147851264,0.0,0.0,0.0,0.5980247229143661,-0.3560783331649828,0.0,1.158700988163921,-0.2363509109498283,0.2190031427566932,1.210747081737582,1.8915985892794789,1.2833437012068778,-1.6175856963988573,-1.456876073842495,0.907577546771611,0.0,0.3457889678578252,0.3061095639236592,0.0,-1.6489023282750224,-0.6718911862631831,3.383149403227315,0.0,0.0,-2.096622477675325,-3.8073141238145984,1.7763115985082514,-1.0664740998893976,0.0,2.4660143737418885,0.0,-6.2889474482576295,0.0,0.0,1.6131773520965165,0.0,0.0,1.824443956845811,0.0,0.0,0.0,-2.844264954655736,1.895221672421549,0.0,2.314682445250323,-0.3931951225461776,1.1763149544123048,0.0,-0.1817062342040045,0.0,0.0,-2.2681579693309555,0.0,0.0,0.0,-0.0397295522930556,0.290984359981016,2.2496426391097444,0.2328281139006911,1.0728763442005524,0.1445284066159833,0.0,0.0,-4.840875727441496,0.0,0.0,-3.2113641482733186,-0.5526281872170349,0.0,0.0,0.0,-0.2797489249171017,-3.8305324139166057,2.5740885047823454,0.0,1.2178490081291058,0.0,2.1009202640399183,0.0,0.0,0.0,0.0,0.5995450576807944,0.0,0.0,0.0,0.0
SAMD00114981,1,0,1,1,1,1,0,1,1,1,1,1,1,1,0,1,1,1,0,0,0,0,0,1,1,0,1,1,1,1,1,1,0,1,1,1,1,1,0,1,0,0,0,1,1,1,1,0,0,1,1,0,0,0,1,0,0,0,0,0,0,1,1,0,0,1,1,0,1,0,1,1,0,0,0,0,0,0,0,1,0,0,1,0,1,0,1,0,0,0,0,1,1,1,0,0,0,0,0,0,0,1,0,0,0,0,0,2.5999881590380265,0.0,-0.8068838614975777,4.182394836613576,0.6746244747029116,0.5381658702430918,0.0,4.147894878720956,-0.8218095117142534,1.12329216781163,0.5945510330142344,-0.1826917602437814,-0.6579166607432159,-2.0785905669817684,0.0,2.836880149861752,-2.558608947877338,-3.13628021194228,0.0,0.0,0.0,0.0,0.0,-1.818008696042572,1.2168547891878667,0.0,2.173371231328628,-1.345003951228097,0.6274445200884209,1.3191450336172508,1.15965359607743,1.7544338927098613,0.0,-0.7692924766069862,2.318650637751058,0.1918788593876248,-3.4523816394338462,0.7937393008169796,0.0,-1.441063565969407,0.0,0.0,0.0,1.3145895245495296,0.8462147638033455,-3.518113715517168,0.3438444283095461,0.0,0.0,-1.0403093683112334,3.734379514422283,0.0,0.0,0.0,2.8884719302926847,0.0,0.0,0.0,0.0,0.0,0.0,-3.890686273389441,0.0218912777875359,0.0,0.0,-0.6889048818805399,1.4750521084577015,0.0,-1.0961898267056902,0.0,1.1561724766270216,-2.21305704329248,0.0,0.0,0.0,0.0,0.0,0.0,0.0,-1.4073216439532554,0.0,0.0,-0.1780165641550917,0.0,-3.0765084686423627,0.0,-2.541673059215912,0.0,0.0,0.0,0.0,-0.349659958898241,-1.4691204373497062,2.792564744649382,0.0,0.0,0.0,0.0,0.0,0.0,0.0,-2.2880511082780925,0.0,0.0,0.0,0.0,0.0
SAMD00114985,1,1,0,1,1,1,0,1,0,0,0,0,0,0,0,1,1,1,0,1,0,0,0,1,0,1,0,1,1,1,0,1,0,1,0,0,0,1,0,0,0,1,1,0,1,1,0,1,1,0,0,0,1,0,1,1,0,0,0,1,0,0,0,0,1,1,0,0,1,0,1,1,1,0,1,0,0,1,0,1,1,1,0,1,0,1,1,0,0,1,0,1,1,0,0,0,0,0,0,0,0,1,0,0,0,1,0,-1.0356604425437717,3.3439442788481086,0.0,2.667469429490663,-0.0822625999514328,-1.9947765775663373,0.0,3.3824851831345417,0.0,0.0,0.0,0.0,0.0,0.0,0.0,2.9257401727525627,-0.8890674526752116,-3.952797077474653,0.0,0.2948144357914375,0.0,0.0,0.0,1.4560656344841918,0.0,2.083668353681544,0.0,-0.3221364261301782,-0.1788359677828876,2.2107331673841646,0.0,2.357559174220774,0.0,0.3534266937304184,0.0,0.0,0.0,0.1010067820989724,0.0,0.0,0.0,2.1882723471031347,-1.6917894170797598,0.0,-0.8537426115677988,-0.3204428500225516,0.0,0.8002415314963426,4.065067753138648,0.0,0.0,0.0,-3.331464290081329,0.0,2.07627748824971,2.6560319124527645,0.0,0.0,0.0,-6.319210212002671,0.0,0.0,0.0,0.0,2.2367796516252434,-1.3725479424017,0.0,0.0,0.0172936652626525,0.0,4.672807153253984,0.1579020012473546,0.8284205822708891,0.0,-2.3999407980537573,0.0,0.0,3.691438506773804,0.0,-5.488279329079672,-0.2828592142057302,0.7183165591196101,0.0,-1.8919169294758669,0.0,-2.7580350055040634,-2.336559308835419,0.0,0.0,-0.1075610323206177,0.0,-3.9485417519045134,0.4603500598393647,0.0,0.0,0.0,0.0,0.0,0.0,0.0,0.0,-1.0379696457405576,0.0,0.0,0.0,-3.149715635050395,0.0
SAMD00114988,1,1,1,1,1,1,0,1,1,0,1,0,0,0,0,1,1,1,0,1,0,0,1,0,1,0,0,1,1,0,1,1,1,0,0,0,0,1,0,1,0,1,0,1,1,1,0,1,1,0,0,0,1,0,1,1,0,0,0,1,0,0,0,0,0,1,1,0,0,1,1,0,0,0,1,1,0,1,0,1,1,1,0,1,0,0,1,0,0,0,0,1,1,1,0,0,0,0,0,0,0,1,1,0,0,0,0,1.6624700917609152,-4.439419165572962,1.1041401842434606,4.461822298177077,2.1839477045431046,1.0409175973195337,0.0,-3.746271985013016,0.8368749831033772,0.0,0.8597135784342956,0.0,0.0,0.0,0.0,4.217867976672991,-0.2124751655058299,-1.6062058215167454,0.0,-6.309711908225698,0.0,0.0,-0.4660538289982627,0.0,0.6097200304868768,0.0,0.0,0.2899718321855868,-0.4633298048406538,0.0,1.194895573031687,1.6349540689966626,-0.0519316379382981,0.0,0.0,0.0,0.0,0.7065108196007943,0.0,-3.0182418613877102,0.0,3.060156257592231,0.0,3.198279795239719,1.3154048094369784,-3.9370887385280433,0.0,0.4262078196040018,-5.964871421933969,0.0,0.0,0.0,-2.734396461222416,0.0,-0.2593774497625947,3.836128028820699,0.0,0.0,0.0,-0.6691964322797614,0.0,0.0,0.0,0.0,0.0,0.0292977975811401,0.9031174394697524,0.0,0.0,-1.086498484758931,-3.927989494672929,0.0,0.0,0.0,-1.2962049243867502,0.3182516560252265,0.0,1.5183104999986865,0.0,0.8270988240544577,-0.0339533746940208,1.355030298956847,0.0,0.4367232610259942,0.0,0.0,-2.852591443331587,0.0,0.0,0.0,0.0,0.2965672499556456,-0.003651328739592,0.8014962885029369,0.0,0.0,0.0,0.0,0.0,0.0,0.0,1.5879198095760405,2.3656641589130465,0.0,0.0,0.0,0.0
SAMD00114993,1,1,0,1,1,1,1,0,0,0,1,1,1,1,0,1,1,0,0,1,0,0,1,0,0,0,1,1,1,1,1,1,0,0,1,0,0,1,0,0,0,0,1,0,0,1,0,1,0,0,0,0,0,0,1,1,0,0,0,0,1,1,0,0,1,1,1,0,0,1,1,0,0,1,1,1,0,0,0,1,0,1,1,1,0,0,0,1,0,0,0,0,1,0,0,0,0,0,0,0,0,0,0,1,0,0,0,0.4809168499811674,-0.5209265942693497,0.0,2.999060168644288,1.4474225906001068,-0.3789530520891007,4.921809300202145,0.0,0.0,0.0,0.3210905412297501,1.467438916594615,3.2870067703459416,-1.108267154217882,0.0,2.6027414494782013,-0.6396443072162534,0.0,0.0,0.1169534709134987,0.0,0.0,-1.3282796365328873,0.0,0.0,0.0,1.82796223391832,-1.2212948311445455,0.5768114953047052,-1.3613320923153227,1.676638775629737,1.936030662671732,0.0,0.0,1.3372642295810369,0.0,0.0,-0.1977532366133561,0.0,0.0,0.0,0.0,-1.6132560233163027,0.0,0.0,-2.439602094419569,0.0,1.9856903547232283,0.0,0.0,0.0,0.0,0.0,0.0,1.2856334699298595,3.4095310551739884,0.0,0.0,0.0,0.0,-1.343652923170943,-4.519043636099405,0.0,0.0,2.383809067366844,-3.1778229496043906,-1.390312026331421,0.0,0.0,-5.761224495264236,1.954293415331557,0.0,0.0,-4.543660263734761,-0.0939604233808832,-1.1284391422431714,0.0,0.0,0.0,0.9344182714211292,0.0,0.7247116214596276,0.0190315723098135,-0.4218156968132456,0.0,0.0,0.0,0.1682246607242958,0.0,0.0,0.0,0.0,-0.5647067404624737,0.0,0.0,0.0,0.0,0.0,0.0,0.0,0.0,0.0,0.0,-4.110543624296087,0.0,0.0,0.0
SAMD00114751,1,1,1,0,0,1,0,1,1,1,1,1,0,1,0,1,1,1,1,1,0,0,1,1,1,0,1,1,1,1,1,1,1,1,0,0,1,1,1,1,1,1,1,1,1,1,0,1,0,1,0,0,1,0,1,1,0,1,0,1,0,0,1,0,1,1,1,0,0,1,0,0,0,0,0,0,1,0,0,1,0,1,0,0,0,0,1,0,0,0,1,1,0,1,0,0,1,1,0,0,1,0,0,0,0,0,0,3.9353747161810144,0.9300351134734156,0.6894590032891693,0.0,0.0,1.364434839799456,0.0,4.020429927022855,-0.9032767336348166,2.141901540875081,0.7946652492170867,-0.2100908541332826,0.0,-1.6687948866374815,0.0,3.549625029895412,-2.401835331308474,0.1846752198647218,-1.3022997881027691,-2.432433814808114,0.0,0.0,-0.7250916873926423,3.466226962395784,3.058332227153792,0.0,1.118711550160065,0.414881310766379,-0.4661709696841565,1.6038212279608055,1.5773185198434594,-0.5297401063049365,0.2342237925050999,-2.49051702588914,0.0,0.0,0.6153147060257114,-1.1241975249133074,-1.6527813376765863,-0.0688544204383834,0.9471264006771134,-5.003832495949558,-1.314953041835622,2.5553446211452107,0.5435876129519317,0.936867392227576,0.0,-2.870938776994479,0.0,2.476714404543736,0.0,0.0,-3.4721035678427743,0.0,1.5490219653353687,0.8644871194664725,0.0,1.2779275281217215,0.0,-4.083810416462545,0.0,0.0,1.1992042388293005,0.0,1.3982474252505848,-0.1852104313665394,0.0028698405534277,0.0,0.0,-0.5877543987188127,0.0,0.0,0.0,0.0,0.0,0.0,-0.4040506327091568,0.0,0.0,1.4313963480185468,0.0,-2.0435337235746447,0.0,0.0,0.0,0.0,-2.3361500830852595,0.0,0.0,0.0,0.7364411132495977,1.561254756570616,0.0,0.0587625370774087,0.0,0.0,-3.917759556534184,-6.380824464407136,0.0,0.0,1.3383218299568802,0.0,0.0,0.0,0.0,0.0,0.0
SAMD00114752,1,1,1,1,1,1,0,1,1,0,1,0,1,1,1,0,1,1,1,1,1,0,1,1,1,0,1,1,1,1,1,1,0,1,1,0,1,1,1,1,1,1,1,1,1,1,1,1,0,1,0,1,0,1,0,1,1,0,0,0,0,1,1,1,1,1,1,0,1,0,1,0,0,0,0,0,1,0,0,1,1,0,0,0,0,0,1,0,0,0,1,0,1,1,0,1,0,0,0,1,0,0,1,0,0,0,0,2.689282189799794,0.0920739608032255,-1.0797522454217254,4.344322543295605,0.6830956155251935,-0.5666058136873342,0.0,-5.633728436957803,0.0590503220415368,0.0,0.8530074281997313,0.0,1.3987042954631552,-2.1323727268251043,1.354884892107039,0.0,-2.8424475817058683,-0.3438427436865701,-0.1721777734916576,-0.571133403930836,0.5030404990435369,0.0,-0.8507278966192613,1.8632328346339453,1.973202981643035,0.0,3.3147287812136854,-0.5912776228802128,0.1742157218372455,1.958737592374841,1.157800377301466,1.6908921292544985,0.0,-1.9862607739014195,-0.3911830983351545,0.0,-0.210858546698136,-1.6646832953188977,0.2840743374187224,-0.0988112917676042,-1.238115273307469,2.570030010897388,-2.43236352774141,1.8448411473708133,-0.4104193025380398,-0.5413682514333458,3.0238565230617445,-1.3960734094613083,0.0,2.375926175267512,0.0,-3.0144063514642765,0.0,-0.7365929119849415,0.0,4.108010144858119,0.6822776195695617,0.0,0.0,0.0,0.0,-1.7015329133470696,1.3045834975910129,-0.8665677629593402,2.4680093430001,-2.92065940474365,0.3248425083574316,0.0,-2.381089434767084,0.0,-0.3280326972978868,0.0,0.0,0.0,0.0,0.0,-1.4241197320988024,0.0,0.0,-1.4482275360397512,-0.3691337181157417,0.0,0.0,0.0,0.0,0.0,-3.4396534685244795,0.0,0.0,0.0,0.6853246638281595,0.0,-4.076577360970131,1.372411193945584,0.0,2.308503044290421,0.0,0.0,0.0,0.1356533167879885,0.0,0.0,0.2621806172401868,0.0,0.0,0.0,0.0
SAMD00114725,1,1,1,1,1,1,0,1,1,0,1,1,0,1,0,1,1,0,1,1,0,0,0,0,1,0,1,0,1,0,0,0,0,1,1,0,1,1,0,1,1,0,1,0,0,1,1,1,0,1,0,0,0,0,1,1,1,0,0,1,1,1,0,0,1,1,1,0,1,1,1,0,0,1,1,0,0,0,0,0,1,0,0,1,0,0,1,0,0,0,0,0,0,0,0,0,0,1,0,1,0,1,0,0,0,0,0,2.56573762213628,-4.581804213287624,-0.2231440280110845,3.226740554241668,0.9923595314201838,0.932506549290918,0.0,4.2214814221393455,-0.2035242006332582,0.0,-0.9235838895459488,0.7476708701931883,0.0,-4.017057172727814,0.0,3.3495104085517227,-0.4888456526734006,0.0,-2.3941668440681765,-0.5665947990124094,0.0,0.0,0.0,0.0,2.0794020751043742,0.0,2.619662019277708,0.0,0.9279989889915036,0.0,0.0,0.0,0.0,-0.8676242643586605,1.2423638375063932,0.0,-0.0121320384253358,1.4962699680723182,0.0,1.7822692888047715,-0.5829175795496131,0.0,-0.578053362419253,0.0,0.0,0.6864679446538271,0.5046971688841227,1.6333466740860771,0.0,-1.991606302317396,0.0,0.0,0.0,0.0,1.4124818344058838,-3.444255362920869,-5.213186799592724,0.0,0.0,-2.02562965798195,1.7131806516430617,-4.711780397743224,0.0,0.0,2.550144481220843,-0.1675463962977772,0.4851817405765394,0.0,-0.8195738998337709,-2.138373819401388,1.7866395173181593,0.0,0.0,-2.239306126046536,-1.5891236829815287,0.0,0.0,0.0,0.0,0.0,1.432696281337384,0.0,0.0,-0.3291230471859305,0.0,0.0,-0.0956297092716889,0.0,0.0,0.0,0.0,0.0,0.0,0.0,0.0,0.0,0.0,1.8586076069670008,0.0,1.2583300036286602,0.0,-1.3011637941645773,0.0,0.0,0.0,0.0,0.0
SAMD00114787,1,1,1,0,1,1,1,1,1,0,1,1,0,1,1,0,1,0,1,1,0,0,0,0,1,0,1,0,1,0,1,1,0,0,1,0,0,1,0,1,0,0,1,0,0,1,1,1,0,1,0,1,1,0,1,1,1,0,0,0,0,1,0,0,1,1,0,0,1,1,1,1,0,0,1,1,0,0,0,1,0,1,1,1,0,0,0,0,0,1,0,1,1,1,1,1,0,0,0,0,1,0,0,0,1,1,1,2.274114065457854,3.0062729939486075,2.2004756198925435,0.0,2.6711427236407568,0.2512138375430573,-5.968291341491836,-4.903928975866804,0.4374712421713739,0.0,0.5400712638664155,1.2301339657950756,0.0,-0.2334148440537836,2.1912336278554507,0.0,0.7567301745389401,0.0,-1.2707537771610289,2.346192039843382,0.0,0.0,0.0,0.0,2.0324814801339985,0.0,0.5775081189793044,0.0,0.2819178736278636,0.0,0.042530100789948,0.8834065216076784,0.0,0.0,2.48041318031065,0.0,0.0,0.8242571259715206,0.0,-1.935213442167276,0.0,0.0,-3.865143137511012,0.0,0.0,-0.348476213088254,1.2411310945087457,0.3652214976959402,0.0,2.297080799825839,0.0,-3.5432204833145,-3.1344839968241534,0.0,1.7941156443261137,3.342068032899624,-2.739365180770133,0.0,0.0,0.0,0.0,-1.9572917910157863,0.0,0.0,2.6493521483543176,-0.4484074240170664,0.0,0.0,-0.8007961979717123,-0.3763625462228196,0.7232659070761149,-3.0623290673665533,0.0,0.0,-7.097675288826698,0.493129485256059,0.0,0.0,0.0,-2.107455309681377,0.0,2.92972094368308,1.753572039391052,-0.4052814207167162,0.0,0.0,0.0,0.0,0.0,3.102424654404088,0.0,-1.1389276505333314,-2.618564480624429,1.5345582917381586,-0.6377708344491636,0.5590018150878213,0.0,0.0,0.0,0.0,2.531920088726586,0.0,0.0,0.0,0.7522942840078817,-1.3207004396197917,-1.1825688396616298
SAMD00114820,1,1,1,0,1,1,0,1,1,0,1,1,0,1,0,1,1,0,1,1,0,0,1,0,1,0,1,1,1,0,1,1,1,1,1,1,1,1,0,0,1,1,1,0,1,1,0,1,0,0,0,1,1,0,0,0,0,1,0,1,0,1,0,0,1,1,1,0,1,1,0,0,0,0,0,0,1,0,0,1,0,1,0,0,0,0,1,0,0,0,0,0,1,0,0,0,0,0,0,1,0,0,0,0,0,1,0,2.78454819920145,0.2041619311567692,2.167437721879349,0.0,0.8700946305872503,-0.3095926771911723,0.0,4.581006865040011,0.6484500029460109,0.0,1.463575989572859,1.5343432087168294,0.0,-2.1117342994758,0.0,3.50366054561808,0.269891120453799,0.0,-0.2483485406414491,-3.01449765411712,0.0,0.0,0.6151521988948506,0.0,3.164925683834924,0.0,4.51180315633928,1.5566005489505703,0.7819541534512434,0.0,2.027331969730641,1.5835973687781295,0.8194678018934527,0.4595051418653771,0.4396120452271135,0.8644755204288955,1.3531696198764511,-0.2602714768988057,0.0,0.0,-3.574113442052542,1.9150197083848373,-4.217184284632311,0.0,-3.365123638176426,-1.5142887341187656,0.0,0.7300246945028892,0.0,0.0,0.0,-6.248937995526432,-2.553219237762254,0.0,0.0,0.0,0.0,1.4602647718938064,0.0,-3.230907173249985,0.0,-3.764031345738432,0.0,0.0,2.7257942086627045,0.8216528294918405,0.4810734680909491,0.0,-4.240592375530326,-0.3695558518339252,0.0,0.0,0.0,0.0,0.0,0.0,-0.52074989350209,0.0,0.0,1.247257329629027,0.0,1.7745180234113842,0.0,0.0,0.0,0.0,-1.9353791601300103,0.0,0.0,0.0,0.0,0.0,-1.9898547470682435,0.0,0.0,0.0,0.0,0.0,0.0,0.771322800921353,0.0,0.0,0.0,0.0,0.0,-4.6633107317860505,0.0
SAMD00114821,1,1,1,1,1,1,0,1,1,0,1,1,0,1,0,1,1,1,0,1,0,1,1,1,1,0,1,1,1,1,0,0,0,1,1,0,1,1,0,1,1,1,1,1,1,1,1,1,0,1,1,1,0,0,1,0,0,0,0,0,0,1,0,0,1,0,1,0,0,1,0,0,0,0,1,0,0,0,0,1,1,1,0,0,0,0,1,0,0,0,0,0,1,0,0,0,0,0,0,1,0,0,0,1,0,0,0,2.886749431577196,1.4248050508792565,2.950488239285622,-0.489633898901346,2.1752084146331887,1.597598406028735,0.0,2.637676038523156,1.260215189972683,0.0,2.259600538429269,1.824806589817954,0.0,-1.3676165196176138,0.0,1.1291594472635436,1.57901345923936,-1.5971847945702669,0.0,-0.1178347499114023,0.0,1.998218115062428,0.5563013712113567,3.013508829647599,2.717112406897588,0.0,3.5425613615755567,-0.2349879850294365,0.1506338445497937,0.290274680375171,0.0,0.0,0.0,-0.0570232405137477,1.6768103295190135,0.0,-1.4646008203017835,-1.7083609161509088,0.0,-1.8768821551651087,-2.7594701780995186,-1.776480630447684,-0.6986065238199666,1.4005596427379343,-2.816425071026991,-0.8978638299027433,1.9274447530986845,0.0769269112369847,0.0,1.7445256856311688,2.3989352925010112,-1.972621884823708,0.0,0.0,0.6059014642622843,0.0,0.0,0.0,0.0,0.0,0.0,-2.8018793600246124,0.0,0.0,-1.1582939039778473,0.0,-2.204202821400273,0.0,0.0,-4.23456003800254,0.0,0.0,0.0,0.0,-4.167922880208048,0.0,0.0,0.0,0.0,1.222590904032237,2.493750885606873,1.179543974983283,0.0,0.0,0.0,0.0,-2.958305658262435,0.0,0.0,0.0,0.0,0.0,-3.721384236891596,0.0,0.0,0.0,0.0,0.0,0.0,-0.4496449224663277,0.0,0.0,0.0,-7.189134239063023,0.0,0.0,0.0
SAMD00114827,1,1,1,1,1,1,1,0,1,0,1,1,1,1,1,1,1,1,1,1,0,0,1,1,1,1,1,1,1,1,0,1,0,1,0,0,0,1,1,1,1,0,0,0,1,0,1,0,0,1,0,1,0,1,1,1,1,0,0,1,1,1,0,1,1,1,1,0,1,0,0,1,0,0,0,0,0,0,0,1,0,0,0,0,0,0,1,0,0,0,0,0,0,0,0,0,1,0,0,0,0,0,0,0,0,0,0,2.7440061538522764,-2.608468139551201,1.2649210308367218,0.2339478228350819,2.0157611005857623,0.3045199388690929,0.5513659274317517,0.0,2.251794608043955,0.0,0.687594161697809,0.6664291313420703,2.424714942513488,-0.7852049983357081,-0.0557683784681533,-2.0774818680129448,0.8872341473234717,-2.069379409166616,2.751789432157046,-1.8358318079330167,0.0,0.0,0.2173937917884227,-0.5613645766558508,2.548460339284701,2.509343397639401,2.119159621771936,2.2529517030934083,1.2111458416613787,-1.7396623918671503,0.0,-0.9048778335537078,0.0,-0.0212909673494452,0.0,0.0,0.0,-1.426031617171958,-0.1573771721795469,-0.8276519307875798,-0.958469473136664,0.0,0.0,0.0,1.664548087450659,0.0,0.2518493973329681,0.0,0.0,1.8467603528704872,0.0,-0.6039863225573106,0.0,-3.614137590291743,0.0666913912400806,0.0693947644858525,0.5729006109593672,0.0,0.0,-1.2243898458202214,-3.5668614309535265,0.4009498020019748,0.0,-2.420811274360295,0.0830281635892702,-1.666284225683787,-0.5635819517641525,0.0,-3.4798500539638964,0.0,0.0,-3.470633398858973,0.0,0.0,0.0,0.0,0.0,0.0,0.0,3.247237854858418,0.0,0.0,0.0,0.0,0.0,0.0,-3.4654046287761737,0.0,0.0,0.0,0.0,0.0,0.0,0.0,0.0,0.0,4.258907769682763,0.0,0.0,0.0,0.0,0.0,0.0,0.0,0.0,0.0,0.0
SAMD00114828,1,1,1,0,1,1,0,0,0,0,1,1,0,1,0,1,0,1,1,1,0,0,1,0,1,1,0,1,1,1,1,1,0,1,1,0,1,1,1,1,0,1,0,1,1,0,1,1,0,1,1,1,1,0,1,1,0,0,1,0,0,1,0,1,1,1,1,1,1,1,0,1,0,0,0,0,1,0,1,1,1,0,0,1,1,0,1,1,0,0,0,0,1,0,0,0,0,1,0,1,0,0,0,0,0,0,0,2.152651550565558,-1.376002384010736,1.516363059354256,0.0,0.916092396926031,0.4008631211807183,0.0,0.0,0.0,0.0,3.164583791812666,0.2253353813719949,0.0,-2.5220812099177694,0.0,3.670203814822884,0.0,0.4008631211807183,0.2262251690950076,-1.7665284631703948,0.0,0.0,-0.3290742685257537,0.0,-1.636301753946236,2.785970817663715,0.0,-1.3749994754922137,-0.6970025695635471,1.8933383769991807,2.782115305164953,0.4674449769702,0.0,-2.0814667319010853,2.097909168051576,0.0,-1.7103095969332494,-0.529220697069267,-0.522958613556525,1.3639503600166123,0.0,3.49387267708957,0.0,1.5566753159778175,0.794535263930921,0.0,2.8667973597842527,0.2454442103654648,0.0,-2.9515052982751806,3.694957014163833,-5.507763147618259,-4.892577508528025,0.0,3.5247714560259897,3.581049216287921,0.0,0.0,-2.57656939520184,0.0,0.0,-4.07864878931544,0.0,-0.4952130213172319,4.858237943966232,1.521446198309678,0.6401173687532231,-1.220734241566657,0.7094665115088842,-2.429299476466803,0.0,-1.5301865114506743,0.0,0.0,0.0,0.0,-1.000757210417399,0.0,0.2815852153675886,-1.767418538885588,1.0413330775231104,0.0,0.0,-3.116709406636605,-2.46681853124272,0.0,-0.5196291188685171,0.2346789853935136,0.0,0.0,0.0,0.0,-1.878103053164294,0.0,0.0,0.0,0.0,1.4561715939651645,0.0,-3.587170806547236,0.0,0.0,0.0,0.0,0.0,0.0,0.0
SAMD00114847,1,1,1,1,1,1,0,0,1,0,1,1,1,1,1,1,1,1,1,0,0,0,1,1,1,1,1,1,1,1,1,1,1,1,1,0,1,1,1,1,1,1,0,0,1,1,1,0,1,1,0,1,0,0,1,1,1,1,1,0,1,1,1,1,1,1,1,1,1,0,0,1,1,0,0,0,1,1,0,0,1,0,0,0,1,0,1,1,1,1,0,0,1,1,0,0,1,1,0,0,0,0,0,0,1,1,0,3.581030618053574,-0.5316095109298185,1.6115862979807307,1.047661619211354,0.614513356334844,-4.164743939311105,0.0,0.0,1.3979078222356316,0.0,1.3308829504626645,-0.4156146057497438,1.531750898412203,-0.5578796783430211,-3.888270951394044,3.473822412171645,-1.0120895795990812,-0.1751113651764189,0.8903246550790315,0.0,0.0,0.0,0.2489032505151434,0.1283296545982206,2.1278155094460667,2.3567820065838383,2.8767401650337283,0.3470600360122879,0.1410411405572023,1.0852592644105648,-0.2342305197284877,1.5389217557028398,-2.5395079100004136,-0.0464320028230025,1.125146298779087,0.0,-2.4553742328383987,-3.981891737771348,1.8074761049750296,1.6634895476867464,-0.9623082483951766,2.3919213169366182,0.0,0.0,-1.2970983988334046,-0.9839073601986384,2.92552926784104,0.0,-4.203709907844489,2.8547948144665014,0.0,-2.085700566061773,0.0,0.0,1.7953827558315432,2.7388562222995008,-0.1423538636806585,-0.587169741311456,0.9313091059395026,0.0,1.81543100472272,-0.882444864670834,-1.3153637468106982,0.137425745382133,1.9026711715993587,-3.920175497912789,0.6719675589035342,-1.5121301436122383,-0.7106197785913011,0.0,0.0,-0.5154929247716735,-1.5327634569456556,0.0,0.0,0.0,-0.0466393104163855,0.4488303237311724,0.0,0.0,-0.7190117190496559,0.0,0.0,0.0,-3.072521448741766,0.0,-1.7840778852265615,0.4715298324926387,-1.4792389765299512,0.3130270599919267,0.0,0.0,-5.623677484070967,0.6442765950565172,0.0,0.0,5.375091015283908,0.4152064250726681,0.0,0.0,0.0,0.0,0.0,0.0,-2.033332580544457,-1.347201641908307,0.0
SAMD00114864,1,1,1,1,1,0,1,1,1,0,1,1,1,1,1,1,1,1,1,1,0,0,1,0,1,1,1,1,1,0,0,0,0,1,1,0,0,1,1,0,0,0,0,0,1,0,0,1,0,0,0,0,0,1,1,0,0,0,0,0,0,0,0,0,1,0,0,0,0,0,0,0,0,0,0,1,1,0,0,0,0,0,0,0,0,0,1,0,0,0,0,0,0,0,0,1,1,0,1,0,1,0,0,0,1,1,1,2.49310135467456,-0.8277333503056186,-2.6250775542544584,-0.6703736188420653,2.4157166334195934,0.0,0.5037323799710207,0.6240354104324988,1.5183984690687145,0.0,-1.0368303287999976,-0.8022206403981436,1.3189024611232254,-1.0017579453342025,-0.7781903058032893,0.0474940272632196,-2.5132861482663422,-1.1269917871464514,0.556498292312865,0.2747327932768546,0.0,0.0,-0.936589982887814,0.0,2.769612477313903,4.275298413925158,1.6946660782016614,-1.487796124427195,0.5568330763802705,0.0,0.0,0.0,0.0,-3.248157172197687,-4.592727689946178,0.0,0.0,-0.1008554205076839,-2.909181805358356,0.0,0.0,0.0,0.0,0.0,-2.558776474433219,0.0,0.0,-3.1278710063231854,0.0,0.0,0.0,0.0,0.0,2.3772708097164776,-0.2871045595532937,0.0,0.0,0.0,0.0,0.0,0.0,0.0,0.0,0.0,0.8641536802958969,0.0,0.0,0.0,0.0,0.0,0.0,0.0,0.0,0.0,0.0,-3.0907893314186534,0.0909159257052754,0.0,0.0,0.0,0.0,0.0,0.0,0.0,0.0,0.0,-2.1809433049871405,0.0,0.0,0.0,0.0,0.0,0.0,0.0,0.0,3.3885488684565948,6.294060218564139,0.0,2.3628924167887626,0.0,-0.5880203267913746,0.0,0.0,0.0,1.476432137225555,0.6418200905271645,-0.0538411366610569
SAMD00114866,0,1,0,0,0,1,0,1,1,0,0,0,0,0,0,1,1,1,0,1,0,0,1,0,0,1,0,1,0,0,1,0,0,0,0,0,0,1,0,0,0,0,1,0,0,0,0,1,0,0,0,0,1,0,0,0,0,0,0,0,0,0,0,0,1,1,1,0,0,1,1,0,0,0,1,0,0,1,0,0,0,1,0,1,1,1,1,0,0,0,0,0,1,1,0,0,0,0,0,0,0,1,0,0,1,0,0,0.0,-3.772075898483195,0.0,0.0,0.0,1.5057367051603712,0.0,4.274314553551845,2.160102472629533,0.0,0.0,0.0,0.0,0.0,0.0,3.742347673368526,-1.1967178117355126,-0.1071588450398381,0.0,-3.7471989937277903,0.0,0.0,0.6319210868548979,0.0,0.0,1.914758560768905,0.0,-0.6716319343224075,0.0,0.0,2.943905736466039,0.0,0.0,0.0,0.0,0.0,0.0,0.3936125338053741,0.0,0.0,0.0,0.0,-4.779278436749811,0.0,0.0,0.0,0.0,3.74558252342528,0.0,0.0,0.0,0.0,-2.236048662133656,0.0,0.0,0.0,0.0,0.0,0.0,0.0,0.0,0.0,0.0,0.0,2.05296523292082,-1.4699947107656222,0.1781015669075031,0.0,0.0,-0.4018312372185297,0.5860689566251438,0.0,0.0,0.0,1.3064455816217424,0.0,0.0,-0.411709257531236,0.0,0.0,0.0,2.810329444014984,0.0,-0.8420583202761303,-5.218050742875745,-0.9286173938724972,-2.955842110868186,0.0,0.0,0.0,0.0,0.0,0.3058883851080214,3.541540715724298,0.0,0.0,0.0,0.0,0.0,0.0,0.0,-1.0575813515232313,0.0,0.0,-2.2978260218298985,0.0,0.0
SAMD00114851,1,1,1,0,1,1,0,1,1,0,1,1,0,1,1,1,1,1,1,1,0,1,0,1,1,1,1,1,1,1,0,1,0,0,1,0,1,1,0,1,1,1,1,1,1,1,0,1,0,1,1,1,1,0,1,0,1,1,0,0,1,1,1,0,1,1,1,1,1,1,1,0,1,0,0,0,0,0,0,1,1,0,0,1,1,0,1,1,1,0,1,0,1,1,0,1,0,0,0,0,0,0,1,0,1,0,0,3.288774608298576,-1.5696754516265128,0.0689411334549217,0.0,1.584785213415319,0.0301793223175281,0.0,4.167452884553296,0.5219469394477357,0.0,1.0066786484563588,0.2174767418586021,0.0,0.0091197973793089,-2.25537710940235,0.5823143182230184,-2.465274272019604,0.3222620884142714,1.0789823160087555,-2.0466786094853795,0.0,1.097429180693332,0.0,2.871433900809984,2.841080425253783,2.094246563908478,2.6440062299847904,1.4652433160447065,-0.0024691863554895,1.3513121839641369,0.0,1.0709566414647231,0.0,0.0,0.0399047994314132,0.0,0.0202857590395986,0.31038706694288,0.0,0.1752137174981836,-6.907925528509921,2.609027703577482,-6.291739389086104,2.4417322426022707,-1.1037950800194376,-0.6893254088181915,0.0,0.5247554986169888,0.0,2.777594866851759,3.270751105246392,-2.634866731107254,-2.5776796364418693,0.0,1.6259062485033384,0.0,-3.128799196548206,0.2808787616208985,0.0,0.0,0.2872062206768315,-1.3949449114136074,1.4554342167057674,0.0,2.335211834722341,-0.7928513320762494,0.7423489364811329,0.6541976019360857,-0.0613760587194056,-2.665267395100784,3.5883218987026555,0.0,0.2965541509082261,0.0,0.0,0.0,0.0,0.0,0.0,-2.065197657252617,-0.4109271120817168,0.0,0.0,-3.7438579401367154,-2.649951542506018,0.0,-0.9849579441259376,-0.4606196659687076,-4.295679456345319,0.0,0.7022853250482093,0.0,-1.376294281993597,1.7380972787407285,0.0,2.872112966743197,0.0,0.0,0.0,0.0,0.0,0.0,-0.3426605584745594,0.0,-4.144639198932453,0.0,0.0
SAMD00114853,0,1,0,0,1,0,1,1,0,0,0,0,0,0,0,1,0,0,0,1,0,0,0,0,0,0,0,0,0,1,1,1,1,0,0,0,0,1,0,0,0,1,1,0,0,0,0,1,0,0,0,0,1,0,1,1,0,1,0,1,0,0,0,0,1,1,1,0,0,1,0,0,0,0,1,0,0,0,0,0,1,0,0,0,0,0,1,0,1,0,0,0,1,1,0,0,0,0,1,0,0,1,0,0,0,0,0,0.0,-1.4284892951604813,0.0,0.0,1.773779140956694,0.0,3.603850186909761,2.665935188302911,0.0,0.0,0.0,0.0,0.0,0.0,0.0,3.935947822830075,0.0,0.0,0.0,-3.292474974278316,0.0,0.0,0.0,0.0,0.0,0.0,0.0,0.0,0.0,-2.802579135774012,-0.114753126553152,2.5989504456532764,-2.506747758089157,0.0,0.0,0.0,0.0,0.193411502333799,0.0,0.0,0.0,-5.15008591615957,-5.1117896310822895,0.0,0.0,0.0,0.0,1.5594198247493845,0.0,0.0,0.0,0.0,-1.2599830937824086,0.0,0.3719394069606237,1.685318220297921,0.0,1.7440789313511071,0.0,-2.666180768708659,0.0,0.0,0.0,0.0,0.4706413096662175,0.0028758143607042,-0.0435400219467454,0.0,0.0,-0.109318595223483,0.0,0.0,0.0,0.0,0.0019203311175453,0.0,0.0,0.0,0.0,0.0,-0.7438062293419545,0.0,0.0,0.0,0.0,0.0,0.2565201072857822,0.0,1.0954095863463684,0.0,0.0,0.0,0.2229934342841038,1.6014509812070117,0.0,0.0,0.0,0.0,1.669140044826403,0.0,0.0,-0.2238337333394547,0.0,0.0,0.0,0.0,0.0
SAMD00114855,1,1,1,0,0,1,0,0,1,0,0,0,0,0,0,1,1,1,1,1,0,0,0,0,1,0,1,0,1,0,0,1,0,0,1,0,0,1,0,0,0,0,1,0,0,1,0,1,0,0,0,0,1,0,0,1,0,0,0,0,0,0,0,0,1,0,0,0,0,1,1,0,0,1,1,0,0,0,0,0,0,0,0,0,0,0,0,0,0,0,0,1,1,0,0,1,0,0,0,0,0,0,0,0,0,0,0,2.34236556718332,-2.232169978097016,-0.1352586972593482,0.0,0.0,1.5347577794215588,0.0,0.0,0.0566270444577083,0.0,0.0,0.0,0.0,0.0,0.0,3.3605443737681915,0.2399726855669594,-0.7610554753629715,0.2184508696190472,-4.329735610621436,0.0,0.0,0.0,0.0,2.294135289358504,0.0,1.266561287159843,0.0,0.2045540204498862,0.0,0.0,2.5257798315337023,0.0,0.0,2.35367352403428,0.0,0.0,1.115174478985575,0.0,0.0,0.0,0.0,-5.65728377130826,0.0,0.0,-1.2574702080324764,0.0,0.6256885086239402,0.0,0.0,0.0,0.0,-1.8346136220920093,0.0,0.0,3.52307039589961,0.0,0.0,0.0,0.0,0.0,0.0,0.0,0.0,1.945918945177454,0.0,0.0,0.0,0.0,-0.3008932411511326,-1.3621742140341415,0.0,0.0,-3.844989699638497,-3.0422227940613293,0.0,0.0,0.0,0.0,0.0,0.0,0.0,0.0,0.0,0.0,0.0,0.0,0.0,0.0,0.0,0.0,-0.5565827561137586,-0.3187686714404933,0.0,0.0,2.025944137973296,0.0,0.0,0.0,0.0,0.0,0.0,0.0,0.0,0.0,0.0,0.0
SAMD00114861,1,1,1,1,1,1,0,1,1,0,1,1,1,1,0,1,1,1,1,1,0,1,1,1,1,0,1,1,1,1,1,1,0,1,1,1,1,1,0,1,1,1,0,1,1,0,1,1,1,1,0,1,1,0,1,1,0,1,0,1,1,1,1,0,1,1,1,0,1,1,0,1,1,0,0,0,0,0,0,1,1,0,0,0,1,1,1,1,1,0,0,0,1,1,1,1,0,1,0,1,1,1,1,0,0,0,0,3.100831764084377,-1.630895758205635,-0.2653612279782196,4.685650073834482,1.2516297587560454,0.0321951751434597,0.0,2.907692213134076,-0.233794910523027,0.0,-0.1600690601689083,0.1159999171313768,1.094038226085092,-1.131713349524297,0.0,3.023103824177243,-2.447765307568943,-0.2428521555016749,-0.5060597897956618,-4.255028963332963,0.0,1.05900235795794,-5.400161267635966,-0.1146035314732367,3.0305807794414097,0.0,2.70113220686101,0.0837831982802244,0.6965075329215393,1.3433929956654114,2.4294229504290383,1.4443023316262984,0.0,-1.5341822007092265,-0.4923764145590861,-4.820342772383024,-0.8009013701876073,-0.3312009124550548,0.0,0.9716337130090936,-0.7673411736953053,2.6625022388549686,0.0,0.993414555481749,0.0380344941336627,0.0,0.3721973250108441,-1.4249958043990438,-0.5811766256221833,1.283534862428945,0.0,-1.7984555413521814,-1.2407203042060369,0.0,0.8850717031683015,3.768244139507737,0.0,2.074347530269676,0.0,-3.156416674664854,0.9553571818106522,-0.713575690162366,1.310872847475825,0.0,1.8246831755029087,-0.920392348189147,0.8076020299219951,0.0,0.4558567889113938,-2.5940989126457006,0.0,-0.536963128480163,1.800436851242679,0.0,0.0,0.0,0.0,0.0,0.0,-2.8722920588286,1.10183868255663,0.0,0.0,0.0,-0.4724547864556301,-2.0412129895998614,-2.716818560187231,0.1527637098208178,-2.050257180361361,0.0,0.0,0.0,-1.9439572564615992,1.0571408767735206,1.4251921241863217,2.0349237611024327,0.0,2.2533336420252867,0.0,-5.80117202539475,0.1894588409646547,-0.429108656958229,-0.9889876700223326,0.0,0.0,0.0,0.0
SAMD00114887,1,1,1,1,1,0,0,1,0,0,1,1,1,1,1,1,1,1,1,0,0,0,0,1,1,1,1,1,1,1,1,1,0,1,0,0,0,1,1,1,1,1,0,0,1,0,0,1,0,0,0,1,0,0,0,1,0,0,0,0,1,1,0,0,1,1,1,0,1,1,0,0,0,0,1,0,0,0,0,0,0,1,0,1,0,0,1,0,0,1,0,0,1,1,1,0,1,0,0,0,1,0,0,0,0,0,0,3.4901020117746784,-2.7471776622195447,2.9313077044500253,2.0296508868025467,3.460013579179884,0.0,0.0,4.330277900538319,0.0,0.0,1.759829329611697,2.0551911809457737,4.111066638375693,1.238863171993332,-1.9437109628962947,2.72393011157409,0.9516426571290532,-0.6641574456002737,1.7492057073944882,0.0,0.0,0.0,0.0,2.124881516829288,-2.570608757915039,2.727639161777176,3.2547293044789187,-0.8510141575596195,1.194422708830167,-0.3020910128334801,0.7238224038673993,0.6038551248793024,0.0,0.1452810037435075,0.0,0.0,0.0,0.1583397774460266,-2.267817054071492,-2.0300998686551184,-4.372030138054831,0.5541911678459691,0.0,0.0,-2.7029198941343324,0.0,0.0,-2.363837825670749,0.0,0.0,0.0,-4.47775030126194,0.0,0.0,0.0,2.8929038414545243,0.0,0.0,0.0,0.0,-0.9747238118856424,-2.697447092392978,0.0,0.0,3.2221637853510368,-3.9916892351203455,-0.5071190941158188,0.0,-2.618197720738837,-1.722624320089262,0.0,0.0,0.0,0.0,0.1137294749640236,0.0,0.0,0.0,0.0,0.0,0.0,0.952636058189957,0.0,-2.437277705870171,0.0,0.0,-0.6847701174931979,0.0,0.0,-1.4557474363558496,0.0,0.0,-2.353036251650285,1.1344452694153313,-0.4750057835368997,0.0,-4.608203189659375,0.0,0.0,0.0,1.1849353609391575,0.0,0.0,0.0,0.0,0.0,0.0
SAMD00114937,1,1,0,0,0,0,0,1,1,0,1,1,1,1,1,0,1,1,1,1,0,0,1,1,0,0,1,1,0,0,1,1,0,0,0,0,0,1,0,1,0,0,0,1,1,1,0,1,0,0,0,1,1,1,1,1,0,1,0,0,0,1,1,0,1,1,0,0,0,1,1,0,0,0,1,0,0,1,0,0,0,0,0,0,0,0,1,0,0,0,0,0,1,0,0,0,0,0,1,1,0,0,0,0,0,0,0,3.000198057151489,-1.9842650841181269,0.0,0.0,0.0,0.0,0.0,4.250252026543514,-0.0369502431616617,0.0,-1.1268574495057586,-0.0988666069147075,1.7930900946029422,-0.2911105050230891,-1.5234758322594,0.0,-0.1954149126110014,-2.330512238246251,0.9990627673899284,-1.8628961946950169,0.0,0.0,-2.075759107992045,2.991279425663456,0.0,0.0,3.989310578242381,-0.2632671888520188,0.0,0.0,2.344072034161923,2.455169441286126,0.0,0.0,0.0,0.0,0.0,-0.6246085774840315,0.0,-2.059866352947038,0.0,0.0,0.0,2.084480494805024,-0.6230218479769416,-3.3044758714719955,0.0,-1.050859906028793,0.0,0.0,0.0,-1.5706800937933396,-3.166087870233512,3.037599215560589,2.5322382545964066,4.374364734529296,0.0,1.0707513839352545,0.0,0.0,0.0,-0.3936137283433254,-0.3665957507912518,0.0,2.492170411881164,-6.135586165331432,0.0,0.0,0.0,-0.8564698213657009,-1.8517533283802845,0.0,0.0,0.0,-0.9659141882022926,0.0,0.0,1.543268907069073,0.0,0.0,0.0,0.0,0.0,0.0,0.0,0.0,-1.789927174828426,0.0,0.0,0.0,0.0,0.0,-4.071892980619737,0.0,0.0,0.0,0.0,0.0,3.472512310996956,-1.8090911172383377,0.0,0.0,0.0,0.0,0.0,0.0,0.0
SAMD00114928,1,1,1,1,0,1,0,1,1,0,1,0,1,1,0,1,1,1,1,1,0,0,1,0,1,0,1,1,1,1,1,1,0,0,0,0,1,1,0,1,1,0,1,0,0,1,0,1,1,0,1,0,1,0,0,1,0,0,0,0,1,0,0,0,1,1,1,1,1,1,1,1,0,0,1,0,1,0,0,0,0,0,0,1,0,0,1,0,0,0,0,0,1,0,0,0,0,0,0,0,0,1,0,0,1,1,1,2.506993802651672,-1.7732655540653672,2.13009041160657,2.942587924809376,0.0,2.083618934702714,0.0,4.153679858606736,1.164936179198381,0.0,0.2180238789450326,0.0,2.02360726079362,-3.2811670472800447,0.0,2.309108948487033,-1.0463440563868178,-2.168963899783817,0.2754937810536264,-0.8115657634821374,0.0,0.0,-0.0727231141886532,0.0,2.1804078921577155,0.0,2.907400486137006,-2.308374931812967,-1.002175007409896,-2.2002250140675628,3.322580959803925,2.0994640347306044,0.0,0.0,0.0,0.0,-0.907751691377212,1.6582914299756712,0.0,-6.697253041435952,-2.9465731864165674,0.0,-0.1873667939403502,0.0,0.0,-2.669226360251498,0.0,-1.1262403447444562,3.8745624773060863,0.0,3.667219469113111,0.0,-2.466049296496653,0.0,0.0,2.400545535553818,0.0,0.0,0.0,0.0,-0.917435880503752,0.0,0.0,0.0,4.272477693987025,-0.4189192521332141,1.903508941399604,-2.054787070704162,-1.5992175570588616,-1.1802018320624046,-1.1826153489218298,0.0866382503238003,0.0,0.0,-2.705495067988952,0.0,-0.0386003529381193,0.0,0.0,0.0,0.0,0.0,0.0,-2.155555278403433,0.0,0.0,-0.8380349984896167,0.0,0.0,0.0,0.0,0.0,-0.8560301576585116,0.0,0.0,0.0,0.0,0.0,0.0,0.0,0.0,1.0817956034896057,0.0,0.0,-0.0572464971981445,-1.792348701971937,-1.8012806556598346
SAMD00114890,1,1,1,1,1,1,1,0,1,0,1,0,1,1,1,1,1,1,0,1,0,0,1,1,1,1,1,1,1,1,1,1,0,1,1,0,1,1,0,1,1,1,1,0,1,1,0,1,0,1,1,1,0,1,1,1,1,1,0,0,1,1,0,0,1,1,1,0,1,0,0,0,1,0,0,1,0,0,0,1,0,1,0,0,1,0,1,0,0,0,0,0,1,1,0,1,1,0,0,0,0,0,0,0,0,0,0,3.0708867570776244,0.5369810000439459,-1.1652486522952836,1.7195781564014845,1.2874957973723524,0.090538331215654,3.277216583639225,0.0,1.8139079054863507,0.0,0.5902895534984529,0.0,1.9638038884717053,-3.607595687664488,0.6248325619236652,0.430367990157166,-3.509284755420925,-0.5569918187411753,0.0,1.4009437477416804,0.0,0.0,-0.0724021453661389,-2.040358129720764,3.0147559130889428,3.536028443030024,2.960778168437005,-0.6842563923544969,0.3518785300534546,-1.206699662426879,-0.6978985585290722,-1.237120259127591,0.0,0.0996066087538669,2.101475805743504,0.0,-3.813329685083186,-0.945200075920742,0.0,-1.8601940710668303,-3.818418754590657,0.6133087081895556,-1.559636284255005,0.0,1.1242435559193924,-1.3377728696635116,0.0,-0.7430363150757269,0.0,1.114990157047126,2.804039360884244,-0.3845961456124254,0.0,2.014331142174452,1.775059029303281,1.5635924170560966,-2.646062991676998,0.2396463429941562,0.0,0.0,-3.9548698573185135,-0.6456937229549582,0.0,0.0,1.01311428498875,-3.3344820310409977,0.1545649506271762,0.0,-1.5127771131140624,0.0,0.0,0.0,-1.8961085208762176,0.0,0.0,0.1291880601933104,0.0,0.0,0.0,-0.183117695663705,0.0,0.0482012010570143,0.0,0.0,-2.048147005099292,0.0,-2.57738612588078,0.0,0.0,0.0,0.0,0.0,-2.0542472418814315,0.5270418035275333,0.0,1.416529474850921,6.683716337472712,0.0,0.0,0.0,0.0,0.0,0.0,0.0,0.0,0.0,0.0
SAMD00114930,0,0,0,1,1,1,0,1,1,0,1,0,1,1,0,1,1,0,1,0,0,0,0,0,0,0,1,1,1,0,1,1,0,1,1,0,0,1,0,0,1,1,0,1,1,0,0,1,0,0,0,0,0,1,0,0,0,0,0,0,0,0,0,0,1,1,0,0,1,1,0,0,0,0,0,0,0,0,0,0,0,1,0,1,0,0,0,1,0,0,0,0,1,1,0,1,0,0,0,0,0,0,0,0,0,0,0,0.0,0.0,0.0,4.390515030442806,0.1131607318781731,1.225290274439104,0.0,2.715061900001356,-0.8217853289950208,0.0,-1.0668801849070573,0.0,0.7298714581531308,-0.8048382757853974,0.0,3.36047907881513,-1.2786300293517794,0.0,-1.5810124376556098,0.0,0.0,0.0,0.0,0.0,0.0,0.0,2.1726369001607253,-0.8488793420426182,-0.0808824299767034,0.0,0.5625196745284201,0.2562459702083588,0.0,-1.2739337151472712,0.8774052684212543,0.0,0.0,0.1711554074604385,0.0,0.0,-1.3387742236765603,1.6764142696772868,0.0,0.8801176695598713,-4.004171080375163,0.0,0.0,0.2766944588861715,0.0,0.0,0.0,0.0,0.0,1.6882941016170303,0.0,0.0,0.0,0.0,0.0,0.0,0.0,0.0,0.0,0.0,2.7257044986711825,-4.152351593215918,0.0,0.0,-1.7176423472948308,-6.0402549229968745,0.0,0.0,0.0,0.0,0.0,0.0,0.0,0.0,0.0,0.0,0.0,1.6756581290645087,0.0,-4.9477776228962815,0.0,0.0,0.0,0.7031124387076487,0.0,0.0,0.0,0.0,-0.2404397050721793,1.8069340555278293,0.0,2.190981923168833,0.0,0.0,0.0,0.0,0.0,0.0,0.0,0.0,0.0,0.0,0.0
SAMD00114936,1,1,1,0,1,1,0,1,0,0,0,0,0,0,1,1,1,1,1,1,0,0,0,0,0,0,0,1,1,1,1,1,0,0,1,0,0,1,0,0,1,1,0,0,1,0,0,1,1,0,0,1,1,0,1,1,0,0,0,0,0,1,0,0,1,1,1,0,1,1,1,1,0,0,1,0,0,0,0,1,0,1,0,0,1,1,1,0,0,0,0,0,1,0,0,0,0,0,0,0,0,0,0,0,1,1,1,2.250368887344581,-1.0833113155323535,1.400056664244156,0.0,0.7821951431114069,-0.0309012206356142,0.0,4.42368916442741,0.0,0.0,0.0,0.0,0.0,0.0,-0.2598306464141586,3.041832250569021,-1.403981017624688,-0.9976219690955848,1.123121411113366,-1.9989995958740483,0.0,0.0,0.0,0.0,0.0,0.0,0.0,0.9953766509774816,0.0785580783945536,-2.470904498617927,4.035896463641639,1.7155211892845317,0.0,0.0,1.0353897174503064,0.0,0.0,0.4249397357496713,0.0,0.0,-2.180348727780651,2.32526651428316,0.0,0.0,-2.461296146797056,0.0,0.0,1.7727304019357988,2.7321672979954474,0.0,0.0,-0.6578969471422325,-2.860528420795249,0.0,1.6027105308147762,2.9424095025848995,0.0,0.0,0.0,0.0,0.0,-1.7016355667393523,0.0,0.0,2.492718848822713,-0.6056649840811972,0.448360484888887,0.0,-1.8018095861397,-0.77153831386457,-0.8649632233066926,-3.1771335327162804,0.0,0.0,0.0139712062674699,0.0,0.0,0.0,0.0,1.1893477652145563,0.0,0.739019382843199,0.0,0.0,-0.1518570676186983,-3.580343848437356,-1.3963444780315348,0.0,0.0,0.0,0.0,0.0,-0.0904442028236884,0.0,0.0,0.0,0.0,0.0,0.0,0.0,0.0,0.0,0.0,0.0,-1.1710478006876124,-1.3695728015990345,-4.477671379603755
SAMD00114923,1,1,1,1,1,1,0,1,1,0,1,1,1,1,1,1,1,1,1,1,0,0,1,1,1,1,1,1,1,1,1,1,0,1,1,0,1,1,1,1,1,1,0,1,1,1,1,0,1,1,1,0,0,0,1,1,0,1,1,0,1,0,0,1,1,1,1,1,1,0,0,1,0,0,0,1,1,1,0,1,1,0,0,0,0,0,1,0,0,1,0,0,0,1,1,1,1,1,1,0,0,0,0,0,0,0,0,4.183901384191968,0.1282126188247416,0.5774104230587633,-2.8369823436009667,1.540697737267175,1.1757905649273228,0.0,1.288244064054569,-0.7033539705795442,0.0,-0.6919375069473799,0.7369367917855225,1.6435689957214596,-0.3827171526227557,0.6182822593314647,1.538450630898092,-2.42547492103684,0.2126496730847873,1.1355369331610543,-1.2437354065185915,0.0,0.0,-1.1525494066729824,2.5299561081583515,1.6777988669018682,3.1258761669370467,4.087248584626335,-0.4898005710008357,-0.5940185880027387,-0.4557541232878073,-1.1369284474737973,-0.2458065002189218,0.0,-1.3188625897016537,2.6705087213967964,0.0,-1.376255387698306,-1.775411326613206,1.0587880892596289,1.0276631357781576,-1.7748873548956898,2.042922825459704,0.0,0.778185330261141,1.1207380251268235,-2.8249340050847915,4.460269813064283,0.0,-5.802861654005277,-0.7486786717044382,0.7795300463416088,0.0,0.0,0.0,-5.251684734715719,-1.7075371798968266,0.0,2.0161599911325623,0.6841058395942226,0.0,-4.818362672104588,0.0,0.0,1.2138007850259869,-0.4248636362684692,-1.2762891418238698,1.5703834056483998,0.8286362376454726,-0.1368421320222475,0.0,0.0,-0.7634293173691376,0.0,0.0,0.0,-3.3057745856604046,-2.012009770261599,-2.0986590252121453,0.0,1.499218478867498,-3.76087767486034,0.0,0.0,0.0,0.0,0.0,-0.645667449989975,0.0,0.0,0.716068709489053,0.0,0.0,0.0,-2.645861232855163,0.5804959236653267,3.439122723305368,5.961790703190517,-3.413020116014003,1.5928780095379556,0.0,0.0,0.0,0.0,0.0,0.0,0.0,0.0
SAMD00114955,1,1,1,1,1,1,0,0,0,0,1,0,0,1,1,1,1,1,1,1,0,1,0,1,1,1,1,1,1,1,1,1,1,0,1,1,1,1,0,1,1,1,1,1,1,1,1,1,1,1,0,1,1,0,1,1,0,1,0,0,0,1,1,0,1,1,1,0,0,1,1,1,0,1,1,0,0,1,1,1,1,1,0,1,1,1,1,0,0,1,0,0,1,1,0,1,0,0,0,0,0,0,0,0,0,0,0,2.3743769698795125,-1.225857055146805,0.6464368078008084,-0.5672279166475251,1.2046567259419343,0.3291470733133339,0.0,0.0,0.0,0.0,0.3437996848683351,0.0,0.0,-1.031188325354173,-3.1252075602805496,4.3522143528926005,0.5041434549694096,-1.2868177549364923,0.1049826555556867,-0.813056714843998,0.0,0.8096403425856143,0.0,0.3666407376480936,0.8988777255736272,2.60873993619718,2.4765063493426407,1.0498068467546935,-0.7150314313808146,-3.2414141692477667,-0.3432574530516539,0.9721744554029946,0.291691150544926,0.0,0.5445830893749568,0.19940929036659,-0.7512505509496077,1.6654426198036794,0.0,-1.444397731509553,-2.6008812492956563,1.2706070766551536,-2.437902655344833,1.670743447447473,-0.7626148261690051,-0.155091869735479,-0.3743334862592635,-0.4571032543063706,2.9031715514516554,2.013641615446704,0.0,-4.624442332581036,-3.9940960532601206,0.0,2.5012778944748817,3.244430720136454,0.0,-1.100770842173733,0.0,0.0,0.0,-3.0441198424350304,2.222154214582006,0.0,2.0114414572422312,-1.427189922070952,0.3220022059871354,0.0,0.0,-1.3495972063841213,-0.4675313011338038,-4.1223503887838,0.0,-1.7704740040728766,-3.40066690095892,0.0,0.0,-1.187094721685268,0.252678131900528,0.5519775673754098,2.1130969511671243,0.9595115374074568,0.0,-1.4551221822018447,1.9541081508843667,1.3061292143089456,-0.6146615522693313,0.0,0.0,-1.590953628114269,0.0,0.0,-1.248934437034191,2.4788117928547964,0.0,3.211585521479912,0.0,0.0,0.0,0.0,0.0,0.0,0.0,0.0,0.0,0.0,0.0
SAMD00114947,1,1,1,1,1,1,1,1,0,0,1,1,0,1,0,1,1,0,1,1,0,0,1,1,1,1,1,0,1,1,0,1,1,1,0,1,1,1,1,1,0,1,1,0,1,0,1,1,0,1,0,0,1,1,1,1,1,0,0,0,1,0,0,0,0,1,1,0,1,1,0,0,0,0,0,0,0,0,0,0,0,0,0,1,0,0,1,0,0,0,1,0,1,1,0,1,0,1,0,0,0,0,1,0,0,0,0,1.4292072794706725,-0.1386465077508962,-1.150498367304455,3.830603323288501,-0.4878190564859714,-3.4849134750094155,4.46824718777722,4.092393709547965,0.0,0.0,-1.7407367207723758,-1.5715689454355244,0.0,-0.6370115415507527,0.0,3.777180563908348,-0.4226117514856204,0.0,-2.5965175031540566,0.0259474187860391,0.0,0.0,-1.0796107609331835,-1.220597874859717,0.662460791383422,1.8518140580053344,1.3452919044750549,0.0,-0.4407451449384181,-0.7971418508806927,0.0,1.3373846832386065,-2.835457953947518,-2.9542123349935343,0.0,-1.7072973363805894,-2.3176663577407,-0.1621801221397405,1.4767693121246688,-1.3405559276861687,0.0,3.1562994305383123,-2.253079631054661,0.0,-0.826831331024579,0.0,1.703696892788413,-1.169890563894657,0.0,0.012307286314626,0.0,0.0,-3.506204197818297,2.6890429985175777,1.653527433086334,0.8317812631691688,2.6919091128249955,0.0,0.0,0.0,-0.9433017244478016,0.0,0.0,0.0,0.0,-2.637615614622212,0.8346542590030718,0.0,-0.5057363195184721,-2.579336686407955,0.0,0.0,0.0,0.0,0.0,0.0,0.0,0.0,0.0,0.0,0.0,0.0,0.0,-3.191670683872937,0.0,0.0,-0.0221249101068581,0.0,0.0,0.0,0.8222948027527109,0.0,-1.5719347767913512,1.868059865306341,0.0,2.4418770605764744,0.0,1.2962281192759666,0.0,0.0,0.0,0.0,1.9945372168492943,0.0,0.0,0.0,0.0
SAMD00114961,1,1,1,1,0,1,1,1,0,0,1,0,0,0,0,1,1,1,1,1,0,1,1,0,0,0,0,1,1,1,1,1,1,0,0,0,0,1,0,1,1,0,0,0,1,0,1,0,0,1,1,0,1,0,1,1,1,0,0,1,0,1,0,0,1,1,1,0,1,1,1,1,1,0,0,0,0,1,1,0,1,0,0,1,0,1,1,1,1,0,1,0,1,1,0,0,0,0,0,0,0,1,0,0,1,1,0,1.323292401788954,-0.9058898337258154,0.5468182170296626,0.9411645824774516,0.0,0.878506817769007,4.430376180157041,1.9669530243226647,0.0,0.0,2.2334461024604426,0.0,0.0,0.0,0.0,3.896543356595013,-0.2288774569719396,-1.855964268842972,-0.9893004382575386,-1.5023334015648293,0.0,0.3690379039801296,-3.086661640280914,0.0,0.0,0.0,0.0,1.065882204303603,-1.6139864822490406,-0.3542608885048737,1.5523072630673016,1.691835280563545,-1.643700991315259,0.0,0.0,0.0,0.0,-1.4104276093993893,0.0,0.0127322897122503,0.7401169601916182,0.0,0.0,0.0,-1.0335792282111538,0.0,2.7405351079455205,0.0,0.0,-0.062445910491935,1.5813551381853572,0.0,-5.335373743334808,0.0,2.3679085703275264,0.81542284234243,3.355494171419581,0.0,0.0,-1.5340088664527116,0.0,-3.6414918494163233,0.0,0.0,2.826711707006928,-1.9184498580901497,0.8625789379578814,0.0,-1.4595215612511865,-2.481398407830163,-3.3765601894435866,0.3615319938154335,0.3616728091363731,0.0,0.0,0.0,0.0,0.2654540217985311,2.9394431769729747,0.0,-0.1339062027766888,0.0,0.0,0.3810556930221607,0.0,-2.651386982164233,-0.4566594176807537,0.7050141592054563,2.797589507127644,0.0,0.8757878633112486,0.0,-0.5752939248376785,1.261084824161409,0.0,0.0,0.0,0.0,0.0,0.0,0.0,0.0952898732742153,0.0,0.0,-3.889689582535217,-4.101774245800194,0.0
SAMD00114962,1,1,0,0,0,1,1,0,0,0,1,0,0,0,0,1,1,0,0,1,0,0,0,0,0,1,0,0,0,1,0,1,0,0,0,0,0,1,0,0,0,1,0,0,1,0,0,1,0,0,1,0,1,0,0,1,0,1,0,0,0,0,0,0,0,1,1,0,0,1,1,0,1,0,1,0,0,0,0,0,1,0,0,1,1,1,1,0,0,0,0,0,1,0,0,0,0,0,0,0,0,1,0,0,0,0,0,-0.0786085786132992,-2.948636373901329,0.0,0.0,0.0,1.819993719908358,1.1214411466568863,0.0,0.0,0.0,0.9022477668738124,0.0,0.0,0.0,0.0,0.1893381182778443,1.37432060488131,0.0,0.0,-4.109406390632221,0.0,0.0,0.0,0.0,0.0,2.049491676571445,0.0,0.0,0.0,0.4172937914694015,0.0,0.5172470894072567,0.0,0.0,0.0,0.0,0.0,1.089816184773956,0.0,0.0,0.0,-2.2536918439471707,0.0,0.0,-1.1435858171875062,0.0,0.0,1.8374827159575764,0.0,0.0,1.949228597825981,0.0,-2.485430023721172,0.0,0.0,1.612788915762602,0.0,2.3754469237303164,0.0,0.0,0.0,0.0,0.0,0.0,0.0,-1.310952630409878,1.188368833290308,0.0,0.0,-0.8679026609132954,-3.3723694206664026,0.0,1.234828937351075,0.0,-1.7606668124834548,0.0,0.0,0.0,0.0,0.0,0.2519486104102489,0.0,0.0,1.3175024232583907,0.5051880199518811,-2.393689504337328,-1.278052804498228,0.0,0.0,0.0,0.0,0.0,0.8160249373490019,0.0,0.0,0.0,0.0,0.0,0.0,0.0,0.0,1.4329938476036326,0.0,0.0,0.0,0.0,0.0
SAMD00114904,1,1,1,0,1,1,1,1,1,0,1,1,1,1,0,1,1,1,1,1,1,0,1,1,1,1,1,1,1,1,1,1,0,1,1,0,1,0,1,1,1,1,0,1,1,1,1,1,0,1,0,1,1,0,1,1,1,1,1,0,1,1,1,1,1,1,1,1,1,1,1,1,0,1,0,0,1,0,1,0,1,0,0,0,0,0,1,0,1,0,1,0,0,1,1,0,1,1,0,0,1,0,0,0,1,1,1,3.4926552946917493,-0.8066518497244786,0.4211709717745149,0.0,2.6131794289191808,0.3311339887802271,1.4945438841105378,2.7725694025664045,2.462510473574092,0.0,0.7825034341508103,-0.1656289720880646,1.552878035148366,1.032689672786982,0.0,1.6712089532528456,-0.3514571073029178,-0.5036025226407108,1.1168698162051691,-1.2004374762798409,3.61829070529156,0.0,0.9992081260977198,0.0553369379766206,0.2688724873276709,0.6265265502185571,4.027940934509183,1.980617359094463,0.5285490558884298,-1.15402942392111,0.9891932455793636,-1.0286983407534256,0.0,-0.4337919896200597,-0.4037611533991716,0.0,0.0050296367669988,0.0,-1.0975430531172077,-0.884353642187232,-1.4669977237023393,1.7756538388230036,0.0,3.613264752988865,-2.488929723140811,-2.136539632110962,2.699211609305828,-1.4727561180548514,0.0,1.4851478658675148,0.0,-2.8096994717462955,-3.756803090049986,0.0,1.1326249450762496,0.4517403650684106,2.055660910213045,-3.145116855949021,1.3027735283701731,0.0,-0.4745799294143673,-2.48574399250768,-0.04772092861853,-0.1161187390941704,1.2673608373448788,-2.3004582158850084,0.1424861224494147,0.6710398495089861,-1.7646821877713987,-5.995700363786773,-2.101711337868842,-3.001032486288569,0.0,-1.0584749767649555,0.0,0.0,-3.3311352746243017,0.0,-2.4104099456822814,0.0,2.158285958743919,0.0,0.0,0.0,0.0,0.0,-1.934890582651244,0.0,-1.41617537161009,0.0,-0.95681539362209,0.0,0.0,0.1549931322952062,-0.219432306300469,0.0,5.127287851998821,-1.704949504888979,0.0,0.0,-1.1565519174809715,0.0,0.0,0.0,0.9614527974023388,-1.1981529660164365,1.139071806497553
SAMD00164717,1,1,1,1,1,1,1,1,1,0,1,1,0,1,1,1,1,0,1,1,1,0,1,1,1,1,1,1,1,1,1,1,0,1,0,0,1,0,1,1,1,1,1,0,1,1,1,1,0,1,0,1,0,0,1,0,0,1,0,0,1,1,0,0,1,1,1,0,1,0,1,1,0,0,1,1,1,1,1,1,1,1,1,0,0,0,1,0,0,0,1,1,1,1,0,1,1,1,0,0,1,0,1,0,1,1,1,2.4999723196312367,3.0340535897416108,-0.6546553600666787,-0.1685595473510472,1.6644691981515582,-2.6760892699393275,1.301885064695166,2.0469956816312576,2.177937828930902,0.0,1.1401647921222475,1.823911056508544,0.0,0.098447631369777,-0.7771768207150509,1.982865644018165,-0.3173863459255561,0.0,0.4189870164249736,1.4404207108074392,-0.061281704696908,0.0,0.1279799789347944,0.9170899126937948,3.221715840222573,2.64780308680743,3.1645932021872496,1.882489580732284,1.1078876055653093,0.1033015385795974,-3.2613829450803578,1.7271041157928866,0.0,0.658397012102689,0.0,0.0,-2.6067844346376474,0.0,0.8067575921679175,-0.4594666077460569,-1.5889833843715682,-1.750790867282891,3.109428946178268,0.0,-0.9826085007800308,1.739927966007345,-1.196046009582064,-0.9265503286258524,0.0,1.943762011027676,0.0,-6.654212077071998,0.0,0.0,1.5726733756235247,0.0,0.0,-2.8549845657891955,0.0,0.0,-1.141455599839897,-3.913372053146796,0.0,0.0,1.8012120879466087,-2.9927894691911,0.5341377168600263,0.0,-1.4965945926270954,0.0,4.658387725497919,-1.1763547966918826,0.0,0.0,-2.249527418505532,-0.5447793262671059,-0.0266117152325775,-1.5853078748517655,-0.3116506143393445,-2.6886483047158207,-2.821954040112713,-3.3072362495764804,1.92194160716775,0.0,0.0,0.0,-1.915093918574167,0.0,0.0,0.0,-0.1074266663114729,-4.533948540871906,-0.3225619582181411,2.3853992841460383,0.0,-0.8799193641937157,6.316165913454275,1.0234970907098506,0.0,0.0,-1.6497066433512777,0.0,0.1277909966040797,0.0,1.221445510847874,-1.1067585789354966,-2.642343736674135
SAMD00164728,1,1,1,1,1,1,1,1,1,0,1,0,1,0,1,1,1,0,1,1,0,0,1,0,0,1,1,1,1,1,1,1,0,0,0,0,1,1,1,0,1,1,1,1,1,1,0,1,0,0,1,0,0,0,1,0,0,1,1,1,1,0,0,0,1,1,1,1,1,1,1,1,0,0,1,1,0,1,0,1,1,1,0,0,0,0,1,0,0,1,1,0,1,1,0,0,1,1,0,1,0,1,1,1,1,1,1,0.8446224705150893,0.8359524083083225,-3.45966728769845,1.6263148895536292,1.0832736643558167,0.1946551456462832,3.193401068823007,3.090313019393818,1.0277940879069971,0.0,0.2413120631911716,0.0,4.032653586007578,0.0,2.046957272836787,3.3286515705367927,-2.287795707229688,0.0,1.4313781137047463,1.3718905878680134,0.0,0.0,0.2825165014376176,0.0,0.0,2.15204677781118,-1.9216003691562689,0.8422448829665836,0.8530270897733607,2.611695611698133,-3.661658464007434,2.936141391081432,0.0,0.0,0.0,0.0,-6.794249920278622,0.4714128760447933,-0.7262874021979147,0.0,-0.7798829799533356,1.3313218948501016,0.1742240937382211,-1.2843219182300998,-3.546462751916001,0.4465431328760934,0.0,3.172481565778024,0.0,0.0,1.194903666636937,0.0,0.0,0.0,-0.4703689693786881,0.0,0.0,-2.998011947844186,-3.2350995728394696,-2.1133540237623945,-1.5961212809860172,0.0,0.0,0.0,2.761659283792189,0.6482428025158189,-0.0560184398605785,-0.5919843450548168,-2.1035138459608835,-2.29592282990858,5.403114585892306,-0.4587229672827511,0.0,0.0,0.1734081514365584,-0.4260627339281293,0.0,-4.081765122108546,0.0,1.090602656625563,1.5249962704563202,1.802789036342334,0.0,0.0,0.0,0.0,-3.5621288686604005,0.0,0.0,-2.0745612808479383,0.98340305100796,0.0,-0.7006801502334863,2.4390905759266217,0.0,0.0,4.677306178168404,1.2572821993259986,0.0,-1.1736075378352644,0.0,-6.244203583359351,1.5324282393151334,-2.490184827074452,0.0075520748007091,-1.4348374543707745,-2.5505279569819206
SAMD00164734,1,0,1,1,0,1,0,1,0,0,1,0,0,0,0,1,1,1,0,0,0,1,0,1,0,1,0,0,1,1,0,1,0,0,1,1,1,1,0,0,0,1,0,1,0,0,0,1,0,1,0,1,1,0,1,1,1,0,0,1,0,1,0,0,1,1,1,0,1,1,1,0,1,0,1,0,1,0,0,0,1,0,0,1,1,1,1,0,0,0,1,0,1,1,0,1,0,0,0,0,0,1,0,0,0,0,0,1.460499749101582,0.0,2.143994594627904,3.138564082093203,0.0,0.9345221020783976,0.0,3.4048151313234394,0.0,0.0,1.5716797410978147,0.0,0.0,0.0,0.0,2.3237429430675944,1.8989451014663747,-0.3851014314574745,0.0,0.0,0.0,1.792816599064351,0.0,3.362236189831818,0.0,1.2500874429865187,0.0,0.0,-1.675304228861321,-0.5834751073459858,0.0,0.9909886821280096,0.0,0.0,-3.151224451900065,-3.7655471540749614,-0.4816674908141432,-0.512269902489429,0.0,0.0,0.0,1.695824902680765,0.0,2.16466896188303,0.0,0.0,0.0,-0.0964769762154801,0.0,1.4731133735334705,0.0,-1.6619104423117417,-2.2520579231163413,0.0,1.544921265805633,-1.9792695861222536,0.439925831863333,0.0,0.0,-0.8712430277610768,0.0,-0.4407790400718998,0.0,0.0,2.695760326743806,-1.6172752836683613,-0.4117313546316687,0.0,-0.3992300371590274,0.1730349099437036,-5.456210506431649,0.0,-0.6004686893356992,0.0,-0.485929901529877,0.0,-0.0984683325794533,0.0,0.0,0.0,-3.1789432214218927,0.0,0.0,-1.0078628356770187,-2.2735598857369306,0.5825320731396693,-2.825082885666731,0.0,0.0,0.0,0.8873826077958028,0.0,-2.958960478744772,1.9662982491159864,0.0,1.4557235293719053,0.0,0.0,0.0,0.0,0.0,-0.1820282156188523,0.0,0.0,0.0,0.0,0.0
SAMD00164746,1,1,0,0,1,0,0,1,0,0,0,0,0,1,0,1,1,0,0,1,0,0,0,0,0,0,0,0,1,0,1,0,0,0,0,0,0,1,0,0,1,0,0,0,0,0,0,1,0,1,1,0,1,0,1,0,0,1,0,0,0,0,0,0,1,1,1,0,1,1,0,0,0,1,1,0,0,0,0,0,1,1,0,1,0,0,0,0,0,0,0,0,1,0,0,0,0,0,0,0,0,1,0,0,0,0,0,3.035802157369176,-1.2653390924265326,0.0,0.0,2.6331281277115792,0.0,0.0,4.059926030524926,0.0,0.0,0.0,0.0,0.0,2.445614940605961,0.0,1.7107059982833128,-5.888270607993266,0.0,0.0,-1.4067606948344342,0.0,0.0,0.0,0.0,0.0,0.0,0.0,0.0,0.7196004542540211,0.0,2.103573333880808,0.0,0.0,0.0,0.0,0.0,0.0,-0.1830491691428107,0.0,0.0,-2.702910202462882,0.0,0.0,0.0,0.0,0.0,0.0,1.1818211838497428,0.0,3.077394050589128,1.8487174793355776,0.0,-3.194725093093937,0.0,1.5623065124339963,0.0,0.0,-0.1254145176305611,0.0,0.0,0.0,0.0,0.0,0.0,2.537540359090994,-2.670996064492039,0.0802118627227919,0.0,-4.659800332066943,-0.6888016734878326,0.0,0.0,0.0,-5.692703824449291,1.115412841615707,0.0,0.0,0.0,0.0,0.0,1.9068128068552184,2.596237395125597,0.0,1.0324324850950828,0.0,0.0,0.0,0.0,0.0,0.0,0.0,0.0,-1.490665943356066,0.0,0.0,0.0,0.0,0.0,0.0,0.0,0.0,-3.677800803907026,0.0,0.0,0.0,0.0,0.0
SAMD00164750,1,1,1,1,1,0,1,1,1,0,1,1,1,1,1,1,1,1,1,1,0,0,1,1,1,1,1,1,1,1,0,1,0,1,0,0,1,1,1,1,1,1,1,0,1,1,1,1,0,0,0,1,0,0,1,1,1,1,0,0,1,1,1,0,1,1,0,1,1,1,1,1,0,0,1,1,1,0,0,0,1,0,0,0,0,0,1,0,0,1,1,0,1,0,0,0,1,0,0,0,0,0,0,0,0,0,0,3.219307054322278,2.5223396929218582,-0.8695538694559322,-1.2283463251281743,2.0748569898637195,0.0,2.3433662305102185,2.73799598609902,0.0701814470099944,0.0,0.7910628444736942,0.5663771329227901,1.6778045202517045,-0.2853608927124054,0.3010725535945832,3.035351820851789,-2.9439706575107385,-3.1451815285430804,0.5326039246315749,1.6445798012147297,0.0,0.0,0.3327613261061676,2.5294123576519763,2.3396246531461022,2.36023456632389,2.3001618556292467,0.0695251419836024,-0.7006403776834227,0.3897948624342274,0.0,1.3169021010493998,0.0,-0.7798937366896823,0.0,0.0,-0.7199712539625822,-1.762422383682955,1.7381043149372963,-1.0221284246973077,0.7745678663230696,2.333778174900593,-0.9019774030895158,0.0,1.3725206045346667,-1.044332582008318,1.2444221965825628,-3.077675646177707,0.0,0.0,0.0,-2.01921042552301,0.0,0.0,1.8359336450795785,1.9214492118449595,0.7276897063774735,1.8686581357291745,0.0,0.0,1.291271025867064,-3.007294849415908,2.4094152194750214,0.0,0.9173344459313726,-2.3420411917784456,0.0,-4.607070850938271,-1.858403804562602,-4.135465940325561,1.3831108223568214,0.1595311353752166,0.0,0.0,-2.74468167393282,-0.3535971793687977,-0.1770556553442943,0.0,0.0,0.0,-0.2000389571183998,0.0,0.0,0.0,0.0,0.0,-4.0511247918918105,0.0,0.0,-1.107847477909249,0.2530396604460287,0.0,-2.504658002155269,0.0,0.0,0.0,-5.796197147147213,0.0,0.0,0.0,0.0,0.0,0.0,0.0,0.0,0.0,0.0
SAMD00164755,1,1,1,1,1,1,0,1,1,0,1,1,1,1,1,1,1,1,1,1,0,0,0,1,1,1,1,1,1,1,1,1,0,1,1,0,1,1,1,1,1,1,1,1,1,1,1,0,0,1,1,1,0,0,1,1,1,1,1,0,1,1,1,0,1,1,1,1,1,0,1,1,0,0,0,1,1,0,1,0,1,0,0,0,0,0,1,1,1,0,1,1,1,1,0,1,1,1,0,0,0,0,0,0,1,1,1,3.036469751216229,2.7373834786452136,-2.269944928493792,1.9790607129541684,-0.3662099850000406,-5.48372844445828,0.0,2.4464492132291844,0.3234602565233473,0.0,-1.530959637888711,0.4282289658182097,0.7316729899833077,-4.133801727509264,-3.418273144753184,3.933592543622845,-3.5265442188297484,-1.7566972243799674,0.7743343703049312,-0.1702097455327775,0.0,0.0,0.0,1.591073593152862,2.719119232217277,2.2860390353254387,3.024347116932252,-0.0691812761159735,-0.2538088883858838,0.6143458377079605,1.9614758422102845,1.833389100741596,0.0,-2.5120937224833497,-2.554441270312441,0.0,0.3525663852614729,-4.11343442468483,1.7956341776276843,0.8470953243787467,-2.0492293382470845,1.591275039538588,2.094230269159635,1.6482618534625724,0.4457762644316279,2.3774604202203085,3.449720107589948,0.0,0.0,0.5064654544482465,-1.0189156161651107,-2.5120937224833497,0.0,0.0,1.8453236294614648,1.873989712886147,1.550127912829089,0.0979162884621962,0.5433253827493536,0.0,0.5124867054083,-1.022025469581529,1.810530231507979,0.0,1.015461688163377,-1.999318780361309,1.192254895664591,-0.5938568141565455,0.4736703338786521,0.0,4.650415951097554,0.5711206844457668,0.0,0.0,0.0,-1.8827265432218223,0.9244603395362578,0.0,1.2205886446489842,0.0,-4.570617365501504,0.0,0.0,0.0,0.0,0.0,-1.7791006333762045,-1.4847998877456663,-3.3596626223084503,0.0,1.9518687610748389,-5.798221774360718,-6.448809340501867,-4.71420828511376,0.0,0.8904848187597815,4.125896067979552,1.2260597121527723,0.0,0.0,0.0,0.0,0.0,0.0,1.6351492138600456,-1.4320815324064535,-0.8150619469110612
SAMD00164757,0,1,0,1,1,1,0,0,1,0,0,0,0,0,0,1,0,0,1,1,0,0,0,1,1,0,1,0,0,0,0,0,0,0,0,0,0,0,0,1,0,0,1,1,0,1,1,1,0,0,0,0,1,0,1,1,0,0,0,0,0,0,0,0,1,0,0,0,0,1,1,0,0,1,1,0,0,0,0,0,1,1,0,1,0,0,0,0,0,0,0,1,0,0,1,0,0,0,0,0,0,1,0,1,1,1,1,0.0,1.8906177849133343,0.0,-5.937871672529189,-2.9634765363633284,-0.9294610734550436,0.0,0.0,2.4721519604902764,0.0,0.0,0.0,0.0,0.0,0.0,-2.078312236636783,0.0,0.0,1.002866958934964,0.9516291135114652,0.0,0.0,0.0,4.549824546562177,1.6843464303428692,0.0,1.182393037627818,0.0,0.0,0.0,0.0,0.0,0.0,0.0,0.0,0.0,0.0,0.0,0.0,0.4818698757096251,0.0,0.0,1.0640011561647276,3.0289608631364446,0.0,-0.0091694471575216,-2.830796811639824,5.030126596996701,0.0,0.0,0.0,0.0,-5.180185970831673,0.0,-2.056995396097879,-1.7933270058265371,0.0,0.0,0.0,0.0,0.0,0.0,0.0,0.0,-1.6602800559921902,0.0,0.0,0.0,0.0,-1.496266714852608,3.22980705083738,0.0,0.0,0.4679075979639404,2.7869533836371687,0.0,0.0,0.0,0.0,0.0,1.573968824159937,1.886858548646274,0.0,4.295034728438802,0.0,0.0,0.0,0.0,0.0,0.0,0.0,-1.0970147092076965,0.0,0.0,-4.306454853376312,0.0,0.0,0.0,0.0,0.0,0.0,1.543996969454858,0.0,-0.6201875034903015,-0.9559407310057728,-1.291986164376802,-3.915588544689301
SAMD00164760,1,1,1,0,1,1,0,0,0,0,0,0,0,1,0,1,1,1,0,1,0,0,0,1,1,0,1,1,0,0,1,1,0,0,1,0,0,1,0,0,1,1,1,0,0,1,0,1,0,1,1,1,1,0,0,1,0,0,0,0,0,1,0,0,1,0,1,0,0,1,0,0,1,1,1,0,0,0,0,1,0,1,1,1,1,1,1,0,0,0,1,0,1,0,0,0,0,0,0,1,1,0,0,0,1,1,1,2.848101648770656,2.030576815637687,0.7731113049038796,0.0,0.3789833452627478,0.406893884334839,0.0,0.0,0.0,0.0,0.0,0.0,0.0,-0.4192783912657285,0.0,1.76574995915636,-0.2059522081385081,-3.786871076706981,0.0,1.468828916654944,0.0,0.0,0.0,-2.965742934053162,0.4458797131675677,0.0,2.6787417122687747,-0.6741487564226447,0.0,0.0,0.8637568366339378,1.337729670571996,0.0,0.0,-1.4764447281479751,0.0,0.0,0.7195722752472082,0.0,0.0,-1.035649858681356,1.4910427440221203,2.0686095912507096,0.0,0.0,0.5888782089969667,0.0,-0.2576205854814932,0.0,-0.2337394919284592,3.505646105487118,-1.49256121156977,-6.056785387411478,0.0,0.0,4.019366626837466,0.0,0.0,0.0,0.0,0.0,-1.8018483532946368,0.0,0.0,2.3533924807543483,0.0,0.3695104178021815,0.0,0.0,-3.077860232173868,0.0,0.0,-0.7083748510993482,-2.488259233541509,-0.6628873148840595,0.0,0.0,0.0,0.0,-1.698856304316657,0.0,3.315082470363608,0.6426123202258629,-4.513792574385531,-5.011138634323281,-1.2619791907474518,-2.0406168898820507,0.0,0.0,0.0,1.1031080545630263,0.0,-1.4179041440810751,0.0,0.0,0.0,0.0,0.0,0.0,0.2741443619040434,2.2960805177259407,0.0,0.0,0.0,2.666790725026119,3.180901447721629,-0.3047798027547113
SAMD00164764,1,1,1,0,1,1,0,0,0,0,1,0,0,1,0,1,1,0,0,1,0,0,0,0,1,0,1,0,0,0,0,0,0,0,1,0,0,1,0,0,0,0,1,0,0,1,0,1,0,1,0,0,1,0,0,0,0,0,0,0,0,0,0,0,0,0,0,0,0,1,1,0,0,1,1,0,0,0,0,0,1,1,0,0,0,0,0,0,0,0,0,0,0,0,0,0,0,0,1,0,0,0,0,1,1,1,0,0.6409498317736425,-1.499405242116903,2.02053422389891,0.0,1.2302697979446902,-0.1545505942477216,0.0,0.0,0.0,0.0,1.8063067655154728,0.0,0.0,-1.3156939867983106,0.0,3.649532975678388,1.2818556461591284,0.0,0.0,-0.4046358707013159,0.0,0.0,0.0,0.0,1.9714358694662693,0.0,0.8847297583775285,0.0,0.0,0.0,0.0,0.0,0.0,0.0,-0.0034429876361996,0.0,0.0,1.304902869961741,0.0,0.0,0.0,0.0,-1.3353163190035715,0.0,0.0,-1.9810094427317724,0.0,2.4347464526991565,0.0,0.6766318138190056,0.0,0.0,-2.335617033777073,0.0,0.0,0.0,0.0,0.0,0.0,0.0,0.0,0.0,0.0,0.0,0.0,0.0,0.0,0.0,0.0,-4.763779434154321,0.6444181483782421,0.0,0.0,-0.3953795544021387,-0.774436818602422,0.0,0.0,0.0,0.0,0.0,1.72481259051569,3.4246421466785537,0.0,0.0,0.0,0.0,0.0,0.0,0.0,0.0,0.0,0.0,0.0,0.0,0.0,0.0,0.0,0.0,0.5477252441976102,0.0,0.0,0.0,0.0,-3.1234845060477388,-2.674483438480639,-3.4822589063639007,0.0
SAMD00164765,1,1,1,1,1,0,1,1,1,0,1,1,1,1,1,1,1,1,1,1,0,0,0,1,1,1,1,1,1,1,1,1,0,1,0,0,0,1,1,1,1,1,1,1,1,1,1,1,0,0,0,0,0,0,1,0,0,0,0,0,1,0,0,0,1,0,0,0,0,0,0,0,0,0,0,1,1,0,0,1,1,0,0,0,0,0,0,0,0,0,1,1,0,0,1,1,1,0,1,0,0,0,0,0,1,1,1,1.8131176017852195,3.045897611749109,1.2533677291159313,1.753560579511014,1.457086915193256,0.0,1.2274282045081708,2.6562029329737,1.845117414126971,0.0,-0.0404867312197958,0.9061371493508013,2.5685868739862334,-1.6361761456300423,-0.6308238392953702,0.7455422201618475,-0.6259303089138719,-4.048323441135614,1.2976886474350526,2.391995547283814,0.0,0.0,0.0,-2.100436616204428,2.477550694765066,2.397075348842233,-0.504437735502586,-0.6089002298587476,0.9316908062200404,-0.7736382190512414,-0.4846209804871144,-0.7662257510145889,0.0,-2.075089187805747,0.0,0.0,0.0,-3.5741732959280306,0.577246662639631,-0.863024452305184,-2.174180090449978,-3.298633610301975,2.721544314934394,0.1609890767499926,-3.191965049984133,2.565261541636452,1.8711287417395768,-0.4537851074298935,0.0,0.0,0.0,0.0,0.0,0.0,-0.5434567237471202,0.0,0.0,0.0,0.0,0.0,-2.3096570089799915,0.0,0.0,0.0,0.2766710549255273,0.0,0.0,0.0,0.0,0.0,0.0,0.0,0.0,0.0,0.0,-0.7468596739990023,-1.067803239584977,0.0,0.0,-0.8715400388617562,2.1276820356238657,0.0,0.0,0.0,0.0,0.0,0.0,0.0,0.0,0.0,-0.8089391385279192,-3.955787188214015,0.0,0.0,-4.288227161307289,3.819321071824896,4.436872964720995,0.0,-2.6544402198629022,0.0,0.0,0.0,0.0,0.0,0.7781048633450769,-0.3300331127798115,-2.6752743067657443
SAMD00164772,1,1,0,1,1,0,1,1,0,0,0,0,0,0,0,1,0,0,0,1,0,0,0,0,0,0,1,0,0,1,1,1,0,0,0,0,0,1,0,0,0,1,1,0,0,0,0,1,0,0,0,0,0,1,1,1,0,0,0,0,1,0,0,0,1,0,1,0,0,0,1,0,0,0,1,0,0,0,0,0,0,1,0,1,0,0,0,1,0,0,0,0,1,1,0,0,1,0,0,1,0,1,0,0,1,1,1,-2.2641862993497703,-1.242556898042216,0.0,1.5378901703279546,-4.707899641804049,0.0,-2.140051731588501,-2.007425234510297,0.0,0.0,0.0,0.0,0.0,0.0,0.0,1.548333147759173,0.0,0.0,0.0,0.388124469758401,0.0,0.0,0.0,0.0,0.0,0.0,-3.913172668426183,0.0,0.0,-1.4221295821058184,-0.8729886323013589,2.3201289308523427,0.0,0.0,0.0,0.0,0.0,-1.3685330598322305,0.0,0.0,0.0,-3.3949878266181823,-1.5170868830027586,0.0,0.0,0.0,0.0,4.651861643886757,0.0,0.0,0.0,0.0,0.0,-2.170913842971159,0.0647551118896805,3.810118366589826,0.0,0.0,0.0,0.0,-2.845332038424828,0.0,0.0,0.0,3.791787754274973,0.0,-3.874170510622914,0.0,0.0,0.0,1.4239829080601758,0.0,0.0,0.0,4.645298777044459,0.0,0.0,0.0,0.0,0.0,0.0,0.5857527727048033,0.0,-4.458683850180064,0.0,0.0,0.0,0.8217290863548727,0.0,0.0,0.0,0.0,1.1316627438814404,4.363737315409208,0.0,0.0,-1.554250205627323,0.0,0.0,1.4046409059273557,0.0,-0.7606552014125401,0.0,0.0,3.870322381252756,2.5486683077472265,1.6062293130987892
SAMD00164791,1,1,0,1,1,0,1,1,1,0,1,1,1,1,1,1,1,1,1,1,1,1,1,1,1,1,0,1,1,1,1,1,0,1,0,0,1,1,1,1,0,1,1,1,1,1,1,0,1,1,0,1,0,1,1,1,1,1,1,0,1,1,0,0,1,1,1,1,1,0,0,1,1,0,0,1,0,1,1,0,1,0,0,0,1,0,0,0,0,1,1,0,1,1,1,0,1,0,0,0,0,0,0,0,1,1,1,2.7243973901256515,-1.8364944102308765,0.0,-1.3337515860220766,0.0162661268776822,0.0,1.9706357200554787,1.9655125853072088,-0.6706469074238361,0.0,-4.12368894659647,-0.4690245729270486,1.5019812790835163,-2.9414041822042463,-0.0734546074803044,2.263888017326222,-2.0019719217683964,-2.1882227567022405,0.2166630574389954,-0.6116551602693776,2.694380307331562,1.46430849506602,-0.4004080657652018,-2.2272964990289665,-0.7623039682532182,2.48248938382357,0.0,-2.7557437241447764,0.0091184659158094,1.333712365732847,1.1258773459271951,1.1375116737249718,0.0,-0.2247696021816714,0.0,0.0,-2.673993074126084,-5.491964802213683,2.195796641754491,0.8015864985486282,0.0,2.911710886070588,-3.991067058354788,0.0147014987370894,-0.5926335776761018,0.94468910236377,2.1023804917446185,0.0,-0.303542024238367,1.9920024764272848,0.0,-3.837826710861676,0.0,3.2529557047140334,-0.5580048757763949,3.2831851526941738,3.0574881176332847,2.430529317137861,-2.566501724506248,0.0,-0.1969385597638602,-2.4413385815522424,0.0,0.0,0.535900551780591,-1.4183089740501391,1.7328510300730935,-2.4186103304746864,-0.6707620020893255,0.0,0.0,0.7061654215063229,1.283303436577222,0.0,0.0,-1.7347593656004991,0.0,-2.615981781769618,-0.6900537102031845,0.0,0.568059189131896,0.0,0.0,0.0,-3.331931253203544,0.0,0.0,0.0,0.0,-1.3646000289634483,0.2121985522795353,0.0,-4.27239990312791,0.9646254248378356,0.5515498956509384,0.0,5.381376456054763,0.0,0.0,0.0,0.0,0.0,0.0,0.0,4.242052827793556,2.3443880252987626,1.3758163370034675
SAMD00164801,1,1,1,1,0,1,0,0,0,1,1,0,1,0,0,1,1,1,0,1,0,0,0,0,1,1,1,1,1,1,1,1,0,0,0,0,0,1,0,1,1,1,1,1,1,1,1,1,0,1,0,0,1,0,0,1,0,0,0,0,1,0,0,0,1,1,1,0,0,1,1,1,0,1,1,0,0,0,0,0,0,0,0,0,0,0,0,0,0,0,0,0,1,1,0,0,0,1,0,0,0,0,0,0,1,1,1,-1.164003429684881,2.949801623282845,-0.4827492201988094,2.284982062380206,0.0,-0.0954614980971865,0.0,0.0,0.0,1.2156792224612716,-1.5128526905276969,0.0,1.403986343125257,0.0,0.0,3.102736573337145,-2.5099434933104097,-6.593880549483616,0.0,1.7819829561381866,0.0,0.0,0.0,0.0,0.5539409480086388,0.3743995245855533,2.5588066338653404,-2.143947491880198,0.3050938660668305,0.5361936985139294,1.197842600213186,0.8459012894584895,0.0,0.0,0.0,0.0,0.0,0.3604691225326359,0.0,0.6766537329749012,-3.9956903092004623,1.0780097599489968,0.7558762986960137,1.3971939046814643,0.5999304802057179,0.8902837828405212,0.1550566084378145,-0.799528221915118,0.0,1.4130424194583309,0.0,0.0,-3.1328907400731447,0.0,0.0,2.3455256073420085,0.0,0.0,0.0,0.0,-0.3359227448069967,0.0,0.0,0.0,2.149764653644988,-3.197746469778007,-6.705997847604322,0.0,0.0,-2.8866106352411767,2.7037281109220705,-0.0112470168363811,0.0,-1.8339105437558247,-2.195138341087472,0.0,0.0,0.0,0.0,0.0,0.0,0.0,0.0,0.0,0.0,0.0,0.0,0.0,0.0,0.0,0.0,0.0,0.3152828285706334,1.3277815205374894,0.0,0.0,0.0,1.478785353558719,0.0,0.0,0.0,0.0,0.0,0.0,1.5879839935892424,0.2680687445972852,0.9827369795059938
SAMD00164804,1,1,1,0,1,0,0,1,0,0,1,1,1,1,1,1,1,1,1,1,0,1,0,1,1,1,1,0,0,1,1,1,0,0,0,0,1,1,0,0,1,1,1,0,1,1,0,1,1,0,0,0,1,0,1,1,0,0,0,1,1,1,0,0,1,1,1,0,1,1,1,1,0,0,1,0,0,1,1,1,1,0,0,0,1,1,1,0,0,1,1,0,1,1,0,1,0,1,0,0,0,0,1,0,0,0,0,1.634431068983448,-3.2906009921810035,1.2432019923069988,0.0,1.501324251340567,0.0,0.0,3.931614831859832,0.0,0.0,0.0577195910432233,0.6879592788736665,1.7133519652878206,-0.8366441016560906,-1.2930931918313122,2.770673403466124,-1.0249636770985988,-3.512753954013517,0.6631363746036254,-3.4365265886256333,0.0,1.111745538186386,0.0,-0.0758565838276341,-2.0119823453717425,2.494571151765901,2.5774408852380333,0.0,0.0,0.9116627520359336,1.5611117659375937,-0.4474101884765087,0.0,0.0,0.0,0.0,-1.4443570917678856,1.4963124532574856,0.0,0.0,-5.436631388068948,1.652343145479957,-2.978927560961009,0.0,-0.3757004722362795,-3.9477345484696897,0.0,-0.5151052012478601,3.010606604565142,0.0,0.0,0.0,-1.6584303743858853,0.0,2.2837927078813127,1.9463205806456216,0.0,0.0,0.0,-2.0402478341933747,0.0435837166610628,-4.261895403928038,0.0,0.0,2.125957404456221,1.1041417727992662,-0.3190943936689179,0.0,-0.4324007407982484,-1.165157633798665,-0.2736387888354268,-1.3654340230374984,0.0,0.0,-0.3498200438494774,0.0,0.0,0.5737214435592399,0.4915593745080082,-2.554770319840692,-0.2004148383094028,0.0,0.0,0.0,2.6444242901211514,-0.7020697230173292,0.4271923729895422,0.0,0.0,1.3017520221083112,1.4229390519720448,0.0,-3.1844479264519707,2.489692765692824,0.0,2.354194311837409,0.0,1.1251900853311845,0.0,0.0,0.0,0.0,-0.2175590248463086,0.0,0.0,0.0,0.0
SAMD00164813,1,1,1,1,1,0,1,1,1,1,1,0,1,1,1,1,1,1,1,1,0,0,1,1,1,1,1,1,1,1,1,1,0,1,0,0,1,1,1,1,1,1,1,0,1,1,1,0,0,1,0,0,0,0,1,1,0,1,0,0,1,1,1,0,1,1,1,0,1,0,0,1,1,0,1,0,1,1,1,0,1,0,0,0,1,0,1,1,0,0,1,0,1,1,1,1,0,1,0,0,0,0,1,0,0,0,0,1.9830728715267536,-1.6296512671870451,-4.443061983947081,3.183259749019734,-0.8796631835058055,0.0,0.9495591993035496,3.116567574109349,-0.9200849987668724,0.0593586539239037,0.5189596009988748,0.0,1.2838040118152985,-3.1923018200466844,-2.566316218256337,3.303841591170816,-2.508824336104698,-1.65794700188812,-0.7344897564313968,-1.9611944948852544,0.0,0.0,-1.032848414423555,-0.8517922703692498,0.8082870872320058,2.392496015199331,3.5194229656493428,-1.9611944948852544,-1.3322268895116038,1.3597500839320815,1.8652252219977488,1.9277690754158188,0.0,-1.3332260153596749,0.0,0.0,-2.1227085167706043,-2.4579157310852304,1.533942780275216,0.0257075509701558,0.6202773736397424,2.9397454335947524,0.9680462082013216,0.0,0.668081737306662,-2.119137574918041,3.0815083123039937,0.0,0.0,1.6658556346434183,0.0,0.0,0.0,0.0,1.3820453326590902,0.1808392387470729,0.0,1.0968605185147091,0.0,0.0,1.2595620234931044,-4.848527092055246,1.9854957098769177,0.0,1.6497424016764288,-2.69471500765434,0.876539857538018,0.0,1.6686972257313315,0.0,0.0,0.5546990074399061,-0.7463699900963516,0.0,-5.258202732699754,0.0,-0.7106080244280093,2.612693043790766,-0.3481106963895883,0.0,-2.1472222790925675,0.0,0.0,0.0,-3.397169137588293,0.0,-2.6739663742962385,0.6014287978943366,0.0,0.0,0.3957510640346903,0.0,-3.7569422391945935,1.3833264039750652,-0.0944299300888467,1.626666054837379,0.0,3.211975806000905,0.0,0.0,0.0,0.0,2.119987253486739,0.0,0.0,0.0,0.0
SAMD00164887,1,1,1,0,1,1,1,0,1,0,1,1,1,1,1,1,1,1,1,1,0,0,1,1,1,1,1,1,1,1,1,1,0,1,1,0,1,1,1,1,0,1,1,0,1,1,1,1,1,1,0,1,1,0,1,1,0,0,0,0,1,1,1,0,1,1,1,1,1,1,0,0,1,1,1,0,0,0,0,1,1,1,0,0,1,1,1,0,0,0,1,0,0,1,0,0,0,0,0,1,0,0,0,0,0,0,0,4.167436482406476,0.9560497518215384,2.430005174307002,0.0,1.9074135906164864,-4.763034052526694,4.833265471334057,0.0,1.5421498263457052,0.0,1.9219197953823783,2.0218273875016544,1.8496825514991144,-0.2728923196551054,0.3240793742074639,3.4905601459780784,-1.2509051101572572,-0.302599048851091,1.0018592878528323,0.3643823270657347,0.0,0.0,-1.1337148427458537,-3.407947897860645,2.9203567679652025,2.8734889645248947,2.7315173326356503,0.4464521003147266,0.8642252739310857,0.4815760527869774,1.1532884684248854,0.2415119760650244,0.0,-5.214221409972954,0.5577661015435107,0.0,-0.8176086889005043,-1.6099638454512657,-0.1097123739540291,0.0843152307783514,0.0,0.7798056405905213,1.797988711510966,0.0,-0.0687690004404957,0.8614673734200626,2.651316686631784,-0.7852860792293457,-1.0793355943890954,1.403591935051291,0.0,-0.1996173934969696,-5.082885407911867,0.0,1.8721497378053225,3.769470371701552,0.0,0.0,0.0,0.0,-3.979158018576986,-1.4554722758985317,1.9176664048011955,0.0,2.163904755369172,-3.0150494123523384,-0.2142864355034894,-2.310296685672085,-2.1191996437631566,-2.8005030222353406,0.0,0.0,0.0959118381981591,-5.745727238976483,-2.2224443162618908,0.0,0.0,0.0,0.0,2.424327481006081,-2.613482944659832,1.3655657207852057,0.0,0.0,0.2678419369923395,-3.386564331835322,-2.9204469466610625,0.0,0.0,0.0,1.402747568217576,0.0,0.0,2.139068407830729,0.0,0.0,0.0,0.0,0.0,-5.196829667261085,0.0,0.0,0.0,0.0,0.0,0.0,0.0
SAMD00164893,1,1,1,1,1,1,0,1,1,0,1,1,0,1,0,1,1,1,1,1,0,1,0,1,1,0,1,1,1,0,1,1,1,1,1,1,1,1,1,1,1,1,1,1,1,0,1,0,0,1,0,1,0,0,1,1,0,0,0,0,1,1,1,1,1,1,1,0,0,0,0,1,1,1,1,1,0,1,0,1,1,0,0,0,1,0,1,1,1,1,0,0,0,1,0,1,0,0,0,1,0,0,1,0,1,1,1,3.2251580948933007,-1.808721866972265,1.411808261603902,0.6997210328018848,0.6380892060281167,0.9806387583090534,0.0,3.2067171740643285,-1.2500488527467215,0.0,0.3026100804943654,0.6424907657855804,0.0,-2.473579077686669,0.0,3.4917337132859227,-0.1563849627979205,-2.3574717710969857,-0.5170988725908252,-2.57293719568134,0.0,1.9991858161470053,0.0,-0.8409432686119145,1.9223256410166225,0.0,1.4881466664261236,-0.4385947636309291,-0.1254917125838317,0.0,0.6998552501805525,0.2214552886140135,1.2221301583425483,-2.262758660479564,-0.4595527906201451,-0.1550903416095064,0.1946372052978928,-1.8166689286647968,0.2546990521741076,1.082208588531911,-1.5804463878214634,2.294033247419022,-2.9702908151245992,0.0185685791416293,-0.5337331728783996,0.0,2.8259030479063787,0.0,0.0,1.246322666774594,0.0,-3.1910662558728413,0.0,0.0,0.8853681054182544,3.254511718357345,0.0,0.0,0.0,0.0,1.8045465578122413,-1.7366773679620924,1.4276516908054029,-0.4975317626451419,1.153805205064713,-2.1254044103144105,0.6562114615326405,0.0,0.0,0.0,0.0,-1.646499815311442,-2.3917376089480973,-3.630274334729109,-2.956685163068821,-2.0909220706364176,0.0,1.2040883490398802,0.0,-0.6753215829310275,2.199516401472759,0.0,0.0,0.0,-2.9305231169592503,0.0,-1.8422595507279853,-1.2533555778534422,0.1859470347778657,2.41211876135582,0.0,0.0,0.0,1.6298668290399474,0.0,-1.0656386781563507,0.0,0.0,0.0,-0.6744194628878897,0.0,0.0,1.7017153693235474,0.0,1.5722413958977564,2.054241148968666,-1.1821381235034834
SAMD00164900,1,1,1,1,0,1,0,1,1,0,1,1,0,1,0,1,1,1,1,1,0,0,1,0,1,0,0,1,1,1,1,1,0,1,0,0,1,1,1,1,1,1,1,1,1,1,1,1,0,1,0,1,1,0,0,1,1,1,0,0,0,1,0,0,1,1,1,0,1,1,0,1,0,0,0,0,0,0,0,1,1,1,0,0,0,0,1,0,0,0,0,1,1,1,0,0,0,0,0,0,0,0,1,0,0,0,0,3.8714683317795737,-2.8157067849753177,1.29328997613383,3.558183132545074,0.0,1.2542313811904091,0.0,3.817926170614217,1.6504007641950122,0.0,1.5999152812594826,1.0514828707143544,0.0,-1.7550820369683795,0.0,3.263677707611381,-1.478307027925816,-2.172298161612063,-0.5187286412239815,-2.8080242888033013,0.0,0.0,-4.31337800993918,0.0,1.4435456675278573,0.0,0.0,0.2772618327024383,-0.1168244445862822,0.5807019428513469,2.046041728413221,2.181835455881916,0.0,-0.2133980156387676,0.0,0.0,-2.902951888739413,0.1568476343320617,0.6439858296202122,-0.0246915141166168,-0.2839296317867006,2.600045084633492,-2.0639027422590823,0.935836643601125,0.3993571566391646,-4.804288324004229,3.335149457956687,-2.2119107110638567,0.0,2.8205552921469685,0.0,-0.9670091013374704,-2.9977713053972104,0.0,0.0,2.2874108257814987,2.8432938695310463,2.4543023466601825,0.0,0.0,0.0,0.5423496129032482,0.0,0.0,0.5677680666982413,-0.922385780866524,0.72965770970649,0.0,1.6696023723480455,-3.268886158090942,0.0,-5.550459972872394,0.0,0.0,0.0,0.0,0.0,0.0,0.0,2.4389326489877194,2.2697211531866315,-5.73476369087034,0.0,0.0,0.0,0.0,-1.7544147029429469,0.0,0.0,0.0,0.0,-4.495699566733135,-3.4417480488924457,2.0392714110106827,0.0,0.0,0.0,0.0,0.0,0.0,0.0,0.0,0.9925111924827849,0.0,0.0,0.0,0.0
SAMD00164921,1,1,1,1,1,1,0,1,1,0,1,1,1,1,1,1,1,1,1,1,0,0,1,1,1,1,1,1,1,1,1,1,0,1,1,1,1,1,0,1,0,1,1,0,1,0,0,0,0,1,0,0,1,1,1,1,0,1,0,0,1,0,0,0,1,1,1,0,1,0,1,1,0,0,0,0,0,0,0,1,0,0,0,0,0,0,1,0,0,1,1,0,0,1,0,1,1,1,0,0,0,0,0,0,0,0,0,2.505686997737344,-0.0326995331540096,2.8826320938429983,0.5913347853822448,2.233841843365699,-1.0849877501478808,0.0,2.130702177247412,1.4102592261220126,0.0,2.635890575233139,-0.2750262915757349,0.3562334557801343,-0.0804095253412131,2.439598378740148,1.1697952524625188,0.4692889837084251,-1.4124232363151903,1.368786904636641,-1.5264977916536473,0.0,0.0,0.2458768060326788,-1.2675271956015928,-0.2965799057649037,2.54567063420398,1.780351679993324,1.2646396027572129,0.4565071596621048,-1.852745794499001,0.656923442656673,0.8552000714786948,0.0,0.5298458913958297,1.2845159269888728,-1.1805521380047066,-1.8087363968864647,-0.6368722546893462,0.0,-0.7684504247042494,0.0,-2.08167679636808,-2.309380656318792,0.0,0.0682076225824448,0.0,0.0,0.0,0.0,-1.0748720569530927,0.0,0.0,-4.328306581868763,1.6033956169069647,2.4598844248337453,-2.14986189918414,0.0,-0.4824233789451624,0.0,0.0,-2.101548289783632,0.0,0.0,0.0,3.020334822080131,-3.2708393373118305,0.6880795860680216,0.0,-1.1215974957604418,0.0,-3.4743861807210665,-2.3026093161956185,0.0,0.0,0.0,0.0,0.0,0.0,0.0,0.119801714084611,0.0,0.0,0.0,0.0,0.0,0.0,-2.34714474093865,0.0,0.0,-0.7781547215320519,-0.495427463368369,0.0,0.0,-3.00934534081746,0.0,1.35464017389632,5.689377219731412,-1.266220575206639,0.0,0.0,0.0,0.0,0.0,0.0,0.0,0.0,0.0
SAMD00164922,1,1,1,0,0,1,0,1,1,0,1,0,0,1,0,1,1,0,1,1,0,0,1,0,1,0,0,0,1,1,1,1,0,0,0,0,0,1,0,0,0,0,0,1,0,0,1,1,0,0,0,0,0,0,0,0,0,1,0,0,1,0,0,0,1,1,1,0,1,0,1,0,0,0,1,0,1,0,0,1,0,1,0,1,1,0,1,0,0,0,0,0,1,0,0,0,0,0,0,0,0,1,0,0,1,0,0,-1.1240711635614653,-1.642262589189728,2.0094512370793844,0.0,0.0,0.8988643994775316,0.0,5.3217825466929565,-1.2739244084871324,0.0,0.0918004409668986,0.0,0.0,-0.5265470738663269,0.0,3.52991015420717,1.4100669810149251,0.0,-2.3123318224671285,-2.031421677272937,0.0,0.0,-0.2209372884525402,0.0,2.3693874059823363,0.0,0.0,0.0,-0.1382284272434397,-0.2841835751748431,2.1388492675964974,2.341813192876644,0.0,0.0,0.0,0.0,0.0,-0.2345551640354564,0.0,0.0,0.0,0.0,0.0,-3.768706011702728,0.0,0.0,2.0625830817924244,2.50901320297607,0.0,0.0,0.0,0.0,0.0,0.0,0.0,0.0,0.0,-0.1480041008609878,0.0,0.0,0.9545444287731109,0.0,0.0,0.0,3.543954131476452,-4.36402505215592,-0.5922848347786669,0.0,-2.3130925680344374,0.0,1.4063094477216738,0.0,0.0,0.0,0.4116116870744349,0.0,-1.323313756034698,0.0,0.0,1.2298500965974883,0.0,2.3830369879029263,0.0,-0.9896132014937696,-2.4621825083158653,0.0,-1.2515622361357173,0.0,0.0,0.0,0.0,0.0,-1.2172746416571332,0.0,0.0,0.0,0.0,0.0,0.0,0.0,0.0,-2.3578384100953462,0.0,0.0,-4.03646817919266,0.0,0.0
SAMD00164924,1,1,1,1,1,1,0,1,1,0,1,0,1,0,0,1,1,0,0,1,0,0,1,1,1,0,0,1,1,1,1,1,0,1,1,0,1,1,0,1,1,1,1,0,1,1,1,1,0,1,0,1,0,1,1,1,0,1,0,0,0,1,0,0,1,1,1,0,1,0,1,0,0,0,0,0,1,0,0,0,1,0,1,1,1,1,1,1,0,0,1,0,1,0,0,1,1,1,0,1,1,1,0,0,1,1,1,0.7727268744636147,-3.451782764958079,-4.148214020719214,1.8551855981690453,0.648120091776816,-3.046317656849914,0.0,3.495502132802824,-1.237222975620314,0.0,-2.211746812464183,0.0,0.1509046485496299,0.0,0.0,1.8982478897349944,-3.7019269180907934,0.0,0.0,-1.878736783571441,0.0,0.0,-0.5696415061984297,1.071181172402932,2.791982972965112,0.0,0.0,-2.9951883103273103,0.5733932663217485,-0.3160747443743001,1.5006675519181338,4.667428397684291,0.0,-1.6868835565195996,-2.288631955152398,0.0,-2.445861139206744,1.107257649302511,0.0,-0.676533650276367,-1.739906635411146,2.6259008371386185,-4.576974691430901,0.0,1.0118616289041165,3.2024986129020143,-2.0803524264703377,0.230063819681993,0.0,1.9306497119428645,0.0,-4.923599299516131,0.0,3.691608204447461,1.485788148445088,1.2514657480932914,0.0,0.496303388638027,0.0,0.0,0.0,-2.687459305930239,0.0,0.0,1.2372010677748295,-0.8839372271683006,0.6222475637098397,0.0,-1.5832646632576777,0.0,4.385877688345131,0.0,0.0,0.0,0.0,0.0,0.6672010964247278,0.0,0.0,0.0,0.6942102198429216,0.0,-1.1055730510954969,-1.2531020534002448,1.2937906402806156,-2.360850162964197,-2.1962134335357533,-0.5325952257652853,0.0,0.0,-0.4630420888748099,0.0,-2.1107601746550526,0.0,0.0,1.515248891656045,4.163155969460082,2.1008527110219672,0.0,-0.8020102151874653,3.559318871478875,0.4598467204282603,0.0,0.0,2.440938667381113,0.4526046056889763,-0.0968296107863975
SAMD00164925,1,1,1,1,1,1,0,1,0,0,1,0,0,1,0,1,0,0,1,1,0,0,0,1,0,1,1,1,1,1,0,1,0,0,1,0,1,1,0,0,1,1,1,0,1,1,0,1,0,0,0,1,1,0,1,1,0,1,0,1,0,1,0,0,1,1,1,0,1,1,0,1,0,0,1,0,1,1,1,0,0,0,0,1,0,1,1,1,0,1,1,0,0,1,0,0,0,1,1,0,0,1,1,1,0,0,0,2.340806981318297,-1.2644777473353623,-0.3984920879929827,3.60026101874854,-0.1078740989408426,0.3970318807715818,0.0,3.671273769945516,0.0,0.0,1.671283974527701,0.0,0.0,-3.5942980009370102,0.0,3.982845192578368,0.0,0.0,-0.3170050460776024,0.6365826944113662,0.0,0.0,0.0,1.3586796459886696,0.0,1.3403535520875762,1.6278095573803009,-1.6397671088377903,-0.7989621120493209,2.1725909936012293,0.0,1.8581363748377664,0.0,0.0,0.099675080377384,0.0,-0.3851211356003263,0.5224828366784258,0.0,0.0,-1.314070986176533,2.669078883626949,-2.6759891049066185,0.0,0.5106152812728348,-3.337387587151983,0.0,-0.8702890272951327,0.0,0.0,0.0,-2.313551228714665,-3.704533830958011,0.0,1.415191856252012,3.1309080859166056,0.0,1.4173169851955296,0.0,-0.9716483944312722,0.0,-0.927256867594774,0.0,0.0,2.1909868769793315,-0.5710575590476028,0.581814448373826,0.0,-0.7538487352946177,-1.918429419213301,0.0,-2.621497525471689,0.0,0.0,-3.333921379175497,0.0,0.0212199863988362,1.155822421139703,0.1917774162673485,0.0,0.0,0.0,0.0,-0.4722149358333574,0.0,-7.442203449241379,-0.7325782362063824,0.8254616873032692,0.0,0.3887240926316507,0.2630590256249457,0.0,0.0,1.9312890727587688,0.0,0.0,0.0,2.311186164917705,2.5677282421471475,0.0,0.0,-2.062548666957416,1.71979218566378,-4.04276199428149,0.0,0.0,0.0
SAMD00164942,1,1,1,1,1,1,1,1,1,0,1,0,0,1,0,1,1,1,1,1,0,0,0,0,1,1,1,1,1,1,1,1,0,1,1,1,1,1,0,1,1,1,1,0,0,1,1,1,0,0,1,0,0,0,1,0,0,1,0,0,1,0,1,0,1,0,1,0,1,0,1,1,0,0,1,1,0,0,0,1,1,0,1,0,1,1,0,1,0,1,1,0,1,1,0,0,0,1,1,0,1,0,1,0,0,0,0,1.9413697611490264,1.0002424499552025,2.9125999799845577,1.1111894176220949,1.930836024970105,-0.736271389085581,3.7931902894337792,3.307142949222973,1.5224685730539538,0.0,0.6605708192608182,0.0,0.0,0.4390331790489837,0.0,1.078298041840485,-0.497294934715552,-4.796765257864688,1.1625127750518471,1.2291862152766844,0.0,0.0,0.0,0.0,0.4648391629055762,2.07157743114991,1.199943625734302,-0.3899380949903368,-0.0331300711693096,-3.707041916613824,-0.2634998907272565,-0.7371363310103232,0.0,-1.181392640534508,0.830961959999126,-1.7743996703025913,-2.480993160588688,0.1205853357151603,0.0,-0.2832188395162118,-2.5165524626251754,1.2805927849992929,1.9826101071455504,0.0,0.0,-1.9549132975437875,0.2090205382894223,1.60973010251614,0.0,0.0,1.5720946530709328,0.0,0.0,0.0,1.4837852430489749,0.0,0.0,0.7458161760882159,0.0,0.0,-3.853123388392636,0.0,-1.7648233804404272,0.0,2.1894249018718783,0.0,-0.352380297750104,0.0,-0.1095122410881156,0.0,1.752340942752055,-0.8015187680929208,0.0,0.0,-2.3578871024433905,-1.289234382713757,0.0,0.0,0.0,1.3920680792335132,-0.8526377914543024,0.0,0.6390927837665623,0.0,-1.6463767432997682,-4.666927995780307,0.0,0.3888391629733458,0.0,0.468519876933999,0.197232894968694,0.0,-5.035516706844889,0.0015331718334088,0.0,0.0,0.0,0.8543878338369417,-1.1930485285239891,0.0,2.689052403034207,0.0,-0.9571543636252844,0.0,0.0,0.0,0.0
SAMD00164943,0,0,0,1,0,1,0,1,0,0,0,0,0,0,0,1,1,0,0,1,0,0,0,0,0,1,0,0,1,0,1,1,1,0,0,0,0,1,0,0,1,0,0,0,0,0,0,1,1,0,0,0,1,0,1,0,0,1,0,0,0,0,0,0,1,1,1,0,0,1,1,1,0,0,1,0,0,0,0,1,0,1,0,1,0,0,1,0,0,0,0,0,1,1,1,0,0,0,0,0,0,0,0,0,0,0,0,0.0,0.0,0.0,4.989942411286539,0.0,-0.9367220182702548,0.0,5.112459799930185,0.0,0.0,0.0,0.0,0.0,0.0,0.0,1.7033178314987143,-1.5979797622650769,0.0,0.0,-2.8271502347987427,0.0,0.0,0.0,0.0,0.0,2.323959978235864,0.0,0.0,-2.2549497468138684,0.0,2.9465801922538377,-0.5241509773755004,0.8393175576440586,0.0,0.0,0.0,0.0,0.2933186567236576,0.0,0.0,-3.3762580451357502,0.0,0.0,0.0,0.0,0.0,0.0,2.5195863745695286,-1.804538388309177,0.0,0.0,0.0,-6.978604476729834,0.0,2.448941853893805,0.0,0.0,0.9784622700722612,0.0,0.0,0.0,0.0,0.0,0.0,2.255334199415141,-3.3863518583049688,-0.4603114582468961,0.0,0.0,-2.758323077124417,0.7649390716590748,-2.9513748511704847,0.0,0.0,0.911899265033781,0.0,0.0,0.0,0.0,1.5614310928999393,0.0,-0.5009845502753489,0.0,1.0092953617248617,0.0,0.0,-1.6545680669136769,0.0,0.0,0.0,0.0,0.0,-0.9060451439975112,4.229603403863406,-1.9700766649731425,0.0,0.0,0.0,0.0,0.0,0.0,0.0,0.0,0.0,0.0,0.0,0.0
SAMD00164945,0,1,1,0,0,0,0,0,0,0,0,0,0,0,0,1,0,0,0,1,0,0,0,0,0,1,0,0,0,0,0,0,0,0,0,0,0,1,0,0,0,1,1,0,0,1,0,1,0,0,0,0,1,0,0,0,0,0,0,0,0,0,0,0,1,1,1,0,0,1,0,0,0,0,1,0,0,1,0,0,0,0,0,1,1,1,0,0,0,0,0,0,1,0,0,0,0,0,0,0,0,0,0,0,0,0,0,0.0,-0.1718242619201133,1.482938475704001,0.0,0.0,0.0,0.0,0.0,0.0,0.0,0.0,0.0,0.0,0.0,0.0,4.6542169875570085,0.0,0.0,0.0,-1.4171292008929708,0.0,0.0,0.0,0.0,0.0,1.7631593678033617,0.0,0.0,0.0,0.0,0.0,0.0,0.0,0.0,0.0,0.0,0.0,1.3973764117452494,0.0,0.0,0.0,-2.0258910721854018,0.0244833767700911,0.0,0.0,-0.8934851839894724,0.0,1.9570765310206133,0.0,0.0,0.0,0.0,-7.879198158280079,0.0,0.0,0.0,0.0,0.0,0.0,0.0,0.0,0.0,0.0,0.0,4.735784168818048,-0.4902045197169942,-1.506140939270414,0.0,0.0,-2.026774659607589,0.0,0.0,0.0,0.0,-0.1641431770532158,0.0,0.0,-1.736995340402212,0.0,0.0,0.0,0.0,0.0,0.0324077970239162,1.1299765239496216,-2.224552061564536,0.0,0.0,0.0,0.0,0.0,0.0,3.358918934491088,0.0,0.0,0.0,0.0,0.0,0.0,0.0,0.0,0.0,0.0,0.0,0.0,0.0,0.0
SAMD00164948,1,1,1,0,1,1,0,1,1,0,1,0,1,1,0,1,1,0,0,1,0,0,0,1,1,1,1,1,1,1,1,1,0,0,1,0,0,1,0,1,0,1,1,1,1,1,1,1,0,1,0,1,0,1,1,1,0,1,1,0,0,1,1,0,1,1,1,0,1,0,1,0,0,0,1,1,0,1,0,0,1,1,1,0,1,0,1,0,0,0,0,0,1,0,1,1,1,0,0,0,0,0,0,0,1,1,1,2.187185221894535,-0.0678666284652884,-0.4482440548806023,0.0,1.9099178299290744,-2.53394182717498,0.0,2.9914569855858346,-2.1481612198493623,0.0,-0.0790134414828469,0.0,2.5911992781743525,-2.047389530019516,0.0,2.7821754212831107,-0.2791432674841756,0.0,0.0,-1.6738996004508806,0.0,0.0,0.0,1.097735780725378,2.912698792555579,2.7247464735107965,-2.214575662748369,-1.3279038207578946,-0.2663383646239474,-1.194505062923672,-0.5741216163968157,0.2462596049077428,0.0,0.0,-0.8603346289211689,0.0,0.0,0.7805340994890855,0.0,-0.9837561768427632,0.0,1.2345531453748004,-4.169106554847589,0.441111475371212,0.5037222796143168,1.3134749249537396,0.8202122393526677,-0.9046202187273362,0.0,2.789056626678393,0.0,-3.2873445305179003,0.0,3.191221003291814,1.085543865047961,-0.0053584310724741,0.0,-3.976734662200133,-1.8619863066881528,0.0,0.0,-1.8419766798495896,2.6731529773258624,0.0,1.3791320140003502,-1.187411740969187,0.2075267741859403,0.0,-2.2806604431064863,0.0,3.7200300974270895,0.0,0.0,0.0,-4.004619865689669,-2.218015047050278,0.0,-3.649231095561681,0.0,0.0,-1.1411711407989635,-2.398271554065464,0.7382535897900446,0.0,-0.9527794297024026,0.0,-2.015584097657116,0.0,0.0,0.0,0.0,0.0,-1.0812371744419875,0.0,0.4349417899907524,2.4729218427053072,4.328572622165215,0.0,0.0,0.0,0.0,0.0,0.0,0.0,3.9534148882033535,1.7102915403046255,0.454260692129772
SAMD00164959,1,1,0,0,1,1,0,1,0,0,0,1,0,1,0,1,0,1,1,1,0,0,1,0,0,0,1,1,1,1,1,1,0,1,0,0,1,1,1,1,1,0,0,0,1,1,1,1,1,1,0,1,0,0,1,0,0,1,1,0,1,1,0,1,1,1,1,1,0,0,1,1,1,0,1,0,0,1,1,0,0,0,0,0,1,1,1,0,1,0,1,1,1,0,1,0,1,0,1,1,0,1,0,0,0,0,0,3.1315600522998333,-3.1581844392754403,0.0,0.0,1.1044185902696937,0.5152608521563378,0.0,4.420805881908574,0.0,0.0,0.0,-1.2985065475754862,0.0,-5.317928530126961,0.0,1.990093685163191,0.0,-4.750620396568383,-0.5271763426104872,-2.2737278944980286,0.0,0.0,-1.5749640739619946,0.0,0.0,0.0,3.439167527975523,0.486147591205362,0.5458370037665231,-0.6925583395277055,0.7402628093354724,1.806930475472813,0.0,-5.958431977201485,0.0,0.0,-2.3485541062526742,-0.3367777167098413,-0.1479053291987986,1.313209362494569,1.106513314197686,0.0,0.0,0.0,-5.25254577086411,-3.633032206441268,1.3136280390374284,1.995944796904808,1.9516082268216683,-0.0951650870614979,0.0,-2.71323884401591,0.0,0.0,2.369538979338165,0.0,0.0,2.563950291737005,-0.5109764726497339,0.0,-1.1457265985275396,-5.424791675669323,0.0,2.7966913139536738,2.118784288681041,-0.8925965006390693,1.311479350826929,1.974868496511651,0.0,0.0,2.6388417909937307,0.9484511266747014,1.756394228658912,0.0,1.0887172834899992,0.0,0.0,-0.2820294835614427,1.4989035537678546,0.0,0.0,0.0,0.0,0.0,1.2745234552980416,-1.937439591293438,0.1497323980227429,0.0,2.625228163201052,0.0,1.2640872503332152,0.1886656668938022,-2.1231238893542006,0.0,1.1320827968536729,0.0,1.958272682608111,0.0,-0.3982435644450306,0.0871503971837168,0.0,-2.813506346007663,0.0,0.0,0.0,0.0,0.0
CCIS08668806ST-3-0,1,1,1,1,1,1,0,1,1,0,1,1,0,1,0,1,1,1,1,1,1,1,1,1,1,0,1,1,1,1,1,1,0,0,0,0,1,1,0,1,1,1,0,1,1,0,1,1,1,1,0,0,0,1,1,1,1,1,1,1,1,0,1,1,1,1,1,0,1,0,1,1,0,1,0,0,1,1,0,0,1,0,0,0,1,1,1,1,0,0,0,0,0,1,0,1,1,0,0,0,0,0,0,0,0,0,0,1.802380370452452,-1.37631960751274,0.5311654725764526,3.9970749672976176,-1.382254343032555,-0.3605258784046699,0.0,2.9224171091351288,0.6473407335451558,0.0,0.1563274076339509,-3.320312516805183,0.0,0.1286636105589857,0.0,2.905647662012093,-2.7685487041524457,-1.0985618787258098,-1.3623444713800066,-3.4225741765589426,-3.280876957802972,-2.7189621421095733,-3.624896400059568,0.4150933013236986,0.3771057962608057,0.0,3.5466615023949988,-0.062516840539994,-0.7768207866821097,-0.2751518151379599,1.2197916346329234,-0.2403520653784598,0.0,0.0,0.0,0.0,-0.666598557223818,-1.808937171873591,0.0,-1.666937912488079,0.471012594365737,2.8908572751755424,0.0,3.314438292075893,0.590480682441915,0.0,2.6424018954150634,0.1348579917269718,1.7972931695861964,0.0700630184039756,0.0,0.0,0.0,4.684491818460565,1.2836166760056245,2.0500240497513493,2.6057908244842523,1.0044932636962187,2.2822720885071908,-1.304144003110072,-2.626606833019326,0.0,-0.5803739623361439,0.2244449450559817,-0.1662404251489186,-2.421833100116471,-0.3626708689369387,0.0,-0.5475841395131531,0.0,-0.6113688602046283,-2.3055677457348587,0.0,-0.9005156251467048,0.0,0.0,-0.2105036333998371,-2.0496735680699807,0.0,0.0,0.8038258546645605,0.0,0.0,0.0,-2.0619785032603595,0.8106530493490349,-1.2340507106754597,-1.7561291268531292,0.0,0.0,0.0,0.0,0.0,1.3323913912602228,0.0,2.2066616666595413,-0.4970067835156364,0.0,0.0,0.0,0.0,0.0,0.0,0.0,0.0,0.0,0.0
CCIS10793554ST-4-0,1,1,1,0,1,0,0,1,1,0,1,1,1,1,0,1,1,1,1,1,0,1,1,1,1,0,1,1,1,1,1,1,1,1,0,1,1,1,1,1,0,1,1,1,1,1,1,0,0,1,0,1,1,1,0,1,1,1,1,0,1,1,1,1,1,1,1,1,1,1,0,1,0,0,0,0,1,0,0,0,1,1,0,0,0,0,1,1,0,0,0,0,0,1,1,0,0,0,0,1,0,0,1,0,0,0,0,3.411046703264973,3.225605623470565,1.428057979830844,0.0,-5.890561724092753,0.0,0.0,2.623194799508973,1.8676402984898155,0.0,2.3290722042008696,1.738581054449316,1.933088604095872,1.7950807619806204,0.0,2.31351812126005,1.107275305030589,0.3022725747798779,1.0957507980145067,0.8830842873210143,0.0,2.3239748299662013,0.4546118344598511,1.825130284101892,-0.9982315799528112,0.0,3.23338845653942,1.829719566743354,-0.8338260828296791,-2.7641868418201305,0.8510092217528081,0.9398970728838726,-1.5467563022390696,0.0771616807103336,0.0,-1.5338528974031616,-1.6342478339255964,-1.83125615442726,1.7379291778766892,-0.6046840480203559,0.0,2.241482752378051,-1.9860393053400505,-2.523644897332343,-4.096972428187622,-2.321183814392901,1.8714966485500613,0.0,0.0,2.6667499177112988,0.0,-0.0362142684154371,-1.0488003513766495,2.696915812191872,0.0,2.3889430905678286,2.0403952482105185,0.3022725747798779,-5.573107493307302,0.0,-0.746138659983056,-0.7492195353339652,1.4787619823664953,-1.8511801851471648,1.4600885371508527,-4.368335008810802,-0.5603943594160807,-0.7949256198510339,-0.7770525198647682,-4.498787897208237,0.0,0.061653538025205,0.0,0.0,0.0,0.0,-1.828225849078081,0.0,0.0,0.0,1.5612158665883489,-0.1203194981210871,0.0,0.0,0.0,0.0,-1.6710540189166467,-1.101057355985832,0.0,0.0,0.0,0.0,0.0,0.3183156996204536,-1.1056373768159529,0.0,0.0,0.0,0.0,-3.941516776232069,0.0,0.0,0.9230277749547174,0.0,0.0,0.0,0.0
CCIS11019776ST-4-0,1,1,1,1,1,1,1,1,1,0,1,1,1,1,1,1,1,1,1,1,1,1,1,0,1,1,1,1,1,1,1,1,0,1,1,0,0,1,1,1,1,1,0,0,1,0,0,0,1,1,0,1,1,1,1,1,1,1,1,1,1,1,0,1,1,1,1,1,1,0,1,1,0,0,0,1,1,1,0,1,0,1,0,0,0,0,1,1,0,1,1,0,1,1,1,1,1,1,0,0,1,0,1,0,0,0,0,2.4967807484770246,1.7113350218845231,-1.0941461265106092,1.5436219200896346,2.8374047249710186,-1.1399531460367756,-0.0061119493238792,0.7398451981267865,1.3058260813622815,0.0,1.6356868932662163,2.2894658491107114,1.5373591169564222,-0.4957858289733983,-1.7689412401060849,2.389551389110925,-2.478670433262168,0.8570648140105359,0.8077618621880497,1.339557642503932,0.8528907832272946,-1.6999062021035571,0.4308452365414721,0.0,2.050222721974336,2.7014027784686485,2.0978223625696826,-0.9302189444212774,1.3875611227878402,-1.78039174689408,-2.7470333611847204,0.4206288438696024,0.0,-0.6549512751178785,4.198332841401275,0.0,0.0,-2.329031523898572,-2.336255784270369,0.9188331034646088,-1.289338040723072,3.289373192878488,0.0,0.0,2.432010688216154,0.0,0.0,0.0,-3.498180352352805,1.482663194963045,0.0,-2.7026181663647906,-4.851167515454928,5.187437627924464,0.9023898600332448,0.6674203135200818,1.6166704170659958,-2.1052237414074986,-1.3173299427681515,1.0276880872704,1.2340228849744013,-4.93006145792459,0.0,1.2869020732418204,0.9281701594770668,1.762142643251016,-1.6777219881931764,-0.1554634282246811,0.3171589814432027,0.0,1.576046044524981,-3.775812088951085,0.0,0.0,0.0,1.9612534455005253,2.149248669076422,-2.126701077018056,0.0,-4.137541803551441,0.0,2.2918288778326072,0.0,0.0,0.0,0.0,-0.4143751739260557,-4.218429462690542,0.0,-0.5909189549528981,0.4688438596610456,0.0,-3.2472621205905527,-1.817209718745201,2.303490943978084,-3.43431050392487,2.0566360382240365,-2.0455109222880425,0.0,0.0,-0.4733739655868219,0.0,-3.221251071677286,0.0,0.0,0.0,0.0
CCIS19142497ST-3-0,1,1,1,1,0,0,0,1,1,1,1,1,1,1,0,1,1,1,1,0,1,1,1,1,1,0,1,1,1,1,1,1,1,1,0,0,1,0,1,1,1,0,0,1,1,1,1,0,1,1,0,0,0,1,1,1,1,0,1,0,1,0,1,1,1,1,1,1,1,0,0,1,0,1,1,0,1,1,0,0,1,0,0,0,0,0,1,1,0,0,1,0,0,1,0,1,1,1,0,0,0,0,0,0,0,0,0,2.5018043378711785,-2.2862423905983755,0.8758888129320501,1.7794457191281947,0.0,0.0,0.0,3.276563019988701,1.5527832647672897,2.166301651469604,0.054490465662228,2.574776174607244,-0.4672255658842039,-0.9999379295379484,0.0,2.764297111711639,-2.909997577734321,0.27362729766308,-0.2023198854835035,0.0,3.836528606660065,1.1750158752851283,-0.3758685613664505,0.2417591178978528,3.645708911645434,0.0,2.1238394602453003,-0.3651237683494921,-1.4988743549605603,-0.4646189508842495,0.1805686322228705,-1.0234782747988491,-1.1267706832120714,-0.6587057791278259,0.0,0.0,1.12178044694834,0.0,-1.4274095185912603,0.3280782172415686,-3.2317738615290783,0.0,0.0,1.7154748916190172,-1.5077693845294284,-3.122375267121971,2.824184046737241,0.0,-2.981637605076203,3.5196340427781294,0.0,0.0,0.0,2.582100691831296,0.9538147045545574,1.143219426527995,-2.662025164766241,0.0,0.0908542500736044,0.0,-1.6068495483997052,0.0,0.6066834879823388,-1.1178890074379622,0.5468608734295488,-5.688188555522773,1.0585404005538794,-3.813796821714447,-3.0718594769850696,0.0,0.0,0.057116791576866,0.0,-1.0214688616114889,-5.551852111970641,0.0,-0.3280575849190168,-1.793163126463197,0.0,0.0,2.951345558223165,0.0,0.0,0.0,0.0,0.0,-5.139872322841283,-0.3972013599411699,0.0,0.0,0.3486896753380358,0.0,0.0,1.477261503004183,0.0,3.641656216154195,2.6389969874154127,0.212662629611551,0.0,0.0,0.0,0.0,0.0,0.0,0.0,0.0,0.0
CCIS22275061ST-4-0,1,1,1,0,1,1,0,1,1,1,1,1,1,1,0,1,1,1,1,1,1,0,0,1,1,0,1,1,1,1,1,1,1,1,1,1,0,1,0,1,0,1,0,1,1,0,1,1,0,1,0,1,1,1,1,0,1,0,0,1,0,1,1,1,1,1,1,1,1,1,1,1,0,1,0,1,1,1,0,1,1,1,0,0,1,1,1,0,0,0,0,0,1,1,0,1,1,1,0,1,1,0,0,1,0,0,0,3.0545862556704484,-1.622054888230859,4.06443786321256,0.0,-2.802656858788868,-4.82278962602841,0.0,3.093833517631173,3.3371024222170016,-2.468742713522128,2.5700239295055605,3.42113693950176,3.2357758828727694,3.4926311396481893,0.0,1.809582173646783,0.9115692777061996,0.971832717791939,2.1382294764829566,-1.7000782783569286,-4.7163061456259605,0.0,0.0,-1.2862366738697153,0.8988106919445851,0.0,3.8743909394214064,3.976999127948215,1.895286760138463,-2.4870523257174635,-0.1116411377238835,0.0524076971727418,2.9762496779712504,1.2999002860785134,-3.406064147705979,2.4379303516506656,0.0,-0.8290313098870077,0.0,-2.572089368403376,0.0,0.8707154980173557,0.0,5.150360236791856,0.740869417702545,0.0,-1.4640541596007606,-2.2948163118663305,0.0,2.90925936213747,0.0,1.5812867153253942,0.6039901276408521,5.191037598600342,-6.133372165412604,0.0,1.4604637179227598,0.0,0.0,0.1069036797581652,0.0,0.3184138732876007,3.409931317207315,0.3186110665705217,-0.8747923122027292,0.3283563937052458,-3.959567862284483,-5.200552131587239,-3.342718435775184,-2.6356027741257013,-2.077970577139111,-2.990657701509968,0.0,0.1471797163036226,0.0,1.8106766378383845,0.4782767674689581,0.9657263523339448,0.0,3.25226165171534,0.1272444542171431,-1.3120830430472674,0.0,0.0,-0.7016536230512189,-3.195533870277516,-1.7906495806977525,0.0,0.0,0.0,0.0,0.0,-1.023645968672117,0.1236566488935397,0.0,2.639483395680507,-5.200552131587239,-3.969091743795739,0.0,1.3632571500318214,0.1202162326504718,0.0,0.0,-6.538837273520768,0.0,0.0,0.0
CCIS22906510ST-20-0,1,1,1,1,1,0,1,1,1,0,1,1,0,1,0,1,1,0,1,1,0,1,0,1,1,1,1,1,1,1,1,1,1,1,0,1,1,1,0,1,1,1,0,1,1,0,0,1,1,0,0,0,1,1,1,1,1,1,0,1,1,1,0,0,1,1,1,0,1,1,0,1,0,0,1,1,1,1,1,0,0,1,0,1,0,0,1,1,0,0,0,0,1,1,1,1,0,1,1,1,0,1,1,0,0,0,0,1.963775295541385,1.6533377847076105,2.1688081050644734,4.104749941839061,2.0838422127079483,0.0,2.142460063853176,3.018630907200996,3.7105914529221184,0.0,0.0830973395367467,1.8867479151136848,0.0,1.478739735159747,0.0,-3.748787168189532,0.143189502087168,0.0,1.9237787452055848,0.183601749628266,0.0,1.8797775724734456,0.0,2.8409979791960653,2.958592603771682,1.7970186707628837,3.3126277012539043,3.484372205397699,0.1152040061516095,2.187929849662812,0.0838442585307641,-6.368868596345785,0.2670088866418185,0.1152040061516095,0.0,0.2732750458952189,1.850429139626464,-0.4458096871650989,0.0,-2.891685307705708,-6.748358218050689,2.186076618891336,0.0,-4.534184082400696,0.6872840014718856,0.0,0.0,1.6163828501738722,1.9320717220925223,0.0,0.0,0.0,-1.932428539948109,-2.5528928844287977,1.0548255273680989,1.1386770375109032,-1.9105512231110688,-1.293859268323448,0.0,-1.795786724909194,2.235013990404992,-6.222265122153909,0.0,0.0,1.6435943915157931,-0.4137814400448698,-0.1128660357152899,0.0,-2.456319413583741,-1.0578688345378529,0.0,-1.148370533873009,0.0,0.0,0.3313444791297015,0.8079893267474109,0.5422756703668175,3.1150322374199373,-5.5997355088079175,0.0,0.0,0.5318355660496586,0.0,0.6037376549559687,0.0,0.0,-3.691096754549836,-0.8740759255656994,0.0,0.0,0.0,0.0,-3.6399843083407326,1.1215432520074418,-0.7749401488645813,1.85018097339636,0.0,-1.8348552757267071,-2.9340328555348,0.6181598635308603,0.0,-5.743774879030855,0.999520897790416,0.0,0.0,0.0,0.0
CCIS24898163ST-4-0,1,0,0,0,1,0,0,1,0,0,0,0,0,0,0,1,1,0,0,0,0,0,0,1,1,0,1,0,0,1,1,1,0,0,0,0,0,1,0,0,1,1,0,1,1,0,0,1,1,1,0,0,1,0,1,1,1,0,0,0,1,0,0,0,1,1,0,0,1,1,1,0,0,0,0,0,1,0,0,0,0,1,0,0,0,0,1,0,0,1,0,0,1,0,1,0,1,0,0,0,0,0,0,0,0,0,0,2.6874649443040006,0.0,0.0,0.0,-3.149379285351051,0.0,0.0,3.056176234767853,0.0,0.0,0.0,0.0,0.0,0.0,0.0,2.517856793209221,-3.906354507444968,0.0,0.0,0.0,0.0,0.0,0.0,0.8403645609389488,-0.8746300660466728,0.0,1.9735720228790128,0.0,0.0,-1.4274316338814237,-0.341088261690833,-0.3820683253036854,0.0,0.0,0.0,0.0,0.0,3.46028671980754,0.0,0.0,1.1196544285361338,-1.5033072397371705,0.0,0.5972358857252024,-3.730683806520924,0.0,0.0,1.3239029937889035,-2.6159955215233213,-3.7470224688757128,0.0,0.0,0.3973573292682792,0.0,-0.2110468946478296,1.988001368542303,-3.184089928314296,0.0,0.0,0.0,0.5592792789131048,0.0,0.0,0.0,0.4344653522507572,2.025438443686789,0.0,0.0,-3.633555365684898,0.9674365533172966,-0.9988326765800796,0.0,0.0,0.0,0.0,0.0,1.4414021631849407,0.0,0.0,0.0,0.0,2.0598097140433884,0.0,0.0,0.0,0.0,0.2498794735485232,0.0,0.0,1.2319141381585048,0.0,0.0,0.2912403910261637,0.0,4.258272818661284,0.0,-3.775525626955285,0.0,0.0,0.0,0.0,0.0,0.0,0.0,0.0,0.0,0.0
CCIS25399172ST-4-0,1,0,1,0,1,1,1,1,1,0,1,1,1,1,0,1,1,1,1,1,1,0,1,1,1,0,1,1,1,1,1,1,1,1,1,0,0,1,1,1,1,1,0,1,1,0,1,1,1,1,0,0,0,1,1,1,1,1,1,0,1,0,0,1,1,1,1,1,1,0,1,1,1,0,0,1,0,1,0,0,1,0,1,0,1,1,1,0,1,1,1,0,0,1,1,1,1,1,1,0,0,0,0,0,0,0,0,3.836180891545412,0.0,-1.0808512514387802,0.0,0.7262394548518745,-3.0642128630094136,1.2538790171197922,1.3687033841188545,0.5669648856214902,0.0,0.3513599824146232,0.6735950124047871,1.516800281230351,-1.1959010910475902,0.0,2.4323220817026714,-0.0393503715387633,-0.546179254922958,-0.5790158953212752,-3.413778576377646,-0.3459938661713957,0.0,-0.1935856620862504,0.1708837681807629,1.183967081288394,0.0,-1.560780919040676,-3.0912892669550605,1.013088327868216,-3.619771850249221,-1.3363984660606725,-0.7325539584500789,-1.406925442167591,-1.8817235403329,-2.5017804051644044,0.0,0.0,0.0353456487551848,0.8046383121535208,0.2447011124292215,0.1208815519505364,3.385437058693625,0.0,1.1855425768587753,1.0293571058354611,0.0,0.4703804007411134,-1.0320382559584875,-2.3113296154230483,1.687844253983689,0.0,0.0,0.0,3.197653337796394,0.1815683591302528,2.0498158564961884,0.548336013205581,0.2092655248622026,-0.0099487483121176,0.0,-0.488246068471202,0.0,0.0,-3.023251505378348,0.7672523969869661,0.4652514005194761,1.4154046345527045,1.5240320851251885,-0.4546214247371833,0.0,1.3009918891689385,0.3381066143807627,0.8093807537163171,0.0,0.0,1.2169597981085332,0.0,4.308725356075988,0.0,0.0,0.324087147254144,0.0,-0.4124606139129054,0.0,-1.54744054675189,-5.761864356890725,0.4458927407201842,0.0,0.3812477398263973,-0.5376947510863734,0.0055941981423892,0.0,0.0,0.4459968947293395,-2.259106775079073,1.1268311222788463,4.188408066485192,-1.149821291614871,-3.730997485359445,0.0,0.0,0.0,0.0,0.0,0.0,0.0,0.0
CCIS28384594ST-4-0,1,0,1,0,1,0,0,1,1,0,1,1,1,1,0,1,1,1,1,0,0,1,1,1,1,0,1,1,1,1,0,0,0,1,0,0,1,1,1,1,1,1,0,1,1,0,1,0,1,1,1,1,1,1,1,1,0,1,1,1,1,0,1,1,1,1,1,1,1,0,1,1,0,0,1,1,0,0,0,0,1,0,0,0,1,0,1,0,0,1,1,0,1,1,0,0,0,1,0,0,0,0,0,0,0,0,0,4.122462627403566,0.0,-0.9023330177569616,0.0,0.7288236935261843,0.0,0.0,1.4602307128990757,1.7998650000181446,0.0,1.7072981413154014,2.161542012344068,0.7845675432475742,-0.5971458387603097,0.0,4.4988371044189615,-0.8042916213433604,-0.9540523445849908,-0.3490709398654523,0.0,0.0,1.1949593297560226,-3.395010812269849,-1.6860164291499724,1.4031682974608517,0.0,-3.243294704551972,1.1252502342208694,-0.5480007171434618,-0.5141403134978244,0.0,0.0,0.0,-0.5295932259903304,0.0,0.0,-0.0788924398462691,-0.6532103711753994,0.9851790301505188,1.07572788007568,-2.3218981993686527,1.1157668578379374,0.0,-1.0069314499590818,-1.3926686191625142,0.0,0.0587857483299976,0.0,1.884134579142953,3.959046547951932,0.6657989688656811,-4.760251764191907,-7.0220148626656975,0.7696071251213819,1.7714272915758538,1.7479769883483298,0.0,-0.8373712487629787,2.362997885572824,-2.501096229125197,-1.1830024387493925,0.0,1.7475979238872978,-0.6673665997061573,2.003796718366476,-0.7764508801230607,-0.0900744168952054,0.9132576254057274,-0.6000674444742635,0.0,0.3879933997776716,-3.1566642654359827,0.0,0.0,-3.635592766585696,1.1079263500617331,0.0,0.0,0.0,0.0,1.3363982832596146,0.0,0.0,0.0,-2.175625478636166,0.0,0.5062523858312621,0.0,0.0,-0.8787738805919219,0.1261421841869188,0.0,-0.8827339408634969,2.0195801771122985,0.0,0.0,0.0,0.611238613760711,0.0,0.0,0.0,0.0,0.0,0.0,0.0,0.0,0.0
CCIS31434951ST-20-0,1,1,1,1,1,1,0,1,1,0,1,1,1,1,0,1,1,1,1,1,0,1,1,1,1,1,1,1,1,1,1,1,1,1,1,0,1,0,1,1,0,1,0,1,0,0,1,1,1,1,0,1,1,0,1,1,1,1,1,0,1,1,1,1,1,1,1,1,1,0,1,1,1,1,0,1,1,1,0,0,1,0,0,0,1,1,1,0,1,1,0,0,0,1,0,0,0,0,0,0,0,0,0,0,0,0,0,3.5388202394836927,-1.8076302174835628,0.3710670640641196,0.9074905069537514,1.203758570060209,1.7474379152723651,0.0,2.258842980385377,2.4393395982957435,0.0,2.189357680820983,1.8037956198699567,0.8310298926627194,1.122040886573515,0.0,2.0950241782480474,-1.3236918287755923,-0.0632190083329085,0.4295298968074335,-5.308117091801524,0.0,-0.2914764739989801,0.4650714243357738,-1.6604251960942022,2.328524995201343,1.2331533787133326,3.6270324568590646,-0.3515490189755439,0.5130584789467514,-1.5377789289683106,0.1523265833191291,-1.4363679855113176,1.8623060492823744,-1.6203347305019609,-0.59629774712859,0.0,0.3372368128626166,0.0,0.3385379282878074,-0.4356018139254285,0.0,0.5331873405840275,0.0,2.3932854061827573,0.0,0.0,0.8129126596611017,-2.783792942106168,1.4685399223240947,1.6226777440257676,0.0,-1.6840101043169264,-3.624320612048877,0.0,-0.6583425995766787,2.6926353251515325,-3.771438533649852,1.7910846517515684,2.858380736032668,0.0,1.0229788569079197,-1.93238747688528,-0.5266375381096144,0.7688408679053768,0.5009469480275748,-3.3824607996507083,0.0837944695337176,-2.018799153707012,-5.074502240620019,0.0,1.7079417362849432,-4.096280551015373,0.2656366207813565,1.3674516783132629,0.0,0.4048337509415565,-1.321084265368511,0.1188403383366905,0.0,0.0,0.8344672307906673,0.0,0.0,0.0,-0.8539738147265266,-0.2158209667013215,-3.368492318561171,0.0,-0.0381811506997484,-2.1477628385529792,0.0,0.0,0.0,0.8875585269520004,0.0,0.0,0.0,0.0,0.0,0.0,0.0,0.0,0.0,0.0,0.0,0.0,0.0
CCIS32105356ST-4-0,1,1,1,1,1,1,1,1,1,1,1,1,1,1,0,1,1,1,1,0,0,1,1,1,1,0,1,1,1,1,1,1,1,1,1,0,1,1,1,1,1,1,0,1,1,0,1,0,1,1,0,1,1,1,1,1,1,1,1,0,1,1,0,1,1,0,1,1,1,0,1,1,1,0,0,1,0,1,0,0,1,0,0,0,1,1,1,0,1,0,0,1,0,1,1,1,1,1,0,0,0,0,0,1,0,0,0,3.920467047466304,-0.8770997796687952,-0.494010199075467,0.7115671566850887,1.9674628711478308,0.03585811076297,2.9949964818404125,2.575407642520823,1.8715786893987545,-1.0157504964948911,0.795558044844173,1.8491983285811444,1.0649674298808869,0.4367071294843865,0.0,1.6523183111662982,-1.812682644883984,-0.2937887903781466,0.0102809264501473,0.0,0.0,2.4189444868755188,-1.441379697409237,2.0780661219918515,2.32743552823238,0.0,4.095486990508637,1.0937227724766845,-1.1683571151352652,-1.0317722010261567,-0.7421692674382334,-0.0077166168504629,-2.166004693812405,-1.657453022315841,0.1358628674598723,0.0,0.8220472347756971,-3.826327012019053,0.4505137947431019,-4.378892241957808,-1.4281459024315413,2.585976519678809,0.0,0.3907730616578884,-2.6318329516476604,0.0,2.265786497090961,0.0,-1.5424696525284496,2.4913994677137854,0.0,-3.448493842572974,-5.618086481247107,2.8049453042336268,0.6742161418669137,-3.260441611070034,1.5827607387260176,1.9477556553078803,2.810028017651624,0.0,-2.1267380025906544,-3.8946462559965296,0.0,0.2104150866222331,1.366909324619204,0.0,0.3923479380777011,-0.0649075259176781,-2.2238313805435874,0.0,1.2178282095809592,-0.5107697352770049,-0.4788533280618625,0.0,0.0,-0.8979043912411862,0.0,1.1909736501027857,0.0,0.0,0.3872902746969064,0.0,0.0,0.0,-2.171999915606301,-3.145838228331031,-1.7437457503345488,0.0,-5.759736998310134,0.0,0.0,1.7093716885059664,0.0,1.2007963418128762,-0.0302726515142583,2.004134289510088,5.597672072060125,1.1211608265021202,0.0,0.0,0.0,0.0,0.0,-5.368870689623122,0.0,0.0,0.0
CCIS35092938ST-4-0,1,1,1,1,1,1,0,1,1,0,1,1,1,1,0,1,1,1,1,1,1,0,1,1,1,0,1,1,1,1,1,1,1,1,1,1,1,1,1,1,1,1,1,0,1,1,1,0,0,1,0,1,1,0,0,1,1,1,0,1,0,1,1,1,1,1,1,1,1,1,1,1,1,1,0,0,1,1,1,0,1,1,1,0,1,1,0,0,1,0,0,0,0,1,0,1,0,0,0,0,0,0,1,0,0,0,0,3.626750045103762,0.5996500682082356,2.056494208031095,1.979284810545622,0.0660592872821406,0.7508136978503519,0.0,2.8137950308013933,1.9235940073716968,0.0,1.8676149958905084,1.2825873741640827,1.3037627241343526,1.8731446477412048,0.0,2.6022738207635223,0.8794227410421107,0.4289176587782159,0.4263915617046123,0.0977728140736666,0.4807632307449414,0.0,0.6365370865754445,-0.8254270030388418,1.704209822367431,0.0,3.0328588860040155,1.8970955812132528,0.3575274306998679,0.6085822845775057,-1.0092745787463644,0.99490941809902,2.1207813819140235,0.0615891192050881,1.083064493968002,0.6102769540384261,1.371684615685293,-3.0868851769790906,0.2254010197660416,-0.921154063463747,-6.618135686889444,2.439752561895061,-4.454812661228906,0.0,-1.9667182497360327,-3.4696823263177894,2.4916732314581056,0.0,0.0,2.6209962027494806,0.0,-1.1178303110999892,-1.4448148105160927,0.0,0.0,2.7807126222638825,-3.4783030693616963,2.381623561678992,0.0,-3.4359238463928348,0.0,-1.872044809844976,2.949433808772838,1.3292011269505293,0.7085711259302406,-1.9394052977933245,0.9968340298640735,-3.012637841714559,-2.6248399613325617,-3.647721221319743,-4.220240414091074,-2.285649497775699,-0.4057300120224525,-0.064772245831471,0.0,0.0,-1.309373062479869,-5.121493268600688,-3.040187793482789,0.0,1.2167843205187263,-2.1032549722488136,2.0400534677935744,0.0,-0.7029224328483503,-2.545695960055393,0.0,0.0,0.4073729976804805,0.0,0.0,0.0,0.0,1.6731183825771154,0.0,2.7597763281011645,0.0,0.0,0.0,0.0,0.0,0.0,0.1654159886333865,0.0,0.0,0.0,0.0
CCIS37250421ST-4-0,1,1,1,0,1,1,0,1,1,0,1,1,1,1,0,1,1,1,1,0,0,1,1,1,1,0,1,1,1,1,0,0,0,1,0,0,1,1,1,1,0,1,1,0,1,1,1,1,0,1,0,1,1,0,1,0,0,1,0,0,0,1,0,0,0,1,1,1,0,1,1,1,0,0,0,0,1,0,0,0,1,0,1,0,1,1,1,1,0,0,0,1,1,0,0,1,0,0,0,0,0,1,0,0,0,0,0,4.768574708773256,-0.0566774858361622,2.291748417513128,0.0,0.4480876988239901,-6.575824773776557,0.0,3.683750481340326,1.359713261387601,0.0,1.9485905509996304,1.340555205523703,0.5005668917452653,0.2370133516046124,0.0,3.294435791428582,-1.579078591840969,0.1483806081035679,-0.7280912423007173,0.0,0.0,1.6810510224225486,-0.3265154435081203,0.1785783570417436,2.5712672788763866,0.0,3.892641500326128,-0.0482198121642263,-1.4969938607806546,0.2710817203354498,0.0,0.0,0.0,0.1300675283771679,0.0,0.0,-0.6598086193310264,-0.5872955650448684,-0.0344962671217514,-0.2380230161999228,0.0,2.991724537468504,-3.877012513659284,0.0,1.532341802473986,-4.397943159283469,3.4673647493214634,-3.403534648145362,0.0,2.889203257935813,0.0,-0.387135901997224,-1.939089095910333,0.0,2.847879066236691,0.0,0.0,1.872912347861715,0.0,0.0,0.0,-1.380380597390824,0.0,0.0,0.0,-1.1015277569598507,-0.2523931971614253,-6.898598166039609,0.0,-0.9669847304604836,1.6744621296446522,-0.8283004336442614,0.0,0.0,0.0,0.0,0.2576156150940891,0.0,0.0,0.0,1.420457626344258,0.0,-3.239932490522169,0.0,-0.8347022215122331,1.7964223713329068,-2.3773273213345174,-0.4906971706532448,0.0,0.0,0.0,-0.8666545403431769,-2.3141167141100745,0.0,0.0,3.152204512166307,0.0,0.0,0.0,0.0,0.0,-4.761337053470947,0.0,0.0,0.0,0.0,0.0
CCIS41806458ST-4-0,1,1,1,1,1,1,0,1,1,0,1,1,1,1,1,1,1,1,1,1,1,1,1,1,1,0,1,1,1,1,1,1,1,1,0,1,1,1,1,1,1,1,1,1,1,1,1,0,1,1,0,1,1,1,1,0,1,1,1,0,1,1,0,1,1,1,1,1,1,1,1,1,0,0,1,1,0,1,1,0,0,1,0,0,0,0,1,0,1,1,0,1,1,1,1,1,1,1,0,1,1,0,1,1,1,0,0,3.223088357744772,1.6598942139121111,3.71758872566257,0.7831100448415627,2.135487169811761,0.9276928640226616,0.0,3.5484362696572056,2.0013781320378365,0.0,-2.4623312170413687,1.7763801953063851,2.760099690036467,0.7363852290043043,-0.8670051487999495,3.051551162262018,-0.0143690336741117,-0.5091680896810393,1.2000865446592763,-1.2609094345070382,-2.0491113996458106,-1.9695009374944563,-0.9342461411794942,-2.0105391248595703,0.6405116322782343,0.0,-2.8060483180810856,2.9425720287494737,0.1874359215550227,-1.7419572237812089,-0.6423124104989104,-0.442486428588325,-3.6267567242790495,-0.0184161326491261,0.0,-0.5243382835194024,1.5923112706148463,-3.323884486333294,-0.2107042416259701,-3.214511929185507,-1.0660024437616369,2.1075087671022272,-1.271824470640918,-0.2943092892878813,0.5358396942052828,-0.462689135905844,4.279173938900919,0.0,1.2807830607902315,2.208809585165553,0.0,-1.7044464905646102,-3.3860806942032,1.7929953546605524,1.0785357922024346,0.0,2.354571590343385,1.984980077536762,4.837573735597325,0.0,-1.807046860942649,-2.120414320871924,0.0,-0.0039589314446066,-0.1993745636218276,-0.5228108660848263,2.058764791242542,1.566653538543662,0.5521207113604047,-3.8131682663245297,0.3445614882727117,-1.0802921814916164,0.0,0.0,-0.2404082733582937,-4.8795196927744175,0.0,2.946144056456288,-0.2729219547951409,0.0,0.0,0.6548104413051243,0.0,0.0,0.0,0.0,-2.305454501904872,0.0,0.1102648058416471,1.6877218604267863,0.0,-2.848868315264013,-3.8809908626632894,1.3025652139422137,0.5384836595760882,2.496839426682309,-4.063312419457246,0.2024760382828674,0.0,2.133260331215175,-3.2748550590929755,0.0,0.3690070092706032,-1.363011464601268,-2.8180966565972607,0.0,0.0
CCIS44676181ST-4-0,1,1,1,0,1,1,1,1,1,0,1,0,0,1,0,1,1,1,1,1,0,1,1,1,1,0,1,1,1,1,1,1,1,1,1,0,1,1,1,1,0,1,0,1,1,0,1,1,0,1,0,1,1,0,0,0,1,1,0,0,1,1,1,1,0,1,1,0,1,1,1,0,0,0,0,0,1,1,1,0,1,1,0,1,0,0,1,1,0,0,0,0,1,1,1,1,0,0,1,0,0,1,0,0,0,0,0,2.83654942479354,-0.4320133361001947,2.135080654065136,0.0,-4.394897035470757,1.057346664607376,0.6615066770810782,1.7107812832979206,2.093038533193151,0.0,1.7514794128779887,0.0,0.0,2.264195550108852,0.0,0.3920895292252727,1.2439084993362908,0.4583377368969918,1.554532373382951,-0.342704936165547,0.0,1.5107950363133875,0.4860875593398661,0.1525214639831078,1.8054221328711888,0.0,2.070677711143408,2.295887063912735,-0.1566071745066757,-3.369616019888198,-0.7528984124385301,-1.871706043542126,2.3286373634832973,1.0346418955671144,1.664258342080771,0.0,0.9427469932691714,-0.7757486236900182,-6.48263737996529,-0.2745840505137715,0.0,0.3884769664773018,0.0,3.878114669201532,1.3832242649213065,0.0,3.6351242842140334,-0.1566866942077236,0.0,3.205217234743831,0.0,-0.2773167210461817,-1.73963948818187,0.0,0.0,0.0,2.237532935968631,0.2472928842747839,0.0,0.0,0.2949332806427208,-1.3918910044646575,2.393823391602018,-2.8850207516983404,0.0,-1.140728524157058,-1.18465340231849,0.0,-6.79279230826913,-1.1730504211590214,-2.0592555596094937,0.0,0.0,0.0,0.0,0.0,-0.9632229992768292,1.3663223572453065,-0.716680287100862,0.0,1.365654531254198,-1.4220133457461936,0.0,-1.3557675736593289,0.0,0.0,-1.860500829081967,-4.1912255875693685,0.0,0.0,0.0,0.0,-3.4068623987377618,0.1571222524841298,-0.9914982219894316,2.496297627938589,0.0,0.0,-2.9478160173724484,0.0,0.0,0.010376566128287,0.0,0.0,0.0,0.0,0.0
CCIS44743950ST-4-0,1,1,1,1,1,1,1,1,1,0,1,1,1,1,0,1,1,1,1,1,0,1,1,1,1,1,1,1,1,1,1,1,0,1,1,0,1,1,1,1,1,1,1,1,1,1,1,1,0,1,0,1,1,1,1,1,1,0,1,0,1,1,0,0,1,1,1,1,1,1,1,0,0,0,1,1,1,1,0,0,1,0,0,1,1,1,1,0,0,0,0,0,1,1,1,1,1,0,0,1,0,0,0,0,0,0,0,3.949611331309967,0.2334943774355238,3.7832104311055375,-0.8511998020779385,2.366396697546191,-0.042883765422029,-1.4608548062110898,5.174741286861323,2.575409111579868,0.0,2.5888383453163204,1.6161175604609828,-0.518337588416427,1.2800672437574256,0.0,2.739115652853916,-0.417234326127474,-1.7407268125785855,1.956955248078773,-0.5515816469955812,0.0,0.4090383659745775,0.3082945383091882,-3.709606920912824,4.643159782162083,-4.288995216116112,0.8255156206433918,2.164113181661597,2.009578406754789,0.1867518701153396,3.0556404803875323,3.059287816539232,0.0,1.1279889054097063,-1.9138394302872304,0.0,1.02704059171861,-0.3932327315597459,0.5080386688947982,-1.01713934817808,-0.912656231395113,-0.5316786004489469,-1.2719855441148358,3.956809675566397,-1.4170113161650937,-1.2309951427231822,2.4294398791676186,1.745546844431935,0.0,-0.7734456076041658,0.0,-0.0439621817952238,-0.4990790968566689,-6.742153167589532,-3.869294992186076,-0.1859964534745088,-1.0333831514222918,0.0,-0.4719921100470907,0.0,0.8247399758498024,-1.1894358600767312,0.0,0.0,2.5749935493294025,-2.3886546165301885,-2.292906064540864,-1.4733289804362657,-0.5513255978327436,0.3363991823346057,1.6025450278504867,0.0,0.0,0.0,-2.602994589577638,-4.727250147047267,-0.4078749263294061,-1.2129721267121472,0.0,0.0,2.994822198884404,0.0,0.0,0.5437816648063472,1.1486866318757674,-0.3628784476121063,-4.778543441434818,0.0,0.0,0.0,0.0,0.0,-1.791179417551343,3.218573871888921,-0.6947809885432537,-6.949792532367777,-2.1282710409994188,0.0,0.0,0.4767107514354591,0.0,0.0,0.0,0.0,0.0,0.0,0.0
CCIS47745468ST-4-0,1,1,1,0,0,1,0,1,1,0,1,1,1,1,0,1,1,1,1,1,1,1,1,1,1,0,1,1,1,1,1,1,1,1,1,0,1,1,1,1,0,1,0,1,1,1,1,1,0,1,0,1,1,0,0,1,0,1,0,1,1,1,1,0,1,1,1,0,1,0,0,0,0,0,0,0,1,1,0,0,1,1,0,0,0,0,1,1,0,0,0,0,1,0,0,1,1,0,0,0,0,1,0,0,0,0,0,3.5130841147016723,-1.8182515931804848,-0.5796470337712607,0.0,0.0,-0.4780666841308589,0.0,-4.38523209555156,0.6794796940590047,0.0,1.2487547940882138,0.7060556829910815,1.2429276490790198,-1.090864737526591,0.0,4.895531842042148,-1.6173349784400977,0.8894152631209357,-0.4608627137753289,-3.347152656112293,-2.326375425367127,1.676871544369695,-1.0853245571509758,1.2625625677406072,-3.984182005652512,0.0,0.0415383486812823,-0.9369942089828568,0.528199891635333,-1.2779032841986846,2.5294550495731127,2.763975632314975,-0.2835722117530865,-0.8207378198305106,-0.6893289075583164,0.0,-0.786291808434515,-0.2270375751881768,-0.7066477453745892,1.5729535223562645,0.0,3.056165803531811,0.0,1.5474570275097137,-0.2877353846944748,-4.044991010248118,2.9363089385099435,-3.6178196235580895,0.0,2.7461600051374253,0.0,-1.6848470263186728,-4.171827443699216,0.0,0.0,4.599624985648274,0.0,1.6754440949994431,0.0,-1.7109315512360024,2.67673679393971,-2.4443692758234903,1.9461600080910315,0.0,1.4784741673355457,-0.5216777200874254,0.6212241406953334,0.0,0.8590523124774542,0.0,0.0,0.0,0.0,0.0,0.0,0.0,0.8592847787127805,2.699599731650988,0.0,0.0,0.4798255524435575,2.1949670273035946,0.0,0.0,0.0,0.0,-0.0836704309660374,0.2115772445812007,0.0,0.0,0.0,0.0,-4.200710317848003,0.0,0.0,3.6413612628502223,-3.053249723785409,0.0,0.0,0.0,0.0,-5.056591921926598,0.0,0.0,0.0,0.0,0.0
CCIS48507077ST-4-0,1,1,1,1,1,0,1,1,1,0,1,1,1,1,0,1,1,1,1,1,1,1,1,1,1,1,1,1,1,0,1,1,1,1,0,0,1,1,1,1,1,1,0,1,1,0,0,1,1,1,1,0,1,1,1,1,1,1,1,1,1,0,1,1,1,1,1,1,1,1,1,0,0,1,1,1,1,1,0,0,0,1,1,1,1,1,1,1,0,0,0,0,1,1,0,1,0,1,0,1,0,0,0,0,0,0,0,0.8854040249387125,-1.8926662832707184,-0.7521772022058357,-2.5998798588248464,1.465472022795364,0.0,4.678457201612494,5.248571056562625,3.302228677923173,0.0,2.257562673548984,3.491869120997129,-2.866450228336612,-3.209519520219565,0.0,4.729693666901807,1.661409814490439,-1.9376355102774192,-1.0714995095344937,-3.098192284906053,-3.1405266487326147,-0.0244121178249594,0.9345952981340356,-3.067577649086447,1.338998596573902,2.778449542555668,1.1000609623756037,-3.861072803480674,-1.142461285986646,0.0,2.0581595040642657,2.2251293689812206,1.998393566561271,0.3275151519983841,0.0,0.0,-0.8366810891991276,1.0461479541112666,-1.0155176333940703,-0.0801713981480922,-1.4274594480802243,2.69810166959401,0.0,3.219879193962859,-0.5075365939097849,0.0,0.0,2.2956550520181773,-2.342289259314705,1.9388276054664209,3.1571631938538607,0.0,-4.732106943766708,2.9185754975411777,3.11465260194073,0.8830860791452275,0.7386008225795933,-3.5595974088965576,-1.3904654337040911,-1.9268711436902608,1.1828778622908782,0.0,1.4517317083756631,-1.551107603189006,2.9553425519371377,0.6214692951878342,1.7685979003441248,0.5083750489863472,-0.6048298341085152,-3.0058697635863574,-3.20182717459641,0.0,0.0,-0.90481312665182,-2.110263937865714,-5.239987057302942,-0.9735858611025776,-0.0390555527094647,0.0,0.0,0.0,1.910668263123782,0.1602363356077705,3.389567965613135,-2.646050162968153,-0.2759091278116856,-0.776448206976164,0.9622209473398112,0.0,0.0,0.0,0.0,-2.5250975525504904,-3.156875786734144,0.0,-0.9463095924603504,0.0,1.1446864243724255,0.0,-4.107636629002982,0.0,0.0,0.0,0.0,0.0,0.0,0.0
CCIS48579360ST-4-0,1,1,1,1,1,1,1,1,1,0,1,1,1,1,1,1,1,1,1,0,1,1,1,1,1,0,1,1,1,1,1,1,1,1,1,0,1,1,1,1,0,1,0,1,1,1,1,1,1,1,0,0,0,1,1,1,1,1,1,1,1,0,1,1,1,1,1,1,1,0,1,1,0,1,0,1,1,1,0,0,1,1,0,0,1,0,1,0,1,1,1,0,1,1,1,1,1,1,0,0,0,0,0,0,0,0,0,3.741251629171461,-0.523554101028116,1.3867001609898937,-2.513065538904474,1.352545483336195,-1.653338634489081,2.6490393736889324,1.7697809217752156,2.9400241215213523,0.0,0.9351785664236004,2.5309560350776072,2.7895152294990195,1.982198949930073,1.7154857940704198,1.886561158972476,-0.289075373516825,0.5440599012715137,1.7672928919987083,0.0,-1.4368980827169295,-0.0252859136127487,0.8619811187285069,1.649279485828732,1.4686997488707392,0.0,3.451103210635235,1.7849493628627862,0.4634952275139212,-0.6028382431968633,-1.785975705992736,-0.1628065172063082,-0.2444670388311647,0.7454103258166724,-1.5568903665497746,0.0,-1.4331221185073946,-1.7041925132922788,0.3391152535864532,-0.4537071817524793,0.0,-1.8499581640425389,0.0,1.944659752087573,-1.714681154851604,-1.0009373379151127,3.981445376657376,0.9667127977766066,-2.3485756799684854,3.5219083872360537,0.0,0.0,0.0,2.801233183821628,1.2685706752726935,0.037265491073386,-2.422361850027717,-0.756015805321737,3.006801013688164,-5.168282325185337,-5.714826031553407,0.0,0.1097428205509616,1.1194457888505125,-2.4875011521986785,-2.906884790597906,1.2444861434339578,-1.2843700481569087,-0.0433789375401421,0.0,-3.768915882498093,-0.0364131662749644,0.0,0.9494283695465966,0.0,-0.0943153782750769,-0.5683891962980891,0.7209843411841181,0.0,0.0,1.334586625531685,-4.284079907862682,0.0,0.0,-1.7711869123571988,0.0,-2.5355103713850387,0.0,-4.829306958346005,-0.6741417150969604,0.4105202255986635,0.0,-4.606163407031795,2.616205512075531,-0.2230124046962047,-0.607779235955606,5.734233655633656,-4.440648968554222,0.0,0.0,0.0,0.0,0.0,0.0,0.0,0.0,0.0
CCIS50369211ST-20-0,1,1,1,0,1,0,0,0,1,0,1,1,0,1,1,1,1,1,1,1,0,1,1,1,0,0,1,1,0,1,0,0,1,0,0,0,0,1,0,0,0,0,0,1,1,0,0,1,0,1,0,1,1,1,0,1,0,0,0,1,0,1,0,0,0,1,0,0,0,1,0,0,0,0,1,1,0,0,0,0,0,1,0,0,0,0,0,0,0,0,0,0,0,1,0,0,0,0,1,0,0,0,0,0,0,0,0,-1.5766771150970682,0.0441690409625541,1.3495851122371134,0.0,5.472585537651818,0.0,0.0,0.0,3.4490222467767624,0.0,0.6000603112462577,3.4011246731823634,0.0,0.3158909055037262,-2.3235478689444014,-3.5285102824555032,0.3571077540475136,-0.3330348361648754,3.380578760133724,-0.778070998525888,0.0,-2.029948619464532,0.7092629024651234,-2.0840404231411807,0.0,0.0,1.1088682734097284,4.527512076252387,0.0,-3.263863780405546,0.0,0.0,3.188580616147104,0.0,0.0,0.0,0.0,-3.518657986012492,0.0,0.0,0.0,0.0,0.0,1.6705008117232545,-4.870266789144492,0.0,0.0,2.0905049199858023,0.0,-2.1221221308404044,0.0,-0.7024277185123557,-0.416007586975524,2.5425246597377225,0.0,-3.3121221710979425,0.0,0.0,0.0,1.177875205989572,0.0,0.2472732821691468,0.0,0.0,0.0,1.167821074047831,0.0,0.0,0.0,-0.3800994163064624,0.0,0.0,0.0,0.0,1.1556540799680752,1.6842491957308865,0.0,0.0,0.0,0.0,0.0,-1.5794932250967102,0.0,0.0,0.0,0.0,0.0,0.0,0.0,0.0,0.0,0.0,0.0,-3.0873849939484552,0.0,0.0,0.0,0.0,-3.734475497234628,0.0,0.0,0.0,0.0,0.0,0.0,0.0,0.0
CCIS50561855ST-4-0,1,1,1,0,1,1,0,1,1,0,1,1,1,1,0,1,1,1,1,1,1,1,1,1,1,0,1,1,1,0,1,1,0,1,1,0,1,1,1,1,1,1,0,1,1,0,1,0,0,1,1,1,1,0,1,0,0,1,0,0,1,1,1,1,1,1,1,1,1,0,0,1,0,0,0,1,0,1,1,0,1,1,0,0,0,0,1,0,0,1,0,0,0,0,1,0,1,0,0,1,0,0,0,0,0,0,0,3.590456028174072,-1.50051538357265,0.5225367703041317,0.0,1.2357317765765643,-1.5896874982508362,0.0,2.2898559456478407,-0.9754654509339976,0.0,1.6355910148059825,0.7098573421315455,-3.3421924128054457,-2.204587212537344,0.0,2.944127024541184,-2.9555152185629145,0.2847846364698552,-1.0773671716084197,-2.2062158773924683,4.374492210013877,-1.5923306715958505,-0.2567029584456404,-2.498526957429249,0.2984614385564499,0.0,0.4597210856786706,-1.5888079907183288,1.32026449238389,0.0,0.5031374677286578,-0.7113266280395534,0.0,-1.179102800228771,0.513663028427785,0.0,-5.041877203087324,-1.0903664261520594,0.1955985042044676,1.86265065113574,-1.7047246372947504,3.694244000061896,0.0,-2.4188202148185063,-0.1913671913879655,0.0,-0.4360128136697567,0.0,0.0,2.239288584664111,1.1151606319906715,-0.1639270988995584,-2.5768426274513248,0.0,1.6113262701005584,0.0,0.0,1.886619804580876,0.0,0.0,-1.2138398537322708,-1.2943358363248016,-0.1771243955936183,-0.4673094192573441,0.781867002103876,-1.7312328160807635,1.4830506248730526,0.461985323032301,1.8536649089803696,0.0,0.0,-1.4138394082296326,0.0,0.0,0.0,0.7800174711518664,0.0,2.928138495301917,-0.9438357789838974,0.0,-1.0441863153470878,1.5310849842757892,0.0,0.0,0.0,0.0,-3.357537982480106,0.0,0.0,-0.1956144071381662,0.0,0.0,0.0,0.0,-1.6074420702632215,0.0,6.343946630161905,0.0,0.0,1.2972565802537048,0.0,0.0,0.0,0.0,0.0,0.0,0.0
CCIS51667829ST-4-0,1,1,1,0,1,1,1,1,1,1,1,1,1,1,1,1,1,1,1,1,1,0,1,1,1,0,1,1,1,1,1,1,0,1,1,1,1,0,1,1,1,1,1,1,1,1,1,1,0,1,0,1,1,0,1,1,1,1,1,1,1,1,1,1,1,1,1,1,1,0,1,1,0,1,0,1,0,0,0,0,1,0,1,0,1,0,1,0,1,0,0,1,0,1,0,0,1,1,0,1,0,0,1,1,0,0,0,3.662393526471794,0.7300068101921724,2.647474303839914,0.0,2.5130922093350785,2.06686152033137,-5.790675680235871,2.274504410855492,2.5722633537772666,-4.612020683894225,0.5455230107041262,2.5631501826782253,1.7738329002233033,3.078581842561416,0.1093358220825473,1.6441721949761288,0.8376136810658259,1.41382980610008,1.6692510797924525,-0.646578440370914,1.388981567694246,0.0,0.4411172429404217,1.441997242182882,2.938252902858552,0.0,4.472940325172906,3.127846298719461,-0.518103563439692,-4.809846427224144,0.4703785674567975,-1.572087515354443,0.0,1.2874023738768934,3.7089985242849934,-2.330161721417296,1.5524540409642589,0.0,0.0836111167434774,-2.325591031122465,-5.255157443879509,2.3715850957756146,-6.294580861157288,3.45900759294115,-2.69490955252978,-0.0443393782146557,2.399366694818219,-3.357427888721781,0.0,3.892875412349741,0.0,-2.6222163412816863,-4.580472326159299,0.0,1.5385547483301922,1.3198843790649455,0.2463993781241635,1.5537337868063048,1.650791326298958,-3.248417733976405,-1.6980687379123107,-4.76403689119285,2.633337145045208,-0.5836972227699178,-1.5203956496863409,-2.752123409498952,0.7891540680935198,-1.1634586550538584,-0.4706172069803707,0.0,-1.2885538701472263,-3.640853341794236,0.0,-0.612292098046973,0.0,1.317346803726171,0.0,0.0,0.0,0.0,0.0640977255907164,0.0,2.3680969970009307,0.0,-1.995186491063676,0.0,-2.7531219118285417,0.0,-1.1176521606764938,0.0,0.0,2.193474680699474,0.0,1.2334913242161076,0.0,0.0,4.471737718556575,-0.0325628610346222,0.0,-3.6555235315420296,0.0,0.0,-2.5261893441156182,-3.24188176299662,0.0,0.0,0.0
CCIS52234160ST-4-0,1,1,1,0,1,1,1,1,1,1,1,1,1,1,0,1,1,1,1,1,0,1,1,1,1,0,1,1,1,1,1,1,0,1,1,0,1,1,1,0,0,0,0,1,1,0,1,1,0,1,0,1,1,1,0,1,1,0,1,0,1,1,1,1,0,1,1,1,0,1,1,0,0,1,1,0,1,0,0,0,1,1,0,0,0,0,1,0,0,0,0,0,0,1,0,1,0,1,0,0,0,0,0,1,0,0,0,3.4128682027186708,0.5893422086627278,1.7378464225296004,0.0,-4.877367493374532,-0.7053498928342132,2.8074294799856494,0.8428115339959927,1.7406685518317238,-0.1732866975198332,-0.7335261212721629,0.931139667312309,0.9498500303693992,0.3893631050673586,0.0,2.010379226177685,-2.3360524485322105,0.1251376746384735,-0.3783678676410114,-0.2131648072888932,0.0,1.876764631931096,0.0758045059258984,0.6324469191013908,1.67834639323471,0.0,3.55019949573114,-0.4471774573220275,-1.664501594822828,-0.1312391084475432,0.9282063821838078,0.881189389044335,0.0,-2.95308928983634,0.3120969864788936,0.0,0.7068439107963667,-2.184273383425972,-0.5578840708471711,0.0,0.0,0.0,0.0,3.310442927533926,-0.9585658951732264,0.0,1.810336613946884,0.9590755495045318,0.0,2.669982569617241,0.0,-1.955556351753248,-5.293005629195747,3.001934718403035,0.0,0.7840172970713073,-3.5854727955308885,0.0,1.9432453731653363,0.0,0.8998585723821649,-1.066395812987777,0.3082072509158123,-0.4212798801323127,0.0,-2.2700402051833968,1.025885103565368,-0.388276330110813,0.0,-3.435941061559925,1.837451385723148,0.0,0.0,0.7612752898238053,-2.044868860486321,0.0,-2.738492799100589,0.0,0.0,0.0,-0.3420725807996037,-0.3121762026239754,0.0,0.0,0.0,0.0,-4.097040259093512,0.0,0.0,0.0,0.0,0.0,0.0,1.33176002703434,0.0,2.512858918095647,0.0,0.5627164938010414,0.0,0.0,0.0,0.0,0.0,-3.63331791140473,0.0,0.0,0.0
CCIS53557295ST-4-0,1,1,1,1,1,1,0,1,1,1,1,1,1,1,0,1,1,1,1,0,1,1,1,1,1,0,1,1,1,1,1,1,1,1,1,0,1,1,1,1,1,1,0,1,1,0,1,1,0,1,0,1,1,0,1,1,0,1,1,1,1,1,1,0,1,1,1,1,1,1,1,1,1,1,0,1,0,1,0,0,1,1,0,0,1,0,1,0,1,0,0,0,1,1,0,1,0,1,0,0,1,1,0,0,0,0,0,2.873047166095513,-1.3087433138944695,2.577905968276866,-4.748933607156617,-5.304749517182264,3.037329357116,0.0,2.776637953925708,2.5120740140705013,3.789474570927645,2.747544164919264,2.3151483725389097,2.7463234681812647,1.1710376644198792,0.0,2.572426154006397,-0.0922214267449255,1.3414915783889512,1.05989461281024,0.0,-5.11215641006648,1.9967505369467664,0.7130251551348883,1.4665472067852812,0.798284108614158,0.0,0.21600318535293,0.3504684315630921,-0.3186608286368115,-5.447169857224033,2.92906618804958,0.7211164566430501,-0.2109993163755019,0.5933277788693455,3.920368732703096,0.0,1.60609832004107,-0.9368711717638876,-1.5004496983279147,-1.7933361700230557,0.9888660357288654,-3.657112516066508,0.0,-3.4054195866455803,0.348608715563566,0.0,-3.4682818093624777,0.5498912448121063,0.0,2.85269194114757,0.0,0.1177414346754233,-1.4842209718355268,0.0,1.9000443675329,-1.6921587639041773,0.0,0.9169835805187462,-3.873041947402672,-0.7904921140900099,-1.2479751136241282,-0.8742488239208464,3.630122970068908,0.0,1.2362294010059294,0.4842900926492756,0.4155332440615102,2.127524811812905,-1.0022402857006043,-0.8914686371677414,0.5118610961208585,-2.9837509271727223,-1.7308638507032574,-1.9675008601203825,0.0,0.4966199747983827,0.0,1.6610492312568226,0.0,0.0,0.0665879987020241,0.4592757607883622,0.0,0.0,-2.498978528439042,0.0,-0.8854825156045552,0.0,-1.5892367490602224,0.0,0.0,0.0,-1.156850207786221,1.181842864345132,0.0,0.9041787647636296,0.0,0.2575305633378204,0.0,0.0,0.570380060359624,-6.535629774428125,0.0,0.0,0.0,0.0,0.0
CCIS54027808ST-4-0,1,1,1,1,1,1,1,1,1,0,1,1,1,1,1,1,1,1,1,1,0,1,1,0,1,1,1,1,1,1,0,1,1,1,1,0,1,1,1,1,1,1,1,1,1,1,0,0,1,1,0,1,1,1,1,1,1,1,1,0,0,1,0,1,1,1,1,1,0,1,1,1,0,1,0,1,1,0,0,0,0,1,1,0,0,0,1,1,1,1,0,0,0,1,0,1,1,1,0,0,0,0,0,0,0,0,0,3.8210599880364033,4.143418769652556,0.4714035617876559,-2.892546042589836,3.213140608845232,-2.1020357952442765,2.8116382171454544,0.9223826304854468,2.754607226616465,0.0,1.3028656553765552,2.0735451729676466,3.27643169508298,-1.0094638481805402,2.274169484816847,1.3837013785704149,0.1293217884614015,0.0087099337383116,1.5326421512396244,3.100854197132444,0.0,2.795694682033368,0.3576949301900569,0.0,2.133018516382538,1.7163845561023872,3.987589091951892,2.6118661704247264,0.2510121693067049,-0.2200691063152233,0.0,-1.274533586731152,-2.8723002791486527,-0.5497677856867114,-1.8275012980605767,0.0,1.2791050206320498,-2.041411173427841,0.1347078448317822,-0.4098844658116456,-0.4908416134544611,2.451265272706906,-2.8493587099062463,1.1812625772399516,0.522441712087252,-2.5458235823591187,0.0,0.0,-1.7754476249307038,-1.055196630976008,0.0,-2.070790763787618,-3.783855406276974,3.5375917652433464,0.0886024697380389,-0.260510075873734,-1.4781256566034564,-0.1391801910873895,-0.7600433943508103,0.0,0.0,-3.148793423682628,0.0,-1.9330679780320912,-3.9490024581810186,-3.888924334237735,-1.4522977746473833,-0.2625252679988952,0.0,-4.091865178234425,0.2495719497727582,-1.4436660886610722,0.0,-2.535978747071467,0.0,1.3424492885810368,-0.8010674423733932,0.0,0.0,0.0,0.0,-2.043711611525383,-1.8488784481264149,0.0,0.0,0.0,-2.037283673873984,-1.2813873295590263,-0.7868116571251722,-3.0673608617200374,0.0,0.0,0.0,0.91564619387553,0.0,1.937763548817411,4.815609381917239,1.4521397040627158,0.0,0.0,0.0,0.0,0.0,0.0,0.0,0.0,0.0
CCIS55531770ST-4-0,1,1,1,1,1,1,0,1,1,0,1,1,1,1,0,1,1,1,1,1,1,1,1,0,1,0,1,1,1,0,1,1,1,1,1,1,1,1,1,1,1,1,0,1,1,1,1,1,0,1,0,1,0,1,1,1,0,1,0,0,1,1,0,1,0,1,1,0,0,0,1,1,0,0,1,0,1,1,0,0,1,0,0,0,0,0,1,1,0,0,0,0,1,1,0,1,1,0,0,0,1,0,0,0,0,0,0,3.268660240270832,-0.6863173921737358,0.5555941760129048,3.17904950454152,0.2869028632650443,-0.7042664988340375,0.0,3.965717137499086,1.49599236498726,0.0,0.4849253642801377,0.6429625850646864,1.4187297716674836,1.185545723011243,0.0,3.514080279801038,-1.0304675704887123,-0.1631946247049629,1.124948106746528,-2.5102043181137086,3.176949514043112,2.602597641707168,0.2012018399863984,0.0,1.328552018393085,0.0,2.864700095965313,-0.0900047792104472,-0.1284212774094146,0.0,-0.1882191602260914,1.393790114234584,-0.9338835169209988,0.0294034673873484,-0.0043596966497698,0.5002121168350556,0.1020744931692314,-0.6879752294367059,-0.4497959541830318,-1.6340664606277846,-0.2662907131524836,1.9444231294233232,0.0,3.3942646727386894,-1.2264977818620983,-2.1117546876928555,1.897140542884402,-0.925432244866677,0.0,3.109729190997808,0.0,-3.0030459666261864,0.0,0.6652990365937874,1.0954535747848393,1.0728310883175816,0.0,1.466281904411911,0.0,0.0,0.4804279578070936,-4.322248458513269,0.0,-2.568544625484453,0.0,-2.5809198429121065,0.9082024510850206,0.0,0.0,0.0,-4.51777152716576,-3.1389803275490245,0.0,0.0,-3.408145911319667,0.0,-1.6583271709606744,0.0383759094675271,0.0,0.0,-4.144948596819046,0.0,0.0,0.0,0.0,0.0,-2.692793648372913,-2.2537960384090288,0.0,0.0,0.0,0.0,-3.554115471068761,0.8883419248365327,0.0,2.860664062360676,-1.524034598470665,0.0,0.0,0.0,-0.0352007743531859,0.0,0.0,0.0,0.0,0.0,0.0
CCIS56503244ST-3-0,1,1,1,1,0,1,0,1,1,1,1,1,1,1,0,1,0,1,1,0,1,1,1,0,1,0,1,1,1,1,1,1,1,1,0,0,1,0,1,1,1,1,0,1,1,0,1,0,1,1,0,0,0,1,0,1,1,1,1,1,0,0,0,1,1,1,1,1,1,0,1,1,0,1,0,0,0,1,0,0,1,1,0,0,1,1,1,1,1,0,0,1,0,1,1,1,0,0,0,1,0,0,0,0,0,0,0,1.993321220729636,-2.0273960230370145,-0.3699036463011325,2.131626559520764,0.0,-1.825519491181314,0.0,3.477102342664046,0.5195537287621412,-2.0023738668615216,0.2328224870994952,0.5485007655402128,0.5854662559093654,-1.633418784976198,0.0,2.71974325314424,0.0,-1.7280782408271882,-1.228876261254966,0.0,3.2365661874413343,1.198031650591677,-1.86023056946422,0.0,2.244327749312208,0.0,0.6469689523436486,-0.8671754190828096,-2.179577921466141,-0.4124712604319389,1.0302319242998954,-1.4947541295808608,1.176953961365544,-1.5355230018402202,0.0,0.0,-0.1598350817054474,0.0,-0.7591712975196572,0.7682123810652028,-0.0582809211599579,1.378407849552709,0.0,2.235878462115626,-0.0100185889051653,0.0,3.2813088088234377,0.0,1.1188364530585129,0.0686183350596323,0.0,0.0,0.0,2.935369291498172,0.0,1.408931509617855,0.1282477008472597,2.066461773372181,1.6136514225945515,-3.750162620778117,0.0,0.0,0.0,-1.2426529934741195,1.4234644639724254,-1.62579939170677,0.5095245832139043,-1.1793055920953903,-0.736882512315036,0.0,0.0760080408815253,-0.855221737671344,0.0,-0.0416792872569593,0.0,0.0,0.0,0.6756222340239777,0.0,0.0,-1.514786277477522,-1.1392982312521498,0.0,0.0,-1.9969754263363024,-1.62305767561144,-4.751010740680336,-0.652325124286973,-0.8937700814443963,0.0,0.0,-2.6757138054399743,0.0,2.137872727661354,-2.007328459986205,2.2720441005324714,0.0,0.0,0.0,0.998897286793792,0.0,0.0,0.0,0.0,0.0,0.0,0.0
CCIS59903910ST-4-0,1,1,1,1,0,1,0,1,1,0,1,0,0,1,0,1,1,0,1,1,0,0,1,1,1,0,1,1,1,1,0,1,1,1,0,0,1,1,0,1,1,0,1,0,0,1,0,1,1,1,0,0,1,1,0,1,0,0,0,0,1,0,0,0,1,1,1,1,1,1,1,1,0,1,0,0,1,0,0,0,1,1,1,1,0,0,1,0,0,0,0,0,1,0,0,0,1,0,0,0,0,0,0,1,0,0,0,2.5140387491014664,0.98745285139113,-0.2722150881321956,2.172695983461275,0.0,0.9066493887652954,0.0,4.406807902894886,0.7329222713646646,0.0,2.197113353503909,0.0,0.0,-0.7182740485074992,0.0,2.1984759518659143,-1.7202356801087555,0.0,-0.56475722572143,1.841859083654448,0.0,0.0,-0.8107729397316301,3.896391960971119,2.583772772011622,0.0,3.7020465395064894,-0.0876939472145508,-1.050410626634293,-0.2423024749238267,0.0,0.5218526798335396,1.265697755061277,0.4363711973464406,0.0,0.0,1.4305977934898058,-0.9632205064193442,0.0,-2.942286761014163,1.397423998862732,0.0,2.0911057433567057,0.0,0.0,-3.017876358072545,0.0,3.6762790337911753,1.9745067307506483,4.121524136580224,0.0,0.0,-3.4671575594832014,1.953740368502606,0.0,-0.1497621034390175,0.0,0.0,0.0,0.0,-3.2853075895878714,0.0,0.0,0.0,0.1233696099944217,-2.1153990046890936,-0.8778101945762746,-1.5922050893890802,-2.5568251371926776,-3.3225491305197714,1.2580875489469563,-4.978332218130237,0.0,0.8658994394716482,0.0,0.0,-2.135362699128657,0.0,0.0,0.0,3.0067178574466347,0.1344661776472193,-0.9809551912737422,-3.6229597673489327,0.0,0.0,-1.828724027767615,0.0,0.0,0.0,0.0,0.0,-3.3128048390450937,0.0,0.0,0.0,-3.8095881056880447,0.0,0.0,0.0,0.0,0.0,0.0,-1.9720785658347133,0.0,0.0,0.0
CCIS70398272ST-4-0,1,1,1,0,1,1,1,1,1,1,1,1,1,1,0,1,1,1,1,1,1,0,1,1,1,1,1,1,1,1,0,1,0,1,0,1,1,1,1,1,1,1,0,1,1,0,1,0,0,1,0,1,1,1,1,0,1,1,0,1,1,1,1,1,1,1,1,1,0,1,1,1,0,1,0,1,1,0,0,0,1,0,0,0,1,1,1,1,1,0,1,0,0,0,1,1,1,0,0,1,0,0,0,0,0,0,0,4.242007624225068,0.5075574918179445,1.4825357600436069,0.0,-0.2377850014565807,1.4503386940434346,3.727382836549524,2.95651818516534,2.716923365177605,0.2501691469344025,0.3101232853664868,1.9826126801884063,1.610951981397339,1.7997922291919897,0.0,3.3707770700288098,1.436816140804922,-1.1049511222223427,0.5307914189144641,-4.992144600925901,0.8575231968955532,0.0,0.2621213557998776,-0.2044048730216907,0.821701597658695,-4.543954548151395,1.762736960343482,0.0077185961884442,1.1848110777373153,1.3764815154631298,0.0,0.6887387906927028,0.0,0.7288109964874557,0.0,0.8977880707545894,2.29351696675022,-3.0479365799411173,-0.357588998045637,-0.5358611956455261,-1.3262961941381866,-1.998497833862931,0.0,-3.163379935704291,0.5525677056318846,0.0,2.8052200353489374,0.0,0.0,2.6795297023488147,0.0,-0.895718872499975,-1.0649984339235337,3.5472700920042177,1.5555200433362806,0.0,0.7261158929109538,1.2326966737763203,0.0,-2.0395932527768306,-0.528839758387001,-1.6936657254587328,0.996637780962142,0.0797127088738021,0.865720524032719,-2.066681523218465,1.013284486532454,-0.5650194149645034,0.0,-4.901172822720174,-2.488564189840656,-4.2842261030456426,0.0,-0.1187664523214071,0.0,-4.7270368505126585,-0.7494484540980229,0.0,0.0,0.0,1.6942512485355283,0.0,0.0,0.0,0.4791001364888352,-1.573442592939891,-2.002981476107379,-1.2683175154843092,2.442316681325008,0.0,1.977657257599097,0.0,0.0,0.0,-0.9084718599272912,-4.2581754258457,-2.281716277418723,0.0,0.0,-1.9752101197213063,0.0,0.0,0.0,0.0,0.0,0.0,0.0
CCIS74726977ST-3-0,1,1,1,1,1,1,1,1,1,0,1,1,1,1,1,1,1,1,1,1,1,1,1,1,1,1,1,1,1,1,1,1,1,1,0,0,1,1,1,1,1,1,1,1,1,1,1,0,0,1,0,1,1,1,1,1,1,1,1,0,1,1,0,1,1,1,1,1,1,1,1,1,0,1,1,1,1,0,0,1,1,1,0,0,1,0,1,1,1,1,0,1,1,1,1,1,1,1,0,1,0,0,1,1,0,0,0,3.3288998428892094,1.3174593302999835,1.736492276489768,1.441761340566048,1.7529566404524728,-3.0028212769901845,2.185355398274583,2.6560166027805745,2.6458483849103867,0.0,0.0799809303975096,0.8694602310514609,3.0445457905485567,0.8293157652361255,1.26794156604266,3.0950975117635613,1.7560299805069397,1.2273763051174058,2.9322073297302467,1.014797892004314,0.8082758098480013,2.0201911573629383,0.2616581732396026,-1.1296063770381617,-0.7991311598893229,3.252806331579902,-1.5486157102540832,0.0137729459929458,0.7148557345620927,-0.0066566644757193,0.2578084323782186,1.1805731236870487,-3.471312536929614,-1.6425379647835598,0.0,0.0,0.3491101516572998,-0.3895768784074052,0.3066558696941641,-0.2344983972893466,-2.277233070262336,0.6777262656528633,-5.613107309326503,1.9216710590003816,-2.0121754992404286,-3.419156057335252,4.018817552637728,0.0,0.0,3.0626570293394124,0.0,-3.240941282493951,-4.504738845713028,2.149344860171804,0.7189700500397397,1.4084098594353565,0.3399068161128162,1.3623066181294492,2.750252308841615,0.0,0.9643858222176852,-3.4644278281521173,0.0,-1.4709067259267672,1.662278853970163,-1.707575917134864,1.3262321323761526,-1.4533055304497584,-0.5221578511916543,-3.968983838904512,-0.0376596687899426,1.5433675309112571,0.0,-1.1900234136920382,-4.612259189424284,-0.9802361279906242,1.4618683300869788,0.0,0.0,-1.9762954430960216,0.6298881458969088,-4.201403232681244,0.0,0.0,-1.3905764966871323,0.0,-1.097572260233272,-2.023885707758211,-2.3773165288193185,1.4989444369966969,0.0,-3.632105840459919,-3.5845721399941803,-0.6683185810278334,0.8273465684537885,2.200561514880765,4.416221573097894,0.5132801250634003,0.0,-0.2949873154822864,0.0,0.0,-1.8705477057489428,-1.984461928303084,0.0,0.0,0.0
CCIS76563044ST-4-0,1,1,1,1,1,1,0,1,1,0,1,1,1,1,1,1,1,1,1,1,1,1,1,1,1,1,1,1,1,1,1,1,1,1,1,1,1,1,1,1,1,1,0,1,1,0,1,1,1,1,1,1,1,1,1,1,1,1,1,1,1,1,0,1,1,1,1,1,1,0,1,1,0,1,1,1,1,1,0,1,1,0,1,0,0,0,1,1,0,0,1,0,0,1,0,1,1,1,1,0,0,0,1,1,0,0,0,3.5972586347923468,-0.106232343670894,3.3741841434819904,1.9111277096815047,3.1333971994711005,-1.2767189649667885,0.0,2.721567703801626,2.6294733438244053,0.0,1.2312355154100498,2.084418440258803,1.5687261952799352,1.7915162997614282,-0.5572432997207837,1.6474250713948029,-0.1794462612277352,-0.0801169184145993,1.2470724436218896,-3.516129059227634,3.2577418538394154,-1.6464005680072786,0.3308430257058763,-2.7722273290179604,0.171447931249749,2.6819700841338934,0.1564148204284328,0.2985205982350638,0.0240233408379975,0.3683732809857629,-0.1019108925176692,0.5090623211463123,0.0983730866444048,-0.9995625466088104,1.4536593048689177,1.4783865836888808,1.3487779956765298,-1.1848745102068563,0.1036292771664073,-1.7124717696963934,-0.8890695514007028,2.460312979528871,0.0,3.6097402681746136,-1.2900024406793105,0.0,2.4962903359674526,-2.052557861371847,-1.8326601204059096,1.9789915698018417,1.175070573579822,-3.029654993111939,-6.010052902665824,3.565015120387676,2.596146052439686,1.9609502747665288,-0.9099213986306632,1.4024355657932883,1.854909706931255,-2.3387177582027974,-2.37647935938673,-3.925191293516648,0.0,-0.6671987110023034,1.845179963918449,-1.674753344399912,1.2517368808392837,0.5425480148363113,-0.9982588598883496,0.0,-2.583103024901254,-1.1822610406471774,0.0,-0.5669766475038329,-4.030551809174475,-4.994507212696328,-1.8125241042084923,-4.607585682300332,0.0,-2.8493590331803587,-2.36619355441736,0.0,0.9670053446458048,0.0,0.0,0.0,-1.0212483781130486,-0.0213639430699654,0.0,0.0,-0.1854645904245726,0.0,0.0,-0.6171172952527486,0.0,2.549954037541001,4.345262547815298,1.6801933565795273,2.625510591545216,0.0,0.0,0.0,-2.4565699334174065,-6.703200083225769,0.0,0.0,0.0
CCIS77100899ST-4-0,1,1,1,1,1,1,1,1,1,0,1,1,1,1,0,1,1,1,1,0,0,1,1,1,1,0,1,1,1,1,1,1,1,1,1,0,1,1,1,1,1,1,0,0,1,0,1,1,0,1,1,1,1,0,0,1,0,1,0,1,1,1,0,1,1,1,1,1,1,0,1,1,0,1,0,1,1,0,1,1,1,1,1,0,0,0,1,1,0,0,0,0,1,1,0,1,0,1,0,0,0,1,0,0,0,0,0,2.9330497347227453,-4.229049277863335,1.988387745157849,0.2587161302177103,2.0165552686918544,2.389237022366011,3.038972791730792,2.576324632308702,1.744791138970457,0.0,1.3077414771964784,1.93167775360459,2.2425295382156416,1.8569216922687333,0.0,3.151102346648279,-0.2569316300873316,0.203150168970728,0.399383336497684,0.0,0.0,0.1648915719946788,0.7565123786808048,0.4067135207541863,2.232653435149159,0.0,3.94048047482121,2.1939814741279706,0.1817071641755436,1.4663690165384493,1.5207523165843542,1.4187050370102674,-0.8489774320534482,-0.6129097620752222,1.7736892508114002,0.0,-5.325243185667163,-1.2190130162110813,-1.1500758410676792,-0.6615990264462055,0.6037869053982245,1.952635332628749,0.0,0.0,0.3561652424844239,0.0,1.730757170590536,-3.509616235032465,0.0,1.469854487131823,2.9599960171343764,-2.7118753421672155,-5.763860501092228,0.0,0.0,0.4248649510876494,0.0,1.4301882462276605,0.0,-1.400404107347239,-0.7208704189826265,-3.532276715689073,0.0,-1.4529859694555003,1.152375568043987,-1.642906830142163,0.6187346951748309,-1.7391109177510846,-0.4784348657286976,0.0,-1.3825363603004148,-0.9606686820019172,0.0,-2.571859443263432,0.0,-0.1723286413843707,-0.6823863500021501,0.0,0.7848896734014481,0.1782898681706399,-0.6074562654716857,-2.081179996104637,-0.586188408566914,0.0,0.0,0.0,-2.1900640792411723,-2.9247163324027365,0.0,0.0,0.0,0.0,-3.3298529793484803,0.3039927219672789,0.0,-4.004453996315939,0.0,0.8628572481567969,0.0,0.0,0.0,-0.174551936551087,0.0,0.0,0.0,0.0,0.0
CCIS81710917ST-20-0,1,0,1,0,1,1,0,1,1,0,1,1,1,1,0,1,1,1,1,1,0,0,1,0,0,1,1,1,1,0,1,0,1,0,1,0,0,1,0,0,1,1,0,1,0,1,0,0,1,1,0,1,1,1,1,1,0,1,1,1,0,1,0,0,1,1,1,1,1,1,1,0,0,1,1,1,0,1,0,0,0,0,1,0,1,0,1,1,0,1,1,0,1,1,0,0,0,0,0,0,1,0,1,1,0,0,0,2.7028693900891105,0.0,2.758220306181013,0.0,2.575148942415991,-0.2585226442877215,0.0,-3.749203282669334,0.1580716262627381,0.0,-0.6016861761814698,1.7321715853377846,1.698084883613114,4.366168155553538,0.0,2.9332067749805915,0.1048560312094135,-1.3363823596542872,-2.738286131701254,-0.824950858862795,0.0,0.0,-2.201800761154685,0.0,0.0,0.9592764449861428,-3.618966785941663,3.9283590726970266,-2.451288287808498,0.0,-0.1779776432378623,0.0,0.2227187386182192,0.0,5.281903391743679,0.0,0.0,-2.13302124575986,0.0,0.0,0.7283471111864601,1.3720718002496186,0.0,-3.912164592178746,0.0,-4.064841432387705,0.0,0.0,-0.2087889474732378,0.0624592175176919,0.0,-1.7984712651769432,-0.1168742892442802,-1.7032096750570376,2.809149150111064,3.967068273752965,0.0,3.0219913154054225,4.1169511129974365,-1.864186319954696,0.0,-2.691517421710441,0.0,0.0,2.346909120199687,-0.4634420686537464,1.7202676201146607,1.5966861774643997,-1.870484651682844,1.6770542166066995,3.8262830413245608,0.0,0.0,-1.084432144004133,-5.595029973167664,-4.810911014401992,0.0,0.038142677179179,0.0,0.0,0.0,0.0,4.42397879978892,0.0,-1.889035908335441,0.0,-0.5030341587757956,-4.276453786102724,0.0,-1.384314306339133,-0.6932887673105461,0.0,-5.158312321555395,2.6380050881422084,0.0,0.0,0.0,0.0,0.0,0.0,2.431218027653145,0.0,-0.7420700819616131,-1.2746887906489477,0.0,0.0,0.0
CCIS81735969ST-20-0,1,1,1,1,1,1,1,1,1,1,1,1,0,1,0,1,1,1,1,1,0,1,1,1,1,1,1,1,1,1,1,1,1,1,1,0,1,1,0,1,1,0,1,1,1,0,0,1,0,0,1,1,1,1,1,1,1,1,0,1,1,1,0,0,1,1,1,1,0,1,1,0,0,0,0,0,1,1,0,1,0,0,0,1,1,1,1,1,1,1,1,0,1,1,0,0,1,1,0,0,0,0,0,1,0,0,0,2.870614762281289,-0.2537255376959482,2.3082188250601146,2.401013842310845,1.4336430029602705,-0.944178509172202,2.777346102303352,2.473996504419532,2.590551666458785,3.704157469579087,1.4192633074265042,2.1932051275397284,0.0,2.855253117546953,0.0,1.903432145235267,-0.8132289218769668,-1.7459301258890223,1.933954988654332,-0.7036091968597447,0.0,2.8242278245315724,1.5422591056092887,-1.617567027176253,1.9567501826923663,1.4876336025881784,3.488258533062021,1.173399810709518,-0.4758579097767594,0.9569078146281657,-4.326496929236887,1.163367732645928,-0.5882774071728214,-1.216581785554955,-4.787956306699627,0.0,0.9237700984133996,-1.2840196428595196,0.0,-3.616982771212737,-1.4838158301767383,0.0,-3.706950106606567,3.936409386604632,0.1630660700394923,0.0,0.0,1.164103217077279,0.0,0.0,-2.2323131058198484,-1.114908317802371,-0.7008806822065408,3.063036446486838,-0.0448013085117715,-5.395838835604884,2.0992329122844726,1.7602852983973634,0.0,-4.380747518986636,-3.807781718195735,-1.029926925369809,0.0,0.0,1.3078210870337377,-2.3513163978814613,-0.2317674026192391,-5.386269384588735,0.0,-0.8750959556081535,-1.2743032210168137,0.0,0.0,0.0,0.0,0.0,-0.1714889185399637,1.645177366735953,0.0,3.1796105642901025,0.0,0.0,0.0,-2.7290113503266284,-4.0095444744849935,-1.7995808713713446,-2.1071499628658428,0.5496069438488169,-0.3285081978320834,1.0919476246526438,0.4776864136384111,0.0,-1.21938270136854,1.301978581088138,0.0,0.0,2.2884011934449893,2.146160476264296,0.0,0.0,0.0,0.0,0.0,-3.799953889575488,0.0,0.0,0.0
CCIS83445808ST-4-0,1,1,1,1,1,1,1,1,1,0,1,1,1,1,1,1,1,1,1,1,1,0,1,1,1,1,1,1,1,1,1,1,1,1,1,1,1,1,1,1,1,1,0,1,1,0,1,1,1,1,0,1,1,1,1,1,1,1,0,1,1,1,1,1,1,1,1,1,1,0,1,1,0,0,0,1,1,1,0,1,1,1,0,0,1,1,1,0,0,1,1,0,1,1,1,1,1,1,1,0,0,1,0,0,0,0,0,3.4315661427307287,0.6184431260507786,-0.6872368047798081,1.2156437010661678,1.863949555420643,0.3088287439196244,1.3061713269675763,2.93425105921415,1.051081519725289,0.0,1.684289102491711,1.7943051813387405,1.941433477643406,1.089068488092936,-0.7196222213272319,2.0520669138441003,-3.291352007215413,1.7563710711179912,0.1638975794619219,-3.139445539285896,4.175357744688661,0.0,0.3430757802058444,1.419693540476529,1.6126750972327075,-2.7274657501565382,2.4984249224049213,0.2864444549666309,1.3563664997373088,-0.0610721269516596,-1.4742390673009012,-0.6243615844890544,-2.792870447181958,-0.6488362263857135,0.0864156350425082,-0.5526771344297194,0.2782409635138032,-0.2743776237713002,0.3520360441019929,-0.0411323448650233,-1.8050251364622545,3.7035542015481298,0.0,3.5088355351754936,-0.4967184807816749,0.0,3.787042494613887,-4.888032836648742,-4.492001760773936,1.6218272018933544,0.0,-2.144017486853017,-4.006129447084063,-1.649078255806644,0.7558700437533729,1.9278233395936049,-0.0228304641543968,1.5612464796857286,0.0,-0.8858344508883098,-1.7038359417870823,-3.0315148000725243,-1.9559005576500577,1.061618908349809,2.080227752972882,0.7859678062018345,-0.3905733436634304,0.6878629146689275,-0.1479501699239944,0.0,1.929404709080283,-1.6413774476734655,0.0,0.0,0.0,-3.026029322795853,0.5326579525567132,-1.05206986993064,0.0,-0.6819747425432237,0.0603773771766711,-2.558353345727217,0.0,0.0,-3.582368209928961,-5.700725167858471,0.7439106679075992,0.0,0.0,0.4516697460621488,1.4056337366029876,0.0,-2.20421760639199,0.5860706929471922,2.403844018251124,-0.4546204822811952,3.720593630875745,0.0458329472639358,-0.783412611848437,0.0,0.0,-2.6426890109683248,0.0,0.0,0.0,0.0,0.0
CCIS83574003ST-4-0,1,1,1,1,0,1,0,1,1,0,1,1,0,1,0,1,0,0,1,1,0,0,0,1,1,0,1,1,1,0,1,1,1,1,1,1,0,1,1,1,1,1,1,0,1,1,0,1,1,0,0,1,1,0,1,1,1,1,0,1,1,1,1,0,1,1,1,1,1,1,0,1,0,0,0,0,1,1,0,0,0,0,0,1,1,1,1,1,0,0,0,1,1,1,0,0,1,1,0,0,0,0,0,0,0,0,0,3.665103675699799,-2.36902337299059,1.7335568060835782,-3.828250203601512,0.0,-2.497760683650438,0.0,4.794439152166588,-0.6091112554585398,0.0,0.1316226744364239,1.0321740086715652,0.0,-3.2761816213014727,0.0,4.446486672754224,0.0,0.0,-0.6364481134198667,-6.712064560951517,0.0,0.0,0.0,2.883486189653857,3.1619214818194674,0.0,3.227978958357805,-0.8479321740823822,-0.6666411575776621,0.0,1.0295456850742246,2.3966468864041626,-0.4288087486416219,-0.2760084655022641,-0.4150635775108362,0.6028406804840267,0.0,0.516025032684116,1.208745118337082,0.0170564723886403,-1.93541570409418,3.44039251586306,-3.0744784012251323,0.0,1.1958250697474082,-4.174639876880071,0.0,1.1040204331711916,4.5179275385891335,0.0,0.0,-1.4360529519177796,-4.056340178851047,0.0,3.2104958255414404,1.8243197674939609,-0.8170137435115563,2.923551235749696,0.0,-2.095779899624884,4.34961206377427,-3.079133180770114,3.5934370536383824,0.0,2.7701647075767823,0.1060877504751638,1.2334283536270845,-1.0503303225388163,-0.200057050837733,-4.835747703695399,0.0,-0.0213684396279238,0.0,0.0,0.0,0.0,-0.188329513395461,-1.9094910436121504,0.0,0.0,0.0,0.0,0.0,-3.22811321826045,-0.5239212326990563,2.2232273231996325,-0.4433025577096765,0.952558070265654,0.0,0.0,0.0,1.3313909796058492,-4.445411477183535,3.2434516037950285,0.0,0.0,-3.4184087208935487,-5.370890635112096,0.0,0.0,0.0,0.0,0.0,0.0,0.0,0.0,0.0
CCIS87290971ST-4-0,1,1,1,1,1,0,1,1,1,0,1,1,1,1,0,1,1,1,1,1,0,1,1,1,1,0,1,1,1,1,0,1,0,1,0,1,1,1,1,1,1,1,1,1,1,1,1,1,0,0,0,1,1,1,1,0,0,1,1,1,0,1,1,0,1,1,1,1,1,1,1,1,1,1,0,0,1,1,0,0,0,0,0,0,1,1,1,1,1,1,0,0,1,1,1,1,0,1,0,0,1,0,0,0,0,0,0,4.263308908391063,1.7907637257350268,1.9688412860799755,3.465212134161046,1.2917444274511265,0.0,-3.5187847870590483,3.52659396286746,2.126697294861847,0.0,2.0754558487324446,2.728344204346289,-0.0159179036842758,1.8905152413087936,0.0,2.6808497450475475,1.2700810704645515,0.5134775362994048,1.3919751573923045,-0.3207795849112231,0.0,1.911321701329024,0.5397925513044212,-0.7115094965512718,1.2211997519915374,0.0,3.419808702968054,2.611015117892216,0.8120047019840703,-2.185057271834199,0.0,0.6597518663834001,0.0,0.9171331156956906,0.0,0.3794883598093557,1.2886815668531209,-0.9094264849198062,-1.7634807729624888,3.3630397376180827,-2.592022755317598,2.0701938512524443,0.142476370571783,-4.892358128577628,-0.2710823811680785,-1.9553386818896783,1.0062300723016175,-3.60644295276536,0.0,0.0,0.0,-0.716761564244216,-0.5226258620017497,1.7700352754489104,2.158606976870383,0.0,0.0,-0.8593114016206786,-1.291358661476511,-1.2831118218237478,0.0,-1.7185266831095307,1.2976003338587745,0.0,1.956028761668689,-0.7365521059780671,-2.010134331773052,-0.9218542383421476,-0.4103717722688489,-2.3417724565853257,-2.8406862602482743,-3.074719211361752,0.5582221016806056,-1.837721151604322,0.0,0.0,0.3076276443563759,-2.766268898106006,0.0,0.0,0.0,0.0,0.0,0.0,-2.6428420037138105,-4.680514132517351,-2.296768076211852,-0.7562032962955125,-1.9985590421979933,2.0961276076951827,0.0,0.0,-3.0459402468117087,-1.0524226658360132,-0.5393293579948981,0.927708131079315,0.0,0.2475626656997422,0.0,0.0,0.441038934312344,0.0,0.0,0.0,0.0,0.0,0.0
CCIS90166425ST-4-0,1,1,1,1,1,1,1,1,1,0,1,1,1,1,0,1,1,1,1,1,0,1,0,1,1,1,0,1,1,0,1,1,1,1,1,1,0,1,1,1,1,1,0,0,1,1,1,1,1,1,0,1,1,1,1,1,1,1,1,1,1,1,1,0,1,1,1,1,1,1,1,1,0,0,0,1,1,1,0,0,1,1,0,0,0,0,1,1,0,0,1,0,1,1,1,1,1,1,0,0,0,0,1,0,0,0,0,1.70076501014071,-5.29831817091849,1.1097247166149855,2.1548053600231323,3.1911058210895766,-5.594583987061663,-3.671090716920891,4.37924150895785,1.2678672854151811,0.0,0.6735321926751294,-4.7874925471525,-1.3451040083497634,-1.6033674407661278,0.0,4.132105690539383,-2.074327245383518,-3.768922966157926,0.6601727757966775,-3.127069079985532,0.0,-4.598781192259773,0.0,-3.0429859627749893,0.874960325540106,3.054607957569872,0.0,0.94482754632919,0.7301456889476201,0.0,1.4967277181331575,2.203931991700885,-0.1897343778030367,2.1356968567397474,-2.501975362670602,-1.548210958661029,0.0,-0.6005220571900265,-0.5832592754958383,-0.2275611466432521,2.548943439830222,0.4246801995305329,0.0,0.0,-0.4615276428279251,-2.818767720331014,1.2128555014763482,-0.2055122572451611,-4.28905098258623,2.0313558532176303,0.0,-1.881432530247888,0.3632167922262352,1.0651077314736046,2.222673516690598,-1.3239224495550428,1.018036227437564,0.8850902926528204,0.9161873581410808,-3.4344368275083426,1.1603817542842587,-1.6743191767384122,-2.2562407221881333,0.0,2.607884288417772,2.065570956591771,1.9037891941272351,3.733501105660652,1.641767768415723,-2.036775899731386,0.9521024725806336,-1.343137439377723,0.0,0.0,0.0,-4.307919466890613,-0.0134238247025937,2.9617834973323136,0.0,0.0,0.736672403822451,-0.4289117065165364,0.0,0.0,0.0,0.0,0.2484605549280467,-1.6712459286306305,0.0,0.0,0.625354706048175,0.0,0.1205135405974247,2.9288448943789995,3.87477553818442,1.26002510230899,2.555918755025068,2.914684785472458,0.0,0.0,0.0,0.0,-2.980465605793656,0.0,0.0,0.0,0.0
CCIS90443472ST-4-0,1,1,1,1,1,1,1,1,1,1,1,1,1,1,0,1,1,1,1,1,1,1,0,1,1,0,1,1,1,1,1,1,1,1,1,1,1,1,1,1,1,1,0,1,1,0,1,1,1,1,0,1,1,1,1,1,1,1,1,1,1,1,1,1,1,1,1,1,1,0,1,1,1,0,0,1,1,1,0,1,0,1,0,0,1,1,1,0,0,0,1,0,0,1,0,1,1,1,0,1,1,1,0,0,0,0,0,3.321462280655356,-1.3378200833476546,2.28263615255118,2.1519057334113394,1.291358563501039,0.3230616603345397,-5.6130145317522535,2.9026857811693207,1.288817356183535,2.557650383073179,2.5128322357400945,2.8958048736459614,1.8121961103326707,2.7851513207715546,0.0,3.1977293603339367,1.185870812785454,-0.1619760781865531,0.8068654252333617,-2.457266458918607,-2.517703128474362,1.930788335749256,0.0,2.0932702079166896,-1.573478206025148,0.0,1.3063088718355356,1.1157125847836662,0.115479684914411,1.3900616221641808,-1.291143878723768,1.3805837949297408,-2.278711384920129,0.7719814545464081,-4.338638086836348,2.7796926207566184,-4.52227629951505,-1.6385139510065592,0.7971990491555019,-2.119363095040611,-0.9279464449547244,2.563936029917784,0.0,3.0699203903545875,1.7142866462198052,0.0,-0.3292734735288154,-3.508880377482046,-2.346357454856701,1.3943518253252185,0.0,-1.1350094913888416,-2.638686166861416,-1.4845527548369024,0.6594850450857156,2.8597226190091325,2.725856623525554,1.2223091971494136,-1.0571581764347304,-0.1896724401340226,1.654059252702266,-2.1729735819535447,0.4429977276275314,1.3816305482019977,1.8216110811059063,-0.5551215262710969,1.2550822912223536,-2.506056623088038,0.6283844068564526,0.0,-3.685764805414343,0.1655479580937153,2.4761647569916128,0.0,0.0,-5.738177674706259,-1.8655887385235208,1.6241206658259988,0.0,-3.023041527214564,0.0,0.7486942434393322,0.0,0.0,-1.708075381212513,-1.174246236734766,-1.2334910272964903,0.0,0.0,0.0,0.8350182036834439,0.0,0.0,1.070729172233274,0.0,-1.7214343585077108,-2.936030150224933,1.6776474343280692,0.0,-1.8934347227613904,-3.706526796862773,0.3987427186234906,0.0,0.0,0.0,0.0,0.0
CCIS90903952ST-3-0,1,1,1,1,0,0,0,1,1,0,1,1,1,1,0,1,1,1,1,1,0,1,1,1,1,1,1,1,1,1,0,1,1,1,0,0,1,1,1,1,1,1,1,1,1,1,1,0,1,1,1,0,0,1,1,1,1,0,1,1,1,0,1,1,1,1,1,1,1,0,1,1,1,0,0,0,1,1,1,0,1,1,0,0,1,1,1,0,0,0,0,0,0,1,1,1,1,0,0,0,0,0,0,0,0,0,0,3.563645683879783,-2.500780592555109,1.1166706587622208,-0.878359771389368,0.0,0.0,0.0,-2.099384289764339,0.0270278365592866,0.0,0.3450555038180705,-0.6026644262818479,-0.0732278027134158,-1.0532755003903218,0.0,4.812498116939244,-0.990447425607452,-0.702215247704923,-0.4963418776748387,-1.3799005467907102,0.0,3.227451373007864,-1.076725395890207,-2.6837668220222546,3.1594961801458448,2.2363208693439973,0.1001438673647054,-2.178809446624696,-1.2908455314147549,2.1656003244778788,0.0,2.4139566782634927,-2.153451511034614,0.0654457412005014,0.0,0.0,0.3635379622539267,-3.275817885710832,0.5727429421909993,0.8922625556374424,-3.730554042825778,1.9373002720672632,-4.200557672071513,1.3011457083870792,-5.477861749482999,-3.322566865284904,4.677639020940123,0.0,-3.8554646924063936,2.29772447740492,0.0874912280318214,0.0,0.0,-0.0395934225080174,1.2296116473281902,5.093994049362312,2.4560909492516987,0.0,-4.1303534133982645,-3.661056248328857,1.9868100254477408,0.0,-1.1360345676414214,-1.360947717718605,2.4480735418680832,-3.838443004836963,1.6699027481403397,-1.6572868261514615,-1.9728267503144103,0.0,1.3428189094029854,1.4817431908250265,1.2994133777222197,0.0,0.0,0.0,-0.3339124776994837,1.945291293778424,0.7599957148234886,0.0,0.6009764278335712,1.9590116895409253,0.0,0.0,-3.398420207803164,-0.1039933531111003,-1.013954631996334,0.0,0.0,0.0,0.0,0.0,0.0,1.9204055258654145,-1.316603771029155,1.4078035054959546,5.021345890815653,0.0,0.0,0.0,0.0,0.0,0.0,0.0,0.0,0.0,0.0
CCIS94496512ST-4-0,1,1,1,1,1,1,0,1,1,1,1,0,1,1,0,1,1,0,1,0,0,1,1,1,0,0,1,1,1,1,1,1,1,1,0,0,1,1,0,0,1,0,0,0,0,1,0,1,0,0,0,0,1,0,1,1,0,1,0,0,1,0,0,0,1,1,1,0,1,1,1,1,0,1,1,0,0,1,0,1,1,1,1,0,1,1,0,0,0,1,0,1,1,1,0,1,0,0,0,1,0,0,0,1,0,0,0,2.849802157263155,0.0878415742134015,2.6480353350542307,-0.282530806567498,2.9707247404931545,0.087229116811083,0.0,1.907773054240637,1.6424976952628074,1.879022621292857,3.708380303135172,0.0,-0.7329126491482634,3.0795164829205017,0.0,3.1165223214919155,1.849203692238536,0.0,0.95980744231436,0.0,0.0,-2.4241647626080605,0.2803899890977608,-1.2686550496246185,0.0,0.0,4.90528985043769,1.921436443228557,-0.7293020355882285,-1.6659916356852866,1.451534587318035,0.1822644968647118,1.0181484808088594,-1.207489882216778,0.0,0.0,1.2406864907570432,-1.1166347787802646,0.0,0.0,-0.5801939504726246,0.0,0.0,0.0,0.0,-2.470517035224863,0.0,-3.163137206549949,0.0,0.0,0.0,0.0,-2.694056025811345,0.0,-0.3258412142397395,3.985011355721173,0.0,-0.481855885091075,0.0,0.0,-2.5592071099395817,0.0,0.0,0.0,1.4452627423281892,-2.2610672385756985,-1.4684984768726927,0.0,-2.129836480977863,-1.528724010539772,1.7139165155304492,-3.934046592084706,0.0,-3.9363270947834312,-2.1758745301804203,0.0,0.0,-1.1497105123329825,0.0,3.4456779229351167,-2.8468891823913625,-0.456774413568016,1.330435986720227,0.0,-3.907078665657199,-1.0022759370121972,0.0,0.0,0.0,1.1689955201745583,0.0,0.9873466342830568,-2.0266154853074,0.8431416823276153,0.0,0.1106418274721501,0.0,0.0,0.0,0.9551372145992486,0.0,0.0,0.0,-3.2454656295043423,0.0,0.0,0.0
CCIS96387239ST-4-0,1,1,1,1,1,1,0,1,1,0,1,1,1,1,1,1,1,1,1,1,1,1,1,1,1,1,1,1,1,1,1,0,0,1,1,0,0,1,1,1,1,1,0,1,1,0,1,0,0,1,0,0,0,1,1,1,0,1,0,0,0,0,0,0,1,0,1,1,1,0,0,0,0,0,0,1,0,0,0,0,1,0,1,0,0,0,1,0,1,1,1,0,0,0,1,0,1,0,0,0,0,0,0,0,0,0,0,3.394612725598768,-1.2224087349284836,-1.2863748228002292,1.4420890945306142,2.3123877773502235,1.6353387738031235,0.0,2.102770719008456,0.7573014415138337,0.0,-1.6865400693448445,1.47791228636911,2.177714450359375,-1.3512186009011191,-3.2037553553775613,-0.15907402355672,-1.761229966183901,0.6412908602707433,0.439988261608881,-0.964063863506738,-0.0487212236685217,1.5607451446092253,-1.4153385076461964,1.955402223392652,1.3141081324367407,2.536348679438354,1.362953784343397,-1.891012947492425,-0.1120558219582013,-1.0476566542663948,-1.1543774708320305,0.0,0.0,-0.9757403931685736,3.513540785704236,0.0,0.0,-4.2814532878968015,-1.816627081770151,-0.99963334953854,-0.0644477493615516,1.654650536514287,0.0,1.479991588802293,1.247158472229523,0.0,1.0403444152046717,0.0,0.0,1.340828444993004,0.0,0.0,0.0,3.2019804248302792,-2.1163288656671675,0.2560187063519907,0.0,0.68447174319709,0.0,0.0,0.0,0.0,0.0,0.0,-0.2796612733355439,0.0,-1.9363221971344,-0.6490404454506358,-1.993351660721335,0.0,0.0,0.0,0.0,0.0,0.0,-0.3042792038846711,0.0,0.0,0.0,0.0,-0.480471390199106,0.0,-1.3596279006321907,0.0,0.0,0.0,-2.0601916788471857,0.0,-0.2413877825008532,-4.752764961802552,-0.2129294252964433,0.0,0.0,0.0,-3.16985380370188,0.0,5.467991040912093,0.0,0.0,0.0,0.0,0.0,0.0,0.0,0.0,0.0,0.0
