Model,Algorithm,Study,Fold_AUC,Feature,Feature_Type,Species,MeanAbsSHAP,MeanSignedSHAP,Rank
All,LASSO,FengQ_2015,0.751247327156094,PA_Parvimonas micra,PA,Parvimonas micra,0.9910606085025833,-0.2985389738938355,1
All,LASSO,FengQ_2015,0.751247327156094,rCLR_Streptococcus salivarius,rCLR,Streptococcus salivarius,0.5100906854557162,-0.1434505125640268,2
All,LASSO,FengQ_2015,0.751247327156094,rCLR_Anaerostipes hadrus,rCLR,Anaerostipes hadrus,0.4082256416715391,-0.3662108242901742,3
All,LASSO,FengQ_2015,0.751247327156094,rCLR_Dorea formicigenerans,rCLR,Dorea formicigenerans,0.40705614564391235,0.27616349546654656,4
All,LASSO,FengQ_2015,0.751247327156094,PA_Veillonella parvula,PA,Veillonella parvula,0.3923765392878694,-0.010000601451115067,5
All,LASSO,FengQ_2015,0.751247327156094,PA_Streptococcus salivarius,PA,Streptococcus salivarius,0.38053240086463236,-0.24325811301956607,6
All,LASSO,FengQ_2015,0.751247327156094,PA_Firmicutes bacterium CAG:110,PA,Firmicutes bacterium CAG:110,0.34622196266107874,-0.07775607278936493,7
All,LASSO,FengQ_2015,0.751247327156094,rCLR_Streptococcus thermophilus,rCLR,Streptococcus thermophilus,0.3426801247641601,-0.026812684494314197,8
All,LASSO,FengQ_2015,0.751247327156094,rCLR_[Ruminococcus] torques,rCLR,[Ruminococcus] torques,0.2984269267374152,0.08888970236619835,9
All,LASSO,FengQ_2015,0.751247327156094,rCLR_Veillonella parvula,rCLR,Veillonella parvula,0.2832343753138139,-0.04001522467288726,10
All,LASSO,FengQ_2015,0.751247327156094,rCLR_Parvimonas micra,rCLR,Parvimonas micra,0.2799685468202787,0.09035320916414179,11
All,LASSO,FengQ_2015,0.751247327156094,rCLR_Eubacterium ventriosum,rCLR,Eubacterium ventriosum,0.2534377110766926,-0.09867356192809697,12
All,LASSO,FengQ_2015,0.751247327156094,PA_Bacteroides intestinalis,PA,Bacteroides intestinalis,0.24772023101859347,0.004673966622992313,13
All,LASSO,FengQ_2015,0.751247327156094,rCLR_Paraprevotella xylaniphila,rCLR,Paraprevotella xylaniphila,0.24338812985315422,0.1792856331222738,14
All,LASSO,FengQ_2015,0.751247327156094,PA_Parabacteroides merdae,PA,Parabacteroides merdae,0.23808573874888703,-0.04568434839462049,15
All,LASSO,FengQ_2015,0.751247327156094,PA_Blautia sp. CAG:257,PA,Blautia sp. CAG:257,0.23485505158150854,-0.1172893215626756,16
All,LASSO,FengQ_2015,0.751247327156094,PA_Phocaeicola plebeius,PA,Phocaeicola plebeius,0.23119914393939764,-0.09463591902182603,17
All,LASSO,FengQ_2015,0.751247327156094,PA_Klebsiella variicola,PA,Klebsiella variicola,0.22618503655559638,0.0854476804765586,18
All,LASSO,FengQ_2015,0.751247327156094,rCLR_Bacteroides thetaiotaomicron,rCLR,Bacteroides thetaiotaomicron,0.2121690256399408,-0.16738741591557224,19
All,LASSO,FengQ_2015,0.751247327156094,PA_Streptococcus thermophilus,PA,Streptococcus thermophilus,0.21100653385128393,-0.13209471479053245,20
All,LASSO,FengQ_2015,0.751247327156094,PA_Klebsiella pneumoniae,PA,Klebsiella pneumoniae,0.20533624394748226,-0.05872873783049074,21
All,LASSO,FengQ_2015,0.751247327156094,rCLR_Adlercreutzia equolifaciens,rCLR,Adlercreutzia equolifaciens,0.20038127472420017,-0.08922028661876287,22
All,LASSO,FengQ_2015,0.751247327156094,PA_Lachnospira eligens,PA,Lachnospira eligens,0.1901488414962674,-0.03752507243094195,23
All,LASSO,FengQ_2015,0.751247327156094,PA_Gemmiger formicilis,PA,Gemmiger formicilis,0.1887600336513735,-0.04251150802269759,24
All,LASSO,FengQ_2015,0.751247327156094,Age,covariate,Age,0.18831702446165044,0.11174286049359851,25
All,LASSO,FengQ_2015,0.751247327156094,PA_Streptococcus parasanguinis,PA,Streptococcus parasanguinis,0.18739781349462267,0.06783231488988177,26
All,LASSO,FengQ_2015,0.751247327156094,rCLR_Coprococcus comes,rCLR,Coprococcus comes,0.18731236626721492,-0.09118937675173384,27
All,LASSO,FengQ_2015,0.751247327156094,PA_Bifidobacterium pseudocatenulatum,PA,Bifidobacterium pseudocatenulatum,0.18718690999992268,0.018379648932308885,28
All,LASSO,FengQ_2015,0.751247327156094,rCLR_Eggerthella lenta,rCLR,Eggerthella lenta,0.18552579782604173,-0.0751581736537399,29
All,LASSO,FengQ_2015,0.751247327156094,PA_Parasutterella excrementihominis,PA,Parasutterella excrementihominis,0.1812431551081837,0.03538985565925942,30
All,LASSO,FengQ_2015,0.751247327156094,PA_Coprococcus catus,PA,Coprococcus catus,0.1809143736245562,0.017424038460003,31
All,LASSO,FengQ_2015,0.751247327156094,rCLR_Anaerobutyricum hallii,rCLR,Anaerobutyricum hallii,0.17758980391510285,0.15978386311429083,32
All,LASSO,FengQ_2015,0.751247327156094,rCLR_Butyricimonas virosa,rCLR,Butyricimonas virosa,0.1746146332363506,-0.03328698009856592,33
All,LASSO,FengQ_2015,0.751247327156094,rCLR_Ruminococcus bromii,rCLR,Ruminococcus bromii,0.17444070745157078,0.011506140522230104,34
All,LASSO,FengQ_2015,0.751247327156094,Gender,covariate,Gender,0.1711605375924411,0.033592255041507105,35
All,LASSO,FengQ_2015,0.751247327156094,PA_Oscillibacter sp. 57_20,PA,Oscillibacter sp. 57_20,0.17017642049296738,-0.01338466228596374,36
All,LASSO,FengQ_2015,0.751247327156094,rCLR_Dialister invisus,rCLR,Dialister invisus,0.16806361996931116,0.034878673002439235,37
All,LASSO,FengQ_2015,0.751247327156094,PA_Prevotella copri,PA,Prevotella copri,0.16435338733875787,0.014020813517605434,38
All,LASSO,FengQ_2015,0.751247327156094,rCLR_Ruthenibacterium lactatiformans,rCLR,Ruthenibacterium lactatiformans,0.16320398924491333,0.10815724991340413,39
All,LASSO,FengQ_2015,0.751247327156094,PA_[Eubacterium] siraeum,PA,[Eubacterium] siraeum,0.16298988059851108,0.08446651095441449,40
All,LASSO,FengQ_2015,0.751247327156094,rCLR_Roseburia hominis,rCLR,Roseburia hominis,0.1574213936758808,0.013563792476522363,41
All,LASSO,FengQ_2015,0.751247327156094,PA_Phascolarctobacterium faecium,PA,Phascolarctobacterium faecium,0.15722603384405032,-0.07920724604059988,42
All,LASSO,FengQ_2015,0.751247327156094,rCLR_Erysipelatoclostridium ramosum,rCLR,Erysipelatoclostridium ramosum,0.1538200875483212,-0.020080043981420954,43
All,LASSO,FengQ_2015,0.751247327156094,rCLR_Flavonifractor plautii,rCLR,Flavonifractor plautii,0.15204441927987397,-0.061494000791318566,44
All,LASSO,FengQ_2015,0.751247327156094,PA_Eubacterium sp. CAG:180,PA,Eubacterium sp. CAG:180,0.14928498884961072,0.021802551859896626,45
All,LASSO,FengQ_2015,0.751247327156094,rCLR_Alistipes finegoldii,rCLR,Alistipes finegoldii,0.14212440591750988,0.015574717413950927,46
All,LASSO,FengQ_2015,0.751247327156094,rCLR_Odoribacter splanchnicus,rCLR,Odoribacter splanchnicus,0.13807152317067012,-0.12842750017074905,47
All,LASSO,FengQ_2015,0.751247327156094,PA_Coprobacter fastidiosus,PA,Coprobacter fastidiosus,0.1374314078285547,0.031185901862734976,48
All,LASSO,FengQ_2015,0.751247327156094,rCLR_[Eubacterium] siraeum,rCLR,[Eubacterium] siraeum,0.13438627877878356,-0.05114971456061143,49
All,LASSO,FengQ_2015,0.751247327156094,PA_Roseburia intestinalis,PA,Roseburia intestinalis,0.13320513250808158,-0.04611472574207545,50
All,LASSO,FengQ_2015,0.751247327156094,PA_Eggerthella lenta,PA,Eggerthella lenta,0.13266241117620797,-0.04905064979030786,51
All,LASSO,FengQ_2015,0.751247327156094,PA_Methanobrevibacter smithii,PA,Methanobrevibacter smithii,0.1323541628292363,0.04825597672247961,52
All,LASSO,FengQ_2015,0.751247327156094,rCLR_Gemmiger formicilis,rCLR,Gemmiger formicilis,0.13072158288492283,-0.08656060419667587,53
All,LASSO,FengQ_2015,0.751247327156094,PA_Bacteroides thetaiotaomicron,PA,Bacteroides thetaiotaomicron,0.1249990221790249,0.0533286752807884,54
All,LASSO,FengQ_2015,0.751247327156094,PA_Clostridium sp. CAG:58,PA,Clostridium sp. CAG:58,0.12135517990403681,0.017723500692961653,55
All,LASSO,FengQ_2015,0.751247327156094,PA_Bacteroides caccae,PA,Bacteroides caccae,0.12036687584148632,-0.02768438144354183,56
All,LASSO,FengQ_2015,0.751247327156094,PA_Phocaeicola coprocola,PA,Phocaeicola coprocola,0.12009027929182493,-0.009318865010932275,57
All,LASSO,FengQ_2015,0.751247327156094,PA_Erysipelatoclostridium ramosum,PA,Erysipelatoclostridium ramosum,0.11888861640477594,-0.03777076966762208,58
All,LASSO,FengQ_2015,0.751247327156094,rCLR_Parabacteroides merdae,rCLR,Parabacteroides merdae,0.11882454075762104,0.08076979708776683,59
All,LASSO,FengQ_2015,0.751247327156094,rCLR_Bacteroides stercoris,rCLR,Bacteroides stercoris,0.11683498249669166,0.09604918026508574,60
All,LASSO,FengQ_2015,0.751247327156094,rCLR_Alistipes inops,rCLR,Alistipes inops,0.11663122169193418,-0.01515869082325586,61
All,LASSO,FengQ_2015,0.751247327156094,rCLR_Akkermansia muciniphila,rCLR,Akkermansia muciniphila,0.10908418939240659,0.026963220722984734,62
All,LASSO,FengQ_2015,0.751247327156094,PA_Collinsella aerofaciens,PA,Collinsella aerofaciens,0.10688916222183019,0.08049808498510665,63
All,LASSO,FengQ_2015,0.751247327156094,PA_Lachnospira pectinoschiza,PA,Lachnospira pectinoschiza,0.10509031119528839,0.011328273008369404,64
All,LASSO,FengQ_2015,0.751247327156094,rCLR_Eubacterium sp. CAG:38,rCLR,Eubacterium sp. CAG:38,0.10341087825812743,0.09648938630566375,65
All,LASSO,FengQ_2015,0.751247327156094,PA_Flavonifractor plautii,PA,Flavonifractor plautii,0.09923312559072911,-0.0419438984455659,66
All,LASSO,FengQ_2015,0.751247327156094,PA_Alistipes inops,PA,Alistipes inops,0.09891795950078364,0.01591732293177112,67
All,LASSO,FengQ_2015,0.751247327156094,rCLR_Lachnospira pectinoschiza,rCLR,Lachnospira pectinoschiza,0.09722263313919878,0.07368247893923249,68
All,LASSO,FengQ_2015,0.751247327156094,PA_Akkermansia muciniphila,PA,Akkermansia muciniphila,0.09592492259270266,0.047545396415513475,69
All,LASSO,FengQ_2015,0.751247327156094,rCLR_Slackia isoflavoniconvertens,rCLR,Slackia isoflavoniconvertens,0.09537281855552925,-0.022134217582327143,70
All,LASSO,FengQ_2015,0.751247327156094,rCLR_Proteobacteria bacterium CAG:139,rCLR,Proteobacteria bacterium CAG:139,0.0945761453292181,-0.030776673292646214,71
All,LASSO,FengQ_2015,0.751247327156094,rCLR_Streptococcus parasanguinis,rCLR,Streptococcus parasanguinis,0.09406806277613182,0.019987622638449543,72
All,LASSO,FengQ_2015,0.751247327156094,PA_[Eubacterium] rectale,PA,[Eubacterium] rectale,0.09151894212659319,0.046807397881539994,73
All,LASSO,FengQ_2015,0.751247327156094,PA_Eubacterium sp. CAG:251,PA,Eubacterium sp. CAG:251,0.0911118054826105,-0.03945423679725783,74
All,LASSO,FengQ_2015,0.751247327156094,PA_Butyricimonas virosa,PA,Butyricimonas virosa,0.09098104379913043,-0.03580287890311613,75
All,LASSO,FengQ_2015,0.751247327156094,PA_Coprococcus comes,PA,Coprococcus comes,0.08862609457669138,0.037982611961439205,76
All,LASSO,FengQ_2015,0.751247327156094,PA_Veillonella atypica,PA,Veillonella atypica,0.08842175616658361,-0.015591528602154986,77
All,LASSO,FengQ_2015,0.751247327156094,rCLR_Bacteroides finegoldii,rCLR,Bacteroides finegoldii,0.08671095344614624,-0.07412060248095594,78
All,LASSO,FengQ_2015,0.751247327156094,rCLR_Methanobrevibacter smithii,rCLR,Methanobrevibacter smithii,0.0865823746162017,0.027280502327371635,79
All,LASSO,FengQ_2015,0.751247327156094,rCLR_Bacteroides caccae,rCLR,Bacteroides caccae,0.08628407271063655,-0.060371969665107605,80
All,LASSO,FengQ_2015,0.751247327156094,PA_Bacteroides salyersiae,PA,Bacteroides salyersiae,0.08522796938046157,-0.037658870191366746,81
All,LASSO,FengQ_2015,0.751247327156094,rCLR_Roseburia intestinalis,rCLR,Roseburia intestinalis,0.0847141697847955,-0.00019419186650983944,82
All,LASSO,FengQ_2015,0.751247327156094,rCLR_Coprococcus catus,rCLR,Coprococcus catus,0.08323251922370001,0.04677106803800976,83
All,LASSO,FengQ_2015,0.751247327156094,PA_Firmicutes bacterium CAG:145,PA,Firmicutes bacterium CAG:145,0.08287425985503069,0.03297147972727025,84
All,LASSO,FengQ_2015,0.751247327156094,rCLR_Bacteroides intestinalis,rCLR,Bacteroides intestinalis,0.08161041701732032,0.00924351478586428,85
All,LASSO,FengQ_2015,0.751247327156094,PA_Bacteroides xylanisolvens,PA,Bacteroides xylanisolvens,0.08127331364599974,-0.00018100960722938842,86
All,LASSO,FengQ_2015,0.751247327156094,rCLR_Coprococcus eutactus,rCLR,Coprococcus eutactus,0.08032137691896143,-0.010086227233632396,87
All,LASSO,FengQ_2015,0.751247327156094,PA_Odoribacter splanchnicus,PA,Odoribacter splanchnicus,0.07870225092054409,-0.00704370895460639,88
All,LASSO,FengQ_2015,0.751247327156094,PA_Gordonibacter pamelaeae,PA,Gordonibacter pamelaeae,0.07790817296559123,0.0671484764434891,89
All,LASSO,FengQ_2015,0.751247327156094,PA_Roseburia faecis,PA,Roseburia faecis,0.07541317622644458,-0.03861639855027055,90
All,LASSO,FengQ_2015,0.751247327156094,PA_Eubacterium sp. CAG:38,PA,Eubacterium sp. CAG:38,0.07508212141834339,0.006183233528569485,91
All,LASSO,FengQ_2015,0.751247327156094,PA_Anaerotignum lactatifermentans,PA,Anaerotignum lactatifermentans,0.0737877228101668,-0.006002452389651991,92
All,LASSO,FengQ_2015,0.751247327156094,rCLR_Klebsiella variicola,rCLR,Klebsiella variicola,0.07181729884536556,-0.01702806320926086,93
All,LASSO,FengQ_2015,0.751247327156094,rCLR_Bacteroides xylanisolvens,rCLR,Bacteroides xylanisolvens,0.07164242907764644,0.022221235308803714,94
All,LASSO,FengQ_2015,0.751247327156094,rCLR_Klebsiella quasipneumoniae,rCLR,Klebsiella quasipneumoniae,0.07131397319977331,0.00560204574130422,95
All,LASSO,FengQ_2015,0.751247327156094,rCLR_Faecalibacterium prausnitzii,rCLR,Faecalibacterium prausnitzii,0.0712768094045215,0.005563882927787136,96
All,LASSO,FengQ_2015,0.751247327156094,rCLR_Bifidobacterium pseudocatenulatum,rCLR,Bifidobacterium pseudocatenulatum,0.07079373015837942,-0.0044143886678112264,97
All,LASSO,FengQ_2015,0.751247327156094,PA_Lawsonibacter asaccharolyticus,PA,Lawsonibacter asaccharolyticus,0.0701717333496154,0.021069466739756654,98
All,LASSO,FengQ_2015,0.751247327156094,rCLR_Ruminococcus bicirculans,rCLR,Ruminococcus bicirculans,0.07003880660578685,-0.017079331463228126,99
All,LASSO,FengQ_2015,0.751247327156094,PA_Dorea formicigenerans,PA,Dorea formicigenerans,0.06834765733660779,0.017646647702618343,100
All,LASSO,FengQ_2015,0.751247327156094,PA_Firmicutes bacterium CAG:83,PA,Firmicutes bacterium CAG:83,0.06805946504099328,-0.016806860560245277,101
All,LASSO,FengQ_2015,0.751247327156094,rCLR_Dorea longicatena,rCLR,Dorea longicatena,0.06611278633870643,0.04140648261640135,102
All,LASSO,FengQ_2015,0.751247327156094,rCLR_Firmicutes bacterium CAG:110,rCLR,Firmicutes bacterium CAG:110,0.06303358925098171,0.005666677103377218,103
All,LASSO,FengQ_2015,0.751247327156094,PA_Roseburia inulinivorans,PA,Roseburia inulinivorans,0.06194390248522376,-0.021643050265921573,104
All,LASSO,FengQ_2015,0.751247327156094,PA_Phocaeicola vulgatus,PA,Phocaeicola vulgatus,0.06079098656300959,-0.0359057873851694,105
All,LASSO,FengQ_2015,0.751247327156094,PA_Paraprevotella xylaniphila,PA,Paraprevotella xylaniphila,0.06043783508848971,-0.005748512518447339,106
All,LASSO,FengQ_2015,0.751247327156094,PA_Bacteroides uniformis,PA,Bacteroides uniformis,0.05959714201155052,0.026604875138427523,107
All,LASSO,FengQ_2015,0.751247327156094,PA_Bacteroides fragilis,PA,Bacteroides fragilis,0.058381792385198854,-0.008212387046902263,108
All,LASSO,FengQ_2015,0.751247327156094,rCLR_Roseburia faecis,rCLR,Roseburia faecis,0.05830193894861835,-0.005607485319680394,109
All,LASSO,FengQ_2015,0.751247327156094,PA_Roseburia hominis,PA,Roseburia hominis,0.05780624723305946,-0.004229725407297016,110
All,LASSO,FengQ_2015,0.751247327156094,PA_Dorea longicatena,PA,Dorea longicatena,0.05747137020806597,-0.0249524185095949,111
All,LASSO,FengQ_2015,0.751247327156094,PA_Bacteroides ovatus,PA,Bacteroides ovatus,0.05736495251419456,0.00502950129687634,112
All,LASSO,FengQ_2015,0.751247327156094,PA_Intestinibacter bartlettii,PA,Intestinibacter bartlettii,0.05654592529701328,0.03241504548675136,113
All,LASSO,FengQ_2015,0.751247327156094,rCLR_Eubacterium ramulus,rCLR,Eubacterium ramulus,0.05604342314085062,0.02326741109819555,114
All,LASSO,FengQ_2015,0.751247327156094,rCLR_Agathobaculum butyriciproducens,rCLR,Agathobaculum butyriciproducens,0.055898701856454736,-0.03956031777939469,115
All,LASSO,FengQ_2015,0.751247327156094,rCLR_Bifidobacterium bifidum,rCLR,Bifidobacterium bifidum,0.055245092722583,-0.0027719842305878365,116
All,LASSO,FengQ_2015,0.751247327156094,rCLR_Phocaeicola plebeius,rCLR,Phocaeicola plebeius,0.05405421040735453,0.04550746236724954,117
All,LASSO,FengQ_2015,0.751247327156094,rCLR_Eubacterium sp. CAG:274,rCLR,Eubacterium sp. CAG:274,0.052702241041540504,-0.01693012408518568,118
All,LASSO,FengQ_2015,0.751247327156094,rCLR_Bacteroides cellulosilyticus,rCLR,Bacteroides cellulosilyticus,0.05097858629729524,-0.011711094059558445,119
All,LASSO,FengQ_2015,0.751247327156094,PA_Coprococcus eutactus,PA,Coprococcus eutactus,0.05096115413237341,-0.01730308954261981,120
All,LASSO,FengQ_2015,0.751247327156094,rCLR_Collinsella aerofaciens,rCLR,Collinsella aerofaciens,0.050206222793343074,0.01962328700552391,121
All,LASSO,FengQ_2015,0.751247327156094,PA_Bacteroides eggerthii,PA,Bacteroides eggerthii,0.049630013475120756,-0.0054706370364830375,122
All,LASSO,FengQ_2015,0.751247327156094,rCLR_Phocaeicola vulgatus,rCLR,Phocaeicola vulgatus,0.04938545494434554,-0.0337301068723095,123
All,LASSO,FengQ_2015,0.751247327156094,rCLR_Oscillibacter sp. CAG:241,rCLR,Oscillibacter sp. CAG:241,0.04849534931283778,-0.00960136046584584,124
All,LASSO,FengQ_2015,0.751247327156094,PA_Megamonas funiformis,PA,Megamonas funiformis,0.04829866584893242,-0.009363842949419474,125
All,LASSO,FengQ_2015,0.751247327156094,PA_Blautia wexlerae,PA,Blautia wexlerae,0.04582598953060379,0.033587390676218985,126
All,LASSO,FengQ_2015,0.751247327156094,PA_Klebsiella quasipneumoniae,PA,Klebsiella quasipneumoniae,0.045703374286671726,-0.012911876664878977,127
All,LASSO,FengQ_2015,0.751247327156094,PA_Parabacteroides distasonis,PA,Parabacteroides distasonis,0.04504738066107428,-0.011502826160245788,128
All,LASSO,FengQ_2015,0.751247327156094,PA_Ruminococcus bromii,PA,Ruminococcus bromii,0.04501092596065519,-0.0390791756106917,129
All,LASSO,FengQ_2015,0.751247327156094,rCLR_[Ruminococcus] gnavus,rCLR,[Ruminococcus] gnavus,0.043936900916095895,0.007754973803971456,130
All,LASSO,FengQ_2015,0.751247327156094,rCLR_Escherichia coli,rCLR,Escherichia coli,0.0424596281936179,-0.01884376211573341,131
All,LASSO,FengQ_2015,0.751247327156094,rCLR_Clostridium sp. CAG:58,rCLR,Clostridium sp. CAG:58,0.0422934957770878,-0.014652600658296582,132
All,LASSO,FengQ_2015,0.751247327156094,PA_Phocaeicola massiliensis,PA,Phocaeicola massiliensis,0.04161058218678198,0.0012068643004993593,133
All,LASSO,FengQ_2015,0.751247327156094,rCLR_Bifidobacterium longum,rCLR,Bifidobacterium longum,0.03898755557733753,0.026830718385839513,134
All,LASSO,FengQ_2015,0.751247327156094,rCLR_Anaerotignum lactatifermentans,rCLR,Anaerotignum lactatifermentans,0.03763229651006433,-3.9401035739252884e-05,135
All,LASSO,FengQ_2015,0.751247327156094,rCLR_Klebsiella pneumoniae,rCLR,Klebsiella pneumoniae,0.03620999411758213,0.004173674381246998,136
All,LASSO,FengQ_2015,0.751247327156094,PA_Ruminococcus bicirculans,PA,Ruminococcus bicirculans,0.035666990597102675,-0.014777992830156393,137
All,LASSO,FengQ_2015,0.751247327156094,PA_Bacteroides stercoris,PA,Bacteroides stercoris,0.0354972061503943,-0.003592669030393279,138
All,LASSO,FengQ_2015,0.751247327156094,rCLR_Blautia obeum,rCLR,Blautia obeum,0.03537784560455866,-0.026049506835952644,139
All,LASSO,FengQ_2015,0.751247327156094,rCLR_Roseburia inulinivorans,rCLR,Roseburia inulinivorans,0.03467875391379933,0.019350632138201075,140
All,LASSO,FengQ_2015,0.751247327156094,PA_Adlercreutzia equolifaciens_1,PA,Adlercreutzia equolifaciens_1,0.034381652403249814,-0.028065120394293097,141
All,LASSO,FengQ_2015,0.751247327156094,PA_Bifidobacterium bifidum,PA,Bifidobacterium bifidum,0.03315783987259065,-0.008153567181784586,142
All,LASSO,FengQ_2015,0.751247327156094,rCLR_Phascolarctobacterium succinatutens,rCLR,Phascolarctobacterium succinatutens,0.03279607146155143,-0.018233969889989456,143
All,LASSO,FengQ_2015,0.751247327156094,rCLR_Bacteroides uniformis,rCLR,Bacteroides uniformis,0.03213686438365865,0.024882118547141684,144
All,LASSO,FengQ_2015,0.751247327156094,rCLR_[Ruminococcus] lactaris,rCLR,[Ruminococcus] lactaris,0.03210960195566447,-0.0008856017774132835,145
All,LASSO,FengQ_2015,0.751247327156094,PA_Ruthenibacterium lactatiformans,PA,Ruthenibacterium lactatiformans,0.03140696930269862,0.013696455241997927,146
All,LASSO,FengQ_2015,0.751247327156094,rCLR_Bacteroides fragilis,rCLR,Bacteroides fragilis,0.03126054982241491,0.021617557919225313,147
All,LASSO,FengQ_2015,0.751247327156094,rCLR_Phocaeicola coprocola,rCLR,Phocaeicola coprocola,0.030750473170439684,0.023955478268553064,148
All,LASSO,FengQ_2015,0.751247327156094,rCLR_Parasutterella excrementihominis,rCLR,Parasutterella excrementihominis,0.028746010770397436,-0.008360703069322094,149
All,LASSO,FengQ_2015,0.751247327156094,PA_Enterocloster bolteae,PA,Enterocloster bolteae,0.02830687698291028,0.012974195712595275,150
All,LASSO,FengQ_2015,0.751247327156094,PA_Alistipes shahii,PA,Alistipes shahii,0.02814073999214357,-0.003821736415914571,151
All,LASSO,FengQ_2015,0.751247327156094,rCLR_Firmicutes bacterium CAG:83,rCLR,Firmicutes bacterium CAG:83,0.027634445175046415,-0.0006451653525751435,152
All,LASSO,FengQ_2015,0.751247327156094,rCLR_Bifidobacterium adolescentis,rCLR,Bifidobacterium adolescentis,0.0263470923504208,-0.007662029653455206,153
All,LASSO,FengQ_2015,0.751247327156094,PA_Agathobaculum butyriciproducens,PA,Agathobaculum butyriciproducens,0.02573600983317767,-0.0009531855493769407,154
All,LASSO,FengQ_2015,0.751247327156094,rCLR_Acidaminococcus intestini,rCLR,Acidaminococcus intestini,0.025503852080970096,-0.008162686430903067,155
All,LASSO,FengQ_2015,0.751247327156094,PA_Alistipes putredinis,PA,Alistipes putredinis,0.025331461541189943,-0.007701151787856985,156
All,LASSO,FengQ_2015,0.751247327156094,rCLR_Blautia sp. CAG:257,rCLR,Blautia sp. CAG:257,0.02520331272513998,0.002581351060345934,157
All,LASSO,FengQ_2015,0.751247327156094,PA_Eubacterium ramulus,PA,Eubacterium ramulus,0.025128377315257158,0.0074316488925074,158
All,LASSO,FengQ_2015,0.751247327156094,PA_Bacteroides sp. CAG:144,PA,Bacteroides sp. CAG:144,0.024730562969669027,-0.011650908462780357,159
All,LASSO,FengQ_2015,0.751247327156094,rCLR_Alistipes putredinis,rCLR,Alistipes putredinis,0.02341627958159911,-0.007155547461491235,160
All,LASSO,FengQ_2015,0.751247327156094,rCLR_Barnesiella intestinihominis,rCLR,Barnesiella intestinihominis,0.0229951438406414,0.009169798127817014,161
All,LASSO,FengQ_2015,0.751247327156094,PA_Desulfovibrio piger,PA,Desulfovibrio piger,0.022481028549778955,0.007966578078319731,162
All,LASSO,FengQ_2015,0.751247327156094,rCLR_Bacteroides sp. CAG:144,rCLR,Bacteroides sp. CAG:144,0.022301956606321945,0.022008176487800294,163
All,LASSO,FengQ_2015,0.751247327156094,rCLR_Firmicutes bacterium CAG:145,rCLR,Firmicutes bacterium CAG:145,0.020708742387897553,0.001957272267183869,164
All,LASSO,FengQ_2015,0.751247327156094,PA_Slackia isoflavoniconvertens,PA,Slackia isoflavoniconvertens,0.020701237350335872,-0.014134183655027338,165
All,LASSO,FengQ_2015,0.751247327156094,rCLR_Phocaeicola massiliensis,rCLR,Phocaeicola massiliensis,0.019434436335644265,-0.015050174166379467,166
All,LASSO,FengQ_2015,0.751247327156094,PA_Dialister invisus,PA,Dialister invisus,0.016926816929799707,-0.004797440092403123,167
All,LASSO,FengQ_2015,0.751247327156094,PA_Escherichia coli,PA,Escherichia coli,0.016818932304346647,-0.0047048649078606,168
All,LASSO,FengQ_2015,0.751247327156094,PA_Adlercreutzia equolifaciens,PA,Adlercreutzia equolifaciens,0.016691132696056744,-0.014313922575908574,169
All,LASSO,FengQ_2015,0.751247327156094,rCLR_Bacteroides eggerthii,rCLR,Bacteroides eggerthii,0.016310825130324332,0.002031299654835258,170
All,LASSO,FengQ_2015,0.751247327156094,rCLR_Parabacteroides distasonis,rCLR,Parabacteroides distasonis,0.0158027453965792,-0.01236470367935123,171
All,LASSO,FengQ_2015,0.751247327156094,PA_Eubacterium sp. CAG:274,PA,Eubacterium sp. CAG:274,0.015298780009526104,0.005485268381954419,172
All,LASSO,FengQ_2015,0.751247327156094,PA_Bifidobacterium adolescentis,PA,Bifidobacterium adolescentis,0.014937191788012616,0.009617890034661283,173
All,LASSO,FengQ_2015,0.751247327156094,rCLR_Phascolarctobacterium faecium,rCLR,Phascolarctobacterium faecium,0.014341851194818464,-0.008047494498167131,174
All,LASSO,FengQ_2015,0.751247327156094,PA_Blautia obeum,PA,Blautia obeum,0.013945528522498732,0.0038907587413867864,175
All,LASSO,FengQ_2015,0.751247327156094,rCLR_Bacteroides salyersiae,rCLR,Bacteroides salyersiae,0.013559485621988254,0.0056897929478029645,176
All,LASSO,FengQ_2015,0.751247327156094,rCLR_Intestinibacter bartlettii,rCLR,Intestinibacter bartlettii,0.011667756893519891,-0.003117364709888777,177
All,LASSO,FengQ_2015,0.751247327156094,rCLR_Lachnospira eligens,rCLR,Lachnospira eligens,0.011587003208914492,0.006267738206445657,178
All,LASSO,FengQ_2015,0.751247327156094,PA_Anaerobutyricum hallii,PA,Anaerobutyricum hallii,0.010472827350213359,-0.008278763642251484,179
All,LASSO,FengQ_2015,0.751247327156094,PA_Phocaeicola dorei,PA,Phocaeicola dorei,0.01008961847746605,0.004471842376819563,180
All,LASSO,FengQ_2015,0.751247327156094,PA_Bacteroides cellulosilyticus,PA,Bacteroides cellulosilyticus,0.00957464542823195,0.001884969308556747,181
All,LASSO,FengQ_2015,0.751247327156094,rCLR_Eubacterium sp. CAG:251,rCLR,Eubacterium sp. CAG:251,0.009037539822293973,0.0034578833644826217,182
All,LASSO,FengQ_2015,0.751247327156094,PA_Anaerostipes hadrus,PA,Anaerostipes hadrus,0.008780863819793474,0.0072515650492648515,183
All,LASSO,FengQ_2015,0.751247327156094,rCLR_[Eubacterium] rectale,rCLR,[Eubacterium] rectale,0.007270469964345095,-0.0002460889177781442,184
All,LASSO,FengQ_2015,0.751247327156094,rCLR_Megamonas funiformis,rCLR,Megamonas funiformis,0.00636542952764216,0.004050209237724366,185
All,LASSO,FengQ_2015,0.751247327156094,PA_Eubacterium ventriosum,PA,Eubacterium ventriosum,0.0061346856841438405,6.489089820493966e-05,186
All,LASSO,FengQ_2015,0.751247327156094,rCLR_Alistipes shahii,rCLR,Alistipes shahii,0.006128368365875203,0.00370550906401249,187
All,LASSO,FengQ_2015,0.751247327156094,rCLR_Oscillibacter sp. 57_20,rCLR,Oscillibacter sp. 57_20,0.006053174647402113,0.0035664181173320365,188
All,LASSO,FengQ_2015,0.751247327156094,rCLR_Desulfovibrio piger,rCLR,Desulfovibrio piger,0.00568541171710908,0.004715209827852801,189
All,LASSO,FengQ_2015,0.751247327156094,PA_Phascolarctobacterium succinatutens,PA,Phascolarctobacterium succinatutens,0.0055122489394761566,0.0007760928109731774,190
All,LASSO,FengQ_2015,0.751247327156094,rCLR_Fusicatenibacter saccharivorans,rCLR,Fusicatenibacter saccharivorans,0.005111757537861878,-0.003271725025774004,191
All,LASSO,FengQ_2015,0.751247327156094,PA_[Ruminococcus] lactaris,PA,[Ruminococcus] lactaris,0.004853153453201272,0.0026475543627465705,192
All,LASSO,FengQ_2015,0.751247327156094,PA_[Ruminococcus] torques,PA,[Ruminococcus] torques,0.00245324745609897,-0.0013775975521159842,193
All,LASSO,FengQ_2015,0.751247327156094,PA_Oscillibacter sp. CAG:241,PA,Oscillibacter sp. CAG:241,0.0013994152098851273,-0.00033104149440063726,194
All,LASSO,FengQ_2015,0.751247327156094,PA_Acidaminococcus intestini,PA,Acidaminococcus intestini,0.0012222019243558868,0.00021985610046631362,195
All,LASSO,FengQ_2015,0.751247327156094,PA_Bifidobacterium longum,PA,Bifidobacterium longum,0.0010296424113128034,0.0004755444442732637,196
All,LASSO,FengQ_2015,0.751247327156094,rCLR_Phocaeicola dorei,rCLR,Phocaeicola dorei,0.00034240188606578047,-0.00019922232702420292,197
All,LASSO,FengQ_2015,0.751247327156094,PA_Faecalibacterium prausnitzii,PA,Faecalibacterium prausnitzii,0.00018885405959699421,-6.94495574001851e-05,198
All,LASSO,FengQ_2015,0.751247327156094,rCLR_Enterocloster bolteae,rCLR,Enterocloster bolteae,0.00013929421900393097,-2.1023084474221948e-05,199
All,LASSO,FengQ_2015,0.751247327156094,PA_Fusicatenibacter saccharivorans,PA,Fusicatenibacter saccharivorans,0.0,0.0,200
All,LASSO,FengQ_2015,0.751247327156094,PA_Proteobacteria bacterium CAG:139,PA,Proteobacteria bacterium CAG:139,0.0,0.0,201
All,LASSO,FengQ_2015,0.751247327156094,PA_Barnesiella intestinihominis,PA,Barnesiella intestinihominis,0.0,0.0,202
All,LASSO,FengQ_2015,0.751247327156094,PA_[Ruminococcus] gnavus,PA,[Ruminococcus] gnavus,0.0,0.0,203
All,LASSO,FengQ_2015,0.751247327156094,PA_Alistipes finegoldii,PA,Alistipes finegoldii,0.0,0.0,204
All,LASSO,FengQ_2015,0.751247327156094,PA_Holdemanella biformis,PA,Holdemanella biformis,0.0,0.0,205
All,LASSO,FengQ_2015,0.751247327156094,PA_Bacteroides finegoldii,PA,Bacteroides finegoldii,0.0,0.0,206
All,LASSO,FengQ_2015,0.751247327156094,rCLR_Holdemanella biformis,rCLR,Holdemanella biformis,0.0,0.0,207
All,LASSO,FengQ_2015,0.751247327156094,rCLR_Blautia wexlerae,rCLR,Blautia wexlerae,0.0,0.0,208
All,LASSO,FengQ_2015,0.751247327156094,rCLR_Veillonella atypica,rCLR,Veillonella atypica,0.0,0.0,209
All,LASSO,FengQ_2015,0.751247327156094,rCLR_Bacteroides ovatus,rCLR,Bacteroides ovatus,0.0,0.0,210
All,LASSO,FengQ_2015,0.751247327156094,rCLR_Gordonibacter pamelaeae,rCLR,Gordonibacter pamelaeae,0.0,0.0,211
All,LASSO,FengQ_2015,0.751247327156094,rCLR_Eubacterium sp. CAG:180,rCLR,Eubacterium sp. CAG:180,0.0,0.0,212
All,LASSO,FengQ_2015,0.751247327156094,rCLR_Adlercreutzia equolifaciens_1,rCLR,Adlercreutzia equolifaciens_1,0.0,0.0,213
All,LASSO,FengQ_2015,0.751247327156094,rCLR_Coprobacter fastidiosus,rCLR,Coprobacter fastidiosus,0.0,0.0,214
All,LASSO,FengQ_2015,0.751247327156094,rCLR_Lawsonibacter asaccharolyticus,rCLR,Lawsonibacter asaccharolyticus,0.0,0.0,215
All,LASSO,FengQ_2015,0.751247327156094,rCLR_Prevotella copri,rCLR,Prevotella copri,0.0,0.0,216
All,LASSO,HanniganGD_2017,0.544973544973545,PA_Streptococcus salivarius,PA,Streptococcus salivarius,0.6440892017691504,0.3547782882538531,1
All,LASSO,HanniganGD_2017,0.544973544973545,PA_Flavonifractor plautii,PA,Flavonifractor plautii,0.6320336510047557,-0.5827442679857008,2
All,LASSO,HanniganGD_2017,0.544973544973545,PA_Parvimonas micra,PA,Parvimonas micra,0.6174232304809009,-0.6174232304809009,3
All,LASSO,HanniganGD_2017,0.544973544973545,PA_Veillonella parvula,PA,Veillonella parvula,0.4366217978793441,-0.37983528940385697,4
All,LASSO,HanniganGD_2017,0.544973544973545,PA_Streptococcus parasanguinis,PA,Streptococcus parasanguinis,0.4073214859362226,-0.18123114572492713,5
All,LASSO,HanniganGD_2017,0.544973544973545,PA_Blautia sp. CAG:257,PA,Blautia sp. CAG:257,0.3960368597828214,-0.03147908423709024,6
All,LASSO,HanniganGD_2017,0.544973544973545,rCLR_Streptococcus salivarius,rCLR,Streptococcus salivarius,0.3407215554276075,-0.09824660068563325,7
All,LASSO,HanniganGD_2017,0.544973544973545,PA_Lachnospira eligens,PA,Lachnospira eligens,0.2616781186326782,0.21044044505425175,8
All,LASSO,HanniganGD_2017,0.544973544973545,rCLR_Dorea formicigenerans,rCLR,Dorea formicigenerans,0.26113028821179474,-0.17391464501576048,9
All,LASSO,HanniganGD_2017,0.544973544973545,PA_[Eubacterium] siraeum,PA,[Eubacterium] siraeum,0.24522403340320487,-0.14289048701442852,10
All,LASSO,HanniganGD_2017,0.544973544973545,Age,covariate,Age,0.24257713392174604,-0.13961487847039888,11
All,LASSO,HanniganGD_2017,0.544973544973545,PA_Klebsiella variicola,PA,Klebsiella variicola,0.23517479510407593,0.13180582073352898,12
All,LASSO,HanniganGD_2017,0.544973544973545,PA_Parabacteroides merdae,PA,Parabacteroides merdae,0.22816623386657187,-0.1661813073951368,13
All,LASSO,HanniganGD_2017,0.544973544973545,PA_Firmicutes bacterium CAG:110,PA,Firmicutes bacterium CAG:110,0.22623241756649395,0.14693445676999098,14
All,LASSO,HanniganGD_2017,0.544973544973545,PA_Klebsiella pneumoniae,PA,Klebsiella pneumoniae,0.2185834183152204,-0.13160781731021123,15
All,LASSO,HanniganGD_2017,0.544973544973545,rCLR_Anaerostipes hadrus,rCLR,Anaerostipes hadrus,0.21204846240503467,-0.16109907435468832,16
All,LASSO,HanniganGD_2017,0.544973544973545,PA_Veillonella atypica,PA,Veillonella atypica,0.20755602327034087,-0.20755602327034087,17
All,LASSO,HanniganGD_2017,0.544973544973545,rCLR_Bacteroides uniformis,rCLR,Bacteroides uniformis,0.1977580479396605,0.19503256423407386,18
All,LASSO,HanniganGD_2017,0.544973544973545,PA_Roseburia faecis,PA,Roseburia faecis,0.19768307465502627,0.06895921208896269,19
All,LASSO,HanniganGD_2017,0.544973544973545,rCLR_Veillonella parvula,rCLR,Veillonella parvula,0.19765613308989688,0.1550750462883443,20
All,LASSO,HanniganGD_2017,0.544973544973545,PA_Roseburia inulinivorans,PA,Roseburia inulinivorans,0.18683539161750784,0.11491990073054326,21
All,LASSO,HanniganGD_2017,0.544973544973545,rCLR_[Ruminococcus] torques,rCLR,[Ruminococcus] torques,0.18490364964085104,0.05742182564419036,22
All,LASSO,HanniganGD_2017,0.544973544973545,PA_Streptococcus thermophilus,PA,Streptococcus thermophilus,0.18189542321201557,0.011767726085805078,23
All,LASSO,HanniganGD_2017,0.544973544973545,PA_Phocaeicola plebeius,PA,Phocaeicola plebeius,0.18135099886707268,-0.13523729744366061,24
All,LASSO,HanniganGD_2017,0.544973544973545,rCLR_Parvimonas micra,rCLR,Parvimonas micra,0.18092682634415452,0.18092682634415452,25
All,LASSO,HanniganGD_2017,0.544973544973545,PA_Roseburia intestinalis,PA,Roseburia intestinalis,0.17990567211010774,0.0641159946475684,26
All,LASSO,HanniganGD_2017,0.544973544973545,rCLR_Faecalibacterium prausnitzii,rCLR,Faecalibacterium prausnitzii,0.17659204315153607,0.14442531336060244,27
All,LASSO,HanniganGD_2017,0.544973544973545,rCLR_Coprococcus comes,rCLR,Coprococcus comes,0.1702981858489249,-0.012771423440844755,28
All,LASSO,HanniganGD_2017,0.544973544973545,PA_Parabacteroides distasonis,PA,Parabacteroides distasonis,0.168641864149269,-0.1586235355859461,29
All,LASSO,HanniganGD_2017,0.544973544973545,PA_Eggerthella lenta,PA,Eggerthella lenta,0.16649761305622746,0.026854453718746313,30
All,LASSO,HanniganGD_2017,0.544973544973545,rCLR_Streptococcus thermophilus,rCLR,Streptococcus thermophilus,0.16567296683215801,-0.08211770198834487,31
All,LASSO,HanniganGD_2017,0.544973544973545,PA_Bacteroides intestinalis,PA,Bacteroides intestinalis,0.16486684970714388,0.051775404459900524,32
All,LASSO,HanniganGD_2017,0.544973544973545,PA_Gemmiger formicilis,PA,Gemmiger formicilis,0.1604596704451348,0.012754175167857018,33
All,LASSO,HanniganGD_2017,0.544973544973545,PA_Odoribacter splanchnicus,PA,Odoribacter splanchnicus,0.160266900671541,-0.14688708682237434,34
All,LASSO,HanniganGD_2017,0.544973544973545,PA_Coprococcus catus,PA,Coprococcus catus,0.15272756796026712,-0.051593501026549395,35
All,LASSO,HanniganGD_2017,0.544973544973545,PA_Eubacterium sp. CAG:180,PA,Eubacterium sp. CAG:180,0.1525574421567602,-0.09448799739815746,36
All,LASSO,HanniganGD_2017,0.544973544973545,PA_Collinsella aerofaciens,PA,Collinsella aerofaciens,0.15124786722347064,-0.05051724344731696,37
All,LASSO,HanniganGD_2017,0.544973544973545,PA_Methanobrevibacter smithii,PA,Methanobrevibacter smithii,0.1442230535011399,-0.003148974967273799,38
All,LASSO,HanniganGD_2017,0.544973544973545,PA_Bacteroides caccae,PA,Bacteroides caccae,0.14386033188284816,-0.07992240660158233,39
All,LASSO,HanniganGD_2017,0.544973544973545,PA_Butyricimonas virosa,PA,Butyricimonas virosa,0.14114215033623365,-0.14114215033623365,40
All,LASSO,HanniganGD_2017,0.544973544973545,PA_Eubacterium ramulus,PA,Eubacterium ramulus,0.1398410821874378,-0.03727427772080185,41
All,LASSO,HanniganGD_2017,0.544973544973545,rCLR_Roseburia hominis,rCLR,Roseburia hominis,0.13705142788495397,-0.08522466549010854,42
All,LASSO,HanniganGD_2017,0.544973544973545,rCLR_Butyricimonas virosa,rCLR,Butyricimonas virosa,0.133691991848922,0.133691991848922,43
All,LASSO,HanniganGD_2017,0.544973544973545,rCLR_Ruthenibacterium lactatiformans,rCLR,Ruthenibacterium lactatiformans,0.13051612380737806,0.04194367521601874,44
All,LASSO,HanniganGD_2017,0.544973544973545,rCLR_Eggerthella lenta,rCLR,Eggerthella lenta,0.12864948726278633,-0.08395892567472006,45
All,LASSO,HanniganGD_2017,0.544973544973545,PA_Oscillibacter sp. 57_20,PA,Oscillibacter sp. 57_20,0.12593758728271687,-0.08316633122443566,46
All,LASSO,HanniganGD_2017,0.544973544973545,PA_Parasutterella excrementihominis,PA,Parasutterella excrementihominis,0.12504330289067273,0.09469806620590694,47
All,LASSO,HanniganGD_2017,0.544973544973545,PA_Roseburia hominis,PA,Roseburia hominis,0.12231272405246803,0.02382715403619506,48
All,LASSO,HanniganGD_2017,0.544973544973545,rCLR_Anaerobutyricum hallii,rCLR,Anaerobutyricum hallii,0.1214347608655535,0.09825995188271125,49
All,LASSO,HanniganGD_2017,0.544973544973545,PA_Bacteroides thetaiotaomicron,PA,Bacteroides thetaiotaomicron,0.12008565015901358,0.10181910055736078,50
All,LASSO,HanniganGD_2017,0.544973544973545,rCLR_Dialister invisus,rCLR,Dialister invisus,0.11878367808458884,-0.012046293293562023,51
All,LASSO,HanniganGD_2017,0.544973544973545,PA_Anaerotignum lactatifermentans,PA,Anaerotignum lactatifermentans,0.11372382213521189,-0.029599350966698978,52
All,LASSO,HanniganGD_2017,0.544973544973545,PA_Bacteroides ovatus,PA,Bacteroides ovatus,0.11369366754015592,0.09209822230906488,53
All,LASSO,HanniganGD_2017,0.544973544973545,PA_Bacteroides fragilis,PA,Bacteroides fragilis,0.11276047413246924,-0.09145870078506232,54
All,LASSO,HanniganGD_2017,0.544973544973545,PA_Alistipes shahii,PA,Alistipes shahii,0.11106492555445144,-0.09679970575846684,55
All,LASSO,HanniganGD_2017,0.544973544973545,rCLR_Alistipes finegoldii,rCLR,Alistipes finegoldii,0.11076228139607742,0.04503350608885506,56
All,LASSO,HanniganGD_2017,0.544973544973545,rCLR_Eubacterium ventriosum,rCLR,Eubacterium ventriosum,0.10826370047023065,-0.014815955768567686,57
All,LASSO,HanniganGD_2017,0.544973544973545,PA_Lachnospira pectinoschiza,PA,Lachnospira pectinoschiza,0.10735566543351883,-0.0537014897607069,58
All,LASSO,HanniganGD_2017,0.544973544973545,PA_[Eubacterium] rectale,PA,[Eubacterium] rectale,0.10719344419923464,-0.0026059994537901443,59
All,LASSO,HanniganGD_2017,0.544973544973545,Gender,covariate,Gender,0.10647703434126306,-0.005745876434493172,60
All,LASSO,HanniganGD_2017,0.544973544973545,PA_Ruthenibacterium lactatiformans,PA,Ruthenibacterium lactatiformans,0.10388262111732897,-0.0632419150514677,61
All,LASSO,HanniganGD_2017,0.544973544973545,rCLR_Ruminococcus bromii,rCLR,Ruminococcus bromii,0.09957904163787983,0.0423163808088466,62
All,LASSO,HanniganGD_2017,0.544973544973545,PA_Adlercreutzia equolifaciens_1,PA,Adlercreutzia equolifaciens_1,0.0972189392548658,0.006153097421194003,63
All,LASSO,HanniganGD_2017,0.544973544973545,PA_Coprobacter fastidiosus,PA,Coprobacter fastidiosus,0.09641680230382625,0.09641680230382625,64
All,LASSO,HanniganGD_2017,0.544973544973545,rCLR_Adlercreutzia equolifaciens,rCLR,Adlercreutzia equolifaciens,0.09580245063440185,-0.03229635071230551,65
All,LASSO,HanniganGD_2017,0.544973544973545,rCLR_Phocaeicola vulgatus,rCLR,Phocaeicola vulgatus,0.09539093689389354,-0.09299014444228298,66
All,LASSO,HanniganGD_2017,0.544973544973545,rCLR_Anaerotignum lactatifermentans,rCLR,Anaerotignum lactatifermentans,0.09463449163526245,0.018939262739446582,67
All,LASSO,HanniganGD_2017,0.544973544973545,PA_Akkermansia muciniphila,PA,Akkermansia muciniphila,0.09216095830836629,-0.00980435726684749,68
All,LASSO,HanniganGD_2017,0.544973544973545,rCLR_Flavonifractor plautii,rCLR,Flavonifractor plautii,0.08781780662556825,-0.038187152822898286,69
All,LASSO,HanniganGD_2017,0.544973544973545,PA_Bifidobacterium pseudocatenulatum,PA,Bifidobacterium pseudocatenulatum,0.08743747539244985,0.01805262059269604,70
All,LASSO,HanniganGD_2017,0.544973544973545,PA_Clostridium sp. CAG:58,PA,Clostridium sp. CAG:58,0.08741302926151591,-0.06667095452149517,71
All,LASSO,HanniganGD_2017,0.544973544973545,rCLR_Blautia wexlerae,rCLR,Blautia wexlerae,0.08741280473059083,0.07524518438676236,72
All,LASSO,HanniganGD_2017,0.544973544973545,PA_Coprococcus comes,PA,Coprococcus comes,0.08586631304292236,0.003897951953958863,73
All,LASSO,HanniganGD_2017,0.544973544973545,PA_Blautia obeum,PA,Blautia obeum,0.08412962342259207,-0.024692590770786768,74
All,LASSO,HanniganGD_2017,0.544973544973545,PA_Bacteroides uniformis,PA,Bacteroides uniformis,0.0826406896307688,0.06870129619907285,75
All,LASSO,HanniganGD_2017,0.544973544973545,PA_Dorea longicatena,PA,Dorea longicatena,0.07838016070017506,0.021355419336571993,76
All,LASSO,HanniganGD_2017,0.544973544973545,PA_Phocaeicola vulgatus,PA,Phocaeicola vulgatus,0.07729073461627003,0.06419061010503781,77
All,LASSO,HanniganGD_2017,0.544973544973545,rCLR_Blautia sp. CAG:257,rCLR,Blautia sp. CAG:257,0.07684878147768542,-0.03188128438234808,78
All,LASSO,HanniganGD_2017,0.544973544973545,PA_Firmicutes bacterium CAG:83,PA,Firmicutes bacterium CAG:83,0.07617305503200768,0.04245919040885619,79
All,LASSO,HanniganGD_2017,0.544973544973545,rCLR_Akkermansia muciniphila,rCLR,Akkermansia muciniphila,0.0756131668946271,0.043091882517598754,80
All,LASSO,HanniganGD_2017,0.544973544973545,rCLR_Bacteroides stercoris,rCLR,Bacteroides stercoris,0.07521787895605117,0.06488035595052517,81
All,LASSO,HanniganGD_2017,0.544973544973545,rCLR_Bacteroides thetaiotaomicron,rCLR,Bacteroides thetaiotaomicron,0.07521020340530618,-0.06943572385230785,82
All,LASSO,HanniganGD_2017,0.544973544973545,rCLR_Collinsella aerofaciens,rCLR,Collinsella aerofaciens,0.07277410716721616,0.028205302552491138,83
All,LASSO,HanniganGD_2017,0.544973544973545,PA_Bacteroides stercoris,PA,Bacteroides stercoris,0.07202738484967124,-0.051448132035479446,84
All,LASSO,HanniganGD_2017,0.544973544973545,rCLR_Parabacteroides merdae,rCLR,Parabacteroides merdae,0.07081116393876857,0.06342661981586424,85
All,LASSO,HanniganGD_2017,0.544973544973545,PA_[Ruminococcus] lactaris,PA,[Ruminococcus] lactaris,0.0694567042172078,0.036945055434685,86
All,LASSO,HanniganGD_2017,0.544973544973545,PA_Enterocloster bolteae,PA,Enterocloster bolteae,0.06720079921622694,0.05741524450123403,87
All,LASSO,HanniganGD_2017,0.544973544973545,rCLR_Bacteroides intestinalis,rCLR,Bacteroides intestinalis,0.0671883227973193,-0.002919467431877911,88
All,LASSO,HanniganGD_2017,0.544973544973545,PA_Gordonibacter pamelaeae,PA,Gordonibacter pamelaeae,0.06351246373566405,-0.0025882822212026048,89
All,LASSO,HanniganGD_2017,0.544973544973545,PA_Phascolarctobacterium faecium,PA,Phascolarctobacterium faecium,0.06307507622423514,-0.030520198173017005,90
All,LASSO,HanniganGD_2017,0.544973544973545,PA_Klebsiella quasipneumoniae,PA,Klebsiella quasipneumoniae,0.05824155035648389,-0.04115458388338306,91
All,LASSO,HanniganGD_2017,0.544973544973545,PA_Desulfovibrio piger,PA,Desulfovibrio piger,0.05779810443804624,0.048213204001766846,92
All,LASSO,HanniganGD_2017,0.544973544973545,rCLR_Klebsiella quasipneumoniae,rCLR,Klebsiella quasipneumoniae,0.05759113463674923,0.04348741613728144,93
All,LASSO,HanniganGD_2017,0.544973544973545,PA_Ruminococcus bicirculans,PA,Ruminococcus bicirculans,0.05709320403365653,0.008227586863660824,94
All,LASSO,HanniganGD_2017,0.544973544973545,rCLR_Proteobacteria bacterium CAG:139,rCLR,Proteobacteria bacterium CAG:139,0.0567428223447555,-0.029479543275568273,95
All,LASSO,HanniganGD_2017,0.544973544973545,PA_Eubacterium sp. CAG:251,PA,Eubacterium sp. CAG:251,0.05667669127072811,0.022362730708372674,96
All,LASSO,HanniganGD_2017,0.544973544973545,rCLR_Intestinibacter bartlettii,rCLR,Intestinibacter bartlettii,0.05564156891164192,-0.0317676197286877,97
All,LASSO,HanniganGD_2017,0.544973544973545,PA_Eubacterium sp. CAG:274,PA,Eubacterium sp. CAG:274,0.05559088637230694,-0.04183044616626234,98
All,LASSO,HanniganGD_2017,0.544973544973545,PA_Eubacterium sp. CAG:38,PA,Eubacterium sp. CAG:38,0.055015048676312815,0.04923640476390268,99
All,LASSO,HanniganGD_2017,0.544973544973545,rCLR_[Eubacterium] siraeum,rCLR,[Eubacterium] siraeum,0.05411625225678214,-0.021681484745630034,100
All,LASSO,HanniganGD_2017,0.544973544973545,rCLR_Lawsonibacter asaccharolyticus,rCLR,Lawsonibacter asaccharolyticus,0.05279089382163607,0.035586910183110276,101
All,LASSO,HanniganGD_2017,0.544973544973545,PA_Dorea formicigenerans,PA,Dorea formicigenerans,0.051107483711121095,0.009882662596073137,102
All,LASSO,HanniganGD_2017,0.544973544973545,rCLR_Lachnospira pectinoschiza,rCLR,Lachnospira pectinoschiza,0.05076922337620491,0.05076922337620491,103
All,LASSO,HanniganGD_2017,0.544973544973545,rCLR_Bacteroides finegoldii,rCLR,Bacteroides finegoldii,0.04949754831803376,-0.016560872181892082,104
All,LASSO,HanniganGD_2017,0.544973544973545,rCLR_Agathobaculum butyriciproducens,rCLR,Agathobaculum butyriciproducens,0.04934062567483148,0.02807718065414278,105
All,LASSO,HanniganGD_2017,0.544973544973545,PA_Barnesiella intestinihominis,PA,Barnesiella intestinihominis,0.04915831117434658,-0.03651340162002814,106
All,LASSO,HanniganGD_2017,0.544973544973545,rCLR_Coprococcus catus,rCLR,Coprococcus catus,0.048411757015238345,0.02582525565109798,107
All,LASSO,HanniganGD_2017,0.544973544973545,PA_Coprococcus eutactus,PA,Coprococcus eutactus,0.048285473385066606,0.013230845683002923,108
All,LASSO,HanniganGD_2017,0.544973544973545,rCLR_Bacteroides caccae,rCLR,Bacteroides caccae,0.046324103274947626,-0.029940038320785865,109
All,LASSO,HanniganGD_2017,0.544973544973545,PA_Alistipes inops,PA,Alistipes inops,0.044827689365970355,-0.0187604867390625,110
All,LASSO,HanniganGD_2017,0.544973544973545,PA_Slackia isoflavoniconvertens,PA,Slackia isoflavoniconvertens,0.04399589131177832,0.023378098456322664,111
All,LASSO,HanniganGD_2017,0.544973544973545,PA_Bifidobacterium bifidum,PA,Bifidobacterium bifidum,0.04359561819833168,0.006707018184358729,112
All,LASSO,HanniganGD_2017,0.544973544973545,rCLR_Bacteroides cellulosilyticus,rCLR,Bacteroides cellulosilyticus,0.04329591001683063,-0.021648974291278503,113
All,LASSO,HanniganGD_2017,0.544973544973545,PA_Holdemanella biformis,PA,Holdemanella biformis,0.04321598297194201,-0.014861247948355001,114
All,LASSO,HanniganGD_2017,0.544973544973545,rCLR_Gemmiger formicilis,rCLR,Gemmiger formicilis,0.04314427690325867,0.011217458268262153,115
All,LASSO,HanniganGD_2017,0.544973544973545,rCLR_Roseburia intestinalis,rCLR,Roseburia intestinalis,0.04299273843970777,0.034339441461770225,116
All,LASSO,HanniganGD_2017,0.544973544973545,PA_Bifidobacterium adolescentis,PA,Bifidobacterium adolescentis,0.042682528191267624,0.022640297562324573,117
All,LASSO,HanniganGD_2017,0.544973544973545,rCLR_Coprococcus eutactus,rCLR,Coprococcus eutactus,0.04170087015103081,-0.02641236885352538,118
All,LASSO,HanniganGD_2017,0.544973544973545,rCLR_Alistipes inops,rCLR,Alistipes inops,0.04065119439673921,0.02115300314872716,119
All,LASSO,HanniganGD_2017,0.544973544973545,rCLR_Klebsiella variicola,rCLR,Klebsiella variicola,0.040322330484619216,-0.02083088713919817,120
All,LASSO,HanniganGD_2017,0.544973544973545,PA_Anaerobutyricum hallii,PA,Anaerobutyricum hallii,0.03958141623037407,0.004370187911870967,121
All,LASSO,HanniganGD_2017,0.544973544973545,PA_Bacteroides cellulosilyticus,PA,Bacteroides cellulosilyticus,0.039547760191027896,0.021744722870756406,122
All,LASSO,HanniganGD_2017,0.544973544973545,rCLR_Erysipelatoclostridium ramosum,rCLR,Erysipelatoclostridium ramosum,0.03919694510015861,-0.01930334946154596,123
All,LASSO,HanniganGD_2017,0.544973544973545,rCLR_Alistipes shahii,rCLR,Alistipes shahii,0.03851118342642594,0.026799831638380064,124
All,LASSO,HanniganGD_2017,0.544973544973545,PA_Alistipes putredinis,PA,Alistipes putredinis,0.03829533537598546,0.02600928623178023,125
All,LASSO,HanniganGD_2017,0.544973544973545,PA_Blautia wexlerae,PA,Blautia wexlerae,0.03800843609091992,0.012623986852459928,126
All,LASSO,HanniganGD_2017,0.544973544973545,PA_Bacteroides xylanisolvens,PA,Bacteroides xylanisolvens,0.03771496754574955,-0.03460363230665016,127
All,LASSO,HanniganGD_2017,0.544973544973545,rCLR_Slackia isoflavoniconvertens,rCLR,Slackia isoflavoniconvertens,0.03677381030725361,0.030987500853748705,128
All,LASSO,HanniganGD_2017,0.544973544973545,PA_Phocaeicola coprocola,PA,Phocaeicola coprocola,0.03509116838841822,-0.02276907872530952,129
All,LASSO,HanniganGD_2017,0.544973544973545,rCLR_Bifidobacterium pseudocatenulatum,rCLR,Bifidobacterium pseudocatenulatum,0.034778316533655325,0.01393800692957702,130
All,LASSO,HanniganGD_2017,0.544973544973545,rCLR_Fusicatenibacter saccharivorans,rCLR,Fusicatenibacter saccharivorans,0.034566202867071454,-0.016530840013511273,131
All,LASSO,HanniganGD_2017,0.544973544973545,rCLR_Paraprevotella xylaniphila,rCLR,Paraprevotella xylaniphila,0.03424031842171627,0.03424031842171627,132
All,LASSO,HanniganGD_2017,0.544973544973545,PA_Bacteroides salyersiae,PA,Bacteroides salyersiae,0.03411025633611059,-0.03411025633611059,133
All,LASSO,HanniganGD_2017,0.544973544973545,PA_Bacteroides eggerthii,PA,Bacteroides eggerthii,0.03194818268896771,-0.01056138270709676,134
All,LASSO,HanniganGD_2017,0.544973544973545,PA_Erysipelatoclostridium ramosum,PA,Erysipelatoclostridium ramosum,0.031066335207933848,0.014990702494252734,135
All,LASSO,HanniganGD_2017,0.544973544973545,PA_Firmicutes bacterium CAG:145,PA,Firmicutes bacterium CAG:145,0.030872629841474167,-0.010153779173507323,136
All,LASSO,HanniganGD_2017,0.544973544973545,rCLR_Ruminococcus bicirculans,rCLR,Ruminococcus bicirculans,0.03070172403435764,-0.012305732076954158,137
All,LASSO,HanniganGD_2017,0.544973544973545,rCLR_Dorea longicatena,rCLR,Dorea longicatena,0.03009706910956184,-0.0009833638109599354,138
All,LASSO,HanniganGD_2017,0.544973544973545,PA_Alistipes finegoldii,PA,Alistipes finegoldii,0.02992916293024447,-0.025324676325591475,139
All,LASSO,HanniganGD_2017,0.544973544973545,rCLR_Eubacterium ramulus,rCLR,Eubacterium ramulus,0.02983743542171274,-0.01105926498873671,140
All,LASSO,HanniganGD_2017,0.544973544973545,rCLR_Gordonibacter pamelaeae,rCLR,Gordonibacter pamelaeae,0.029388009567735386,-0.020437109539118457,141
All,LASSO,HanniganGD_2017,0.544973544973545,rCLR_Roseburia faecis,rCLR,Roseburia faecis,0.029239458121121033,0.01815350340251981,142
All,LASSO,HanniganGD_2017,0.544973544973545,PA_Megamonas funiformis,PA,Megamonas funiformis,0.02863304367534182,-0.021170844884403538,143
All,LASSO,HanniganGD_2017,0.544973544973545,rCLR_Methanobrevibacter smithii,rCLR,Methanobrevibacter smithii,0.028326938795615878,0.015251168254939327,144
All,LASSO,HanniganGD_2017,0.544973544973545,PA_[Ruminococcus] gnavus,PA,[Ruminococcus] gnavus,0.027160848643386283,-0.009293220424296625,145
All,LASSO,HanniganGD_2017,0.544973544973545,rCLR_Firmicutes bacterium CAG:110,rCLR,Firmicutes bacterium CAG:110,0.02617889853068486,-0.014352407784106304,146
All,LASSO,HanniganGD_2017,0.544973544973545,PA_Bifidobacterium longum,PA,Bifidobacterium longum,0.025680121232985475,-0.008938266456666472,147
All,LASSO,HanniganGD_2017,0.544973544973545,rCLR_Clostridium sp. CAG:58,rCLR,Clostridium sp. CAG:58,0.025632840843502803,0.005229086420223651,148
All,LASSO,HanniganGD_2017,0.544973544973545,PA_Anaerostipes hadrus,PA,Anaerostipes hadrus,0.024230510153463277,0.02021226371442741,149
All,LASSO,HanniganGD_2017,0.544973544973545,rCLR_Phocaeicola plebeius,rCLR,Phocaeicola plebeius,0.023043543755086715,0.023043543755086715,150
All,LASSO,HanniganGD_2017,0.544973544973545,rCLR_Eubacterium sp. CAG:274,rCLR,Eubacterium sp. CAG:274,0.022920725066814897,-0.0006615687807253106,151
All,LASSO,HanniganGD_2017,0.544973544973545,rCLR_Odoribacter splanchnicus,rCLR,Odoribacter splanchnicus,0.022637230370836016,-0.0176020500305744,152
All,LASSO,HanniganGD_2017,0.544973544973545,PA_[Ruminococcus] torques,PA,[Ruminococcus] torques,0.022127211574505864,-0.0011460308783608597,153
All,LASSO,HanniganGD_2017,0.544973544973545,rCLR_[Ruminococcus] lactaris,rCLR,[Ruminococcus] lactaris,0.021060996096523794,-0.016002427751651647,154
All,LASSO,HanniganGD_2017,0.544973544973545,rCLR_Blautia obeum,rCLR,Blautia obeum,0.020969895958696732,-0.00828937673096746,155
All,LASSO,HanniganGD_2017,0.544973544973545,PA_Bacteroides sp. CAG:144,PA,Bacteroides sp. CAG:144,0.02092162704003661,-0.02092162704003661,156
All,LASSO,HanniganGD_2017,0.544973544973545,rCLR_Klebsiella pneumoniae,rCLR,Klebsiella pneumoniae,0.019518793208484753,0.015267134708297355,157
All,LASSO,HanniganGD_2017,0.544973544973545,PA_Ruminococcus bromii,PA,Ruminococcus bromii,0.019094439310586835,0.00386908134989985,158
All,LASSO,HanniganGD_2017,0.544973544973545,PA_Paraprevotella xylaniphila,PA,Paraprevotella xylaniphila,0.018021967885252902,-0.014833806490318726,159
All,LASSO,HanniganGD_2017,0.544973544973545,PA_Dialister invisus,PA,Dialister invisus,0.01725467726144444,-0.0034509354522888865,160
All,LASSO,HanniganGD_2017,0.544973544973545,rCLR_Barnesiella intestinihominis,rCLR,Barnesiella intestinihominis,0.017225719437704873,0.016862675901985997,161
All,LASSO,HanniganGD_2017,0.544973544973545,PA_Phocaeicola dorei,PA,Phocaeicola dorei,0.017070010351287804,-0.013071629548283453,162
All,LASSO,HanniganGD_2017,0.544973544973545,rCLR_Lachnospira eligens,rCLR,Lachnospira eligens,0.015662112764301957,0.014959772224767444,163
All,LASSO,HanniganGD_2017,0.544973544973545,rCLR_Veillonella atypica,rCLR,Veillonella atypica,0.014976612744654427,0.014976612744654427,164
All,LASSO,HanniganGD_2017,0.544973544973545,rCLR_Bacteroides xylanisolvens,rCLR,Bacteroides xylanisolvens,0.014818690258183016,-0.00844565328712532,165
All,LASSO,HanniganGD_2017,0.544973544973545,rCLR_Phocaeicola coprocola,rCLR,Phocaeicola coprocola,0.014117078864316061,0.014117078864316061,166
All,LASSO,HanniganGD_2017,0.544973544973545,rCLR_Alistipes putredinis,rCLR,Alistipes putredinis,0.013039656822545993,-0.012073252394328052,167
All,LASSO,HanniganGD_2017,0.544973544973545,rCLR_Bifidobacterium longum,rCLR,Bifidobacterium longum,0.012773078591007011,-0.005392524944412902,168
All,LASSO,HanniganGD_2017,0.544973544973545,rCLR_Acidaminococcus intestini,rCLR,Acidaminococcus intestini,0.012392677302770211,-0.010560739631602069,169
All,LASSO,HanniganGD_2017,0.544973544973545,rCLR_Firmicutes bacterium CAG:145,rCLR,Firmicutes bacterium CAG:145,0.012237937363777738,0.0070968182184292855,170
All,LASSO,HanniganGD_2017,0.544973544973545,PA_Oscillibacter sp. CAG:241,PA,Oscillibacter sp. CAG:241,0.012213640758141629,-0.008203191553975722,171
All,LASSO,HanniganGD_2017,0.544973544973545,rCLR_Oscillibacter sp. CAG:241,rCLR,Oscillibacter sp. CAG:241,0.012155643149975413,0.007443540438093894,172
All,LASSO,HanniganGD_2017,0.544973544973545,PA_Faecalibacterium prausnitzii,PA,Faecalibacterium prausnitzii,0.010597997892958521,-0.002722805782775905,173
All,LASSO,HanniganGD_2017,0.544973544973545,rCLR_Eubacterium sp. CAG:38,rCLR,Eubacterium sp. CAG:38,0.01028824729272573,-0.006113297517133581,174
All,LASSO,HanniganGD_2017,0.544973544973545,rCLR_Adlercreutzia equolifaciens_1,rCLR,Adlercreutzia equolifaciens_1,0.01025509953238067,-0.005857622714119942,175
All,LASSO,HanniganGD_2017,0.544973544973545,rCLR_Phascolarctobacterium succinatutens,rCLR,Phascolarctobacterium succinatutens,0.00978304568835678,-0.00978304568835678,176
All,LASSO,HanniganGD_2017,0.544973544973545,rCLR_Bacteroides eggerthii,rCLR,Bacteroides eggerthii,0.009494626714165432,-0.002400228598138342,177
All,LASSO,HanniganGD_2017,0.544973544973545,rCLR_Phascolarctobacterium faecium,rCLR,Phascolarctobacterium faecium,0.008525990279823748,-0.006903005205991617,178
All,LASSO,HanniganGD_2017,0.544973544973545,rCLR_Parasutterella excrementihominis,rCLR,Parasutterella excrementihominis,0.00826068991850639,0.005045418993379225,179
All,LASSO,HanniganGD_2017,0.544973544973545,PA_Fusicatenibacter saccharivorans,PA,Fusicatenibacter saccharivorans,0.0079870729597648,-0.00043885016262443927,180
All,LASSO,HanniganGD_2017,0.544973544973545,rCLR_[Eubacterium] rectale,rCLR,[Eubacterium] rectale,0.007961563311900484,0.0002078346249705141,181
All,LASSO,HanniganGD_2017,0.544973544973545,rCLR_Bacteroides ovatus,rCLR,Bacteroides ovatus,0.007745423124040292,-0.006224626017485929,182
All,LASSO,HanniganGD_2017,0.544973544973545,rCLR_Holdemanella biformis,rCLR,Holdemanella biformis,0.007038380600193436,-0.0027797644879675393,183
All,LASSO,HanniganGD_2017,0.544973544973545,rCLR_Phocaeicola dorei,rCLR,Phocaeicola dorei,0.006662765745660359,-0.005512967701008212,184
All,LASSO,HanniganGD_2017,0.544973544973545,rCLR_Firmicutes bacterium CAG:83,rCLR,Firmicutes bacterium CAG:83,0.006183523460054384,0.002061211357632393,185
All,LASSO,HanniganGD_2017,0.544973544973545,PA_Prevotella copri,PA,Prevotella copri,0.0060411341273837,0.0053567257441999114,186
All,LASSO,HanniganGD_2017,0.544973544973545,PA_Agathobaculum butyriciproducens,PA,Agathobaculum butyriciproducens,0.005600307341453316,-0.0033311932668176765,187
All,LASSO,HanniganGD_2017,0.544973544973545,rCLR_Oscillibacter sp. 57_20,rCLR,Oscillibacter sp. 57_20,0.005511004444624505,0.0013195308439109261,188
All,LASSO,HanniganGD_2017,0.544973544973545,rCLR_Enterocloster bolteae,rCLR,Enterocloster bolteae,0.005072573293308697,0.002540850157584439,189
All,LASSO,HanniganGD_2017,0.544973544973545,rCLR_Bifidobacterium adolescentis,rCLR,Bifidobacterium adolescentis,0.004953489853298051,-0.00029653170088746574,190
All,LASSO,HanniganGD_2017,0.544973544973545,rCLR_Eubacterium sp. CAG:251,rCLR,Eubacterium sp. CAG:251,0.004467229393252668,0.0011247503867793571,191
All,LASSO,HanniganGD_2017,0.544973544973545,PA_Escherichia coli,PA,Escherichia coli,0.003988016366800502,-0.0024786855395611596,192
All,LASSO,HanniganGD_2017,0.544973544973545,rCLR_[Ruminococcus] gnavus,rCLR,[Ruminococcus] gnavus,0.0030497753301858177,0.0009712059673175344,193
All,LASSO,HanniganGD_2017,0.544973544973545,rCLR_Eubacterium sp. CAG:180,rCLR,Eubacterium sp. CAG:180,0.0028675562596505505,-0.001002258385238922,194
All,LASSO,HanniganGD_2017,0.544973544973545,rCLR_Megamonas funiformis,rCLR,Megamonas funiformis,0.00261079693123579,-0.0010945521142252,195
All,LASSO,HanniganGD_2017,0.544973544973545,rCLR_Streptococcus parasanguinis,rCLR,Streptococcus parasanguinis,0.0023489897205246275,-0.0002764773727173431,196
All,LASSO,HanniganGD_2017,0.544973544973545,rCLR_Prevotella copri,rCLR,Prevotella copri,0.0016597810841996823,7.850649815264e-05,197
All,LASSO,HanniganGD_2017,0.544973544973545,rCLR_Bacteroides sp. CAG:144,rCLR,Bacteroides sp. CAG:144,0.0012969688582651373,0.0012969688582651373,198
All,LASSO,HanniganGD_2017,0.544973544973545,rCLR_Bacteroides salyersiae,rCLR,Bacteroides salyersiae,0.0008456173040521321,-0.0008456173040521321,199
All,LASSO,HanniganGD_2017,0.544973544973545,PA_Eubacterium ventriosum,PA,Eubacterium ventriosum,0.0008221297866122918,-0.00045673877034016225,200
All,LASSO,HanniganGD_2017,0.544973544973545,rCLR_Bacteroides fragilis,rCLR,Bacteroides fragilis,0.0007582811106825833,0.0005016916032692848,201
All,LASSO,HanniganGD_2017,0.544973544973545,rCLR_Desulfovibrio piger,rCLR,Desulfovibrio piger,3.047163848074512e-07,3.047163848074512e-07,202
All,LASSO,HanniganGD_2017,0.544973544973545,PA_Lawsonibacter asaccharolyticus,PA,Lawsonibacter asaccharolyticus,0.0,0.0,203
All,LASSO,HanniganGD_2017,0.544973544973545,PA_Adlercreutzia equolifaciens,PA,Adlercreutzia equolifaciens,0.0,0.0,204
All,LASSO,HanniganGD_2017,0.544973544973545,PA_Phascolarctobacterium succinatutens,PA,Phascolarctobacterium succinatutens,0.0,0.0,205
All,LASSO,HanniganGD_2017,0.544973544973545,PA_Proteobacteria bacterium CAG:139,PA,Proteobacteria bacterium CAG:139,0.0,0.0,206
All,LASSO,HanniganGD_2017,0.544973544973545,PA_Intestinibacter bartlettii,PA,Intestinibacter bartlettii,0.0,0.0,207
All,LASSO,HanniganGD_2017,0.544973544973545,PA_Phocaeicola massiliensis,PA,Phocaeicola massiliensis,0.0,0.0,208
All,LASSO,HanniganGD_2017,0.544973544973545,rCLR_Roseburia inulinivorans,rCLR,Roseburia inulinivorans,0.0,0.0,209
All,LASSO,HanniganGD_2017,0.544973544973545,PA_Acidaminococcus intestini,PA,Acidaminococcus intestini,0.0,0.0,210
All,LASSO,HanniganGD_2017,0.544973544973545,PA_Bacteroides finegoldii,PA,Bacteroides finegoldii,0.0,0.0,211
All,LASSO,HanniganGD_2017,0.544973544973545,rCLR_Parabacteroides distasonis,rCLR,Parabacteroides distasonis,0.0,0.0,212
All,LASSO,HanniganGD_2017,0.544973544973545,rCLR_Escherichia coli,rCLR,Escherichia coli,0.0,0.0,213
All,LASSO,HanniganGD_2017,0.544973544973545,rCLR_Bifidobacterium bifidum,rCLR,Bifidobacterium bifidum,0.0,0.0,214
All,LASSO,HanniganGD_2017,0.544973544973545,rCLR_Coprobacter fastidiosus,rCLR,Coprobacter fastidiosus,0.0,0.0,215
All,LASSO,HanniganGD_2017,0.544973544973545,rCLR_Phocaeicola massiliensis,rCLR,Phocaeicola massiliensis,0.0,0.0,216
All,LASSO,ThomasAM_2018a,0.764367816091954,PA_Streptococcus salivarius,PA,Streptococcus salivarius,1.2530597622562167,1.1412381561756093,1
All,LASSO,ThomasAM_2018a,0.764367816091954,PA_Parvimonas micra,PA,Parvimonas micra,0.6441254703621403,-0.3549641081276255,2
All,LASSO,ThomasAM_2018a,0.764367816091954,rCLR_Dorea formicigenerans,rCLR,Dorea formicigenerans,0.445739849897332,-0.4223453165934772,3
All,LASSO,ThomasAM_2018a,0.764367816091954,PA_Streptococcus parasanguinis,PA,Streptococcus parasanguinis,0.42528177351250507,-0.32450142625464623,4
All,LASSO,ThomasAM_2018a,0.764367816091954,rCLR_Streptococcus salivarius,rCLR,Streptococcus salivarius,0.3826464737747706,-0.03311983561831746,5
All,LASSO,ThomasAM_2018a,0.764367816091954,rCLR_Anaerostipes hadrus,rCLR,Anaerostipes hadrus,0.3791260081034021,0.37603348601501646,6
All,LASSO,ThomasAM_2018a,0.764367816091954,PA_Firmicutes bacterium CAG:110,PA,Firmicutes bacterium CAG:110,0.3632039507983852,0.02440847476190344,7
All,LASSO,ThomasAM_2018a,0.764367816091954,PA_Veillonella parvula,PA,Veillonella parvula,0.3574387084786896,-0.1576119192678815,8
All,LASSO,ThomasAM_2018a,0.764367816091954,PA_Klebsiella variicola,PA,Klebsiella variicola,0.3218501025366803,0.001384726931626789,9
All,LASSO,ThomasAM_2018a,0.764367816091954,PA_Eggerthella lenta,PA,Eggerthella lenta,0.3203962387069575,0.1925060443312563,10
All,LASSO,ThomasAM_2018a,0.764367816091954,rCLR_[Ruminococcus] torques,rCLR,[Ruminococcus] torques,0.3072310924990574,-0.22959363391211432,11
All,LASSO,ThomasAM_2018a,0.764367816091954,PA_Klebsiella pneumoniae,PA,Klebsiella pneumoniae,0.27552801030822377,0.002956885964283345,12
All,LASSO,ThomasAM_2018a,0.764367816091954,rCLR_Coprococcus comes,rCLR,Coprococcus comes,0.24902821452948093,0.22343687426578013,13
All,LASSO,ThomasAM_2018a,0.764367816091954,rCLR_Flavonifractor plautii,rCLR,Flavonifractor plautii,0.24485256706013342,0.1630354309516186,14
All,LASSO,ThomasAM_2018a,0.764367816091954,PA_Gordonibacter pamelaeae,PA,Gordonibacter pamelaeae,0.2416839825607638,-0.11723697887193568,15
All,LASSO,ThomasAM_2018a,0.764367816091954,rCLR_Parvimonas micra,rCLR,Parvimonas micra,0.23528521275904293,0.16110849961442186,16
All,LASSO,ThomasAM_2018a,0.764367816091954,PA_Parabacteroides merdae,PA,Parabacteroides merdae,0.2343279150107633,-0.07376101786462429,17
All,LASSO,ThomasAM_2018a,0.764367816091954,PA_[Eubacterium] rectale,PA,[Eubacterium] rectale,0.2197021290820977,-0.07231451244226893,18
All,LASSO,ThomasAM_2018a,0.764367816091954,rCLR_Eubacterium ventriosum,rCLR,Eubacterium ventriosum,0.21727357037113176,0.10462936146077881,19
All,LASSO,ThomasAM_2018a,0.764367816091954,PA_Blautia wexlerae,PA,Blautia wexlerae,0.21643796211381167,-0.17802108135826994,20
All,LASSO,ThomasAM_2018a,0.764367816091954,rCLR_Streptococcus thermophilus,rCLR,Streptococcus thermophilus,0.21613845242253663,-0.007225676001009892,21
All,LASSO,ThomasAM_2018a,0.764367816091954,rCLR_Alistipes finegoldii,rCLR,Alistipes finegoldii,0.20772083706958497,0.16876915156271285,22
All,LASSO,ThomasAM_2018a,0.764367816091954,PA_Blautia sp. CAG:257,PA,Blautia sp. CAG:257,0.20514057355924012,0.10226514780492509,23
All,LASSO,ThomasAM_2018a,0.764367816091954,PA_Gemmiger formicilis,PA,Gemmiger formicilis,0.2039222001792032,0.005815798375414129,24
All,LASSO,ThomasAM_2018a,0.764367816091954,PA_Lachnospira eligens,PA,Lachnospira eligens,0.19191294532996575,0.025316175766931657,25
All,LASSO,ThomasAM_2018a,0.764367816091954,rCLR_Veillonella parvula,rCLR,Veillonella parvula,0.19104990338077216,0.10832621706376898,26
All,LASSO,ThomasAM_2018a,0.764367816091954,PA_Eubacterium sp. CAG:180,PA,Eubacterium sp. CAG:180,0.1895909069246813,-0.03617446509696418,27
All,LASSO,ThomasAM_2018a,0.764367816091954,PA_Streptococcus thermophilus,PA,Streptococcus thermophilus,0.1842473597290715,0.11243524397681595,28
All,LASSO,ThomasAM_2018a,0.764367816091954,rCLR_Ruthenibacterium lactatiformans,rCLR,Ruthenibacterium lactatiformans,0.18185101823957014,0.12774866577040758,29
All,LASSO,ThomasAM_2018a,0.764367816091954,PA_Oscillibacter sp. 57_20,PA,Oscillibacter sp. 57_20,0.1815485684141809,-0.08005446082835492,30
All,LASSO,ThomasAM_2018a,0.764367816091954,PA_Bacteroides intestinalis,PA,Bacteroides intestinalis,0.18013537789725054,0.006357719219902977,31
All,LASSO,ThomasAM_2018a,0.764367816091954,PA_Phocaeicola plebeius,PA,Phocaeicola plebeius,0.17779019319331035,-0.05435036993992391,32
All,LASSO,ThomasAM_2018a,0.764367816091954,Age,covariate,Age,0.17373905745317378,0.15596902813769897,33
All,LASSO,ThomasAM_2018a,0.764367816091954,PA_Roseburia intestinalis,PA,Roseburia intestinalis,0.17297070050560717,0.025087353508446854,34
All,LASSO,ThomasAM_2018a,0.764367816091954,PA_Coprococcus comes,PA,Coprococcus comes,0.16840348285504395,-0.009946437887568799,35
All,LASSO,ThomasAM_2018a,0.764367816091954,PA_Methanobrevibacter smithii,PA,Methanobrevibacter smithii,0.16725507244058488,-0.16725507244058488,36
All,LASSO,ThomasAM_2018a,0.764367816091954,PA_Veillonella atypica,PA,Veillonella atypica,0.16461014004839616,-0.1013156512589633,37
All,LASSO,ThomasAM_2018a,0.764367816091954,PA_Coprococcus catus,PA,Coprococcus catus,0.15698274880846563,-0.0016498770797308607,38
All,LASSO,ThomasAM_2018a,0.764367816091954,PA_Phocaeicola coprocola,PA,Phocaeicola coprocola,0.15401043953258867,0.009767478227883583,39
All,LASSO,ThomasAM_2018a,0.764367816091954,rCLR_Eggerthella lenta,rCLR,Eggerthella lenta,0.15326220973828797,-0.05920690283580814,40
All,LASSO,ThomasAM_2018a,0.764367816091954,PA_Collinsella aerofaciens,PA,Collinsella aerofaciens,0.14732935717075446,-0.011587702249385113,41
All,LASSO,ThomasAM_2018a,0.764367816091954,PA_[Eubacterium] siraeum,PA,[Eubacterium] siraeum,0.14399976299262052,0.0008228557885292379,42
All,LASSO,ThomasAM_2018a,0.764367816091954,rCLR_Proteobacteria bacterium CAG:139,rCLR,Proteobacteria bacterium CAG:139,0.14121986371512857,-0.07306875985892003,43
All,LASSO,ThomasAM_2018a,0.764367816091954,PA_Coprobacter fastidiosus,PA,Coprobacter fastidiosus,0.13851309332726228,-0.02032872199242411,44
All,LASSO,ThomasAM_2018a,0.764367816091954,PA_Bacteroides caccae,PA,Bacteroides caccae,0.13304415898516006,0.04485488788642539,45
All,LASSO,ThomasAM_2018a,0.764367816091954,PA_Eubacterium sp. CAG:38,PA,Eubacterium sp. CAG:38,0.13182546122905886,0.010086908642856749,46
All,LASSO,ThomasAM_2018a,0.764367816091954,rCLR_Adlercreutzia equolifaciens,rCLR,Adlercreutzia equolifaciens,0.1309991383468353,0.007508036543543682,47
All,LASSO,ThomasAM_2018a,0.764367816091954,PA_Bacteroides thetaiotaomicron,PA,Bacteroides thetaiotaomicron,0.12916886368711236,0.045894309580928876,48
All,LASSO,ThomasAM_2018a,0.764367816091954,PA_Phocaeicola vulgatus,PA,Phocaeicola vulgatus,0.1278813932713686,0.031677042369972104,49
All,LASSO,ThomasAM_2018a,0.764367816091954,rCLR_Paraprevotella xylaniphila,rCLR,Paraprevotella xylaniphila,0.12550674741039966,-0.05512365084729091,50
All,LASSO,ThomasAM_2018a,0.764367816091954,PA_Bifidobacterium pseudocatenulatum,PA,Bifidobacterium pseudocatenulatum,0.11792547936576184,0.041699105214478796,51
All,LASSO,ThomasAM_2018a,0.764367816091954,PA_Flavonifractor plautii,PA,Flavonifractor plautii,0.11670326104403043,0.053844302068331316,52
All,LASSO,ThomasAM_2018a,0.764367816091954,rCLR_[Eubacterium] siraeum,rCLR,[Eubacterium] siraeum,0.11377641010099465,-0.03256029841492618,53
All,LASSO,ThomasAM_2018a,0.764367816091954,rCLR_Dialister invisus,rCLR,Dialister invisus,0.11323052679501192,0.03393999299910889,54
All,LASSO,ThomasAM_2018a,0.764367816091954,rCLR_Faecalibacterium prausnitzii,rCLR,Faecalibacterium prausnitzii,0.11317775226700218,-0.015441347288629345,55
All,LASSO,ThomasAM_2018a,0.764367816091954,PA_Roseburia inulinivorans,PA,Roseburia inulinivorans,0.11285572913216413,-0.0011485050099149016,56
All,LASSO,ThomasAM_2018a,0.764367816091954,rCLR_Butyricimonas virosa,rCLR,Butyricimonas virosa,0.11275531038857492,0.018499406777398447,57
All,LASSO,ThomasAM_2018a,0.764367816091954,PA_Proteobacteria bacterium CAG:139,PA,Proteobacteria bacterium CAG:139,0.11267305926462323,-0.04326988207500741,58
All,LASSO,ThomasAM_2018a,0.764367816091954,PA_Dorea longicatena,PA,Dorea longicatena,0.11130521000743154,0.03376340668822309,59
All,LASSO,ThomasAM_2018a,0.764367816091954,PA_Alistipes inops,PA,Alistipes inops,0.1107496892489447,0.007087980111932448,60
All,LASSO,ThomasAM_2018a,0.764367816091954,PA_Eubacterium ramulus,PA,Eubacterium ramulus,0.11021961910014522,-0.02893474067424147,61
All,LASSO,ThomasAM_2018a,0.764367816091954,PA_Bacteroides salyersiae,PA,Bacteroides salyersiae,0.10637720941410313,-0.01614654071464065,62
All,LASSO,ThomasAM_2018a,0.764367816091954,PA_Bifidobacterium bifidum,PA,Bifidobacterium bifidum,0.1061224047873565,-0.02700998738263643,63
All,LASSO,ThomasAM_2018a,0.764367816091954,PA_Butyricimonas virosa,PA,Butyricimonas virosa,0.10531334161824953,0.025831574359193255,64
All,LASSO,ThomasAM_2018a,0.764367816091954,PA_Anaerostipes hadrus,PA,Anaerostipes hadrus,0.10389122807715122,-0.0828203311150248,65
All,LASSO,ThomasAM_2018a,0.764367816091954,rCLR_Agathobaculum butyriciproducens,rCLR,Agathobaculum butyriciproducens,0.10373161145587084,0.04461306640879432,66
All,LASSO,ThomasAM_2018a,0.764367816091954,PA_Akkermansia muciniphila,PA,Akkermansia muciniphila,0.10269589232215409,0.013965406844710643,67
All,LASSO,ThomasAM_2018a,0.764367816091954,PA_[Ruminococcus] gnavus,PA,[Ruminococcus] gnavus,0.10218475469886615,-0.05798123721677234,68
All,LASSO,ThomasAM_2018a,0.764367816091954,Gender,covariate,Gender,0.09851812500453988,0.020744809348433944,69
All,LASSO,ThomasAM_2018a,0.764367816091954,rCLR_Roseburia hominis,rCLR,Roseburia hominis,0.09365083604652523,-0.0070426689446080005,70
All,LASSO,ThomasAM_2018a,0.764367816091954,rCLR_Klebsiella variicola,rCLR,Klebsiella variicola,0.09217864271689614,-0.0657905951694777,71
All,LASSO,ThomasAM_2018a,0.764367816091954,rCLR_Bacteroides xylanisolvens,rCLR,Bacteroides xylanisolvens,0.0921289315190442,0.06698991486839881,72
All,LASSO,ThomasAM_2018a,0.764367816091954,rCLR_Firmicutes bacterium CAG:110,rCLR,Firmicutes bacterium CAG:110,0.09210558388142032,-0.051680441674670057,73
All,LASSO,ThomasAM_2018a,0.764367816091954,rCLR_Akkermansia muciniphila,rCLR,Akkermansia muciniphila,0.0879301918662657,0.05473857383283111,74
All,LASSO,ThomasAM_2018a,0.764367816091954,PA_Phascolarctobacterium faecium,PA,Phascolarctobacterium faecium,0.08500136070288977,-0.028774779693196112,75
All,LASSO,ThomasAM_2018a,0.764367816091954,rCLR_Gemmiger formicilis,rCLR,Gemmiger formicilis,0.08342637638864232,-0.05013339833543636,76
All,LASSO,ThomasAM_2018a,0.764367816091954,PA_Anaerotignum lactatifermentans,PA,Anaerotignum lactatifermentans,0.08260222201147131,-0.046299017876387585,77
All,LASSO,ThomasAM_2018a,0.764367816091954,PA_Desulfovibrio piger,PA,Desulfovibrio piger,0.08204325666450503,-0.01589415834597914,78
All,LASSO,ThomasAM_2018a,0.764367816091954,rCLR_Bacteroides uniformis,rCLR,Bacteroides uniformis,0.0814365258235622,-0.007550569537637567,79
All,LASSO,ThomasAM_2018a,0.764367816091954,rCLR_Parabacteroides merdae,rCLR,Parabacteroides merdae,0.07933506367049373,-0.014979257437099595,80
All,LASSO,ThomasAM_2018a,0.764367816091954,PA_Clostridium sp. CAG:58,PA,Clostridium sp. CAG:58,0.07803533800331793,0.008769010740440944,81
All,LASSO,ThomasAM_2018a,0.764367816091954,PA_Adlercreutzia equolifaciens_1,PA,Adlercreutzia equolifaciens_1,0.07803172152592337,0.023613727745220456,82
All,LASSO,ThomasAM_2018a,0.764367816091954,PA_Roseburia faecis,PA,Roseburia faecis,0.07694172963395172,-0.0033452925927805084,83
All,LASSO,ThomasAM_2018a,0.764367816091954,rCLR_Bacteroides thetaiotaomicron,rCLR,Bacteroides thetaiotaomicron,0.07687048227949055,-0.0530631978770527,84
All,LASSO,ThomasAM_2018a,0.764367816091954,rCLR_Bacteroides finegoldii,rCLR,Bacteroides finegoldii,0.0739980839537994,-0.053480376732582956,85
All,LASSO,ThomasAM_2018a,0.764367816091954,rCLR_Bacteroides stercoris,rCLR,Bacteroides stercoris,0.07358758830954926,0.002983258816435376,86
All,LASSO,ThomasAM_2018a,0.764367816091954,rCLR_Eubacterium sp. CAG:38,rCLR,Eubacterium sp. CAG:38,0.0725330444086384,0.016103579239934537,87
All,LASSO,ThomasAM_2018a,0.764367816091954,rCLR_Collinsella aerofaciens,rCLR,Collinsella aerofaciens,0.06923392542258948,-0.021264563858834244,88
All,LASSO,ThomasAM_2018a,0.764367816091954,rCLR_Roseburia intestinalis,rCLR,Roseburia intestinalis,0.06824130102144625,-0.01956763928897328,89
All,LASSO,ThomasAM_2018a,0.764367816091954,rCLR_Alistipes inops,rCLR,Alistipes inops,0.06822218322150074,0.027350688583826003,90
All,LASSO,ThomasAM_2018a,0.764367816091954,PA_Klebsiella quasipneumoniae,PA,Klebsiella quasipneumoniae,0.06735357130663468,0.01661562809665615,91
All,LASSO,ThomasAM_2018a,0.764367816091954,PA_Slackia isoflavoniconvertens,PA,Slackia isoflavoniconvertens,0.06666236719402137,0.00153086855769152,92
All,LASSO,ThomasAM_2018a,0.764367816091954,rCLR_Ruminococcus bromii,rCLR,Ruminococcus bromii,0.06223600460335225,-0.03847999183672197,93
All,LASSO,ThomasAM_2018a,0.764367816091954,PA_Prevotella copri,PA,Prevotella copri,0.060402538308489274,0.01492518181286452,94
All,LASSO,ThomasAM_2018a,0.764367816091954,rCLR_Phocaeicola vulgatus,rCLR,Phocaeicola vulgatus,0.05976393088076369,0.007955677185114744,95
All,LASSO,ThomasAM_2018a,0.764367816091954,rCLR_Odoribacter splanchnicus,rCLR,Odoribacter splanchnicus,0.05957150594129364,0.011450106088412484,96
All,LASSO,ThomasAM_2018a,0.764367816091954,PA_Bacteroides ovatus,PA,Bacteroides ovatus,0.05841316231967436,0.01666331589683501,97
All,LASSO,ThomasAM_2018a,0.764367816091954,PA_Eubacterium sp. CAG:251,PA,Eubacterium sp. CAG:251,0.057784273178529,0.01046876275844962,98
All,LASSO,ThomasAM_2018a,0.764367816091954,PA_Roseburia hominis,PA,Roseburia hominis,0.05682615000431489,-0.002335321233054026,99
All,LASSO,ThomasAM_2018a,0.764367816091954,PA_Bacteroides fragilis,PA,Bacteroides fragilis,0.05585936504138574,0.005828433366846818,100
All,LASSO,ThomasAM_2018a,0.764367816091954,rCLR_Klebsiella pneumoniae,rCLR,Klebsiella pneumoniae,0.05576202013774323,0.04392339616383419,101
All,LASSO,ThomasAM_2018a,0.764367816091954,PA_Erysipelatoclostridium ramosum,PA,Erysipelatoclostridium ramosum,0.05568257460716752,0.04438969676172014,102
All,LASSO,ThomasAM_2018a,0.764367816091954,PA_Dorea formicigenerans,PA,Dorea formicigenerans,0.05462249513837184,-0.030218870115774645,103
All,LASSO,ThomasAM_2018a,0.764367816091954,rCLR_Acidaminococcus intestini,rCLR,Acidaminococcus intestini,0.05461818085227904,0.03324195179938262,104
All,LASSO,ThomasAM_2018a,0.764367816091954,rCLR_Bacteroides caccae,rCLR,Bacteroides caccae,0.05433456962267141,0.0031580424517132174,105
All,LASSO,ThomasAM_2018a,0.764367816091954,PA_Escherichia coli,PA,Escherichia coli,0.0538098482387444,-0.03759741189708542,106
All,LASSO,ThomasAM_2018a,0.764367816091954,rCLR_Coprococcus catus,rCLR,Coprococcus catus,0.05290611031840796,-0.01869001409603564,107
All,LASSO,ThomasAM_2018a,0.764367816091954,PA_Bacteroides uniformis,PA,Bacteroides uniformis,0.05244612148284522,0.006418779047154201,108
All,LASSO,ThomasAM_2018a,0.764367816091954,rCLR_Klebsiella quasipneumoniae,rCLR,Klebsiella quasipneumoniae,0.05225316060251724,0.014968655954205651,109
All,LASSO,ThomasAM_2018a,0.764367816091954,PA_[Ruminococcus] lactaris,PA,[Ruminococcus] lactaris,0.051724398980937634,0.00016958819338012022,110
All,LASSO,ThomasAM_2018a,0.764367816091954,PA_Paraprevotella xylaniphila,PA,Paraprevotella xylaniphila,0.05133524764936647,-0.00331718952275617,111
All,LASSO,ThomasAM_2018a,0.764367816091954,rCLR_Eubacterium ramulus,rCLR,Eubacterium ramulus,0.051094991533495046,-0.02129644392868676,112
All,LASSO,ThomasAM_2018a,0.764367816091954,rCLR_Bacteroides intestinalis,rCLR,Bacteroides intestinalis,0.04973528641121979,0.0017199514132458051,113
All,LASSO,ThomasAM_2018a,0.764367816091954,rCLR_Ruminococcus bicirculans,rCLR,Ruminococcus bicirculans,0.0493268684792629,-0.021972563349298785,114
All,LASSO,ThomasAM_2018a,0.764367816091954,rCLR_Erysipelatoclostridium ramosum,rCLR,Erysipelatoclostridium ramosum,0.048890596370969194,-0.0216486512830423,115
All,LASSO,ThomasAM_2018a,0.764367816091954,PA_Barnesiella intestinihominis,PA,Barnesiella intestinihominis,0.04851052998017784,0.01584248796702612,116
All,LASSO,ThomasAM_2018a,0.764367816091954,rCLR_Slackia isoflavoniconvertens,rCLR,Slackia isoflavoniconvertens,0.048147352929871504,0.01336208836328836,117
All,LASSO,ThomasAM_2018a,0.764367816091954,PA_Lawsonibacter asaccharolyticus,PA,Lawsonibacter asaccharolyticus,0.04766809629361497,-0.0042660163998176825,118
All,LASSO,ThomasAM_2018a,0.764367816091954,PA_Ruminococcus bicirculans,PA,Ruminococcus bicirculans,0.04744926749106663,-0.00038309673868220837,119
All,LASSO,ThomasAM_2018a,0.764367816091954,rCLR_Bacteroides cellulosilyticus,rCLR,Bacteroides cellulosilyticus,0.04584456402778353,-0.007215916828622496,120
All,LASSO,ThomasAM_2018a,0.764367816091954,PA_Alistipes finegoldii,PA,Alistipes finegoldii,0.045653297321581555,0.014510662470477973,121
All,LASSO,ThomasAM_2018a,0.764367816091954,rCLR_Anaerotignum lactatifermentans,rCLR,Anaerotignum lactatifermentans,0.04495413938035882,-0.03714337266741028,122
All,LASSO,ThomasAM_2018a,0.764367816091954,PA_Enterocloster bolteae,PA,Enterocloster bolteae,0.042167466623600346,0.017525135856269476,123
All,LASSO,ThomasAM_2018a,0.764367816091954,rCLR_Phocaeicola coprocola,rCLR,Phocaeicola coprocola,0.04162464084027563,0.0011454040163277246,124
All,LASSO,ThomasAM_2018a,0.764367816091954,PA_Parasutterella excrementihominis,PA,Parasutterella excrementihominis,0.03995703310721882,-0.014780251683100213,125
All,LASSO,ThomasAM_2018a,0.764367816091954,rCLR_Lachnospira pectinoschiza,rCLR,Lachnospira pectinoschiza,0.03860036199324527,0.02857858149185266,126
All,LASSO,ThomasAM_2018a,0.764367816091954,PA_Alistipes shahii,PA,Alistipes shahii,0.03769170618254261,0.00021158134986191027,127
All,LASSO,ThomasAM_2018a,0.764367816091954,rCLR_Parabacteroides distasonis,rCLR,Parabacteroides distasonis,0.037064741511757066,0.007485875111691415,128
All,LASSO,ThomasAM_2018a,0.764367816091954,rCLR_Intestinibacter bartlettii,rCLR,Intestinibacter bartlettii,0.036133305699383673,-0.033573799732948176,129
All,LASSO,ThomasAM_2018a,0.764367816091954,rCLR_Blautia sp. CAG:257,rCLR,Blautia sp. CAG:257,0.03559593129322967,-0.0017136399146561614,130
All,LASSO,ThomasAM_2018a,0.764367816091954,rCLR_Enterocloster bolteae,rCLR,Enterocloster bolteae,0.0352606258236579,-0.005403137262796206,131
All,LASSO,ThomasAM_2018a,0.764367816091954,rCLR_Anaerobutyricum hallii,rCLR,Anaerobutyricum hallii,0.0348069271978083,-0.02123896434806854,132
All,LASSO,ThomasAM_2018a,0.764367816091954,rCLR_Clostridium sp. CAG:58,rCLR,Clostridium sp. CAG:58,0.034535585900625033,0.008487931627210567,133
All,LASSO,ThomasAM_2018a,0.764367816091954,rCLR_Streptococcus parasanguinis,rCLR,Streptococcus parasanguinis,0.03410110021937715,0.0026347461948210537,134
All,LASSO,ThomasAM_2018a,0.764367816091954,rCLR_Coprococcus eutactus,rCLR,Coprococcus eutactus,0.03406394134925237,-0.006456232657657434,135
All,LASSO,ThomasAM_2018a,0.764367816091954,PA_Lachnospira pectinoschiza,PA,Lachnospira pectinoschiza,0.03370868578241772,0.000439852364895124,136
All,LASSO,ThomasAM_2018a,0.764367816091954,rCLR_Bacteroides eggerthii,rCLR,Bacteroides eggerthii,0.033178407302459356,-0.015191446077702548,137
All,LASSO,ThomasAM_2018a,0.764367816091954,PA_Megamonas funiformis,PA,Megamonas funiformis,0.03213020323213937,-0.017777625138594884,138
All,LASSO,ThomasAM_2018a,0.764367816091954,rCLR_Roseburia inulinivorans,rCLR,Roseburia inulinivorans,0.032032748780279195,0.011232873647037631,139
All,LASSO,ThomasAM_2018a,0.764367816091954,rCLR_Dorea longicatena,rCLR,Dorea longicatena,0.03146980401986462,-0.0297977357849156,140
All,LASSO,ThomasAM_2018a,0.764367816091954,rCLR_Phocaeicola plebeius,rCLR,Phocaeicola plebeius,0.03113556219568546,-0.0006273706323537358,141
All,LASSO,ThomasAM_2018a,0.764367816091954,PA_Bifidobacterium longum,PA,Bifidobacterium longum,0.030625669417787747,-0.0014728763069914489,142
All,LASSO,ThomasAM_2018a,0.764367816091954,PA_Coprococcus eutactus,PA,Coprococcus eutactus,0.030019516903504934,-0.008208076128684356,143
All,LASSO,ThomasAM_2018a,0.764367816091954,PA_Intestinibacter bartlettii,PA,Intestinibacter bartlettii,0.029427543219587887,-0.027964507926507634,144
All,LASSO,ThomasAM_2018a,0.764367816091954,rCLR_Parasutterella excrementihominis,rCLR,Parasutterella excrementihominis,0.028992998837887498,0.003970779266656774,145
All,LASSO,ThomasAM_2018a,0.764367816091954,PA_Bacteroides sp. CAG:144,PA,Bacteroides sp. CAG:144,0.02896318086357618,0.006683810968517596,146
All,LASSO,ThomasAM_2018a,0.764367816091954,rCLR_Firmicutes bacterium CAG:83,rCLR,Firmicutes bacterium CAG:83,0.02726586545555511,0.005238705953520185,147
All,LASSO,ThomasAM_2018a,0.764367816091954,rCLR_Adlercreutzia equolifaciens_1,rCLR,Adlercreutzia equolifaciens_1,0.024642364350859834,-0.0009686795444802304,148
All,LASSO,ThomasAM_2018a,0.764367816091954,PA_Bacteroides eggerthii,PA,Bacteroides eggerthii,0.02382372413597906,-0.004086915019142858,149
All,LASSO,ThomasAM_2018a,0.764367816091954,rCLR_Eubacterium sp. CAG:274,rCLR,Eubacterium sp. CAG:274,0.023701359942157156,0.00764439137081302,150
All,LASSO,ThomasAM_2018a,0.764367816091954,PA_Alistipes putredinis,PA,Alistipes putredinis,0.02362108181495059,-0.008927477669929485,151
All,LASSO,ThomasAM_2018a,0.764367816091954,rCLR_Bacteroides fragilis,rCLR,Bacteroides fragilis,0.0234259973392348,-0.006376530936100289,152
All,LASSO,ThomasAM_2018a,0.764367816091954,PA_Firmicutes bacterium CAG:83,PA,Firmicutes bacterium CAG:83,0.02331758737622399,-0.0006672614184493762,153
All,LASSO,ThomasAM_2018a,0.764367816091954,rCLR_Lawsonibacter asaccharolyticus,rCLR,Lawsonibacter asaccharolyticus,0.023096212537338484,0.012282974926269726,154
All,LASSO,ThomasAM_2018a,0.764367816091954,rCLR_Bifidobacterium pseudocatenulatum,rCLR,Bifidobacterium pseudocatenulatum,0.021877740759827586,-0.00621393283893193,155
All,LASSO,ThomasAM_2018a,0.764367816091954,rCLR_Alistipes putredinis,rCLR,Alistipes putredinis,0.02172892415319016,0.013387934604560964,156
All,LASSO,ThomasAM_2018a,0.764367816091954,rCLR_Oscillibacter sp. CAG:241,rCLR,Oscillibacter sp. CAG:241,0.02158479933422768,0.010714948269176143,157
All,LASSO,ThomasAM_2018a,0.764367816091954,rCLR_Phocaeicola dorei,rCLR,Phocaeicola dorei,0.021163447077941988,0.004720478395432254,158
All,LASSO,ThomasAM_2018a,0.764367816091954,rCLR_Phascolarctobacterium succinatutens,rCLR,Phascolarctobacterium succinatutens,0.020362483535287274,-0.010936020749863523,159
All,LASSO,ThomasAM_2018a,0.764367816091954,rCLR_Roseburia faecis,rCLR,Roseburia faecis,0.02035639428340972,0.0065619185050247286,160
All,LASSO,ThomasAM_2018a,0.764367816091954,PA_Agathobaculum butyriciproducens,PA,Agathobaculum butyriciproducens,0.020059292464018393,0.006136995566761317,161
All,LASSO,ThomasAM_2018a,0.764367816091954,rCLR_Phocaeicola massiliensis,rCLR,Phocaeicola massiliensis,0.019780472238320725,-0.002283304775708657,162
All,LASSO,ThomasAM_2018a,0.764367816091954,PA_Faecalibacterium prausnitzii,PA,Faecalibacterium prausnitzii,0.018570074395135607,0.014178180193715367,163
All,LASSO,ThomasAM_2018a,0.764367816091954,PA_Eubacterium sp. CAG:274,PA,Eubacterium sp. CAG:274,0.018317310586114372,-0.01079236137235928,164
All,LASSO,ThomasAM_2018a,0.764367816091954,PA_Bacteroides xylanisolvens,PA,Bacteroides xylanisolvens,0.018243302012195643,0.0036215831452781704,165
All,LASSO,ThomasAM_2018a,0.764367816091954,rCLR_Megamonas funiformis,rCLR,Megamonas funiformis,0.0178349705156445,0.0002644591433025678,166
All,LASSO,ThomasAM_2018a,0.764367816091954,rCLR_Bacteroides ovatus,rCLR,Bacteroides ovatus,0.017736013095024608,-0.004326190539589522,167
All,LASSO,ThomasAM_2018a,0.764367816091954,rCLR_Barnesiella intestinihominis,rCLR,Barnesiella intestinihominis,0.01749014484036307,-0.00427693474672792,168
All,LASSO,ThomasAM_2018a,0.764367816091954,PA_Ruthenibacterium lactatiformans,PA,Ruthenibacterium lactatiformans,0.017081142705862338,0.0005394045065009094,169
All,LASSO,ThomasAM_2018a,0.764367816091954,rCLR_Eubacterium sp. CAG:251,rCLR,Eubacterium sp. CAG:251,0.016782716217702616,0.016782716217702616,170
All,LASSO,ThomasAM_2018a,0.764367816091954,rCLR_Phascolarctobacterium faecium,rCLR,Phascolarctobacterium faecium,0.01585491572822416,0.010373068646064517,171
All,LASSO,ThomasAM_2018a,0.764367816091954,rCLR_[Eubacterium] rectale,rCLR,[Eubacterium] rectale,0.01581233538432038,0.011245917188183399,172
All,LASSO,ThomasAM_2018a,0.764367816091954,rCLR_Fusicatenibacter saccharivorans,rCLR,Fusicatenibacter saccharivorans,0.01530781054156461,0.0033536179248473104,173
All,LASSO,ThomasAM_2018a,0.764367816091954,rCLR_Bacteroides sp. CAG:144,rCLR,Bacteroides sp. CAG:144,0.01418130312576054,-0.003416728744386959,174
All,LASSO,ThomasAM_2018a,0.764367816091954,rCLR_Bifidobacterium bifidum,rCLR,Bifidobacterium bifidum,0.013999626148029973,-0.009766683662847294,175
All,LASSO,ThomasAM_2018a,0.764367816091954,PA_Phocaeicola massiliensis,PA,Phocaeicola massiliensis,0.013786305960526839,0.0003684413639231319,176
All,LASSO,ThomasAM_2018a,0.764367816091954,rCLR_Lachnospira eligens,rCLR,Lachnospira eligens,0.013749669473801683,0.007424044872416798,177
All,LASSO,ThomasAM_2018a,0.764367816091954,PA_Phocaeicola dorei,PA,Phocaeicola dorei,0.013370837350526786,-0.0008620257491869074,178
All,LASSO,ThomasAM_2018a,0.764367816091954,PA_Odoribacter splanchnicus,PA,Odoribacter splanchnicus,0.013365916430345324,0.0019494883355907651,179
All,LASSO,ThomasAM_2018a,0.764367816091954,rCLR_Gordonibacter pamelaeae,rCLR,Gordonibacter pamelaeae,0.012899510138947108,0.0030793586668251675,180
All,LASSO,ThomasAM_2018a,0.764367816091954,rCLR_Blautia obeum,rCLR,Blautia obeum,0.012097557242321378,0.010909720003791114,181
All,LASSO,ThomasAM_2018a,0.764367816091954,rCLR_Alistipes shahii,rCLR,Alistipes shahii,0.011573195367732499,0.010357253256329416,182
All,LASSO,ThomasAM_2018a,0.764367816091954,PA_Ruminococcus bromii,PA,Ruminococcus bromii,0.011567912388825992,0.0019645313495917243,183
All,LASSO,ThomasAM_2018a,0.764367816091954,rCLR_Veillonella atypica,rCLR,Veillonella atypica,0.011284022786827257,0.006306285107357686,184
All,LASSO,ThomasAM_2018a,0.764367816091954,rCLR_Blautia wexlerae,rCLR,Blautia wexlerae,0.011161753170596304,-0.007673684904707474,185
All,LASSO,ThomasAM_2018a,0.764367816091954,PA_Bacteroides cellulosilyticus,PA,Bacteroides cellulosilyticus,0.009553036505544692,0.0025398800405276594,186
All,LASSO,ThomasAM_2018a,0.764367816091954,rCLR_Prevotella copri,rCLR,Prevotella copri,0.007712077389652073,-0.0022142122068233043,187
All,LASSO,ThomasAM_2018a,0.764367816091954,PA_[Ruminococcus] torques,PA,[Ruminococcus] torques,0.007511171745388097,0.0008088954187341032,188
All,LASSO,ThomasAM_2018a,0.764367816091954,PA_Bacteroides stercoris,PA,Bacteroides stercoris,0.007186968056890069,0.0005499263156987141,189
All,LASSO,ThomasAM_2018a,0.764367816091954,PA_Dialister invisus,PA,Dialister invisus,0.007007954060345776,0.0023563862997669194,190
All,LASSO,ThomasAM_2018a,0.764367816091954,rCLR_Holdemanella biformis,rCLR,Holdemanella biformis,0.006526770891501209,-0.00013393006269065235,191
All,LASSO,ThomasAM_2018a,0.764367816091954,PA_Bifidobacterium adolescentis,PA,Bifidobacterium adolescentis,0.006267941257078382,-0.0012422734270328352,192
All,LASSO,ThomasAM_2018a,0.764367816091954,rCLR_Desulfovibrio piger,rCLR,Desulfovibrio piger,0.00555129959594088,-0.002261285782652938,193
All,LASSO,ThomasAM_2018a,0.764367816091954,rCLR_Escherichia coli,rCLR,Escherichia coli,0.004238503397226368,-0.0009951358099404338,194
All,LASSO,ThomasAM_2018a,0.764367816091954,rCLR_Methanobrevibacter smithii,rCLR,Methanobrevibacter smithii,0.003929609228798928,0.003929609228798928,195
All,LASSO,ThomasAM_2018a,0.764367816091954,PA_Phascolarctobacterium succinatutens,PA,Phascolarctobacterium succinatutens,0.0029502125358438335,0.002034495536555173,196
All,LASSO,ThomasAM_2018a,0.764367816091954,rCLR_Bifidobacterium longum,rCLR,Bifidobacterium longum,0.002204009909443404,0.0005940255845522012,197
All,LASSO,ThomasAM_2018a,0.764367816091954,rCLR_Eubacterium sp. CAG:180,rCLR,Eubacterium sp. CAG:180,0.001893662241540592,-0.00012390471267489605,198
All,LASSO,ThomasAM_2018a,0.764367816091954,PA_Firmicutes bacterium CAG:145,PA,Firmicutes bacterium CAG:145,0.0014590257959589703,0.00018826139302696412,199
All,LASSO,ThomasAM_2018a,0.764367816091954,rCLR_Oscillibacter sp. 57_20,rCLR,Oscillibacter sp. 57_20,0.0014469718815136071,0.0009574161334701996,200
All,LASSO,ThomasAM_2018a,0.764367816091954,rCLR_Bacteroides salyersiae,rCLR,Bacteroides salyersiae,0.001156523760422278,-0.00021711922029680634,201
All,LASSO,ThomasAM_2018a,0.764367816091954,rCLR_[Ruminococcus] gnavus,rCLR,[Ruminococcus] gnavus,0.0007763748966781284,0.0006224571271056895,202
All,LASSO,ThomasAM_2018a,0.764367816091954,rCLR_Firmicutes bacterium CAG:145,rCLR,Firmicutes bacterium CAG:145,0.00013891961902710235,-6.354102740581072e-06,203
All,LASSO,ThomasAM_2018a,0.764367816091954,PA_Adlercreutzia equolifaciens,PA,Adlercreutzia equolifaciens,0.0,0.0,204
All,LASSO,ThomasAM_2018a,0.764367816091954,PA_Blautia obeum,PA,Blautia obeum,0.0,0.0,205
All,LASSO,ThomasAM_2018a,0.764367816091954,PA_Holdemanella biformis,PA,Holdemanella biformis,0.0,0.0,206
All,LASSO,ThomasAM_2018a,0.764367816091954,PA_Fusicatenibacter saccharivorans,PA,Fusicatenibacter saccharivorans,0.0,0.0,207
All,LASSO,ThomasAM_2018a,0.764367816091954,PA_Anaerobutyricum hallii,PA,Anaerobutyricum hallii,0.0,0.0,208
All,LASSO,ThomasAM_2018a,0.764367816091954,PA_Oscillibacter sp. CAG:241,PA,Oscillibacter sp. CAG:241,0.0,0.0,209
All,LASSO,ThomasAM_2018a,0.764367816091954,PA_Parabacteroides distasonis,PA,Parabacteroides distasonis,0.0,0.0,210
All,LASSO,ThomasAM_2018a,0.764367816091954,PA_Eubacterium ventriosum,PA,Eubacterium ventriosum,0.0,0.0,211
All,LASSO,ThomasAM_2018a,0.764367816091954,PA_Bacteroides finegoldii,PA,Bacteroides finegoldii,0.0,0.0,212
All,LASSO,ThomasAM_2018a,0.764367816091954,rCLR_Bifidobacterium adolescentis,rCLR,Bifidobacterium adolescentis,0.0,0.0,213
All,LASSO,ThomasAM_2018a,0.764367816091954,rCLR_[Ruminococcus] lactaris,rCLR,[Ruminococcus] lactaris,0.0,0.0,214
All,LASSO,ThomasAM_2018a,0.764367816091954,PA_Acidaminococcus intestini,PA,Acidaminococcus intestini,0.0,0.0,215
All,LASSO,ThomasAM_2018a,0.764367816091954,rCLR_Coprobacter fastidiosus,rCLR,Coprobacter fastidiosus,0.0,0.0,216
All,LASSO,ThomasAM_2018b,0.703125,PA_Parvimonas micra,PA,Parvimonas micra,1.0815252890545943,-0.23222935654546492,1
All,LASSO,ThomasAM_2018b,0.703125,rCLR_Streptococcus salivarius,rCLR,Streptococcus salivarius,0.5106291335975309,-0.28852643328638844,2
All,LASSO,ThomasAM_2018b,0.703125,PA_Firmicutes bacterium CAG:110,PA,Firmicutes bacterium CAG:110,0.4860254495759475,-0.21787347739611443,3
All,LASSO,ThomasAM_2018b,0.703125,rCLR_Streptococcus thermophilus,rCLR,Streptococcus thermophilus,0.3787977107766554,-0.019811929561128608,4
All,LASSO,ThomasAM_2018b,0.703125,PA_Veillonella parvula,PA,Veillonella parvula,0.35604433972997745,-0.08157350101630213,5
All,LASSO,ThomasAM_2018b,0.703125,rCLR_Parvimonas micra,rCLR,Parvimonas micra,0.3481238043770256,0.1314120617215015,6
All,LASSO,ThomasAM_2018b,0.703125,PA_Streptococcus salivarius,PA,Streptococcus salivarius,0.3367375691064533,-0.09007383535769344,7
All,LASSO,ThomasAM_2018b,0.703125,PA_Streptococcus thermophilus,PA,Streptococcus thermophilus,0.30463555186936836,-0.2687960751788543,8
All,LASSO,ThomasAM_2018b,0.703125,rCLR_Anaerostipes hadrus,rCLR,Anaerostipes hadrus,0.27739327102697714,-0.1357025541674911,9
All,LASSO,ThomasAM_2018b,0.703125,PA_Phocaeicola plebeius,PA,Phocaeicola plebeius,0.26848774933523534,-0.08384287417140077,10
All,LASSO,ThomasAM_2018b,0.703125,rCLR_Veillonella parvula,rCLR,Veillonella parvula,0.2668839965434788,-0.030710210191751654,11
All,LASSO,ThomasAM_2018b,0.703125,PA_Streptococcus parasanguinis,PA,Streptococcus parasanguinis,0.26568165092762625,0.06834254686241188,12
All,LASSO,ThomasAM_2018b,0.703125,PA_Parabacteroides merdae,PA,Parabacteroides merdae,0.26209452828322954,-0.022917645557357123,13
All,LASSO,ThomasAM_2018b,0.703125,rCLR_Coprococcus comes,rCLR,Coprococcus comes,0.252225976121146,-0.19737661872856346,14
All,LASSO,ThomasAM_2018b,0.703125,PA_Gemmiger formicilis,PA,Gemmiger formicilis,0.24533898414853456,-0.20444915345711212,15
All,LASSO,ThomasAM_2018b,0.703125,rCLR_Alistipes finegoldii,rCLR,Alistipes finegoldii,0.22723018641856166,0.014236640707611294,16
All,LASSO,ThomasAM_2018b,0.703125,rCLR_Dorea formicigenerans,rCLR,Dorea formicigenerans,0.22499599549081228,0.15623266030359362,17
All,LASSO,ThomasAM_2018b,0.703125,PA_Bacteroides intestinalis,PA,Bacteroides intestinalis,0.21537357713343006,0.0426260204743247,18
All,LASSO,ThomasAM_2018b,0.703125,PA_Methanobrevibacter smithii,PA,Methanobrevibacter smithii,0.21311318221178113,0.12823029930336086,19
All,LASSO,ThomasAM_2018b,0.703125,PA_Eubacterium sp. CAG:180,PA,Eubacterium sp. CAG:180,0.2102107996525121,-0.007785585172315262,20
All,LASSO,ThomasAM_2018b,0.703125,rCLR_[Ruminococcus] torques,rCLR,[Ruminococcus] torques,0.2079635150957759,0.11521434470950594,21
All,LASSO,ThomasAM_2018b,0.703125,PA_Eubacterium sp. CAG:38,PA,Eubacterium sp. CAG:38,0.20380458337090931,-0.06482849570446417,22
All,LASSO,ThomasAM_2018b,0.703125,PA_Klebsiella pneumoniae,PA,Klebsiella pneumoniae,0.2037251006776758,-0.09325444749330228,23
All,LASSO,ThomasAM_2018b,0.703125,PA_Oscillibacter sp. 57_20,PA,Oscillibacter sp. 57_20,0.1968181030593656,0.09157329827794859,24
All,LASSO,ThomasAM_2018b,0.703125,PA_Lachnospira eligens,PA,Lachnospira eligens,0.19678951892894622,-0.07617658797249537,25
All,LASSO,ThomasAM_2018b,0.703125,PA_Veillonella atypica,PA,Veillonella atypica,0.19073450519187402,-0.09283537863321299,26
All,LASSO,ThomasAM_2018b,0.703125,PA_[Eubacterium] siraeum,PA,[Eubacterium] siraeum,0.18470452492969816,0.04956076912380647,27
All,LASSO,ThomasAM_2018b,0.703125,rCLR_Lachnospira pectinoschiza,rCLR,Lachnospira pectinoschiza,0.1829589195143664,-0.09809339701751216,28
All,LASSO,ThomasAM_2018b,0.703125,PA_[Eubacterium] rectale,PA,[Eubacterium] rectale,0.1800376356962179,0.08166264066389627,29
All,LASSO,ThomasAM_2018b,0.703125,PA_Klebsiella variicola,PA,Klebsiella variicola,0.1790964633740402,0.0698603225927107,30
All,LASSO,ThomasAM_2018b,0.703125,PA_Flavonifractor plautii,PA,Flavonifractor plautii,0.1746769423822825,-0.025282189029014624,31
All,LASSO,ThomasAM_2018b,0.703125,PA_Eggerthella lenta,PA,Eggerthella lenta,0.17252252990669317,0.031713700350495054,32
All,LASSO,ThomasAM_2018b,0.703125,PA_Roseburia intestinalis,PA,Roseburia intestinalis,0.1708243921598279,-0.01301293846092871,33
All,LASSO,ThomasAM_2018b,0.703125,PA_Coprococcus catus,PA,Coprococcus catus,0.16897785771124926,0.09802275200125206,34
All,LASSO,ThomasAM_2018b,0.703125,rCLR_Adlercreutzia equolifaciens,rCLR,Adlercreutzia equolifaciens,0.16800343650101127,0.07434376862073822,35
All,LASSO,ThomasAM_2018b,0.703125,rCLR_Eubacterium ventriosum,rCLR,Eubacterium ventriosum,0.15375274850015622,0.005235370167100571,36
All,LASSO,ThomasAM_2018b,0.703125,PA_Bacteroides thetaiotaomicron,PA,Bacteroides thetaiotaomicron,0.1493061596689865,0.03499363117241875,37
All,LASSO,ThomasAM_2018b,0.703125,rCLR_Firmicutes bacterium CAG:110,rCLR,Firmicutes bacterium CAG:110,0.14902482531686775,0.09980391641417316,38
All,LASSO,ThomasAM_2018b,0.703125,PA_Parasutterella excrementihominis,PA,Parasutterella excrementihominis,0.14902470712433563,-0.020138473935721015,39
All,LASSO,ThomasAM_2018b,0.703125,rCLR_Paraprevotella xylaniphila,rCLR,Paraprevotella xylaniphila,0.14845999155072537,0.06145410152539881,40
All,LASSO,ThomasAM_2018b,0.703125,Age,covariate,Age,0.14841516919515235,-0.08444181066704316,41
All,LASSO,ThomasAM_2018b,0.703125,rCLR_Eggerthella lenta,rCLR,Eggerthella lenta,0.14380235657943433,0.017992521527739558,42
All,LASSO,ThomasAM_2018b,0.703125,PA_Roseburia inulinivorans,PA,Roseburia inulinivorans,0.1409170039416914,-0.032447994328678946,43
All,LASSO,ThomasAM_2018b,0.703125,PA_Anaerotignum lactatifermentans,PA,Anaerotignum lactatifermentans,0.1402467932223173,-0.07791488512350962,44
All,LASSO,ThomasAM_2018b,0.703125,rCLR_[Eubacterium] siraeum,rCLR,[Eubacterium] siraeum,0.13727182953276032,-0.04657606606304432,45
All,LASSO,ThomasAM_2018b,0.703125,PA_Collinsella aerofaciens,PA,Collinsella aerofaciens,0.13719340100925664,0.08424156202322779,46
All,LASSO,ThomasAM_2018b,0.703125,PA_Blautia sp. CAG:257,PA,Blautia sp. CAG:257,0.13533277997432575,0.0486732437749725,47
All,LASSO,ThomasAM_2018b,0.703125,PA_Akkermansia muciniphila,PA,Akkermansia muciniphila,0.13138890316050744,0.023462304135804895,48
All,LASSO,ThomasAM_2018b,0.703125,rCLR_Roseburia hominis,rCLR,Roseburia hominis,0.13056792898491917,0.047715156740082684,49
All,LASSO,ThomasAM_2018b,0.703125,PA_Butyricimonas virosa,PA,Butyricimonas virosa,0.1289591950439035,0.0639810439328645,50
All,LASSO,ThomasAM_2018b,0.703125,rCLR_Flavonifractor plautii,rCLR,Flavonifractor plautii,0.12857157998414911,-0.0987347436605117,51
All,LASSO,ThomasAM_2018b,0.703125,rCLR_Ruthenibacterium lactatiformans,rCLR,Ruthenibacterium lactatiformans,0.12786279508634674,-0.09487698455468804,52
All,LASSO,ThomasAM_2018b,0.703125,Gender,covariate,Gender,0.1260153626506695,0.013405889643688237,53
All,LASSO,ThomasAM_2018b,0.703125,PA_Bifidobacterium bifidum,PA,Bifidobacterium bifidum,0.1213559370263796,-0.06455103033318065,54
All,LASSO,ThomasAM_2018b,0.703125,PA_Alistipes shahii,PA,Alistipes shahii,0.11449092343425978,0.05116912779184793,55
All,LASSO,ThomasAM_2018b,0.703125,PA_Bacteroides caccae,PA,Bacteroides caccae,0.11436928459857501,0.022341107434732912,56
All,LASSO,ThomasAM_2018b,0.703125,rCLR_Bacteroides intestinalis,rCLR,Bacteroides intestinalis,0.1105276693619735,0.10031211967017488,57
All,LASSO,ThomasAM_2018b,0.703125,PA_Enterocloster bolteae,PA,Enterocloster bolteae,0.11050057875256218,0.0558710791445539,58
All,LASSO,ThomasAM_2018b,0.703125,rCLR_Butyricimonas virosa,rCLR,Butyricimonas virosa,0.1060903188877912,-0.056398928894837615,59
All,LASSO,ThomasAM_2018b,0.703125,PA_Bacteroides salyersiae,PA,Bacteroides salyersiae,0.10597698443321728,0.023420328051539777,60
All,LASSO,ThomasAM_2018b,0.703125,rCLR_Ruminococcus bromii,rCLR,Ruminococcus bromii,0.10522567368091339,0.04130674986914,61
All,LASSO,ThomasAM_2018b,0.703125,PA_Intestinibacter bartlettii,PA,Intestinibacter bartlettii,0.10472144275451829,0.04760065579750831,62
All,LASSO,ThomasAM_2018b,0.703125,rCLR_Bacteroides thetaiotaomicron,rCLR,Bacteroides thetaiotaomicron,0.10398894683751436,-0.09108393215027502,63
All,LASSO,ThomasAM_2018b,0.703125,PA_Phocaeicola coprocola,PA,Phocaeicola coprocola,0.10320385879577389,0.006701549272452814,64
All,LASSO,ThomasAM_2018b,0.703125,rCLR_Bacteroides stercoris,rCLR,Bacteroides stercoris,0.09987415570040713,0.005197370037208295,65
All,LASSO,ThomasAM_2018b,0.703125,PA_Phascolarctobacterium faecium,PA,Phascolarctobacterium faecium,0.0994543597202814,-0.004930456926642843,66
All,LASSO,ThomasAM_2018b,0.703125,PA_Lachnospira pectinoschiza,PA,Lachnospira pectinoschiza,0.09918581546825034,0.05459769658802768,67
All,LASSO,ThomasAM_2018b,0.703125,PA_Bifidobacterium pseudocatenulatum,PA,Bifidobacterium pseudocatenulatum,0.09802245513461033,-0.01042792075900108,68
All,LASSO,ThomasAM_2018b,0.703125,PA_Coprococcus comes,PA,Coprococcus comes,0.09493810223083171,0.06242922520391498,69
All,LASSO,ThomasAM_2018b,0.703125,rCLR_Faecalibacterium prausnitzii,rCLR,Faecalibacterium prausnitzii,0.09416239270825438,-0.06520970939817451,70
All,LASSO,ThomasAM_2018b,0.703125,PA_Clostridium sp. CAG:58,PA,Clostridium sp. CAG:58,0.09397978111525655,0.03399785363342615,71
All,LASSO,ThomasAM_2018b,0.703125,PA_Eubacterium sp. CAG:251,PA,Eubacterium sp. CAG:251,0.09233131306653357,-0.04415845407529869,72
All,LASSO,ThomasAM_2018b,0.703125,rCLR_Erysipelatoclostridium ramosum,rCLR,Erysipelatoclostridium ramosum,0.091199203195193,0.01092748089703388,73
All,LASSO,ThomasAM_2018b,0.703125,PA_Dorea longicatena,PA,Dorea longicatena,0.08773288550460508,-0.03979445228584408,74
All,LASSO,ThomasAM_2018b,0.703125,rCLR_Slackia isoflavoniconvertens,rCLR,Slackia isoflavoniconvertens,0.07934795295354383,-0.024701804008344763,75
All,LASSO,ThomasAM_2018b,0.703125,PA_Lawsonibacter asaccharolyticus,PA,Lawsonibacter asaccharolyticus,0.0773110048578646,-0.04547706168109684,76
All,LASSO,ThomasAM_2018b,0.703125,rCLR_Bacteroides xylanisolvens,rCLR,Bacteroides xylanisolvens,0.07594627393718587,0.035179960084568265,77
All,LASSO,ThomasAM_2018b,0.703125,rCLR_Phocaeicola vulgatus,rCLR,Phocaeicola vulgatus,0.07568095875892993,-0.021705194090154277,78
All,LASSO,ThomasAM_2018b,0.703125,rCLR_Bacteroides caccae,rCLR,Bacteroides caccae,0.07542756261896118,-0.04008908747217108,79
All,LASSO,ThomasAM_2018b,0.703125,PA_Alistipes inops,PA,Alistipes inops,0.0741012226494308,0.03368237393155945,80
All,LASSO,ThomasAM_2018b,0.703125,rCLR_Dialister invisus,rCLR,Dialister invisus,0.07255424834703253,0.0005469804912705378,81
All,LASSO,ThomasAM_2018b,0.703125,rCLR_Gemmiger formicilis,rCLR,Gemmiger formicilis,0.0712418099288008,-0.011561355372362168,82
All,LASSO,ThomasAM_2018b,0.703125,rCLR_Alistipes inops,rCLR,Alistipes inops,0.07108728894856774,-0.012852958415188232,83
All,LASSO,ThomasAM_2018b,0.703125,PA_[Ruminococcus] gnavus,PA,[Ruminococcus] gnavus,0.07076508738542334,-0.03616068501583729,84
All,LASSO,ThomasAM_2018b,0.703125,rCLR_Parabacteroides merdae,rCLR,Parabacteroides merdae,0.06857152685743385,0.03591660290080094,85
All,LASSO,ThomasAM_2018b,0.703125,rCLR_Bacteroides uniformis,rCLR,Bacteroides uniformis,0.06813354896746142,0.004080204889921132,86
All,LASSO,ThomasAM_2018b,0.703125,rCLR_Proteobacteria bacterium CAG:139,rCLR,Proteobacteria bacterium CAG:139,0.06679981824789052,0.005574592420389572,87
All,LASSO,ThomasAM_2018b,0.703125,rCLR_Roseburia intestinalis,rCLR,Roseburia intestinalis,0.06519995914498304,-0.009239258594182415,88
All,LASSO,ThomasAM_2018b,0.703125,PA_Bacteroides sp. CAG:144,PA,Bacteroides sp. CAG:144,0.06383458812221979,0.02721629726141155,89
All,LASSO,ThomasAM_2018b,0.703125,rCLR_Anaerobutyricum hallii,rCLR,Anaerobutyricum hallii,0.06325880089226894,0.06325880089226894,90
All,LASSO,ThomasAM_2018b,0.703125,PA_Phocaeicola massiliensis,PA,Phocaeicola massiliensis,0.06296814569894503,-0.022635607930993316,91
All,LASSO,ThomasAM_2018b,0.703125,rCLR_Bacteroides eggerthii,rCLR,Bacteroides eggerthii,0.06128282264202149,0.002479421389349612,92
All,LASSO,ThomasAM_2018b,0.703125,rCLR_Methanobrevibacter smithii,rCLR,Methanobrevibacter smithii,0.06102469294438442,0.020556400074317163,93
All,LASSO,ThomasAM_2018b,0.703125,PA_Phocaeicola vulgatus,PA,Phocaeicola vulgatus,0.06078553035198297,-0.009262557006016449,94
All,LASSO,ThomasAM_2018b,0.703125,PA_Gordonibacter pamelaeae,PA,Gordonibacter pamelaeae,0.05807418377852949,0.027843786743130573,95
All,LASSO,ThomasAM_2018b,0.703125,rCLR_Agathobaculum butyriciproducens,rCLR,Agathobaculum butyriciproducens,0.05793850872771991,0.007725590852136776,96
All,LASSO,ThomasAM_2018b,0.703125,PA_Prevotella copri,PA,Prevotella copri,0.05753347519379903,-0.001164645246838032,97
All,LASSO,ThomasAM_2018b,0.703125,rCLR_Eubacterium sp. CAG:38,rCLR,Eubacterium sp. CAG:38,0.056787948322281366,0.028060304978254107,98
All,LASSO,ThomasAM_2018b,0.703125,PA_[Ruminococcus] lactaris,PA,[Ruminococcus] lactaris,0.055153345109541334,-0.013131748835605086,99
All,LASSO,ThomasAM_2018b,0.703125,rCLR_Intestinibacter bartlettii,rCLR,Intestinibacter bartlettii,0.054992458692590965,0.019867562744299357,100
All,LASSO,ThomasAM_2018b,0.703125,PA_Alistipes finegoldii,PA,Alistipes finegoldii,0.054274439479245706,0.03972427059757558,101
All,LASSO,ThomasAM_2018b,0.703125,PA_Firmicutes bacterium CAG:83,PA,Firmicutes bacterium CAG:83,0.05363647362741919,-0.024551906942128512,102
All,LASSO,ThomasAM_2018b,0.703125,PA_Phascolarctobacterium succinatutens,PA,Phascolarctobacterium succinatutens,0.05362533920248131,0.009155545717496808,103
All,LASSO,ThomasAM_2018b,0.703125,PA_Coprobacter fastidiosus,PA,Coprobacter fastidiosus,0.0535559096124931,-0.012334570564541502,104
All,LASSO,ThomasAM_2018b,0.703125,rCLR_Bacteroides finegoldii,rCLR,Bacteroides finegoldii,0.051774581953139734,-0.0464538390507063,105
All,LASSO,ThomasAM_2018b,0.703125,PA_Slackia isoflavoniconvertens,PA,Slackia isoflavoniconvertens,0.05117363914039101,-0.02001020504848623,106
All,LASSO,ThomasAM_2018b,0.703125,rCLR_Lachnospira eligens,rCLR,Lachnospira eligens,0.049919319516399094,-0.018604553266818074,107
All,LASSO,ThomasAM_2018b,0.703125,rCLR_[Ruminococcus] gnavus,rCLR,[Ruminococcus] gnavus,0.04947580415593601,0.038053664116986394,108
All,LASSO,ThomasAM_2018b,0.703125,PA_Ruminococcus bromii,PA,Ruminococcus bromii,0.049457691507146025,-0.005261456543313411,109
All,LASSO,ThomasAM_2018b,0.703125,rCLR_Coprococcus eutactus,rCLR,Coprococcus eutactus,0.047489568970024494,0.022468659030842875,110
All,LASSO,ThomasAM_2018b,0.703125,rCLR_Eubacterium sp. CAG:274,rCLR,Eubacterium sp. CAG:274,0.04718775605674257,-0.01891021220510737,111
All,LASSO,ThomasAM_2018b,0.703125,rCLR_Klebsiella pneumoniae,rCLR,Klebsiella pneumoniae,0.04512975382747169,0.014946096007627233,112
All,LASSO,ThomasAM_2018b,0.703125,rCLR_Collinsella aerofaciens,rCLR,Collinsella aerofaciens,0.04503352445991534,0.031133473537521158,113
All,LASSO,ThomasAM_2018b,0.703125,rCLR_Phocaeicola dorei,rCLR,Phocaeicola dorei,0.0448816028817298,-0.002383091399045829,114
All,LASSO,ThomasAM_2018b,0.703125,PA_Alistipes putredinis,PA,Alistipes putredinis,0.043502721987332765,-0.018839761490577183,115
All,LASSO,ThomasAM_2018b,0.703125,PA_Blautia wexlerae,PA,Blautia wexlerae,0.04207018370258915,0.025087724226314622,116
All,LASSO,ThomasAM_2018b,0.703125,rCLR_Dorea longicatena,rCLR,Dorea longicatena,0.04182265513250985,0.03659017684607998,117
All,LASSO,ThomasAM_2018b,0.703125,rCLR_Bacteroides sp. CAG:144,rCLR,Bacteroides sp. CAG:144,0.04130952253049274,0.013617872633046703,118
All,LASSO,ThomasAM_2018b,0.703125,PA_Eubacterium ventriosum,PA,Eubacterium ventriosum,0.04099780826132169,-0.008000918166745143,119
All,LASSO,ThomasAM_2018b,0.703125,PA_Anaerostipes hadrus,PA,Anaerostipes hadrus,0.040846166957245744,0.03499059756826995,120
All,LASSO,ThomasAM_2018b,0.703125,rCLR_Clostridium sp. CAG:58,rCLR,Clostridium sp. CAG:58,0.040668348958859034,-0.03269651236596153,121
All,LASSO,ThomasAM_2018b,0.703125,PA_Escherichia coli,PA,Escherichia coli,0.04004513059069101,-0.0020802665241917294,122
All,LASSO,ThomasAM_2018b,0.703125,rCLR_Klebsiella variicola,rCLR,Klebsiella variicola,0.03958727524060589,-0.016887484059048403,123
All,LASSO,ThomasAM_2018b,0.703125,rCLR_Roseburia faecis,rCLR,Roseburia faecis,0.039551761307779806,-0.014776305399218754,124
All,LASSO,ThomasAM_2018b,0.703125,rCLR_Ruminococcus bicirculans,rCLR,Ruminococcus bicirculans,0.03915164453374207,0.016713353895685304,125
All,LASSO,ThomasAM_2018b,0.703125,rCLR_Acidaminococcus intestini,rCLR,Acidaminococcus intestini,0.03878802034901539,0.013305787746738539,126
All,LASSO,ThomasAM_2018b,0.703125,PA_Roseburia faecis,PA,Roseburia faecis,0.03863353492164166,-0.014134220093283544,127
All,LASSO,ThomasAM_2018b,0.703125,PA_Megamonas funiformis,PA,Megamonas funiformis,0.03853238655616468,-0.015030363550277,128
All,LASSO,ThomasAM_2018b,0.703125,rCLR_Phocaeicola plebeius,rCLR,Phocaeicola plebeius,0.037748227204980965,0.00896917499786281,129
All,LASSO,ThomasAM_2018b,0.703125,rCLR_Phascolarctobacterium succinatutens,rCLR,Phascolarctobacterium succinatutens,0.03772992409547108,-0.0009815231054855925,130
All,LASSO,ThomasAM_2018b,0.703125,PA_Bacteroides cellulosilyticus,PA,Bacteroides cellulosilyticus,0.03759171596538247,-0.0045020019120218515,131
All,LASSO,ThomasAM_2018b,0.703125,PA_Dorea formicigenerans,PA,Dorea formicigenerans,0.03751551875118156,0.031928101064835374,132
All,LASSO,ThomasAM_2018b,0.703125,rCLR_[Eubacterium] rectale,rCLR,[Eubacterium] rectale,0.0346629091103415,-0.0016203125712786611,133
All,LASSO,ThomasAM_2018b,0.703125,PA_Bacteroides uniformis,PA,Bacteroides uniformis,0.03301784468597946,-0.02088085039429531,134
All,LASSO,ThomasAM_2018b,0.703125,rCLR_Roseburia inulinivorans,rCLR,Roseburia inulinivorans,0.03270172675530039,0.009557640926033615,135
All,LASSO,ThomasAM_2018b,0.703125,rCLR_Klebsiella quasipneumoniae,rCLR,Klebsiella quasipneumoniae,0.032534821086550515,0.002116491147723478,136
All,LASSO,ThomasAM_2018b,0.703125,PA_Bacteroides fragilis,PA,Bacteroides fragilis,0.032397595116501046,-0.0023726600950833006,137
All,LASSO,ThomasAM_2018b,0.703125,PA_Adlercreutzia equolifaciens_1,PA,Adlercreutzia equolifaciens_1,0.03231289602842235,-0.016948102816839884,138
All,LASSO,ThomasAM_2018b,0.703125,rCLR_Odoribacter splanchnicus,rCLR,Odoribacter splanchnicus,0.031970864363382714,0.0019078410264167787,139
All,LASSO,ThomasAM_2018b,0.703125,rCLR_Bacteroides fragilis,rCLR,Bacteroides fragilis,0.03169317366209372,0.02562862875695608,140
All,LASSO,ThomasAM_2018b,0.703125,PA_Acidaminococcus intestini,PA,Acidaminococcus intestini,0.03131761921330624,-0.0047450938201979145,141
All,LASSO,ThomasAM_2018b,0.703125,rCLR_Akkermansia muciniphila,rCLR,Akkermansia muciniphila,0.03016131660510734,-0.0010184763391389222,142
All,LASSO,ThomasAM_2018b,0.703125,rCLR_Bacteroides cellulosilyticus,rCLR,Bacteroides cellulosilyticus,0.029281765723222608,-0.0055828866328463305,143
All,LASSO,ThomasAM_2018b,0.703125,PA_Eubacterium ramulus,PA,Eubacterium ramulus,0.028802686211954785,0.011077956235367215,144
All,LASSO,ThomasAM_2018b,0.703125,PA_Blautia obeum,PA,Blautia obeum,0.028180127067314077,0.022631708266495756,145
All,LASSO,ThomasAM_2018b,0.703125,rCLR_Bacteroides ovatus,rCLR,Bacteroides ovatus,0.027287320684461894,-0.022648176213869744,146
All,LASSO,ThomasAM_2018b,0.703125,rCLR_Anaerotignum lactatifermentans,rCLR,Anaerotignum lactatifermentans,0.027266733183188556,-0.010991028616678144,147
All,LASSO,ThomasAM_2018b,0.703125,rCLR_Megamonas funiformis,rCLR,Megamonas funiformis,0.026513844105630117,0.023926924369991165,148
All,LASSO,ThomasAM_2018b,0.703125,PA_Desulfovibrio piger,PA,Desulfovibrio piger,0.025915878144657827,0.0028795420160730905,149
All,LASSO,ThomasAM_2018b,0.703125,PA_Bifidobacterium adolescentis,PA,Bifidobacterium adolescentis,0.02570329530788695,0.004292825938686757,150
All,LASSO,ThomasAM_2018b,0.703125,PA_Barnesiella intestinihominis,PA,Barnesiella intestinihominis,0.024808090804859816,0.011355816213492168,151
All,LASSO,ThomasAM_2018b,0.703125,rCLR_Alistipes shahii,rCLR,Alistipes shahii,0.024184833978014502,-0.018773341536294303,152
All,LASSO,ThomasAM_2018b,0.703125,PA_Firmicutes bacterium CAG:145,PA,Firmicutes bacterium CAG:145,0.02383584780147051,0.0134837825154304,153
All,LASSO,ThomasAM_2018b,0.703125,PA_Anaerobutyricum hallii,PA,Anaerobutyricum hallii,0.023746375894231682,-0.018572584498281763,154
All,LASSO,ThomasAM_2018b,0.703125,rCLR_Holdemanella biformis,rCLR,Holdemanella biformis,0.023685901292941833,-0.00783599836216564,155
All,LASSO,ThomasAM_2018b,0.703125,PA_Agathobaculum butyriciproducens,PA,Agathobaculum butyriciproducens,0.023187775834126012,-0.012204092544276858,156
All,LASSO,ThomasAM_2018b,0.703125,rCLR_Blautia sp. CAG:257,rCLR,Blautia sp. CAG:257,0.0203633319762208,-0.0004939329891906189,157
All,LASSO,ThomasAM_2018b,0.703125,rCLR_Bifidobacterium pseudocatenulatum,rCLR,Bifidobacterium pseudocatenulatum,0.0202914663287262,-0.006516015331329889,158
All,LASSO,ThomasAM_2018b,0.703125,PA_Oscillibacter sp. CAG:241,PA,Oscillibacter sp. CAG:241,0.01964905896412476,0.007965834715185709,159
All,LASSO,ThomasAM_2018b,0.703125,PA_Proteobacteria bacterium CAG:139,PA,Proteobacteria bacterium CAG:139,0.019277740546782336,0.0024097175683477894,160
All,LASSO,ThomasAM_2018b,0.703125,PA_[Ruminococcus] torques,PA,[Ruminococcus] torques,0.018117948473268912,0.00793182076018685,161
All,LASSO,ThomasAM_2018b,0.703125,rCLR_Bifidobacterium longum,rCLR,Bifidobacterium longum,0.017578031224958376,-0.015495063913599925,162
All,LASSO,ThomasAM_2018b,0.703125,rCLR_Parabacteroides distasonis,rCLR,Parabacteroides distasonis,0.017358534946421304,-0.007022910942548729,163
All,LASSO,ThomasAM_2018b,0.703125,PA_Coprococcus eutactus,PA,Coprococcus eutactus,0.017095316172815036,-0.007123048405339601,164
All,LASSO,ThomasAM_2018b,0.703125,rCLR_Phocaeicola coprocola,rCLR,Phocaeicola coprocola,0.017011260026501256,0.006576063633246258,165
All,LASSO,ThomasAM_2018b,0.703125,rCLR_Oscillibacter sp. CAG:241,rCLR,Oscillibacter sp. CAG:241,0.016896421066009224,-0.0022957698168419383,166
All,LASSO,ThomasAM_2018b,0.703125,PA_Bacteroides ovatus,PA,Bacteroides ovatus,0.01612687114386741,-0.0018752175748683018,167
All,LASSO,ThomasAM_2018b,0.703125,rCLR_Eubacterium sp. CAG:251,rCLR,Eubacterium sp. CAG:251,0.016124807322031,-0.009664520261202738,168
All,LASSO,ThomasAM_2018b,0.703125,rCLR_Phocaeicola massiliensis,rCLR,Phocaeicola massiliensis,0.01608456066856168,0.006411439390411731,169
All,LASSO,ThomasAM_2018b,0.703125,PA_Roseburia hominis,PA,Roseburia hominis,0.014890249183509459,-0.004659976090909072,170
All,LASSO,ThomasAM_2018b,0.703125,rCLR_Barnesiella intestinihominis,rCLR,Barnesiella intestinihominis,0.014874745096487693,0.0042506293542422975,171
All,LASSO,ThomasAM_2018b,0.703125,rCLR_Fusicatenibacter saccharivorans,rCLR,Fusicatenibacter saccharivorans,0.014606312251294107,0.008819974357468207,172
All,LASSO,ThomasAM_2018b,0.703125,rCLR_Bacteroides salyersiae,rCLR,Bacteroides salyersiae,0.01449126988237293,0.006006698082687869,173
All,LASSO,ThomasAM_2018b,0.703125,PA_Bifidobacterium longum,PA,Bifidobacterium longum,0.012519684449273046,0.004533997872984401,174
All,LASSO,ThomasAM_2018b,0.703125,rCLR_Desulfovibrio piger,rCLR,Desulfovibrio piger,0.011578261919522952,0.007165667244042857,175
All,LASSO,ThomasAM_2018b,0.703125,rCLR_Parasutterella excrementihominis,rCLR,Parasutterella excrementihominis,0.010769240868014014,-0.006616957185885212,176
All,LASSO,ThomasAM_2018b,0.703125,PA_Ruthenibacterium lactatiformans,PA,Ruthenibacterium lactatiformans,0.010723003426102913,0.005483354024711716,177
All,LASSO,ThomasAM_2018b,0.703125,rCLR_Enterocloster bolteae,rCLR,Enterocloster bolteae,0.010526314588401007,-0.0015279698931181516,178
All,LASSO,ThomasAM_2018b,0.703125,rCLR_Gordonibacter pamelaeae,rCLR,Gordonibacter pamelaeae,0.010346846638332758,-0.0029273136803980005,179
All,LASSO,ThomasAM_2018b,0.703125,PA_Bacteroides stercoris,PA,Bacteroides stercoris,0.010018770597609538,0.0005400954500059051,180
All,LASSO,ThomasAM_2018b,0.703125,rCLR_Bifidobacterium adolescentis,rCLR,Bifidobacterium adolescentis,0.00940109506741819,-0.003210914676571912,181
All,LASSO,ThomasAM_2018b,0.703125,PA_Bacteroides finegoldii,PA,Bacteroides finegoldii,0.008550079210933778,0.00014690857750745325,182
All,LASSO,ThomasAM_2018b,0.703125,rCLR_Prevotella copri,rCLR,Prevotella copri,0.008469798349553389,-0.0046879115971552995,183
All,LASSO,ThomasAM_2018b,0.703125,rCLR_Blautia obeum,rCLR,Blautia obeum,0.008331561762662146,0.0054601178196742135,184
All,LASSO,ThomasAM_2018b,0.703125,PA_Holdemanella biformis,PA,Holdemanella biformis,0.007620340998815762,-0.0003699194659619301,185
All,LASSO,ThomasAM_2018b,0.703125,rCLR_Streptococcus parasanguinis,rCLR,Streptococcus parasanguinis,0.007132899751169733,0.0008982118991908377,186
All,LASSO,ThomasAM_2018b,0.703125,rCLR_Phascolarctobacterium faecium,rCLR,Phascolarctobacterium faecium,0.0063494970968405,0.0007237629235367658,187
All,LASSO,ThomasAM_2018b,0.703125,PA_Erysipelatoclostridium ramosum,PA,Erysipelatoclostridium ramosum,0.0063295154728914465,0.0028433370288379546,188
All,LASSO,ThomasAM_2018b,0.703125,rCLR_Oscillibacter sp. 57_20,rCLR,Oscillibacter sp. 57_20,0.006316368579562945,-0.0014380120229423167,189
All,LASSO,ThomasAM_2018b,0.703125,PA_Bacteroides eggerthii,PA,Bacteroides eggerthii,0.0062671722224391935,0.00031291159455830534,190
All,LASSO,ThomasAM_2018b,0.703125,rCLR_Firmicutes bacterium CAG:145,rCLR,Firmicutes bacterium CAG:145,0.006117236826662683,-0.0025854285123885104,191
All,LASSO,ThomasAM_2018b,0.703125,PA_Ruminococcus bicirculans,PA,Ruminococcus bicirculans,0.0060783888958170175,-0.0029307951743371345,192
All,LASSO,ThomasAM_2018b,0.703125,PA_Bacteroides xylanisolvens,PA,Bacteroides xylanisolvens,0.004490583261566514,0.0006718195430690064,193
All,LASSO,ThomasAM_2018b,0.703125,rCLR_[Ruminococcus] lactaris,rCLR,[Ruminococcus] lactaris,0.004180042726428994,0.0005343512396843392,194
All,LASSO,ThomasAM_2018b,0.703125,PA_Faecalibacterium prausnitzii,PA,Faecalibacterium prausnitzii,0.0030022481350081135,-0.0030022481350081135,195
All,LASSO,ThomasAM_2018b,0.703125,PA_Klebsiella quasipneumoniae,PA,Klebsiella quasipneumoniae,0.00219941075922129,-0.0006873158622566536,196
All,LASSO,ThomasAM_2018b,0.703125,rCLR_Blautia wexlerae,rCLR,Blautia wexlerae,0.002167296205459392,-0.0003729466440476635,197
All,LASSO,ThomasAM_2018b,0.703125,rCLR_Eubacterium sp. CAG:180,rCLR,Eubacterium sp. CAG:180,0.001969162447569936,0.0007453692806909574,198
All,LASSO,ThomasAM_2018b,0.703125,rCLR_Coprococcus catus,rCLR,Coprococcus catus,0.0014661691981841148,-0.0009360116654006576,199
All,LASSO,ThomasAM_2018b,0.703125,rCLR_Escherichia coli,rCLR,Escherichia coli,0.0008872874655713357,3.0473694155341156e-05,200
All,LASSO,ThomasAM_2018b,0.703125,rCLR_Firmicutes bacterium CAG:83,rCLR,Firmicutes bacterium CAG:83,0.0007187809965753335,-0.0002803173151388354,201
All,LASSO,ThomasAM_2018b,0.703125,PA_Fusicatenibacter saccharivorans,PA,Fusicatenibacter saccharivorans,0.0007039663119434735,0.0005889212337270303,202
All,LASSO,ThomasAM_2018b,0.703125,PA_Eubacterium sp. CAG:274,PA,Eubacterium sp. CAG:274,0.0006792390758611401,0.000156436934262224,203
All,LASSO,ThomasAM_2018b,0.703125,rCLR_Alistipes putredinis,rCLR,Alistipes putredinis,0.00023614174658235086,5.860728282731307e-07,204
All,LASSO,ThomasAM_2018b,0.703125,PA_Odoribacter splanchnicus,PA,Odoribacter splanchnicus,0.0,0.0,205
All,LASSO,ThomasAM_2018b,0.703125,PA_Parabacteroides distasonis,PA,Parabacteroides distasonis,0.0,0.0,206
All,LASSO,ThomasAM_2018b,0.703125,PA_Adlercreutzia equolifaciens,PA,Adlercreutzia equolifaciens,0.0,0.0,207
All,LASSO,ThomasAM_2018b,0.703125,PA_Phocaeicola dorei,PA,Phocaeicola dorei,0.0,0.0,208
All,LASSO,ThomasAM_2018b,0.703125,rCLR_Veillonella atypica,rCLR,Veillonella atypica,0.0,0.0,209
All,LASSO,ThomasAM_2018b,0.703125,rCLR_Eubacterium ramulus,rCLR,Eubacterium ramulus,0.0,0.0,210
All,LASSO,ThomasAM_2018b,0.703125,PA_Dialister invisus,PA,Dialister invisus,0.0,0.0,211
All,LASSO,ThomasAM_2018b,0.703125,PA_Paraprevotella xylaniphila,PA,Paraprevotella xylaniphila,0.0,0.0,212
All,LASSO,ThomasAM_2018b,0.703125,rCLR_Adlercreutzia equolifaciens_1,rCLR,Adlercreutzia equolifaciens_1,0.0,0.0,213
All,LASSO,ThomasAM_2018b,0.703125,rCLR_Lawsonibacter asaccharolyticus,rCLR,Lawsonibacter asaccharolyticus,0.0,0.0,214
All,LASSO,ThomasAM_2018b,0.703125,rCLR_Bifidobacterium bifidum,rCLR,Bifidobacterium bifidum,0.0,0.0,215
All,LASSO,ThomasAM_2018b,0.703125,rCLR_Coprobacter fastidiosus,rCLR,Coprobacter fastidiosus,0.0,0.0,216
All,LASSO,ThomasAM_2019_c,0.8981250000000001,PA_Parvimonas micra,PA,Parvimonas micra,1.1389696492178765,0.5046068066155148,1
All,LASSO,ThomasAM_2019_c,0.8981250000000001,rCLR_Streptococcus salivarius,rCLR,Streptococcus salivarius,0.47832278233155384,-0.02050435777293229,2
All,LASSO,ThomasAM_2019_c,0.8981250000000001,rCLR_Parvimonas micra,rCLR,Parvimonas micra,0.4154996714274916,-0.1495312954725335,3
All,LASSO,ThomasAM_2019_c,0.8981250000000001,PA_Streptococcus salivarius,PA,Streptococcus salivarius,0.3719870038237062,-0.01978654275658024,4
All,LASSO,ThomasAM_2019_c,0.8981250000000001,PA_Firmicutes bacterium CAG:110,PA,Firmicutes bacterium CAG:110,0.35988710878081137,0.08827807003750653,5
All,LASSO,ThomasAM_2019_c,0.8981250000000001,PA_Veillonella parvula,PA,Veillonella parvula,0.35208850338772607,0.14670354307821917,6
All,LASSO,ThomasAM_2019_c,0.8981250000000001,PA_Klebsiella pneumoniae,PA,Klebsiella pneumoniae,0.3014928041754552,0.08903977046390506,7
All,LASSO,ThomasAM_2019_c,0.8981250000000001,rCLR_Veillonella parvula,rCLR,Veillonella parvula,0.3007496631682965,-0.048663223126108046,8
All,LASSO,ThomasAM_2019_c,0.8981250000000001,PA_Klebsiella variicola,PA,Klebsiella variicola,0.29306916101539465,-0.060861007878596274,9
All,LASSO,ThomasAM_2019_c,0.8981250000000001,Age,covariate,Age,0.2691816237964442,-0.011803351399572757,10
All,LASSO,ThomasAM_2019_c,0.8981250000000001,rCLR_Dorea formicigenerans,rCLR,Dorea formicigenerans,0.23688855967077105,-0.14105998861354307,11
All,LASSO,ThomasAM_2019_c,0.8981250000000001,PA_Lachnospira eligens,PA,Lachnospira eligens,0.22999706943960668,0.05609684620478206,12
All,LASSO,ThomasAM_2019_c,0.8981250000000001,PA_Phocaeicola plebeius,PA,Phocaeicola plebeius,0.20932131179614108,0.004379106941341864,13
All,LASSO,ThomasAM_2019_c,0.8981250000000001,PA_Streptococcus parasanguinis,PA,Streptococcus parasanguinis,0.20596177841121346,0.029111205429146813,14
All,LASSO,ThomasAM_2019_c,0.8981250000000001,PA_Veillonella atypica,PA,Veillonella atypica,0.19938325516201177,0.07312344321345172,15
All,LASSO,ThomasAM_2019_c,0.8981250000000001,rCLR_Anaerostipes hadrus,rCLR,Anaerostipes hadrus,0.18942761688984516,0.055907570210485244,16
All,LASSO,ThomasAM_2019_c,0.8981250000000001,PA_Gemmiger formicilis,PA,Gemmiger formicilis,0.1875723609926318,0.05813825218368688,17
All,LASSO,ThomasAM_2019_c,0.8981250000000001,PA_Methanobrevibacter smithii,PA,Methanobrevibacter smithii,0.18237592780695203,-0.08289814900316003,18
All,LASSO,ThomasAM_2019_c,0.8981250000000001,rCLR_[Ruminococcus] torques,rCLR,[Ruminococcus] torques,0.1818389901687784,-0.02059493680311264,19
All,LASSO,ThomasAM_2019_c,0.8981250000000001,PA_Oscillibacter sp. 57_20,PA,Oscillibacter sp. 57_20,0.18115658648513483,-0.043132520591698774,20
All,LASSO,ThomasAM_2019_c,0.8981250000000001,PA_Bacteroides intestinalis,PA,Bacteroides intestinalis,0.18050836295597472,0.06370883398446162,21
All,LASSO,ThomasAM_2019_c,0.8981250000000001,PA_[Eubacterium] rectale,PA,[Eubacterium] rectale,0.1795440449824656,-0.05998357108700719,22
All,LASSO,ThomasAM_2019_c,0.8981250000000001,rCLR_Streptococcus thermophilus,rCLR,Streptococcus thermophilus,0.17819885048229422,0.017189319479631184,23
All,LASSO,ThomasAM_2019_c,0.8981250000000001,PA_Parabacteroides merdae,PA,Parabacteroides merdae,0.17729520148000874,-0.030995664594407113,24
All,LASSO,ThomasAM_2019_c,0.8981250000000001,PA_[Eubacterium] siraeum,PA,[Eubacterium] siraeum,0.17714036588969045,-0.0767143316845116,25
All,LASSO,ThomasAM_2019_c,0.8981250000000001,PA_Roseburia intestinalis,PA,Roseburia intestinalis,0.17315788094390736,0.0841682951261088,26
All,LASSO,ThomasAM_2019_c,0.8981250000000001,PA_Coprococcus catus,PA,Coprococcus catus,0.16916351090262716,-0.07822590099543456,27
All,LASSO,ThomasAM_2019_c,0.8981250000000001,PA_Eubacterium sp. CAG:180,PA,Eubacterium sp. CAG:180,0.16328708115199048,-0.015053581234185659,28
All,LASSO,ThomasAM_2019_c,0.8981250000000001,rCLR_Eggerthella lenta,rCLR,Eggerthella lenta,0.1631991388595745,0.01620616065967631,29
All,LASSO,ThomasAM_2019_c,0.8981250000000001,PA_Blautia sp. CAG:257,PA,Blautia sp. CAG:257,0.16195032892672442,-0.0033880821951197395,30
All,LASSO,ThomasAM_2019_c,0.8981250000000001,rCLR_Adlercreutzia equolifaciens,rCLR,Adlercreutzia equolifaciens,0.1601678788464878,-0.08014610768602042,31
All,LASSO,ThomasAM_2019_c,0.8981250000000001,PA_Eggerthella lenta,PA,Eggerthella lenta,0.16016166335654236,-0.06352020643035676,32
All,LASSO,ThomasAM_2019_c,0.8981250000000001,PA_Streptococcus thermophilus,PA,Streptococcus thermophilus,0.15951044355191935,-0.0041323949106714655,33
All,LASSO,ThomasAM_2019_c,0.8981250000000001,Gender,covariate,Gender,0.14652924317242713,-0.023535785172773275,34
All,LASSO,ThomasAM_2019_c,0.8981250000000001,rCLR_Butyricimonas virosa,rCLR,Butyricimonas virosa,0.14477505263786647,0.030054642724293944,35
All,LASSO,ThomasAM_2019_c,0.8981250000000001,PA_Bacteroides caccae,PA,Bacteroides caccae,0.1430688345436733,-0.06300408844328016,36
All,LASSO,ThomasAM_2019_c,0.8981250000000001,rCLR_Ruthenibacterium lactatiformans,rCLR,Ruthenibacterium lactatiformans,0.1423600307299205,-0.000160051714270823,37
All,LASSO,ThomasAM_2019_c,0.8981250000000001,rCLR_Eubacterium ventriosum,rCLR,Eubacterium ventriosum,0.13930129393030516,0.011813094025970125,38
All,LASSO,ThomasAM_2019_c,0.8981250000000001,rCLR_Flavonifractor plautii,rCLR,Flavonifractor plautii,0.13710248924391172,0.010474841362586543,39
All,LASSO,ThomasAM_2019_c,0.8981250000000001,PA_Collinsella aerofaciens,PA,Collinsella aerofaciens,0.13413178526780634,-0.032715069577513765,40
All,LASSO,ThomasAM_2019_c,0.8981250000000001,PA_Proteobacteria bacterium CAG:139,PA,Proteobacteria bacterium CAG:139,0.13410339635499752,0.04456608338081487,41
All,LASSO,ThomasAM_2019_c,0.8981250000000001,PA_Phascolarctobacterium faecium,PA,Phascolarctobacterium faecium,0.13291402260701618,0.004941041732602829,42
All,LASSO,ThomasAM_2019_c,0.8981250000000001,rCLR_Proteobacteria bacterium CAG:139,rCLR,Proteobacteria bacterium CAG:139,0.13266578058929426,0.002015414845482284,43
All,LASSO,ThomasAM_2019_c,0.8981250000000001,rCLR_Paraprevotella xylaniphila,rCLR,Paraprevotella xylaniphila,0.12830617630052038,-0.015358762050708047,44
All,LASSO,ThomasAM_2019_c,0.8981250000000001,PA_Bifidobacterium pseudocatenulatum,PA,Bifidobacterium pseudocatenulatum,0.12583082787386662,-0.0037900851769236943,45
All,LASSO,ThomasAM_2019_c,0.8981250000000001,PA_Butyricimonas virosa,PA,Butyricimonas virosa,0.12173572565351795,-0.02725426693735475,46
All,LASSO,ThomasAM_2019_c,0.8981250000000001,PA_Coprococcus comes,PA,Coprococcus comes,0.1177963765359944,-0.04031721220725999,47
All,LASSO,ThomasAM_2019_c,0.8981250000000001,PA_Phocaeicola coprocola,PA,Phocaeicola coprocola,0.1139000333904685,0.011314572853357806,48
All,LASSO,ThomasAM_2019_c,0.8981250000000001,PA_Eubacterium sp. CAG:38,PA,Eubacterium sp. CAG:38,0.11287742578117607,-0.0011310363304726941,49
All,LASSO,ThomasAM_2019_c,0.8981250000000001,rCLR_Firmicutes bacterium CAG:110,rCLR,Firmicutes bacterium CAG:110,0.11156603082040192,0.011677849260537443,50
All,LASSO,ThomasAM_2019_c,0.8981250000000001,rCLR_Phocaeicola vulgatus,rCLR,Phocaeicola vulgatus,0.10889402812730312,0.016704433601172554,51
All,LASSO,ThomasAM_2019_c,0.8981250000000001,PA_Clostridium sp. CAG:58,PA,Clostridium sp. CAG:58,0.10887575904729777,-0.044472700367277455,52
All,LASSO,ThomasAM_2019_c,0.8981250000000001,PA_Coprobacter fastidiosus,PA,Coprobacter fastidiosus,0.10771729770549783,0.02422707387839917,53
All,LASSO,ThomasAM_2019_c,0.8981250000000001,rCLR_Alistipes finegoldii,rCLR,Alistipes finegoldii,0.10663566522268039,-0.01527693674084481,54
All,LASSO,ThomasAM_2019_c,0.8981250000000001,PA_Bifidobacterium bifidum,PA,Bifidobacterium bifidum,0.10599290614457577,-0.007909918368998185,55
All,LASSO,ThomasAM_2019_c,0.8981250000000001,rCLR_Coprococcus comes,rCLR,Coprococcus comes,0.10426201811621916,0.06857121888470655,56
All,LASSO,ThomasAM_2019_c,0.8981250000000001,PA_Phocaeicola vulgatus,PA,Phocaeicola vulgatus,0.10403657642996915,0.055887417090479244,57
All,LASSO,ThomasAM_2019_c,0.8981250000000001,PA_Anaerotignum lactatifermentans,PA,Anaerotignum lactatifermentans,0.10313414937711025,0.021433747425560815,58
All,LASSO,ThomasAM_2019_c,0.8981250000000001,PA_Bacteroides salyersiae,PA,Bacteroides salyersiae,0.09289747982322605,-0.014525098816683879,59
All,LASSO,ThomasAM_2019_c,0.8981250000000001,PA_Lachnospira pectinoschiza,PA,Lachnospira pectinoschiza,0.09218773713753467,-0.04220643387019659,60
All,LASSO,ThomasAM_2019_c,0.8981250000000001,rCLR_Parabacteroides merdae,rCLR,Parabacteroides merdae,0.09184529230675,-0.012817741440862526,61
All,LASSO,ThomasAM_2019_c,0.8981250000000001,PA_Akkermansia muciniphila,PA,Akkermansia muciniphila,0.08993791447857083,-0.030212833977708797,62
All,LASSO,ThomasAM_2019_c,0.8981250000000001,PA_Adlercreutzia equolifaciens_1,PA,Adlercreutzia equolifaciens_1,0.08920850567475583,0.04992402611156062,63
All,LASSO,ThomasAM_2019_c,0.8981250000000001,PA_Enterocloster bolteae,PA,Enterocloster bolteae,0.08845417775964289,-0.024401152485418735,64
All,LASSO,ThomasAM_2019_c,0.8981250000000001,PA_Bacteroides ovatus,PA,Bacteroides ovatus,0.08836356048489938,0.012272716734013808,65
All,LASSO,ThomasAM_2019_c,0.8981250000000001,rCLR_Roseburia hominis,rCLR,Roseburia hominis,0.08832622095919804,0.0035214605192233394,66
All,LASSO,ThomasAM_2019_c,0.8981250000000001,PA_Roseburia inulinivorans,PA,Roseburia inulinivorans,0.0882590384453628,0.013172990812740714,67
All,LASSO,ThomasAM_2019_c,0.8981250000000001,rCLR_Klebsiella variicola,rCLR,Klebsiella variicola,0.0872245914860184,0.02756804049293799,68
All,LASSO,ThomasAM_2019_c,0.8981250000000001,rCLR_Bacteroides thetaiotaomicron,rCLR,Bacteroides thetaiotaomicron,0.08681669153100327,0.046322300580480494,69
All,LASSO,ThomasAM_2019_c,0.8981250000000001,rCLR_Erysipelatoclostridium ramosum,rCLR,Erysipelatoclostridium ramosum,0.0849892955911438,0.03364340132842064,70
All,LASSO,ThomasAM_2019_c,0.8981250000000001,rCLR_Anaerotignum lactatifermentans,rCLR,Anaerotignum lactatifermentans,0.08277650096352894,0.010913000604388864,71
All,LASSO,ThomasAM_2019_c,0.8981250000000001,PA_Desulfovibrio piger,PA,Desulfovibrio piger,0.08192886358496479,0.03277154543398593,72
All,LASSO,ThomasAM_2019_c,0.8981250000000001,rCLR_Bacteroides uniformis,rCLR,Bacteroides uniformis,0.08189808426737835,-0.008829414960670386,73
All,LASSO,ThomasAM_2019_c,0.8981250000000001,PA_Megamonas funiformis,PA,Megamonas funiformis,0.07870640116397795,0.01093144460610806,74
All,LASSO,ThomasAM_2019_c,0.8981250000000001,PA_Dorea longicatena,PA,Dorea longicatena,0.07621548456197372,0.022508693929703782,75
All,LASSO,ThomasAM_2019_c,0.8981250000000001,rCLR_Bacteroides intestinalis,rCLR,Bacteroides intestinalis,0.07593628120123154,-0.009979743897526561,76
All,LASSO,ThomasAM_2019_c,0.8981250000000001,rCLR_Dialister invisus,rCLR,Dialister invisus,0.07423875289069241,-0.03343164651333931,77
All,LASSO,ThomasAM_2019_c,0.8981250000000001,PA_Roseburia faecis,PA,Roseburia faecis,0.07404278853861518,0.03569604602577629,78
All,LASSO,ThomasAM_2019_c,0.8981250000000001,PA_Gordonibacter pamelaeae,PA,Gordonibacter pamelaeae,0.07297889286280958,-0.010135957342056866,79
All,LASSO,ThomasAM_2019_c,0.8981250000000001,rCLR_Bacteroides finegoldii,rCLR,Bacteroides finegoldii,0.07062956109820978,0.02720427624345288,80
All,LASSO,ThomasAM_2019_c,0.8981250000000001,PA_Flavonifractor plautii,PA,Flavonifractor plautii,0.06792974659420162,0.05731953482814141,81
All,LASSO,ThomasAM_2019_c,0.8981250000000001,PA_Eubacterium sp. CAG:251,PA,Eubacterium sp. CAG:251,0.06629569816177519,0.029765415501205195,82
All,LASSO,ThomasAM_2019_c,0.8981250000000001,rCLR_[Eubacterium] siraeum,rCLR,[Eubacterium] siraeum,0.06625058001889257,-0.011900713012630158,83
All,LASSO,ThomasAM_2019_c,0.8981250000000001,PA_[Ruminococcus] lactaris,PA,[Ruminococcus] lactaris,0.06428481295934631,0.03421728436114697,84
All,LASSO,ThomasAM_2019_c,0.8981250000000001,rCLR_Klebsiella quasipneumoniae,rCLR,Klebsiella quasipneumoniae,0.06356814739839763,0.006424934093241226,85
All,LASSO,ThomasAM_2019_c,0.8981250000000001,rCLR_Lachnospira pectinoschiza,rCLR,Lachnospira pectinoschiza,0.06341810858545265,-0.002222283076667733,86
All,LASSO,ThomasAM_2019_c,0.8981250000000001,rCLR_Bacteroides stercoris,rCLR,Bacteroides stercoris,0.06249587694760429,-0.012565940420117137,87
All,LASSO,ThomasAM_2019_c,0.8981250000000001,rCLR_Eubacterium ramulus,rCLR,Eubacterium ramulus,0.062188976174676426,-0.0159829495444515,88
All,LASSO,ThomasAM_2019_c,0.8981250000000001,rCLR_Bacteroides xylanisolvens,rCLR,Bacteroides xylanisolvens,0.062058057587696114,-0.0047259382500828935,89
All,LASSO,ThomasAM_2019_c,0.8981250000000001,PA_Bacteroides fragilis,PA,Bacteroides fragilis,0.060366260997623634,-0.00930096466663187,90
All,LASSO,ThomasAM_2019_c,0.8981250000000001,rCLR_Agathobaculum butyriciproducens,rCLR,Agathobaculum butyriciproducens,0.05980888189952447,-0.0025836956624446126,91
All,LASSO,ThomasAM_2019_c,0.8981250000000001,PA_Blautia wexlerae,PA,Blautia wexlerae,0.05928417443633669,-0.015109909526502624,92
All,LASSO,ThomasAM_2019_c,0.8981250000000001,rCLR_Klebsiella pneumoniae,rCLR,Klebsiella pneumoniae,0.059165331694796076,-0.01652981436699582,93
All,LASSO,ThomasAM_2019_c,0.8981250000000001,rCLR_Phocaeicola plebeius,rCLR,Phocaeicola plebeius,0.05892876677738805,-0.004451774045015008,94
All,LASSO,ThomasAM_2019_c,0.8981250000000001,rCLR_Gemmiger formicilis,rCLR,Gemmiger formicilis,0.05864229818675408,0.010739675090414569,95
All,LASSO,ThomasAM_2019_c,0.8981250000000001,PA_Alistipes finegoldii,PA,Alistipes finegoldii,0.058595875518560755,-0.023365522604501192,96
All,LASSO,ThomasAM_2019_c,0.8981250000000001,rCLR_Ruminococcus bromii,rCLR,Ruminococcus bromii,0.05824508815671341,-0.016666953567347452,97
All,LASSO,ThomasAM_2019_c,0.8981250000000001,PA_Eubacterium ramulus,PA,Eubacterium ramulus,0.0579916277167841,-0.010685708294427351,98
All,LASSO,ThomasAM_2019_c,0.8981250000000001,PA_Firmicutes bacterium CAG:83,PA,Firmicutes bacterium CAG:83,0.05755781919654843,0.024379407351994713,99
All,LASSO,ThomasAM_2019_c,0.8981250000000001,PA_Bacteroides thetaiotaomicron,PA,Bacteroides thetaiotaomicron,0.056346147478153794,-0.008286198158552019,100
All,LASSO,ThomasAM_2019_c,0.8981250000000001,rCLR_Lawsonibacter asaccharolyticus,rCLR,Lawsonibacter asaccharolyticus,0.05584270331937078,-0.0035237723181797296,101
All,LASSO,ThomasAM_2019_c,0.8981250000000001,PA_Alistipes putredinis,PA,Alistipes putredinis,0.05518703422220321,0.02341996011606012,102
All,LASSO,ThomasAM_2019_c,0.8981250000000001,rCLR_Roseburia intestinalis,rCLR,Roseburia intestinalis,0.05451199808338625,-0.01250461549201617,103
All,LASSO,ThomasAM_2019_c,0.8981250000000001,PA_Dorea formicigenerans,PA,Dorea formicigenerans,0.0543908990487186,-0.024516765848337264,104
All,LASSO,ThomasAM_2019_c,0.8981250000000001,rCLR_Eubacterium sp. CAG:38,rCLR,Eubacterium sp. CAG:38,0.05226505529322034,-0.020196975026217527,105
All,LASSO,ThomasAM_2019_c,0.8981250000000001,rCLR_Faecalibacterium prausnitzii,rCLR,Faecalibacterium prausnitzii,0.051162102146628405,0.013135204856750644,106
All,LASSO,ThomasAM_2019_c,0.8981250000000001,rCLR_Bacteroides cellulosilyticus,rCLR,Bacteroides cellulosilyticus,0.05086414242947566,0.009789894386236692,107
All,LASSO,ThomasAM_2019_c,0.8981250000000001,rCLR_Odoribacter splanchnicus,rCLR,Odoribacter splanchnicus,0.050451845106116534,0.0016759198902941911,108
All,LASSO,ThomasAM_2019_c,0.8981250000000001,PA_Barnesiella intestinihominis,PA,Barnesiella intestinihominis,0.05012464121526552,-0.014951604470079188,109
All,LASSO,ThomasAM_2019_c,0.8981250000000001,rCLR_Enterocloster bolteae,rCLR,Enterocloster bolteae,0.04926423436707115,-0.0029204673361605863,110
All,LASSO,ThomasAM_2019_c,0.8981250000000001,rCLR_Intestinibacter bartlettii,rCLR,Intestinibacter bartlettii,0.04921255630552025,-0.009633114005037208,111
All,LASSO,ThomasAM_2019_c,0.8981250000000001,PA_Alistipes inops,PA,Alistipes inops,0.049204013037975794,-0.012157968337871921,112
All,LASSO,ThomasAM_2019_c,0.8981250000000001,rCLR_Oscillibacter sp. CAG:241,rCLR,Oscillibacter sp. CAG:241,0.04767628168449886,0.006160159613927638,113
All,LASSO,ThomasAM_2019_c,0.8981250000000001,PA_Ruminococcus bromii,PA,Ruminococcus bromii,0.04708526873500156,0.02263714843028922,114
All,LASSO,ThomasAM_2019_c,0.8981250000000001,rCLR_Prevotella copri,rCLR,Prevotella copri,0.04672883672634927,0.004701482696526077,115
All,LASSO,ThomasAM_2019_c,0.8981250000000001,PA_Slackia isoflavoniconvertens,PA,Slackia isoflavoniconvertens,0.046323094016347266,0.02324262593585685,116
All,LASSO,ThomasAM_2019_c,0.8981250000000001,rCLR_Collinsella aerofaciens,rCLR,Collinsella aerofaciens,0.04598883778641897,-0.003607563918258253,117
All,LASSO,ThomasAM_2019_c,0.8981250000000001,rCLR_Lachnospira eligens,rCLR,Lachnospira eligens,0.04511995638416096,0.003282105486048867,118
All,LASSO,ThomasAM_2019_c,0.8981250000000001,rCLR_Parabacteroides distasonis,rCLR,Parabacteroides distasonis,0.04352979521455695,-0.0021174205167178222,119
All,LASSO,ThomasAM_2019_c,0.8981250000000001,rCLR_Phocaeicola coprocola,rCLR,Phocaeicola coprocola,0.043358136266063003,-0.010407249700810675,120
All,LASSO,ThomasAM_2019_c,0.8981250000000001,PA_Blautia obeum,PA,Blautia obeum,0.042847667576155976,-0.011546713039459366,121
All,LASSO,ThomasAM_2019_c,0.8981250000000001,rCLR_Parasutterella excrementihominis,rCLR,Parasutterella excrementihominis,0.042757223260343286,0.006319390503504452,122
All,LASSO,ThomasAM_2019_c,0.8981250000000001,rCLR_Alistipes inops,rCLR,Alistipes inops,0.04233521435876036,0.007331894529808258,123
All,LASSO,ThomasAM_2019_c,0.8981250000000001,rCLR_Bacteroides eggerthii,rCLR,Bacteroides eggerthii,0.0415613831317498,-0.017132276568769284,124
All,LASSO,ThomasAM_2019_c,0.8981250000000001,PA_Anaerostipes hadrus,PA,Anaerostipes hadrus,0.040591993799995514,-0.008492048912132955,125
All,LASSO,ThomasAM_2019_c,0.8981250000000001,rCLR_Akkermansia muciniphila,rCLR,Akkermansia muciniphila,0.03970424185555832,-0.013201565002477229,126
All,LASSO,ThomasAM_2019_c,0.8981250000000001,PA_Roseburia hominis,PA,Roseburia hominis,0.039242040770460014,0.003543299392366596,127
All,LASSO,ThomasAM_2019_c,0.8981250000000001,rCLR_Holdemanella biformis,rCLR,Holdemanella biformis,0.03901171224063635,-0.005517392649720211,128
All,LASSO,ThomasAM_2019_c,0.8981250000000001,rCLR_Phocaeicola dorei,rCLR,Phocaeicola dorei,0.03815771882198666,0.009119086086025022,129
All,LASSO,ThomasAM_2019_c,0.8981250000000001,PA_Bacteroides sp. CAG:144,PA,Bacteroides sp. CAG:144,0.0378758715470562,0.0005473391842060087,130
All,LASSO,ThomasAM_2019_c,0.8981250000000001,PA_[Ruminococcus] gnavus,PA,[Ruminococcus] gnavus,0.0361453053135386,0.015715350136321134,131
All,LASSO,ThomasAM_2019_c,0.8981250000000001,PA_Agathobaculum butyriciproducens,PA,Agathobaculum butyriciproducens,0.03599023714626659,0.017138208164888848,132
All,LASSO,ThomasAM_2019_c,0.8981250000000001,PA_Intestinibacter bartlettii,PA,Intestinibacter bartlettii,0.035880816187254375,-0.011700266148017734,133
All,LASSO,ThomasAM_2019_c,0.8981250000000001,PA_Firmicutes bacterium CAG:145,PA,Firmicutes bacterium CAG:145,0.03561830740818274,-0.010475972767112568,134
All,LASSO,ThomasAM_2019_c,0.8981250000000001,rCLR_Ruminococcus bicirculans,rCLR,Ruminococcus bicirculans,0.035358575021293054,-0.006745889647557346,135
All,LASSO,ThomasAM_2019_c,0.8981250000000001,PA_Bacteroides xylanisolvens,PA,Bacteroides xylanisolvens,0.034301702308281355,-0.0009026763765337297,136
All,LASSO,ThomasAM_2019_c,0.8981250000000001,PA_Paraprevotella xylaniphila,PA,Paraprevotella xylaniphila,0.03404550241704934,0.004359485065597786,137
All,LASSO,ThomasAM_2019_c,0.8981250000000001,PA_Ruminococcus bicirculans,PA,Ruminococcus bicirculans,0.033184149588558996,0.009528122159091199,138
All,LASSO,ThomasAM_2019_c,0.8981250000000001,rCLR_Phascolarctobacterium faecium,rCLR,Phascolarctobacterium faecium,0.03298354384860664,0.001165012484033516,139
All,LASSO,ThomasAM_2019_c,0.8981250000000001,rCLR_Anaerobutyricum hallii,rCLR,Anaerobutyricum hallii,0.032827268610491525,-0.020763292393038497,140
All,LASSO,ThomasAM_2019_c,0.8981250000000001,rCLR_Gordonibacter pamelaeae,rCLR,Gordonibacter pamelaeae,0.032282339900317605,0.004551868391007473,141
All,LASSO,ThomasAM_2019_c,0.8981250000000001,rCLR_Alistipes putredinis,rCLR,Alistipes putredinis,0.03163572496152779,-0.009395850288935605,142
All,LASSO,ThomasAM_2019_c,0.8981250000000001,rCLR_Bifidobacterium pseudocatenulatum,rCLR,Bifidobacterium pseudocatenulatum,0.029930259194406682,0.0173022743957583,143
All,LASSO,ThomasAM_2019_c,0.8981250000000001,rCLR_Barnesiella intestinihominis,rCLR,Barnesiella intestinihominis,0.02991026457078918,0.0077525538235027084,144
All,LASSO,ThomasAM_2019_c,0.8981250000000001,rCLR_Megamonas funiformis,rCLR,Megamonas funiformis,0.029568895747280943,-0.007600604689657181,145
All,LASSO,ThomasAM_2019_c,0.8981250000000001,PA_Anaerobutyricum hallii,PA,Anaerobutyricum hallii,0.02956188493606777,0.004163645765643346,146
All,LASSO,ThomasAM_2019_c,0.8981250000000001,rCLR_Roseburia faecis,rCLR,Roseburia faecis,0.029110908047875417,0.012859999694033666,147
All,LASSO,ThomasAM_2019_c,0.8981250000000001,rCLR_Bacteroides caccae,rCLR,Bacteroides caccae,0.02905222748170682,-0.00018409973580048414,148
All,LASSO,ThomasAM_2019_c,0.8981250000000001,rCLR_Bacteroides ovatus,rCLR,Bacteroides ovatus,0.028501216367315407,0.019460093372659616,149
All,LASSO,ThomasAM_2019_c,0.8981250000000001,rCLR_Acidaminococcus intestini,rCLR,Acidaminococcus intestini,0.028447493791845708,0.006749398998313827,150
All,LASSO,ThomasAM_2019_c,0.8981250000000001,rCLR_Coprococcus eutactus,rCLR,Coprococcus eutactus,0.02811508761865651,-0.015443945756416281,151
All,LASSO,ThomasAM_2019_c,0.8981250000000001,PA_[Ruminococcus] torques,PA,[Ruminococcus] torques,0.02777778052513764,-0.010715061823661488,152
All,LASSO,ThomasAM_2019_c,0.8981250000000001,rCLR_Blautia obeum,rCLR,Blautia obeum,0.025905301417382565,0.005801121105817768,153
All,LASSO,ThomasAM_2019_c,0.8981250000000001,rCLR_Dorea longicatena,rCLR,Dorea longicatena,0.025683303185348273,-0.010203897393324775,154
All,LASSO,ThomasAM_2019_c,0.8981250000000001,rCLR_Eubacterium sp. CAG:274,rCLR,Eubacterium sp. CAG:274,0.025674672891754336,0.004740197979220052,155
All,LASSO,ThomasAM_2019_c,0.8981250000000001,PA_Coprococcus eutactus,PA,Coprococcus eutactus,0.02518776946669523,0.013993205259275132,156
All,LASSO,ThomasAM_2019_c,0.8981250000000001,rCLR_[Ruminococcus] gnavus,rCLR,[Ruminococcus] gnavus,0.024263731084796743,-0.008513846159454979,157
All,LASSO,ThomasAM_2019_c,0.8981250000000001,PA_Phascolarctobacterium succinatutens,PA,Phascolarctobacterium succinatutens,0.02406548873844392,-0.00040582611700579717,158
All,LASSO,ThomasAM_2019_c,0.8981250000000001,rCLR_Fusicatenibacter saccharivorans,rCLR,Fusicatenibacter saccharivorans,0.02399692728891492,0.012328962558085424,159
All,LASSO,ThomasAM_2019_c,0.8981250000000001,PA_Bacteroides uniformis,PA,Bacteroides uniformis,0.023493442530058785,0.007341700790643382,160
All,LASSO,ThomasAM_2019_c,0.8981250000000001,rCLR_Roseburia inulinivorans,rCLR,Roseburia inulinivorans,0.02302113672547259,0.004501992033545064,161
All,LASSO,ThomasAM_2019_c,0.8981250000000001,PA_Prevotella copri,PA,Prevotella copri,0.022816304847770856,0.0028449257914926252,162
All,LASSO,ThomasAM_2019_c,0.8981250000000001,rCLR_Clostridium sp. CAG:58,rCLR,Clostridium sp. CAG:58,0.022192153182604757,0.010233523572043513,163
All,LASSO,ThomasAM_2019_c,0.8981250000000001,rCLR_Slackia isoflavoniconvertens,rCLR,Slackia isoflavoniconvertens,0.020273507732218754,0.013674209692335761,164
All,LASSO,ThomasAM_2019_c,0.8981250000000001,rCLR_Coprococcus catus,rCLR,Coprococcus catus,0.02012418190704675,0.0019298028555805944,165
All,LASSO,ThomasAM_2019_c,0.8981250000000001,PA_Odoribacter splanchnicus,PA,Odoribacter splanchnicus,0.0197137243018028,-0.008117415888977624,166
All,LASSO,ThomasAM_2019_c,0.8981250000000001,rCLR_[Eubacterium] rectale,rCLR,[Eubacterium] rectale,0.018710337251444414,0.00041392179572462967,167
All,LASSO,ThomasAM_2019_c,0.8981250000000001,rCLR_Firmicutes bacterium CAG:83,rCLR,Firmicutes bacterium CAG:83,0.018283286098163674,-0.0007991861031774392,168
All,LASSO,ThomasAM_2019_c,0.8981250000000001,rCLR_Bacteroides sp. CAG:144,rCLR,Bacteroides sp. CAG:144,0.017458617993464577,0.0013419528776862269,169
All,LASSO,ThomasAM_2019_c,0.8981250000000001,PA_Dialister invisus,PA,Dialister invisus,0.01739235706861766,-0.0001419784250499434,170
All,LASSO,ThomasAM_2019_c,0.8981250000000001,rCLR_Methanobrevibacter smithii,rCLR,Methanobrevibacter smithii,0.01732736919149243,-0.009320884662190868,171
All,LASSO,ThomasAM_2019_c,0.8981250000000001,PA_Adlercreutzia equolifaciens,PA,Adlercreutzia equolifaciens,0.016595232832615853,0.008066583207925596,172
All,LASSO,ThomasAM_2019_c,0.8981250000000001,PA_Bifidobacterium adolescentis,PA,Bifidobacterium adolescentis,0.015899819865737512,-0.0005678507094906255,173
All,LASSO,ThomasAM_2019_c,0.8981250000000001,PA_Bifidobacterium longum,PA,Bifidobacterium longum,0.015349100098136245,0.0032469250207595862,174
All,LASSO,ThomasAM_2019_c,0.8981250000000001,PA_Parabacteroides distasonis,PA,Parabacteroides distasonis,0.015098507044330111,0.0003392922931310171,175
All,LASSO,ThomasAM_2019_c,0.8981250000000001,PA_Bacteroides cellulosilyticus,PA,Bacteroides cellulosilyticus,0.01482435367747707,0.002647206013835189,176
All,LASSO,ThomasAM_2019_c,0.8981250000000001,PA_Oscillibacter sp. CAG:241,PA,Oscillibacter sp. CAG:241,0.014080980021988288,-0.005173746383451505,177
All,LASSO,ThomasAM_2019_c,0.8981250000000001,rCLR_Blautia sp. CAG:257,rCLR,Blautia sp. CAG:257,0.012677625686498963,0.0014892619001145844,178
All,LASSO,ThomasAM_2019_c,0.8981250000000001,PA_Escherichia coli,PA,Escherichia coli,0.012243041290437493,-0.0008502112007248263,179
All,LASSO,ThomasAM_2019_c,0.8981250000000001,PA_Phocaeicola massiliensis,PA,Phocaeicola massiliensis,0.01183235890678581,0.0022385543877702875,180
All,LASSO,ThomasAM_2019_c,0.8981250000000001,PA_Ruthenibacterium lactatiformans,PA,Ruthenibacterium lactatiformans,0.011711024550335307,-0.0058976382627587845,181
All,LASSO,ThomasAM_2019_c,0.8981250000000001,rCLR_Escherichia coli,rCLR,Escherichia coli,0.00871280173118381,0.0008681658400587656,182
All,LASSO,ThomasAM_2019_c,0.8981250000000001,rCLR_[Ruminococcus] lactaris,rCLR,[Ruminococcus] lactaris,0.008681411563253635,-0.0033483005214773355,183
All,LASSO,ThomasAM_2019_c,0.8981250000000001,rCLR_Phascolarctobacterium succinatutens,rCLR,Phascolarctobacterium succinatutens,0.008459262419854703,0.000788954863105116,184
All,LASSO,ThomasAM_2019_c,0.8981250000000001,PA_Lawsonibacter asaccharolyticus,PA,Lawsonibacter asaccharolyticus,0.008177212754257996,0.0016806461365944853,185
All,LASSO,ThomasAM_2019_c,0.8981250000000001,rCLR_Bifidobacterium bifidum,rCLR,Bifidobacterium bifidum,0.007378518874678058,-0.0002084029902396884,186
All,LASSO,ThomasAM_2019_c,0.8981250000000001,PA_Faecalibacterium prausnitzii,PA,Faecalibacterium prausnitzii,0.007154799432508572,0.002083922164808322,187
All,LASSO,ThomasAM_2019_c,0.8981250000000001,rCLR_Eubacterium sp. CAG:251,rCLR,Eubacterium sp. CAG:251,0.007152499365426576,0.0015915436654006978,188
All,LASSO,ThomasAM_2019_c,0.8981250000000001,rCLR_Blautia wexlerae,rCLR,Blautia wexlerae,0.0069465677405038066,-0.002829294922472315,189
All,LASSO,ThomasAM_2019_c,0.8981250000000001,rCLR_Bifidobacterium adolescentis,rCLR,Bifidobacterium adolescentis,0.00614048393313212,2.2683727177786078e-05,190
All,LASSO,ThomasAM_2019_c,0.8981250000000001,rCLR_Oscillibacter sp. 57_20,rCLR,Oscillibacter sp. 57_20,0.0056074214567516404,0.002623535913992143,191
All,LASSO,ThomasAM_2019_c,0.8981250000000001,rCLR_Adlercreutzia equolifaciens_1,rCLR,Adlercreutzia equolifaciens_1,0.005190402302705792,-0.0017405349987320413,192
All,LASSO,ThomasAM_2019_c,0.8981250000000001,PA_Alistipes shahii,PA,Alistipes shahii,0.004977681204849675,-0.0013326075666526692,193
All,LASSO,ThomasAM_2019_c,0.8981250000000001,rCLR_Bacteroides salyersiae,rCLR,Bacteroides salyersiae,0.0035865497699260245,-0.0021838047721048997,194
All,LASSO,ThomasAM_2019_c,0.8981250000000001,PA_Parasutterella excrementihominis,PA,Parasutterella excrementihominis,0.0035142616307801953,0.0008350368890124831,195
All,LASSO,ThomasAM_2019_c,0.8981250000000001,PA_Phocaeicola dorei,PA,Phocaeicola dorei,0.003239937244503424,-0.0003328032214897777,196
All,LASSO,ThomasAM_2019_c,0.8981250000000001,rCLR_Eubacterium sp. CAG:180,rCLR,Eubacterium sp. CAG:180,0.0029160030275663723,0.0013392465315760465,197
All,LASSO,ThomasAM_2019_c,0.8981250000000001,PA_Eubacterium sp. CAG:274,PA,Eubacterium sp. CAG:274,0.0012860559121914174,-0.0005144223648765672,198
All,LASSO,ThomasAM_2019_c,0.8981250000000001,rCLR_Desulfovibrio piger,rCLR,Desulfovibrio piger,0.0010827462228322321,-0.0005551548181983808,199
All,LASSO,ThomasAM_2019_c,0.8981250000000001,PA_Bacteroides stercoris,PA,Bacteroides stercoris,0.0,0.0,200
All,LASSO,ThomasAM_2019_c,0.8981250000000001,PA_Erysipelatoclostridium ramosum,PA,Erysipelatoclostridium ramosum,0.0,0.0,201
All,LASSO,ThomasAM_2019_c,0.8981250000000001,PA_Bacteroides eggerthii,PA,Bacteroides eggerthii,0.0,0.0,202
All,LASSO,ThomasAM_2019_c,0.8981250000000001,PA_Eubacterium ventriosum,PA,Eubacterium ventriosum,0.0,0.0,203
All,LASSO,ThomasAM_2019_c,0.8981250000000001,PA_Fusicatenibacter saccharivorans,PA,Fusicatenibacter saccharivorans,0.0,0.0,204
All,LASSO,ThomasAM_2019_c,0.8981250000000001,PA_Holdemanella biformis,PA,Holdemanella biformis,0.0,0.0,205
All,LASSO,ThomasAM_2019_c,0.8981250000000001,PA_Bacteroides finegoldii,PA,Bacteroides finegoldii,0.0,0.0,206
All,LASSO,ThomasAM_2019_c,0.8981250000000001,PA_Acidaminococcus intestini,PA,Acidaminococcus intestini,0.0,0.0,207
All,LASSO,ThomasAM_2019_c,0.8981250000000001,rCLR_Bifidobacterium longum,rCLR,Bifidobacterium longum,0.0,0.0,208
All,LASSO,ThomasAM_2019_c,0.8981250000000001,rCLR_Veillonella atypica,rCLR,Veillonella atypica,0.0,0.0,209
All,LASSO,ThomasAM_2019_c,0.8981250000000001,rCLR_Streptococcus parasanguinis,rCLR,Streptococcus parasanguinis,0.0,0.0,210
All,LASSO,ThomasAM_2019_c,0.8981250000000001,PA_Klebsiella quasipneumoniae,PA,Klebsiella quasipneumoniae,0.0,0.0,211
All,LASSO,ThomasAM_2019_c,0.8981250000000001,rCLR_Firmicutes bacterium CAG:145,rCLR,Firmicutes bacterium CAG:145,0.0,0.0,212
All,LASSO,ThomasAM_2019_c,0.8981250000000001,rCLR_Alistipes shahii,rCLR,Alistipes shahii,0.0,0.0,213
All,LASSO,ThomasAM_2019_c,0.8981250000000001,rCLR_Bacteroides fragilis,rCLR,Bacteroides fragilis,0.0,0.0,214
All,LASSO,ThomasAM_2019_c,0.8981250000000001,rCLR_Coprobacter fastidiosus,rCLR,Coprobacter fastidiosus,0.0,0.0,215
All,LASSO,ThomasAM_2019_c,0.8981250000000001,rCLR_Phocaeicola massiliensis,rCLR,Phocaeicola massiliensis,0.0,0.0,216
All,LASSO,VogtmannE_2016,0.5894970414201184,PA_Parvimonas micra,PA,Parvimonas micra,0.8534531818504209,-0.3481060486805887,1
All,LASSO,VogtmannE_2016,0.5894970414201184,PA_Streptococcus salivarius,PA,Streptococcus salivarius,0.5236438254871036,-0.2618219127435519,2
All,LASSO,VogtmannE_2016,0.5894970414201184,rCLR_Streptococcus salivarius,rCLR,Streptococcus salivarius,0.47355335425152906,0.05467629543064733,3
All,LASSO,VogtmannE_2016,0.5894970414201184,PA_Veillonella parvula,PA,Veillonella parvula,0.40553711256707065,0.0563332443397082,4
All,LASSO,VogtmannE_2016,0.5894970414201184,rCLR_[Ruminococcus] torques,rCLR,[Ruminococcus] torques,0.3614444631509792,0.04387255151751452,5
All,LASSO,VogtmannE_2016,0.5894970414201184,PA_Klebsiella variicola,PA,Klebsiella variicola,0.3378031255253224,0.055331826479715525,6
All,LASSO,VogtmannE_2016,0.5894970414201184,PA_Klebsiella pneumoniae,PA,Klebsiella pneumoniae,0.3229955726152335,-0.03646724206946182,7
All,LASSO,VogtmannE_2016,0.5894970414201184,rCLR_Veillonella parvula,rCLR,Veillonella parvula,0.29956491207372754,-0.033746695328264936,8
All,LASSO,VogtmannE_2016,0.5894970414201184,PA_Blautia sp. CAG:257,PA,Blautia sp. CAG:257,0.2820249630413383,-0.06204549186909447,9
All,LASSO,VogtmannE_2016,0.5894970414201184,Age,covariate,Age,0.27191341738752806,-0.03257347143833309,10
All,LASSO,VogtmannE_2016,0.5894970414201184,PA_Methanobrevibacter smithii,PA,Methanobrevibacter smithii,0.26992852980631593,0.046520748623934176,11
All,LASSO,VogtmannE_2016,0.5894970414201184,PA_Firmicutes bacterium CAG:110,PA,Firmicutes bacterium CAG:110,0.2693655547561402,-0.1006285899316788,12
All,LASSO,VogtmannE_2016,0.5894970414201184,rCLR_Dorea formicigenerans,rCLR,Dorea formicigenerans,0.2619519947095576,-0.018284937060483078,13
All,LASSO,VogtmannE_2016,0.5894970414201184,rCLR_Parvimonas micra,rCLR,Parvimonas micra,0.2612275044584023,0.12199586654798827,14
All,LASSO,VogtmannE_2016,0.5894970414201184,rCLR_Proteobacteria bacterium CAG:139,rCLR,Proteobacteria bacterium CAG:139,0.25539779916164035,0.053125726578041606,15
All,LASSO,VogtmannE_2016,0.5894970414201184,PA_Phocaeicola plebeius,PA,Phocaeicola plebeius,0.253699851590234,-0.03705197832527132,16
All,LASSO,VogtmannE_2016,0.5894970414201184,rCLR_Eggerthella lenta,rCLR,Eggerthella lenta,0.24615257594496975,-0.007811975026661723,17
All,LASSO,VogtmannE_2016,0.5894970414201184,PA_Eggerthella lenta,PA,Eggerthella lenta,0.24534541588652564,-0.018016726004626105,18
All,LASSO,VogtmannE_2016,0.5894970414201184,rCLR_Anaerostipes hadrus,rCLR,Anaerostipes hadrus,0.24348292325764612,-0.0152763325541968,19
All,LASSO,VogtmannE_2016,0.5894970414201184,PA_Gemmiger formicilis,PA,Gemmiger formicilis,0.24223564357015592,0.005380415067227048,20
All,LASSO,VogtmannE_2016,0.5894970414201184,rCLR_Bacteroides cellulosilyticus,rCLR,Bacteroides cellulosilyticus,0.2342364538555762,-0.012431615121442023,21
All,LASSO,VogtmannE_2016,0.5894970414201184,PA_Gordonibacter pamelaeae,PA,Gordonibacter pamelaeae,0.22335158491918644,0.09228842138285168,22
All,LASSO,VogtmannE_2016,0.5894970414201184,rCLR_Flavonifractor plautii,rCLR,Flavonifractor plautii,0.22107224083731417,-0.006206248290345238,23
All,LASSO,VogtmannE_2016,0.5894970414201184,PA_Lachnospira eligens,PA,Lachnospira eligens,0.21432717224613393,-0.09439680510479545,24
All,LASSO,VogtmannE_2016,0.5894970414201184,PA_Bacteroides intestinalis,PA,Bacteroides intestinalis,0.2114584558089615,0.00021145845580895238,25
All,LASSO,VogtmannE_2016,0.5894970414201184,rCLR_Coprococcus comes,rCLR,Coprococcus comes,0.2097105066364347,-0.0582968486557741,26
All,LASSO,VogtmannE_2016,0.5894970414201184,PA_Veillonella atypica,PA,Veillonella atypica,0.20957544054745206,0.034819744040799246,27
All,LASSO,VogtmannE_2016,0.5894970414201184,PA_Coprobacter fastidiosus,PA,Coprobacter fastidiosus,0.20744385606568755,-0.07094109178259332,28
All,LASSO,VogtmannE_2016,0.5894970414201184,rCLR_[Eubacterium] siraeum,rCLR,[Eubacterium] siraeum,0.2038626829590217,0.008703613084288011,29
All,LASSO,VogtmannE_2016,0.5894970414201184,PA_Oscillibacter sp. 57_20,PA,Oscillibacter sp. 57_20,0.2033258618723441,0.1251701216582163,30
All,LASSO,VogtmannE_2016,0.5894970414201184,PA_Eubacterium sp. CAG:180,PA,Eubacterium sp. CAG:180,0.1964374901205545,0.05150217258381126,31
All,LASSO,VogtmannE_2016,0.5894970414201184,PA_Streptococcus parasanguinis,PA,Streptococcus parasanguinis,0.18437478807542304,0.06039863747298338,32
All,LASSO,VogtmannE_2016,0.5894970414201184,PA_Collinsella aerofaciens,PA,Collinsella aerofaciens,0.1804139116068272,0.004295569323972038,33
All,LASSO,VogtmannE_2016,0.5894970414201184,Gender,covariate,Gender,0.17617635272737314,0.06563160101603799,34
All,LASSO,VogtmannE_2016,0.5894970414201184,rCLR_Eubacterium ventriosum,rCLR,Eubacterium ventriosum,0.17336718591776973,-0.07645975892968944,35
All,LASSO,VogtmannE_2016,0.5894970414201184,PA_Anaerotignum lactatifermentans,PA,Anaerotignum lactatifermentans,0.17299744515554727,0.05876946701456393,36
All,LASSO,VogtmannE_2016,0.5894970414201184,rCLR_Bacteroides thetaiotaomicron,rCLR,Bacteroides thetaiotaomicron,0.16773155902612505,0.0059066173610860745,37
All,LASSO,VogtmannE_2016,0.5894970414201184,PA_Bifidobacterium pseudocatenulatum,PA,Bifidobacterium pseudocatenulatum,0.16737043191004286,0.09554205353386433,38
All,LASSO,VogtmannE_2016,0.5894970414201184,PA_Dorea longicatena,PA,Dorea longicatena,0.1646266468332385,-0.05005132486138755,39
All,LASSO,VogtmannE_2016,0.5894970414201184,PA_Desulfovibrio piger,PA,Desulfovibrio piger,0.16366665406614656,-0.07918037628137771,40
All,LASSO,VogtmannE_2016,0.5894970414201184,PA_Coprococcus catus,PA,Coprococcus catus,0.16079725209413256,0.03639387031046201,41
All,LASSO,VogtmannE_2016,0.5894970414201184,PA_Parabacteroides merdae,PA,Parabacteroides merdae,0.15848163852208108,-0.017857086030657013,42
All,LASSO,VogtmannE_2016,0.5894970414201184,rCLR_Adlercreutzia equolifaciens,rCLR,Adlercreutzia equolifaciens,0.15781953232901186,0.047166786193902535,43
All,LASSO,VogtmannE_2016,0.5894970414201184,PA_Roseburia intestinalis,PA,Roseburia intestinalis,0.15588297346605126,-0.07256621178592042,44
All,LASSO,VogtmannE_2016,0.5894970414201184,rCLR_Streptococcus thermophilus,rCLR,Streptococcus thermophilus,0.1521416950098193,-0.06038590947123794,45
All,LASSO,VogtmannE_2016,0.5894970414201184,PA_Coprococcus comes,PA,Coprococcus comes,0.15063432290972606,0.07780470073227139,46
All,LASSO,VogtmannE_2016,0.5894970414201184,PA_Butyricimonas virosa,PA,Butyricimonas virosa,0.14550225047326143,0.02835666862258448,47
All,LASSO,VogtmannE_2016,0.5894970414201184,rCLR_Alistipes finegoldii,rCLR,Alistipes finegoldii,0.14129045618408656,0.025108229384782323,48
All,LASSO,VogtmannE_2016,0.5894970414201184,PA_Streptococcus thermophilus,PA,Streptococcus thermophilus,0.1405177139937945,0.1131771633072191,49
All,LASSO,VogtmannE_2016,0.5894970414201184,rCLR_Bacteroides stercoris,rCLR,Bacteroides stercoris,0.13922730040135914,0.05522824993397072,50
All,LASSO,VogtmannE_2016,0.5894970414201184,rCLR_Anaerotignum lactatifermentans,rCLR,Anaerotignum lactatifermentans,0.13306863244263042,-0.0030228618824179234,51
All,LASSO,VogtmannE_2016,0.5894970414201184,rCLR_Phocaeicola vulgatus,rCLR,Phocaeicola vulgatus,0.13008468971438772,0.05112610146596264,52
All,LASSO,VogtmannE_2016,0.5894970414201184,rCLR_Paraprevotella xylaniphila,rCLR,Paraprevotella xylaniphila,0.1294842352806499,-0.07277391524712587,53
All,LASSO,VogtmannE_2016,0.5894970414201184,rCLR_Roseburia intestinalis,rCLR,Roseburia intestinalis,0.12899062986862259,-0.025904987411770348,54
All,LASSO,VogtmannE_2016,0.5894970414201184,PA_[Eubacterium] siraeum,PA,[Eubacterium] siraeum,0.12787202879103265,0.0904269090972763,55
All,LASSO,VogtmannE_2016,0.5894970414201184,PA_Eubacterium sp. CAG:38,PA,Eubacterium sp. CAG:38,0.127829674742716,-0.009369714379047251,56
All,LASSO,VogtmannE_2016,0.5894970414201184,PA_Escherichia coli,PA,Escherichia coli,0.12768429869269535,-0.012768429869269536,57
All,LASSO,VogtmannE_2016,0.5894970414201184,rCLR_Phocaeicola dorei,rCLR,Phocaeicola dorei,0.12638049736517884,-0.06527792264002893,58
All,LASSO,VogtmannE_2016,0.5894970414201184,PA_Flavonifractor plautii,PA,Flavonifractor plautii,0.12099633408340113,0.031788385995875794,59
All,LASSO,VogtmannE_2016,0.5894970414201184,PA_Bacteroides caccae,PA,Bacteroides caccae,0.12082659059757951,0.025189995919636724,60
All,LASSO,VogtmannE_2016,0.5894970414201184,rCLR_Butyricimonas virosa,rCLR,Butyricimonas virosa,0.12081323605428773,0.030891417569144486,61
All,LASSO,VogtmannE_2016,0.5894970414201184,PA_Alistipes inops,PA,Alistipes inops,0.11977482125973402,0.035686894352558556,62
All,LASSO,VogtmannE_2016,0.5894970414201184,rCLR_Bacteroides intestinalis,rCLR,Bacteroides intestinalis,0.11777493989415508,-0.01784719197868791,63
All,LASSO,VogtmannE_2016,0.5894970414201184,rCLR_Blautia sp. CAG:257,rCLR,Blautia sp. CAG:257,0.1153500185921307,-0.017569257326400366,64
All,LASSO,VogtmannE_2016,0.5894970414201184,rCLR_Eubacterium sp. CAG:38,rCLR,Eubacterium sp. CAG:38,0.115045560685372,-0.029978782977350085,65
All,LASSO,VogtmannE_2016,0.5894970414201184,rCLR_Roseburia hominis,rCLR,Roseburia hominis,0.11438355901945939,-0.054841165554862945,66
All,LASSO,VogtmannE_2016,0.5894970414201184,PA_Adlercreutzia equolifaciens_1,PA,Adlercreutzia equolifaciens_1,0.11358283375428561,-0.05108747544406732,67
All,LASSO,VogtmannE_2016,0.5894970414201184,PA_Proteobacteria bacterium CAG:139,PA,Proteobacteria bacterium CAG:139,0.11055783057846182,-0.03413136482115907,68
All,LASSO,VogtmannE_2016,0.5894970414201184,rCLR_Bacteroides finegoldii,rCLR,Bacteroides finegoldii,0.10872563229872372,0.0017510539776476814,69
All,LASSO,VogtmannE_2016,0.5894970414201184,rCLR_Bacteroides xylanisolvens,rCLR,Bacteroides xylanisolvens,0.10862242418986685,0.003351812535585541,70
All,LASSO,VogtmannE_2016,0.5894970414201184,rCLR_Lachnospira pectinoschiza,rCLR,Lachnospira pectinoschiza,0.10748345300787433,0.02086823799348654,71
All,LASSO,VogtmannE_2016,0.5894970414201184,PA_Eubacterium ramulus,PA,Eubacterium ramulus,0.10719099379698524,0.023223271089403433,72
All,LASSO,VogtmannE_2016,0.5894970414201184,PA_Ruminococcus bromii,PA,Ruminococcus bromii,0.10715923868171175,-0.003348726208803498,73
All,LASSO,VogtmannE_2016,0.5894970414201184,PA_Bacteroides thetaiotaomicron,PA,Bacteroides thetaiotaomicron,0.10694451641394123,-0.006534612776410705,74
All,LASSO,VogtmannE_2016,0.5894970414201184,PA_[Eubacterium] rectale,PA,[Eubacterium] rectale,0.10692256687285669,0.0961565704842794,75
All,LASSO,VogtmannE_2016,0.5894970414201184,rCLR_Ruthenibacterium lactatiformans,rCLR,Ruthenibacterium lactatiformans,0.10635273323945495,0.06662456766350287,76
All,LASSO,VogtmannE_2016,0.5894970414201184,rCLR_Faecalibacterium prausnitzii,rCLR,Faecalibacterium prausnitzii,0.10599201247418022,-0.03025604289208311,77
All,LASSO,VogtmannE_2016,0.5894970414201184,PA_Akkermansia muciniphila,PA,Akkermansia muciniphila,0.10355947287239602,0.037657990135416715,78
All,LASSO,VogtmannE_2016,0.5894970414201184,rCLR_Odoribacter splanchnicus,rCLR,Odoribacter splanchnicus,0.1026906851614645,0.0946734542683799,79
All,LASSO,VogtmannE_2016,0.5894970414201184,rCLR_Alistipes inops,rCLR,Alistipes inops,0.0999936724339269,0.07151526317615987,80
All,LASSO,VogtmannE_2016,0.5894970414201184,rCLR_Klebsiella variicola,rCLR,Klebsiella variicola,0.09786514393877128,0.0340901055748551,81
All,LASSO,VogtmannE_2016,0.5894970414201184,PA_Clostridium sp. CAG:58,PA,Clostridium sp. CAG:58,0.09768085560789563,0.060133641965306725,82
All,LASSO,VogtmannE_2016,0.5894970414201184,rCLR_Bacteroides uniformis,rCLR,Bacteroides uniformis,0.09740434765898824,0.01506482468413032,83
All,LASSO,VogtmannE_2016,0.5894970414201184,PA_Bifidobacterium bifidum,PA,Bifidobacterium bifidum,0.09339934791413441,0.03735973916565377,84
All,LASSO,VogtmannE_2016,0.5894970414201184,rCLR_Roseburia faecis,rCLR,Roseburia faecis,0.09302755359128684,0.003146704137991586,85
All,LASSO,VogtmannE_2016,0.5894970414201184,PA_Phocaeicola coprocola,PA,Phocaeicola coprocola,0.08669404872065956,-0.05853700725582997,86
All,LASSO,VogtmannE_2016,0.5894970414201184,rCLR_Ruminococcus bromii,rCLR,Ruminococcus bromii,0.08505482515765407,-0.007223527847803405,87
All,LASSO,VogtmannE_2016,0.5894970414201184,rCLR_Barnesiella intestinihominis,rCLR,Barnesiella intestinihominis,0.08376025554467245,-0.016960183720553284,88
All,LASSO,VogtmannE_2016,0.5894970414201184,rCLR_Parabacteroides merdae,rCLR,Parabacteroides merdae,0.08257886339728135,0.01828740180626553,89
All,LASSO,VogtmannE_2016,0.5894970414201184,rCLR_Bacteroides caccae,rCLR,Bacteroides caccae,0.08233008245069365,0.007640673597289867,90
All,LASSO,VogtmannE_2016,0.5894970414201184,PA_Anaerostipes hadrus,PA,Anaerostipes hadrus,0.07960553711780433,0.022550373995828536,91
All,LASSO,VogtmannE_2016,0.5894970414201184,rCLR_Phocaeicola plebeius,rCLR,Phocaeicola plebeius,0.07940931873478457,0.04119908041636167,92
All,LASSO,VogtmannE_2016,0.5894970414201184,rCLR_Firmicutes bacterium CAG:110,rCLR,Firmicutes bacterium CAG:110,0.07851354902947263,-0.01959264027586146,93
All,LASSO,VogtmannE_2016,0.5894970414201184,rCLR_Eubacterium ramulus,rCLR,Eubacterium ramulus,0.07718111724507651,-0.018653909872724524,94
All,LASSO,VogtmannE_2016,0.5894970414201184,rCLR_Intestinibacter bartlettii,rCLR,Intestinibacter bartlettii,0.07608625469595744,0.01512144008548037,95
All,LASSO,VogtmannE_2016,0.5894970414201184,PA_Erysipelatoclostridium ramosum,PA,Erysipelatoclostridium ramosum,0.07568625005636018,-0.010161579868677979,96
All,LASSO,VogtmannE_2016,0.5894970414201184,PA_Parasutterella excrementihominis,PA,Parasutterella excrementihominis,0.07527624597795522,-0.022965634366155823,97
All,LASSO,VogtmannE_2016,0.5894970414201184,rCLR_Erysipelatoclostridium ramosum,rCLR,Erysipelatoclostridium ramosum,0.07346042184057361,-0.004106671953609565,98
All,LASSO,VogtmannE_2016,0.5894970414201184,rCLR_Anaerobutyricum hallii,rCLR,Anaerobutyricum hallii,0.07277180907280102,0.048451714602564526,99
All,LASSO,VogtmannE_2016,0.5894970414201184,rCLR_Phocaeicola massiliensis,rCLR,Phocaeicola massiliensis,0.07240863211400053,0.020765431918449928,100
All,LASSO,VogtmannE_2016,0.5894970414201184,rCLR_Dialister invisus,rCLR,Dialister invisus,0.07142037455310399,0.034587403640541955,101
All,LASSO,VogtmannE_2016,0.5894970414201184,rCLR_Firmicutes bacterium CAG:83,rCLR,Firmicutes bacterium CAG:83,0.07125467695472716,0.01939507368581584,102
All,LASSO,VogtmannE_2016,0.5894970414201184,PA_Alistipes shahii,PA,Alistipes shahii,0.07122989913574236,0.03526917335847436,103
All,LASSO,VogtmannE_2016,0.5894970414201184,PA_Lawsonibacter asaccharolyticus,PA,Lawsonibacter asaccharolyticus,0.07078755592889961,-0.036350366558083595,104
All,LASSO,VogtmannE_2016,0.5894970414201184,PA_Eubacterium sp. CAG:251,PA,Eubacterium sp. CAG:251,0.0688040527691591,-0.00041200031598299773,105
All,LASSO,VogtmannE_2016,0.5894970414201184,rCLR_Lachnospira eligens,rCLR,Lachnospira eligens,0.06564630711410727,-0.017995331359916426,106
All,LASSO,VogtmannE_2016,0.5894970414201184,rCLR_Bacteroides fragilis,rCLR,Bacteroides fragilis,0.06364560861132379,-0.01754539404051882,107
All,LASSO,VogtmannE_2016,0.5894970414201184,PA_Blautia obeum,PA,Blautia obeum,0.06274566688312377,-0.007381843162720439,108
All,LASSO,VogtmannE_2016,0.5894970414201184,rCLR_Parabacteroides distasonis,rCLR,Parabacteroides distasonis,0.06129788256415098,0.022904841143480157,109
All,LASSO,VogtmannE_2016,0.5894970414201184,PA_Ruminococcus bicirculans,PA,Ruminococcus bicirculans,0.06115685137151064,-0.011933044170050866,110
All,LASSO,VogtmannE_2016,0.5894970414201184,rCLR_[Ruminococcus] lactaris,rCLR,[Ruminococcus] lactaris,0.06058436726107879,-0.008316852197371454,111
All,LASSO,VogtmannE_2016,0.5894970414201184,rCLR_Collinsella aerofaciens,rCLR,Collinsella aerofaciens,0.06046109234148541,-0.03530765519909434,112
All,LASSO,VogtmannE_2016,0.5894970414201184,PA_Paraprevotella xylaniphila,PA,Paraprevotella xylaniphila,0.0601780296433544,0.004803911379254896,113
All,LASSO,VogtmannE_2016,0.5894970414201184,rCLR_Gemmiger formicilis,rCLR,Gemmiger formicilis,0.05996349006614192,-0.002237361082616377,114
All,LASSO,VogtmannE_2016,0.5894970414201184,PA_Roseburia inulinivorans,PA,Roseburia inulinivorans,0.05862807326140358,-0.0014476067471951497,115
All,LASSO,VogtmannE_2016,0.5894970414201184,rCLR_Klebsiella pneumoniae,rCLR,Klebsiella pneumoniae,0.056815329218316925,0.0015981605480134586,116
All,LASSO,VogtmannE_2016,0.5894970414201184,PA_Enterocloster bolteae,PA,Enterocloster bolteae,0.05596524207945899,-0.01298393616243448,117
All,LASSO,VogtmannE_2016,0.5894970414201184,rCLR_Oscillibacter sp. 57_20,rCLR,Oscillibacter sp. 57_20,0.05485643475057619,0.018187695128182243,118
All,LASSO,VogtmannE_2016,0.5894970414201184,rCLR_Klebsiella quasipneumoniae,rCLR,Klebsiella quasipneumoniae,0.05455116219104403,0.005317153436687882,119
All,LASSO,VogtmannE_2016,0.5894970414201184,PA_Phocaeicola dorei,PA,Phocaeicola dorei,0.05362383018379972,-0.021285097841269734,120
All,LASSO,VogtmannE_2016,0.5894970414201184,PA_Bacteroides salyersiae,PA,Bacteroides salyersiae,0.052454519137574866,0.010044482388046262,121
All,LASSO,VogtmannE_2016,0.5894970414201184,PA_Bacteroides sp. CAG:144,PA,Bacteroides sp. CAG:144,0.05203987176963914,-0.018923589734414235,122
All,LASSO,VogtmannE_2016,0.5894970414201184,PA_Phascolarctobacterium faecium,PA,Phascolarctobacterium faecium,0.051146410464476356,0.009214807835748635,123
All,LASSO,VogtmannE_2016,0.5894970414201184,rCLR_Escherichia coli,rCLR,Escherichia coli,0.050744716079774266,0.02495749525080773,124
All,LASSO,VogtmannE_2016,0.5894970414201184,PA_Klebsiella quasipneumoniae,PA,Klebsiella quasipneumoniae,0.04938812264290312,-0.010957989711394138,125
All,LASSO,VogtmannE_2016,0.5894970414201184,rCLR_Methanobrevibacter smithii,rCLR,Methanobrevibacter smithii,0.0489606300757668,-0.00033900557735549314,126
All,LASSO,VogtmannE_2016,0.5894970414201184,PA_Blautia wexlerae,PA,Blautia wexlerae,0.047042960799889316,0.013357877757993285,127
All,LASSO,VogtmannE_2016,0.5894970414201184,rCLR_[Eubacterium] rectale,rCLR,[Eubacterium] rectale,0.04684380681221483,0.0023183458551126706,128
All,LASSO,VogtmannE_2016,0.5894970414201184,PA_Lachnospira pectinoschiza,PA,Lachnospira pectinoschiza,0.046159516408283925,0.004372252330598316,129
All,LASSO,VogtmannE_2016,0.5894970414201184,rCLR_Alistipes shahii,rCLR,Alistipes shahii,0.04615282208643792,0.018939894110651626,130
All,LASSO,VogtmannE_2016,0.5894970414201184,PA_Roseburia faecis,PA,Roseburia faecis,0.045985578794255716,-0.026798709393095668,131
All,LASSO,VogtmannE_2016,0.5894970414201184,rCLR_Bifidobacterium adolescentis,rCLR,Bifidobacterium adolescentis,0.04542382254188574,0.018121712717872742,132
All,LASSO,VogtmannE_2016,0.5894970414201184,PA_Oscillibacter sp. CAG:241,PA,Oscillibacter sp. CAG:241,0.045327996924258256,0.017341982786600523,133
All,LASSO,VogtmannE_2016,0.5894970414201184,rCLR_Streptococcus parasanguinis,rCLR,Streptococcus parasanguinis,0.044939370368518944,0.009485110815499031,134
All,LASSO,VogtmannE_2016,0.5894970414201184,rCLR_Coprobacter fastidiosus,rCLR,Coprobacter fastidiosus,0.04410260398700516,0.006893740441790447,135
All,LASSO,VogtmannE_2016,0.5894970414201184,rCLR_Phocaeicola coprocola,rCLR,Phocaeicola coprocola,0.044097331422615814,0.035005701765068516,136
All,LASSO,VogtmannE_2016,0.5894970414201184,rCLR_Akkermansia muciniphila,rCLR,Akkermansia muciniphila,0.04364217019468217,0.005129391499250465,137
All,LASSO,VogtmannE_2016,0.5894970414201184,rCLR_Bacteroides salyersiae,rCLR,Bacteroides salyersiae,0.04125050718629586,-0.024881309654513233,138
All,LASSO,VogtmannE_2016,0.5894970414201184,rCLR_Gordonibacter pamelaeae,rCLR,Gordonibacter pamelaeae,0.039945447334638236,-0.0016559455191497822,139
All,LASSO,VogtmannE_2016,0.5894970414201184,PA_Bacteroides stercoris,PA,Bacteroides stercoris,0.039660074372908555,0.017742664851038044,140
All,LASSO,VogtmannE_2016,0.5894970414201184,rCLR_Oscillibacter sp. CAG:241,rCLR,Oscillibacter sp. CAG:241,0.03948889269602852,-0.0032262745399085605,141
All,LASSO,VogtmannE_2016,0.5894970414201184,rCLR_Parasutterella excrementihominis,rCLR,Parasutterella excrementihominis,0.03880435565579309,0.0037594430857449445,142
All,LASSO,VogtmannE_2016,0.5894970414201184,PA_Phascolarctobacterium succinatutens,PA,Phascolarctobacterium succinatutens,0.03807417391978717,-0.0005601566046182472,143
All,LASSO,VogtmannE_2016,0.5894970414201184,PA_[Ruminococcus] gnavus,PA,[Ruminococcus] gnavus,0.03640413379015324,-0.0018202066895076465,144
All,LASSO,VogtmannE_2016,0.5894970414201184,rCLR_Slackia isoflavoniconvertens,rCLR,Slackia isoflavoniconvertens,0.03632019298357466,-0.01422434359788623,145
All,LASSO,VogtmannE_2016,0.5894970414201184,PA_Barnesiella intestinihominis,PA,Barnesiella intestinihominis,0.03601228257270822,0.012690177619235778,146
All,LASSO,VogtmannE_2016,0.5894970414201184,rCLR_Alistipes putredinis,rCLR,Alistipes putredinis,0.035743878533390186,0.02106872610463319,147
All,LASSO,VogtmannE_2016,0.5894970414201184,PA_Roseburia hominis,PA,Roseburia hominis,0.03411496631590363,-0.008988798178671702,148
All,LASSO,VogtmannE_2016,0.5894970414201184,rCLR_Firmicutes bacterium CAG:145,rCLR,Firmicutes bacterium CAG:145,0.033480021380911634,-0.007756227370902447,149
All,LASSO,VogtmannE_2016,0.5894970414201184,rCLR_Blautia obeum,rCLR,Blautia obeum,0.033333495459982876,-0.001740071396140484,150
All,LASSO,VogtmannE_2016,0.5894970414201184,PA_Megamonas funiformis,PA,Megamonas funiformis,0.033054631622542685,-0.013876911841536832,151
All,LASSO,VogtmannE_2016,0.5894970414201184,PA_Bacteroides eggerthii,PA,Bacteroides eggerthii,0.0325463330416416,0.001677005710160922,152
All,LASSO,VogtmannE_2016,0.5894970414201184,rCLR_Agathobaculum butyriciproducens,rCLR,Agathobaculum butyriciproducens,0.03092167484198035,0.0019963328412546883,153
All,LASSO,VogtmannE_2016,0.5894970414201184,PA_Bacteroides finegoldii,PA,Bacteroides finegoldii,0.030904495016764382,0.0050552040752548785,154
All,LASSO,VogtmannE_2016,0.5894970414201184,rCLR_Fusicatenibacter saccharivorans,rCLR,Fusicatenibacter saccharivorans,0.02922622069555036,0.009687869902878853,155
All,LASSO,VogtmannE_2016,0.5894970414201184,PA_Bifidobacterium adolescentis,PA,Bifidobacterium adolescentis,0.028953542615993085,-0.009434300402964039,156
All,LASSO,VogtmannE_2016,0.5894970414201184,rCLR_Coprococcus eutactus,rCLR,Coprococcus eutactus,0.028027791487856724,-0.008710638681007764,157
All,LASSO,VogtmannE_2016,0.5894970414201184,PA_Phocaeicola vulgatus,PA,Phocaeicola vulgatus,0.027045159508441403,-0.027045159508441403,158
All,LASSO,VogtmannE_2016,0.5894970414201184,rCLR_Holdemanella biformis,rCLR,Holdemanella biformis,0.02702952180546882,-0.006912506161202924,159
All,LASSO,VogtmannE_2016,0.5894970414201184,PA_Dorea formicigenerans,PA,Dorea formicigenerans,0.026862816836045317,0.01336893675096208,160
All,LASSO,VogtmannE_2016,0.5894970414201184,PA_Eubacterium ventriosum,PA,Eubacterium ventriosum,0.026186730788558838,-0.003697663375236316,161
All,LASSO,VogtmannE_2016,0.5894970414201184,PA_[Ruminococcus] lactaris,PA,[Ruminococcus] lactaris,0.025861472671509435,-0.0042100071790829394,162
All,LASSO,VogtmannE_2016,0.5894970414201184,rCLR_Eubacterium sp. CAG:180,rCLR,Eubacterium sp. CAG:180,0.023762026035433127,0.007678992938930594,163
All,LASSO,VogtmannE_2016,0.5894970414201184,PA_Alistipes finegoldii,PA,Alistipes finegoldii,0.022727930453185476,0.015615788950828114,164
All,LASSO,VogtmannE_2016,0.5894970414201184,PA_Firmicutes bacterium CAG:83,PA,Firmicutes bacterium CAG:83,0.021910095032952655,-0.004365067288963488,165
All,LASSO,VogtmannE_2016,0.5894970414201184,rCLR_Dorea longicatena,rCLR,Dorea longicatena,0.021813745426788402,0.007430015052749334,166
All,LASSO,VogtmannE_2016,0.5894970414201184,PA_Holdemanella biformis,PA,Holdemanella biformis,0.021583398490340102,-0.008590048228596898,167
All,LASSO,VogtmannE_2016,0.5894970414201184,rCLR_Ruminococcus bicirculans,rCLR,Ruminococcus bicirculans,0.020918735181116036,-2.2990883342784045e-06,168
All,LASSO,VogtmannE_2016,0.5894970414201184,rCLR_Desulfovibrio piger,rCLR,Desulfovibrio piger,0.020151049789887465,0.010512394768072631,169
All,LASSO,VogtmannE_2016,0.5894970414201184,PA_Bacteroides uniformis,PA,Bacteroides uniformis,0.019780735360175432,-0.019780735360175432,170
All,LASSO,VogtmannE_2016,0.5894970414201184,PA_Fusicatenibacter saccharivorans,PA,Fusicatenibacter saccharivorans,0.01949119669290195,-0.0004380044200652095,171
All,LASSO,VogtmannE_2016,0.5894970414201184,PA_Bacteroides fragilis,PA,Bacteroides fragilis,0.018596341743744534,0.01021274505599085,172
All,LASSO,VogtmannE_2016,0.5894970414201184,rCLR_Phascolarctobacterium faecium,rCLR,Phascolarctobacterium faecium,0.01802468611285089,0.0022418321144950333,173
All,LASSO,VogtmannE_2016,0.5894970414201184,PA_Dialister invisus,PA,Dialister invisus,0.01692673533955871,-0.00042852494530528333,174
All,LASSO,VogtmannE_2016,0.5894970414201184,rCLR_Eubacterium sp. CAG:274,rCLR,Eubacterium sp. CAG:274,0.016922828288423748,0.0013182629459341025,175
All,LASSO,VogtmannE_2016,0.5894970414201184,rCLR_Roseburia inulinivorans,rCLR,Roseburia inulinivorans,0.016585773067202523,0.0016981197956680548,176
All,LASSO,VogtmannE_2016,0.5894970414201184,PA_Intestinibacter bartlettii,PA,Intestinibacter bartlettii,0.015859986785794027,0.0054971382770433634,177
All,LASSO,VogtmannE_2016,0.5894970414201184,rCLR_Clostridium sp. CAG:58,rCLR,Clostridium sp. CAG:58,0.01551299764674959,0.0037749507606268224,178
All,LASSO,VogtmannE_2016,0.5894970414201184,PA_Alistipes putredinis,PA,Alistipes putredinis,0.01521106962655504,-0.009291382602213405,179
All,LASSO,VogtmannE_2016,0.5894970414201184,PA_Bacteroides cellulosilyticus,PA,Bacteroides cellulosilyticus,0.014367732358215887,-0.008829793209746159,180
All,LASSO,VogtmannE_2016,0.5894970414201184,rCLR_Bifidobacterium bifidum,rCLR,Bifidobacterium bifidum,0.01422194273606592,-0.003128555805202941,181
All,LASSO,VogtmannE_2016,0.5894970414201184,PA_Ruthenibacterium lactatiformans,PA,Ruthenibacterium lactatiformans,0.014188501220899643,0.010442099213134005,182
All,LASSO,VogtmannE_2016,0.5894970414201184,PA_Acidaminococcus intestini,PA,Acidaminococcus intestini,0.01358438905678462,0.005525853175641198,183
All,LASSO,VogtmannE_2016,0.5894970414201184,PA_Faecalibacterium prausnitzii,PA,Faecalibacterium prausnitzii,0.013355360906796577,-0.013355360906796577,184
All,LASSO,VogtmannE_2016,0.5894970414201184,rCLR_Bacteroides sp. CAG:144,rCLR,Bacteroides sp. CAG:144,0.01278078338033489,-0.001612963253825559,185
All,LASSO,VogtmannE_2016,0.5894970414201184,rCLR_Bifidobacterium pseudocatenulatum,rCLR,Bifidobacterium pseudocatenulatum,0.012283217517063702,-0.010374254250404731,186
All,LASSO,VogtmannE_2016,0.5894970414201184,PA_Odoribacter splanchnicus,PA,Odoribacter splanchnicus,0.010386671244287061,0.00194916966795104,187
All,LASSO,VogtmannE_2016,0.5894970414201184,rCLR_Bifidobacterium longum,rCLR,Bifidobacterium longum,0.009568328846426362,-0.004499147336871991,188
All,LASSO,VogtmannE_2016,0.5894970414201184,PA_Phocaeicola massiliensis,PA,Phocaeicola massiliensis,0.009530689418128974,-0.002546994585879295,189
All,LASSO,VogtmannE_2016,0.5894970414201184,PA_Prevotella copri,PA,Prevotella copri,0.007715429343573452,-0.006156756748912148,190
All,LASSO,VogtmannE_2016,0.5894970414201184,rCLR_Bacteroides eggerthii,rCLR,Bacteroides eggerthii,0.007232889979841081,0.0014859989963960428,191
All,LASSO,VogtmannE_2016,0.5894970414201184,rCLR_Enterocloster bolteae,rCLR,Enterocloster bolteae,0.007189270113677439,0.0010594749238338678,192
All,LASSO,VogtmannE_2016,0.5894970414201184,PA_Eubacterium sp. CAG:274,PA,Eubacterium sp. CAG:274,0.006324495548016044,-0.00116057753355346,193
All,LASSO,VogtmannE_2016,0.5894970414201184,PA_Bacteroides ovatus,PA,Bacteroides ovatus,0.006274503056618007,0.001977225867905039,194
All,LASSO,VogtmannE_2016,0.5894970414201184,rCLR_Megamonas funiformis,rCLR,Megamonas funiformis,0.005612361104085195,-0.005482354306142885,195
All,LASSO,VogtmannE_2016,0.5894970414201184,PA_Anaerobutyricum hallii,PA,Anaerobutyricum hallii,0.005550797022528252,-0.000505617154527325,196
All,LASSO,VogtmannE_2016,0.5894970414201184,rCLR_Bacteroides ovatus,rCLR,Bacteroides ovatus,0.004786713841705519,-0.0002458479243056449,197
All,LASSO,VogtmannE_2016,0.5894970414201184,PA_Bifidobacterium longum,PA,Bifidobacterium longum,0.004612414164675068,-0.0016293413833034962,198
All,LASSO,VogtmannE_2016,0.5894970414201184,PA_Bacteroides xylanisolvens,PA,Bacteroides xylanisolvens,0.00272980351956483,0.0006101913749615496,199
All,LASSO,VogtmannE_2016,0.5894970414201184,rCLR_Lawsonibacter asaccharolyticus,rCLR,Lawsonibacter asaccharolyticus,0.0020883635203334475,-0.0004482468962146825,200
All,LASSO,VogtmannE_2016,0.5894970414201184,PA_Firmicutes bacterium CAG:145,PA,Firmicutes bacterium CAG:145,0.002037840934795001,0.0002289894017271665,201
All,LASSO,VogtmannE_2016,0.5894970414201184,rCLR_Prevotella copri,rCLR,Prevotella copri,0.0013984036574500869,0.0007020346090105401,202
All,LASSO,VogtmannE_2016,0.5894970414201184,rCLR_Veillonella atypica,rCLR,Veillonella atypica,0.0012755278872846252,8.444563549149132e-05,203
All,LASSO,VogtmannE_2016,0.5894970414201184,rCLR_Phascolarctobacterium succinatutens,rCLR,Phascolarctobacterium succinatutens,2.5130618035833602e-05,3.336860187343486e-06,204
All,LASSO,VogtmannE_2016,0.5894970414201184,PA_[Ruminococcus] torques,PA,[Ruminococcus] torques,0.0,0.0,205
All,LASSO,VogtmannE_2016,0.5894970414201184,PA_Coprococcus eutactus,PA,Coprococcus eutactus,0.0,0.0,206
All,LASSO,VogtmannE_2016,0.5894970414201184,PA_Agathobaculum butyriciproducens,PA,Agathobaculum butyriciproducens,0.0,0.0,207
All,LASSO,VogtmannE_2016,0.5894970414201184,PA_Adlercreutzia equolifaciens,PA,Adlercreutzia equolifaciens,0.0,0.0,208
All,LASSO,VogtmannE_2016,0.5894970414201184,PA_Slackia isoflavoniconvertens,PA,Slackia isoflavoniconvertens,0.0,0.0,209
All,LASSO,VogtmannE_2016,0.5894970414201184,PA_Parabacteroides distasonis,PA,Parabacteroides distasonis,0.0,0.0,210
All,LASSO,VogtmannE_2016,0.5894970414201184,rCLR_Eubacterium sp. CAG:251,rCLR,Eubacterium sp. CAG:251,0.0,0.0,211
All,LASSO,VogtmannE_2016,0.5894970414201184,rCLR_Coprococcus catus,rCLR,Coprococcus catus,0.0,0.0,212
All,LASSO,VogtmannE_2016,0.5894970414201184,rCLR_Blautia wexlerae,rCLR,Blautia wexlerae,0.0,0.0,213
All,LASSO,VogtmannE_2016,0.5894970414201184,rCLR_[Ruminococcus] gnavus,rCLR,[Ruminococcus] gnavus,0.0,0.0,214
All,LASSO,VogtmannE_2016,0.5894970414201184,rCLR_Adlercreutzia equolifaciens_1,rCLR,Adlercreutzia equolifaciens_1,0.0,0.0,215
All,LASSO,VogtmannE_2016,0.5894970414201184,rCLR_Acidaminococcus intestini,rCLR,Acidaminococcus intestini,0.0,0.0,216
All,LASSO,WirbelJ_2018,0.7438461538461539,PA_Parvimonas micra,PA,Parvimonas micra,0.9224939137455537,-0.059830477343305724,1
All,LASSO,WirbelJ_2018,0.7438461538461539,PA_Streptococcus salivarius,PA,Streptococcus salivarius,0.48024953087080413,0.1022677876641405,2
All,LASSO,WirbelJ_2018,0.7438461538461539,PA_Firmicutes bacterium CAG:110,PA,Firmicutes bacterium CAG:110,0.4582485808748134,-0.19866267957000588,3
All,LASSO,WirbelJ_2018,0.7438461538461539,rCLR_Streptococcus salivarius,rCLR,Streptococcus salivarius,0.39457582631055843,0.18027289002241526,4
All,LASSO,WirbelJ_2018,0.7438461538461539,PA_Methanobrevibacter smithii,PA,Methanobrevibacter smithii,0.35995817987662704,0.16165786521405393,5
All,LASSO,WirbelJ_2018,0.7438461538461539,rCLR_Parvimonas micra,rCLR,Parvimonas micra,0.32005596412897896,0.1139925115441868,6
All,LASSO,WirbelJ_2018,0.7438461538461539,PA_Klebsiella pneumoniae,PA,Klebsiella pneumoniae,0.3102621832034555,-0.16916847576058472,7
All,LASSO,WirbelJ_2018,0.7438461538461539,PA_Veillonella parvula,PA,Veillonella parvula,0.29647837992847403,-0.0635417607007572,8
All,LASSO,WirbelJ_2018,0.7438461538461539,rCLR_Streptococcus thermophilus,rCLR,Streptococcus thermophilus,0.2946780049547585,0.1474665688084566,9
All,LASSO,WirbelJ_2018,0.7438461538461539,PA_Klebsiella variicola,PA,Klebsiella variicola,0.26649491476247844,0.13635874133854123,10
All,LASSO,WirbelJ_2018,0.7438461538461539,rCLR_Proteobacteria bacterium CAG:139,rCLR,Proteobacteria bacterium CAG:139,0.25855759007894663,-0.0009913147087990965,11
All,LASSO,WirbelJ_2018,0.7438461538461539,PA_Bacteroides intestinalis,PA,Bacteroides intestinalis,0.2549458925682734,0.03862816554064745,12
All,LASSO,WirbelJ_2018,0.7438461538461539,rCLR_Veillonella parvula,rCLR,Veillonella parvula,0.24295742415968058,0.01932523371199183,13
All,LASSO,WirbelJ_2018,0.7438461538461539,PA_Streptococcus parasanguinis,PA,Streptococcus parasanguinis,0.23480338546991233,0.005208593289039758,14
All,LASSO,WirbelJ_2018,0.7438461538461539,PA_Phocaeicola plebeius,PA,Phocaeicola plebeius,0.2336819149650191,-0.02881559105830708,15
All,LASSO,WirbelJ_2018,0.7438461538461539,Age,covariate,Age,0.23203562185882312,-0.07055940425811554,16
All,LASSO,WirbelJ_2018,0.7438461538461539,PA_Streptococcus thermophilus,PA,Streptococcus thermophilus,0.2317316739033356,-0.16184178754194037,17
All,LASSO,WirbelJ_2018,0.7438461538461539,PA_Coprobacter fastidiosus,PA,Coprobacter fastidiosus,0.21850775087985166,-0.13825534561261957,18
All,LASSO,WirbelJ_2018,0.7438461538461539,rCLR_Flavonifractor plautii,rCLR,Flavonifractor plautii,0.21167594592719677,-0.07683811058884758,19
All,LASSO,WirbelJ_2018,0.7438461538461539,rCLR_Dorea formicigenerans,rCLR,Dorea formicigenerans,0.20920020485990778,-0.01835626358632776,20
All,LASSO,WirbelJ_2018,0.7438461538461539,PA_Veillonella atypica,PA,Veillonella atypica,0.20882403894900423,-0.042132509692572366,21
All,LASSO,WirbelJ_2018,0.7438461538461539,PA_Eubacterium sp. CAG:180,PA,Eubacterium sp. CAG:180,0.20784802443683614,-0.04091496544032204,22
All,LASSO,WirbelJ_2018,0.7438461538461539,rCLR_Coprococcus comes,rCLR,Coprococcus comes,0.20180773476944805,-0.13306648262247545,23
All,LASSO,WirbelJ_2018,0.7438461538461539,rCLR_[Ruminococcus] torques,rCLR,[Ruminococcus] torques,0.20151955822859147,-0.028707347381541983,24
All,LASSO,WirbelJ_2018,0.7438461538461539,rCLR_Paraprevotella xylaniphila,rCLR,Paraprevotella xylaniphila,0.19875226286426317,0.08410419944867834,25
All,LASSO,WirbelJ_2018,0.7438461538461539,PA_Slackia isoflavoniconvertens,PA,Slackia isoflavoniconvertens,0.19326542128175986,-0.056569269260499086,26
All,LASSO,WirbelJ_2018,0.7438461538461539,rCLR_Eubacterium ventriosum,rCLR,Eubacterium ventriosum,0.1885609714663292,0.036638839363775204,27
All,LASSO,WirbelJ_2018,0.7438461538461539,PA_Proteobacteria bacterium CAG:139,PA,Proteobacteria bacterium CAG:139,0.1838256568022176,-0.04888980234101532,28
All,LASSO,WirbelJ_2018,0.7438461538461539,PA_Parabacteroides merdae,PA,Parabacteroides merdae,0.17729331911594892,0.02144991762291507,29
All,LASSO,WirbelJ_2018,0.7438461538461539,rCLR_Butyricimonas virosa,rCLR,Butyricimonas virosa,0.17599198648230116,-0.0035099282039573656,30
All,LASSO,WirbelJ_2018,0.7438461538461539,PA_Bifidobacterium pseudocatenulatum,PA,Bifidobacterium pseudocatenulatum,0.17476927183889288,0.068509554560846,31
All,LASSO,WirbelJ_2018,0.7438461538461539,PA_Oscillibacter sp. 57_20,PA,Oscillibacter sp. 57_20,0.17416706824377862,0.11300916641771896,32
All,LASSO,WirbelJ_2018,0.7438461538461539,PA_Roseburia intestinalis,PA,Roseburia intestinalis,0.17009838842035738,-0.08931830648630369,33
All,LASSO,WirbelJ_2018,0.7438461538461539,rCLR_Lachnospira pectinoschiza,rCLR,Lachnospira pectinoschiza,0.16943101880899775,0.0015918024286095639,34
All,LASSO,WirbelJ_2018,0.7438461538461539,PA_Clostridium sp. CAG:58,PA,Clostridium sp. CAG:58,0.16376827570568891,0.01767283550780816,35
All,LASSO,WirbelJ_2018,0.7438461538461539,rCLR_Dialister invisus,rCLR,Dialister invisus,0.1633141067955091,-0.005539751753774484,36
All,LASSO,WirbelJ_2018,0.7438461538461539,Gender,covariate,Gender,0.16318700006062745,0.004679292972408614,37
All,LASSO,WirbelJ_2018,0.7438461538461539,PA_Bifidobacterium bifidum,PA,Bifidobacterium bifidum,0.16272815456855064,0.009321025308550638,38
All,LASSO,WirbelJ_2018,0.7438461538461539,PA_Lachnospira eligens,PA,Lachnospira eligens,0.1595413953572675,-0.09035515918291846,39
All,LASSO,WirbelJ_2018,0.7438461538461539,PA_Gemmiger formicilis,PA,Gemmiger formicilis,0.15732663728043217,-0.09026938204614961,40
All,LASSO,WirbelJ_2018,0.7438461538461539,rCLR_Anaerostipes hadrus,rCLR,Anaerostipes hadrus,0.15652848900458313,0.07925522073421264,41
All,LASSO,WirbelJ_2018,0.7438461538461539,rCLR_[Eubacterium] siraeum,rCLR,[Eubacterium] siraeum,0.15567948005577767,0.050924423485943233,42
All,LASSO,WirbelJ_2018,0.7438461538461539,rCLR_Alistipes finegoldii,rCLR,Alistipes finegoldii,0.15472500718855406,0.024354330037245218,43
All,LASSO,WirbelJ_2018,0.7438461538461539,PA_Coprococcus catus,PA,Coprococcus catus,0.15461278689308783,0.10025324798543155,44
All,LASSO,WirbelJ_2018,0.7438461538461539,rCLR_Firmicutes bacterium CAG:110,rCLR,Firmicutes bacterium CAG:110,0.14773446073656502,-0.013279352556749852,45
All,LASSO,WirbelJ_2018,0.7438461538461539,rCLR_Alistipes inops,rCLR,Alistipes inops,0.14615525409408736,-0.003123289753123985,46
All,LASSO,WirbelJ_2018,0.7438461538461539,PA_Blautia sp. CAG:257,PA,Blautia sp. CAG:257,0.1451965323669723,0.0909735304193293,47
All,LASSO,WirbelJ_2018,0.7438461538461539,PA_[Eubacterium] rectale,PA,[Eubacterium] rectale,0.1333912073861427,0.08993078098405335,48
All,LASSO,WirbelJ_2018,0.7438461538461539,rCLR_Eggerthella lenta,rCLR,Eggerthella lenta,0.1326303101606191,-0.012691650695723936,49
All,LASSO,WirbelJ_2018,0.7438461538461539,PA_Bacteroides caccae,PA,Bacteroides caccae,0.1324390526060093,-0.006920148103107149,50
All,LASSO,WirbelJ_2018,0.7438461538461539,rCLR_Bacteroides thetaiotaomicron,rCLR,Bacteroides thetaiotaomicron,0.1293344531413784,-0.02746484623010659,51
All,LASSO,WirbelJ_2018,0.7438461538461539,PA_Enterocloster bolteae,PA,Enterocloster bolteae,0.12766979887953928,0.0676879031579939,52
All,LASSO,WirbelJ_2018,0.7438461538461539,rCLR_Bacteroides intestinalis,rCLR,Bacteroides intestinalis,0.12489365369082008,-0.06302728934598172,53
All,LASSO,WirbelJ_2018,0.7438461538461539,rCLR_Coprococcus eutactus,rCLR,Coprococcus eutactus,0.12366290218809856,-0.01353729154969724,54
All,LASSO,WirbelJ_2018,0.7438461538461539,rCLR_Adlercreutzia equolifaciens,rCLR,Adlercreutzia equolifaciens,0.12340157773960854,0.02788774660799088,55
All,LASSO,WirbelJ_2018,0.7438461538461539,rCLR_Parabacteroides merdae,rCLR,Parabacteroides merdae,0.12319050712187496,0.030815883934684613,56
All,LASSO,WirbelJ_2018,0.7438461538461539,PA_Alistipes shahii,PA,Alistipes shahii,0.12305601251554456,0.05888668132828979,57
All,LASSO,WirbelJ_2018,0.7438461538461539,rCLR_Eubacterium sp. CAG:38,rCLR,Eubacterium sp. CAG:38,0.12274331036476104,-0.010771743726898184,58
All,LASSO,WirbelJ_2018,0.7438461538461539,rCLR_Ruminococcus bicirculans,rCLR,Ruminococcus bicirculans,0.12044818710746485,0.048430748096725484,59
All,LASSO,WirbelJ_2018,0.7438461538461539,rCLR_Roseburia hominis,rCLR,Roseburia hominis,0.11949395087559612,-0.02686353286799357,60
All,LASSO,WirbelJ_2018,0.7438461538461539,rCLR_Phocaeicola vulgatus,rCLR,Phocaeicola vulgatus,0.11859083855673215,0.00895951458632617,61
All,LASSO,WirbelJ_2018,0.7438461538461539,PA_Collinsella aerofaciens,PA,Collinsella aerofaciens,0.1166947702186991,0.019981981201832047,62
All,LASSO,WirbelJ_2018,0.7438461538461539,PA_[Eubacterium] siraeum,PA,[Eubacterium] siraeum,0.11472274217840839,0.08691116831697604,63
All,LASSO,WirbelJ_2018,0.7438461538461539,rCLR_Bacteroides xylanisolvens,rCLR,Bacteroides xylanisolvens,0.11461426020017552,0.029408995976767358,64
All,LASSO,WirbelJ_2018,0.7438461538461539,PA_Eggerthella lenta,PA,Eggerthella lenta,0.11392337114279787,0.03435025611279958,65
All,LASSO,WirbelJ_2018,0.7438461538461539,rCLR_Ruthenibacterium lactatiformans,rCLR,Ruthenibacterium lactatiformans,0.11385341252887689,-0.0038513576585381946,66
All,LASSO,WirbelJ_2018,0.7438461538461539,PA_Alistipes inops,PA,Alistipes inops,0.11133574138218079,0.06673863199919161,67
All,LASSO,WirbelJ_2018,0.7438461538461539,PA_Bacteroides thetaiotaomicron,PA,Bacteroides thetaiotaomicron,0.11071310623075406,-0.018242123555097304,68
All,LASSO,WirbelJ_2018,0.7438461538461539,PA_Butyricimonas virosa,PA,Butyricimonas virosa,0.10786989125232958,0.012789153092058704,69
All,LASSO,WirbelJ_2018,0.7438461538461539,PA_Coprococcus comes,PA,Coprococcus comes,0.10723980173802476,0.07916556540819368,70
All,LASSO,WirbelJ_2018,0.7438461538461539,rCLR_Ruminococcus bromii,rCLR,Ruminococcus bromii,0.10599437844005721,0.017318630661786762,71
All,LASSO,WirbelJ_2018,0.7438461538461539,PA_Bacteroides salyersiae,PA,Bacteroides salyersiae,0.10354283475059804,0.00426453190900323,72
All,LASSO,WirbelJ_2018,0.7438461538461539,PA_Roseburia inulinivorans,PA,Roseburia inulinivorans,0.1032644535823665,-0.06650521015257795,73
All,LASSO,WirbelJ_2018,0.7438461538461539,rCLR_Phocaeicola dorei,rCLR,Phocaeicola dorei,0.10003150364065767,-0.0027781869520288895,74
All,LASSO,WirbelJ_2018,0.7438461538461539,PA_Bacteroides fragilis,PA,Bacteroides fragilis,0.0979567026439478,-0.005901006183370338,75
All,LASSO,WirbelJ_2018,0.7438461538461539,PA_Phascolarctobacterium faecium,PA,Phascolarctobacterium faecium,0.09729853168276517,-0.009611176038067338,76
All,LASSO,WirbelJ_2018,0.7438461538461539,PA_Eubacterium sp. CAG:38,PA,Eubacterium sp. CAG:38,0.0955791728752087,-0.03898729928046781,77
All,LASSO,WirbelJ_2018,0.7438461538461539,rCLR_Anaerobutyricum hallii,rCLR,Anaerobutyricum hallii,0.09459192396828198,-0.014231753990454678,78
All,LASSO,WirbelJ_2018,0.7438461538461539,PA_Flavonifractor plautii,PA,Flavonifractor plautii,0.09439610386243863,-0.02154734407340304,79
All,LASSO,WirbelJ_2018,0.7438461538461539,PA_Erysipelatoclostridium ramosum,PA,Erysipelatoclostridium ramosum,0.09303385279709393,0.04250894057308473,80
All,LASSO,WirbelJ_2018,0.7438461538461539,PA_Coprococcus eutactus,PA,Coprococcus eutactus,0.09035739527939428,-0.05563879019667135,81
All,LASSO,WirbelJ_2018,0.7438461538461539,rCLR_Lawsonibacter asaccharolyticus,rCLR,Lawsonibacter asaccharolyticus,0.08914875572167325,-0.0006747120785543485,82
All,LASSO,WirbelJ_2018,0.7438461538461539,PA_Adlercreutzia equolifaciens_1,PA,Adlercreutzia equolifaciens_1,0.08872794231483305,-0.030056891028059973,83
All,LASSO,WirbelJ_2018,0.7438461538461539,PA_Gordonibacter pamelaeae,PA,Gordonibacter pamelaeae,0.08686976518190435,-0.003725118575553334,84
All,LASSO,WirbelJ_2018,0.7438461538461539,rCLR_Alistipes shahii,rCLR,Alistipes shahii,0.08649099447753338,0.02244367399360128,85
All,LASSO,WirbelJ_2018,0.7438461538461539,PA_Dorea longicatena,PA,Dorea longicatena,0.08584826337919334,-0.057399315354978615,86
All,LASSO,WirbelJ_2018,0.7438461538461539,PA_Akkermansia muciniphila,PA,Akkermansia muciniphila,0.08387438755579199,0.027231944011620764,87
All,LASSO,WirbelJ_2018,0.7438461538461539,rCLR_Eubacterium sp. CAG:274,rCLR,Eubacterium sp. CAG:274,0.0838389650038042,-0.0077073256828883744,88
All,LASSO,WirbelJ_2018,0.7438461538461539,rCLR_Slackia isoflavoniconvertens,rCLR,Slackia isoflavoniconvertens,0.08325770982451439,0.007927043166457216,89
All,LASSO,WirbelJ_2018,0.7438461538461539,rCLR_Roseburia intestinalis,rCLR,Roseburia intestinalis,0.08225504653052663,-0.016521382758801762,90
All,LASSO,WirbelJ_2018,0.7438461538461539,PA_Barnesiella intestinihominis,PA,Barnesiella intestinihominis,0.08160415287196954,0.038517160155569614,91
All,LASSO,WirbelJ_2018,0.7438461538461539,rCLR_Phocaeicola plebeius,rCLR,Phocaeicola plebeius,0.08095323768777894,0.03193865619249351,92
All,LASSO,WirbelJ_2018,0.7438461538461539,PA_Odoribacter splanchnicus,PA,Odoribacter splanchnicus,0.08033126053603978,0.027886234241152944,93
All,LASSO,WirbelJ_2018,0.7438461538461539,PA_[Ruminococcus] gnavus,PA,[Ruminococcus] gnavus,0.07902051473658936,-0.025158997965461186,94
All,LASSO,WirbelJ_2018,0.7438461538461539,PA_Eubacterium ventriosum,PA,Eubacterium ventriosum,0.07830398779698042,0.021119332808314215,95
All,LASSO,WirbelJ_2018,0.7438461538461539,PA_Parasutterella excrementihominis,PA,Parasutterella excrementihominis,0.07782432685926936,-0.023419076005016977,96
All,LASSO,WirbelJ_2018,0.7438461538461539,rCLR_Bacteroides cellulosilyticus,rCLR,Bacteroides cellulosilyticus,0.07761511227652662,-0.008101754413887169,97
All,LASSO,WirbelJ_2018,0.7438461538461539,rCLR_Lachnospira eligens,rCLR,Lachnospira eligens,0.0775085537625475,-0.01557984166033387,98
All,LASSO,WirbelJ_2018,0.7438461538461539,rCLR_Bacteroides uniformis,rCLR,Bacteroides uniformis,0.07458871083938298,-0.010855919674662769,99
All,LASSO,WirbelJ_2018,0.7438461538461539,PA_Anaerotignum lactatifermentans,PA,Anaerotignum lactatifermentans,0.07444052446237873,-0.03774285561665068,100
All,LASSO,WirbelJ_2018,0.7438461538461539,rCLR_Akkermansia muciniphila,rCLR,Akkermansia muciniphila,0.07440697631634255,0.009564333544249511,101
All,LASSO,WirbelJ_2018,0.7438461538461539,rCLR_Bacteroides ovatus,rCLR,Bacteroides ovatus,0.07399177555959081,-0.00538798427999611,102
All,LASSO,WirbelJ_2018,0.7438461538461539,PA_Bacteroides xylanisolvens,PA,Bacteroides xylanisolvens,0.0734204129298389,-0.01244822140026804,103
All,LASSO,WirbelJ_2018,0.7438461538461539,rCLR_Bacteroides caccae,rCLR,Bacteroides caccae,0.07161850028814669,-0.003496375806366577,104
All,LASSO,WirbelJ_2018,0.7438461538461539,PA_Megamonas funiformis,PA,Megamonas funiformis,0.07075466622539192,-0.06034680216388102,105
All,LASSO,WirbelJ_2018,0.7438461538461539,rCLR_Intestinibacter bartlettii,rCLR,Intestinibacter bartlettii,0.06777449902025887,0.014685115391898367,106
All,LASSO,WirbelJ_2018,0.7438461538461539,rCLR_Gemmiger formicilis,rCLR,Gemmiger formicilis,0.06624587989416596,0.0001058665302210512,107
All,LASSO,WirbelJ_2018,0.7438461538461539,PA_Blautia wexlerae,PA,Blautia wexlerae,0.06332669473127071,0.011019726461357987,108
All,LASSO,WirbelJ_2018,0.7438461538461539,rCLR_Bacteroides finegoldii,rCLR,Bacteroides finegoldii,0.06299640907328384,0.001440984617884168,109
All,LASSO,WirbelJ_2018,0.7438461538461539,PA_Phascolarctobacterium succinatutens,PA,Phascolarctobacterium succinatutens,0.060625553081135666,0.011749138194018528,110
All,LASSO,WirbelJ_2018,0.7438461538461539,PA_Phocaeicola coprocola,PA,Phocaeicola coprocola,0.05994652790760203,-0.029939370327015706,111
All,LASSO,WirbelJ_2018,0.7438461538461539,rCLR_Bifidobacterium pseudocatenulatum,rCLR,Bifidobacterium pseudocatenulatum,0.05969208042735365,-0.016055968900099686,112
All,LASSO,WirbelJ_2018,0.7438461538461539,PA_Eubacterium ramulus,PA,Eubacterium ramulus,0.059542601692396016,0.03392354244097312,113
All,LASSO,WirbelJ_2018,0.7438461538461539,rCLR_Erysipelatoclostridium ramosum,rCLR,Erysipelatoclostridium ramosum,0.05765508727961071,-0.01739473644918697,114
All,LASSO,WirbelJ_2018,0.7438461538461539,PA_Firmicutes bacterium CAG:83,PA,Firmicutes bacterium CAG:83,0.05674498955731984,-0.01709186432449393,115
All,LASSO,WirbelJ_2018,0.7438461538461539,PA_Ruminococcus bromii,PA,Ruminococcus bromii,0.056150057052787354,-0.0173013023089328,116
All,LASSO,WirbelJ_2018,0.7438461538461539,rCLR_Roseburia inulinivorans,rCLR,Roseburia inulinivorans,0.05490986305956887,-0.01781278921600882,117
All,LASSO,WirbelJ_2018,0.7438461538461539,rCLR_Agathobaculum butyriciproducens,rCLR,Agathobaculum butyriciproducens,0.05432558805600688,-0.011134891127117581,118
All,LASSO,WirbelJ_2018,0.7438461538461539,PA_Paraprevotella xylaniphila,PA,Paraprevotella xylaniphila,0.05303187927207981,0.005332273052951353,119
All,LASSO,WirbelJ_2018,0.7438461538461539,rCLR_Coprococcus catus,rCLR,Coprococcus catus,0.051642575755798364,0.007884749168191521,120
All,LASSO,WirbelJ_2018,0.7438461538461539,rCLR_Roseburia faecis,rCLR,Roseburia faecis,0.050532338697389954,-0.02092836888926466,121
All,LASSO,WirbelJ_2018,0.7438461538461539,rCLR_Bifidobacterium adolescentis,rCLR,Bifidobacterium adolescentis,0.047150864248855874,-0.011914249981891731,122
All,LASSO,WirbelJ_2018,0.7438461538461539,rCLR_Collinsella aerofaciens,rCLR,Collinsella aerofaciens,0.04688082798493767,0.008368489349395889,123
All,LASSO,WirbelJ_2018,0.7438461538461539,PA_Dialister invisus,PA,Dialister invisus,0.04672105865432974,0.01775585507352254,124
All,LASSO,WirbelJ_2018,0.7438461538461539,PA_Bacteroides stercoris,PA,Bacteroides stercoris,0.04467247487139073,0.009705156272349127,125
All,LASSO,WirbelJ_2018,0.7438461538461539,PA_Escherichia coli,PA,Escherichia coli,0.04404641540699463,-0.004323119852060603,126
All,LASSO,WirbelJ_2018,0.7438461538461539,rCLR_Coprobacter fastidiosus,rCLR,Coprobacter fastidiosus,0.040479974041163776,0.016085504198524607,127
All,LASSO,WirbelJ_2018,0.7438461538461539,PA_Bifidobacterium adolescentis,PA,Bifidobacterium adolescentis,0.04047513643371191,0.004096673728108476,128
All,LASSO,WirbelJ_2018,0.7438461538461539,rCLR_Methanobrevibacter smithii,rCLR,Methanobrevibacter smithii,0.04043799477799783,-0.012660221230559382,129
All,LASSO,WirbelJ_2018,0.7438461538461539,rCLR_Bacteroides eggerthii,rCLR,Bacteroides eggerthii,0.040052000939702924,0.0050359277343683855,130
All,LASSO,WirbelJ_2018,0.7438461538461539,rCLR_Klebsiella quasipneumoniae,rCLR,Klebsiella quasipneumoniae,0.0391466924351573,0.01818324244593479,131
All,LASSO,WirbelJ_2018,0.7438461538461539,rCLR_Firmicutes bacterium CAG:83,rCLR,Firmicutes bacterium CAG:83,0.039114255355733846,-0.005105481603595137,132
All,LASSO,WirbelJ_2018,0.7438461538461539,rCLR_Bacteroides stercoris,rCLR,Bacteroides stercoris,0.03906895965284907,0.0018805454329354954,133
All,LASSO,WirbelJ_2018,0.7438461538461539,rCLR_Barnesiella intestinihominis,rCLR,Barnesiella intestinihominis,0.038930043842348466,-0.015479671442214588,134
All,LASSO,WirbelJ_2018,0.7438461538461539,rCLR_Dorea longicatena,rCLR,Dorea longicatena,0.038835701118629745,0.005642412915131499,135
All,LASSO,WirbelJ_2018,0.7438461538461539,PA_Bacteroides eggerthii,PA,Bacteroides eggerthii,0.03875231754414796,-0.013449224614412293,136
All,LASSO,WirbelJ_2018,0.7438461538461539,rCLR_Odoribacter splanchnicus,rCLR,Odoribacter splanchnicus,0.0381321399118499,0.01799158750461558,137
All,LASSO,WirbelJ_2018,0.7438461538461539,rCLR_[Eubacterium] rectale,rCLR,[Eubacterium] rectale,0.03724197051821874,-0.00257744545916017,138
All,LASSO,WirbelJ_2018,0.7438461538461539,PA_Bacteroides ovatus,PA,Bacteroides ovatus,0.03721954398966613,-0.011347421948068937,139
All,LASSO,WirbelJ_2018,0.7438461538461539,PA_Phocaeicola dorei,PA,Phocaeicola dorei,0.03665411640337315,-0.017498196272967087,140
All,LASSO,WirbelJ_2018,0.7438461538461539,rCLR_Anaerotignum lactatifermentans,rCLR,Anaerotignum lactatifermentans,0.03657440732023236,-0.006322105557583347,141
All,LASSO,WirbelJ_2018,0.7438461538461539,PA_Phocaeicola vulgatus,PA,Phocaeicola vulgatus,0.03534500494024967,-0.018628210669700784,142
All,LASSO,WirbelJ_2018,0.7438461538461539,rCLR_Phocaeicola coprocola,rCLR,Phocaeicola coprocola,0.033765857882973094,0.02042856387214236,143
All,LASSO,WirbelJ_2018,0.7438461538461539,rCLR_Clostridium sp. CAG:58,rCLR,Clostridium sp. CAG:58,0.03294279301864742,-0.015821901218365565,144
All,LASSO,WirbelJ_2018,0.7438461538461539,PA_Roseburia faecis,PA,Roseburia faecis,0.03292565150886876,-0.019301243987957562,145
All,LASSO,WirbelJ_2018,0.7438461538461539,rCLR_Fusicatenibacter saccharivorans,rCLR,Fusicatenibacter saccharivorans,0.032873582086092194,-0.021054039960564326,146
All,LASSO,WirbelJ_2018,0.7438461538461539,rCLR_Faecalibacterium prausnitzii,rCLR,Faecalibacterium prausnitzii,0.030637690098081507,-0.021475366563548468,147
All,LASSO,WirbelJ_2018,0.7438461538461539,PA_Dorea formicigenerans,PA,Dorea formicigenerans,0.030057006530842735,0.025555983670437075,148
All,LASSO,WirbelJ_2018,0.7438461538461539,rCLR_Phascolarctobacterium succinatutens,rCLR,Phascolarctobacterium succinatutens,0.029540290171275782,-0.0054244389861186374,149
All,LASSO,WirbelJ_2018,0.7438461538461539,PA_Phocaeicola massiliensis,PA,Phocaeicola massiliensis,0.028837229209517354,0.0016200690567144587,150
All,LASSO,WirbelJ_2018,0.7438461538461539,PA_Bacteroides finegoldii,PA,Bacteroides finegoldii,0.028513230107040745,-0.002392049505624226,151
All,LASSO,WirbelJ_2018,0.7438461538461539,rCLR_Klebsiella variicola,rCLR,Klebsiella variicola,0.027900172253981278,0.006774787223713335,152
All,LASSO,WirbelJ_2018,0.7438461538461539,PA_Desulfovibrio piger,PA,Desulfovibrio piger,0.02682362504804956,-0.001062742672268208,153
All,LASSO,WirbelJ_2018,0.7438461538461539,rCLR_Klebsiella pneumoniae,rCLR,Klebsiella pneumoniae,0.02622874466314149,-0.010005172031501414,154
All,LASSO,WirbelJ_2018,0.7438461538461539,rCLR_Bacteroides salyersiae,rCLR,Bacteroides salyersiae,0.026216562587045158,-0.004060614322185636,155
All,LASSO,WirbelJ_2018,0.7438461538461539,PA_Lachnospira pectinoschiza,PA,Lachnospira pectinoschiza,0.024614391075318695,0.0052753989949624065,156
All,LASSO,WirbelJ_2018,0.7438461538461539,PA_Bacteroides uniformis,PA,Bacteroides uniformis,0.023142900408059924,-0.01699303876116288,157
All,LASSO,WirbelJ_2018,0.7438461538461539,rCLR_Phascolarctobacterium faecium,rCLR,Phascolarctobacterium faecium,0.021631449773405,-0.004894494647336099,158
All,LASSO,WirbelJ_2018,0.7438461538461539,PA_Anaerostipes hadrus,PA,Anaerostipes hadrus,0.02007767699476508,0.013671569938069611,159
All,LASSO,WirbelJ_2018,0.7438461538461539,PA_Blautia obeum,PA,Blautia obeum,0.019950003348551234,0.016164098769325966,160
All,LASSO,WirbelJ_2018,0.7438461538461539,PA_Alistipes putredinis,PA,Alistipes putredinis,0.018973180829639783,-0.009909224822930414,161
All,LASSO,WirbelJ_2018,0.7438461538461539,PA_Agathobaculum butyriciproducens,PA,Agathobaculum butyriciproducens,0.01876476216119996,-0.011596201335573004,162
All,LASSO,WirbelJ_2018,0.7438461538461539,rCLR_Acidaminococcus intestini,rCLR,Acidaminococcus intestini,0.018673626057424956,0.0011624975861886607,163
All,LASSO,WirbelJ_2018,0.7438461538461539,rCLR_Eubacterium sp. CAG:251,rCLR,Eubacterium sp. CAG:251,0.018233690130858092,0.0041163727427010535,164
All,LASSO,WirbelJ_2018,0.7438461538461539,PA_Roseburia hominis,PA,Roseburia hominis,0.017973536618020407,-0.006684675836129461,165
All,LASSO,WirbelJ_2018,0.7438461538461539,rCLR_Blautia sp. CAG:257,rCLR,Blautia sp. CAG:257,0.01797024214088621,-0.007792575711741398,166
All,LASSO,WirbelJ_2018,0.7438461538461539,PA_Ruthenibacterium lactatiformans,PA,Ruthenibacterium lactatiformans,0.01781103324714695,0.001774007295532566,167
All,LASSO,WirbelJ_2018,0.7438461538461539,PA_Eubacterium sp. CAG:251,PA,Eubacterium sp. CAG:251,0.017481518865493224,-0.006567221095859054,168
All,LASSO,WirbelJ_2018,0.7438461538461539,rCLR_Enterocloster bolteae,rCLR,Enterocloster bolteae,0.017268105493346207,0.003984113546811931,169
All,LASSO,WirbelJ_2018,0.7438461538461539,PA_Bacteroides cellulosilyticus,PA,Bacteroides cellulosilyticus,0.01707878938728218,-0.0045545251112398735,170
All,LASSO,WirbelJ_2018,0.7438461538461539,rCLR_Escherichia coli,rCLR,Escherichia coli,0.01604397121173507,0.008376498482776067,171
All,LASSO,WirbelJ_2018,0.7438461538461539,rCLR_Bacteroides sp. CAG:144,rCLR,Bacteroides sp. CAG:144,0.015047921950913376,-0.00259117677467629,172
All,LASSO,WirbelJ_2018,0.7438461538461539,PA_Ruminococcus bicirculans,PA,Ruminococcus bicirculans,0.014946023148829842,-0.007682535263417211,173
All,LASSO,WirbelJ_2018,0.7438461538461539,rCLR_Parabacteroides distasonis,rCLR,Parabacteroides distasonis,0.014812813142811462,-0.004672315774418645,174
All,LASSO,WirbelJ_2018,0.7438461538461539,rCLR_Alistipes putredinis,rCLR,Alistipes putredinis,0.013981844223600569,0.0009295774497146056,175
All,LASSO,WirbelJ_2018,0.7438461538461539,rCLR_Bacteroides fragilis,rCLR,Bacteroides fragilis,0.013856499234180178,-0.0026566051120035317,176
All,LASSO,WirbelJ_2018,0.7438461538461539,PA_Intestinibacter bartlettii,PA,Intestinibacter bartlettii,0.013772719807975852,0.00016598971325697997,177
All,LASSO,WirbelJ_2018,0.7438461538461539,rCLR_Oscillibacter sp. CAG:241,rCLR,Oscillibacter sp. CAG:241,0.013346110390691331,0.00036314087013285723,178
All,LASSO,WirbelJ_2018,0.7438461538461539,PA_[Ruminococcus] lactaris,PA,[Ruminococcus] lactaris,0.0132755962848653,-0.008220036353907285,179
All,LASSO,WirbelJ_2018,0.7438461538461539,rCLR_Desulfovibrio piger,rCLR,Desulfovibrio piger,0.012953665319203542,-0.002800359919060442,180
All,LASSO,WirbelJ_2018,0.7438461538461539,rCLR_[Ruminococcus] gnavus,rCLR,[Ruminococcus] gnavus,0.012657868813972347,0.003772657459762465,181
All,LASSO,WirbelJ_2018,0.7438461538461539,rCLR_Gordonibacter pamelaeae,rCLR,Gordonibacter pamelaeae,0.010743966674747491,0.0017437826308786264,182
All,LASSO,WirbelJ_2018,0.7438461538461539,PA_Bacteroides sp. CAG:144,PA,Bacteroides sp. CAG:144,0.010658589056848179,-0.004524318397890349,183
All,LASSO,WirbelJ_2018,0.7438461538461539,PA_Anaerobutyricum hallii,PA,Anaerobutyricum hallii,0.010240332985541155,-0.008297028873486096,184
All,LASSO,WirbelJ_2018,0.7438461538461539,rCLR_Phocaeicola massiliensis,rCLR,Phocaeicola massiliensis,0.01022345547390259,-0.0015768829638267165,185
All,LASSO,WirbelJ_2018,0.7438461538461539,rCLR_Streptococcus parasanguinis,rCLR,Streptococcus parasanguinis,0.009195758514546775,-0.00403004358904982,186
All,LASSO,WirbelJ_2018,0.7438461538461539,PA_Prevotella copri,PA,Prevotella copri,0.008889395489235502,-0.00210316927978758,187
All,LASSO,WirbelJ_2018,0.7438461538461539,PA_Firmicutes bacterium CAG:145,PA,Firmicutes bacterium CAG:145,0.008551657681299292,0.0033935149528965445,188
All,LASSO,WirbelJ_2018,0.7438461538461539,PA_Holdemanella biformis,PA,Holdemanella biformis,0.007743203919634251,-0.0006622784596185463,189
All,LASSO,WirbelJ_2018,0.7438461538461539,rCLR_Blautia obeum,rCLR,Blautia obeum,0.007611451084631267,0.0025509393492538497,190
All,LASSO,WirbelJ_2018,0.7438461538461539,rCLR_Parasutterella excrementihominis,rCLR,Parasutterella excrementihominis,0.007369226835231262,-0.00024815505886462575,191
All,LASSO,WirbelJ_2018,0.7438461538461539,rCLR_Megamonas funiformis,rCLR,Megamonas funiformis,0.007073297006545894,-0.004462187924945741,192
All,LASSO,WirbelJ_2018,0.7438461538461539,PA_Faecalibacterium prausnitzii,PA,Faecalibacterium prausnitzii,0.006921507639664112,-0.006921507639664112,193
All,LASSO,WirbelJ_2018,0.7438461538461539,PA_[Ruminococcus] torques,PA,[Ruminococcus] torques,0.0061999660214772535,0.0038846161699517888,194
All,LASSO,WirbelJ_2018,0.7438461538461539,rCLR_Veillonella atypica,rCLR,Veillonella atypica,0.00593672548942685,-0.0024195176699663623,195
All,LASSO,WirbelJ_2018,0.7438461538461539,rCLR_[Ruminococcus] lactaris,rCLR,[Ruminococcus] lactaris,0.00523918836826895,0.0011178851177560286,196
All,LASSO,WirbelJ_2018,0.7438461538461539,rCLR_Eubacterium sp. CAG:180,rCLR,Eubacterium sp. CAG:180,0.0051224791163737545,-0.0013686057750566414,197
All,LASSO,WirbelJ_2018,0.7438461538461539,rCLR_Eubacterium ramulus,rCLR,Eubacterium ramulus,0.0040520703599021225,-0.0005739599815514798,198
All,LASSO,WirbelJ_2018,0.7438461538461539,rCLR_Bifidobacterium longum,rCLR,Bifidobacterium longum,0.0036805044745635736,5.226441572161195e-05,199
All,LASSO,WirbelJ_2018,0.7438461538461539,rCLR_Oscillibacter sp. 57_20,rCLR,Oscillibacter sp. 57_20,0.0032886525260595917,5.163422723803338e-06,200
All,LASSO,WirbelJ_2018,0.7438461538461539,PA_Parabacteroides distasonis,PA,Parabacteroides distasonis,0.003217396491106401,-0.0008502633433156451,201
All,LASSO,WirbelJ_2018,0.7438461538461539,PA_Lawsonibacter asaccharolyticus,PA,Lawsonibacter asaccharolyticus,0.0029988656950701432,-0.001902833562861766,202
All,LASSO,WirbelJ_2018,0.7438461538461539,PA_Oscillibacter sp. CAG:241,PA,Oscillibacter sp. CAG:241,0.0,0.0,203
All,LASSO,WirbelJ_2018,0.7438461538461539,PA_Eubacterium sp. CAG:274,PA,Eubacterium sp. CAG:274,0.0,0.0,204
All,LASSO,WirbelJ_2018,0.7438461538461539,PA_Bifidobacterium longum,PA,Bifidobacterium longum,0.0,0.0,205
All,LASSO,WirbelJ_2018,0.7438461538461539,PA_Fusicatenibacter saccharivorans,PA,Fusicatenibacter saccharivorans,0.0,0.0,206
All,LASSO,WirbelJ_2018,0.7438461538461539,PA_Alistipes finegoldii,PA,Alistipes finegoldii,0.0,0.0,207
All,LASSO,WirbelJ_2018,0.7438461538461539,PA_Adlercreutzia equolifaciens,PA,Adlercreutzia equolifaciens,0.0,0.0,208
All,LASSO,WirbelJ_2018,0.7438461538461539,rCLR_Holdemanella biformis,rCLR,Holdemanella biformis,0.0,0.0,209
All,LASSO,WirbelJ_2018,0.7438461538461539,rCLR_Blautia wexlerae,rCLR,Blautia wexlerae,0.0,0.0,210
All,LASSO,WirbelJ_2018,0.7438461538461539,PA_Acidaminococcus intestini,PA,Acidaminococcus intestini,0.0,0.0,211
All,LASSO,WirbelJ_2018,0.7438461538461539,PA_Klebsiella quasipneumoniae,PA,Klebsiella quasipneumoniae,0.0,0.0,212
All,LASSO,WirbelJ_2018,0.7438461538461539,rCLR_Adlercreutzia equolifaciens_1,rCLR,Adlercreutzia equolifaciens_1,0.0,0.0,213
All,LASSO,WirbelJ_2018,0.7438461538461539,rCLR_Firmicutes bacterium CAG:145,rCLR,Firmicutes bacterium CAG:145,0.0,0.0,214
All,LASSO,WirbelJ_2018,0.7438461538461539,rCLR_Bifidobacterium bifidum,rCLR,Bifidobacterium bifidum,0.0,0.0,215
All,LASSO,WirbelJ_2018,0.7438461538461539,rCLR_Prevotella copri,rCLR,Prevotella copri,0.0,0.0,216
All,LASSO,YachidaS_2019,0.6523672750857037,PA_Parvimonas micra,PA,Parvimonas micra,1.2017381142068826,-0.06975262686109586,1
All,LASSO,YachidaS_2019,0.6523672750857037,PA_Firmicutes bacterium CAG:110,PA,Firmicutes bacterium CAG:110,0.623387857732069,0.32507955771304203,2
All,LASSO,YachidaS_2019,0.6523672750857037,PA_Coprococcus catus,PA,Coprococcus catus,0.5277711444343034,-0.24433849279365902,3
All,LASSO,YachidaS_2019,0.6523672750857037,rCLR_Streptococcus salivarius,rCLR,Streptococcus salivarius,0.5000918054235218,0.08674860426748818,4
All,LASSO,YachidaS_2019,0.6523672750857037,rCLR_Ruthenibacterium lactatiformans,rCLR,Ruthenibacterium lactatiformans,0.4964711053505363,-0.29498268667730715,5
All,LASSO,YachidaS_2019,0.6523672750857037,PA_Klebsiella variicola,PA,Klebsiella variicola,0.44947210976786145,0.013787488029688986,6
All,LASSO,YachidaS_2019,0.6523672750857037,PA_Butyricimonas virosa,PA,Butyricimonas virosa,0.44709990989297266,-0.0389042759612359,7
All,LASSO,YachidaS_2019,0.6523672750857037,PA_Phascolarctobacterium faecium,PA,Phascolarctobacterium faecium,0.4463355081052002,-0.03330862000785082,8
All,LASSO,YachidaS_2019,0.6523672750857037,PA_Streptococcus salivarius,PA,Streptococcus salivarius,0.44405195371344275,0.15229218629161437,9
All,LASSO,YachidaS_2019,0.6523672750857037,rCLR_Parvimonas micra,rCLR,Parvimonas micra,0.4078119191118332,-0.11258257811143552,10
All,LASSO,YachidaS_2019,0.6523672750857037,PA_Klebsiella pneumoniae,PA,Klebsiella pneumoniae,0.3834473025482379,-0.027487261831414932,11
All,LASSO,YachidaS_2019,0.6523672750857037,PA_Veillonella parvula,PA,Veillonella parvula,0.3396768722560015,0.07610051170732766,12
All,LASSO,YachidaS_2019,0.6523672750857037,rCLR_Flavonifractor plautii,rCLR,Flavonifractor plautii,0.33293757065317736,0.17575361585227023,13
All,LASSO,YachidaS_2019,0.6523672750857037,rCLR_Proteobacteria bacterium CAG:139,rCLR,Proteobacteria bacterium CAG:139,0.33095348327226787,-0.025686122648063817,14
All,LASSO,YachidaS_2019,0.6523672750857037,PA_Roseburia intestinalis,PA,Roseburia intestinalis,0.3294547987185297,0.15425117380500797,15
All,LASSO,YachidaS_2019,0.6523672750857037,rCLR_Odoribacter splanchnicus,rCLR,Odoribacter splanchnicus,0.32498827238425054,0.03257942300611939,16
All,LASSO,YachidaS_2019,0.6523672750857037,rCLR_Butyricimonas virosa,rCLR,Butyricimonas virosa,0.32120380292518314,-0.047205907084303944,17
All,LASSO,YachidaS_2019,0.6523672750857037,rCLR_Dorea formicigenerans,rCLR,Dorea formicigenerans,0.3097265674538749,-0.13769850776511805,18
All,LASSO,YachidaS_2019,0.6523672750857037,PA_Bacteroides fragilis,PA,Bacteroides fragilis,0.3065075395678551,-0.084205368013147,19
All,LASSO,YachidaS_2019,0.6523672750857037,rCLR_Ruminococcus bromii,rCLR,Ruminococcus bromii,0.2966901562023413,-0.21874310133974903,20
All,LASSO,YachidaS_2019,0.6523672750857037,rCLR_Anaerostipes hadrus,rCLR,Anaerostipes hadrus,0.2902951631381545,0.12439879828386254,21
All,LASSO,YachidaS_2019,0.6523672750857037,rCLR_Veillonella parvula,rCLR,Veillonella parvula,0.28399939742709873,-0.04416799591381075,22
All,LASSO,YachidaS_2019,0.6523672750857037,PA_Bacteroides ovatus,PA,Bacteroides ovatus,0.2826298283821534,0.042138632559639504,23
All,LASSO,YachidaS_2019,0.6523672750857037,PA_Blautia sp. CAG:257,PA,Blautia sp. CAG:257,0.278312771944408,-0.03906144167640819,24
All,LASSO,YachidaS_2019,0.6523672750857037,Gender,covariate,Gender,0.26991860178578064,-0.009091841881763046,25
All,LASSO,YachidaS_2019,0.6523672750857037,rCLR_Firmicutes bacterium CAG:145,rCLR,Firmicutes bacterium CAG:145,0.25288455233342955,-0.042709558949024645,26
All,LASSO,YachidaS_2019,0.6523672750857037,PA_Bacteroides caccae,PA,Bacteroides caccae,0.25254813075179644,-0.03145057668141927,27
All,LASSO,YachidaS_2019,0.6523672750857037,PA_Proteobacteria bacterium CAG:139,PA,Proteobacteria bacterium CAG:139,0.23894665167573967,0.02192171116291189,28
All,LASSO,YachidaS_2019,0.6523672750857037,PA_Parabacteroides merdae,PA,Parabacteroides merdae,0.23550549104928664,0.0019991977168869624,29
All,LASSO,YachidaS_2019,0.6523672750857037,rCLR_Eubacterium ventriosum,rCLR,Eubacterium ventriosum,0.23107670550119555,0.006172448377011556,30
All,LASSO,YachidaS_2019,0.6523672750857037,PA_Enterocloster bolteae,PA,Enterocloster bolteae,0.23080319615381906,-0.09096767939217211,31
All,LASSO,YachidaS_2019,0.6523672750857037,PA_Bacteroides salyersiae,PA,Bacteroides salyersiae,0.22753500951495453,-0.05239292982252241,32
All,LASSO,YachidaS_2019,0.6523672750857037,PA_Eubacterium sp. CAG:180,PA,Eubacterium sp. CAG:180,0.22452871877406694,-0.10328321063607081,33
All,LASSO,YachidaS_2019,0.6523672750857037,rCLR_Blautia wexlerae,rCLR,Blautia wexlerae,0.22207990918284376,-0.08195352115552348,34
All,LASSO,YachidaS_2019,0.6523672750857037,PA_Eubacterium ramulus,PA,Eubacterium ramulus,0.2181852808508982,-0.06503287059639294,35
All,LASSO,YachidaS_2019,0.6523672750857037,rCLR_Lawsonibacter asaccharolyticus,rCLR,Lawsonibacter asaccharolyticus,0.21425215359313204,-0.02670719885673101,36
All,LASSO,YachidaS_2019,0.6523672750857037,PA_Streptococcus parasanguinis,PA,Streptococcus parasanguinis,0.21269453101110627,-0.02918712376649422,37
All,LASSO,YachidaS_2019,0.6523672750857037,PA_Agathobaculum butyriciproducens,PA,Agathobaculum butyriciproducens,0.2072338905282842,0.07863307332911793,38
All,LASSO,YachidaS_2019,0.6523672750857037,Age,covariate,Age,0.20672067637194494,-0.02968247255252868,39
All,LASSO,YachidaS_2019,0.6523672750857037,PA_Firmicutes bacterium CAG:83,PA,Firmicutes bacterium CAG:83,0.1991818248948889,0.0624572426979412,40
All,LASSO,YachidaS_2019,0.6523672750857037,rCLR_Adlercreutzia equolifaciens,rCLR,Adlercreutzia equolifaciens,0.19887822407237488,0.01670720429987644,41
All,LASSO,YachidaS_2019,0.6523672750857037,PA_Lachnospira pectinoschiza,PA,Lachnospira pectinoschiza,0.19830050749932185,-0.07700990582497935,42
All,LASSO,YachidaS_2019,0.6523672750857037,PA_Streptococcus thermophilus,PA,Streptococcus thermophilus,0.19792480769787138,0.02583519748735608,43
All,LASSO,YachidaS_2019,0.6523672750857037,rCLR_Erysipelatoclostridium ramosum,rCLR,Erysipelatoclostridium ramosum,0.19519341001804671,0.07621260633304283,44
All,LASSO,YachidaS_2019,0.6523672750857037,rCLR_Gordonibacter pamelaeae,rCLR,Gordonibacter pamelaeae,0.1930365376340623,0.084526147095545,45
All,LASSO,YachidaS_2019,0.6523672750857037,PA_Alistipes finegoldii,PA,Alistipes finegoldii,0.19230345483519173,-0.07551182781486587,46
All,LASSO,YachidaS_2019,0.6523672750857037,PA_Gemmiger formicilis,PA,Gemmiger formicilis,0.1861039930615634,0.04378917483801493,47
All,LASSO,YachidaS_2019,0.6523672750857037,PA_[Ruminococcus] gnavus,PA,[Ruminococcus] gnavus,0.17914877567623197,0.04381813892363149,48
All,LASSO,YachidaS_2019,0.6523672750857037,rCLR_Holdemanella biformis,rCLR,Holdemanella biformis,0.1740219159300449,0.05306123875945409,49
All,LASSO,YachidaS_2019,0.6523672750857037,PA_Bacteroides eggerthii,PA,Bacteroides eggerthii,0.17295995495981406,-0.07744055293707075,50
All,LASSO,YachidaS_2019,0.6523672750857037,rCLR_Klebsiella quasipneumoniae,rCLR,Klebsiella quasipneumoniae,0.17135264493888086,0.05693652184683149,51
All,LASSO,YachidaS_2019,0.6523672750857037,PA_Prevotella copri,PA,Prevotella copri,0.16796236608827372,-0.08552480141106834,52
All,LASSO,YachidaS_2019,0.6523672750857037,PA_Bacteroides intestinalis,PA,Bacteroides intestinalis,0.16795035265613917,0.07144882851953784,53
All,LASSO,YachidaS_2019,0.6523672750857037,PA_Dorea formicigenerans,PA,Dorea formicigenerans,0.16782727773468709,-0.08291861548156478,54
All,LASSO,YachidaS_2019,0.6523672750857037,rCLR_[Ruminococcus] torques,rCLR,[Ruminococcus] torques,0.16708275668123795,-0.029422889171676327,55
All,LASSO,YachidaS_2019,0.6523672750857037,rCLR_Megamonas funiformis,rCLR,Megamonas funiformis,0.16001677198567527,-0.09891445325986768,56
All,LASSO,YachidaS_2019,0.6523672750857037,PA_Akkermansia muciniphila,PA,Akkermansia muciniphila,0.15949909147919256,-0.07691276330096333,57
All,LASSO,YachidaS_2019,0.6523672750857037,rCLR_Oscillibacter sp. CAG:241,rCLR,Oscillibacter sp. CAG:241,0.15551785554132191,0.036567588315811965,58
All,LASSO,YachidaS_2019,0.6523672750857037,PA_Barnesiella intestinihominis,PA,Barnesiella intestinihominis,0.15480124192953998,-0.036755340386910966,59
All,LASSO,YachidaS_2019,0.6523672750857037,PA_Firmicutes bacterium CAG:145,PA,Firmicutes bacterium CAG:145,0.15400085282520093,0.05090042252309735,60
All,LASSO,YachidaS_2019,0.6523672750857037,rCLR_Bacteroides thetaiotaomicron,rCLR,Bacteroides thetaiotaomicron,0.15020899449422467,0.09459542451450002,61
All,LASSO,YachidaS_2019,0.6523672750857037,rCLR_Parabacteroides merdae,rCLR,Parabacteroides merdae,0.14307019665391874,-0.06964586484521573,62
All,LASSO,YachidaS_2019,0.6523672750857037,rCLR_Blautia obeum,rCLR,Blautia obeum,0.14127544905574793,0.08114853106237678,63
All,LASSO,YachidaS_2019,0.6523672750857037,rCLR_Coprococcus catus,rCLR,Coprococcus catus,0.14019242927544678,-0.04369913894251165,64
All,LASSO,YachidaS_2019,0.6523672750857037,PA_Bacteroides stercoris,PA,Bacteroides stercoris,0.13913924761299257,-0.009625017128734963,65
All,LASSO,YachidaS_2019,0.6523672750857037,PA_Clostridium sp. CAG:58,PA,Clostridium sp. CAG:58,0.1376272202802948,-0.061108611321366434,66
All,LASSO,YachidaS_2019,0.6523672750857037,rCLR_Alistipes finegoldii,rCLR,Alistipes finegoldii,0.13466188249776612,-0.019545515073412185,67
All,LASSO,YachidaS_2019,0.6523672750857037,PA_Phascolarctobacterium succinatutens,PA,Phascolarctobacterium succinatutens,0.13354938990349505,0.02896299960515522,68
All,LASSO,YachidaS_2019,0.6523672750857037,rCLR_Phocaeicola coprocola,rCLR,Phocaeicola coprocola,0.13208740178667863,-0.08138227602550648,69
All,LASSO,YachidaS_2019,0.6523672750857037,rCLR_Paraprevotella xylaniphila,rCLR,Paraprevotella xylaniphila,0.13144986563655062,-0.009734324472649693,70
All,LASSO,YachidaS_2019,0.6523672750857037,PA_Eubacterium sp. CAG:251,PA,Eubacterium sp. CAG:251,0.12994970149889915,0.03822050044085272,71
All,LASSO,YachidaS_2019,0.6523672750857037,PA_Alistipes shahii,PA,Alistipes shahii,0.1295106091456852,0.03166297373637177,72
All,LASSO,YachidaS_2019,0.6523672750857037,PA_Bacteroides uniformis,PA,Bacteroides uniformis,0.1259734653955027,0.07808272648481569,73
All,LASSO,YachidaS_2019,0.6523672750857037,rCLR_Intestinibacter bartlettii,rCLR,Intestinibacter bartlettii,0.12529492502036443,0.0025034849327421897,74
All,LASSO,YachidaS_2019,0.6523672750857037,rCLR_Alistipes shahii,rCLR,Alistipes shahii,0.12423153139489829,0.020522238518231872,75
All,LASSO,YachidaS_2019,0.6523672750857037,PA_Oscillibacter sp. CAG:241,PA,Oscillibacter sp. CAG:241,0.12387979474799185,-0.07038624701590446,76
All,LASSO,YachidaS_2019,0.6523672750857037,PA_[Eubacterium] siraeum,PA,[Eubacterium] siraeum,0.12021157499276924,-0.07713333504378656,77
All,LASSO,YachidaS_2019,0.6523672750857037,PA_Eggerthella lenta,PA,Eggerthella lenta,0.11905159638705809,-0.013843208882216084,78
All,LASSO,YachidaS_2019,0.6523672750857037,PA_Methanobrevibacter smithii,PA,Methanobrevibacter smithii,0.11872151041643586,-0.0806133712704194,79
All,LASSO,YachidaS_2019,0.6523672750857037,PA_Bacteroides xylanisolvens,PA,Bacteroides xylanisolvens,0.11826694005660054,0.00832865775046484,80
All,LASSO,YachidaS_2019,0.6523672750857037,PA_Bacteroides cellulosilyticus,PA,Bacteroides cellulosilyticus,0.1175141021520193,0.03259107428938729,81
All,LASSO,YachidaS_2019,0.6523672750857037,rCLR_Bacteroides eggerthii,rCLR,Bacteroides eggerthii,0.11652186909533664,-0.08801132835924906,82
All,LASSO,YachidaS_2019,0.6523672750857037,rCLR_Streptococcus thermophilus,rCLR,Streptococcus thermophilus,0.1152015776419465,0.046706093590045336,83
All,LASSO,YachidaS_2019,0.6523672750857037,PA_Coprobacter fastidiosus,PA,Coprobacter fastidiosus,0.11413158554851131,0.021027126462798477,84
All,LASSO,YachidaS_2019,0.6523672750857037,rCLR_Bacteroides ovatus,rCLR,Bacteroides ovatus,0.11156620231729572,-0.054658568084821155,85
All,LASSO,YachidaS_2019,0.6523672750857037,PA_Faecalibacterium prausnitzii,PA,Faecalibacterium prausnitzii,0.1103066884133253,-0.06084207855119982,86
All,LASSO,YachidaS_2019,0.6523672750857037,rCLR_Acidaminococcus intestini,rCLR,Acidaminococcus intestini,0.10568651587933413,0.02719078110312352,87
All,LASSO,YachidaS_2019,0.6523672750857037,rCLR_Eggerthella lenta,rCLR,Eggerthella lenta,0.10557364156077662,0.031207307287270857,88
All,LASSO,YachidaS_2019,0.6523672750857037,PA_Anaerobutyricum hallii,PA,Anaerobutyricum hallii,0.1028184075500673,0.05576591595935854,89
All,LASSO,YachidaS_2019,0.6523672750857037,PA_Desulfovibrio piger,PA,Desulfovibrio piger,0.1022739042279599,0.0373535077530898,90
All,LASSO,YachidaS_2019,0.6523672750857037,PA_Intestinibacter bartlettii,PA,Intestinibacter bartlettii,0.1016664398145402,-0.03963337484368417,91
All,LASSO,YachidaS_2019,0.6523672750857037,PA_Eubacterium sp. CAG:38,PA,Eubacterium sp. CAG:38,0.10119579415431111,0.047987383419153616,92
All,LASSO,YachidaS_2019,0.6523672750857037,PA_Veillonella atypica,PA,Veillonella atypica,0.1008488345835898,0.03722831072301272,93
All,LASSO,YachidaS_2019,0.6523672750857037,PA_Bacteroides finegoldii,PA,Bacteroides finegoldii,0.09962765888809488,-0.009864124642385624,94
All,LASSO,YachidaS_2019,0.6523672750857037,PA_Blautia wexlerae,PA,Blautia wexlerae,0.09957324128368332,-0.011694843774929258,95
All,LASSO,YachidaS_2019,0.6523672750857037,rCLR_Dialister invisus,rCLR,Dialister invisus,0.099369638852902,0.02347203747826175,96
All,LASSO,YachidaS_2019,0.6523672750857037,PA_Phocaeicola coprocola,PA,Phocaeicola coprocola,0.09908572296753407,0.02123817132975203,97
All,LASSO,YachidaS_2019,0.6523672750857037,rCLR_Parasutterella excrementihominis,rCLR,Parasutterella excrementihominis,0.09751003299254057,0.0002061693200979242,98
All,LASSO,YachidaS_2019,0.6523672750857037,PA_[Eubacterium] rectale,PA,[Eubacterium] rectale,0.09515316217438369,-0.052439117430772605,99
All,LASSO,YachidaS_2019,0.6523672750857037,rCLR_Slackia isoflavoniconvertens,rCLR,Slackia isoflavoniconvertens,0.09438843385036319,0.07498639010929224,100
All,LASSO,YachidaS_2019,0.6523672750857037,PA_Bacteroides thetaiotaomicron,PA,Bacteroides thetaiotaomicron,0.09394543696352525,0.0013694670111300989,101
All,LASSO,YachidaS_2019,0.6523672750857037,rCLR_Bifidobacterium pseudocatenulatum,rCLR,Bifidobacterium pseudocatenulatum,0.09316470345798283,-0.022433414099832447,102
All,LASSO,YachidaS_2019,0.6523672750857037,PA_Eubacterium sp. CAG:274,PA,Eubacterium sp. CAG:274,0.09129773859792772,0.00903938005920077,103
All,LASSO,YachidaS_2019,0.6523672750857037,PA_Phocaeicola vulgatus,PA,Phocaeicola vulgatus,0.09124174904748547,0.040461972970060114,104
All,LASSO,YachidaS_2019,0.6523672750857037,PA_Lachnospira eligens,PA,Lachnospira eligens,0.09118323749886809,0.054214991517933554,105
All,LASSO,YachidaS_2019,0.6523672750857037,rCLR_Bacteroides finegoldii,rCLR,Bacteroides finegoldii,0.08894541271582483,0.036808130820997084,106
All,LASSO,YachidaS_2019,0.6523672750857037,rCLR_Anaerotignum lactatifermentans,rCLR,Anaerotignum lactatifermentans,0.0886044863141462,0.029932368098588947,107
All,LASSO,YachidaS_2019,0.6523672750857037,PA_Eubacterium ventriosum,PA,Eubacterium ventriosum,0.08859342372743857,-0.010804076064321782,108
All,LASSO,YachidaS_2019,0.6523672750857037,PA_Bifidobacterium bifidum,PA,Bifidobacterium bifidum,0.08840786266890727,0.0028155370276721956,109
All,LASSO,YachidaS_2019,0.6523672750857037,rCLR_Bacteroides sp. CAG:144,rCLR,Bacteroides sp. CAG:144,0.08629904661293998,-0.018909033977147154,110
All,LASSO,YachidaS_2019,0.6523672750857037,rCLR_Enterocloster bolteae,rCLR,Enterocloster bolteae,0.08577997926423421,-0.00888320270689125,111
All,LASSO,YachidaS_2019,0.6523672750857037,rCLR_Bacteroides intestinalis,rCLR,Bacteroides intestinalis,0.08534506073699599,-0.03659868141959922,112
All,LASSO,YachidaS_2019,0.6523672750857037,rCLR_Collinsella aerofaciens,rCLR,Collinsella aerofaciens,0.08471601376911138,-0.009362255920310973,113
All,LASSO,YachidaS_2019,0.6523672750857037,PA_Anaerotignum lactatifermentans,PA,Anaerotignum lactatifermentans,0.08457015357446605,0.022308328461610346,114
All,LASSO,YachidaS_2019,0.6523672750857037,PA_Gordonibacter pamelaeae,PA,Gordonibacter pamelaeae,0.0834951199409728,-0.02573272369464354,115
All,LASSO,YachidaS_2019,0.6523672750857037,PA_Roseburia inulinivorans,PA,Roseburia inulinivorans,0.08196752900816023,0.029617173567401654,116
All,LASSO,YachidaS_2019,0.6523672750857037,PA_Erysipelatoclostridium ramosum,PA,Erysipelatoclostridium ramosum,0.08190332601845664,0.02756616798032199,117
All,LASSO,YachidaS_2019,0.6523672750857037,PA_Bifidobacterium longum,PA,Bifidobacterium longum,0.08118853835572917,0.004728511261253879,118
All,LASSO,YachidaS_2019,0.6523672750857037,PA_Lawsonibacter asaccharolyticus,PA,Lawsonibacter asaccharolyticus,0.07990865311350004,0.002159693327391903,119
All,LASSO,YachidaS_2019,0.6523672750857037,PA_Blautia obeum,PA,Blautia obeum,0.0797313681812377,-0.034935074686063126,120
All,LASSO,YachidaS_2019,0.6523672750857037,PA_Holdemanella biformis,PA,Holdemanella biformis,0.07962337687847304,0.008982158099793056,121
All,LASSO,YachidaS_2019,0.6523672750857037,rCLR_Ruminococcus bicirculans,rCLR,Ruminococcus bicirculans,0.07531465908890017,-0.01938775247144331,122
All,LASSO,YachidaS_2019,0.6523672750857037,PA_Dorea longicatena,PA,Dorea longicatena,0.07400659621397943,0.026430927219278377,123
All,LASSO,YachidaS_2019,0.6523672750857037,rCLR_Eubacterium ramulus,rCLR,Eubacterium ramulus,0.07297023410546494,-0.03440592149789924,124
All,LASSO,YachidaS_2019,0.6523672750857037,rCLR_Bifidobacterium bifidum,rCLR,Bifidobacterium bifidum,0.0715480312513118,0.027423799476816318,125
All,LASSO,YachidaS_2019,0.6523672750857037,rCLR_Fusicatenibacter saccharivorans,rCLR,Fusicatenibacter saccharivorans,0.07038082950071557,0.048767387306203024,126
All,LASSO,YachidaS_2019,0.6523672750857037,PA_Bifidobacterium pseudocatenulatum,PA,Bifidobacterium pseudocatenulatum,0.07004673567975658,-0.013892648885314666,127
All,LASSO,YachidaS_2019,0.6523672750857037,PA_[Ruminococcus] torques,PA,[Ruminococcus] torques,0.06840666176446611,0.034704124578684964,128
All,LASSO,YachidaS_2019,0.6523672750857037,PA_Ruminococcus bromii,PA,Ruminococcus bromii,0.06485414175740933,0.03372550273396221,129
All,LASSO,YachidaS_2019,0.6523672750857037,PA_Phocaeicola dorei,PA,Phocaeicola dorei,0.06427628214602843,-0.006368838932152202,130
All,LASSO,YachidaS_2019,0.6523672750857037,rCLR_Coprococcus comes,rCLR,Coprococcus comes,0.06252934359033473,0.04488400836421769,131
All,LASSO,YachidaS_2019,0.6523672750857037,rCLR_Phocaeicola dorei,rCLR,Phocaeicola dorei,0.06226685904550447,0.029563971892632743,132
All,LASSO,YachidaS_2019,0.6523672750857037,rCLR_Lachnospira eligens,rCLR,Lachnospira eligens,0.06108069612124517,-0.007109813526917078,133
All,LASSO,YachidaS_2019,0.6523672750857037,PA_Klebsiella quasipneumoniae,PA,Klebsiella quasipneumoniae,0.06047716569785531,-0.013754188241495408,134
All,LASSO,YachidaS_2019,0.6523672750857037,PA_Paraprevotella xylaniphila,PA,Paraprevotella xylaniphila,0.057373927481299464,-0.013895248061877202,135
All,LASSO,YachidaS_2019,0.6523672750857037,rCLR_Roseburia hominis,rCLR,Roseburia hominis,0.05699369209954154,0.02110270976895123,136
All,LASSO,YachidaS_2019,0.6523672750857037,PA_Ruminococcus bicirculans,PA,Ruminococcus bicirculans,0.05660181343065022,0.017357889452066077,137
All,LASSO,YachidaS_2019,0.6523672750857037,rCLR_Bacteroides uniformis,rCLR,Bacteroides uniformis,0.05571386535671665,-0.016653885052620852,138
All,LASSO,YachidaS_2019,0.6523672750857037,rCLR_Firmicutes bacterium CAG:110,rCLR,Firmicutes bacterium CAG:110,0.05493847740345466,-0.007301231064994423,139
All,LASSO,YachidaS_2019,0.6523672750857037,rCLR_Agathobaculum butyriciproducens,rCLR,Agathobaculum butyriciproducens,0.05408553795927697,0.007133323486351803,140
All,LASSO,YachidaS_2019,0.6523672750857037,PA_Flavonifractor plautii,PA,Flavonifractor plautii,0.053743394590447365,0.03825484684389482,141
All,LASSO,YachidaS_2019,0.6523672750857037,rCLR_Klebsiella variicola,rCLR,Klebsiella variicola,0.053706273785473636,-0.0027374035607061918,142
All,LASSO,YachidaS_2019,0.6523672750857037,PA_Anaerostipes hadrus,PA,Anaerostipes hadrus,0.05340405409344813,-0.017190146167418922,143
All,LASSO,YachidaS_2019,0.6523672750857037,PA_Acidaminococcus intestini,PA,Acidaminococcus intestini,0.053086944070665575,0.00456521632057321,144
All,LASSO,YachidaS_2019,0.6523672750857037,rCLR_Bacteroides cellulosilyticus,rCLR,Bacteroides cellulosilyticus,0.05304665887022701,0.012666527918321962,145
All,LASSO,YachidaS_2019,0.6523672750857037,PA_Phocaeicola plebeius,PA,Phocaeicola plebeius,0.05282367037945368,0.012914420671143333,146
All,LASSO,YachidaS_2019,0.6523672750857037,PA_Parasutterella excrementihominis,PA,Parasutterella excrementihominis,0.052723841228236965,0.0007110430374677982,147
All,LASSO,YachidaS_2019,0.6523672750857037,rCLR_Oscillibacter sp. 57_20,rCLR,Oscillibacter sp. 57_20,0.05093039072908763,0.02034152697269718,148
All,LASSO,YachidaS_2019,0.6523672750857037,PA_Alistipes putredinis,PA,Alistipes putredinis,0.049206357968393455,0.018842697252667073,149
All,LASSO,YachidaS_2019,0.6523672750857037,rCLR_Gemmiger formicilis,rCLR,Gemmiger formicilis,0.04863141306759486,0.03100932019554418,150
All,LASSO,YachidaS_2019,0.6523672750857037,rCLR_Veillonella atypica,rCLR,Veillonella atypica,0.04775570154415624,0.0040457555852024835,151
All,LASSO,YachidaS_2019,0.6523672750857037,rCLR_Escherichia coli,rCLR,Escherichia coli,0.04558976030164051,-0.017340562968742937,152
All,LASSO,YachidaS_2019,0.6523672750857037,rCLR_Firmicutes bacterium CAG:83,rCLR,Firmicutes bacterium CAG:83,0.03849743223169325,-0.025621620956503933,153
All,LASSO,YachidaS_2019,0.6523672750857037,rCLR_Roseburia intestinalis,rCLR,Roseburia intestinalis,0.038005266306704456,0.004563838150058119,154
All,LASSO,YachidaS_2019,0.6523672750857037,rCLR_Akkermansia muciniphila,rCLR,Akkermansia muciniphila,0.03712990499346545,-0.015469148769905334,155
All,LASSO,YachidaS_2019,0.6523672750857037,PA_Odoribacter splanchnicus,PA,Odoribacter splanchnicus,0.033740448985660296,-0.0015057322824732352,156
All,LASSO,YachidaS_2019,0.6523672750857037,rCLR_Bacteroides xylanisolvens,rCLR,Bacteroides xylanisolvens,0.0327852377444052,-0.0030167786383889727,157
All,LASSO,YachidaS_2019,0.6523672750857037,PA_Alistipes inops,PA,Alistipes inops,0.026948743311245776,-0.008282254726855953,158
All,LASSO,YachidaS_2019,0.6523672750857037,rCLR_Phocaeicola vulgatus,rCLR,Phocaeicola vulgatus,0.025729171906411972,0.00670005249257082,159
All,LASSO,YachidaS_2019,0.6523672750857037,PA_Oscillibacter sp. 57_20,PA,Oscillibacter sp. 57_20,0.024479112232155518,0.010911473868128414,160
All,LASSO,YachidaS_2019,0.6523672750857037,rCLR_Eubacterium sp. CAG:274,rCLR,Eubacterium sp. CAG:274,0.022971747378741334,0.0010089004972362399,161
All,LASSO,YachidaS_2019,0.6523672750857037,rCLR_Eubacterium sp. CAG:38,rCLR,Eubacterium sp. CAG:38,0.022630031469173476,-0.00258787984827163,162
All,LASSO,YachidaS_2019,0.6523672750857037,rCLR_Methanobrevibacter smithii,rCLR,Methanobrevibacter smithii,0.021048644876483034,0.018500572306166658,163
All,LASSO,YachidaS_2019,0.6523672750857037,PA_[Ruminococcus] lactaris,PA,[Ruminococcus] lactaris,0.020233480999016652,0.009727635095681081,164
All,LASSO,YachidaS_2019,0.6523672750857037,rCLR_Bifidobacterium adolescentis,rCLR,Bifidobacterium adolescentis,0.02006193810632397,-0.0009208888867761124,165
All,LASSO,YachidaS_2019,0.6523672750857037,rCLR_Phascolarctobacterium succinatutens,rCLR,Phascolarctobacterium succinatutens,0.019118091706384347,-0.008863243709811688,166
All,LASSO,YachidaS_2019,0.6523672750857037,rCLR_Phascolarctobacterium faecium,rCLR,Phascolarctobacterium faecium,0.018547769599181498,-0.0008391571752705729,167
All,LASSO,YachidaS_2019,0.6523672750857037,rCLR_Phocaeicola plebeius,rCLR,Phocaeicola plebeius,0.01776950727540511,-0.014691156008149837,168
All,LASSO,YachidaS_2019,0.6523672750857037,rCLR_Barnesiella intestinihominis,rCLR,Barnesiella intestinihominis,0.016965423762998158,-0.0006606079694843383,169
All,LASSO,YachidaS_2019,0.6523672750857037,PA_Bifidobacterium adolescentis,PA,Bifidobacterium adolescentis,0.015290611206569308,-0.003087764783232897,170
All,LASSO,YachidaS_2019,0.6523672750857037,PA_Bacteroides sp. CAG:144,PA,Bacteroides sp. CAG:144,0.015167475269125456,-0.0044668611721900885,171
All,LASSO,YachidaS_2019,0.6523672750857037,PA_Ruthenibacterium lactatiformans,PA,Ruthenibacterium lactatiformans,0.013691465674275,0.003751086486102737,172
All,LASSO,YachidaS_2019,0.6523672750857037,rCLR_Lachnospira pectinoschiza,rCLR,Lachnospira pectinoschiza,0.013334759834571492,-0.005775567107224839,173
All,LASSO,YachidaS_2019,0.6523672750857037,rCLR_Adlercreutzia equolifaciens_1,rCLR,Adlercreutzia equolifaciens_1,0.012313603209658979,0.004483655857235546,174
All,LASSO,YachidaS_2019,0.6523672750857037,rCLR_Bacteroides salyersiae,rCLR,Bacteroides salyersiae,0.012106157951883911,0.008082619313743744,175
All,LASSO,YachidaS_2019,0.6523672750857037,rCLR_Clostridium sp. CAG:58,rCLR,Clostridium sp. CAG:58,0.012052343749099232,0.005991900213391771,176
All,LASSO,YachidaS_2019,0.6523672750857037,PA_Coprococcus comes,PA,Coprococcus comes,0.01136043113559772,0.006716471110572977,177
All,LASSO,YachidaS_2019,0.6523672750857037,rCLR_[Ruminococcus] lactaris,rCLR,[Ruminococcus] lactaris,0.011187995676358326,0.006144846643412674,178
All,LASSO,YachidaS_2019,0.6523672750857037,rCLR_[Eubacterium] rectale,rCLR,[Eubacterium] rectale,0.011136174465013608,0.0003394705631103428,179
All,LASSO,YachidaS_2019,0.6523672750857037,rCLR_Blautia sp. CAG:257,rCLR,Blautia sp. CAG:257,0.010758137439981622,-0.0018316940340786917,180
All,LASSO,YachidaS_2019,0.6523672750857037,rCLR_Bacteroides caccae,rCLR,Bacteroides caccae,0.009871360377560387,0.0014493461905388317,181
All,LASSO,YachidaS_2019,0.6523672750857037,PA_Fusicatenibacter saccharivorans,PA,Fusicatenibacter saccharivorans,0.00913918252515259,0.0011939549617182759,182
All,LASSO,YachidaS_2019,0.6523672750857037,rCLR_Alistipes inops,rCLR,Alistipes inops,0.00797041986711334,0.0012968330840406217,183
All,LASSO,YachidaS_2019,0.6523672750857037,rCLR_Faecalibacterium prausnitzii,rCLR,Faecalibacterium prausnitzii,0.00743419769922813,0.004193241229218902,184
All,LASSO,YachidaS_2019,0.6523672750857037,rCLR_[Eubacterium] siraeum,rCLR,[Eubacterium] siraeum,0.007417813425519831,0.0022509124665965694,185
All,LASSO,YachidaS_2019,0.6523672750857037,rCLR_Eubacterium sp. CAG:180,rCLR,Eubacterium sp. CAG:180,0.006628709142646804,3.510833506047658e-05,186
All,LASSO,YachidaS_2019,0.6523672750857037,rCLR_Coprobacter fastidiosus,rCLR,Coprobacter fastidiosus,0.006554675400265347,-0.0027768283767060273,187
All,LASSO,YachidaS_2019,0.6523672750857037,rCLR_Eubacterium sp. CAG:251,rCLR,Eubacterium sp. CAG:251,0.005301069575848914,0.004792369293039687,188
All,LASSO,YachidaS_2019,0.6523672750857037,rCLR_Desulfovibrio piger,rCLR,Desulfovibrio piger,0.004495660176957248,-0.0008846837900442757,189
All,LASSO,YachidaS_2019,0.6523672750857037,PA_Parabacteroides distasonis,PA,Parabacteroides distasonis,0.004454312201463672,-0.0010006879419182633,190
All,LASSO,YachidaS_2019,0.6523672750857037,rCLR_Prevotella copri,rCLR,Prevotella copri,0.003176538529804165,0.001518202702887727,191
All,LASSO,YachidaS_2019,0.6523672750857037,rCLR_Bacteroides fragilis,rCLR,Bacteroides fragilis,0.003117627491948262,0.0002135448709284977,192
All,LASSO,YachidaS_2019,0.6523672750857037,PA_Escherichia coli,PA,Escherichia coli,0.0027322426347284874,0.000908545011548168,193
All,LASSO,YachidaS_2019,0.6523672750857037,rCLR_Anaerobutyricum hallii,rCLR,Anaerobutyricum hallii,0.0019861116708757916,0.0017737250565848532,194
All,LASSO,YachidaS_2019,0.6523672750857037,rCLR_Alistipes putredinis,rCLR,Alistipes putredinis,0.001956297157837314,0.00047235384621923266,195
All,LASSO,YachidaS_2019,0.6523672750857037,rCLR_Roseburia inulinivorans,rCLR,Roseburia inulinivorans,0.0011714983682548155,-0.0003045623716374533,196
All,LASSO,YachidaS_2019,0.6523672750857037,PA_Roseburia hominis,PA,Roseburia hominis,0.0,0.0,197
All,LASSO,YachidaS_2019,0.6523672750857037,PA_Coprococcus eutactus,PA,Coprococcus eutactus,0.0,0.0,198
All,LASSO,YachidaS_2019,0.6523672750857037,PA_Collinsella aerofaciens,PA,Collinsella aerofaciens,0.0,0.0,199
All,LASSO,YachidaS_2019,0.6523672750857037,PA_Roseburia faecis,PA,Roseburia faecis,0.0,0.0,200
All,LASSO,YachidaS_2019,0.6523672750857037,PA_Slackia isoflavoniconvertens,PA,Slackia isoflavoniconvertens,0.0,0.0,201
All,LASSO,YachidaS_2019,0.6523672750857037,PA_Adlercreutzia equolifaciens_1,PA,Adlercreutzia equolifaciens_1,0.0,0.0,202
All,LASSO,YachidaS_2019,0.6523672750857037,PA_Adlercreutzia equolifaciens,PA,Adlercreutzia equolifaciens,0.0,0.0,203
All,LASSO,YachidaS_2019,0.6523672750857037,PA_Megamonas funiformis,PA,Megamonas funiformis,0.0,0.0,204
All,LASSO,YachidaS_2019,0.6523672750857037,PA_Phocaeicola massiliensis,PA,Phocaeicola massiliensis,0.0,0.0,205
All,LASSO,YachidaS_2019,0.6523672750857037,rCLR_Bacteroides stercoris,rCLR,Bacteroides stercoris,0.0,0.0,206
All,LASSO,YachidaS_2019,0.6523672750857037,rCLR_Dorea longicatena,rCLR,Dorea longicatena,0.0,0.0,207
All,LASSO,YachidaS_2019,0.6523672750857037,rCLR_Bifidobacterium longum,rCLR,Bifidobacterium longum,0.0,0.0,208
All,LASSO,YachidaS_2019,0.6523672750857037,rCLR_Coprococcus eutactus,rCLR,Coprococcus eutactus,0.0,0.0,209
All,LASSO,YachidaS_2019,0.6523672750857037,rCLR_Streptococcus parasanguinis,rCLR,Streptococcus parasanguinis,0.0,0.0,210
All,LASSO,YachidaS_2019,0.6523672750857037,PA_Dialister invisus,PA,Dialister invisus,0.0,0.0,211
All,LASSO,YachidaS_2019,0.6523672750857037,rCLR_Roseburia faecis,rCLR,Roseburia faecis,0.0,0.0,212
All,LASSO,YachidaS_2019,0.6523672750857037,rCLR_Parabacteroides distasonis,rCLR,Parabacteroides distasonis,0.0,0.0,213
All,LASSO,YachidaS_2019,0.6523672750857037,rCLR_[Ruminococcus] gnavus,rCLR,[Ruminococcus] gnavus,0.0,0.0,214
All,LASSO,YachidaS_2019,0.6523672750857037,rCLR_Phocaeicola massiliensis,rCLR,Phocaeicola massiliensis,0.0,0.0,215
All,LASSO,YachidaS_2019,0.6523672750857037,rCLR_Klebsiella pneumoniae,rCLR,Klebsiella pneumoniae,0.0,0.0,216
All,LASSO,YuJ_2015,0.7730230230230231,PA_Parvimonas micra,PA,Parvimonas micra,1.080884367772525,0.16942433542466157,1
All,LASSO,YuJ_2015,0.7730230230230231,rCLR_Streptococcus salivarius,rCLR,Streptococcus salivarius,0.5410790090977684,-0.24700688562337564,2
All,LASSO,YuJ_2015,0.7730230230230231,PA_Klebsiella variicola,PA,Klebsiella variicola,0.46540147831753115,-0.3330492363898967,3
All,LASSO,YuJ_2015,0.7730230230230231,PA_Firmicutes bacterium CAG:110,PA,Firmicutes bacterium CAG:110,0.4063767800649164,-0.0625195046253719,4
All,LASSO,YuJ_2015,0.7730230230230231,rCLR_Parvimonas micra,rCLR,Parvimonas micra,0.37864966039708603,0.07704942063933334,5
All,LASSO,YuJ_2015,0.7730230230230231,PA_Veillonella parvula,PA,Veillonella parvula,0.37121336103495406,0.08952386698239127,6
All,LASSO,YuJ_2015,0.7730230230230231,PA_Streptococcus salivarius,PA,Streptococcus salivarius,0.35833461934900385,-0.2781389496545554,7
All,LASSO,YuJ_2015,0.7730230230230231,rCLR_Anaerostipes hadrus,rCLR,Anaerostipes hadrus,0.32182183017307064,-0.058335133367608726,8
All,LASSO,YuJ_2015,0.7730230230230231,PA_Bacteroides intestinalis,PA,Bacteroides intestinalis,0.3197547221320438,-0.1880910130188494,9
All,LASSO,YuJ_2015,0.7730230230230231,PA_Phocaeicola plebeius,PA,Phocaeicola plebeius,0.3012413607764891,0.14528857158176206,10
All,LASSO,YuJ_2015,0.7730230230230231,PA_Parabacteroides merdae,PA,Parabacteroides merdae,0.2974321437340145,-0.056495490988583794,11
All,LASSO,YuJ_2015,0.7730230230230231,PA_Klebsiella quasipneumoniae,PA,Klebsiella quasipneumoniae,0.29280955880301274,0.2085944202092259,12
All,LASSO,YuJ_2015,0.7730230230230231,rCLR_Veillonella parvula,rCLR,Veillonella parvula,0.2842029176124029,0.01431741717340785,13
All,LASSO,YuJ_2015,0.7730230230230231,PA_Streptococcus parasanguinis,PA,Streptococcus parasanguinis,0.2589462288660892,0.008368100753302701,14
All,LASSO,YuJ_2015,0.7730230230230231,PA_Eggerthella lenta,PA,Eggerthella lenta,0.2587074847207765,-0.04902679036995146,15
All,LASSO,YuJ_2015,0.7730230230230231,rCLR_Bacteroides intestinalis,rCLR,Bacteroides intestinalis,0.2418973735989753,-0.008932071672534465,16
All,LASSO,YuJ_2015,0.7730230230230231,PA_Veillonella atypica,PA,Veillonella atypica,0.23222766565569025,0.01766949629988946,17
All,LASSO,YuJ_2015,0.7730230230230231,PA_Eubacterium sp. CAG:180,PA,Eubacterium sp. CAG:180,0.21945353982200352,0.13692400347868589,18
All,LASSO,YuJ_2015,0.7730230230230231,rCLR_Adlercreutzia equolifaciens,rCLR,Adlercreutzia equolifaciens,0.21726397825393423,0.06523462565058676,19
All,LASSO,YuJ_2015,0.7730230230230231,rCLR_Klebsiella variicola,rCLR,Klebsiella variicola,0.2154224013036613,0.06562087698640119,20
All,LASSO,YuJ_2015,0.7730230230230231,rCLR_[Ruminococcus] torques,rCLR,[Ruminococcus] torques,0.21477285988387235,-0.032947264712136874,21
All,LASSO,YuJ_2015,0.7730230230230231,PA_Lachnospira eligens,PA,Lachnospira eligens,0.21444846675615487,-0.11042018668293817,22
All,LASSO,YuJ_2015,0.7730230230230231,PA_Bifidobacterium pseudocatenulatum,PA,Bifidobacterium pseudocatenulatum,0.21425329055986048,-0.11050422541070734,23
All,LASSO,YuJ_2015,0.7730230230230231,PA_Klebsiella pneumoniae,PA,Klebsiella pneumoniae,0.21157563488198172,0.16192911493829087,24
All,LASSO,YuJ_2015,0.7730230230230231,rCLR_Eggerthella lenta,rCLR,Eggerthella lenta,0.21119457819905926,-0.05684338690005698,25
All,LASSO,YuJ_2015,0.7730230230230231,rCLR_Dorea formicigenerans,rCLR,Dorea formicigenerans,0.2013452576518836,0.019147027456485437,26
All,LASSO,YuJ_2015,0.7730230230230231,PA_Methanobrevibacter smithii,PA,Methanobrevibacter smithii,0.20051568198440717,-0.0031168240722964993,27
All,LASSO,YuJ_2015,0.7730230230230231,PA_Oscillibacter sp. 57_20,PA,Oscillibacter sp. 57_20,0.1873260361774397,0.06618242598444998,28
All,LASSO,YuJ_2015,0.7730230230230231,rCLR_Eubacterium ventriosum,rCLR,Eubacterium ventriosum,0.18411242001478972,-0.019348101174252858,29
All,LASSO,YuJ_2015,0.7730230230230231,PA_Roseburia intestinalis,PA,Roseburia intestinalis,0.18217005554732227,-0.04641945574601217,30
All,LASSO,YuJ_2015,0.7730230230230231,rCLR_Ruthenibacterium lactatiformans,rCLR,Ruthenibacterium lactatiformans,0.18064157773060113,0.10838590821812907,31
All,LASSO,YuJ_2015,0.7730230230230231,PA_Adlercreutzia equolifaciens_1,PA,Adlercreutzia equolifaciens_1,0.18010135411641853,-0.005882272852985811,32
All,LASSO,YuJ_2015,0.7730230230230231,PA_Gordonibacter pamelaeae,PA,Gordonibacter pamelaeae,0.1747320948200582,0.0658825931288744,33
All,LASSO,YuJ_2015,0.7730230230230231,PA_[Eubacterium] rectale,PA,[Eubacterium] rectale,0.17409299592512958,0.0016984682529280794,34
All,LASSO,YuJ_2015,0.7730230230230231,PA_Phocaeicola coprocola,PA,Phocaeicola coprocola,0.16439568737032814,0.06975598645242213,35
All,LASSO,YuJ_2015,0.7730230230230231,rCLR_Roseburia hominis,rCLR,Roseburia hominis,0.16371907612521602,-0.09078455395945319,36
All,LASSO,YuJ_2015,0.7730230230230231,rCLR_Coprococcus comes,rCLR,Coprococcus comes,0.15955588526483505,-0.05115458946718593,37
All,LASSO,YuJ_2015,0.7730230230230231,PA_Anaerotignum lactatifermentans,PA,Anaerotignum lactatifermentans,0.15888688062613915,-0.057914874426703414,38
All,LASSO,YuJ_2015,0.7730230230230231,PA_Blautia sp. CAG:257,PA,Blautia sp. CAG:257,0.15670784816302225,0.0688342884454397,39
All,LASSO,YuJ_2015,0.7730230230230231,PA_Eubacterium sp. CAG:38,PA,Eubacterium sp. CAG:38,0.15654998595290814,-0.008945713483023324,40
All,LASSO,YuJ_2015,0.7730230230230231,Age,covariate,Age,0.14977988853835625,0.06540230338826875,41
All,LASSO,YuJ_2015,0.7730230230230231,PA_Lachnospira pectinoschiza,PA,Lachnospira pectinoschiza,0.14786609310806298,0.009879283148649854,42
All,LASSO,YuJ_2015,0.7730230230230231,PA_Erysipelatoclostridium ramosum,PA,Erysipelatoclostridium ramosum,0.1473068806695983,-0.038293421896820556,43
All,LASSO,YuJ_2015,0.7730230230230231,PA_Coprobacter fastidiosus,PA,Coprobacter fastidiosus,0.14172951614732554,0.056691806458930225,44
All,LASSO,YuJ_2015,0.7730230230230231,rCLR_Agathobaculum butyriciproducens,rCLR,Agathobaculum butyriciproducens,0.1408228078084956,-0.011676834457759931,45
All,LASSO,YuJ_2015,0.7730230230230231,Gender,covariate,Gender,0.1396678871565039,0.0038226858300511677,46
All,LASSO,YuJ_2015,0.7730230230230231,rCLR_Erysipelatoclostridium ramosum,rCLR,Erysipelatoclostridium ramosum,0.13935403094215873,0.03950914772421375,47
All,LASSO,YuJ_2015,0.7730230230230231,rCLR_Firmicutes bacterium CAG:110,rCLR,Firmicutes bacterium CAG:110,0.13652761149990303,0.04248250456395701,48
All,LASSO,YuJ_2015,0.7730230230230231,PA_Phascolarctobacterium faecium,PA,Phascolarctobacterium faecium,0.13633901390974174,0.10949630636854793,49
All,LASSO,YuJ_2015,0.7730230230230231,rCLR_[Eubacterium] rectale,rCLR,[Eubacterium] rectale,0.1294927189833154,0.027456871785143187,50
All,LASSO,YuJ_2015,0.7730230230230231,PA_Coprococcus catus,PA,Coprococcus catus,0.12856016766761436,0.03650265744267346,51
All,LASSO,YuJ_2015,0.7730230230230231,rCLR_Klebsiella quasipneumoniae,rCLR,Klebsiella quasipneumoniae,0.12685316324824394,-0.060412098442221195,52
All,LASSO,YuJ_2015,0.7730230230230231,PA_Akkermansia muciniphila,PA,Akkermansia muciniphila,0.12178223630364228,0.02093132186468852,53
All,LASSO,YuJ_2015,0.7730230230230231,rCLR_Lachnospira eligens,rCLR,Lachnospira eligens,0.11904413500706308,-0.0026131805766005135,54
All,LASSO,YuJ_2015,0.7730230230230231,PA_[Eubacterium] siraeum,PA,[Eubacterium] siraeum,0.1185294490790449,-0.02537137255401748,55
All,LASSO,YuJ_2015,0.7730230230230231,rCLR_Parabacteroides merdae,rCLR,Parabacteroides merdae,0.11568062797297768,0.012084352368585623,56
All,LASSO,YuJ_2015,0.7730230230230231,PA_Bacteroides salyersiae,PA,Bacteroides salyersiae,0.11388361613505799,0.06552539272314377,57
All,LASSO,YuJ_2015,0.7730230230230231,rCLR_Bacteroides uniformis,rCLR,Bacteroides uniformis,0.11384474822470511,0.01459301293449625,58
All,LASSO,YuJ_2015,0.7730230230230231,rCLR_Bacteroides stercoris,rCLR,Bacteroides stercoris,0.1113231419606942,0.005176105958799574,59
All,LASSO,YuJ_2015,0.7730230230230231,rCLR_Bacteroides thetaiotaomicron,rCLR,Bacteroides thetaiotaomicron,0.10991532865069933,0.046815608446799425,60
All,LASSO,YuJ_2015,0.7730230230230231,PA_Roseburia inulinivorans,PA,Roseburia inulinivorans,0.10958257818968455,-0.0516988719100393,61
All,LASSO,YuJ_2015,0.7730230230230231,PA_Streptococcus thermophilus,PA,Streptococcus thermophilus,0.10912440417184197,0.10051740891321781,62
All,LASSO,YuJ_2015,0.7730230230230231,rCLR_Butyricimonas virosa,rCLR,Butyricimonas virosa,0.10477775692209154,0.026727189489492473,63
All,LASSO,YuJ_2015,0.7730230230230231,rCLR_Bacteroides caccae,rCLR,Bacteroides caccae,0.10230457364625967,0.01940833731199943,64
All,LASSO,YuJ_2015,0.7730230230230231,PA_Acidaminococcus intestini,PA,Acidaminococcus intestini,0.10204704214388116,-0.006660644738080888,65
All,LASSO,YuJ_2015,0.7730230230230231,rCLR_Enterocloster bolteae,rCLR,Enterocloster bolteae,0.10033180200047004,-0.003952735870355581,66
All,LASSO,YuJ_2015,0.7730230230230231,PA_Gemmiger formicilis,PA,Gemmiger formicilis,0.0998621667874913,0.017987595259858668,67
All,LASSO,YuJ_2015,0.7730230230230231,rCLR_Bacteroides finegoldii,rCLR,Bacteroides finegoldii,0.09632249323469823,-0.04002285669744286,68
All,LASSO,YuJ_2015,0.7730230230230231,rCLR_Bacteroides xylanisolvens,rCLR,Bacteroides xylanisolvens,0.09460101219415018,-0.027817563942213443,69
All,LASSO,YuJ_2015,0.7730230230230231,rCLR_Roseburia inulinivorans,rCLR,Roseburia inulinivorans,0.09427855688702443,-0.011132525328105337,70
All,LASSO,YuJ_2015,0.7730230230230231,rCLR_Phocaeicola vulgatus,rCLR,Phocaeicola vulgatus,0.092284589383764,0.004798498523289675,71
All,LASSO,YuJ_2015,0.7730230230230231,rCLR_Gemmiger formicilis,rCLR,Gemmiger formicilis,0.09217598572248567,-0.027470850401904435,72
All,LASSO,YuJ_2015,0.7730230230230231,rCLR_Eubacterium sp. CAG:274,rCLR,Eubacterium sp. CAG:274,0.09175782510645743,-0.003228945636316553,73
All,LASSO,YuJ_2015,0.7730230230230231,rCLR_Akkermansia muciniphila,rCLR,Akkermansia muciniphila,0.09128393555836847,0.005687810697499146,74
All,LASSO,YuJ_2015,0.7730230230230231,rCLR_Streptococcus thermophilus,rCLR,Streptococcus thermophilus,0.09041309594238228,-0.06201324281924048,75
All,LASSO,YuJ_2015,0.7730230230230231,PA_Bacteroides thetaiotaomicron,PA,Bacteroides thetaiotaomicron,0.08962498129338844,-0.07215378240834816,76
All,LASSO,YuJ_2015,0.7730230230230231,rCLR_Dialister invisus,rCLR,Dialister invisus,0.08868204308478628,-0.02099407409156884,77
All,LASSO,YuJ_2015,0.7730230230230231,PA_Megamonas funiformis,PA,Megamonas funiformis,0.08865757074857952,0.05330332474454475,78
All,LASSO,YuJ_2015,0.7730230230230231,rCLR_Ruminococcus bromii,rCLR,Ruminococcus bromii,0.08843003947247326,-0.007010651071218307,79
All,LASSO,YuJ_2015,0.7730230230230231,rCLR_Phocaeicola plebeius,rCLR,Phocaeicola plebeius,0.08798318121807563,0.016058325036608142,80
All,LASSO,YuJ_2015,0.7730230230230231,rCLR_Prevotella copri,rCLR,Prevotella copri,0.0873873377569595,0.019779480390606004,81
All,LASSO,YuJ_2015,0.7730230230230231,rCLR_Paraprevotella xylaniphila,rCLR,Paraprevotella xylaniphila,0.08734437193158331,-0.059627098509551404,82
All,LASSO,YuJ_2015,0.7730230230230231,PA_Phocaeicola dorei,PA,Phocaeicola dorei,0.08732046228046295,0.027811539480300015,83
All,LASSO,YuJ_2015,0.7730230230230231,PA_[Ruminococcus] lactaris,PA,[Ruminococcus] lactaris,0.08574727194818513,0.0020581570302191706,84
All,LASSO,YuJ_2015,0.7730230230230231,rCLR_Anaerotignum lactatifermentans,rCLR,Anaerotignum lactatifermentans,0.08487531355787943,-0.03548753235821388,85
All,LASSO,YuJ_2015,0.7730230230230231,rCLR_Lachnospira pectinoschiza,rCLR,Lachnospira pectinoschiza,0.08466530541593406,-0.01618463645367314,86
All,LASSO,YuJ_2015,0.7730230230230231,PA_Bacteroides caccae,PA,Bacteroides caccae,0.08450477885093355,0.024956551511116823,87
All,LASSO,YuJ_2015,0.7730230230230231,PA_[Ruminococcus] gnavus,PA,[Ruminococcus] gnavus,0.08421650857365398,0.006999227254110657,88
All,LASSO,YuJ_2015,0.7730230230230231,rCLR_Intestinibacter bartlettii,rCLR,Intestinibacter bartlettii,0.08275228430382972,0.01288695236744658,89
All,LASSO,YuJ_2015,0.7730230230230231,PA_[Ruminococcus] torques,PA,[Ruminococcus] torques,0.08218236791915877,0.005995618588059498,90
All,LASSO,YuJ_2015,0.7730230230230231,rCLR_Faecalibacterium prausnitzii,rCLR,Faecalibacterium prausnitzii,0.08054851236978941,0.00541956578372405,91
All,LASSO,YuJ_2015,0.7730230230230231,PA_Alistipes shahii,PA,Alistipes shahii,0.0801680891443259,0.012620283711195772,92
All,LASSO,YuJ_2015,0.7730230230230231,PA_Alistipes finegoldii,PA,Alistipes finegoldii,0.07908217410318086,-0.01881157364049086,93
All,LASSO,YuJ_2015,0.7730230230230231,rCLR_Alistipes finegoldii,rCLR,Alistipes finegoldii,0.07884067283159864,-0.031151578937053018,94
All,LASSO,YuJ_2015,0.7730230230230231,rCLR_Proteobacteria bacterium CAG:139,rCLR,Proteobacteria bacterium CAG:139,0.0782743700575741,-0.03735775487449012,95
All,LASSO,YuJ_2015,0.7730230230230231,rCLR_Roseburia faecis,rCLR,Roseburia faecis,0.07660896152420309,-0.014470240673127448,96
All,LASSO,YuJ_2015,0.7730230230230231,rCLR_Bacteroides cellulosilyticus,rCLR,Bacteroides cellulosilyticus,0.07652514460317703,-0.001620388796185699,97
All,LASSO,YuJ_2015,0.7730230230230231,rCLR_Phascolarctobacterium succinatutens,rCLR,Phascolarctobacterium succinatutens,0.07650252915997333,-0.029208041819282063,98
All,LASSO,YuJ_2015,0.7730230230230231,rCLR_Flavonifractor plautii,rCLR,Flavonifractor plautii,0.07618488817176325,0.015211214048025926,99
All,LASSO,YuJ_2015,0.7730230230230231,PA_Collinsella aerofaciens,PA,Collinsella aerofaciens,0.073897443993443,0.019277594085245982,100
All,LASSO,YuJ_2015,0.7730230230230231,rCLR_Acidaminococcus intestini,rCLR,Acidaminococcus intestini,0.0712707886706641,-0.018236710608328453,101
All,LASSO,YuJ_2015,0.7730230230230231,rCLR_Eubacterium sp. CAG:251,rCLR,Eubacterium sp. CAG:251,0.07014784446077629,0.009831411711643931,102
All,LASSO,YuJ_2015,0.7730230230230231,PA_Phocaeicola vulgatus,PA,Phocaeicola vulgatus,0.06640503028873017,-0.05365174632599391,103
All,LASSO,YuJ_2015,0.7730230230230231,PA_Coprococcus comes,PA,Coprococcus comes,0.06579789888002727,0.013046541152303187,104
All,LASSO,YuJ_2015,0.7730230230230231,PA_Clostridium sp. CAG:58,PA,Clostridium sp. CAG:58,0.0646071160351581,-0.024739798091511764,105
All,LASSO,YuJ_2015,0.7730230230230231,rCLR_Roseburia intestinalis,rCLR,Roseburia intestinalis,0.06280261751631838,0.0328704469241039,106
All,LASSO,YuJ_2015,0.7730230230230231,PA_Enterocloster bolteae,PA,Enterocloster bolteae,0.06150578959831266,-0.02410675933060177,107
All,LASSO,YuJ_2015,0.7730230230230231,rCLR_Eubacterium sp. CAG:180,rCLR,Eubacterium sp. CAG:180,0.06051747746251913,-0.0070604691171928455,108
All,LASSO,YuJ_2015,0.7730230230230231,PA_Parasutterella excrementihominis,PA,Parasutterella excrementihominis,0.05829367247344704,0.017836262609250163,109
All,LASSO,YuJ_2015,0.7730230230230231,rCLR_Bifidobacterium longum,rCLR,Bifidobacterium longum,0.05727669625281351,0.012360087228101602,110
All,LASSO,YuJ_2015,0.7730230230230231,PA_Eubacterium sp. CAG:251,PA,Eubacterium sp. CAG:251,0.057210466539904976,-0.04312132179500295,111
All,LASSO,YuJ_2015,0.7730230230230231,rCLR_Megamonas funiformis,rCLR,Megamonas funiformis,0.05702865293940437,0.0023559814184802765,112
All,LASSO,YuJ_2015,0.7730230230230231,PA_Slackia isoflavoniconvertens,PA,Slackia isoflavoniconvertens,0.05678302815169775,0.020003538668112955,113
All,LASSO,YuJ_2015,0.7730230230230231,PA_Bacteroides uniformis,PA,Bacteroides uniformis,0.05627416368695341,-0.022509665474781372,114
All,LASSO,YuJ_2015,0.7730230230230231,rCLR_[Eubacterium] siraeum,rCLR,[Eubacterium] siraeum,0.05347668370927347,-0.01567929092073027,115
All,LASSO,YuJ_2015,0.7730230230230231,PA_Butyricimonas virosa,PA,Butyricimonas virosa,0.05205066553947249,0.005479017425207633,116
All,LASSO,YuJ_2015,0.7730230230230231,PA_Blautia obeum,PA,Blautia obeum,0.05138587115007051,0.014516508599894914,117
All,LASSO,YuJ_2015,0.7730230230230231,PA_Ruminococcus bicirculans,PA,Ruminococcus bicirculans,0.05081093010101634,-0.017342560561911004,118
All,LASSO,YuJ_2015,0.7730230230230231,rCLR_Methanobrevibacter smithii,rCLR,Methanobrevibacter smithii,0.050775749904009716,-0.017599964105271947,119
All,LASSO,YuJ_2015,0.7730230230230231,PA_Alistipes inops,PA,Alistipes inops,0.050539918202837375,-0.027063311037648398,120
All,LASSO,YuJ_2015,0.7730230230230231,PA_Eubacterium ventriosum,PA,Eubacterium ventriosum,0.050123681742779584,0.01063229612725627,121
All,LASSO,YuJ_2015,0.7730230230230231,rCLR_Eubacterium sp. CAG:38,rCLR,Eubacterium sp. CAG:38,0.04985422159613091,0.001989119351205608,122
All,LASSO,YuJ_2015,0.7730230230230231,rCLR_Bacteroides eggerthii,rCLR,Bacteroides eggerthii,0.0493642939395184,0.020587967188854837,123
All,LASSO,YuJ_2015,0.7730230230230231,rCLR_Phocaeicola massiliensis,rCLR,Phocaeicola massiliensis,0.049249783690522665,0.00994976169020161,124
All,LASSO,YuJ_2015,0.7730230230230231,PA_Bifidobacterium bifidum,PA,Bifidobacterium bifidum,0.04900407721846377,0.0199985486467874,125
All,LASSO,YuJ_2015,0.7730230230230231,rCLR_Odoribacter splanchnicus,rCLR,Odoribacter splanchnicus,0.0474995967176289,-0.023786192139063494,126
All,LASSO,YuJ_2015,0.7730230230230231,rCLR_Bacteroides fragilis,rCLR,Bacteroides fragilis,0.047007136888855716,-0.006902349462990288,127
All,LASSO,YuJ_2015,0.7730230230230231,PA_Coprococcus eutactus,PA,Coprococcus eutactus,0.046310125793335113,-0.01044494685012724,128
All,LASSO,YuJ_2015,0.7730230230230231,PA_Flavonifractor plautii,PA,Flavonifractor plautii,0.04603515236634145,0.014511080637216327,129
All,LASSO,YuJ_2015,0.7730230230230231,PA_Blautia wexlerae,PA,Blautia wexlerae,0.04558580460717801,0.039552389291522105,130
All,LASSO,YuJ_2015,0.7730230230230231,rCLR_Firmicutes bacterium CAG:145,rCLR,Firmicutes bacterium CAG:145,0.045289353010436975,-0.012574454607913645,131
All,LASSO,YuJ_2015,0.7730230230230231,PA_Dorea longicatena,PA,Dorea longicatena,0.04524952974602369,-0.0025304013344815794,132
All,LASSO,YuJ_2015,0.7730230230230231,rCLR_Bifidobacterium pseudocatenulatum,rCLR,Bifidobacterium pseudocatenulatum,0.04516225193493985,0.018921858109361263,133
All,LASSO,YuJ_2015,0.7730230230230231,PA_Firmicutes bacterium CAG:83,PA,Firmicutes bacterium CAG:83,0.04415724101568178,-0.018036056189503824,134
All,LASSO,YuJ_2015,0.7730230230230231,rCLR_Phocaeicola coprocola,rCLR,Phocaeicola coprocola,0.04302675439145379,0.007932433172612524,135
All,LASSO,YuJ_2015,0.7730230230230231,rCLR_Dorea longicatena,rCLR,Dorea longicatena,0.042760846209733694,-0.005407380520393342,136
All,LASSO,YuJ_2015,0.7730230230230231,rCLR_Alistipes inops,rCLR,Alistipes inops,0.04209909120841201,-0.0076609538116240855,137
All,LASSO,YuJ_2015,0.7730230230230231,PA_Roseburia faecis,PA,Roseburia faecis,0.041930529483785915,-0.018599534479189092,138
All,LASSO,YuJ_2015,0.7730230230230231,rCLR_Coprococcus eutactus,rCLR,Coprococcus eutactus,0.04119688963894689,0.017891728842565454,139
All,LASSO,YuJ_2015,0.7730230230230231,PA_Bacteroides sp. CAG:144,PA,Bacteroides sp. CAG:144,0.04112949392181776,-0.04112949392181776,140
All,LASSO,YuJ_2015,0.7730230230230231,PA_Bifidobacterium longum,PA,Bifidobacterium longum,0.039728323315350825,0.0048908733042106935,141
All,LASSO,YuJ_2015,0.7730230230230231,rCLR_Fusicatenibacter saccharivorans,rCLR,Fusicatenibacter saccharivorans,0.03848178708357365,-0.00965960030409865,142
All,LASSO,YuJ_2015,0.7730230230230231,PA_Roseburia hominis,PA,Roseburia hominis,0.037217279080247315,-0.008638668912108273,143
All,LASSO,YuJ_2015,0.7730230230230231,PA_Dialister invisus,PA,Dialister invisus,0.03710912853355243,-0.013744121679093484,144
All,LASSO,YuJ_2015,0.7730230230230231,rCLR_Gordonibacter pamelaeae,rCLR,Gordonibacter pamelaeae,0.03686906384957927,-0.008673726151414395,145
All,LASSO,YuJ_2015,0.7730230230230231,rCLR_Veillonella atypica,rCLR,Veillonella atypica,0.03533810177062087,0.002443832169961661,146
All,LASSO,YuJ_2015,0.7730230230230231,PA_Escherichia coli,PA,Escherichia coli,0.035081498822674397,-0.029440252780837305,147
All,LASSO,YuJ_2015,0.7730230230230231,PA_Ruminococcus bromii,PA,Ruminococcus bromii,0.034479614833487125,-0.014418748021276438,148
All,LASSO,YuJ_2015,0.7730230230230231,PA_Intestinibacter bartlettii,PA,Intestinibacter bartlettii,0.03440976067407973,0.014225034176361995,149
All,LASSO,YuJ_2015,0.7730230230230231,rCLR_Lawsonibacter asaccharolyticus,rCLR,Lawsonibacter asaccharolyticus,0.033281749040546094,-0.008788954770133145,150
All,LASSO,YuJ_2015,0.7730230230230231,rCLR_Barnesiella intestinihominis,rCLR,Barnesiella intestinihominis,0.03327505585654831,0.015746352020677507,151
All,LASSO,YuJ_2015,0.7730230230230231,rCLR_Alistipes putredinis,rCLR,Alistipes putredinis,0.03153924394115345,-0.004273496799393961,152
All,LASSO,YuJ_2015,0.7730230230230231,rCLR_Ruminococcus bicirculans,rCLR,Ruminococcus bicirculans,0.03151971709416437,-0.009508367572925856,153
All,LASSO,YuJ_2015,0.7730230230230231,PA_Phascolarctobacterium succinatutens,PA,Phascolarctobacterium succinatutens,0.031171360907483334,0.009804971583594977,154
All,LASSO,YuJ_2015,0.7730230230230231,PA_Odoribacter splanchnicus,PA,Odoribacter splanchnicus,0.03093625307658903,-0.01038935474574822,155
All,LASSO,YuJ_2015,0.7730230230230231,PA_Holdemanella biformis,PA,Holdemanella biformis,0.030639999531561653,0.00018315968977021752,156
All,LASSO,YuJ_2015,0.7730230230230231,PA_Barnesiella intestinihominis,PA,Barnesiella intestinihominis,0.02825332252551072,0.01454961519277798,157
All,LASSO,YuJ_2015,0.7730230230230231,rCLR_Eubacterium ramulus,rCLR,Eubacterium ramulus,0.028132591944738085,-0.006060961754142046,158
All,LASSO,YuJ_2015,0.7730230230230231,rCLR_Anaerobutyricum hallii,rCLR,Anaerobutyricum hallii,0.027012570510554564,-0.009760741612894147,159
All,LASSO,YuJ_2015,0.7730230230230231,PA_Bacteroides xylanisolvens,PA,Bacteroides xylanisolvens,0.026186475499169796,-0.016002846138381547,160
All,LASSO,YuJ_2015,0.7730230230230231,rCLR_Bacteroides ovatus,rCLR,Bacteroides ovatus,0.025864167896650983,0.004624854985436515,161
All,LASSO,YuJ_2015,0.7730230230230231,PA_Bacteroides cellulosilyticus,PA,Bacteroides cellulosilyticus,0.025068442346268708,0.01039145719043514,162
All,LASSO,YuJ_2015,0.7730230230230231,rCLR_Blautia wexlerae,rCLR,Blautia wexlerae,0.024984092001884783,0.00867527996977524,163
All,LASSO,YuJ_2015,0.7730230230230231,PA_Lawsonibacter asaccharolyticus,PA,Lawsonibacter asaccharolyticus,0.024795729422362738,-0.008421191124576018,164
All,LASSO,YuJ_2015,0.7730230230230231,PA_Bacteroides finegoldii,PA,Bacteroides finegoldii,0.024172626282213363,0.009615133874337673,165
All,LASSO,YuJ_2015,0.7730230230230231,PA_Bacteroides fragilis,PA,Bacteroides fragilis,0.02395494646439388,0.0052441221803030316,166
All,LASSO,YuJ_2015,0.7730230230230231,rCLR_Slackia isoflavoniconvertens,rCLR,Slackia isoflavoniconvertens,0.023527194181989432,-0.010710436866167653,167
All,LASSO,YuJ_2015,0.7730230230230231,rCLR_Bacteroides salyersiae,rCLR,Bacteroides salyersiae,0.02351296594422902,0.010523275785456013,168
All,LASSO,YuJ_2015,0.7730230230230231,rCLR_Coprococcus catus,rCLR,Coprococcus catus,0.02228253780802584,-0.009047739462401568,169
All,LASSO,YuJ_2015,0.7730230230230231,PA_Firmicutes bacterium CAG:145,PA,Firmicutes bacterium CAG:145,0.022028397337076025,-0.010623733921074924,170
All,LASSO,YuJ_2015,0.7730230230230231,rCLR_Phascolarctobacterium faecium,rCLR,Phascolarctobacterium faecium,0.021399869950878694,0.0008149326676557375,171
All,LASSO,YuJ_2015,0.7730230230230231,rCLR_Blautia sp. CAG:257,rCLR,Blautia sp. CAG:257,0.02080400329586446,0.0036240541233286193,172
All,LASSO,YuJ_2015,0.7730230230230231,rCLR_Collinsella aerofaciens,rCLR,Collinsella aerofaciens,0.02075522517145459,0.0018092220446980607,173
All,LASSO,YuJ_2015,0.7730230230230231,rCLR_Bifidobacterium bifidum,rCLR,Bifidobacterium bifidum,0.02064953141780406,0.008031339875610291,174
All,LASSO,YuJ_2015,0.7730230230230231,rCLR_Bifidobacterium adolescentis,rCLR,Bifidobacterium adolescentis,0.02011405631000665,0.0003497427739523472,175
All,LASSO,YuJ_2015,0.7730230230230231,rCLR_Parasutterella excrementihominis,rCLR,Parasutterella excrementihominis,0.01962327484241308,-0.0040128005940819195,176
All,LASSO,YuJ_2015,0.7730230230230231,rCLR_Escherichia coli,rCLR,Escherichia coli,0.019339908381741613,-0.011740645135637587,177
All,LASSO,YuJ_2015,0.7730230230230231,PA_Parabacteroides distasonis,PA,Parabacteroides distasonis,0.01863490712475964,0.012875026740743024,178
All,LASSO,YuJ_2015,0.7730230230230231,PA_Agathobaculum butyriciproducens,PA,Agathobaculum butyriciproducens,0.018576899592118522,-0.007782214693995596,179
All,LASSO,YuJ_2015,0.7730230230230231,PA_Paraprevotella xylaniphila,PA,Paraprevotella xylaniphila,0.017451049910313918,-0.008519410192436717,180
All,LASSO,YuJ_2015,0.7730230230230231,rCLR_Oscillibacter sp. CAG:241,rCLR,Oscillibacter sp. CAG:241,0.01601563377885977,-0.004419071772340134,181
All,LASSO,YuJ_2015,0.7730230230230231,PA_Anaerostipes hadrus,PA,Anaerostipes hadrus,0.015112329133654675,0.0077431733219929695,182
All,LASSO,YuJ_2015,0.7730230230230231,PA_Faecalibacterium prausnitzii,PA,Faecalibacterium prausnitzii,0.013792054790809498,-0.00371055281174062,183
All,LASSO,YuJ_2015,0.7730230230230231,rCLR_Parabacteroides distasonis,rCLR,Parabacteroides distasonis,0.012988643914055622,0.0010835312950655675,184
All,LASSO,YuJ_2015,0.7730230230230231,PA_Eubacterium sp. CAG:274,PA,Eubacterium sp. CAG:274,0.012334162203088448,0.0014909426838898155,185
All,LASSO,YuJ_2015,0.7730230230230231,rCLR_Oscillibacter sp. 57_20,rCLR,Oscillibacter sp. 57_20,0.012207207109457944,0.0031536211443782824,186
All,LASSO,YuJ_2015,0.7730230230230231,PA_Fusicatenibacter saccharivorans,PA,Fusicatenibacter saccharivorans,0.011583590763692253,0.0003958948742021406,187
All,LASSO,YuJ_2015,0.7730230230230231,rCLR_Clostridium sp. CAG:58,rCLR,Clostridium sp. CAG:58,0.010584600775304823,0.0032479816298744343,188
All,LASSO,YuJ_2015,0.7730230230230231,rCLR_[Ruminococcus] lactaris,rCLR,[Ruminococcus] lactaris,0.010442639294198404,-0.0036545636636911632,189
All,LASSO,YuJ_2015,0.7730230230230231,PA_Phocaeicola massiliensis,PA,Phocaeicola massiliensis,0.010366945873583543,0.0020789145289464655,190
All,LASSO,YuJ_2015,0.7730230230230231,PA_Anaerobutyricum hallii,PA,Anaerobutyricum hallii,0.008842058263403209,-0.00434185895874936,191
All,LASSO,YuJ_2015,0.7730230230230231,PA_Bacteroides ovatus,PA,Bacteroides ovatus,0.00830029645235568,-0.003845550191229009,192
All,LASSO,YuJ_2015,0.7730230230230231,PA_Bifidobacterium adolescentis,PA,Bifidobacterium adolescentis,0.007783346160380889,0.0018358134724000153,193
All,LASSO,YuJ_2015,0.7730230230230231,PA_Ruthenibacterium lactatiformans,PA,Ruthenibacterium lactatiformans,0.007499117046189325,0.001963847569453983,194
All,LASSO,YuJ_2015,0.7730230230230231,PA_Alistipes putredinis,PA,Alistipes putredinis,0.007269010561395785,-0.0013093248837296762,195
All,LASSO,YuJ_2015,0.7730230230230231,PA_Dorea formicigenerans,PA,Dorea formicigenerans,0.007245123938071359,0.0030565366613738536,196
All,LASSO,YuJ_2015,0.7730230230230231,rCLR_Coprobacter fastidiosus,rCLR,Coprobacter fastidiosus,0.0034042522273277608,-0.0019907665306711886,197
All,LASSO,YuJ_2015,0.7730230230230231,PA_Eubacterium ramulus,PA,Eubacterium ramulus,0.0027840025335916186,0.0008419910101594162,198
All,LASSO,YuJ_2015,0.7730230230230231,rCLR_Desulfovibrio piger,rCLR,Desulfovibrio piger,0.002692382459450177,-0.0004711400955382379,199
All,LASSO,YuJ_2015,0.7730230230230231,rCLR_Bacteroides sp. CAG:144,rCLR,Bacteroides sp. CAG:144,0.0012682901380933619,-0.0012682901380933619,200
All,LASSO,YuJ_2015,0.7730230230230231,PA_Desulfovibrio piger,PA,Desulfovibrio piger,0.000581753362546109,-0.00021114585200620873,201
All,LASSO,YuJ_2015,0.7730230230230231,PA_Proteobacteria bacterium CAG:139,PA,Proteobacteria bacterium CAG:139,0.0,0.0,202
All,LASSO,YuJ_2015,0.7730230230230231,PA_Adlercreutzia equolifaciens,PA,Adlercreutzia equolifaciens,0.0,0.0,203
All,LASSO,YuJ_2015,0.7730230230230231,PA_Bacteroides eggerthii,PA,Bacteroides eggerthii,0.0,0.0,204
All,LASSO,YuJ_2015,0.7730230230230231,PA_Bacteroides stercoris,PA,Bacteroides stercoris,0.0,0.0,205
All,LASSO,YuJ_2015,0.7730230230230231,PA_Oscillibacter sp. CAG:241,PA,Oscillibacter sp. CAG:241,0.0,0.0,206
All,LASSO,YuJ_2015,0.7730230230230231,PA_Prevotella copri,PA,Prevotella copri,0.0,0.0,207
All,LASSO,YuJ_2015,0.7730230230230231,rCLR_Blautia obeum,rCLR,Blautia obeum,0.0,0.0,208
All,LASSO,YuJ_2015,0.7730230230230231,rCLR_Firmicutes bacterium CAG:83,rCLR,Firmicutes bacterium CAG:83,0.0,0.0,209
All,LASSO,YuJ_2015,0.7730230230230231,rCLR_Holdemanella biformis,rCLR,Holdemanella biformis,0.0,0.0,210
All,LASSO,YuJ_2015,0.7730230230230231,rCLR_Streptococcus parasanguinis,rCLR,Streptococcus parasanguinis,0.0,0.0,211
All,LASSO,YuJ_2015,0.7730230230230231,rCLR_Phocaeicola dorei,rCLR,Phocaeicola dorei,0.0,0.0,212
All,LASSO,YuJ_2015,0.7730230230230231,rCLR_Adlercreutzia equolifaciens_1,rCLR,Adlercreutzia equolifaciens_1,0.0,0.0,213
All,LASSO,YuJ_2015,0.7730230230230231,rCLR_Alistipes shahii,rCLR,Alistipes shahii,0.0,0.0,214
All,LASSO,YuJ_2015,0.7730230230230231,rCLR_[Ruminococcus] gnavus,rCLR,[Ruminococcus] gnavus,0.0,0.0,215
All,LASSO,YuJ_2015,0.7730230230230231,rCLR_Klebsiella pneumoniae,rCLR,Klebsiella pneumoniae,0.0,0.0,216
All,LASSO,ZellerG_2014,0.7819362820909372,PA_Parvimonas micra,PA,Parvimonas micra,1.374710110805936,0.7478064772136527,1
All,LASSO,ZellerG_2014,0.7819362820909372,rCLR_Parvimonas micra,rCLR,Parvimonas micra,0.5338726163603364,-0.14673433432402425,2
All,LASSO,ZellerG_2014,0.7819362820909372,PA_Firmicutes bacterium CAG:110,PA,Firmicutes bacterium CAG:110,0.47581462345773035,-0.20666695766345866,3
All,LASSO,ZellerG_2014,0.7819362820909372,rCLR_Dorea formicigenerans,rCLR,Dorea formicigenerans,0.4670287632273127,0.17783311202281143,4
All,LASSO,ZellerG_2014,0.7819362820909372,PA_Streptococcus salivarius,PA,Streptococcus salivarius,0.4630083873357236,-0.13988764042909088,5
All,LASSO,ZellerG_2014,0.7819362820909372,rCLR_Streptococcus salivarius,rCLR,Streptococcus salivarius,0.4208410339069187,0.022755174968102594,6
All,LASSO,ZellerG_2014,0.7819362820909372,PA_Methanobrevibacter smithii,PA,Methanobrevibacter smithii,0.38177725189696754,0.2667926906535747,7
All,LASSO,ZellerG_2014,0.7819362820909372,rCLR_Anaerostipes hadrus,rCLR,Anaerostipes hadrus,0.3030267255284765,-0.1585889875494427,8
All,LASSO,ZellerG_2014,0.7819362820909372,PA_Klebsiella pneumoniae,PA,Klebsiella pneumoniae,0.2989193020501746,-0.16659919571555276,9
All,LASSO,ZellerG_2014,0.7819362820909372,PA_Klebsiella variicola,PA,Klebsiella variicola,0.29421138681765374,0.21387322215157853,10
All,LASSO,ZellerG_2014,0.7819362820909372,rCLR_Streptococcus thermophilus,rCLR,Streptococcus thermophilus,0.29370885153815246,-0.10706190492173637,11
All,LASSO,ZellerG_2014,0.7819362820909372,PA_Eggerthella lenta,PA,Eggerthella lenta,0.26920426683764476,0.024763597246192873,12
All,LASSO,ZellerG_2014,0.7819362820909372,PA_Veillonella parvula,PA,Veillonella parvula,0.2656330944503404,-0.028563698772768646,13
All,LASSO,ZellerG_2014,0.7819362820909372,PA_Streptococcus parasanguinis,PA,Streptococcus parasanguinis,0.2641760953099299,-0.03240714422202861,14
All,LASSO,ZellerG_2014,0.7819362820909372,rCLR_Veillonella parvula,rCLR,Veillonella parvula,0.2590931149703762,-0.06947679909468905,15
All,LASSO,ZellerG_2014,0.7819362820909372,rCLR_[Ruminococcus] torques,rCLR,[Ruminococcus] torques,0.24827426002848432,0.11378356528839664,16
All,LASSO,ZellerG_2014,0.7819362820909372,PA_[Eubacterium] siraeum,PA,[Eubacterium] siraeum,0.2242387641233691,0.1284151736536342,17
All,LASSO,ZellerG_2014,0.7819362820909372,rCLR_Adlercreutzia equolifaciens,rCLR,Adlercreutzia equolifaciens,0.22229926277146128,0.08267161585136111,18
All,LASSO,ZellerG_2014,0.7819362820909372,rCLR_Coprococcus comes,rCLR,Coprococcus comes,0.22049569835988342,-0.11599758469414746,19
All,LASSO,ZellerG_2014,0.7819362820909372,PA_Bacteroides intestinalis,PA,Bacteroides intestinalis,0.21898032667656575,0.008834655065373592,20
All,LASSO,ZellerG_2014,0.7819362820909372,PA_Phocaeicola plebeius,PA,Phocaeicola plebeius,0.21582168885953484,0.007969301246508815,21
All,LASSO,ZellerG_2014,0.7819362820909372,PA_Eubacterium sp. CAG:180,PA,Eubacterium sp. CAG:180,0.2125136643375586,0.04675300615426287,22
All,LASSO,ZellerG_2014,0.7819362820909372,PA_Streptococcus thermophilus,PA,Streptococcus thermophilus,0.20969049875959672,-0.1259485011749642,23
All,LASSO,ZellerG_2014,0.7819362820909372,rCLR_Ruthenibacterium lactatiformans,rCLR,Ruthenibacterium lactatiformans,0.2085167743765415,-0.028853478005013908,24
All,LASSO,ZellerG_2014,0.7819362820909372,PA_Gemmiger formicilis,PA,Gemmiger formicilis,0.19842715027976768,-0.07486445596635921,25
All,LASSO,ZellerG_2014,0.7819362820909372,Age,covariate,Age,0.19151516693899068,0.06456127867482452,26
All,LASSO,ZellerG_2014,0.7819362820909372,rCLR_Ruminococcus bromii,rCLR,Ruminococcus bromii,0.19057645344877977,0.09080807946132434,27
All,LASSO,ZellerG_2014,0.7819362820909372,PA_Butyricimonas virosa,PA,Butyricimonas virosa,0.18935941146995985,0.12871289011510545,28
All,LASSO,ZellerG_2014,0.7819362820909372,rCLR_Butyricimonas virosa,rCLR,Butyricimonas virosa,0.18773923852656335,-0.05601043159436776,29
All,LASSO,ZellerG_2014,0.7819362820909372,PA_Parabacteroides merdae,PA,Parabacteroides merdae,0.18276086540034056,0.05325735909988957,30
All,LASSO,ZellerG_2014,0.7819362820909372,PA_Roseburia intestinalis,PA,Roseburia intestinalis,0.1780234909390995,-0.06594174664374851,31
All,LASSO,ZellerG_2014,0.7819362820909372,PA_Eubacterium sp. CAG:38,PA,Eubacterium sp. CAG:38,0.17293148849253326,-0.05138358564885667,32
All,LASSO,ZellerG_2014,0.7819362820909372,PA_Collinsella aerofaciens,PA,Collinsella aerofaciens,0.172483496368719,0.07884959833998588,33
All,LASSO,ZellerG_2014,0.7819362820909372,PA_Lachnospira eligens,PA,Lachnospira eligens,0.16913668656608655,-0.08984336509291128,34
All,LASSO,ZellerG_2014,0.7819362820909372,rCLR_Methanobrevibacter smithii,rCLR,Methanobrevibacter smithii,0.16549788555310319,0.0680190348309127,35
All,LASSO,ZellerG_2014,0.7819362820909372,rCLR_Anaerobutyricum hallii,rCLR,Anaerobutyricum hallii,0.1639318437805824,0.10433654353096208,36
All,LASSO,ZellerG_2014,0.7819362820909372,PA_Blautia sp. CAG:257,PA,Blautia sp. CAG:257,0.16112939304702933,0.046953848288337686,37
All,LASSO,ZellerG_2014,0.7819362820909372,PA_Veillonella atypica,PA,Veillonella atypica,0.15955763476402193,-0.06104007190391071,38
All,LASSO,ZellerG_2014,0.7819362820909372,rCLR_Eubacterium ventriosum,rCLR,Eubacterium ventriosum,0.15590069122706732,-0.04864849175454709,39
All,LASSO,ZellerG_2014,0.7819362820909372,PA_Gordonibacter pamelaeae,PA,Gordonibacter pamelaeae,0.15369317257973789,0.02891036950363539,40
All,LASSO,ZellerG_2014,0.7819362820909372,PA_Intestinibacter bartlettii,PA,Intestinibacter bartlettii,0.1519686251059838,0.07257604523531151,41
All,LASSO,ZellerG_2014,0.7819362820909372,rCLR_Flavonifractor plautii,rCLR,Flavonifractor plautii,0.14888324937411163,-0.056082525144889026,42
All,LASSO,ZellerG_2014,0.7819362820909372,Gender,covariate,Gender,0.1484537208484754,-0.008907223250908505,43
All,LASSO,ZellerG_2014,0.7819362820909372,PA_Bacteroides caccae,PA,Bacteroides caccae,0.14742876078318576,0.03550640312055783,44
All,LASSO,ZellerG_2014,0.7819362820909372,rCLR_Firmicutes bacterium CAG:110,rCLR,Firmicutes bacterium CAG:110,0.14658631245456735,0.05585490287658791,45
All,LASSO,ZellerG_2014,0.7819362820909372,PA_Coprobacter fastidiosus,PA,Coprobacter fastidiosus,0.14624920408955028,-0.0733622768076509,46
All,LASSO,ZellerG_2014,0.7819362820909372,PA_[Eubacterium] rectale,PA,[Eubacterium] rectale,0.1462305202427556,0.09782551006980643,47
All,LASSO,ZellerG_2014,0.7819362820909372,PA_Coprococcus catus,PA,Coprococcus catus,0.1459278318816563,0.066171479321712,48
All,LASSO,ZellerG_2014,0.7819362820909372,PA_Bifidobacterium pseudocatenulatum,PA,Bifidobacterium pseudocatenulatum,0.1443505047724931,0.015545438975499273,49
All,LASSO,ZellerG_2014,0.7819362820909372,rCLR_Eggerthella lenta,rCLR,Eggerthella lenta,0.14212073140767248,0.015111413970832502,50
All,LASSO,ZellerG_2014,0.7819362820909372,rCLR_Roseburia hominis,rCLR,Roseburia hominis,0.14159244866017098,0.037195928360167545,51
All,LASSO,ZellerG_2014,0.7819362820909372,PA_Oscillibacter sp. 57_20,PA,Oscillibacter sp. 57_20,0.13399217426976956,0.03988538238326826,52
All,LASSO,ZellerG_2014,0.7819362820909372,PA_Adlercreutzia equolifaciens,PA,Adlercreutzia equolifaciens,0.13251669127584573,-0.03449064567453516,53
All,LASSO,ZellerG_2014,0.7819362820909372,PA_Desulfovibrio piger,PA,Desulfovibrio piger,0.12860659207831074,-0.06530135163178084,54
All,LASSO,ZellerG_2014,0.7819362820909372,PA_Bifidobacterium bifidum,PA,Bifidobacterium bifidum,0.12656250034830263,-0.02208739911865847,55
All,LASSO,ZellerG_2014,0.7819362820909372,rCLR_Bacteroides intestinalis,rCLR,Bacteroides intestinalis,0.12380412228769011,-0.03680509267046944,56
All,LASSO,ZellerG_2014,0.7819362820909372,PA_Flavonifractor plautii,PA,Flavonifractor plautii,0.1221187936941584,-0.04749064199217273,57
All,LASSO,ZellerG_2014,0.7819362820909372,PA_Parasutterella excrementihominis,PA,Parasutterella excrementihominis,0.11962938173521312,-0.03737906417667683,58
All,LASSO,ZellerG_2014,0.7819362820909372,rCLR_Alistipes finegoldii,rCLR,Alistipes finegoldii,0.11930084212805624,-0.01288962513267655,59
All,LASSO,ZellerG_2014,0.7819362820909372,rCLR_Phocaeicola vulgatus,rCLR,Phocaeicola vulgatus,0.11908472935070201,0.05838535927714741,60
All,LASSO,ZellerG_2014,0.7819362820909372,rCLR_Gemmiger formicilis,rCLR,Gemmiger formicilis,0.11735848207384277,0.029358902783021456,61
All,LASSO,ZellerG_2014,0.7819362820909372,rCLR_Agathobaculum butyriciproducens,rCLR,Agathobaculum butyriciproducens,0.11481920085806366,0.052789232940369364,62
All,LASSO,ZellerG_2014,0.7819362820909372,rCLR_Parabacteroides merdae,rCLR,Parabacteroides merdae,0.11421229235912492,0.0003164880346546101,63
All,LASSO,ZellerG_2014,0.7819362820909372,PA_Coprococcus comes,PA,Coprococcus comes,0.11063986689960978,0.06368395521807776,64
All,LASSO,ZellerG_2014,0.7819362820909372,PA_[Ruminococcus] lactaris,PA,[Ruminococcus] lactaris,0.10854818785131252,-0.03895839070827928,65
All,LASSO,ZellerG_2014,0.7819362820909372,rCLR_Odoribacter splanchnicus,rCLR,Odoribacter splanchnicus,0.10550956902891112,0.05059095038279969,66
All,LASSO,ZellerG_2014,0.7819362820909372,rCLR_Lachnospira pectinoschiza,rCLR,Lachnospira pectinoschiza,0.10492890704783422,0.013737543926041632,67
All,LASSO,ZellerG_2014,0.7819362820909372,PA_Roseburia faecis,PA,Roseburia faecis,0.10208816504127584,-0.06412221506020153,68
All,LASSO,ZellerG_2014,0.7819362820909372,PA_Enterocloster bolteae,PA,Enterocloster bolteae,0.10147677888528858,0.009820333440511794,69
All,LASSO,ZellerG_2014,0.7819362820909372,PA_Roseburia inulinivorans,PA,Roseburia inulinivorans,0.09985567528400122,-0.06657045018933413,70
All,LASSO,ZellerG_2014,0.7819362820909372,PA_Akkermansia muciniphila,PA,Akkermansia muciniphila,0.09876381718317138,0.031236088432703202,71
All,LASSO,ZellerG_2014,0.7819362820909372,PA_Phocaeicola coprocola,PA,Phocaeicola coprocola,0.09717660847616627,-0.023902310955831216,72
All,LASSO,ZellerG_2014,0.7819362820909372,rCLR_[Eubacterium] siraeum,rCLR,[Eubacterium] siraeum,0.09672436594933098,-0.005130285016653143,73
All,LASSO,ZellerG_2014,0.7819362820909372,PA_Odoribacter splanchnicus,PA,Odoribacter splanchnicus,0.09307646234747449,0.06337300382860685,74
All,LASSO,ZellerG_2014,0.7819362820909372,PA_Blautia wexlerae,PA,Blautia wexlerae,0.09010680042886686,0.03612210942302593,75
All,LASSO,ZellerG_2014,0.7819362820909372,rCLR_Paraprevotella xylaniphila,rCLR,Paraprevotella xylaniphila,0.08991432393535745,0.010566766925892594,76
All,LASSO,ZellerG_2014,0.7819362820909372,rCLR_Bacteroides uniformis,rCLR,Bacteroides uniformis,0.08986464543236755,-0.029174044897433648,77
All,LASSO,ZellerG_2014,0.7819362820909372,PA_Dorea longicatena,PA,Dorea longicatena,0.08930345642245754,-0.04024944514814989,78
All,LASSO,ZellerG_2014,0.7819362820909372,rCLR_Proteobacteria bacterium CAG:139,rCLR,Proteobacteria bacterium CAG:139,0.08738172019419792,0.05142436507696754,79
All,LASSO,ZellerG_2014,0.7819362820909372,rCLR_Dialister invisus,rCLR,Dialister invisus,0.0873506349120812,-0.010297942449184505,80
All,LASSO,ZellerG_2014,0.7819362820909372,rCLR_Eubacterium ramulus,rCLR,Eubacterium ramulus,0.08599785919219806,0.03509889589768909,81
All,LASSO,ZellerG_2014,0.7819362820909372,PA_Alistipes shahii,PA,Alistipes shahii,0.08452568420290263,0.0547024710973502,82
All,LASSO,ZellerG_2014,0.7819362820909372,rCLR_Coprococcus eutactus,rCLR,Coprococcus eutactus,0.08387782768259859,0.025514061643642463,83
All,LASSO,ZellerG_2014,0.7819362820909372,PA_[Ruminococcus] gnavus,PA,[Ruminococcus] gnavus,0.08324465307869629,-0.02011965309773871,84
All,LASSO,ZellerG_2014,0.7819362820909372,rCLR_Roseburia intestinalis,rCLR,Roseburia intestinalis,0.08254033563207985,0.004492073319508847,85
All,LASSO,ZellerG_2014,0.7819362820909372,PA_Bacteroides thetaiotaomicron,PA,Bacteroides thetaiotaomicron,0.08218811455764984,-0.0036282660937158252,86
All,LASSO,ZellerG_2014,0.7819362820909372,rCLR_Bacteroides stercoris,rCLR,Bacteroides stercoris,0.08205836792583156,0.024350974981823103,87
All,LASSO,ZellerG_2014,0.7819362820909372,PA_Lachnospira pectinoschiza,PA,Lachnospira pectinoschiza,0.08159262888442989,0.013589294984932932,88
All,LASSO,ZellerG_2014,0.7819362820909372,rCLR_Bacteroides thetaiotaomicron,rCLR,Bacteroides thetaiotaomicron,0.08123665945342565,-0.006465785311840751,89
All,LASSO,ZellerG_2014,0.7819362820909372,PA_Barnesiella intestinihominis,PA,Barnesiella intestinihominis,0.07911769072962853,0.04521010898835916,90
All,LASSO,ZellerG_2014,0.7819362820909372,rCLR_Bacteroides xylanisolvens,rCLR,Bacteroides xylanisolvens,0.07858015566616798,0.010505949626362886,91
All,LASSO,ZellerG_2014,0.7819362820909372,PA_Eubacterium ramulus,PA,Eubacterium ramulus,0.07786314921396999,0.025318598104740155,92
All,LASSO,ZellerG_2014,0.7819362820909372,rCLR_Ruminococcus bicirculans,rCLR,Ruminococcus bicirculans,0.07475781205296435,-0.01887068304511368,93
All,LASSO,ZellerG_2014,0.7819362820909372,PA_Bacteroides salyersiae,PA,Bacteroides salyersiae,0.07378242020861962,0.015284286749624634,94
All,LASSO,ZellerG_2014,0.7819362820909372,PA_Slackia isoflavoniconvertens,PA,Slackia isoflavoniconvertens,0.07354035004002585,-0.038323844387055696,95
All,LASSO,ZellerG_2014,0.7819362820909372,rCLR_Roseburia inulinivorans,rCLR,Roseburia inulinivorans,0.07034693609501519,-0.026878675824252036,96
All,LASSO,ZellerG_2014,0.7819362820909372,rCLR_Bifidobacterium pseudocatenulatum,rCLR,Bifidobacterium pseudocatenulatum,0.06946692527474307,-0.02741858540851354,97
All,LASSO,ZellerG_2014,0.7819362820909372,rCLR_Bacteroides caccae,rCLR,Bacteroides caccae,0.06932202136749985,0.0157732606841538,98
All,LASSO,ZellerG_2014,0.7819362820909372,PA_Clostridium sp. CAG:58,PA,Clostridium sp. CAG:58,0.06925667004006862,0.01616793342398814,99
All,LASSO,ZellerG_2014,0.7819362820909372,PA_Anaerotignum lactatifermentans,PA,Anaerotignum lactatifermentans,0.06762829658370559,-0.0028140633477783347,100
All,LASSO,ZellerG_2014,0.7819362820909372,rCLR_Klebsiella variicola,rCLR,Klebsiella variicola,0.06635465857413018,-0.019102335415496358,101
All,LASSO,ZellerG_2014,0.7819362820909372,PA_Eubacterium sp. CAG:251,PA,Eubacterium sp. CAG:251,0.06615490982309509,-0.028465694370995272,102
All,LASSO,ZellerG_2014,0.7819362820909372,rCLR_Bacteroides fragilis,rCLR,Bacteroides fragilis,0.06613810183672754,-0.016100199088104138,103
All,LASSO,ZellerG_2014,0.7819362820909372,PA_Bacteroides ovatus,PA,Bacteroides ovatus,0.06466821368009212,-0.03250591399647565,104
All,LASSO,ZellerG_2014,0.7819362820909372,rCLR_Eubacterium sp. CAG:251,rCLR,Eubacterium sp. CAG:251,0.06412758267250021,-0.014814247779301433,105
All,LASSO,ZellerG_2014,0.7819362820909372,rCLR_Phocaeicola dorei,rCLR,Phocaeicola dorei,0.06332290693766156,-0.013839789819029837,106
All,LASSO,ZellerG_2014,0.7819362820909372,PA_Dorea formicigenerans,PA,Dorea formicigenerans,0.0630688472515978,0.025196161364693027,107
All,LASSO,ZellerG_2014,0.7819362820909372,rCLR_Blautia wexlerae,rCLR,Blautia wexlerae,0.0630574654299595,-0.0026206794299794473,108
All,LASSO,ZellerG_2014,0.7819362820909372,PA_Erysipelatoclostridium ramosum,PA,Erysipelatoclostridium ramosum,0.062201325721817795,0.02242116284920051,109
All,LASSO,ZellerG_2014,0.7819362820909372,PA_Firmicutes bacterium CAG:83,PA,Firmicutes bacterium CAG:83,0.06174934495783246,-0.028811506472070415,110
All,LASSO,ZellerG_2014,0.7819362820909372,PA_Prevotella copri,PA,Prevotella copri,0.06017739151873032,-0.008596770216961477,111
All,LASSO,ZellerG_2014,0.7819362820909372,PA_Firmicutes bacterium CAG:145,PA,Firmicutes bacterium CAG:145,0.05967180362983283,0.018360554963025473,112
All,LASSO,ZellerG_2014,0.7819362820909372,PA_[Ruminococcus] torques,PA,[Ruminococcus] torques,0.05949551035354255,0.027210246738234786,113
All,LASSO,ZellerG_2014,0.7819362820909372,rCLR_Lachnospira eligens,rCLR,Lachnospira eligens,0.05907421651459044,-0.017055372999871823,114
All,LASSO,ZellerG_2014,0.7819362820909372,PA_Phocaeicola vulgatus,PA,Phocaeicola vulgatus,0.05894366350166305,-0.051759394266003296,115
All,LASSO,ZellerG_2014,0.7819362820909372,rCLR_Alistipes inops,rCLR,Alistipes inops,0.05754869638339652,-0.011351678697945164,116
All,LASSO,ZellerG_2014,0.7819362820909372,PA_Phascolarctobacterium faecium,PA,Phascolarctobacterium faecium,0.0571916357618825,-0.005802050004828665,117
All,LASSO,ZellerG_2014,0.7819362820909372,rCLR_Anaerotignum lactatifermentans,rCLR,Anaerotignum lactatifermentans,0.05669307278597577,0.01998742748230397,118
All,LASSO,ZellerG_2014,0.7819362820909372,rCLR_Akkermansia muciniphila,rCLR,Akkermansia muciniphila,0.0559343317319088,0.01230723254198511,119
All,LASSO,ZellerG_2014,0.7819362820909372,PA_Paraprevotella xylaniphila,PA,Paraprevotella xylaniphila,0.055308553003714005,0.011443148897320132,120
All,LASSO,ZellerG_2014,0.7819362820909372,rCLR_[Ruminococcus] gnavus,rCLR,[Ruminococcus] gnavus,0.054700696133039205,0.023302924949591807,121
All,LASSO,ZellerG_2014,0.7819362820909372,rCLR_Fusicatenibacter saccharivorans,rCLR,Fusicatenibacter saccharivorans,0.054459777358027,-0.004535233204929261,122
All,LASSO,ZellerG_2014,0.7819362820909372,rCLR_Bifidobacterium bifidum,rCLR,Bifidobacterium bifidum,0.05379180974903643,0.005503080066877281,123
All,LASSO,ZellerG_2014,0.7819362820909372,PA_Eubacterium ventriosum,PA,Eubacterium ventriosum,0.05248190752661597,0.025415766538046742,124
All,LASSO,ZellerG_2014,0.7819362820909372,rCLR_Faecalibacterium prausnitzii,rCLR,Faecalibacterium prausnitzii,0.0523863785713738,-0.006422849806702133,125
All,LASSO,ZellerG_2014,0.7819362820909372,rCLR_Phascolarctobacterium faecium,rCLR,Phascolarctobacterium faecium,0.05229965201203497,0.0037524596656777795,126
All,LASSO,ZellerG_2014,0.7819362820909372,rCLR_Bacteroides cellulosilyticus,rCLR,Bacteroides cellulosilyticus,0.05189513775566561,0.019047110057935777,127
All,LASSO,ZellerG_2014,0.7819362820909372,rCLR_Blautia sp. CAG:257,rCLR,Blautia sp. CAG:257,0.051758725062513486,-0.01567131057965917,128
All,LASSO,ZellerG_2014,0.7819362820909372,PA_Adlercreutzia equolifaciens_1,PA,Adlercreutzia equolifaciens_1,0.051406149402890566,-0.005536046858772829,129
All,LASSO,ZellerG_2014,0.7819362820909372,PA_Eubacterium sp. CAG:274,PA,Eubacterium sp. CAG:274,0.051319574413619805,0.00457303138339187,130
All,LASSO,ZellerG_2014,0.7819362820909372,PA_Anaerobutyricum hallii,PA,Anaerobutyricum hallii,0.050897114996507134,-0.026076916942654897,131
All,LASSO,ZellerG_2014,0.7819362820909372,rCLR_Phascolarctobacterium succinatutens,rCLR,Phascolarctobacterium succinatutens,0.04972397016586991,-0.0020829632757574886,132
All,LASSO,ZellerG_2014,0.7819362820909372,PA_Ruminococcus bromii,PA,Ruminococcus bromii,0.04956515930009959,-0.03635999165405499,133
All,LASSO,ZellerG_2014,0.7819362820909372,rCLR_Klebsiella quasipneumoniae,rCLR,Klebsiella quasipneumoniae,0.04904000306848948,0.022491147840347458,134
All,LASSO,ZellerG_2014,0.7819362820909372,rCLR_Bacteroides finegoldii,rCLR,Bacteroides finegoldii,0.04817224473852208,-0.0008092439558926858,135
All,LASSO,ZellerG_2014,0.7819362820909372,rCLR_Coprobacter fastidiosus,rCLR,Coprobacter fastidiosus,0.04799873799033913,0.013661763208598547,136
All,LASSO,ZellerG_2014,0.7819362820909372,PA_Alistipes finegoldii,PA,Alistipes finegoldii,0.04722990017519628,0.01793220808790875,137
All,LASSO,ZellerG_2014,0.7819362820909372,PA_Phocaeicola massiliensis,PA,Phocaeicola massiliensis,0.046996007519811464,-0.004163984489806825,138
All,LASSO,ZellerG_2014,0.7819362820909372,rCLR_Erysipelatoclostridium ramosum,rCLR,Erysipelatoclostridium ramosum,0.04557035889624128,-0.002124235812263281,139
All,LASSO,ZellerG_2014,0.7819362820909372,rCLR_Roseburia faecis,rCLR,Roseburia faecis,0.044104882697184294,-0.012133369265616239,140
All,LASSO,ZellerG_2014,0.7819362820909372,rCLR_Klebsiella pneumoniae,rCLR,Klebsiella pneumoniae,0.04385943480815056,0.0012369144051548385,141
All,LASSO,ZellerG_2014,0.7819362820909372,PA_Ruthenibacterium lactatiformans,PA,Ruthenibacterium lactatiformans,0.04264518452901133,0.021997807686215027,142
All,LASSO,ZellerG_2014,0.7819362820909372,PA_Alistipes putredinis,PA,Alistipes putredinis,0.042256158527979204,-0.023436012450721334,143
All,LASSO,ZellerG_2014,0.7819362820909372,PA_Phocaeicola dorei,PA,Phocaeicola dorei,0.04150555086031375,-0.004662267356911945,144
All,LASSO,ZellerG_2014,0.7819362820909372,rCLR_Bacteroides sp. CAG:144,rCLR,Bacteroides sp. CAG:144,0.04125454685500235,0.015459506828974177,145
All,LASSO,ZellerG_2014,0.7819362820909372,PA_Anaerostipes hadrus,PA,Anaerostipes hadrus,0.04055589098077707,0.027208382556723844,146
All,LASSO,ZellerG_2014,0.7819362820909372,rCLR_Phocaeicola coprocola,rCLR,Phocaeicola coprocola,0.0400040780755678,0.025975438183367214,147
All,LASSO,ZellerG_2014,0.7819362820909372,rCLR_Desulfovibrio piger,rCLR,Desulfovibrio piger,0.03923589501738211,0.011826917091598735,148
All,LASSO,ZellerG_2014,0.7819362820909372,rCLR_Oscillibacter sp. CAG:241,rCLR,Oscillibacter sp. CAG:241,0.03904119112126578,-0.01227864549131488,149
All,LASSO,ZellerG_2014,0.7819362820909372,rCLR_Collinsella aerofaciens,rCLR,Collinsella aerofaciens,0.03862363444353768,-0.017865023527472833,150
All,LASSO,ZellerG_2014,0.7819362820909372,PA_Bacteroides sp. CAG:144,PA,Bacteroides sp. CAG:144,0.03840498907888269,0.010821295265320538,151
All,LASSO,ZellerG_2014,0.7819362820909372,rCLR_Phocaeicola plebeius,rCLR,Phocaeicola plebeius,0.036685049214783334,0.015493765439830574,152
All,LASSO,ZellerG_2014,0.7819362820909372,rCLR_Barnesiella intestinihominis,rCLR,Barnesiella intestinihominis,0.03429812581351389,0.012977161707552686,153
All,LASSO,ZellerG_2014,0.7819362820909372,rCLR_Gordonibacter pamelaeae,rCLR,Gordonibacter pamelaeae,0.03231602387174305,0.003928312721751269,154
All,LASSO,ZellerG_2014,0.7819362820909372,PA_Lawsonibacter asaccharolyticus,PA,Lawsonibacter asaccharolyticus,0.03200643979547258,-0.005224256643115487,155
All,LASSO,ZellerG_2014,0.7819362820909372,PA_Roseburia hominis,PA,Roseburia hominis,0.0312630055303734,-0.009730869271043373,156
All,LASSO,ZellerG_2014,0.7819362820909372,rCLR_Intestinibacter bartlettii,rCLR,Intestinibacter bartlettii,0.030598679001668974,-0.00047847845768264776,157
All,LASSO,ZellerG_2014,0.7819362820909372,rCLR_Parabacteroides distasonis,rCLR,Parabacteroides distasonis,0.03051629752948135,0.011335656118904709,158
All,LASSO,ZellerG_2014,0.7819362820909372,PA_Agathobaculum butyriciproducens,PA,Agathobaculum butyriciproducens,0.030048471811607403,-0.00010361542004002269,159
All,LASSO,ZellerG_2014,0.7819362820909372,rCLR_Blautia obeum,rCLR,Blautia obeum,0.029820962912906302,-0.015934771922648215,160
All,LASSO,ZellerG_2014,0.7819362820909372,PA_Bacteroides uniformis,PA,Bacteroides uniformis,0.028958777408848835,-0.028958777408848835,161
All,LASSO,ZellerG_2014,0.7819362820909372,rCLR_Clostridium sp. CAG:58,rCLR,Clostridium sp. CAG:58,0.028678917979204556,-0.013411576656458412,162
All,LASSO,ZellerG_2014,0.7819362820909372,PA_Megamonas funiformis,PA,Megamonas funiformis,0.027877491809322807,-0.01189439650531107,163
All,LASSO,ZellerG_2014,0.7819362820909372,rCLR_Bacteroides eggerthii,rCLR,Bacteroides eggerthii,0.027823507149249364,-0.01076029339308843,164
All,LASSO,ZellerG_2014,0.7819362820909372,rCLR_Firmicutes bacterium CAG:145,rCLR,Firmicutes bacterium CAG:145,0.026091593816626613,-0.007244270723656902,165
All,LASSO,ZellerG_2014,0.7819362820909372,PA_Escherichia coli,PA,Escherichia coli,0.025790609839083264,-0.0048513284465200104,166
All,LASSO,ZellerG_2014,0.7819362820909372,rCLR_Alistipes shahii,rCLR,Alistipes shahii,0.02488746523837758,-0.006328330043733144,167
All,LASSO,ZellerG_2014,0.7819362820909372,rCLR_Oscillibacter sp. 57_20,rCLR,Oscillibacter sp. 57_20,0.02394835469544589,-0.012345080424131726,168
All,LASSO,ZellerG_2014,0.7819362820909372,rCLR_Prevotella copri,rCLR,Prevotella copri,0.02347209565322482,-0.0014786350135174466,169
All,LASSO,ZellerG_2014,0.7819362820909372,PA_Bacteroides cellulosilyticus,PA,Bacteroides cellulosilyticus,0.02169052513755083,-0.0018533043630185838,170
All,LASSO,ZellerG_2014,0.7819362820909372,rCLR_Dorea longicatena,rCLR,Dorea longicatena,0.02144925379053261,0.008654252669927366,171
All,LASSO,ZellerG_2014,0.7819362820909372,rCLR_Eubacterium sp. CAG:274,rCLR,Eubacterium sp. CAG:274,0.019799049165168593,0.003165773601209181,172
All,LASSO,ZellerG_2014,0.7819362820909372,PA_Bacteroides fragilis,PA,Bacteroides fragilis,0.016925062851475065,0.002836091612949876,173
All,LASSO,ZellerG_2014,0.7819362820909372,PA_Ruminococcus bicirculans,PA,Ruminococcus bicirculans,0.015956463592699123,0.0028296352016433895,174
All,LASSO,ZellerG_2014,0.7819362820909372,rCLR_Coprococcus catus,rCLR,Coprococcus catus,0.015274114966587383,0.005924078315409935,175
All,LASSO,ZellerG_2014,0.7819362820909372,rCLR_Firmicutes bacterium CAG:83,rCLR,Firmicutes bacterium CAG:83,0.015145090936404143,-0.001371363853563362,176
All,LASSO,ZellerG_2014,0.7819362820909372,PA_Bacteroides eggerthii,PA,Bacteroides eggerthii,0.013801096566962621,-0.0023143190906846855,177
All,LASSO,ZellerG_2014,0.7819362820909372,PA_Bacteroides finegoldii,PA,Bacteroides finegoldii,0.013433137258887201,0.0023443204996442916,178
All,LASSO,ZellerG_2014,0.7819362820909372,PA_Acidaminococcus intestini,PA,Acidaminococcus intestini,0.013430960594854336,-0.0014977853679819277,179
All,LASSO,ZellerG_2014,0.7819362820909372,rCLR_Acidaminococcus intestini,rCLR,Acidaminococcus intestini,0.013154922161707047,-0.00627015378979721,180
All,LASSO,ZellerG_2014,0.7819362820909372,rCLR_Bacteroides salyersiae,rCLR,Bacteroides salyersiae,0.012778920951416348,0.004415137460185975,181
All,LASSO,ZellerG_2014,0.7819362820909372,PA_Blautia obeum,PA,Blautia obeum,0.01264393570505335,0.009191348095555382,182
All,LASSO,ZellerG_2014,0.7819362820909372,PA_Bacteroides stercoris,PA,Bacteroides stercoris,0.012051466915889436,-0.0029773721105437177,183
All,LASSO,ZellerG_2014,0.7819362820909372,PA_Faecalibacterium prausnitzii,PA,Faecalibacterium prausnitzii,0.011907074640336924,-0.011907074640336924,184
All,LASSO,ZellerG_2014,0.7819362820909372,rCLR_Enterocloster bolteae,rCLR,Enterocloster bolteae,0.011705343705855208,0.00137660690345,185
All,LASSO,ZellerG_2014,0.7819362820909372,PA_Klebsiella quasipneumoniae,PA,Klebsiella quasipneumoniae,0.01128209665415573,-0.0077837721102314746,186
All,LASSO,ZellerG_2014,0.7819362820909372,PA_Parabacteroides distasonis,PA,Parabacteroides distasonis,0.010315668159068911,0.003438556053022964,187
All,LASSO,ZellerG_2014,0.7819362820909372,PA_Bifidobacterium longum,PA,Bifidobacterium longum,0.01000435524935128,0.0020663573204100175,188
All,LASSO,ZellerG_2014,0.7819362820909372,rCLR_Bifidobacterium longum,rCLR,Bifidobacterium longum,0.009272031229293877,-0.0012192716789155887,189
All,LASSO,ZellerG_2014,0.7819362820909372,rCLR_Bacteroides ovatus,rCLR,Bacteroides ovatus,0.008818614746131371,0.0009490129669766916,190
All,LASSO,ZellerG_2014,0.7819362820909372,rCLR_Megamonas funiformis,rCLR,Megamonas funiformis,0.0071578707113065685,0.006284529350727485,191
All,LASSO,ZellerG_2014,0.7819362820909372,rCLR_Lawsonibacter asaccharolyticus,rCLR,Lawsonibacter asaccharolyticus,0.00535845471426509,0.0019923115670445564,192
All,LASSO,ZellerG_2014,0.7819362820909372,rCLR_Veillonella atypica,rCLR,Veillonella atypica,0.005349844291595406,-0.00038492549585835236,193
All,LASSO,ZellerG_2014,0.7819362820909372,rCLR_[Eubacterium] rectale,rCLR,[Eubacterium] rectale,0.005009647241339048,0.0006972764532714264,194
All,LASSO,ZellerG_2014,0.7819362820909372,PA_Bacteroides xylanisolvens,PA,Bacteroides xylanisolvens,0.0033344489762697207,-0.0009602066536249478,195
All,LASSO,ZellerG_2014,0.7819362820909372,PA_Bifidobacterium adolescentis,PA,Bifidobacterium adolescentis,0.002389615555556373,-0.0007309797927147747,196
All,LASSO,ZellerG_2014,0.7819362820909372,rCLR_Holdemanella biformis,rCLR,Holdemanella biformis,0.0019387100647195767,-0.0007063569436188572,197
All,LASSO,ZellerG_2014,0.7819362820909372,PA_Proteobacteria bacterium CAG:139,PA,Proteobacteria bacterium CAG:139,0.0013813726616121076,-0.0005182555731850165,198
All,LASSO,ZellerG_2014,0.7819362820909372,rCLR_Parasutterella excrementihominis,rCLR,Parasutterella excrementihominis,0.0012229012903850305,-0.00024126529990529586,199
All,LASSO,ZellerG_2014,0.7819362820909372,rCLR_Eubacterium sp. CAG:180,rCLR,Eubacterium sp. CAG:180,0.0011019254841516293,0.0004012659647988155,200
All,LASSO,ZellerG_2014,0.7819362820909372,PA_Oscillibacter sp. CAG:241,PA,Oscillibacter sp. CAG:241,0.0,0.0,201
All,LASSO,ZellerG_2014,0.7819362820909372,PA_Phascolarctobacterium succinatutens,PA,Phascolarctobacterium succinatutens,0.0,0.0,202
All,LASSO,ZellerG_2014,0.7819362820909372,PA_Holdemanella biformis,PA,Holdemanella biformis,0.0,0.0,203
All,LASSO,ZellerG_2014,0.7819362820909372,PA_Coprococcus eutactus,PA,Coprococcus eutactus,0.0,0.0,204
All,LASSO,ZellerG_2014,0.7819362820909372,PA_Fusicatenibacter saccharivorans,PA,Fusicatenibacter saccharivorans,0.0,0.0,205
All,LASSO,ZellerG_2014,0.7819362820909372,PA_Alistipes inops,PA,Alistipes inops,0.0,0.0,206
All,LASSO,ZellerG_2014,0.7819362820909372,PA_Dialister invisus,PA,Dialister invisus,0.0,0.0,207
All,LASSO,ZellerG_2014,0.7819362820909372,rCLR_[Ruminococcus] lactaris,rCLR,[Ruminococcus] lactaris,0.0,0.0,208
All,LASSO,ZellerG_2014,0.7819362820909372,rCLR_Alistipes putredinis,rCLR,Alistipes putredinis,0.0,0.0,209
All,LASSO,ZellerG_2014,0.7819362820909372,rCLR_Bifidobacterium adolescentis,rCLR,Bifidobacterium adolescentis,0.0,0.0,210
All,LASSO,ZellerG_2014,0.7819362820909372,rCLR_Streptococcus parasanguinis,rCLR,Streptococcus parasanguinis,0.0,0.0,211
All,LASSO,ZellerG_2014,0.7819362820909372,rCLR_Adlercreutzia equolifaciens_1,rCLR,Adlercreutzia equolifaciens_1,0.0,0.0,212
All,LASSO,ZellerG_2014,0.7819362820909372,rCLR_Slackia isoflavoniconvertens,rCLR,Slackia isoflavoniconvertens,0.0,0.0,213
All,LASSO,ZellerG_2014,0.7819362820909372,rCLR_Escherichia coli,rCLR,Escherichia coli,0.0,0.0,214
All,LASSO,ZellerG_2014,0.7819362820909372,rCLR_Eubacterium sp. CAG:38,rCLR,Eubacterium sp. CAG:38,0.0,0.0,215
All,LASSO,ZellerG_2014,0.7819362820909372,rCLR_Phocaeicola massiliensis,rCLR,Phocaeicola massiliensis,0.0,0.0,216
