Model,Algorithm,Study,Fold_AUC,Feature,Feature_Type,Species,MeanAbsSHAP,MeanSignedSHAP,Rank
All,RandomForest,FengQ_2015,0.7508909479686385,PA_Parvimonas micra,PA,Parvimonas micra,0.026081139727200383,-0.002354317317223789,1
All,RandomForest,FengQ_2015,0.7508909479686385,rCLR_Ruthenibacterium lactatiformans,rCLR,Ruthenibacterium lactatiformans,0.01702423228625685,0.010933649064813004,2
All,RandomForest,FengQ_2015,0.7508909479686385,rCLR_Paraprevotella xylaniphila,rCLR,Paraprevotella xylaniphila,0.016104129505668856,-0.00224366784580976,3
All,RandomForest,FengQ_2015,0.7508909479686385,rCLR_Dorea formicigenerans,rCLR,Dorea formicigenerans,0.01388746085372109,0.011166683712416789,4
All,RandomForest,FengQ_2015,0.7508909479686385,rCLR_Coprococcus catus,rCLR,Coprococcus catus,0.011780006797387986,0.008850078517304159,5
All,RandomForest,FengQ_2015,0.7508909479686385,rCLR_Eubacterium ventriosum,rCLR,Eubacterium ventriosum,0.009198421339379363,-0.0034078181461392664,6
All,RandomForest,FengQ_2015,0.7508909479686385,rCLR_Roseburia intestinalis,rCLR,Roseburia intestinalis,0.008333925141167155,-0.00018308896102961017,7
All,RandomForest,FengQ_2015,0.7508909479686385,rCLR_Odoribacter splanchnicus,rCLR,Odoribacter splanchnicus,0.007749936187650845,-0.006145458137567146,8
All,RandomForest,FengQ_2015,0.7508909479686385,rCLR_Eubacterium sp. CAG:251,rCLR,Eubacterium sp. CAG:251,0.007338756908136218,0.004428408097386811,9
All,RandomForest,FengQ_2015,0.7508909479686385,rCLR_Parvimonas micra,rCLR,Parvimonas micra,0.007221661484322393,0.0011893836713674126,10
All,RandomForest,FengQ_2015,0.7508909479686385,rCLR_Anaerostipes hadrus,rCLR,Anaerostipes hadrus,0.006895792899801051,-0.005463813669914078,11
All,RandomForest,FengQ_2015,0.7508909479686385,rCLR_Lachnospira pectinoschiza,rCLR,Lachnospira pectinoschiza,0.006701674927994798,0.004364301245604647,12
All,RandomForest,FengQ_2015,0.7508909479686385,rCLR_[Ruminococcus] torques,rCLR,[Ruminococcus] torques,0.006595609864264136,0.0025396327284738325,13
All,RandomForest,FengQ_2015,0.7508909479686385,rCLR_Bacteroides caccae,rCLR,Bacteroides caccae,0.005857724051086359,-0.0020881015893541256,14
All,RandomForest,FengQ_2015,0.7508909479686385,rCLR_Fusicatenibacter saccharivorans,rCLR,Fusicatenibacter saccharivorans,0.0056366249726644505,-0.003751180956861134,15
All,RandomForest,FengQ_2015,0.7508909479686385,rCLR_Blautia obeum,rCLR,Blautia obeum,0.00562720476007651,0.0044839301381435475,16
All,RandomForest,FengQ_2015,0.7508909479686385,rCLR_Bacteroides thetaiotaomicron,rCLR,Bacteroides thetaiotaomicron,0.005390443896709237,-0.003566849937294027,17
All,RandomForest,FengQ_2015,0.7508909479686385,rCLR_Collinsella aerofaciens,rCLR,Collinsella aerofaciens,0.005345559682666704,0.0019280883098211014,18
All,RandomForest,FengQ_2015,0.7508909479686385,rCLR_Clostridium sp. CAG:58,rCLR,Clostridium sp. CAG:58,0.005277098815474926,-0.002210034844119546,19
All,RandomForest,FengQ_2015,0.7508909479686385,rCLR_Dorea longicatena,rCLR,Dorea longicatena,0.005241031017634809,0.0044263379027994505,20
All,RandomForest,FengQ_2015,0.7508909479686385,rCLR_Lachnospira eligens,rCLR,Lachnospira eligens,0.005134155663255236,0.0026210954933851864,21
All,RandomForest,FengQ_2015,0.7508909479686385,rCLR_Alistipes finegoldii,rCLR,Alistipes finegoldii,0.005118216369805924,0.001481859122208177,22
All,RandomForest,FengQ_2015,0.7508909479686385,rCLR_Akkermansia muciniphila,rCLR,Akkermansia muciniphila,0.005094875111158831,0.003359107200641311,23
All,RandomForest,FengQ_2015,0.7508909479686385,rCLR_Faecalibacterium prausnitzii,rCLR,Faecalibacterium prausnitzii,0.00504479588623762,-0.00029128717875919326,24
All,RandomForest,FengQ_2015,0.7508909479686385,rCLR_Roseburia faecis,rCLR,Roseburia faecis,0.00477583291707736,-0.0016960422616602803,25
All,RandomForest,FengQ_2015,0.7508909479686385,rCLR_Bifidobacterium adolescentis,rCLR,Bifidobacterium adolescentis,0.0045632721873537915,-0.002902118779795426,26
All,RandomForest,FengQ_2015,0.7508909479686385,Age,covariate,Age,0.00435316338155141,0.00270991710833576,27
All,RandomForest,FengQ_2015,0.7508909479686385,rCLR_Butyricimonas virosa,rCLR,Butyricimonas virosa,0.0042251128797002125,-0.003259933735570407,28
All,RandomForest,FengQ_2015,0.7508909479686385,rCLR_Adlercreutzia equolifaciens_1,rCLR,Adlercreutzia equolifaciens_1,0.004024010727040545,-0.0030075272957210616,29
All,RandomForest,FengQ_2015,0.7508909479686385,rCLR_Parabacteroides distasonis,rCLR,Parabacteroides distasonis,0.0038599350836710784,-0.002780339631354783,30
All,RandomForest,FengQ_2015,0.7508909479686385,rCLR_Flavonifractor plautii,rCLR,Flavonifractor plautii,0.0037841658438231363,-0.0014589521833424006,31
All,RandomForest,FengQ_2015,0.7508909479686385,rCLR_Bifidobacterium longum,rCLR,Bifidobacterium longum,0.0035980562168318633,-0.002415270921467933,32
All,RandomForest,FengQ_2015,0.7508909479686385,rCLR_Bacteroides sp. CAG:144,rCLR,Bacteroides sp. CAG:144,0.0030820913165869675,-0.0014341761704919152,33
All,RandomForest,FengQ_2015,0.7508909479686385,rCLR_Bacteroides stercoris,rCLR,Bacteroides stercoris,0.003066153071798129,0.0014831086930470621,34
All,RandomForest,FengQ_2015,0.7508909479686385,rCLR_Veillonella parvula,rCLR,Veillonella parvula,0.0030283509086468418,-0.0010432753902993362,35
All,RandomForest,FengQ_2015,0.7508909479686385,rCLR_Intestinibacter bartlettii,rCLR,Intestinibacter bartlettii,0.0028895358464902806,0.0018559159935866202,36
All,RandomForest,FengQ_2015,0.7508909479686385,rCLR_Gemmiger formicilis,rCLR,Gemmiger formicilis,0.002875285539523104,-0.0016985056979602273,37
All,RandomForest,FengQ_2015,0.7508909479686385,rCLR_Blautia sp. CAG:257,rCLR,Blautia sp. CAG:257,0.0028553890066497466,0.0002961769772140062,38
All,RandomForest,FengQ_2015,0.7508909479686385,rCLR_Methanobrevibacter smithii,rCLR,Methanobrevibacter smithii,0.0028089520606067835,0.002269064163686972,39
All,RandomForest,FengQ_2015,0.7508909479686385,rCLR_Klebsiella quasipneumoniae,rCLR,Klebsiella quasipneumoniae,0.0027219101982811026,0.002181842813418354,40
All,RandomForest,FengQ_2015,0.7508909479686385,rCLR_Eubacterium sp. CAG:274,rCLR,Eubacterium sp. CAG:274,0.002718609268714799,-0.0015847108898836405,41
All,RandomForest,FengQ_2015,0.7508909479686385,rCLR_Roseburia hominis,rCLR,Roseburia hominis,0.0027134896447638768,-0.0001389956070906234,42
All,RandomForest,FengQ_2015,0.7508909479686385,rCLR_Streptococcus thermophilus,rCLR,Streptococcus thermophilus,0.0026617810746171547,-0.000601650711584126,43
All,RandomForest,FengQ_2015,0.7508909479686385,rCLR_Phocaeicola coprocola,rCLR,Phocaeicola coprocola,0.0026501667956066346,0.00014543259101204868,44
All,RandomForest,FengQ_2015,0.7508909479686385,rCLR_Coprococcus comes,rCLR,Coprococcus comes,0.002608380473353796,0.00020042064206459074,45
All,RandomForest,FengQ_2015,0.7508909479686385,rCLR_Oscillibacter sp. CAG:241,rCLR,Oscillibacter sp. CAG:241,0.002593694390045838,1.1966278659416095e-05,46
All,RandomForest,FengQ_2015,0.7508909479686385,rCLR_Coprococcus eutactus,rCLR,Coprococcus eutactus,0.0025808569446612935,0.001006624545023536,47
All,RandomForest,FengQ_2015,0.7508909479686385,rCLR_Parabacteroides merdae,rCLR,Parabacteroides merdae,0.0025497336403510996,-0.00043185343490416645,48
All,RandomForest,FengQ_2015,0.7508909479686385,rCLR_Coprobacter fastidiosus,rCLR,Coprobacter fastidiosus,0.002448255127308034,-0.0017319877069553117,49
All,RandomForest,FengQ_2015,0.7508909479686385,rCLR_Gordonibacter pamelaeae,rCLR,Gordonibacter pamelaeae,0.0024450194489339695,-0.001760157330061026,50
All,RandomForest,FengQ_2015,0.7508909479686385,rCLR_Blautia wexlerae,rCLR,Blautia wexlerae,0.002421613399859891,-0.0015991193894630694,51
All,RandomForest,FengQ_2015,0.7508909479686385,rCLR_Alistipes inops,rCLR,Alistipes inops,0.002415939036604464,0.0015568926974806718,52
All,RandomForest,FengQ_2015,0.7508909479686385,rCLR_[Ruminococcus] gnavus,rCLR,[Ruminococcus] gnavus,0.002383473732418809,0.00015648737381606748,53
All,RandomForest,FengQ_2015,0.7508909479686385,rCLR_Anaerobutyricum hallii,rCLR,Anaerobutyricum hallii,0.002211880373437703,0.0017401304132184999,54
All,RandomForest,FengQ_2015,0.7508909479686385,rCLR_Proteobacteria bacterium CAG:139,rCLR,Proteobacteria bacterium CAG:139,0.0021844273739207794,0.001983584529289991,55
All,RandomForest,FengQ_2015,0.7508909479686385,rCLR_Bifidobacterium bifidum,rCLR,Bifidobacterium bifidum,0.002111860080444509,-0.000645566980290376,56
All,RandomForest,FengQ_2015,0.7508909479686385,rCLR_Bacteroides fragilis,rCLR,Bacteroides fragilis,0.002052901187607092,-0.0010459564327163914,57
All,RandomForest,FengQ_2015,0.7508909479686385,rCLR_Bacteroides uniformis,rCLR,Bacteroides uniformis,0.0020396044503109218,0.001397215998388855,58
All,RandomForest,FengQ_2015,0.7508909479686385,rCLR_Eubacterium sp. CAG:180,rCLR,Eubacterium sp. CAG:180,0.0020348091783806265,-0.0008847911471491881,59
All,RandomForest,FengQ_2015,0.7508909479686385,rCLR_Firmicutes bacterium CAG:145,rCLR,Firmicutes bacterium CAG:145,0.0019834529206638595,0.00021763263395385896,60
All,RandomForest,FengQ_2015,0.7508909479686385,rCLR_Ruminococcus bromii,rCLR,Ruminococcus bromii,0.0018819319537505465,0.0005837433143158836,61
All,RandomForest,FengQ_2015,0.7508909479686385,rCLR_Anaerotignum lactatifermentans,rCLR,Anaerotignum lactatifermentans,0.0018649573643302235,-0.0009259535972192908,62
All,RandomForest,FengQ_2015,0.7508909479686385,rCLR_Eubacterium sp. CAG:38,rCLR,Eubacterium sp. CAG:38,0.0018628490760501835,0.001365782220379871,63
All,RandomForest,FengQ_2015,0.7508909479686385,rCLR_Holdemanella biformis,rCLR,Holdemanella biformis,0.0017439952157655382,-0.00010635049981600528,64
All,RandomForest,FengQ_2015,0.7508909479686385,rCLR_Slackia isoflavoniconvertens,rCLR,Slackia isoflavoniconvertens,0.0017403963940848084,0.00016257727266444713,65
All,RandomForest,FengQ_2015,0.7508909479686385,rCLR_Enterocloster bolteae,rCLR,Enterocloster bolteae,0.001738183376589645,-0.0007571682412811278,66
All,RandomForest,FengQ_2015,0.7508909479686385,rCLR_Roseburia inulinivorans,rCLR,Roseburia inulinivorans,0.0017203886140943515,0.0006571714083097632,67
All,RandomForest,FengQ_2015,0.7508909479686385,rCLR_Agathobaculum butyriciproducens,rCLR,Agathobaculum butyriciproducens,0.001707323216225212,-0.0012555368497086186,68
All,RandomForest,FengQ_2015,0.7508909479686385,rCLR_Erysipelatoclostridium ramosum,rCLR,Erysipelatoclostridium ramosum,0.0017002419276140887,0.00014246057185195505,69
All,RandomForest,FengQ_2015,0.7508909479686385,rCLR_Adlercreutzia equolifaciens,rCLR,Adlercreutzia equolifaciens,0.0016914615246082037,-0.00039509435422505675,70
All,RandomForest,FengQ_2015,0.7508909479686385,rCLR_Bacteroides cellulosilyticus,rCLR,Bacteroides cellulosilyticus,0.00165506982611571,-0.0004491133470582436,71
All,RandomForest,FengQ_2015,0.7508909479686385,rCLR_Firmicutes bacterium CAG:83,rCLR,Firmicutes bacterium CAG:83,0.0016470381888000936,0.001074244845469633,72
All,RandomForest,FengQ_2015,0.7508909479686385,rCLR_Bacteroides salyersiae,rCLR,Bacteroides salyersiae,0.0015811817793409317,-0.0010509880250612386,73
All,RandomForest,FengQ_2015,0.7508909479686385,rCLR_Bacteroides intestinalis,rCLR,Bacteroides intestinalis,0.0015604238859276834,0.0008168045015719321,74
All,RandomForest,FengQ_2015,0.7508909479686385,rCLR_Phascolarctobacterium succinatutens,rCLR,Phascolarctobacterium succinatutens,0.0015522305067854133,-0.0002917959932284184,75
All,RandomForest,FengQ_2015,0.7508909479686385,rCLR_Bifidobacterium pseudocatenulatum,rCLR,Bifidobacterium pseudocatenulatum,0.0015424854571150098,0.00011658392231101194,76
All,RandomForest,FengQ_2015,0.7508909479686385,rCLR_Desulfovibrio piger,rCLR,Desulfovibrio piger,0.001530980707807795,-0.0005068161481740766,77
All,RandomForest,FengQ_2015,0.7508909479686385,rCLR_[Ruminococcus] lactaris,rCLR,[Ruminococcus] lactaris,0.001498391392534994,-0.00030109657236974355,78
All,RandomForest,FengQ_2015,0.7508909479686385,PA_Bacteroides fragilis,PA,Bacteroides fragilis,0.0014902665006964987,2.212317204767973e-05,79
All,RandomForest,FengQ_2015,0.7508909479686385,rCLR_[Eubacterium] siraeum,rCLR,[Eubacterium] siraeum,0.0014791242799732849,-0.0001906528790222384,80
All,RandomForest,FengQ_2015,0.7508909479686385,rCLR_Megamonas funiformis,rCLR,Megamonas funiformis,0.0014454999675188474,-0.0004499784786690469,81
All,RandomForest,FengQ_2015,0.7508909479686385,PA_Streptococcus salivarius,PA,Streptococcus salivarius,0.0014341829878485915,-0.0008123873719682484,82
All,RandomForest,FengQ_2015,0.7508909479686385,rCLR_Bacteroides xylanisolvens,rCLR,Bacteroides xylanisolvens,0.0014296954532728285,0.00013673394690246122,83
All,RandomForest,FengQ_2015,0.7508909479686385,rCLR_Firmicutes bacterium CAG:110,rCLR,Firmicutes bacterium CAG:110,0.001415149216861239,0.0005662336285620684,84
All,RandomForest,FengQ_2015,0.7508909479686385,rCLR_Veillonella atypica,rCLR,Veillonella atypica,0.001382692851615677,3.9980808739253e-05,85
All,RandomForest,FengQ_2015,0.7508909479686385,rCLR_Alistipes putredinis,rCLR,Alistipes putredinis,0.0013597052200172556,0.0003192118500898667,86
All,RandomForest,FengQ_2015,0.7508909479686385,rCLR_Escherichia coli,rCLR,Escherichia coli,0.0013116294036314977,0.00026336491420124426,87
All,RandomForest,FengQ_2015,0.7508909479686385,rCLR_Parasutterella excrementihominis,rCLR,Parasutterella excrementihominis,0.0013023618372074307,-0.0006306423902943827,88
All,RandomForest,FengQ_2015,0.7508909479686385,rCLR_Prevotella copri,rCLR,Prevotella copri,0.0013012702853788139,-0.0003027544004707932,89
All,RandomForest,FengQ_2015,0.7508909479686385,Gender,covariate,Gender,0.0012588282248661166,1.943345856563535e-06,90
All,RandomForest,FengQ_2015,0.7508909479686385,rCLR_Oscillibacter sp. 57_20,rCLR,Oscillibacter sp. 57_20,0.001227377077100571,0.00035380574623825414,91
All,RandomForest,FengQ_2015,0.7508909479686385,rCLR_Phocaeicola dorei,rCLR,Phocaeicola dorei,0.001225445929938451,0.0003993965921117364,92
All,RandomForest,FengQ_2015,0.7508909479686385,rCLR_Eggerthella lenta,rCLR,Eggerthella lenta,0.001217729218265644,0.0005407975908997411,93
All,RandomForest,FengQ_2015,0.7508909479686385,PA_Ruminococcus bicirculans,PA,Ruminococcus bicirculans,0.0012105342862242594,-0.00045749102129339394,94
All,RandomForest,FengQ_2015,0.7508909479686385,rCLR_Bacteroides ovatus,rCLR,Bacteroides ovatus,0.001201839509052828,0.0005924632591821489,95
All,RandomForest,FengQ_2015,0.7508909479686385,rCLR_Barnesiella intestinihominis,rCLR,Barnesiella intestinihominis,0.0011425787481300533,0.0004940148359044973,96
All,RandomForest,FengQ_2015,0.7508909479686385,PA_Lachnospira eligens,PA,Lachnospira eligens,0.0011323586445777494,-8.174079205864836e-05,97
All,RandomForest,FengQ_2015,0.7508909479686385,rCLR_Ruminococcus bicirculans,rCLR,Ruminococcus bicirculans,0.0011161050356016003,-0.00027332672503422087,98
All,RandomForest,FengQ_2015,0.7508909479686385,rCLR_Streptococcus parasanguinis,rCLR,Streptococcus parasanguinis,0.001099655517914873,0.0003378046974979334,99
All,RandomForest,FengQ_2015,0.7508909479686385,rCLR_[Eubacterium] rectale,rCLR,[Eubacterium] rectale,0.0010828811965363319,-3.615367852864095e-05,100
All,RandomForest,FengQ_2015,0.7508909479686385,rCLR_Klebsiella pneumoniae,rCLR,Klebsiella pneumoniae,0.0010788993927207651,-0.0003152605540579332,101
All,RandomForest,FengQ_2015,0.7508909479686385,rCLR_Dialister invisus,rCLR,Dialister invisus,0.0010628192257830546,-0.00047502180523428583,102
All,RandomForest,FengQ_2015,0.7508909479686385,rCLR_Bacteroides finegoldii,rCLR,Bacteroides finegoldii,0.0010062840199604054,-0.00039465331933610055,103
All,RandomForest,FengQ_2015,0.7508909479686385,rCLR_Eubacterium ramulus,rCLR,Eubacterium ramulus,0.001004810943747488,0.0004032779355956233,104
All,RandomForest,FengQ_2015,0.7508909479686385,rCLR_Alistipes shahii,rCLR,Alistipes shahii,0.0009948732379223455,-0.00024509515815107624,105
All,RandomForest,FengQ_2015,0.7508909479686385,rCLR_Bacteroides eggerthii,rCLR,Bacteroides eggerthii,0.000972364911075769,-8.014200216855034e-06,106
All,RandomForest,FengQ_2015,0.7508909479686385,rCLR_Phocaeicola vulgatus,rCLR,Phocaeicola vulgatus,0.0009700602157929821,-0.00038076743427077213,107
All,RandomForest,FengQ_2015,0.7508909479686385,rCLR_Klebsiella variicola,rCLR,Klebsiella variicola,0.0009650744832973427,0.0002490395851216302,108
All,RandomForest,FengQ_2015,0.7508909479686385,PA_Roseburia intestinalis,PA,Roseburia intestinalis,0.0009405348198351268,-0.00048275188851831655,109
All,RandomForest,FengQ_2015,0.7508909479686385,rCLR_Streptococcus salivarius,rCLR,Streptococcus salivarius,0.0008756630335805268,-0.00015335880685636986,110
All,RandomForest,FengQ_2015,0.7508909479686385,rCLR_Phocaeicola massiliensis,rCLR,Phocaeicola massiliensis,0.0008597286877762666,8.299766176133614e-05,111
All,RandomForest,FengQ_2015,0.7508909479686385,rCLR_Phocaeicola plebeius,rCLR,Phocaeicola plebeius,0.000852092449405941,-0.0005196809394963624,112
All,RandomForest,FengQ_2015,0.7508909479686385,PA_Phocaeicola plebeius,PA,Phocaeicola plebeius,0.0008459502786930391,-0.00039947744994465843,113
All,RandomForest,FengQ_2015,0.7508909479686385,PA_Bacteroides intestinalis,PA,Bacteroides intestinalis,0.0008368117008707315,3.177978020970737e-05,114
All,RandomForest,FengQ_2015,0.7508909479686385,PA_Bacteroides stercoris,PA,Bacteroides stercoris,0.0008230856424577329,-0.0001292829622901236,115
All,RandomForest,FengQ_2015,0.7508909479686385,rCLR_Lawsonibacter asaccharolyticus,rCLR,Lawsonibacter asaccharolyticus,0.0008141547240398103,0.00036039145403155855,116
All,RandomForest,FengQ_2015,0.7508909479686385,PA_Firmicutes bacterium CAG:110,PA,Firmicutes bacterium CAG:110,0.0008004665495755568,-0.00017887640602584103,117
All,RandomForest,FengQ_2015,0.7508909479686385,PA_Roseburia faecis,PA,Roseburia faecis,0.0007739559119155209,-0.0004243779733775283,118
All,RandomForest,FengQ_2015,0.7508909479686385,rCLR_Phascolarctobacterium faecium,rCLR,Phascolarctobacterium faecium,0.0007391730810175877,0.0003299337622374287,119
All,RandomForest,FengQ_2015,0.7508909479686385,PA_Anaerotignum lactatifermentans,PA,Anaerotignum lactatifermentans,0.0007363853163206025,-0.0003517677994319751,120
All,RandomForest,FengQ_2015,0.7508909479686385,PA_Bifidobacterium pseudocatenulatum,PA,Bifidobacterium pseudocatenulatum,0.0007328868156010696,0.0001055962921493835,121
All,RandomForest,FengQ_2015,0.7508909479686385,PA_Eubacterium sp. CAG:180,PA,Eubacterium sp. CAG:180,0.0007283376459623385,0.00015716104359729804,122
All,RandomForest,FengQ_2015,0.7508909479686385,PA_Proteobacteria bacterium CAG:139,PA,Proteobacteria bacterium CAG:139,0.000727173105178655,0.0002762308954850495,123
All,RandomForest,FengQ_2015,0.7508909479686385,rCLR_Acidaminococcus intestini,rCLR,Acidaminococcus intestini,0.0007218496460629124,-3.65339577281626e-05,124
All,RandomForest,FengQ_2015,0.7508909479686385,PA_Paraprevotella xylaniphila,PA,Paraprevotella xylaniphila,0.0007208357432255209,-0.00010210052375847148,125
All,RandomForest,FengQ_2015,0.7508909479686385,PA_Parasutterella excrementihominis,PA,Parasutterella excrementihominis,0.000705117464557062,8.048052294595423e-05,126
All,RandomForest,FengQ_2015,0.7508909479686385,PA_Slackia isoflavoniconvertens,PA,Slackia isoflavoniconvertens,0.0006730870987915913,0.0004889570654299062,127
All,RandomForest,FengQ_2015,0.7508909479686385,PA_Bacteroides caccae,PA,Bacteroides caccae,0.0006365404323421209,-2.5776659576656115e-05,128
All,RandomForest,FengQ_2015,0.7508909479686385,PA_Escherichia coli,PA,Escherichia coli,0.0006038815209822037,0.00024961364048970943,129
All,RandomForest,FengQ_2015,0.7508909479686385,PA_Methanobrevibacter smithii,PA,Methanobrevibacter smithii,0.0005787304969833896,0.0002480351668589671,130
All,RandomForest,FengQ_2015,0.7508909479686385,PA_Clostridium sp. CAG:58,PA,Clostridium sp. CAG:58,0.0005717778184926274,4.3371098264654614e-05,131
All,RandomForest,FengQ_2015,0.7508909479686385,PA_Phocaeicola coprocola,PA,Phocaeicola coprocola,0.0005699023409226759,-6.719263968330285e-05,132
All,RandomForest,FengQ_2015,0.7508909479686385,PA_Megamonas funiformis,PA,Megamonas funiformis,0.0005532269470439025,2.8228847744113492e-05,133
All,RandomForest,FengQ_2015,0.7508909479686385,PA_Lachnospira pectinoschiza,PA,Lachnospira pectinoschiza,0.0005320974044340323,-2.6931716704345672e-05,134
All,RandomForest,FengQ_2015,0.7508909479686385,PA_Veillonella parvula,PA,Veillonella parvula,0.0005120093848029398,-4.727109884327686e-05,135
All,RandomForest,FengQ_2015,0.7508909479686385,PA_Parabacteroides distasonis,PA,Parabacteroides distasonis,0.0004898550548763264,-0.00011147564134453667,136
All,RandomForest,FengQ_2015,0.7508909479686385,PA_Phascolarctobacterium succinatutens,PA,Phascolarctobacterium succinatutens,0.0004885174792220438,3.435101375729123e-06,137
All,RandomForest,FengQ_2015,0.7508909479686385,PA_Flavonifractor plautii,PA,Flavonifractor plautii,0.0004821614286807438,-0.00021916434066649153,138
All,RandomForest,FengQ_2015,0.7508909479686385,PA_Bifidobacterium bifidum,PA,Bifidobacterium bifidum,0.0004727962052536001,-0.00014367533277360642,139
All,RandomForest,FengQ_2015,0.7508909479686385,PA_[Ruminococcus] gnavus,PA,[Ruminococcus] gnavus,0.00046346246153225435,4.780235308552793e-05,140
All,RandomForest,FengQ_2015,0.7508909479686385,PA_Blautia sp. CAG:257,PA,Blautia sp. CAG:257,0.00042207341332132733,4.435259901904783e-06,141
All,RandomForest,FengQ_2015,0.7508909479686385,PA_Dialister invisus,PA,Dialister invisus,0.00039109131668919655,-0.00024039246258906804,142
All,RandomForest,FengQ_2015,0.7508909479686385,PA_Streptococcus thermophilus,PA,Streptococcus thermophilus,0.0003884993252066621,-0.000213382247866301,143
All,RandomForest,FengQ_2015,0.7508909479686385,PA_Firmicutes bacterium CAG:145,PA,Firmicutes bacterium CAG:145,0.0003875489459704823,0.0001313029062340957,144
All,RandomForest,FengQ_2015,0.7508909479686385,PA_Coprococcus catus,PA,Coprococcus catus,0.00038207958958527596,0.0001544919022190531,145
All,RandomForest,FengQ_2015,0.7508909479686385,PA_Phocaeicola massiliensis,PA,Phocaeicola massiliensis,0.00037991396885233197,0.00013535796548060783,146
All,RandomForest,FengQ_2015,0.7508909479686385,PA_Eubacterium sp. CAG:38,PA,Eubacterium sp. CAG:38,0.00037338072172430606,-0.00013961282927193254,147
All,RandomForest,FengQ_2015,0.7508909479686385,PA_Coprococcus eutactus,PA,Coprococcus eutactus,0.0003706506862914417,-0.00016284709137815773,148
All,RandomForest,FengQ_2015,0.7508909479686385,PA_Eubacterium ventriosum,PA,Eubacterium ventriosum,0.00036613735552249046,-2.412426410104813e-05,149
All,RandomForest,FengQ_2015,0.7508909479686385,PA_Collinsella aerofaciens,PA,Collinsella aerofaciens,0.0003534515097460708,0.00020735218756054655,150
All,RandomForest,FengQ_2015,0.7508909479686385,PA_Alistipes shahii,PA,Alistipes shahii,0.0003454103756640627,6.0780803638083174e-05,151
All,RandomForest,FengQ_2015,0.7508909479686385,PA_Parabacteroides merdae,PA,Parabacteroides merdae,0.0003418659668972082,-3.940555374952287e-06,152
All,RandomForest,FengQ_2015,0.7508909479686385,PA_Anaerobutyricum hallii,PA,Anaerobutyricum hallii,0.00032399618464585016,-0.00024053669134238575,153
All,RandomForest,FengQ_2015,0.7508909479686385,PA_Bacteroides cellulosilyticus,PA,Bacteroides cellulosilyticus,0.0003211485579052861,1.49492038577584e-05,154
All,RandomForest,FengQ_2015,0.7508909479686385,PA_Prevotella copri,PA,Prevotella copri,0.0003185608973615692,-9.947912720599314e-06,155
All,RandomForest,FengQ_2015,0.7508909479686385,PA_Phocaeicola dorei,PA,Phocaeicola dorei,0.00031446974448552233,3.169891677609041e-05,156
All,RandomForest,FengQ_2015,0.7508909479686385,PA_[Ruminococcus] lactaris,PA,[Ruminococcus] lactaris,0.0003119160666907038,-0.00013656965626152162,157
All,RandomForest,FengQ_2015,0.7508909479686385,PA_Eubacterium sp. CAG:274,PA,Eubacterium sp. CAG:274,0.00030887470006200484,-0.0001371791015406312,158
All,RandomForest,FengQ_2015,0.7508909479686385,PA_Eubacterium sp. CAG:251,PA,Eubacterium sp. CAG:251,0.000308389958470275,3.184312983056119e-06,159
All,RandomForest,FengQ_2015,0.7508909479686385,PA_Bacteroides ovatus,PA,Bacteroides ovatus,0.00030829546675197967,2.7545302558011978e-05,160
All,RandomForest,FengQ_2015,0.7508909479686385,PA_Barnesiella intestinihominis,PA,Barnesiella intestinihominis,0.00029667909212685085,-0.00017150037344046873,161
All,RandomForest,FengQ_2015,0.7508909479686385,PA_Bacteroides salyersiae,PA,Bacteroides salyersiae,0.0002944409324391098,-0.00011565497447154947,162
All,RandomForest,FengQ_2015,0.7508909479686385,PA_Erysipelatoclostridium ramosum,PA,Erysipelatoclostridium ramosum,0.0002942523459315082,6.876632664372358e-05,163
All,RandomForest,FengQ_2015,0.7508909479686385,PA_Adlercreutzia equolifaciens_1,PA,Adlercreutzia equolifaciens_1,0.0002896399603305601,-0.00025334377409609213,164
All,RandomForest,FengQ_2015,0.7508909479686385,PA_Firmicutes bacterium CAG:83,PA,Firmicutes bacterium CAG:83,0.00028899143688338705,6.401375000712372e-05,165
All,RandomForest,FengQ_2015,0.7508909479686385,PA_Enterocloster bolteae,PA,Enterocloster bolteae,0.00028640779644572233,-0.00016497490753199175,166
All,RandomForest,FengQ_2015,0.7508909479686385,PA_Holdemanella biformis,PA,Holdemanella biformis,0.00028624001391916936,0.00011107159885525554,167
All,RandomForest,FengQ_2015,0.7508909479686385,PA_Bacteroides thetaiotaomicron,PA,Bacteroides thetaiotaomicron,0.000285917538768521,-5.9059262918594236e-05,168
All,RandomForest,FengQ_2015,0.7508909479686385,PA_Coprobacter fastidiosus,PA,Coprobacter fastidiosus,0.00026631343461241215,5.3364358680930205e-05,169
All,RandomForest,FengQ_2015,0.7508909479686385,PA_[Ruminococcus] torques,PA,[Ruminococcus] torques,0.0002515570751748906,0.00012466810756310082,170
All,RandomForest,FengQ_2015,0.7508909479686385,PA_Intestinibacter bartlettii,PA,Intestinibacter bartlettii,0.0002494228090445963,-4.0072915702057005e-05,171
All,RandomForest,FengQ_2015,0.7508909479686385,PA_Oscillibacter sp. CAG:241,PA,Oscillibacter sp. CAG:241,0.0002449867897550743,4.151939551044065e-05,172
All,RandomForest,FengQ_2015,0.7508909479686385,PA_Adlercreutzia equolifaciens,PA,Adlercreutzia equolifaciens,0.00024286524468095227,-0.0001344986248574651,173
All,RandomForest,FengQ_2015,0.7508909479686385,PA_Bacteroides xylanisolvens,PA,Bacteroides xylanisolvens,0.00023819309190480328,-5.922369378580451e-05,174
All,RandomForest,FengQ_2015,0.7508909479686385,PA_Odoribacter splanchnicus,PA,Odoribacter splanchnicus,0.00021955629246517476,2.4544295583767438e-06,175
All,RandomForest,FengQ_2015,0.7508909479686385,PA_Gemmiger formicilis,PA,Gemmiger formicilis,0.00021609666267531546,-1.677309263035219e-05,176
All,RandomForest,FengQ_2015,0.7508909479686385,PA_Akkermansia muciniphila,PA,Akkermansia muciniphila,0.00021509233628582385,-0.00012691002001975242,177
All,RandomForest,FengQ_2015,0.7508909479686385,PA_Butyricimonas virosa,PA,Butyricimonas virosa,0.00021226546089769864,-1.508931393132888e-05,178
All,RandomForest,FengQ_2015,0.7508909479686385,PA_Alistipes inops,PA,Alistipes inops,0.00021155622714260378,2.285892016198837e-05,179
All,RandomForest,FengQ_2015,0.7508909479686385,PA_[Eubacterium] siraeum,PA,[Eubacterium] siraeum,0.00020820940367560187,6.791076180616345e-05,180
All,RandomForest,FengQ_2015,0.7508909479686385,PA_Oscillibacter sp. 57_20,PA,Oscillibacter sp. 57_20,0.00020288390919331504,2.071670783298288e-05,181
All,RandomForest,FengQ_2015,0.7508909479686385,PA_Bacteroides eggerthii,PA,Bacteroides eggerthii,0.00020034596863274543,3.927767070749686e-05,182
All,RandomForest,FengQ_2015,0.7508909479686385,PA_Ruthenibacterium lactatiformans,PA,Ruthenibacterium lactatiformans,0.0001985151558808289,6.570172598827691e-05,183
All,RandomForest,FengQ_2015,0.7508909479686385,PA_Desulfovibrio piger,PA,Desulfovibrio piger,0.0001976001137754902,-9.695865598681122e-05,184
All,RandomForest,FengQ_2015,0.7508909479686385,PA_Bacteroides sp. CAG:144,PA,Bacteroides sp. CAG:144,0.0001946925920547509,-7.109499095457489e-05,185
All,RandomForest,FengQ_2015,0.7508909479686385,PA_Alistipes putredinis,PA,Alistipes putredinis,0.00019287619554336227,4.580460596316498e-05,186
All,RandomForest,FengQ_2015,0.7508909479686385,PA_Lawsonibacter asaccharolyticus,PA,Lawsonibacter asaccharolyticus,0.0001905156406530916,-9.149244767920679e-05,187
All,RandomForest,FengQ_2015,0.7508909479686385,PA_Coprococcus comes,PA,Coprococcus comes,0.00019014784542052105,-6.675077066398579e-05,188
All,RandomForest,FengQ_2015,0.7508909479686385,PA_Roseburia inulinivorans,PA,Roseburia inulinivorans,0.000185407244512304,-2.6344223541491613e-05,189
All,RandomForest,FengQ_2015,0.7508909479686385,PA_Bacteroides finegoldii,PA,Bacteroides finegoldii,0.0001831944336845148,-2.0819764436651324e-05,190
All,RandomForest,FengQ_2015,0.7508909479686385,PA_Bifidobacterium longum,PA,Bifidobacterium longum,0.00017845590162416942,6.448666359873634e-06,191
All,RandomForest,FengQ_2015,0.7508909479686385,PA_Acidaminococcus intestini,PA,Acidaminococcus intestini,0.00017470627016618318,-1.3709645972108029e-06,192
All,RandomForest,FengQ_2015,0.7508909479686385,PA_Dorea formicigenerans,PA,Dorea formicigenerans,0.0001726762361942071,5.996828013415879e-05,193
All,RandomForest,FengQ_2015,0.7508909479686385,PA_Bifidobacterium adolescentis,PA,Bifidobacterium adolescentis,0.00016800895524413052,7.426127153901175e-05,194
All,RandomForest,FengQ_2015,0.7508909479686385,PA_Klebsiella pneumoniae,PA,Klebsiella pneumoniae,0.00016742694413699074,-9.991470053081456e-06,195
All,RandomForest,FengQ_2015,0.7508909479686385,PA_Eggerthella lenta,PA,Eggerthella lenta,0.0001672631095284812,-3.508381430988827e-05,196
All,RandomForest,FengQ_2015,0.7508909479686385,PA_[Eubacterium] rectale,PA,[Eubacterium] rectale,0.00016384507522560385,8.348242318391915e-05,197
All,RandomForest,FengQ_2015,0.7508909479686385,PA_Ruminococcus bromii,PA,Ruminococcus bromii,0.00016175972232662875,-5.248994169820132e-05,198
All,RandomForest,FengQ_2015,0.7508909479686385,PA_Roseburia hominis,PA,Roseburia hominis,0.00015951353789075704,3.320274063034363e-05,199
All,RandomForest,FengQ_2015,0.7508909479686385,PA_Veillonella atypica,PA,Veillonella atypica,0.00015690297144476837,2.6177214492375704e-05,200
All,RandomForest,FengQ_2015,0.7508909479686385,PA_Alistipes finegoldii,PA,Alistipes finegoldii,0.0001551065896108958,-2.9727872551790463e-05,201
All,RandomForest,FengQ_2015,0.7508909479686385,PA_Eubacterium ramulus,PA,Eubacterium ramulus,0.000153173191215528,4.8681593366405696e-05,202
All,RandomForest,FengQ_2015,0.7508909479686385,PA_Phascolarctobacterium faecium,PA,Phascolarctobacterium faecium,0.00014838009623526025,-1.5179873024147953e-05,203
All,RandomForest,FengQ_2015,0.7508909479686385,PA_Agathobaculum butyriciproducens,PA,Agathobaculum butyriciproducens,0.00014159714313373965,-4.1648984563580226e-05,204
All,RandomForest,FengQ_2015,0.7508909479686385,PA_Klebsiella variicola,PA,Klebsiella variicola,0.0001407680985727985,2.1720478886249786e-05,205
All,RandomForest,FengQ_2015,0.7508909479686385,PA_Dorea longicatena,PA,Dorea longicatena,0.00013709091342780275,-2.5562638471062678e-05,206
All,RandomForest,FengQ_2015,0.7508909479686385,PA_Fusicatenibacter saccharivorans,PA,Fusicatenibacter saccharivorans,0.00013640487043027448,-7.009877634662833e-05,207
All,RandomForest,FengQ_2015,0.7508909479686385,PA_Gordonibacter pamelaeae,PA,Gordonibacter pamelaeae,0.0001359399931216502,7.363114959486162e-07,208
All,RandomForest,FengQ_2015,0.7508909479686385,PA_Streptococcus parasanguinis,PA,Streptococcus parasanguinis,0.0001296634731595818,3.7704972817253727e-06,209
All,RandomForest,FengQ_2015,0.7508909479686385,PA_Blautia obeum,PA,Blautia obeum,0.00011201294646785881,-4.2977598155445584e-05,210
All,RandomForest,FengQ_2015,0.7508909479686385,PA_Bacteroides uniformis,PA,Bacteroides uniformis,0.00010763753947544739,-1.640157472767647e-05,211
All,RandomForest,FengQ_2015,0.7508909479686385,PA_Klebsiella quasipneumoniae,PA,Klebsiella quasipneumoniae,9.503154633899929e-05,5.859055344790423e-06,212
All,RandomForest,FengQ_2015,0.7508909479686385,PA_Phocaeicola vulgatus,PA,Phocaeicola vulgatus,9.439978015149396e-05,2.4631331830994887e-05,213
All,RandomForest,FengQ_2015,0.7508909479686385,PA_Blautia wexlerae,PA,Blautia wexlerae,7.900409390814822e-05,1.1795599489587393e-07,214
All,RandomForest,FengQ_2015,0.7508909479686385,PA_Anaerostipes hadrus,PA,Anaerostipes hadrus,6.364189846451399e-05,-2.5821926387245153e-05,215
All,RandomForest,FengQ_2015,0.7508909479686385,PA_Faecalibacterium prausnitzii,PA,Faecalibacterium prausnitzii,5.232628047038427e-05,-3.699451684322432e-05,216
All,RandomForest,HanniganGD_2017,0.498015873015873,PA_Parvimonas micra,PA,Parvimonas micra,0.028566545351130564,-0.028566545351130564,1
All,RandomForest,HanniganGD_2017,0.498015873015873,rCLR_Ruthenibacterium lactatiformans,rCLR,Ruthenibacterium lactatiformans,0.015534435918286675,0.0021468678709620275,2
All,RandomForest,HanniganGD_2017,0.498015873015873,rCLR_Eubacterium sp. CAG:251,rCLR,Eubacterium sp. CAG:251,0.015260923791167641,0.015260923791167641,3
All,RandomForest,HanniganGD_2017,0.498015873015873,rCLR_Lachnospira pectinoschiza,rCLR,Lachnospira pectinoschiza,0.013192769643974842,0.013192769643974842,4
All,RandomForest,HanniganGD_2017,0.498015873015873,rCLR_Anaerostipes hadrus,rCLR,Anaerostipes hadrus,0.01199390388632407,-0.008534226011498622,5
All,RandomForest,HanniganGD_2017,0.498015873015873,rCLR_Bacteroides caccae,rCLR,Bacteroides caccae,0.010189580985172163,-0.007691159673314386,6
All,RandomForest,HanniganGD_2017,0.498015873015873,rCLR_Lachnospira eligens,rCLR,Lachnospira eligens,0.008881108051252288,0.0084945505733079,7
All,RandomForest,HanniganGD_2017,0.498015873015873,rCLR_[Ruminococcus] torques,rCLR,[Ruminococcus] torques,0.008533905448809333,0.0019504735963860502,8
All,RandomForest,HanniganGD_2017,0.498015873015873,rCLR_Clostridium sp. CAG:58,rCLR,Clostridium sp. CAG:58,0.0084488361271097,-0.008432970733391864,9
All,RandomForest,HanniganGD_2017,0.498015873015873,rCLR_Parabacteroides distasonis,rCLR,Parabacteroides distasonis,0.008303021728339561,-0.008303021728339561,10
All,RandomForest,HanniganGD_2017,0.498015873015873,rCLR_Roseburia intestinalis,rCLR,Roseburia intestinalis,0.00820198047298219,0.005924411112852646,11
All,RandomForest,HanniganGD_2017,0.498015873015873,rCLR_Parvimonas micra,rCLR,Parvimonas micra,0.008200489158933207,-0.008200489158933207,12
All,RandomForest,HanniganGD_2017,0.498015873015873,rCLR_Faecalibacterium prausnitzii,rCLR,Faecalibacterium prausnitzii,0.007848404076495204,0.006153728232333575,13
All,RandomForest,HanniganGD_2017,0.498015873015873,rCLR_Roseburia faecis,rCLR,Roseburia faecis,0.007695585740549861,0.005359672100241437,14
All,RandomForest,HanniganGD_2017,0.498015873015873,Age,covariate,Age,0.0074283203089193775,-0.004472666144791357,15
All,RandomForest,HanniganGD_2017,0.498015873015873,rCLR_Fusicatenibacter saccharivorans,rCLR,Fusicatenibacter saccharivorans,0.007405276067902953,-0.0035713055380082823,16
All,RandomForest,HanniganGD_2017,0.498015873015873,rCLR_Dorea formicigenerans,rCLR,Dorea formicigenerans,0.006867253391475418,-0.0031319924094429215,17
All,RandomForest,HanniganGD_2017,0.498015873015873,rCLR_Bacteroides thetaiotaomicron,rCLR,Bacteroides thetaiotaomicron,0.006599534128624124,-0.006264396470514988,18
All,RandomForest,HanniganGD_2017,0.498015873015873,rCLR_Eubacterium sp. CAG:180,rCLR,Eubacterium sp. CAG:180,0.0065185747194737645,-0.005873193077979438,19
All,RandomForest,HanniganGD_2017,0.498015873015873,rCLR_Eubacterium ventriosum,rCLR,Eubacterium ventriosum,0.006127469771862968,-0.0023283113218240782,20
All,RandomForest,HanniganGD_2017,0.498015873015873,rCLR_Odoribacter splanchnicus,rCLR,Odoribacter splanchnicus,0.006100267794009996,-0.005725626829488725,21
All,RandomForest,HanniganGD_2017,0.498015873015873,rCLR_Bacteroides sp. CAG:144,rCLR,Bacteroides sp. CAG:144,0.005986419344983364,-0.005986419344983364,22
All,RandomForest,HanniganGD_2017,0.498015873015873,rCLR_Bifidobacterium longum,rCLR,Bifidobacterium longum,0.005678273336626925,-0.0003971747087674045,23
All,RandomForest,HanniganGD_2017,0.498015873015873,rCLR_Akkermansia muciniphila,rCLR,Akkermansia muciniphila,0.005273175712935563,0.004389742410754666,24
All,RandomForest,HanniganGD_2017,0.498015873015873,rCLR_Parasutterella excrementihominis,rCLR,Parasutterella excrementihominis,0.004887967509027182,-0.003977047249347257,25
All,RandomForest,HanniganGD_2017,0.498015873015873,rCLR_Butyricimonas virosa,rCLR,Butyricimonas virosa,0.004573662938494935,-0.004573662938494935,26
All,RandomForest,HanniganGD_2017,0.498015873015873,rCLR_Coprococcus catus,rCLR,Coprococcus catus,0.00448629309656405,0.0007582828965583511,27
All,RandomForest,HanniganGD_2017,0.498015873015873,rCLR_Veillonella parvula,rCLR,Veillonella parvula,0.004373905574413703,0.004004269897328561,28
All,RandomForest,HanniganGD_2017,0.498015873015873,PA_Streptococcus salivarius,PA,Streptococcus salivarius,0.004332482157627107,0.001833322344894734,29
All,RandomForest,HanniganGD_2017,0.498015873015873,rCLR_Parabacteroides merdae,rCLR,Parabacteroides merdae,0.0043027980348863265,-0.0030521155206119956,30
All,RandomForest,HanniganGD_2017,0.498015873015873,rCLR_Methanobrevibacter smithii,rCLR,Methanobrevibacter smithii,0.0038779951421577556,0.0017723098907002197,31
All,RandomForest,HanniganGD_2017,0.498015873015873,rCLR_Collinsella aerofaciens,rCLR,Collinsella aerofaciens,0.003515029694483922,0.0007244791953312435,32
All,RandomForest,HanniganGD_2017,0.498015873015873,rCLR_Coprobacter fastidiosus,rCLR,Coprobacter fastidiosus,0.003474237684112956,-0.003474237684112956,33
All,RandomForest,HanniganGD_2017,0.498015873015873,rCLR_Holdemanella biformis,rCLR,Holdemanella biformis,0.0032693844952831246,-0.0025188171033794044,34
All,RandomForest,HanniganGD_2017,0.498015873015873,rCLR_Desulfovibrio piger,rCLR,Desulfovibrio piger,0.0032626185590186115,-0.003068476878133433,35
All,RandomForest,HanniganGD_2017,0.498015873015873,rCLR_Alistipes finegoldii,rCLR,Alistipes finegoldii,0.0031626244251703093,-0.001992055693515762,36
All,RandomForest,HanniganGD_2017,0.498015873015873,rCLR_Coprococcus eutactus,rCLR,Coprococcus eutactus,0.003107230354365988,0.002737376535393181,37
All,RandomForest,HanniganGD_2017,0.498015873015873,rCLR_Bifidobacterium adolescentis,rCLR,Bifidobacterium adolescentis,0.0030081741759011823,0.0007820895008386447,38
All,RandomForest,HanniganGD_2017,0.498015873015873,PA_Ruminococcus bicirculans,PA,Ruminococcus bicirculans,0.002999799361661443,0.0002795849602379525,39
All,RandomForest,HanniganGD_2017,0.498015873015873,rCLR_Flavonifractor plautii,rCLR,Flavonifractor plautii,0.0029656928037472214,-0.0022362658793917338,40
All,RandomForest,HanniganGD_2017,0.498015873015873,rCLR_Coprococcus comes,rCLR,Coprococcus comes,0.0027551789576068723,0.00037471395826551787,41
All,RandomForest,HanniganGD_2017,0.498015873015873,rCLR_Phocaeicola coprocola,rCLR,Phocaeicola coprocola,0.0025779481647349124,-0.0025779481647349124,42
All,RandomForest,HanniganGD_2017,0.498015873015873,rCLR_Klebsiella quasipneumoniae,rCLR,Klebsiella quasipneumoniae,0.002557304022741503,0.0018397907314041636,43
All,RandomForest,HanniganGD_2017,0.498015873015873,rCLR_Bacteroides uniformis,rCLR,Bacteroides uniformis,0.0024640405527955843,0.0023046710403511715,44
All,RandomForest,HanniganGD_2017,0.498015873015873,rCLR_Bacteroides eggerthii,rCLR,Bacteroides eggerthii,0.0024528517652795435,-0.0016808737821144859,45
All,RandomForest,HanniganGD_2017,0.498015873015873,rCLR_Roseburia hominis,rCLR,Roseburia hominis,0.0024497953556391243,-0.000678739814930476,46
All,RandomForest,HanniganGD_2017,0.498015873015873,rCLR_Escherichia coli,rCLR,Escherichia coli,0.0024396051785605974,-0.0004560446808153845,47
All,RandomForest,HanniganGD_2017,0.498015873015873,rCLR_Dorea longicatena,rCLR,Dorea longicatena,0.0023601449528954667,-0.00019002262601534102,48
All,RandomForest,HanniganGD_2017,0.498015873015873,rCLR_Anaerotignum lactatifermentans,rCLR,Anaerotignum lactatifermentans,0.002324360905597196,0.0004320506285483957,49
All,RandomForest,HanniganGD_2017,0.498015873015873,PA_Roseburia faecis,PA,Roseburia faecis,0.0022011307685849872,0.0008403397423191051,50
All,RandomForest,HanniganGD_2017,0.498015873015873,rCLR_Agathobaculum butyriciproducens,rCLR,Agathobaculum butyriciproducens,0.0021647195228366436,0.0017574145860877555,51
All,RandomForest,HanniganGD_2017,0.498015873015873,rCLR_Blautia obeum,rCLR,Blautia obeum,0.0021414759625135948,5.9893293048506553e-05,52
All,RandomForest,HanniganGD_2017,0.498015873015873,rCLR_Bacteroides fragilis,rCLR,Bacteroides fragilis,0.002125675770822899,-0.0015126672326100977,53
All,RandomForest,HanniganGD_2017,0.498015873015873,PA_Escherichia coli,PA,Escherichia coli,0.002082841147015543,-0.0014536733258056485,54
All,RandomForest,HanniganGD_2017,0.498015873015873,rCLR_Bacteroides xylanisolvens,rCLR,Bacteroides xylanisolvens,0.0020330026203733767,-0.001963598906840856,55
All,RandomForest,HanniganGD_2017,0.498015873015873,rCLR_Firmicutes bacterium CAG:83,rCLR,Firmicutes bacterium CAG:83,0.001998374162526188,-0.00033490426649977463,56
All,RandomForest,HanniganGD_2017,0.498015873015873,rCLR_Proteobacteria bacterium CAG:139,rCLR,Proteobacteria bacterium CAG:139,0.00199775776996428,-0.0014986717129813836,57
All,RandomForest,HanniganGD_2017,0.498015873015873,PA_Enterocloster bolteae,PA,Enterocloster bolteae,0.0019855692997399928,-0.0017144258680756234,58
All,RandomForest,HanniganGD_2017,0.498015873015873,rCLR_Eubacterium sp. CAG:274,rCLR,Eubacterium sp. CAG:274,0.0019781646327628024,-0.0010429936104632955,59
All,RandomForest,HanniganGD_2017,0.498015873015873,rCLR_Bifidobacterium pseudocatenulatum,rCLR,Bifidobacterium pseudocatenulatum,0.0019665582678240158,0.001248626946424626,60
All,RandomForest,HanniganGD_2017,0.498015873015873,rCLR_Blautia sp. CAG:257,rCLR,Blautia sp. CAG:257,0.001961645484330245,0.0008376297484986575,61
All,RandomForest,HanniganGD_2017,0.498015873015873,rCLR_Enterocloster bolteae,rCLR,Enterocloster bolteae,0.0019563942074080657,-0.0018834694415428097,62
All,RandomForest,HanniganGD_2017,0.498015873015873,PA_Roseburia intestinalis,PA,Roseburia intestinalis,0.0019112575786096396,0.0005617319884798031,63
All,RandomForest,HanniganGD_2017,0.498015873015873,PA_Bacteroides caccae,PA,Bacteroides caccae,0.0019085195162726453,-0.0010940143813470014,64
All,RandomForest,HanniganGD_2017,0.498015873015873,rCLR_Gemmiger formicilis,rCLR,Gemmiger formicilis,0.001841902964762491,0.0007834277391844122,65
All,RandomForest,HanniganGD_2017,0.498015873015873,rCLR_Phocaeicola vulgatus,rCLR,Phocaeicola vulgatus,0.0017947319087831403,-0.001503890467935104,66
All,RandomForest,HanniganGD_2017,0.498015873015873,rCLR_Alistipes putredinis,rCLR,Alistipes putredinis,0.0017376684968285778,-0.0011085042762555605,67
All,RandomForest,HanniganGD_2017,0.498015873015873,rCLR_Gordonibacter pamelaeae,rCLR,Gordonibacter pamelaeae,0.001730675504144929,-0.0006596751779471993,68
All,RandomForest,HanniganGD_2017,0.498015873015873,rCLR_Streptococcus parasanguinis,rCLR,Streptococcus parasanguinis,0.0017067198961136809,-0.0003515147631665476,69
All,RandomForest,HanniganGD_2017,0.498015873015873,rCLR_Blautia wexlerae,rCLR,Blautia wexlerae,0.0016828655788118955,-0.0012007133946828248,70
All,RandomForest,HanniganGD_2017,0.498015873015873,PA_Parabacteroides distasonis,PA,Parabacteroides distasonis,0.0016107104503404952,-0.001417534077236945,71
All,RandomForest,HanniganGD_2017,0.498015873015873,PA_Anaerotignum lactatifermentans,PA,Anaerotignum lactatifermentans,0.0016085746313416439,-0.00023553305372747652,72
All,RandomForest,HanniganGD_2017,0.498015873015873,rCLR_Anaerobutyricum hallii,rCLR,Anaerobutyricum hallii,0.0015919964408089738,0.0010043351038809712,73
All,RandomForest,HanniganGD_2017,0.498015873015873,rCLR_Megamonas funiformis,rCLR,Megamonas funiformis,0.001546201087830935,-0.0013636223522006845,74
All,RandomForest,HanniganGD_2017,0.498015873015873,rCLR_Bacteroides salyersiae,rCLR,Bacteroides salyersiae,0.0015272696584991362,-0.0015108006926699755,75
All,RandomForest,HanniganGD_2017,0.498015873015873,PA_Flavonifractor plautii,PA,Flavonifractor plautii,0.0015134822134647001,-0.0013904672421755464,76
All,RandomForest,HanniganGD_2017,0.498015873015873,rCLR_Slackia isoflavoniconvertens,rCLR,Slackia isoflavoniconvertens,0.0014702259269171146,-0.0011357764509724948,77
All,RandomForest,HanniganGD_2017,0.498015873015873,PA_Lachnospira eligens,PA,Lachnospira eligens,0.001463532117340229,0.0011604018334330983,78
All,RandomForest,HanniganGD_2017,0.498015873015873,rCLR_Bacteroides cellulosilyticus,rCLR,Bacteroides cellulosilyticus,0.0014552795716794725,-0.0014018642572227508,79
All,RandomForest,HanniganGD_2017,0.498015873015873,rCLR_Bacteroides stercoris,rCLR,Bacteroides stercoris,0.0014193476974835887,-0.0002184148112456487,80
All,RandomForest,HanniganGD_2017,0.498015873015873,rCLR_Alistipes inops,rCLR,Alistipes inops,0.0014080336703378325,0.0013535792819537548,81
All,RandomForest,HanniganGD_2017,0.498015873015873,rCLR_Lawsonibacter asaccharolyticus,rCLR,Lawsonibacter asaccharolyticus,0.0013933504975958053,-0.0012407026423433402,82
All,RandomForest,HanniganGD_2017,0.498015873015873,rCLR_Eubacterium ramulus,rCLR,Eubacterium ramulus,0.0013614677746832194,-0.0005336679775180369,83
All,RandomForest,HanniganGD_2017,0.498015873015873,rCLR_Erysipelatoclostridium ramosum,rCLR,Erysipelatoclostridium ramosum,0.0013561948833067496,-0.0006978182986246777,84
All,RandomForest,HanniganGD_2017,0.498015873015873,rCLR_Paraprevotella xylaniphila,rCLR,Paraprevotella xylaniphila,0.0013266981334039076,7.724903810197308e-05,85
All,RandomForest,HanniganGD_2017,0.498015873015873,PA_Phocaeicola plebeius,PA,Phocaeicola plebeius,0.0013077945448966232,-0.0010226195040648595,86
All,RandomForest,HanniganGD_2017,0.498015873015873,rCLR_[Eubacterium] siraeum,rCLR,[Eubacterium] siraeum,0.0012949206683674757,-0.0010395435654572177,87
All,RandomForest,HanniganGD_2017,0.498015873015873,rCLR_Oscillibacter sp. CAG:241,rCLR,Oscillibacter sp. CAG:241,0.0012564791045770168,-0.0008305407344018582,88
All,RandomForest,HanniganGD_2017,0.498015873015873,PA_Adlercreutzia equolifaciens_1,PA,Adlercreutzia equolifaciens_1,0.0012383365310131445,-0.0003657492177199956,89
All,RandomForest,HanniganGD_2017,0.498015873015873,rCLR_Eggerthella lenta,rCLR,Eggerthella lenta,0.0012122010328297923,-0.00044265858294884964,90
All,RandomForest,HanniganGD_2017,0.498015873015873,rCLR_Phascolarctobacterium faecium,rCLR,Phascolarctobacterium faecium,0.001170424305842191,0.0010066656581113013,91
All,RandomForest,HanniganGD_2017,0.498015873015873,PA_Bifidobacterium adolescentis,PA,Bifidobacterium adolescentis,0.0011607222296749862,0.0005898072288559554,92
All,RandomForest,HanniganGD_2017,0.498015873015873,rCLR_[Eubacterium] rectale,rCLR,[Eubacterium] rectale,0.0011497576697167735,0.0004127718589147811,93
All,RandomForest,HanniganGD_2017,0.498015873015873,rCLR_Barnesiella intestinihominis,rCLR,Barnesiella intestinihominis,0.0011405904529868875,0.000785580574070338,94
All,RandomForest,HanniganGD_2017,0.498015873015873,rCLR_Klebsiella variicola,rCLR,Klebsiella variicola,0.0011367138629645522,-0.000851811540053331,95
All,RandomForest,HanniganGD_2017,0.498015873015873,rCLR_Klebsiella pneumoniae,rCLR,Klebsiella pneumoniae,0.001134442787524325,-0.0008174778322454303,96
All,RandomForest,HanniganGD_2017,0.498015873015873,rCLR_Adlercreutzia equolifaciens_1,rCLR,Adlercreutzia equolifaciens_1,0.0011035474878370258,6.24073379843779e-05,97
All,RandomForest,HanniganGD_2017,0.498015873015873,rCLR_Streptococcus thermophilus,rCLR,Streptococcus thermophilus,0.001089022570126429,-0.0003462843058786883,98
All,RandomForest,HanniganGD_2017,0.498015873015873,rCLR_Acidaminococcus intestini,rCLR,Acidaminococcus intestini,0.0010614133680532435,-0.0009816478136655629,99
All,RandomForest,HanniganGD_2017,0.498015873015873,rCLR_Ruminococcus bromii,rCLR,Ruminococcus bromii,0.0010424653932907418,0.00012636054088605006,100
All,RandomForest,HanniganGD_2017,0.498015873015873,PA_Bacteroides fragilis,PA,Bacteroides fragilis,0.0010325767647128537,-0.0007778992766032406,101
All,RandomForest,HanniganGD_2017,0.498015873015873,rCLR_Ruminococcus bicirculans,rCLR,Ruminococcus bicirculans,0.001018368142271277,0.00039622395075520576,102
All,RandomForest,HanniganGD_2017,0.498015873015873,rCLR_[Ruminococcus] gnavus,rCLR,[Ruminococcus] gnavus,0.000995960889591869,3.1650477409964734e-05,103
All,RandomForest,HanniganGD_2017,0.498015873015873,rCLR_Bifidobacterium bifidum,rCLR,Bifidobacterium bifidum,0.0009813686428590677,0.00017948745814345103,104
All,RandomForest,HanniganGD_2017,0.498015873015873,PA_Bacteroides stercoris,PA,Bacteroides stercoris,0.0009658589808522591,-0.000753194043523721,105
All,RandomForest,HanniganGD_2017,0.498015873015873,rCLR_[Ruminococcus] lactaris,rCLR,[Ruminococcus] lactaris,0.0009601737239434383,-0.00047294419057703705,106
All,RandomForest,HanniganGD_2017,0.498015873015873,PA_Eubacterium sp. CAG:38,PA,Eubacterium sp. CAG:38,0.000952435120735729,0.000873520584073082,107
All,RandomForest,HanniganGD_2017,0.498015873015873,rCLR_Eubacterium sp. CAG:38,rCLR,Eubacterium sp. CAG:38,0.0009454760933716523,0.0009310067809740939,108
All,RandomForest,HanniganGD_2017,0.498015873015873,PA_Methanobrevibacter smithii,PA,Methanobrevibacter smithii,0.0009289548789139537,6.417679370054569e-05,109
All,RandomForest,HanniganGD_2017,0.498015873015873,PA_Firmicutes bacterium CAG:110,PA,Firmicutes bacterium CAG:110,0.0009089790490442507,0.0005748473048399666,110
All,RandomForest,HanniganGD_2017,0.498015873015873,rCLR_Phocaeicola massiliensis,rCLR,Phocaeicola massiliensis,0.0008981154746762051,0.0007443996974815569,111
All,RandomForest,HanniganGD_2017,0.498015873015873,PA_Bacteroides thetaiotaomicron,PA,Bacteroides thetaiotaomicron,0.0008926112757551473,-0.0008355886346740586,112
All,RandomForest,HanniganGD_2017,0.498015873015873,PA_Collinsella aerofaciens,PA,Collinsella aerofaciens,0.000885944065692597,-0.00020413013845880146,113
All,RandomForest,HanniganGD_2017,0.498015873015873,rCLR_Oscillibacter sp. 57_20,rCLR,Oscillibacter sp. 57_20,0.0008732933119044148,-0.0002765988397478254,114
All,RandomForest,HanniganGD_2017,0.498015873015873,rCLR_Adlercreutzia equolifaciens,rCLR,Adlercreutzia equolifaciens,0.0008514479817771452,-0.00023924278338709757,115
All,RandomForest,HanniganGD_2017,0.498015873015873,rCLR_Phascolarctobacterium succinatutens,rCLR,Phascolarctobacterium succinatutens,0.0008335855568512752,-0.00038923004808482465,116
All,RandomForest,HanniganGD_2017,0.498015873015873,rCLR_Roseburia inulinivorans,rCLR,Roseburia inulinivorans,0.0008150769139298905,-2.900568471715892e-05,117
All,RandomForest,HanniganGD_2017,0.498015873015873,rCLR_Phocaeicola dorei,rCLR,Phocaeicola dorei,0.0007917160980257593,-0.0002374574625479982,118
All,RandomForest,HanniganGD_2017,0.498015873015873,PA_Eubacterium sp. CAG:251,PA,Eubacterium sp. CAG:251,0.0007883442521521157,0.0003378942337867634,119
All,RandomForest,HanniganGD_2017,0.498015873015873,PA_Anaerobutyricum hallii,PA,Anaerobutyricum hallii,0.0007852044422159467,-1.2082438702958135e-05,120
All,RandomForest,HanniganGD_2017,0.498015873015873,rCLR_Dialister invisus,rCLR,Dialister invisus,0.0007671983950559273,0.0005719970587644514,121
All,RandomForest,HanniganGD_2017,0.498015873015873,rCLR_Bacteroides finegoldii,rCLR,Bacteroides finegoldii,0.0007466962842183556,2.6092022065263225e-05,122
All,RandomForest,HanniganGD_2017,0.498015873015873,PA_Roseburia inulinivorans,PA,Roseburia inulinivorans,0.0007465947268619786,0.0005142689239400633,123
All,RandomForest,HanniganGD_2017,0.498015873015873,rCLR_Bacteroides intestinalis,rCLR,Bacteroides intestinalis,0.0007375853409662035,-0.0004500708727089461,124
All,RandomForest,HanniganGD_2017,0.498015873015873,PA_Akkermansia muciniphila,PA,Akkermansia muciniphila,0.0007335510850303982,0.00021853388238780595,125
All,RandomForest,HanniganGD_2017,0.498015873015873,PA_Holdemanella biformis,PA,Holdemanella biformis,0.0007165181566238379,-0.00014849443889854288,126
All,RandomForest,HanniganGD_2017,0.498015873015873,rCLR_Phocaeicola plebeius,rCLR,Phocaeicola plebeius,0.0007086815606311886,-0.00038654101504027324,127
All,RandomForest,HanniganGD_2017,0.498015873015873,rCLR_Veillonella atypica,rCLR,Veillonella atypica,0.0007024573983158631,-0.0006235897697123883,128
All,RandomForest,HanniganGD_2017,0.498015873015873,rCLR_Streptococcus salivarius,rCLR,Streptococcus salivarius,0.0006965890727534505,6.976010430515011e-05,129
All,RandomForest,HanniganGD_2017,0.498015873015873,rCLR_Firmicutes bacterium CAG:145,rCLR,Firmicutes bacterium CAG:145,0.0006827426884715488,-0.00012196807445277257,130
All,RandomForest,HanniganGD_2017,0.498015873015873,PA_Streptococcus thermophilus,PA,Streptococcus thermophilus,0.0006811684846358964,7.721057238469892e-05,131
All,RandomForest,HanniganGD_2017,0.498015873015873,rCLR_Intestinibacter bartlettii,rCLR,Intestinibacter bartlettii,0.0006672444454972338,-0.00037646320954107563,132
All,RandomForest,HanniganGD_2017,0.498015873015873,PA_Eubacterium sp. CAG:180,PA,Eubacterium sp. CAG:180,0.0006569464588726265,-0.0004234309877016266,133
All,RandomForest,HanniganGD_2017,0.498015873015873,PA_Alistipes shahii,PA,Alistipes shahii,0.0006229631092148201,-0.0004984574925952839,134
All,RandomForest,HanniganGD_2017,0.498015873015873,PA_Ruthenibacterium lactatiformans,PA,Ruthenibacterium lactatiformans,0.0005948505603719436,-0.0003739431984127627,135
All,RandomForest,HanniganGD_2017,0.498015873015873,PA_Bifidobacterium bifidum,PA,Bifidobacterium bifidum,0.0005924200962643808,0.00028657870572095146,136
All,RandomForest,HanniganGD_2017,0.498015873015873,PA_Parabacteroides merdae,PA,Parabacteroides merdae,0.0005916569343119611,-0.00046921460488787115,137
All,RandomForest,HanniganGD_2017,0.498015873015873,Gender,covariate,Gender,0.0005853845487897177,-0.00013769979960131018,138
All,RandomForest,HanniganGD_2017,0.498015873015873,PA_Bacteroides xylanisolvens,PA,Bacteroides xylanisolvens,0.0005851438033904042,-0.0005439122257648845,139
All,RandomForest,HanniganGD_2017,0.498015873015873,rCLR_Bacteroides ovatus,rCLR,Bacteroides ovatus,0.0005805102716837225,6.923382455299114e-05,140
All,RandomForest,HanniganGD_2017,0.498015873015873,rCLR_Firmicutes bacterium CAG:110,rCLR,Firmicutes bacterium CAG:110,0.0005802833631069487,0.0001852266379649499,141
All,RandomForest,HanniganGD_2017,0.498015873015873,rCLR_Prevotella copri,rCLR,Prevotella copri,0.0005791710189418226,-0.00033720095103751844,142
All,RandomForest,HanniganGD_2017,0.498015873015873,PA_Bacteroides cellulosilyticus,PA,Bacteroides cellulosilyticus,0.0005558608118487929,-0.0002878977022675785,143
All,RandomForest,HanniganGD_2017,0.498015873015873,PA_Roseburia hominis,PA,Roseburia hominis,0.0005401276323376034,0.0003266305992819926,144
All,RandomForest,HanniganGD_2017,0.498015873015873,PA_[Ruminococcus] lactaris,PA,[Ruminococcus] lactaris,0.0005118208711872815,0.00024189584996997448,145
All,RandomForest,HanniganGD_2017,0.498015873015873,PA_Ruminococcus bromii,PA,Ruminococcus bromii,0.0004858164089016411,9.169704665478279e-05,146
All,RandomForest,HanniganGD_2017,0.498015873015873,PA_Phocaeicola vulgatus,PA,Phocaeicola vulgatus,0.00048281691573185765,0.00022847367146883621,147
All,RandomForest,HanniganGD_2017,0.498015873015873,rCLR_Alistipes shahii,rCLR,Alistipes shahii,0.0004814536703396415,0.0002161086842149144,148
All,RandomForest,HanniganGD_2017,0.498015873015873,PA_Blautia sp. CAG:257,PA,Blautia sp. CAG:257,0.00048096002578295146,-5.6487235338692615e-05,149
All,RandomForest,HanniganGD_2017,0.498015873015873,PA_Bifidobacterium pseudocatenulatum,PA,Bifidobacterium pseudocatenulatum,0.000475736279197815,0.00013021947010515253,150
All,RandomForest,HanniganGD_2017,0.498015873015873,PA_Butyricimonas virosa,PA,Butyricimonas virosa,0.00046682136286672855,-0.0004358551380133827,151
All,RandomForest,HanniganGD_2017,0.498015873015873,PA_Proteobacteria bacterium CAG:139,PA,Proteobacteria bacterium CAG:139,0.0004527093557939804,0.00032221225583555055,152
All,RandomForest,HanniganGD_2017,0.498015873015873,PA_Dorea formicigenerans,PA,Dorea formicigenerans,0.0004507688077064848,-4.405486832531906e-05,153
All,RandomForest,HanniganGD_2017,0.498015873015873,PA_Bifidobacterium longum,PA,Bifidobacterium longum,0.00043227004296651084,0.000212480644300378,154
All,RandomForest,HanniganGD_2017,0.498015873015873,PA_Fusicatenibacter saccharivorans,PA,Fusicatenibacter saccharivorans,0.0004307966794397871,-1.6933643524799894e-05,155
All,RandomForest,HanniganGD_2017,0.498015873015873,PA_Phocaeicola dorei,PA,Phocaeicola dorei,0.0004300036904323029,0.00026798774356111873,156
All,RandomForest,HanniganGD_2017,0.498015873015873,PA_Firmicutes bacterium CAG:83,PA,Firmicutes bacterium CAG:83,0.0004295068563184002,0.00021226033825767247,157
All,RandomForest,HanniganGD_2017,0.498015873015873,PA_Eubacterium ventriosum,PA,Eubacterium ventriosum,0.00041814442158418245,0.0002447108602155241,158
All,RandomForest,HanniganGD_2017,0.498015873015873,PA_Agathobaculum butyriciproducens,PA,Agathobaculum butyriciproducens,0.00041241476017093146,-0.00021949706641470393,159
All,RandomForest,HanniganGD_2017,0.498015873015873,PA_Veillonella parvula,PA,Veillonella parvula,0.000392737602685736,-0.0003537443129072845,160
All,RandomForest,HanniganGD_2017,0.498015873015873,PA_Alistipes putredinis,PA,Alistipes putredinis,0.0003896891475526642,-0.0002125929184041121,161
All,RandomForest,HanniganGD_2017,0.498015873015873,PA_Bacteroides salyersiae,PA,Bacteroides salyersiae,0.00038565035873762405,-0.00038565035873762405,162
All,RandomForest,HanniganGD_2017,0.498015873015873,PA_Megamonas funiformis,PA,Megamonas funiformis,0.0003754215393825245,-0.0003133528911395819,163
All,RandomForest,HanniganGD_2017,0.498015873015873,PA_Prevotella copri,PA,Prevotella copri,0.00035785802268763987,-0.0003472567298444706,164
All,RandomForest,HanniganGD_2017,0.498015873015873,PA_Bacteroides sp. CAG:144,PA,Bacteroides sp. CAG:144,0.0003399347727712565,-0.0003393423082375795,165
All,RandomForest,HanniganGD_2017,0.498015873015873,PA_Adlercreutzia equolifaciens,PA,Adlercreutzia equolifaciens,0.0003358374826756513,-1.1895931592509956e-06,166
All,RandomForest,HanniganGD_2017,0.498015873015873,PA_Phascolarctobacterium succinatutens,PA,Phascolarctobacterium succinatutens,0.0003354815616043777,-0.0002821339690127877,167
All,RandomForest,HanniganGD_2017,0.498015873015873,PA_Clostridium sp. CAG:58,PA,Clostridium sp. CAG:58,0.0003094734539586429,-0.00022239652334991378,168
All,RandomForest,HanniganGD_2017,0.498015873015873,PA_Firmicutes bacterium CAG:145,PA,Firmicutes bacterium CAG:145,0.00030151746758986,-0.00013202064783253396,169
All,RandomForest,HanniganGD_2017,0.498015873015873,PA_Bacteroides intestinalis,PA,Bacteroides intestinalis,0.000298394086609268,0.00015602817345455796,170
All,RandomForest,HanniganGD_2017,0.498015873015873,PA_Parasutterella excrementihominis,PA,Parasutterella excrementihominis,0.00029548442652288135,0.00014945686260605794,171
All,RandomForest,HanniganGD_2017,0.498015873015873,PA_Streptococcus parasanguinis,PA,Streptococcus parasanguinis,0.0002898610524238621,-0.00012233773138791833,172
All,RandomForest,HanniganGD_2017,0.498015873015873,PA_Oscillibacter sp. 57_20,PA,Oscillibacter sp. 57_20,0.00028839776933067433,0.00020799251792404542,173
All,RandomForest,HanniganGD_2017,0.498015873015873,PA_Gemmiger formicilis,PA,Gemmiger formicilis,0.00028590379589380323,0.0001685170713729747,174
All,RandomForest,HanniganGD_2017,0.498015873015873,PA_Phocaeicola massiliensis,PA,Phocaeicola massiliensis,0.0002842997521041111,0.00019427700599416341,175
All,RandomForest,HanniganGD_2017,0.498015873015873,PA_Barnesiella intestinihominis,PA,Barnesiella intestinihominis,0.00026105561834951813,-0.00019858851163443502,176
All,RandomForest,HanniganGD_2017,0.498015873015873,PA_Bacteroides ovatus,PA,Bacteroides ovatus,0.00025704293268193594,-3.2348575469517805e-05,177
All,RandomForest,HanniganGD_2017,0.498015873015873,PA_Dorea longicatena,PA,Dorea longicatena,0.00025128923291951947,-0.00017239489436968376,178
All,RandomForest,HanniganGD_2017,0.498015873015873,PA_Odoribacter splanchnicus,PA,Odoribacter splanchnicus,0.0002485713582001805,2.734611822492218e-06,179
All,RandomForest,HanniganGD_2017,0.498015873015873,PA_Coprococcus catus,PA,Coprococcus catus,0.0002471133080860086,-4.413313897967517e-05,180
All,RandomForest,HanniganGD_2017,0.498015873015873,PA_Bacteroides uniformis,PA,Bacteroides uniformis,0.00024553698980836827,2.6616386606401888e-05,181
All,RandomForest,HanniganGD_2017,0.498015873015873,PA_Intestinibacter bartlettii,PA,Intestinibacter bartlettii,0.00022767054682432393,-1.675399295572857e-06,182
All,RandomForest,HanniganGD_2017,0.498015873015873,PA_Slackia isoflavoniconvertens,PA,Slackia isoflavoniconvertens,0.00022465419316708432,-0.00016635639533873223,183
All,RandomForest,HanniganGD_2017,0.498015873015873,PA_Oscillibacter sp. CAG:241,PA,Oscillibacter sp. CAG:241,0.00021779850799778544,-6.798519918039466e-05,184
All,RandomForest,HanniganGD_2017,0.498015873015873,PA_Lachnospira pectinoschiza,PA,Lachnospira pectinoschiza,0.00021257212369810618,9.46624437551598e-05,185
All,RandomForest,HanniganGD_2017,0.498015873015873,PA_Phascolarctobacterium faecium,PA,Phascolarctobacterium faecium,0.00020693393199035383,-4.5495233240918086e-05,186
All,RandomForest,HanniganGD_2017,0.498015873015873,PA_Blautia obeum,PA,Blautia obeum,0.00020209157473131468,4.936770632151713e-06,187
All,RandomForest,HanniganGD_2017,0.498015873015873,PA_Bacteroides eggerthii,PA,Bacteroides eggerthii,0.00020082658334928715,-9.829029805527147e-05,188
All,RandomForest,HanniganGD_2017,0.498015873015873,PA_Lawsonibacter asaccharolyticus,PA,Lawsonibacter asaccharolyticus,0.00019900010468408734,-4.654614714736315e-05,189
All,RandomForest,HanniganGD_2017,0.498015873015873,PA_Erysipelatoclostridium ramosum,PA,Erysipelatoclostridium ramosum,0.00019781495074125145,-3.897032675167443e-05,190
All,RandomForest,HanniganGD_2017,0.498015873015873,PA_[Eubacterium] siraeum,PA,[Eubacterium] siraeum,0.00018795987578318395,-1.7225387715730044e-05,191
All,RandomForest,HanniganGD_2017,0.498015873015873,PA_Bacteroides finegoldii,PA,Bacteroides finegoldii,0.00018666905081014798,-5.807009731855816e-05,192
All,RandomForest,HanniganGD_2017,0.498015873015873,PA_Alistipes finegoldii,PA,Alistipes finegoldii,0.0001848230671067481,-0.00013001848929544222,193
All,RandomForest,HanniganGD_2017,0.498015873015873,PA_[Eubacterium] rectale,PA,[Eubacterium] rectale,0.00017925360767028485,2.7141758541246473e-06,194
All,RandomForest,HanniganGD_2017,0.498015873015873,PA_Eubacterium ramulus,PA,Eubacterium ramulus,0.00017389821747320881,9.772741438312355e-05,195
All,RandomForest,HanniganGD_2017,0.498015873015873,PA_Phocaeicola coprocola,PA,Phocaeicola coprocola,0.00017014672822918605,-0.00012893937748685013,196
All,RandomForest,HanniganGD_2017,0.498015873015873,PA_Eggerthella lenta,PA,Eggerthella lenta,0.000169289578796664,-3.9975845809940874e-05,197
All,RandomForest,HanniganGD_2017,0.498015873015873,PA_Eubacterium sp. CAG:274,PA,Eubacterium sp. CAG:274,0.0001585137176997341,0.00013555055913202384,198
All,RandomForest,HanniganGD_2017,0.498015873015873,PA_Blautia wexlerae,PA,Blautia wexlerae,0.00015794100042261253,-8.031691904870505e-05,199
All,RandomForest,HanniganGD_2017,0.498015873015873,PA_Acidaminococcus intestini,PA,Acidaminococcus intestini,0.0001503410592329639,-0.00013601623159414193,200
All,RandomForest,HanniganGD_2017,0.498015873015873,PA_Alistipes inops,PA,Alistipes inops,0.0001400460588472911,-1.7987649124128316e-05,201
All,RandomForest,HanniganGD_2017,0.498015873015873,PA_[Ruminococcus] gnavus,PA,[Ruminococcus] gnavus,0.00013766475859570764,-5.187119759255474e-05,202
All,RandomForest,HanniganGD_2017,0.498015873015873,PA_Coprococcus eutactus,PA,Coprococcus eutactus,0.00013596661521744066,9.37182971367777e-05,203
All,RandomForest,HanniganGD_2017,0.498015873015873,PA_Coprococcus comes,PA,Coprococcus comes,0.00013226546743681068,2.347100215352064e-06,204
All,RandomForest,HanniganGD_2017,0.498015873015873,PA_Klebsiella variicola,PA,Klebsiella variicola,0.0001313598234010943,-8.110184167707247e-05,205
All,RandomForest,HanniganGD_2017,0.498015873015873,PA_Dialister invisus,PA,Dialister invisus,0.00013002753605082586,2.0408604478355986e-05,206
All,RandomForest,HanniganGD_2017,0.498015873015873,PA_Gordonibacter pamelaeae,PA,Gordonibacter pamelaeae,0.00011489228407089097,-3.444864154115173e-05,207
All,RandomForest,HanniganGD_2017,0.498015873015873,PA_Coprobacter fastidiosus,PA,Coprobacter fastidiosus,0.00011276235744386985,9.429844438913944e-05,208
All,RandomForest,HanniganGD_2017,0.498015873015873,PA_[Ruminococcus] torques,PA,[Ruminococcus] torques,0.00011133597664064958,-3.0375125681853047e-05,209
All,RandomForest,HanniganGD_2017,0.498015873015873,PA_Anaerostipes hadrus,PA,Anaerostipes hadrus,0.00010653771118245235,-7.761645734733303e-05,210
All,RandomForest,HanniganGD_2017,0.498015873015873,PA_Faecalibacterium prausnitzii,PA,Faecalibacterium prausnitzii,0.00010513090257900798,-2.7829109805000942e-05,211
All,RandomForest,HanniganGD_2017,0.498015873015873,PA_Veillonella atypica,PA,Veillonella atypica,0.00010018726937950965,9.634182475971353e-05,212
All,RandomForest,HanniganGD_2017,0.498015873015873,PA_Klebsiella pneumoniae,PA,Klebsiella pneumoniae,9.683830679433775e-05,-2.77621709825478e-05,213
All,RandomForest,HanniganGD_2017,0.498015873015873,PA_Paraprevotella xylaniphila,PA,Paraprevotella xylaniphila,6.341195860216377e-05,-1.9917826511235147e-05,214
All,RandomForest,HanniganGD_2017,0.498015873015873,PA_Desulfovibrio piger,PA,Desulfovibrio piger,4.9082257294383406e-05,-1.4827188286078122e-05,215
All,RandomForest,HanniganGD_2017,0.498015873015873,PA_Klebsiella quasipneumoniae,PA,Klebsiella quasipneumoniae,4.0630995586130886e-05,1.742008092397149e-05,216
All,RandomForest,ThomasAM_2018a,0.6982758620689655,rCLR_Ruthenibacterium lactatiformans,rCLR,Ruthenibacterium lactatiformans,0.029215734703673425,0.020715857049125565,1
All,RandomForest,ThomasAM_2018a,0.6982758620689655,PA_Parvimonas micra,PA,Parvimonas micra,0.026737970323143477,-0.017119231506514697,2
All,RandomForest,ThomasAM_2018a,0.6982758620689655,rCLR_Anaerostipes hadrus,rCLR,Anaerostipes hadrus,0.016121973397747468,0.01581224487095191,3
All,RandomForest,ThomasAM_2018a,0.6982758620689655,rCLR_Eubacterium sp. CAG:251,rCLR,Eubacterium sp. CAG:251,0.013505596260704971,0.009342750747407666,4
All,RandomForest,ThomasAM_2018a,0.6982758620689655,rCLR_Alistipes finegoldii,rCLR,Alistipes finegoldii,0.013426214986855997,0.011475769902677874,5
All,RandomForest,ThomasAM_2018a,0.6982758620689655,rCLR_Roseburia intestinalis,rCLR,Roseburia intestinalis,0.012731900914225588,-0.00019721830769178376,6
All,RandomForest,ThomasAM_2018a,0.6982758620689655,rCLR_Eubacterium ventriosum,rCLR,Eubacterium ventriosum,0.011112318951024117,-0.003194586510351144,7
All,RandomForest,ThomasAM_2018a,0.6982758620689655,rCLR_Parvimonas micra,rCLR,Parvimonas micra,0.00995983761217556,-0.005856083478347587,8
All,RandomForest,ThomasAM_2018a,0.6982758620689655,rCLR_Flavonifractor plautii,rCLR,Flavonifractor plautii,0.008915560102210772,0.004841706325655893,9
All,RandomForest,ThomasAM_2018a,0.6982758620689655,rCLR_Clostridium sp. CAG:58,rCLR,Clostridium sp. CAG:58,0.00742872135200223,-0.000464030219650435,10
All,RandomForest,ThomasAM_2018a,0.6982758620689655,rCLR_Veillonella parvula,rCLR,Veillonella parvula,0.006928630716794913,0.005304842401143447,11
All,RandomForest,ThomasAM_2018a,0.6982758620689655,rCLR_Bacteroides caccae,rCLR,Bacteroides caccae,0.006837428999243855,-0.0001967280404197334,12
All,RandomForest,ThomasAM_2018a,0.6982758620689655,Age,covariate,Age,0.006822451334176459,0.006660952161166657,13
All,RandomForest,ThomasAM_2018a,0.6982758620689655,rCLR_Lachnospira eligens,rCLR,Lachnospira eligens,0.006591972725604624,0.0026140813645105453,14
All,RandomForest,ThomasAM_2018a,0.6982758620689655,rCLR_Akkermansia muciniphila,rCLR,Akkermansia muciniphila,0.006514492563772752,0.004402277319080251,15
All,RandomForest,ThomasAM_2018a,0.6982758620689655,rCLR_Parabacteroides distasonis,rCLR,Parabacteroides distasonis,0.006437597371800204,0.002292147582108766,16
All,RandomForest,ThomasAM_2018a,0.6982758620689655,rCLR_Faecalibacterium prausnitzii,rCLR,Faecalibacterium prausnitzii,0.00641242704850271,-0.001422983894980543,17
All,RandomForest,ThomasAM_2018a,0.6982758620689655,rCLR_[Ruminococcus] torques,rCLR,[Ruminococcus] torques,0.006279182777671233,-0.00406584154497625,18
All,RandomForest,ThomasAM_2018a,0.6982758620689655,rCLR_Lachnospira pectinoschiza,rCLR,Lachnospira pectinoschiza,0.006276653513964711,0.004961142091921511,19
All,RandomForest,ThomasAM_2018a,0.6982758620689655,rCLR_Odoribacter splanchnicus,rCLR,Odoribacter splanchnicus,0.005507045786955368,0.001224576000263291,20
All,RandomForest,ThomasAM_2018a,0.6982758620689655,rCLR_Butyricimonas virosa,rCLR,Butyricimonas virosa,0.0053244579184709,-0.0020238367904873494,21
All,RandomForest,ThomasAM_2018a,0.6982758620689655,rCLR_Coprococcus comes,rCLR,Coprococcus comes,0.005281716919067207,0.0043918329044313155,22
All,RandomForest,ThomasAM_2018a,0.6982758620689655,rCLR_Dorea formicigenerans,rCLR,Dorea formicigenerans,0.0052260029664253915,-0.00449301630500975,23
All,RandomForest,ThomasAM_2018a,0.6982758620689655,rCLR_Coprococcus eutactus,rCLR,Coprococcus eutactus,0.005013832567761529,0.0027448085444942544,24
All,RandomForest,ThomasAM_2018a,0.6982758620689655,rCLR_Eubacterium sp. CAG:38,rCLR,Eubacterium sp. CAG:38,0.00491286028574545,-0.0018680253626633427,25
All,RandomForest,ThomasAM_2018a,0.6982758620689655,rCLR_Bacteroides fragilis,rCLR,Bacteroides fragilis,0.004751019332957629,0.0004903936986695652,26
All,RandomForest,ThomasAM_2018a,0.6982758620689655,rCLR_Parasutterella excrementihominis,rCLR,Parasutterella excrementihominis,0.004672471092899211,-0.0021956500497547753,27
All,RandomForest,ThomasAM_2018a,0.6982758620689655,rCLR_Alistipes putredinis,rCLR,Alistipes putredinis,0.00431598734360192,0.0035869539197819537,28
All,RandomForest,ThomasAM_2018a,0.6982758620689655,rCLR_Bacteroides thetaiotaomicron,rCLR,Bacteroides thetaiotaomicron,0.0041102428686537905,-0.0024557592616363507,29
All,RandomForest,ThomasAM_2018a,0.6982758620689655,PA_Streptococcus salivarius,PA,Streptococcus salivarius,0.0038751716094707427,0.003484718439829638,30
All,RandomForest,ThomasAM_2018a,0.6982758620689655,rCLR_Fusicatenibacter saccharivorans,rCLR,Fusicatenibacter saccharivorans,0.0038601197176032923,0.0008511910696137747,31
All,RandomForest,ThomasAM_2018a,0.6982758620689655,rCLR_Roseburia faecis,rCLR,Roseburia faecis,0.0035289606409230714,0.0018406997513492004,32
All,RandomForest,ThomasAM_2018a,0.6982758620689655,rCLR_Collinsella aerofaciens,rCLR,Collinsella aerofaciens,0.0034845941990083113,-0.0015132548399227354,33
All,RandomForest,ThomasAM_2018a,0.6982758620689655,rCLR_Parabacteroides merdae,rCLR,Parabacteroides merdae,0.0033113192875650907,0.001422371809884038,34
All,RandomForest,ThomasAM_2018a,0.6982758620689655,rCLR_Paraprevotella xylaniphila,rCLR,Paraprevotella xylaniphila,0.00303415865380996,-0.0012051028441750077,35
All,RandomForest,ThomasAM_2018a,0.6982758620689655,rCLR_Klebsiella quasipneumoniae,rCLR,Klebsiella quasipneumoniae,0.0030310926745024196,0.002129654572578752,36
All,RandomForest,ThomasAM_2018a,0.6982758620689655,rCLR_Coprobacter fastidiosus,rCLR,Coprobacter fastidiosus,0.002982074754897172,-0.0026570107539637807,37
All,RandomForest,ThomasAM_2018a,0.6982758620689655,rCLR_Bifidobacterium longum,rCLR,Bifidobacterium longum,0.0027919452096086075,0.0005927812489091363,38
All,RandomForest,ThomasAM_2018a,0.6982758620689655,rCLR_Desulfovibrio piger,rCLR,Desulfovibrio piger,0.002752901100559639,-0.0006430548592587017,39
All,RandomForest,ThomasAM_2018a,0.6982758620689655,rCLR_Roseburia hominis,rCLR,Roseburia hominis,0.0027218304171125396,0.0006591406023042352,40
All,RandomForest,ThomasAM_2018a,0.6982758620689655,rCLR_Proteobacteria bacterium CAG:139,rCLR,Proteobacteria bacterium CAG:139,0.0026193039096916193,-0.0011772037618506008,41
All,RandomForest,ThomasAM_2018a,0.6982758620689655,rCLR_Bacteroides xylanisolvens,rCLR,Bacteroides xylanisolvens,0.002584266382635602,0.0003532690124334508,42
All,RandomForest,ThomasAM_2018a,0.6982758620689655,rCLR_Eubacterium sp. CAG:180,rCLR,Eubacterium sp. CAG:180,0.002550634488467171,-0.001887530131361097,43
All,RandomForest,ThomasAM_2018a,0.6982758620689655,rCLR_Agathobaculum butyriciproducens,rCLR,Agathobaculum butyriciproducens,0.002462164188964005,0.00030163037077100835,44
All,RandomForest,ThomasAM_2018a,0.6982758620689655,rCLR_Streptococcus thermophilus,rCLR,Streptococcus thermophilus,0.002429466019214101,0.0017017292233053344,45
All,RandomForest,ThomasAM_2018a,0.6982758620689655,rCLR_Barnesiella intestinihominis,rCLR,Barnesiella intestinihominis,0.002350297013248974,0.0010153087704803726,46
All,RandomForest,ThomasAM_2018a,0.6982758620689655,rCLR_Oscillibacter sp. CAG:241,rCLR,Oscillibacter sp. CAG:241,0.0021625604683679295,0.0009842808942046022,47
All,RandomForest,ThomasAM_2018a,0.6982758620689655,rCLR_Bacteroides cellulosilyticus,rCLR,Bacteroides cellulosilyticus,0.0020587405835676307,-0.0007825175915649973,48
All,RandomForest,ThomasAM_2018a,0.6982758620689655,rCLR_Coprococcus catus,rCLR,Coprococcus catus,0.0020427874414410876,-0.00047737289478547363,49
All,RandomForest,ThomasAM_2018a,0.6982758620689655,rCLR_Escherichia coli,rCLR,Escherichia coli,0.0020300567592809195,0.0010230911759029333,50
All,RandomForest,ThomasAM_2018a,0.6982758620689655,rCLR_Phascolarctobacterium faecium,rCLR,Phascolarctobacterium faecium,0.002022812033448545,0.0015689045568202562,51
All,RandomForest,ThomasAM_2018a,0.6982758620689655,rCLR_Slackia isoflavoniconvertens,rCLR,Slackia isoflavoniconvertens,0.0019546904018824486,-0.0009510298265520299,52
All,RandomForest,ThomasAM_2018a,0.6982758620689655,rCLR_Erysipelatoclostridium ramosum,rCLR,Erysipelatoclostridium ramosum,0.001928521951606931,-0.001926754635776746,53
All,RandomForest,ThomasAM_2018a,0.6982758620689655,rCLR_[Eubacterium] siraeum,rCLR,[Eubacterium] siraeum,0.0018353222067351324,-0.0005207950488058305,54
All,RandomForest,ThomasAM_2018a,0.6982758620689655,rCLR_Firmicutes bacterium CAG:110,rCLR,Firmicutes bacterium CAG:110,0.0017215607381139183,-0.0012889043726883303,55
All,RandomForest,ThomasAM_2018a,0.6982758620689655,rCLR_Bacteroides sp. CAG:144,rCLR,Bacteroides sp. CAG:144,0.0017051402786463462,-0.0012496703497754961,56
All,RandomForest,ThomasAM_2018a,0.6982758620689655,rCLR_Bifidobacterium pseudocatenulatum,rCLR,Bifidobacterium pseudocatenulatum,0.0016987474960361557,0.0009700524161837772,57
All,RandomForest,ThomasAM_2018a,0.6982758620689655,rCLR_Bifidobacterium bifidum,rCLR,Bifidobacterium bifidum,0.0016836027223040982,-0.0003661726457155623,58
All,RandomForest,ThomasAM_2018a,0.6982758620689655,rCLR_Blautia obeum,rCLR,Blautia obeum,0.0016536513962822832,-0.001133963328540907,59
All,RandomForest,ThomasAM_2018a,0.6982758620689655,PA_Roseburia intestinalis,PA,Roseburia intestinalis,0.0016441662897115007,0.00039638690103125805,60
All,RandomForest,ThomasAM_2018a,0.6982758620689655,rCLR_Bifidobacterium adolescentis,rCLR,Bifidobacterium adolescentis,0.0016223326303303077,0.000419667119903387,61
All,RandomForest,ThomasAM_2018a,0.6982758620689655,rCLR_Gemmiger formicilis,rCLR,Gemmiger formicilis,0.0016136066603348047,-0.00047577026527952565,62
All,RandomForest,ThomasAM_2018a,0.6982758620689655,PA_Collinsella aerofaciens,PA,Collinsella aerofaciens,0.0015958956386895994,-0.0005262244560210334,63
All,RandomForest,ThomasAM_2018a,0.6982758620689655,PA_Lachnospira eligens,PA,Lachnospira eligens,0.00157422675990833,7.229398862068229e-05,64
All,RandomForest,ThomasAM_2018a,0.6982758620689655,rCLR_Acidaminococcus intestini,rCLR,Acidaminococcus intestini,0.0015551419240935603,-0.0003485459231529806,65
All,RandomForest,ThomasAM_2018a,0.6982758620689655,rCLR_Phocaeicola vulgatus,rCLR,Phocaeicola vulgatus,0.0015261749117156664,-0.00017267379808519491,66
All,RandomForest,ThomasAM_2018a,0.6982758620689655,rCLR_Gordonibacter pamelaeae,rCLR,Gordonibacter pamelaeae,0.001524863754587095,-3.268044739128418e-05,67
All,RandomForest,ThomasAM_2018a,0.6982758620689655,PA_Bacteroides fragilis,PA,Bacteroides fragilis,0.0015188432587376042,-0.0001704227010266301,68
All,RandomForest,ThomasAM_2018a,0.6982758620689655,rCLR_Eubacterium ramulus,rCLR,Eubacterium ramulus,0.0014966204815218148,0.001007499702854996,69
All,RandomForest,ThomasAM_2018a,0.6982758620689655,rCLR_Phocaeicola coprocola,rCLR,Phocaeicola coprocola,0.0014726003607286888,-0.0009731070931989394,70
All,RandomForest,ThomasAM_2018a,0.6982758620689655,rCLR_Dorea longicatena,rCLR,Dorea longicatena,0.0014334410204961355,-0.0004611954024383265,71
All,RandomForest,ThomasAM_2018a,0.6982758620689655,rCLR_Adlercreutzia equolifaciens_1,rCLR,Adlercreutzia equolifaciens_1,0.001428494309421227,0.00011582994136701619,72
All,RandomForest,ThomasAM_2018a,0.6982758620689655,rCLR_Ruminococcus bicirculans,rCLR,Ruminococcus bicirculans,0.0014079209590970034,0.0005456701948082273,73
All,RandomForest,ThomasAM_2018a,0.6982758620689655,rCLR_Roseburia inulinivorans,rCLR,Roseburia inulinivorans,0.0014042687835184116,0.0004109884300059789,74
All,RandomForest,ThomasAM_2018a,0.6982758620689655,rCLR_Bacteroides salyersiae,rCLR,Bacteroides salyersiae,0.0013768716105239801,-0.0005398323642587259,75
All,RandomForest,ThomasAM_2018a,0.6982758620689655,rCLR_Firmicutes bacterium CAG:83,rCLR,Firmicutes bacterium CAG:83,0.0013642849038211662,0.0004919155288457601,76
All,RandomForest,ThomasAM_2018a,0.6982758620689655,PA_Ruminococcus bicirculans,PA,Ruminococcus bicirculans,0.0013558404581523198,0.0005063598201886281,77
All,RandomForest,ThomasAM_2018a,0.6982758620689655,rCLR_Prevotella copri,rCLR,Prevotella copri,0.0013546379809125644,0.0008414863065852092,78
All,RandomForest,ThomasAM_2018a,0.6982758620689655,rCLR_Adlercreutzia equolifaciens,rCLR,Adlercreutzia equolifaciens,0.001315562108813341,-0.0005992912305914448,79
All,RandomForest,ThomasAM_2018a,0.6982758620689655,rCLR_Eubacterium sp. CAG:274,rCLR,Eubacterium sp. CAG:274,0.0013090294226832185,-0.00012218976584844773,80
All,RandomForest,ThomasAM_2018a,0.6982758620689655,PA_Methanobrevibacter smithii,PA,Methanobrevibacter smithii,0.0013079715366349821,-0.0013079715366349821,81
All,RandomForest,ThomasAM_2018a,0.6982758620689655,rCLR_Bacteroides ovatus,rCLR,Bacteroides ovatus,0.0012801993623995731,0.00032824260413846887,82
All,RandomForest,ThomasAM_2018a,0.6982758620689655,PA_Phocaeicola plebeius,PA,Phocaeicola plebeius,0.0012682862571935457,-0.00046285285888381355,83
All,RandomForest,ThomasAM_2018a,0.6982758620689655,rCLR_Phascolarctobacterium succinatutens,rCLR,Phascolarctobacterium succinatutens,0.0011841581022589054,0.0006175145290569393,84
All,RandomForest,ThomasAM_2018a,0.6982758620689655,rCLR_Alistipes inops,rCLR,Alistipes inops,0.001158858914452184,-0.000670552455581803,85
All,RandomForest,ThomasAM_2018a,0.6982758620689655,rCLR_Enterocloster bolteae,rCLR,Enterocloster bolteae,0.0011401736582190088,-0.00039162452659556146,86
All,RandomForest,ThomasAM_2018a,0.6982758620689655,rCLR_Holdemanella biformis,rCLR,Holdemanella biformis,0.0011355065845569836,-0.0010413109495884445,87
All,RandomForest,ThomasAM_2018a,0.6982758620689655,rCLR_Bacteroides stercoris,rCLR,Bacteroides stercoris,0.0010972632333030223,0.00014992930701642932,88
All,RandomForest,ThomasAM_2018a,0.6982758620689655,PA_Enterocloster bolteae,PA,Enterocloster bolteae,0.001091437552989432,-0.0004089027533888815,89
All,RandomForest,ThomasAM_2018a,0.6982758620689655,rCLR_Bacteroides uniformis,rCLR,Bacteroides uniformis,0.0010903714322746977,0.0004331677231002638,90
All,RandomForest,ThomasAM_2018a,0.6982758620689655,rCLR_Bacteroides intestinalis,rCLR,Bacteroides intestinalis,0.0010870408798755382,0.0005518093446286275,91
All,RandomForest,ThomasAM_2018a,0.6982758620689655,rCLR_Ruminococcus bromii,rCLR,Ruminococcus bromii,0.0010756049026862317,0.00021298116537280245,92
All,RandomForest,ThomasAM_2018a,0.6982758620689655,rCLR_Phocaeicola plebeius,rCLR,Phocaeicola plebeius,0.001057862017422188,-0.000519032179352707,93
All,RandomForest,ThomasAM_2018a,0.6982758620689655,rCLR_Oscillibacter sp. 57_20,rCLR,Oscillibacter sp. 57_20,0.0010561690897279224,-1.2774112626044348e-05,94
All,RandomForest,ThomasAM_2018a,0.6982758620689655,rCLR_Streptococcus salivarius,rCLR,Streptococcus salivarius,0.001032002303710645,0.00041699501326472035,95
All,RandomForest,ThomasAM_2018a,0.6982758620689655,rCLR_Bacteroides finegoldii,rCLR,Bacteroides finegoldii,0.0010277476342575164,0.00013810384667382829,96
All,RandomForest,ThomasAM_2018a,0.6982758620689655,rCLR_[Eubacterium] rectale,rCLR,[Eubacterium] rectale,0.0010078666480015663,0.0006227978088333969,97
All,RandomForest,ThomasAM_2018a,0.6982758620689655,rCLR_Bacteroides eggerthii,rCLR,Bacteroides eggerthii,0.0009847957650459338,8.718099473702208e-05,98
All,RandomForest,ThomasAM_2018a,0.6982758620689655,PA_Eubacterium sp. CAG:180,PA,Eubacterium sp. CAG:180,0.0009781400682255079,-0.00011745920055031532,99
All,RandomForest,ThomasAM_2018a,0.6982758620689655,rCLR_Phocaeicola massiliensis,rCLR,Phocaeicola massiliensis,0.000976127775530889,0.0003433779612341641,100
All,RandomForest,ThomasAM_2018a,0.6982758620689655,rCLR_Alistipes shahii,rCLR,Alistipes shahii,0.0009539617924367949,0.00018246274944082994,101
All,RandomForest,ThomasAM_2018a,0.6982758620689655,rCLR_Phocaeicola dorei,rCLR,Phocaeicola dorei,0.0009230120877374293,4.869523952589703e-06,102
All,RandomForest,ThomasAM_2018a,0.6982758620689655,rCLR_Firmicutes bacterium CAG:145,rCLR,Firmicutes bacterium CAG:145,0.0008902950551666558,-0.0005220927340953038,103
All,RandomForest,ThomasAM_2018a,0.6982758620689655,rCLR_Blautia wexlerae,rCLR,Blautia wexlerae,0.0008873854344288634,1.1896532293363957e-05,104
All,RandomForest,ThomasAM_2018a,0.6982758620689655,rCLR_Blautia sp. CAG:257,rCLR,Blautia sp. CAG:257,0.00088707359723643,-0.0003304521282733453,105
All,RandomForest,ThomasAM_2018a,0.6982758620689655,PA_Butyricimonas virosa,PA,Butyricimonas virosa,0.0008817692872730686,0.00018438867817429386,106
All,RandomForest,ThomasAM_2018a,0.6982758620689655,rCLR_Klebsiella variicola,rCLR,Klebsiella variicola,0.0008793817846346439,-0.0003451872774767209,107
All,RandomForest,ThomasAM_2018a,0.6982758620689655,PA_Parabacteroides merdae,PA,Parabacteroides merdae,0.0008759661808658957,-0.00021157858097175237,108
All,RandomForest,ThomasAM_2018a,0.6982758620689655,PA_Roseburia faecis,PA,Roseburia faecis,0.0008288774237516127,5.369938490456013e-05,109
All,RandomForest,ThomasAM_2018a,0.6982758620689655,rCLR_Lawsonibacter asaccharolyticus,rCLR,Lawsonibacter asaccharolyticus,0.0008279668639763238,-0.00016073101384897433,110
All,RandomForest,ThomasAM_2018a,0.6982758620689655,rCLR_Streptococcus parasanguinis,rCLR,Streptococcus parasanguinis,0.0008279586700825798,3.3597675240015144e-05,111
All,RandomForest,ThomasAM_2018a,0.6982758620689655,rCLR_[Ruminococcus] gnavus,rCLR,[Ruminococcus] gnavus,0.0008273200450426144,-0.0004997301284835488,112
All,RandomForest,ThomasAM_2018a,0.6982758620689655,rCLR_Anaerobutyricum hallii,rCLR,Anaerobutyricum hallii,0.0008159471777526838,0.0003119280980534206,113
All,RandomForest,ThomasAM_2018a,0.6982758620689655,PA_Eubacterium sp. CAG:38,PA,Eubacterium sp. CAG:38,0.0008008248110856347,5.180648032675443e-05,114
All,RandomForest,ThomasAM_2018a,0.6982758620689655,rCLR_[Ruminococcus] lactaris,rCLR,[Ruminococcus] lactaris,0.0007924383388979704,-0.0001126621902253529,115
All,RandomForest,ThomasAM_2018a,0.6982758620689655,PA_Bacteroides cellulosilyticus,PA,Bacteroides cellulosilyticus,0.0007765488058426864,-0.0003801332396724942,116
All,RandomForest,ThomasAM_2018a,0.6982758620689655,rCLR_Megamonas funiformis,rCLR,Megamonas funiformis,0.000773382725948601,-0.000661350726518332,117
All,RandomForest,ThomasAM_2018a,0.6982758620689655,PA_Escherichia coli,PA,Escherichia coli,0.0007729714396773905,0.0004618489947604146,118
All,RandomForest,ThomasAM_2018a,0.6982758620689655,PA_[Ruminococcus] gnavus,PA,[Ruminococcus] gnavus,0.0007707285648062601,-0.0004948510433459892,119
All,RandomForest,ThomasAM_2018a,0.6982758620689655,rCLR_Klebsiella pneumoniae,rCLR,Klebsiella pneumoniae,0.0007661264469107585,0.0005043826702204351,120
All,RandomForest,ThomasAM_2018a,0.6982758620689655,PA_Alistipes shahii,PA,Alistipes shahii,0.0007474105803809159,-0.0001374304194715139,121
All,RandomForest,ThomasAM_2018a,0.6982758620689655,PA_Streptococcus parasanguinis,PA,Streptococcus parasanguinis,0.0007261044299913628,-0.0005888575449885569,122
All,RandomForest,ThomasAM_2018a,0.6982758620689655,rCLR_Eggerthella lenta,rCLR,Eggerthella lenta,0.0007140362076678083,-7.46187308341674e-05,123
All,RandomForest,ThomasAM_2018a,0.6982758620689655,PA_Firmicutes bacterium CAG:110,PA,Firmicutes bacterium CAG:110,0.0006997738629247323,-0.0001155249940469455,124
All,RandomForest,ThomasAM_2018a,0.6982758620689655,Gender,covariate,Gender,0.0006970362695260894,0.00022438953402396242,125
All,RandomForest,ThomasAM_2018a,0.6982758620689655,rCLR_Dialister invisus,rCLR,Dialister invisus,0.000693588934376384,-0.0002728831644240533,126
All,RandomForest,ThomasAM_2018a,0.6982758620689655,rCLR_Anaerotignum lactatifermentans,rCLR,Anaerotignum lactatifermentans,0.0006864735433992996,-0.0001478959397925351,127
All,RandomForest,ThomasAM_2018a,0.6982758620689655,PA_Bacteroides thetaiotaomicron,PA,Bacteroides thetaiotaomicron,0.0006332315783214841,-0.0003299403343558469,128
All,RandomForest,ThomasAM_2018a,0.6982758620689655,rCLR_Methanobrevibacter smithii,rCLR,Methanobrevibacter smithii,0.0006299068217216957,0.00034416189030616836,129
All,RandomForest,ThomasAM_2018a,0.6982758620689655,PA_Veillonella parvula,PA,Veillonella parvula,0.0006279469942917774,-0.00032326406642657645,130
All,RandomForest,ThomasAM_2018a,0.6982758620689655,PA_Anaerotignum lactatifermentans,PA,Anaerotignum lactatifermentans,0.0006158988958706363,-0.0002788918226555785,131
All,RandomForest,ThomasAM_2018a,0.6982758620689655,PA_Blautia sp. CAG:257,PA,Blautia sp. CAG:257,0.00061280413726375,0.000244601199681456,132
All,RandomForest,ThomasAM_2018a,0.6982758620689655,PA_Bacteroides caccae,PA,Bacteroides caccae,0.0006077338664856739,6.727520239264185e-05,133
All,RandomForest,ThomasAM_2018a,0.6982758620689655,PA_[Ruminococcus] lactaris,PA,[Ruminococcus] lactaris,0.0006033827732343412,-8.255882986276583e-05,134
All,RandomForest,ThomasAM_2018a,0.6982758620689655,PA_Bacteroides xylanisolvens,PA,Bacteroides xylanisolvens,0.0005876826256325507,-0.00018815229556008983,135
All,RandomForest,ThomasAM_2018a,0.6982758620689655,PA_Coprococcus comes,PA,Coprococcus comes,0.0005760890335389805,-0.00011193377087988532,136
All,RandomForest,ThomasAM_2018a,0.6982758620689655,PA_Clostridium sp. CAG:58,PA,Clostridium sp. CAG:58,0.0005752405549232778,0.00015691910907152237,137
All,RandomForest,ThomasAM_2018a,0.6982758620689655,PA_Parabacteroides distasonis,PA,Parabacteroides distasonis,0.0005710110737439833,-0.00015655485585837066,138
All,RandomForest,ThomasAM_2018a,0.6982758620689655,rCLR_Intestinibacter bartlettii,rCLR,Intestinibacter bartlettii,0.0005680804566650577,0.000153017261891445,139
All,RandomForest,ThomasAM_2018a,0.6982758620689655,rCLR_Veillonella atypica,rCLR,Veillonella atypica,0.0005505972284732076,9.427556099648e-05,140
All,RandomForest,ThomasAM_2018a,0.6982758620689655,PA_Oscillibacter sp. CAG:241,PA,Oscillibacter sp. CAG:241,0.0005419359458625123,0.00013874731548365834,141
All,RandomForest,ThomasAM_2018a,0.6982758620689655,PA_Megamonas funiformis,PA,Megamonas funiformis,0.000541744549044317,-0.00035315492228320895,142
All,RandomForest,ThomasAM_2018a,0.6982758620689655,PA_Phocaeicola coprocola,PA,Phocaeicola coprocola,0.0005074311876648546,7.032923478452599e-06,143
All,RandomForest,ThomasAM_2018a,0.6982758620689655,PA_Blautia wexlerae,PA,Blautia wexlerae,0.0004989498822706328,7.660167432105226e-05,144
All,RandomForest,ThomasAM_2018a,0.6982758620689655,PA_Eubacterium sp. CAG:251,PA,Eubacterium sp. CAG:251,0.0004949978339568899,0.00022560786058782063,145
All,RandomForest,ThomasAM_2018a,0.6982758620689655,PA_Prevotella copri,PA,Prevotella copri,0.0004937161218034674,-0.0001711236738372016,146
All,RandomForest,ThomasAM_2018a,0.6982758620689655,PA_Proteobacteria bacterium CAG:139,PA,Proteobacteria bacterium CAG:139,0.0004913726504876516,-0.00019369500028754627,147
All,RandomForest,ThomasAM_2018a,0.6982758620689655,PA_Bacteroides intestinalis,PA,Bacteroides intestinalis,0.0004863344855500695,0.0001277472907926483,148
All,RandomForest,ThomasAM_2018a,0.6982758620689655,PA_Streptococcus thermophilus,PA,Streptococcus thermophilus,0.0004818233564858379,0.0003065713595439739,149
All,RandomForest,ThomasAM_2018a,0.6982758620689655,PA_Bifidobacterium bifidum,PA,Bifidobacterium bifidum,0.0004780933218176295,-0.00012520417534542626,150
All,RandomForest,ThomasAM_2018a,0.6982758620689655,PA_Phocaeicola vulgatus,PA,Phocaeicola vulgatus,0.0004549231664957407,-0.00021234774766168215,151
All,RandomForest,ThomasAM_2018a,0.6982758620689655,PA_Anaerobutyricum hallii,PA,Anaerobutyricum hallii,0.0004469881894258111,-0.0003305419564871163,152
All,RandomForest,ThomasAM_2018a,0.6982758620689655,PA_Barnesiella intestinihominis,PA,Barnesiella intestinihominis,0.0004310143742915713,2.074515098370255e-05,153
All,RandomForest,ThomasAM_2018a,0.6982758620689655,PA_Roseburia hominis,PA,Roseburia hominis,0.00042893945998048803,7.235573258521122e-05,154
All,RandomForest,ThomasAM_2018a,0.6982758620689655,PA_Bifidobacterium adolescentis,PA,Bifidobacterium adolescentis,0.00042628055495786137,0.00010779536216196137,155
All,RandomForest,ThomasAM_2018a,0.6982758620689655,PA_[Eubacterium] siraeum,PA,[Eubacterium] siraeum,0.0004222109852837198,3.052653909691362e-05,156
All,RandomForest,ThomasAM_2018a,0.6982758620689655,PA_Erysipelatoclostridium ramosum,PA,Erysipelatoclostridium ramosum,0.00041563116689311615,-0.0003563347977770577,157
All,RandomForest,ThomasAM_2018a,0.6982758620689655,PA_Gemmiger formicilis,PA,Gemmiger formicilis,0.0004135843081719134,-3.5852320107831526e-05,158
All,RandomForest,ThomasAM_2018a,0.6982758620689655,PA_Akkermansia muciniphila,PA,Akkermansia muciniphila,0.0004020379437783966,6.740767391139296e-05,159
All,RandomForest,ThomasAM_2018a,0.6982758620689655,PA_Paraprevotella xylaniphila,PA,Paraprevotella xylaniphila,0.0003704287688768315,1.653964890357395e-06,160
All,RandomForest,ThomasAM_2018a,0.6982758620689655,PA_Coprococcus eutactus,PA,Coprococcus eutactus,0.00036639855072274127,-0.00013217505341397062,161
All,RandomForest,ThomasAM_2018a,0.6982758620689655,PA_Bacteroides stercoris,PA,Bacteroides stercoris,0.0003624830149973187,-0.00012074342813809796,162
All,RandomForest,ThomasAM_2018a,0.6982758620689655,PA_Coprobacter fastidiosus,PA,Coprobacter fastidiosus,0.00035044180148996175,-6.907715455340233e-05,163
All,RandomForest,ThomasAM_2018a,0.6982758620689655,PA_Parasutterella excrementihominis,PA,Parasutterella excrementihominis,0.0003356219405959325,-0.00013717162937208391,164
All,RandomForest,ThomasAM_2018a,0.6982758620689655,PA_Eubacterium ventriosum,PA,Eubacterium ventriosum,0.00033038233781243926,7.751963663990135e-05,165
All,RandomForest,ThomasAM_2018a,0.6982758620689655,PA_Bacteroides ovatus,PA,Bacteroides ovatus,0.0003191892259092554,-0.0001619241753923768,166
All,RandomForest,ThomasAM_2018a,0.6982758620689655,PA_Bifidobacterium pseudocatenulatum,PA,Bifidobacterium pseudocatenulatum,0.0003145122354991268,0.0002053508603345342,167
All,RandomForest,ThomasAM_2018a,0.6982758620689655,PA_Firmicutes bacterium CAG:145,PA,Firmicutes bacterium CAG:145,0.0003108957596012339,-7.177915982221115e-05,168
All,RandomForest,ThomasAM_2018a,0.6982758620689655,PA_Eggerthella lenta,PA,Eggerthella lenta,0.00030968872188954545,1.4939781517203878e-05,169
All,RandomForest,ThomasAM_2018a,0.6982758620689655,PA_Coprococcus catus,PA,Coprococcus catus,0.0003036247807451689,-7.880168580729941e-05,170
All,RandomForest,ThomasAM_2018a,0.6982758620689655,PA_Flavonifractor plautii,PA,Flavonifractor plautii,0.00030181073359651937,0.00010063235211249481,171
All,RandomForest,ThomasAM_2018a,0.6982758620689655,PA_Anaerostipes hadrus,PA,Anaerostipes hadrus,0.00030073408637432646,-3.0229068964654115e-05,172
All,RandomForest,ThomasAM_2018a,0.6982758620689655,PA_Holdemanella biformis,PA,Holdemanella biformis,0.00029965223171603045,-0.00019960720614290174,173
All,RandomForest,ThomasAM_2018a,0.6982758620689655,PA_Bifidobacterium longum,PA,Bifidobacterium longum,0.00028547491377643074,-1.4770264074489068e-05,174
All,RandomForest,ThomasAM_2018a,0.6982758620689655,PA_Bacteroides salyersiae,PA,Bacteroides salyersiae,0.0002841506606401002,2.6156723963861023e-05,175
All,RandomForest,ThomasAM_2018a,0.6982758620689655,PA_Phascolarctobacterium succinatutens,PA,Phascolarctobacterium succinatutens,0.00028261803587800716,-0.00013883366564577265,176
All,RandomForest,ThomasAM_2018a,0.6982758620689655,PA_Fusicatenibacter saccharivorans,PA,Fusicatenibacter saccharivorans,0.00028096475228923576,0.00011351747322655041,177
All,RandomForest,ThomasAM_2018a,0.6982758620689655,PA_Desulfovibrio piger,PA,Desulfovibrio piger,0.0002788301285763603,0.00010364791913478967,178
All,RandomForest,ThomasAM_2018a,0.6982758620689655,PA_Agathobaculum butyriciproducens,PA,Agathobaculum butyriciproducens,0.0002719489145662206,-4.266059892918052e-05,179
All,RandomForest,ThomasAM_2018a,0.6982758620689655,PA_Ruminococcus bromii,PA,Ruminococcus bromii,0.0002649834619813175,-5.4899628586505435e-05,180
All,RandomForest,ThomasAM_2018a,0.6982758620689655,PA_Dialister invisus,PA,Dialister invisus,0.00026279680549159143,-0.00010681937371696485,181
All,RandomForest,ThomasAM_2018a,0.6982758620689655,PA_Oscillibacter sp. 57_20,PA,Oscillibacter sp. 57_20,0.00025453655228797016,-0.000146979793626911,182
All,RandomForest,ThomasAM_2018a,0.6982758620689655,PA_Intestinibacter bartlettii,PA,Intestinibacter bartlettii,0.00024464480780942425,5.407940343436101e-05,183
All,RandomForest,ThomasAM_2018a,0.6982758620689655,PA_Lawsonibacter asaccharolyticus,PA,Lawsonibacter asaccharolyticus,0.0002441437005524019,-2.8805977252402813e-05,184
All,RandomForest,ThomasAM_2018a,0.6982758620689655,PA_Dorea formicigenerans,PA,Dorea formicigenerans,0.00024075428229829605,1.5648595903232263e-05,185
All,RandomForest,ThomasAM_2018a,0.6982758620689655,PA_[Eubacterium] rectale,PA,[Eubacterium] rectale,0.00023767462295827083,-7.107053232387622e-05,186
All,RandomForest,ThomasAM_2018a,0.6982758620689655,PA_Gordonibacter pamelaeae,PA,Gordonibacter pamelaeae,0.00023274904304078307,-7.948012356088917e-05,187
All,RandomForest,ThomasAM_2018a,0.6982758620689655,PA_Phocaeicola massiliensis,PA,Phocaeicola massiliensis,0.00023265475912325877,-6.536049177036678e-05,188
All,RandomForest,ThomasAM_2018a,0.6982758620689655,PA_Bacteroides sp. CAG:144,PA,Bacteroides sp. CAG:144,0.00022839912945213443,-6.315600473045644e-05,189
All,RandomForest,ThomasAM_2018a,0.6982758620689655,PA_Lachnospira pectinoschiza,PA,Lachnospira pectinoschiza,0.00022495645567426127,-1.912413429091393e-06,190
All,RandomForest,ThomasAM_2018a,0.6982758620689655,PA_[Ruminococcus] torques,PA,[Ruminococcus] torques,0.0002121245098947112,-8.233067721378233e-05,191
All,RandomForest,ThomasAM_2018a,0.6982758620689655,PA_Phocaeicola dorei,PA,Phocaeicola dorei,0.00021182562279234703,-1.0549440725141103e-05,192
All,RandomForest,ThomasAM_2018a,0.6982758620689655,PA_Bacteroides eggerthii,PA,Bacteroides eggerthii,0.00019733459529812893,1.2847582221394505e-05,193
All,RandomForest,ThomasAM_2018a,0.6982758620689655,PA_Dorea longicatena,PA,Dorea longicatena,0.00019527937670085486,7.471198834871271e-05,194
All,RandomForest,ThomasAM_2018a,0.6982758620689655,PA_Adlercreutzia equolifaciens,PA,Adlercreutzia equolifaciens,0.00019313004231594197,5.327830455588062e-05,195
All,RandomForest,ThomasAM_2018a,0.6982758620689655,PA_Adlercreutzia equolifaciens_1,PA,Adlercreutzia equolifaciens_1,0.00019197180874387955,9.128867443139147e-05,196
All,RandomForest,ThomasAM_2018a,0.6982758620689655,PA_Eubacterium ramulus,PA,Eubacterium ramulus,0.0001875573164266377,1.1636804353427116e-05,197
All,RandomForest,ThomasAM_2018a,0.6982758620689655,PA_Roseburia inulinivorans,PA,Roseburia inulinivorans,0.00018581597779427454,5.6333400235338115e-05,198
All,RandomForest,ThomasAM_2018a,0.6982758620689655,PA_Bacteroides finegoldii,PA,Bacteroides finegoldii,0.00018032314599135475,4.786181848250929e-05,199
All,RandomForest,ThomasAM_2018a,0.6982758620689655,PA_Acidaminococcus intestini,PA,Acidaminococcus intestini,0.00017696529009804174,-8.243080061978437e-05,200
All,RandomForest,ThomasAM_2018a,0.6982758620689655,PA_Alistipes putredinis,PA,Alistipes putredinis,0.00017481952667812792,-1.5101121445596523e-05,201
All,RandomForest,ThomasAM_2018a,0.6982758620689655,PA_Phascolarctobacterium faecium,PA,Phascolarctobacterium faecium,0.00017000810204012573,4.079013024363322e-06,202
All,RandomForest,ThomasAM_2018a,0.6982758620689655,PA_Alistipes finegoldii,PA,Alistipes finegoldii,0.00016593960152733482,2.6457512128725794e-05,203
All,RandomForest,ThomasAM_2018a,0.6982758620689655,PA_Slackia isoflavoniconvertens,PA,Slackia isoflavoniconvertens,0.00016323110034308617,3.2069901753572706e-05,204
All,RandomForest,ThomasAM_2018a,0.6982758620689655,PA_Klebsiella pneumoniae,PA,Klebsiella pneumoniae,0.00015704910049847576,-9.487573126345378e-05,205
All,RandomForest,ThomasAM_2018a,0.6982758620689655,PA_Eubacterium sp. CAG:274,PA,Eubacterium sp. CAG:274,0.00015426364457190428,5.071600838227817e-05,206
All,RandomForest,ThomasAM_2018a,0.6982758620689655,PA_Klebsiella quasipneumoniae,PA,Klebsiella quasipneumoniae,0.00015113564674987918,2.568562900021589e-05,207
All,RandomForest,ThomasAM_2018a,0.6982758620689655,PA_Firmicutes bacterium CAG:83,PA,Firmicutes bacterium CAG:83,0.00015108463613131628,1.3300093222031126e-05,208
All,RandomForest,ThomasAM_2018a,0.6982758620689655,PA_Alistipes inops,PA,Alistipes inops,0.0001505792101893142,2.218129077037568e-05,209
All,RandomForest,ThomasAM_2018a,0.6982758620689655,PA_Odoribacter splanchnicus,PA,Odoribacter splanchnicus,0.00014164350983477235,4.763148453325354e-08,210
All,RandomForest,ThomasAM_2018a,0.6982758620689655,PA_Blautia obeum,PA,Blautia obeum,0.00013678162757511667,-3.0140843639745573e-05,211
All,RandomForest,ThomasAM_2018a,0.6982758620689655,PA_Veillonella atypica,PA,Veillonella atypica,0.00013276258072809037,-6.034463821724426e-05,212
All,RandomForest,ThomasAM_2018a,0.6982758620689655,PA_Ruthenibacterium lactatiformans,PA,Ruthenibacterium lactatiformans,0.00011983485217034978,-3.3788809214648946e-05,213
All,RandomForest,ThomasAM_2018a,0.6982758620689655,PA_Klebsiella variicola,PA,Klebsiella variicola,0.00010736541682926328,-1.950404091822138e-05,214
All,RandomForest,ThomasAM_2018a,0.6982758620689655,PA_Faecalibacterium prausnitzii,PA,Faecalibacterium prausnitzii,9.119511350597031e-05,3.74114442639833e-05,215
All,RandomForest,ThomasAM_2018a,0.6982758620689655,PA_Bacteroides uniformis,PA,Bacteroides uniformis,8.762942570119776e-05,-3.5406349030303153e-05,216
All,RandomForest,ThomasAM_2018b,0.8180803571428571,PA_Parvimonas micra,PA,Parvimonas micra,0.03744289455387872,0.000995257322394668,1
All,RandomForest,ThomasAM_2018b,0.8180803571428571,rCLR_Lachnospira pectinoschiza,rCLR,Lachnospira pectinoschiza,0.01510037622812551,-0.002048109005120627,2
All,RandomForest,ThomasAM_2018b,0.8180803571428571,rCLR_Parvimonas micra,rCLR,Parvimonas micra,0.01482790916172979,1.3200098713061382e-05,3
All,RandomForest,ThomasAM_2018b,0.8180803571428571,rCLR_Anaerostipes hadrus,rCLR,Anaerostipes hadrus,0.013396558359397043,-0.004750588537492133,4
All,RandomForest,ThomasAM_2018b,0.8180803571428571,rCLR_Alistipes finegoldii,rCLR,Alistipes finegoldii,0.009693136323308694,0.0040441203461653525,5
All,RandomForest,ThomasAM_2018b,0.8180803571428571,rCLR_Roseburia intestinalis,rCLR,Roseburia intestinalis,0.009633734759536165,0.0015823624712419612,6
All,RandomForest,ThomasAM_2018b,0.8180803571428571,rCLR_Eubacterium sp. CAG:251,rCLR,Eubacterium sp. CAG:251,0.008736357256813492,0.008335800980108367,7
All,RandomForest,ThomasAM_2018b,0.8180803571428571,rCLR_Ruthenibacterium lactatiformans,rCLR,Ruthenibacterium lactatiformans,0.008522109713112938,-0.008410915768716826,8
All,RandomForest,ThomasAM_2018b,0.8180803571428571,rCLR_Parabacteroides distasonis,rCLR,Parabacteroides distasonis,0.008416888800523015,-0.002471052960543744,9
All,RandomForest,ThomasAM_2018b,0.8180803571428571,rCLR_[Ruminococcus] torques,rCLR,[Ruminococcus] torques,0.007755990874579439,0.0022128607101134672,10
All,RandomForest,ThomasAM_2018b,0.8180803571428571,rCLR_Dorea formicigenerans,rCLR,Dorea formicigenerans,0.007432979348739669,0.0030772008296159593,11
All,RandomForest,ThomasAM_2018b,0.8180803571428571,rCLR_Lachnospira eligens,rCLR,Lachnospira eligens,0.006679947015811078,-0.002281715894336291,12
All,RandomForest,ThomasAM_2018b,0.8180803571428571,rCLR_Fusicatenibacter saccharivorans,rCLR,Fusicatenibacter saccharivorans,0.006335924053869198,-0.003540936531706355,13
All,RandomForest,ThomasAM_2018b,0.8180803571428571,rCLR_Butyricimonas virosa,rCLR,Butyricimonas virosa,0.006147167479478705,-0.00362644807735245,14
All,RandomForest,ThomasAM_2018b,0.8180803571428571,rCLR_Bacteroides caccae,rCLR,Bacteroides caccae,0.006017714147322693,-0.0033270980059343655,15
All,RandomForest,ThomasAM_2018b,0.8180803571428571,rCLR_Dorea longicatena,rCLR,Dorea longicatena,0.005938240342555665,0.005033260077168084,16
All,RandomForest,ThomasAM_2018b,0.8180803571428571,rCLR_Eubacterium ventriosum,rCLR,Eubacterium ventriosum,0.005929213298072469,-0.0003521747571408103,17
All,RandomForest,ThomasAM_2018b,0.8180803571428571,rCLR_Paraprevotella xylaniphila,rCLR,Paraprevotella xylaniphila,0.005884307166472568,0.003936253283500811,18
All,RandomForest,ThomasAM_2018b,0.8180803571428571,rCLR_Bacteroides thetaiotaomicron,rCLR,Bacteroides thetaiotaomicron,0.005747287566006219,-0.0049146119395813165,19
All,RandomForest,ThomasAM_2018b,0.8180803571428571,rCLR_Blautia obeum,rCLR,Blautia obeum,0.005227719095490722,0.004437222974733707,20
All,RandomForest,ThomasAM_2018b,0.8180803571428571,rCLR_Coprococcus catus,rCLR,Coprococcus catus,0.005082626697047256,0.003283145452802726,21
All,RandomForest,ThomasAM_2018b,0.8180803571428571,rCLR_Clostridium sp. CAG:58,rCLR,Clostridium sp. CAG:58,0.005010621131146739,-0.0022193597610304446,22
All,RandomForest,ThomasAM_2018b,0.8180803571428571,rCLR_Odoribacter splanchnicus,rCLR,Odoribacter splanchnicus,0.004978808646623587,-0.0009346106284090516,23
All,RandomForest,ThomasAM_2018b,0.8180803571428571,rCLR_Roseburia faecis,rCLR,Roseburia faecis,0.004957983481796891,-0.0021593248188124946,24
All,RandomForest,ThomasAM_2018b,0.8180803571428571,rCLR_Coprobacter fastidiosus,rCLR,Coprobacter fastidiosus,0.004772487678084709,-0.0018818550769586077,25
All,RandomForest,ThomasAM_2018b,0.8180803571428571,rCLR_Faecalibacterium prausnitzii,rCLR,Faecalibacterium prausnitzii,0.004318498440822637,-0.002142845809775134,26
All,RandomForest,ThomasAM_2018b,0.8180803571428571,rCLR_Flavonifractor plautii,rCLR,Flavonifractor plautii,0.004278103129991213,-0.002030743683154409,27
All,RandomForest,ThomasAM_2018b,0.8180803571428571,rCLR_Parabacteroides merdae,rCLR,Parabacteroides merdae,0.003929500624578359,-0.0017843143327638687,28
All,RandomForest,ThomasAM_2018b,0.8180803571428571,Age,covariate,Age,0.0038875561525416615,-0.003381563119172792,29
All,RandomForest,ThomasAM_2018b,0.8180803571428571,rCLR_Bacteroides sp. CAG:144,rCLR,Bacteroides sp. CAG:144,0.003857823734476001,-0.001034926956192179,30
All,RandomForest,ThomasAM_2018b,0.8180803571428571,rCLR_Akkermansia muciniphila,rCLR,Akkermansia muciniphila,0.003724508616379187,0.001116358233829182,31
All,RandomForest,ThomasAM_2018b,0.8180803571428571,rCLR_Streptococcus thermophilus,rCLR,Streptococcus thermophilus,0.003678182883088407,0.00046135402414227556,32
All,RandomForest,ThomasAM_2018b,0.8180803571428571,rCLR_Bifidobacterium longum,rCLR,Bifidobacterium longum,0.0035265102677426025,-0.0018040234761305773,33
All,RandomForest,ThomasAM_2018b,0.8180803571428571,rCLR_Veillonella parvula,rCLR,Veillonella parvula,0.0033403767123321407,-0.0023958104331045283,34
All,RandomForest,ThomasAM_2018b,0.8180803571428571,rCLR_Oscillibacter sp. CAG:241,rCLR,Oscillibacter sp. CAG:241,0.0031371865504827333,0.000964919493595555,35
All,RandomForest,ThomasAM_2018b,0.8180803571428571,rCLR_Coprococcus eutactus,rCLR,Coprococcus eutactus,0.002926752347158737,0.0019431222547667156,36
All,RandomForest,ThomasAM_2018b,0.8180803571428571,rCLR_Methanobrevibacter smithii,rCLR,Methanobrevibacter smithii,0.002915241047744725,0.0020589852710848617,37
All,RandomForest,ThomasAM_2018b,0.8180803571428571,rCLR_Collinsella aerofaciens,rCLR,Collinsella aerofaciens,0.002740289677053981,0.001893397055790885,38
All,RandomForest,ThomasAM_2018b,0.8180803571428571,rCLR_Klebsiella quasipneumoniae,rCLR,Klebsiella quasipneumoniae,0.002719362540210846,0.002078911587023969,39
All,RandomForest,ThomasAM_2018b,0.8180803571428571,rCLR_Eubacterium sp. CAG:180,rCLR,Eubacterium sp. CAG:180,0.0026019135817628132,-0.001906371305408476,40
All,RandomForest,ThomasAM_2018b,0.8180803571428571,rCLR_Holdemanella biformis,rCLR,Holdemanella biformis,0.002536455551539205,-0.0009891122421873885,41
All,RandomForest,ThomasAM_2018b,0.8180803571428571,rCLR_Desulfovibrio piger,rCLR,Desulfovibrio piger,0.0025029153472647726,-0.0007617611729738453,42
All,RandomForest,ThomasAM_2018b,0.8180803571428571,rCLR_Coprococcus comes,rCLR,Coprococcus comes,0.0024985051666709056,-0.000782315872234492,43
All,RandomForest,ThomasAM_2018b,0.8180803571428571,rCLR_Anaerobutyricum hallii,rCLR,Anaerobutyricum hallii,0.002490942350964935,0.001822532032019721,44
All,RandomForest,ThomasAM_2018b,0.8180803571428571,rCLR_Bifidobacterium adolescentis,rCLR,Bifidobacterium adolescentis,0.002447965515157809,-0.0005566301925556702,45
All,RandomForest,ThomasAM_2018b,0.8180803571428571,rCLR_Enterocloster bolteae,rCLR,Enterocloster bolteae,0.0022377884420030467,-0.0007704938832205652,46
All,RandomForest,ThomasAM_2018b,0.8180803571428571,rCLR_Parasutterella excrementihominis,rCLR,Parasutterella excrementihominis,0.0022365229550783527,0.0007552746823429334,47
All,RandomForest,ThomasAM_2018b,0.8180803571428571,rCLR_Bifidobacterium bifidum,rCLR,Bifidobacterium bifidum,0.0021993806047233256,-0.0007517722863508456,48
All,RandomForest,ThomasAM_2018b,0.8180803571428571,rCLR_Bacteroides fragilis,rCLR,Bacteroides fragilis,0.0021851246432371737,-0.0007316233328779249,49
All,RandomForest,ThomasAM_2018b,0.8180803571428571,rCLR_Erysipelatoclostridium ramosum,rCLR,Erysipelatoclostridium ramosum,0.002018436735826228,-0.0006010522170807623,50
All,RandomForest,ThomasAM_2018b,0.8180803571428571,rCLR_Adlercreutzia equolifaciens_1,rCLR,Adlercreutzia equolifaciens_1,0.002014934504135243,-0.00037697333156130186,51
All,RandomForest,ThomasAM_2018b,0.8180803571428571,rCLR_Proteobacteria bacterium CAG:139,rCLR,Proteobacteria bacterium CAG:139,0.0020135448496008813,0.0012367476039518456,52
All,RandomForest,ThomasAM_2018b,0.8180803571428571,PA_Roseburia intestinalis,PA,Roseburia intestinalis,0.002006759754582798,-6.39357918873913e-05,53
All,RandomForest,ThomasAM_2018b,0.8180803571428571,rCLR_[Ruminococcus] lactaris,rCLR,[Ruminococcus] lactaris,0.0019497814198984268,-0.0011320104335285667,54
All,RandomForest,ThomasAM_2018b,0.8180803571428571,rCLR_Acidaminococcus intestini,rCLR,Acidaminococcus intestini,0.0019175667024331528,-0.0010117174334075634,55
All,RandomForest,ThomasAM_2018b,0.8180803571428571,rCLR_Prevotella copri,rCLR,Prevotella copri,0.001902502685487363,0.0006376369882946333,56
All,RandomForest,ThomasAM_2018b,0.8180803571428571,PA_Streptococcus salivarius,PA,Streptococcus salivarius,0.0018891718796618048,-0.0007866022788642206,57
All,RandomForest,ThomasAM_2018b,0.8180803571428571,rCLR_Firmicutes bacterium CAG:83,rCLR,Firmicutes bacterium CAG:83,0.0018885915227123732,0.00011389054398813294,58
All,RandomForest,ThomasAM_2018b,0.8180803571428571,rCLR_Alistipes putredinis,rCLR,Alistipes putredinis,0.0018573917351526208,-0.0005449013703499843,59
All,RandomForest,ThomasAM_2018b,0.8180803571428571,rCLR_Ruminococcus bicirculans,rCLR,Ruminococcus bicirculans,0.0018336168851377126,-0.0007613912274430104,60
All,RandomForest,ThomasAM_2018b,0.8180803571428571,rCLR_Roseburia hominis,rCLR,Roseburia hominis,0.0017832811747119357,0.0005769794181864918,61
All,RandomForest,ThomasAM_2018b,0.8180803571428571,rCLR_Blautia sp. CAG:257,rCLR,Blautia sp. CAG:257,0.0017726767386324026,-0.0004302294996131077,62
All,RandomForest,ThomasAM_2018b,0.8180803571428571,rCLR_Megamonas funiformis,rCLR,Megamonas funiformis,0.0017430931371106002,-0.0013757505293272181,63
All,RandomForest,ThomasAM_2018b,0.8180803571428571,rCLR_Streptococcus parasanguinis,rCLR,Streptococcus parasanguinis,0.0017370825167460889,0.00042553153752666195,64
All,RandomForest,ThomasAM_2018b,0.8180803571428571,rCLR_Firmicutes bacterium CAG:110,rCLR,Firmicutes bacterium CAG:110,0.0017363559849188572,0.0005774513974864869,65
All,RandomForest,ThomasAM_2018b,0.8180803571428571,rCLR_Ruminococcus bromii,rCLR,Ruminococcus bromii,0.0017269232720531274,0.0004273807846511785,66
All,RandomForest,ThomasAM_2018b,0.8180803571428571,rCLR_Alistipes inops,rCLR,Alistipes inops,0.0016595535425239516,0.001462194759884891,67
All,RandomForest,ThomasAM_2018b,0.8180803571428571,rCLR_[Eubacterium] siraeum,rCLR,[Eubacterium] siraeum,0.0016272219804890956,-0.0003060889775562472,68
All,RandomForest,ThomasAM_2018b,0.8180803571428571,rCLR_Bifidobacterium pseudocatenulatum,rCLR,Bifidobacterium pseudocatenulatum,0.001618408573033255,0.0010077038549237251,69
All,RandomForest,ThomasAM_2018b,0.8180803571428571,rCLR_Phocaeicola coprocola,rCLR,Phocaeicola coprocola,0.0016180033285178295,0.0002480899370533543,70
All,RandomForest,ThomasAM_2018b,0.8180803571428571,rCLR_Gemmiger formicilis,rCLR,Gemmiger formicilis,0.0016147617540380479,-0.00024368932643945558,71
All,RandomForest,ThomasAM_2018b,0.8180803571428571,PA_Ruminococcus bicirculans,PA,Ruminococcus bicirculans,0.0016031799888501905,-0.0007512045637683925,72
All,RandomForest,ThomasAM_2018b,0.8180803571428571,rCLR_[Ruminococcus] gnavus,rCLR,[Ruminococcus] gnavus,0.0015817301648168743,-0.0010622285651582914,73
All,RandomForest,ThomasAM_2018b,0.8180803571428571,rCLR_Oscillibacter sp. 57_20,rCLR,Oscillibacter sp. 57_20,0.0015706662998872351,-0.0003686500756446786,74
All,RandomForest,ThomasAM_2018b,0.8180803571428571,rCLR_Streptococcus salivarius,rCLR,Streptococcus salivarius,0.0015678204683042564,-0.0006844551897453159,75
All,RandomForest,ThomasAM_2018b,0.8180803571428571,rCLR_Bacteroides cellulosilyticus,rCLR,Bacteroides cellulosilyticus,0.0015470808152812045,-0.0007184322163949399,76
All,RandomForest,ThomasAM_2018b,0.8180803571428571,rCLR_Escherichia coli,rCLR,Escherichia coli,0.0015466764410200624,1.153981278481836e-05,77
All,RandomForest,ThomasAM_2018b,0.8180803571428571,PA_Enterocloster bolteae,PA,Enterocloster bolteae,0.001539254798973715,-0.0007833219749308335,78
All,RandomForest,ThomasAM_2018b,0.8180803571428571,rCLR_Eubacterium sp. CAG:274,rCLR,Eubacterium sp. CAG:274,0.001506074834314892,-0.0005847289910660073,79
All,RandomForest,ThomasAM_2018b,0.8180803571428571,rCLR_Eggerthella lenta,rCLR,Eggerthella lenta,0.001500602900476498,3.401949709901974e-05,80
All,RandomForest,ThomasAM_2018b,0.8180803571428571,rCLR_Eubacterium ramulus,rCLR,Eubacterium ramulus,0.0014975565940290988,8.584951591140717e-05,81
All,RandomForest,ThomasAM_2018b,0.8180803571428571,rCLR_Phocaeicola vulgatus,rCLR,Phocaeicola vulgatus,0.0014777992199349066,-0.0004814343034782951,82
All,RandomForest,ThomasAM_2018b,0.8180803571428571,rCLR_Agathobaculum butyriciproducens,rCLR,Agathobaculum butyriciproducens,0.001427832983679221,0.000473646481810544,83
All,RandomForest,ThomasAM_2018b,0.8180803571428571,rCLR_Eubacterium sp. CAG:38,rCLR,Eubacterium sp. CAG:38,0.001379156469679549,0.00036249290797382927,84
All,RandomForest,ThomasAM_2018b,0.8180803571428571,rCLR_Bacteroides salyersiae,rCLR,Bacteroides salyersiae,0.0013624915056776542,-0.00046940057505425673,85
All,RandomForest,ThomasAM_2018b,0.8180803571428571,rCLR_Roseburia inulinivorans,rCLR,Roseburia inulinivorans,0.0013323507079949647,-0.00020356985460048593,86
All,RandomForest,ThomasAM_2018b,0.8180803571428571,rCLR_Phascolarctobacterium succinatutens,rCLR,Phascolarctobacterium succinatutens,0.0013119422255544995,0.0006309996112569778,87
All,RandomForest,ThomasAM_2018b,0.8180803571428571,rCLR_Phocaeicola plebeius,rCLR,Phocaeicola plebeius,0.001300481399485931,-0.00045940699035014373,88
All,RandomForest,ThomasAM_2018b,0.8180803571428571,PA_Roseburia faecis,PA,Roseburia faecis,0.0012809420288872654,-0.00033679725223850423,89
All,RandomForest,ThomasAM_2018b,0.8180803571428571,PA_Flavonifractor plautii,PA,Flavonifractor plautii,0.0012543878709992135,-0.00045125162995643034,90
All,RandomForest,ThomasAM_2018b,0.8180803571428571,rCLR_[Eubacterium] rectale,rCLR,[Eubacterium] rectale,0.0012280642650684965,-0.00012643303386951832,91
All,RandomForest,ThomasAM_2018b,0.8180803571428571,PA_Firmicutes bacterium CAG:110,PA,Firmicutes bacterium CAG:110,0.0012246579288073022,-0.0004515894641078202,92
All,RandomForest,ThomasAM_2018b,0.8180803571428571,rCLR_Adlercreutzia equolifaciens,rCLR,Adlercreutzia equolifaciens,0.0012128748808155451,-0.0002955239154265755,93
All,RandomForest,ThomasAM_2018b,0.8180803571428571,PA_Anaerotignum lactatifermentans,PA,Anaerotignum lactatifermentans,0.0011765190814200216,-0.000516710954809003,94
All,RandomForest,ThomasAM_2018b,0.8180803571428571,rCLR_Blautia wexlerae,rCLR,Blautia wexlerae,0.0011748599476682357,0.0002435886444246976,95
All,RandomForest,ThomasAM_2018b,0.8180803571428571,PA_Eubacterium sp. CAG:38,PA,Eubacterium sp. CAG:38,0.0010817983739250666,-0.00013833583932644492,96
All,RandomForest,ThomasAM_2018b,0.8180803571428571,rCLR_Bacteroides xylanisolvens,rCLR,Bacteroides xylanisolvens,0.0010806418044532274,-0.00011800276270162663,97
All,RandomForest,ThomasAM_2018b,0.8180803571428571,rCLR_Phocaeicola massiliensis,rCLR,Phocaeicola massiliensis,0.0010777552245429818,0.0004265747768406584,98
All,RandomForest,ThomasAM_2018b,0.8180803571428571,rCLR_Bacteroides eggerthii,rCLR,Bacteroides eggerthii,0.0010771736400235939,0.00020910429330626507,99
All,RandomForest,ThomasAM_2018b,0.8180803571428571,PA_Streptococcus thermophilus,PA,Streptococcus thermophilus,0.0010590506484346647,-0.0008813674526056658,100
All,RandomForest,ThomasAM_2018b,0.8180803571428571,PA_Lachnospira eligens,PA,Lachnospira eligens,0.0010287696404348496,-0.00045698264536479864,101
All,RandomForest,ThomasAM_2018b,0.8180803571428571,rCLR_Barnesiella intestinihominis,rCLR,Barnesiella intestinihominis,0.001012557430824894,0.0003840818296879104,102
All,RandomForest,ThomasAM_2018b,0.8180803571428571,rCLR_Gordonibacter pamelaeae,rCLR,Gordonibacter pamelaeae,0.0010020486885308716,0.0003319239029219001,103
All,RandomForest,ThomasAM_2018b,0.8180803571428571,rCLR_Intestinibacter bartlettii,rCLR,Intestinibacter bartlettii,0.0009920451695567473,-0.00018152375434320265,104
All,RandomForest,ThomasAM_2018b,0.8180803571428571,PA_[Ruminococcus] lactaris,PA,[Ruminococcus] lactaris,0.0009813598273016569,-6.534005730460162e-05,105
All,RandomForest,ThomasAM_2018b,0.8180803571428571,PA_Phocaeicola plebeius,PA,Phocaeicola plebeius,0.0009653733562781109,-0.0002294780427659697,106
All,RandomForest,ThomasAM_2018b,0.8180803571428571,rCLR_Slackia isoflavoniconvertens,rCLR,Slackia isoflavoniconvertens,0.00095806980736481,-0.00027488585573231123,107
All,RandomForest,ThomasAM_2018b,0.8180803571428571,rCLR_Bacteroides uniformis,rCLR,Bacteroides uniformis,0.0009477349508151494,-8.066208302414474e-05,108
All,RandomForest,ThomasAM_2018b,0.8180803571428571,rCLR_Bacteroides stercoris,rCLR,Bacteroides stercoris,0.0009198572870360748,8.67269628563151e-05,109
All,RandomForest,ThomasAM_2018b,0.8180803571428571,PA_Bacteroides salyersiae,PA,Bacteroides salyersiae,0.0009084056577073418,7.087719853522004e-05,110
All,RandomForest,ThomasAM_2018b,0.8180803571428571,rCLR_Anaerotignum lactatifermentans,rCLR,Anaerotignum lactatifermentans,0.0009056236612383833,-0.00028347689815104763,111
All,RandomForest,ThomasAM_2018b,0.8180803571428571,rCLR_Bacteroides intestinalis,rCLR,Bacteroides intestinalis,0.0009045075259643693,0.0002701795387067702,112
All,RandomForest,ThomasAM_2018b,0.8180803571428571,PA_Bacteroides fragilis,PA,Bacteroides fragilis,0.0008821977364852615,-2.190786640215376e-05,113
All,RandomForest,ThomasAM_2018b,0.8180803571428571,PA_Methanobrevibacter smithii,PA,Methanobrevibacter smithii,0.0008276278667031663,0.0004437471413890014,114
All,RandomForest,ThomasAM_2018b,0.8180803571428571,PA_Bifidobacterium bifidum,PA,Bifidobacterium bifidum,0.0008274276422479942,-0.000369069147197749,115
All,RandomForest,ThomasAM_2018b,0.8180803571428571,rCLR_Lawsonibacter asaccharolyticus,rCLR,Lawsonibacter asaccharolyticus,0.0008254550987892891,-8.599717323619276e-05,116
All,RandomForest,ThomasAM_2018b,0.8180803571428571,rCLR_Dialister invisus,rCLR,Dialister invisus,0.0008245948039613528,0.0002513917300036073,117
All,RandomForest,ThomasAM_2018b,0.8180803571428571,PA_Escherichia coli,PA,Escherichia coli,0.00082249539973741,-4.0854274867969665e-05,118
All,RandomForest,ThomasAM_2018b,0.8180803571428571,rCLR_Alistipes shahii,rCLR,Alistipes shahii,0.0008213579013491074,-0.00025891918259919264,119
All,RandomForest,ThomasAM_2018b,0.8180803571428571,PA_Eubacterium sp. CAG:180,PA,Eubacterium sp. CAG:180,0.0008158623217203925,-0.000165882218949489,120
All,RandomForest,ThomasAM_2018b,0.8180803571428571,rCLR_Phascolarctobacterium faecium,rCLR,Phascolarctobacterium faecium,0.0008034948864362836,-7.075292383644544e-05,121
All,RandomForest,ThomasAM_2018b,0.8180803571428571,Gender,covariate,Gender,0.0007965551843193929,0.0001073452368429387,122
All,RandomForest,ThomasAM_2018b,0.8180803571428571,PA_[Ruminococcus] gnavus,PA,[Ruminococcus] gnavus,0.0007773582054859389,-0.00043805737057637096,123
All,RandomForest,ThomasAM_2018b,0.8180803571428571,rCLR_Bacteroides finegoldii,rCLR,Bacteroides finegoldii,0.0007724874893211719,-4.828320829131538e-05,124
All,RandomForest,ThomasAM_2018b,0.8180803571428571,rCLR_Firmicutes bacterium CAG:145,rCLR,Firmicutes bacterium CAG:145,0.0007692172702775901,0.0003063712159001904,125
All,RandomForest,ThomasAM_2018b,0.8180803571428571,PA_Parabacteroides merdae,PA,Parabacteroides merdae,0.0007660496869461683,-0.00018088506184835704,126
All,RandomForest,ThomasAM_2018b,0.8180803571428571,rCLR_Veillonella atypica,rCLR,Veillonella atypica,0.0007639515449126277,-0.00013384842763497365,127
All,RandomForest,ThomasAM_2018b,0.8180803571428571,rCLR_Klebsiella variicola,rCLR,Klebsiella variicola,0.0007489759362418007,-0.0004284135848700842,128
All,RandomForest,ThomasAM_2018b,0.8180803571428571,PA_Collinsella aerofaciens,PA,Collinsella aerofaciens,0.0007392890446858654,0.00034327971642949694,129
All,RandomForest,ThomasAM_2018b,0.8180803571428571,PA_Megamonas funiformis,PA,Megamonas funiformis,0.0007284087206015907,-0.0002576106904509671,130
All,RandomForest,ThomasAM_2018b,0.8180803571428571,rCLR_Bacteroides ovatus,rCLR,Bacteroides ovatus,0.0007004239082718564,0.00019494495758262662,131
All,RandomForest,ThomasAM_2018b,0.8180803571428571,PA_Bacteroides stercoris,PA,Bacteroides stercoris,0.0006672968830123275,-3.927440683162429e-05,132
All,RandomForest,ThomasAM_2018b,0.8180803571428571,rCLR_Klebsiella pneumoniae,rCLR,Klebsiella pneumoniae,0.000651867811767376,7.752720993826219e-05,133
All,RandomForest,ThomasAM_2018b,0.8180803571428571,PA_Butyricimonas virosa,PA,Butyricimonas virosa,0.0006479907460951325,0.00022139371280078258,134
All,RandomForest,ThomasAM_2018b,0.8180803571428571,rCLR_Phocaeicola dorei,rCLR,Phocaeicola dorei,0.0006288547652811706,9.547353401772777e-05,135
All,RandomForest,ThomasAM_2018b,0.8180803571428571,PA_Erysipelatoclostridium ramosum,PA,Erysipelatoclostridium ramosum,0.0005362071963089189,-7.719553873380679e-05,136
All,RandomForest,ThomasAM_2018b,0.8180803571428571,PA_Eubacterium sp. CAG:251,PA,Eubacterium sp. CAG:251,0.000535043653573161,3.3232191664280393e-06,137
All,RandomForest,ThomasAM_2018b,0.8180803571428571,PA_Phocaeicola coprocola,PA,Phocaeicola coprocola,0.0005345549459703434,7.50059725176421e-06,138
All,RandomForest,ThomasAM_2018b,0.8180803571428571,PA_Bacteroides caccae,PA,Bacteroides caccae,0.0005092272571410615,4.673099324026782e-05,139
All,RandomForest,ThomasAM_2018b,0.8180803571428571,PA_Firmicutes bacterium CAG:145,PA,Firmicutes bacterium CAG:145,0.0005063939512059979,0.0002577666924877684,140
All,RandomForest,ThomasAM_2018b,0.8180803571428571,PA_Proteobacteria bacterium CAG:139,PA,Proteobacteria bacterium CAG:139,0.0004936420863643662,0.00010813020212934776,141
All,RandomForest,ThomasAM_2018b,0.8180803571428571,PA_Eubacterium ventriosum,PA,Eubacterium ventriosum,0.0004904591760538493,-2.2852687490267346e-05,142
All,RandomForest,ThomasAM_2018b,0.8180803571428571,PA_Bacteroides cellulosilyticus,PA,Bacteroides cellulosilyticus,0.00046299485675635547,9.721290775992232e-05,143
All,RandomForest,ThomasAM_2018b,0.8180803571428571,PA_Paraprevotella xylaniphila,PA,Paraprevotella xylaniphila,0.00046198853447754527,0.0001401872399482752,144
All,RandomForest,ThomasAM_2018b,0.8180803571428571,PA_Bacteroides sp. CAG:144,PA,Bacteroides sp. CAG:144,0.0004397961512335359,0.00025280141903541686,145
All,RandomForest,ThomasAM_2018b,0.8180803571428571,PA_Phocaeicola massiliensis,PA,Phocaeicola massiliensis,0.0004290098461786887,-0.00010561703692238543,146
All,RandomForest,ThomasAM_2018b,0.8180803571428571,PA_Phascolarctobacterium succinatutens,PA,Phascolarctobacterium succinatutens,0.0004230206767535291,-3.937530578763188e-05,147
All,RandomForest,ThomasAM_2018b,0.8180803571428571,PA_Veillonella parvula,PA,Veillonella parvula,0.0003908980224785042,-4.146301473638853e-05,148
All,RandomForest,ThomasAM_2018b,0.8180803571428571,PA_Bifidobacterium pseudocatenulatum,PA,Bifidobacterium pseudocatenulatum,0.00038823219468433914,7.297160604214162e-06,149
All,RandomForest,ThomasAM_2018b,0.8180803571428571,PA_Prevotella copri,PA,Prevotella copri,0.0003847217486537747,2.3913129912290685e-05,150
All,RandomForest,ThomasAM_2018b,0.8180803571428571,PA_Parabacteroides distasonis,PA,Parabacteroides distasonis,0.00037850668555827906,0.00011707542692782134,151
All,RandomForest,ThomasAM_2018b,0.8180803571428571,PA_Clostridium sp. CAG:58,PA,Clostridium sp. CAG:58,0.0003732472808854521,0.00016082870641071986,152
All,RandomForest,ThomasAM_2018b,0.8180803571428571,PA_Bacteroides ovatus,PA,Bacteroides ovatus,0.0003666122342554343,-0.00016643915589055318,153
All,RandomForest,ThomasAM_2018b,0.8180803571428571,PA_Anaerobutyricum hallii,PA,Anaerobutyricum hallii,0.0003579223707183779,-0.0003093895647278674,154
All,RandomForest,ThomasAM_2018b,0.8180803571428571,PA_Bifidobacterium adolescentis,PA,Bifidobacterium adolescentis,0.00035706368861535134,-0.00012551277145195447,155
All,RandomForest,ThomasAM_2018b,0.8180803571428571,PA_Adlercreutzia equolifaciens,PA,Adlercreutzia equolifaciens,0.000348464944957568,6.561215419004321e-05,156
All,RandomForest,ThomasAM_2018b,0.8180803571428571,PA_Holdemanella biformis,PA,Holdemanella biformis,0.00034586321516226335,-4.9247930555189814e-05,157
All,RandomForest,ThomasAM_2018b,0.8180803571428571,PA_Akkermansia muciniphila,PA,Akkermansia muciniphila,0.00034287216015158685,0.0001019736836776142,158
All,RandomForest,ThomasAM_2018b,0.8180803571428571,PA_Intestinibacter bartlettii,PA,Intestinibacter bartlettii,0.0003268806084237828,0.00017538450745441307,159
All,RandomForest,ThomasAM_2018b,0.8180803571428571,PA_Alistipes shahii,PA,Alistipes shahii,0.0003237267380028442,0.00017002296127651258,160
All,RandomForest,ThomasAM_2018b,0.8180803571428571,PA_Blautia sp. CAG:257,PA,Blautia sp. CAG:257,0.000317435214350959,0.00012726039355560984,161
All,RandomForest,ThomasAM_2018b,0.8180803571428571,PA_Bacteroides finegoldii,PA,Bacteroides finegoldii,0.00031540066895940477,-1.1575809959119934e-05,162
All,RandomForest,ThomasAM_2018b,0.8180803571428571,PA_Bacteroides intestinalis,PA,Bacteroides intestinalis,0.0002951761251647074,2.9730368143497768e-05,163
All,RandomForest,ThomasAM_2018b,0.8180803571428571,PA_[Eubacterium] siraeum,PA,[Eubacterium] siraeum,0.00029470909864340913,-9.473965280476989e-05,164
All,RandomForest,ThomasAM_2018b,0.8180803571428571,PA_Acidaminococcus intestini,PA,Acidaminococcus intestini,0.0002847442072648978,0.00012547076288822623,165
All,RandomForest,ThomasAM_2018b,0.8180803571428571,PA_[Ruminococcus] torques,PA,[Ruminococcus] torques,0.0002714900457246094,1.4897455378819202e-05,166
All,RandomForest,ThomasAM_2018b,0.8180803571428571,PA_Phascolarctobacterium faecium,PA,Phascolarctobacterium faecium,0.0002714895777138238,-1.8999989204247627e-05,167
All,RandomForest,ThomasAM_2018b,0.8180803571428571,PA_Roseburia inulinivorans,PA,Roseburia inulinivorans,0.0002702360665996111,-4.354938762840754e-05,168
All,RandomForest,ThomasAM_2018b,0.8180803571428571,PA_[Eubacterium] rectale,PA,[Eubacterium] rectale,0.0002702145130843754,0.00018315294673362112,169
All,RandomForest,ThomasAM_2018b,0.8180803571428571,PA_Bacteroides thetaiotaomicron,PA,Bacteroides thetaiotaomicron,0.0002689781646776859,-0.00011834348970796507,170
All,RandomForest,ThomasAM_2018b,0.8180803571428571,PA_Ruminococcus bromii,PA,Ruminococcus bromii,0.0002666296088240339,-1.937931088509746e-05,171
All,RandomForest,ThomasAM_2018b,0.8180803571428571,PA_Coprobacter fastidiosus,PA,Coprobacter fastidiosus,0.000258647486546688,-1.1483802383649867e-05,172
All,RandomForest,ThomasAM_2018b,0.8180803571428571,PA_Slackia isoflavoniconvertens,PA,Slackia isoflavoniconvertens,0.00025647559063866204,0.0001122545189736382,173
All,RandomForest,ThomasAM_2018b,0.8180803571428571,PA_Coprococcus eutactus,PA,Coprococcus eutactus,0.0002536656035602708,-3.883814540466034e-05,174
All,RandomForest,ThomasAM_2018b,0.8180803571428571,PA_Eubacterium sp. CAG:274,PA,Eubacterium sp. CAG:274,0.00025360524751704105,-6.228322179858575e-05,175
All,RandomForest,ThomasAM_2018b,0.8180803571428571,PA_Bacteroides xylanisolvens,PA,Bacteroides xylanisolvens,0.00025290717284241786,-5.660682880878378e-05,176
All,RandomForest,ThomasAM_2018b,0.8180803571428571,PA_Bacteroides eggerthii,PA,Bacteroides eggerthii,0.00025134723509553307,-5.20684391926638e-05,177
All,RandomForest,ThomasAM_2018b,0.8180803571428571,PA_Eubacterium ramulus,PA,Eubacterium ramulus,0.00025032584203668503,-9.343795673254282e-05,178
All,RandomForest,ThomasAM_2018b,0.8180803571428571,PA_Roseburia hominis,PA,Roseburia hominis,0.00024914108352811593,-7.97995509695942e-05,179
All,RandomForest,ThomasAM_2018b,0.8180803571428571,PA_Gemmiger formicilis,PA,Gemmiger formicilis,0.00024893239232621746,-0.0001373787688246719,180
All,RandomForest,ThomasAM_2018b,0.8180803571428571,PA_Parasutterella excrementihominis,PA,Parasutterella excrementihominis,0.00024731173032494945,-0.00013067370765526906,181
All,RandomForest,ThomasAM_2018b,0.8180803571428571,PA_Eggerthella lenta,PA,Eggerthella lenta,0.00024476647044386116,2.370366595775654e-05,182
All,RandomForest,ThomasAM_2018b,0.8180803571428571,PA_Alistipes putredinis,PA,Alistipes putredinis,0.00024424352005428083,-5.455139775930704e-05,183
All,RandomForest,ThomasAM_2018b,0.8180803571428571,PA_Alistipes finegoldii,PA,Alistipes finegoldii,0.00024278333696010505,0.00016535432267443873,184
All,RandomForest,ThomasAM_2018b,0.8180803571428571,PA_Streptococcus parasanguinis,PA,Streptococcus parasanguinis,0.00024161359311481868,-2.9462260301797417e-05,185
All,RandomForest,ThomasAM_2018b,0.8180803571428571,PA_Veillonella atypica,PA,Veillonella atypica,0.00023256809676699887,-6.80887322317095e-05,186
All,RandomForest,ThomasAM_2018b,0.8180803571428571,PA_Oscillibacter sp. 57_20,PA,Oscillibacter sp. 57_20,0.0002310632848737331,6.701383021828129e-05,187
All,RandomForest,ThomasAM_2018b,0.8180803571428571,PA_Barnesiella intestinihominis,PA,Barnesiella intestinihominis,0.0002253195505310325,-2.528893608215605e-05,188
All,RandomForest,ThomasAM_2018b,0.8180803571428571,PA_Klebsiella pneumoniae,PA,Klebsiella pneumoniae,0.00022462851174987906,-3.6299184383488627e-06,189
All,RandomForest,ThomasAM_2018b,0.8180803571428571,PA_Coprococcus catus,PA,Coprococcus catus,0.0002183381857666777,2.263824026174962e-05,190
All,RandomForest,ThomasAM_2018b,0.8180803571428571,PA_Dialister invisus,PA,Dialister invisus,0.00021180415140150657,2.6157756690789563e-05,191
All,RandomForest,ThomasAM_2018b,0.8180803571428571,PA_Lachnospira pectinoschiza,PA,Lachnospira pectinoschiza,0.00021017214027147104,-1.8186222082848817e-05,192
All,RandomForest,ThomasAM_2018b,0.8180803571428571,PA_Adlercreutzia equolifaciens_1,PA,Adlercreutzia equolifaciens_1,0.0002087703216390565,-9.508517406266112e-05,193
All,RandomForest,ThomasAM_2018b,0.8180803571428571,PA_Phocaeicola dorei,PA,Phocaeicola dorei,0.00020433353250126854,4.720546779473978e-05,194
All,RandomForest,ThomasAM_2018b,0.8180803571428571,PA_Alistipes inops,PA,Alistipes inops,0.00020217527183250775,4.7623235188982806e-05,195
All,RandomForest,ThomasAM_2018b,0.8180803571428571,PA_Lawsonibacter asaccharolyticus,PA,Lawsonibacter asaccharolyticus,0.00018468870991814924,-0.00011248411008990804,196
All,RandomForest,ThomasAM_2018b,0.8180803571428571,PA_Desulfovibrio piger,PA,Desulfovibrio piger,0.00016990439270088978,-5.136856671474259e-05,197
All,RandomForest,ThomasAM_2018b,0.8180803571428571,PA_Firmicutes bacterium CAG:83,PA,Firmicutes bacterium CAG:83,0.00016707669497522477,-1.095279482424413e-05,198
All,RandomForest,ThomasAM_2018b,0.8180803571428571,PA_Oscillibacter sp. CAG:241,PA,Oscillibacter sp. CAG:241,0.00015815135052210622,1.8044813059513642e-05,199
All,RandomForest,ThomasAM_2018b,0.8180803571428571,PA_Bacteroides uniformis,PA,Bacteroides uniformis,0.00014170150987987141,-2.426886753424391e-05,200
All,RandomForest,ThomasAM_2018b,0.8180803571428571,PA_Klebsiella variicola,PA,Klebsiella variicola,0.0001412689106338349,7.918455130368561e-05,201
All,RandomForest,ThomasAM_2018b,0.8180803571428571,PA_Coprococcus comes,PA,Coprococcus comes,0.0001316867934370096,-1.410050466055127e-05,202
All,RandomForest,ThomasAM_2018b,0.8180803571428571,PA_Dorea longicatena,PA,Dorea longicatena,0.00013119226219200907,-1.9256446300431385e-05,203
All,RandomForest,ThomasAM_2018b,0.8180803571428571,PA_Blautia obeum,PA,Blautia obeum,0.00012959347380277542,-5.286594630046352e-05,204
All,RandomForest,ThomasAM_2018b,0.8180803571428571,PA_Phocaeicola vulgatus,PA,Phocaeicola vulgatus,0.00012569675202606955,-4.175523066084559e-05,205
All,RandomForest,ThomasAM_2018b,0.8180803571428571,PA_Bifidobacterium longum,PA,Bifidobacterium longum,0.00011734210093310687,-2.554647749203016e-05,206
All,RandomForest,ThomasAM_2018b,0.8180803571428571,PA_Gordonibacter pamelaeae,PA,Gordonibacter pamelaeae,0.00011606299111751028,-4.2887194447834825e-05,207
All,RandomForest,ThomasAM_2018b,0.8180803571428571,PA_Klebsiella quasipneumoniae,PA,Klebsiella quasipneumoniae,0.00011508159912384853,5.8197385550442164e-05,208
All,RandomForest,ThomasAM_2018b,0.8180803571428571,PA_Dorea formicigenerans,PA,Dorea formicigenerans,0.000107297358219949,-8.188112057210811e-05,209
All,RandomForest,ThomasAM_2018b,0.8180803571428571,PA_Agathobaculum butyriciproducens,PA,Agathobaculum butyriciproducens,0.00010035715301781767,-1.9265068583893518e-05,210
All,RandomForest,ThomasAM_2018b,0.8180803571428571,PA_Ruthenibacterium lactatiformans,PA,Ruthenibacterium lactatiformans,9.229398887205769e-05,2.2847966411463336e-05,211
All,RandomForest,ThomasAM_2018b,0.8180803571428571,PA_Fusicatenibacter saccharivorans,PA,Fusicatenibacter saccharivorans,9.112978138557568e-05,-2.9629088060830594e-05,212
All,RandomForest,ThomasAM_2018b,0.8180803571428571,PA_Odoribacter splanchnicus,PA,Odoribacter splanchnicus,8.996085583980342e-05,2.5305244800346128e-05,213
All,RandomForest,ThomasAM_2018b,0.8180803571428571,PA_Anaerostipes hadrus,PA,Anaerostipes hadrus,6.68480003382242e-05,-5.667021205816881e-05,214
All,RandomForest,ThomasAM_2018b,0.8180803571428571,PA_Blautia wexlerae,PA,Blautia wexlerae,6.557105643502041e-05,-1.0460167529766479e-05,215
All,RandomForest,ThomasAM_2018b,0.8180803571428571,PA_Faecalibacterium prausnitzii,PA,Faecalibacterium prausnitzii,2.3887737878419248e-05,-8.66263750676818e-06,216
All,RandomForest,ThomasAM_2019_c,0.99625,PA_Parvimonas micra,PA,Parvimonas micra,0.047870627708587646,0.018588395339441077,1
All,RandomForest,ThomasAM_2019_c,0.99625,rCLR_Parvimonas micra,rCLR,Parvimonas micra,0.018610013056421064,0.008487302139685307,2
All,RandomForest,ThomasAM_2019_c,0.99625,rCLR_Ruthenibacterium lactatiformans,rCLR,Ruthenibacterium lactatiformans,0.010778591760137884,-0.0020692887213861607,3
All,RandomForest,ThomasAM_2019_c,0.99625,rCLR_Bacteroides caccae,rCLR,Bacteroides caccae,0.010076769905760018,-0.0006398215811170979,4
All,RandomForest,ThomasAM_2019_c,0.99625,rCLR_Eubacterium sp. CAG:251,rCLR,Eubacterium sp. CAG:251,0.009560554121316156,0.009307195703747839,5
All,RandomForest,ThomasAM_2019_c,0.99625,rCLR_Clostridium sp. CAG:58,rCLR,Clostridium sp. CAG:58,0.009323852727153348,-0.0018791293230638177,6
All,RandomForest,ThomasAM_2019_c,0.99625,rCLR_Anaerostipes hadrus,rCLR,Anaerostipes hadrus,0.009245554680710975,0.0036324615339397986,7
All,RandomForest,ThomasAM_2019_c,0.99625,rCLR_Roseburia intestinalis,rCLR,Roseburia intestinalis,0.00889507312681066,0.0007552217505229178,8
All,RandomForest,ThomasAM_2019_c,0.99625,rCLR_Lachnospira pectinoschiza,rCLR,Lachnospira pectinoschiza,0.00884950203306198,0.003026797205762905,9
All,RandomForest,ThomasAM_2019_c,0.99625,rCLR_[Ruminococcus] torques,rCLR,[Ruminococcus] torques,0.00880369270609065,-0.0029053575535074798,10
All,RandomForest,ThomasAM_2019_c,0.99625,rCLR_Butyricimonas virosa,rCLR,Butyricimonas virosa,0.00862299073142639,-0.004058749024070031,11
All,RandomForest,ThomasAM_2019_c,0.99625,rCLR_Parabacteroides distasonis,rCLR,Parabacteroides distasonis,0.008212187144617253,0.002030459166761539,12
All,RandomForest,ThomasAM_2019_c,0.99625,rCLR_Lachnospira eligens,rCLR,Lachnospira eligens,0.007174837002834824,-0.0009882267062898758,13
All,RandomForest,ThomasAM_2019_c,0.99625,rCLR_Fusicatenibacter saccharivorans,rCLR,Fusicatenibacter saccharivorans,0.007106524796049668,0.002626803226617035,14
All,RandomForest,ThomasAM_2019_c,0.99625,rCLR_Bacteroides thetaiotaomicron,rCLR,Bacteroides thetaiotaomicron,0.006658063762542149,0.0030379656438167283,15
All,RandomForest,ThomasAM_2019_c,0.99625,Age,covariate,Age,0.006650573626199312,-0.0013881972387511073,16
All,RandomForest,ThomasAM_2019_c,0.99625,rCLR_Roseburia faecis,rCLR,Roseburia faecis,0.006566734858127196,0.0025862133501331824,17
All,RandomForest,ThomasAM_2019_c,0.99625,rCLR_Faecalibacterium prausnitzii,rCLR,Faecalibacterium prausnitzii,0.006124841471187366,0.0017107719591095195,18
All,RandomForest,ThomasAM_2019_c,0.99625,rCLR_Bacteroides sp. CAG:144,rCLR,Bacteroides sp. CAG:144,0.005878042158084256,-0.004697594922618473,19
All,RandomForest,ThomasAM_2019_c,0.99625,rCLR_Dorea formicigenerans,rCLR,Dorea formicigenerans,0.005486578885544974,-0.0017946586186547893,20
All,RandomForest,ThomasAM_2019_c,0.99625,rCLR_Eubacterium ventriosum,rCLR,Eubacterium ventriosum,0.005391602702880667,-0.0006165392329755445,21
All,RandomForest,ThomasAM_2019_c,0.99625,rCLR_Odoribacter splanchnicus,rCLR,Odoribacter splanchnicus,0.005309021637846587,-0.0001283576042977,22
All,RandomForest,ThomasAM_2019_c,0.99625,rCLR_Flavonifractor plautii,rCLR,Flavonifractor plautii,0.00464715870796441,0.000888119757505931,23
All,RandomForest,ThomasAM_2019_c,0.99625,rCLR_Bifidobacterium longum,rCLR,Bifidobacterium longum,0.004620221533983787,-0.0003850466811352397,24
All,RandomForest,ThomasAM_2019_c,0.99625,rCLR_Coprobacter fastidiosus,rCLR,Coprobacter fastidiosus,0.004277340657342429,-0.0026818911659238064,25
All,RandomForest,ThomasAM_2019_c,0.99625,rCLR_Coprococcus eutactus,rCLR,Coprococcus eutactus,0.004236652966375832,0.003911926609433445,26
All,RandomForest,ThomasAM_2019_c,0.99625,rCLR_Alistipes finegoldii,rCLR,Alistipes finegoldii,0.003978722056218411,-0.002206607054131254,27
All,RandomForest,ThomasAM_2019_c,0.99625,rCLR_Parabacteroides merdae,rCLR,Parabacteroides merdae,0.003777377189719154,0.0009584424952447284,28
All,RandomForest,ThomasAM_2019_c,0.99625,rCLR_Veillonella parvula,rCLR,Veillonella parvula,0.0037314685124406263,-0.0008342470043848664,29
All,RandomForest,ThomasAM_2019_c,0.99625,rCLR_Eubacterium sp. CAG:38,rCLR,Eubacterium sp. CAG:38,0.0033901457356012984,-0.001821513664261179,30
All,RandomForest,ThomasAM_2019_c,0.99625,rCLR_Bacteroides fragilis,rCLR,Bacteroides fragilis,0.0033298377008357345,0.0008311074420751926,31
All,RandomForest,ThomasAM_2019_c,0.99625,rCLR_Eubacterium sp. CAG:180,rCLR,Eubacterium sp. CAG:180,0.0030390238426176728,-0.0024186056912689135,32
All,RandomForest,ThomasAM_2019_c,0.99625,rCLR_Parasutterella excrementihominis,rCLR,Parasutterella excrementihominis,0.0029390437932544826,-0.001352041247043851,33
All,RandomForest,ThomasAM_2019_c,0.99625,rCLR_Paraprevotella xylaniphila,rCLR,Paraprevotella xylaniphila,0.002932007240935141,0.0008285041843017003,34
All,RandomForest,ThomasAM_2019_c,0.99625,rCLR_Coprococcus catus,rCLR,Coprococcus catus,0.0028859752317525267,-0.0007108609441280908,35
All,RandomForest,ThomasAM_2019_c,0.99625,rCLR_Bacteroides cellulosilyticus,rCLR,Bacteroides cellulosilyticus,0.0027904880527184583,-0.0007111631702177864,36
All,RandomForest,ThomasAM_2019_c,0.99625,rCLR_Bifidobacterium adolescentis,rCLR,Bifidobacterium adolescentis,0.0027897954938301568,0.00021131388432513924,37
All,RandomForest,ThomasAM_2019_c,0.99625,rCLR_Desulfovibrio piger,rCLR,Desulfovibrio piger,0.002681143298195964,-0.0021986365708184944,38
All,RandomForest,ThomasAM_2019_c,0.99625,rCLR_Collinsella aerofaciens,rCLR,Collinsella aerofaciens,0.002550254611900571,0.0001979271482851496,39
All,RandomForest,ThomasAM_2019_c,0.99625,rCLR_Klebsiella quasipneumoniae,rCLR,Klebsiella quasipneumoniae,0.0025251038318502067,0.001618422241267583,40
All,RandomForest,ThomasAM_2019_c,0.99625,rCLR_Bifidobacterium bifidum,rCLR,Bifidobacterium bifidum,0.002497311800987793,0.0006542723062438526,41
All,RandomForest,ThomasAM_2019_c,0.99625,rCLR_Bifidobacterium pseudocatenulatum,rCLR,Bifidobacterium pseudocatenulatum,0.0024301528053923263,-9.37920522359954e-06,42
All,RandomForest,ThomasAM_2019_c,0.99625,PA_Streptococcus salivarius,PA,Streptococcus salivarius,0.002418775909783525,-0.00026881310206433833,43
All,RandomForest,ThomasAM_2019_c,0.99625,rCLR_Anaerotignum lactatifermentans,rCLR,Anaerotignum lactatifermentans,0.002372728915888981,0.000888191621936027,44
All,RandomForest,ThomasAM_2019_c,0.99625,rCLR_Eubacterium sp. CAG:274,rCLR,Eubacterium sp. CAG:274,0.0023450846524918694,-0.001708057674829373,45
All,RandomForest,ThomasAM_2019_c,0.99625,rCLR_Akkermansia muciniphila,rCLR,Akkermansia muciniphila,0.002334371466054708,0.0012898670139301206,46
All,RandomForest,ThomasAM_2019_c,0.99625,rCLR_Oscillibacter sp. CAG:241,rCLR,Oscillibacter sp. CAG:241,0.0021370967873637374,0.00028216450517938753,47
All,RandomForest,ThomasAM_2019_c,0.99625,rCLR_Coprococcus comes,rCLR,Coprococcus comes,0.002137041159525136,0.0011330115893841372,48
All,RandomForest,ThomasAM_2019_c,0.99625,rCLR_Streptococcus thermophilus,rCLR,Streptococcus thermophilus,0.0021292404988978034,0.00013698566341782155,49
All,RandomForest,ThomasAM_2019_c,0.99625,rCLR_Roseburia hominis,rCLR,Roseburia hominis,0.0021176300044420905,0.00020813833461708384,50
All,RandomForest,ThomasAM_2019_c,0.99625,rCLR_Phascolarctobacterium succinatutens,rCLR,Phascolarctobacterium succinatutens,0.002098881466038034,0.0010023745596699747,51
All,RandomForest,ThomasAM_2019_c,0.99625,rCLR_Blautia obeum,rCLR,Blautia obeum,0.002097870706188013,0.00010811543059750277,52
All,RandomForest,ThomasAM_2019_c,0.99625,rCLR_Gemmiger formicilis,rCLR,Gemmiger formicilis,0.0020452637316423056,0.0008064486948073348,53
All,RandomForest,ThomasAM_2019_c,0.99625,rCLR_Erysipelatoclostridium ramosum,rCLR,Erysipelatoclostridium ramosum,0.0019928389709277993,-6.6556169620614325e-06,54
All,RandomForest,ThomasAM_2019_c,0.99625,rCLR_Proteobacteria bacterium CAG:139,rCLR,Proteobacteria bacterium CAG:139,0.0019687764974272645,0.0002793342591413153,55
All,RandomForest,ThomasAM_2019_c,0.99625,rCLR_Dorea longicatena,rCLR,Dorea longicatena,0.0019356519771367674,-0.0003935349708179513,56
All,RandomForest,ThomasAM_2019_c,0.99625,rCLR_Blautia sp. CAG:257,rCLR,Blautia sp. CAG:257,0.0019310799921694796,0.00021374278514399008,57
All,RandomForest,ThomasAM_2019_c,0.99625,PA_Roseburia intestinalis,PA,Roseburia intestinalis,0.001888744200928862,0.00047605494893367746,58
All,RandomForest,ThomasAM_2019_c,0.99625,rCLR_Streptococcus salivarius,rCLR,Streptococcus salivarius,0.0018725650266124352,-0.00010784134958273101,59
All,RandomForest,ThomasAM_2019_c,0.99625,rCLR_Adlercreutzia equolifaciens,rCLR,Adlercreutzia equolifaciens,0.0018615657972491488,-0.0006828175415984182,60
All,RandomForest,ThomasAM_2019_c,0.99625,rCLR_Holdemanella biformis,rCLR,Holdemanella biformis,0.00184987231338271,1.1140048647339698e-05,61
All,RandomForest,ThomasAM_2019_c,0.99625,rCLR_Blautia wexlerae,rCLR,Blautia wexlerae,0.0017172724640987604,0.0006296028266975891,62
All,RandomForest,ThomasAM_2019_c,0.99625,rCLR_Escherichia coli,rCLR,Escherichia coli,0.001684100252355453,6.0776256843068944e-05,63
All,RandomForest,ThomasAM_2019_c,0.99625,rCLR_Phocaeicola vulgatus,rCLR,Phocaeicola vulgatus,0.0016780627551855533,-0.00029951737074087193,64
All,RandomForest,ThomasAM_2019_c,0.99625,rCLR_Prevotella copri,rCLR,Prevotella copri,0.0016778150963360848,0.0003906504075887309,65
All,RandomForest,ThomasAM_2019_c,0.99625,rCLR_[Eubacterium] rectale,rCLR,[Eubacterium] rectale,0.0016607653092039268,-0.00021702344303852346,66
All,RandomForest,ThomasAM_2019_c,0.99625,rCLR_Gordonibacter pamelaeae,rCLR,Gordonibacter pamelaeae,0.0016563232646646952,0.0011985952098694742,67
All,RandomForest,ThomasAM_2019_c,0.99625,rCLR_Alistipes inops,rCLR,Alistipes inops,0.0016234908791788265,0.001232712001636413,68
All,RandomForest,ThomasAM_2019_c,0.99625,PA_Phocaeicola plebeius,PA,Phocaeicola plebeius,0.001600307748162872,0.00011132169198843694,69
All,RandomForest,ThomasAM_2019_c,0.99625,rCLR_Alistipes shahii,rCLR,Alistipes shahii,0.0015758318309988695,0.000419369358662658,70
All,RandomForest,ThomasAM_2019_c,0.99625,rCLR_Acidaminococcus intestini,rCLR,Acidaminococcus intestini,0.001564486591131707,-0.0012078404319290587,71
All,RandomForest,ThomasAM_2019_c,0.99625,rCLR_Bacteroides stercoris,rCLR,Bacteroides stercoris,0.0015556493183134107,-0.0004744217645491373,72
All,RandomForest,ThomasAM_2019_c,0.99625,rCLR_Bacteroides uniformis,rCLR,Bacteroides uniformis,0.0015543350840985823,-0.000329716218105716,73
All,RandomForest,ThomasAM_2019_c,0.99625,rCLR_Enterocloster bolteae,rCLR,Enterocloster bolteae,0.0015192694247778099,0.00021269570947144754,74
All,RandomForest,ThomasAM_2019_c,0.99625,PA_Anaerotignum lactatifermentans,PA,Anaerotignum lactatifermentans,0.0015086351087905854,0.0005538763889922265,75
All,RandomForest,ThomasAM_2019_c,0.99625,rCLR_Agathobaculum butyriciproducens,rCLR,Agathobaculum butyriciproducens,0.0015070582784932304,-0.00017861623922373418,76
All,RandomForest,ThomasAM_2019_c,0.99625,rCLR_Bacteroides salyersiae,rCLR,Bacteroides salyersiae,0.0015008370910875694,-0.00029465970978295383,77
All,RandomForest,ThomasAM_2019_c,0.99625,rCLR_Phocaeicola coprocola,rCLR,Phocaeicola coprocola,0.0014659705507646243,-0.0005253953076283093,78
All,RandomForest,ThomasAM_2019_c,0.99625,PA_Collinsella aerofaciens,PA,Collinsella aerofaciens,0.001453599494643187,-0.00016148819666114933,79
All,RandomForest,ThomasAM_2019_c,0.99625,rCLR_[Ruminococcus] gnavus,rCLR,[Ruminococcus] gnavus,0.001437128608443052,4.538688404241989e-05,80
All,RandomForest,ThomasAM_2019_c,0.99625,PA_Lachnospira eligens,PA,Lachnospira eligens,0.0014347557101503665,2.743567076280709e-05,81
All,RandomForest,ThomasAM_2019_c,0.99625,rCLR_Alistipes putredinis,rCLR,Alistipes putredinis,0.001413882796760563,0.00041295434871712526,82
All,RandomForest,ThomasAM_2019_c,0.99625,rCLR_Slackia isoflavoniconvertens,rCLR,Slackia isoflavoniconvertens,0.0014096436503542341,-0.0009247051607924993,83
All,RandomForest,ThomasAM_2019_c,0.99625,rCLR_Bacteroides eggerthii,rCLR,Bacteroides eggerthii,0.0013507731331957938,-0.0002743997698404739,84
All,RandomForest,ThomasAM_2019_c,0.99625,rCLR_Klebsiella pneumoniae,rCLR,Klebsiella pneumoniae,0.0013383098203210411,0.0002803197019220447,85
All,RandomForest,ThomasAM_2019_c,0.99625,rCLR_Roseburia inulinivorans,rCLR,Roseburia inulinivorans,0.001311806230100917,5.157525792711683e-05,86
All,RandomForest,ThomasAM_2019_c,0.99625,PA_Escherichia coli,PA,Escherichia coli,0.0013075411240126083,-6.476391605104472e-06,87
All,RandomForest,ThomasAM_2019_c,0.99625,rCLR_Firmicutes bacterium CAG:110,rCLR,Firmicutes bacterium CAG:110,0.0012986026276329832,0.0004447876240577773,88
All,RandomForest,ThomasAM_2019_c,0.99625,rCLR_Oscillibacter sp. 57_20,rCLR,Oscillibacter sp. 57_20,0.0012812886371994688,0.00015280133012780223,89
All,RandomForest,ThomasAM_2019_c,0.99625,PA_Ruminococcus bicirculans,PA,Ruminococcus bicirculans,0.0012757190984140038,0.00029769249439997556,90
All,RandomForest,ThomasAM_2019_c,0.99625,rCLR_Streptococcus parasanguinis,rCLR,Streptococcus parasanguinis,0.0012710866205855322,-7.980945108079006e-05,91
All,RandomForest,ThomasAM_2019_c,0.99625,rCLR_Bacteroides finegoldii,rCLR,Bacteroides finegoldii,0.0012664521443705536,0.0010438706525314376,92
All,RandomForest,ThomasAM_2019_c,0.99625,rCLR_Adlercreutzia equolifaciens_1,rCLR,Adlercreutzia equolifaciens_1,0.0012557170715777207,0.0002903259503354898,93
All,RandomForest,ThomasAM_2019_c,0.99625,rCLR_Bacteroides xylanisolvens,rCLR,Bacteroides xylanisolvens,0.0012489246881314299,-0.00021883348749982082,94
All,RandomForest,ThomasAM_2019_c,0.99625,rCLR_Bacteroides intestinalis,rCLR,Bacteroides intestinalis,0.0012281344160028646,0.0006960655483591372,95
All,RandomForest,ThomasAM_2019_c,0.99625,PA_Eubacterium sp. CAG:180,PA,Eubacterium sp. CAG:180,0.0012253423210274003,-0.0002606789735873047,96
All,RandomForest,ThomasAM_2019_c,0.99625,rCLR_Ruminococcus bicirculans,rCLR,Ruminococcus bicirculans,0.001221847208606221,0.0005629099128632393,97
All,RandomForest,ThomasAM_2019_c,0.99625,rCLR_Firmicutes bacterium CAG:145,rCLR,Firmicutes bacterium CAG:145,0.0011752474823886708,-0.00018550786610125794,98
All,RandomForest,ThomasAM_2019_c,0.99625,rCLR_Dialister invisus,rCLR,Dialister invisus,0.0011748087657058634,0.0008651700455938645,99
All,RandomForest,ThomasAM_2019_c,0.99625,Gender,covariate,Gender,0.0011691688017972442,-0.00013589399197221416,100
All,RandomForest,ThomasAM_2019_c,0.99625,rCLR_Eubacterium ramulus,rCLR,Eubacterium ramulus,0.0011465949377147057,0.00011305411092695392,101
All,RandomForest,ThomasAM_2019_c,0.99625,rCLR_Barnesiella intestinihominis,rCLR,Barnesiella intestinihominis,0.0011387933946840033,-0.0002742939365904937,102
All,RandomForest,ThomasAM_2019_c,0.99625,rCLR_Firmicutes bacterium CAG:83,rCLR,Firmicutes bacterium CAG:83,0.0011348707353579638,-0.00036655870222635764,103
All,RandomForest,ThomasAM_2019_c,0.99625,rCLR_Methanobrevibacter smithii,rCLR,Methanobrevibacter smithii,0.0010894308445264836,0.0003670698260099649,104
All,RandomForest,ThomasAM_2019_c,0.99625,PA_Bacteroides fragilis,PA,Bacteroides fragilis,0.0010888062607997669,-0.00020264907431256945,105
All,RandomForest,ThomasAM_2019_c,0.99625,rCLR_Phocaeicola plebeius,rCLR,Phocaeicola plebeius,0.001077431289074947,-0.0004428693751942918,106
All,RandomForest,ThomasAM_2019_c,0.99625,rCLR_Eggerthella lenta,rCLR,Eggerthella lenta,0.0010366511964578643,0.0002892092941021993,107
All,RandomForest,ThomasAM_2019_c,0.99625,rCLR_Veillonella atypica,rCLR,Veillonella atypica,0.0010250941526154336,-0.00011151835081685533,108
All,RandomForest,ThomasAM_2019_c,0.99625,rCLR_Anaerobutyricum hallii,rCLR,Anaerobutyricum hallii,0.001021024620680327,0.0003528443179153517,109
All,RandomForest,ThomasAM_2019_c,0.99625,PA_Proteobacteria bacterium CAG:139,PA,Proteobacteria bacterium CAG:139,0.001007972906122137,0.00020941918861279706,110
All,RandomForest,ThomasAM_2019_c,0.99625,rCLR_Phascolarctobacterium faecium,rCLR,Phascolarctobacterium faecium,0.0009987394140941823,0.0001640790605491168,111
All,RandomForest,ThomasAM_2019_c,0.99625,rCLR_Ruminococcus bromii,rCLR,Ruminococcus bromii,0.0009878685632238122,0.00035780186607568804,112
All,RandomForest,ThomasAM_2019_c,0.99625,rCLR_Phocaeicola dorei,rCLR,Phocaeicola dorei,0.0009805875184712163,-0.00026458172817165747,113
All,RandomForest,ThomasAM_2019_c,0.99625,rCLR_Phocaeicola massiliensis,rCLR,Phocaeicola massiliensis,0.0009527109540739464,0.0004999119964423919,114
All,RandomForest,ThomasAM_2019_c,0.99625,rCLR_Bacteroides ovatus,rCLR,Bacteroides ovatus,0.0009317450435615217,0.000317295355231386,115
All,RandomForest,ThomasAM_2019_c,0.99625,rCLR_[Eubacterium] siraeum,rCLR,[Eubacterium] siraeum,0.0009213605218993395,-0.0002917267836871331,116
All,RandomForest,ThomasAM_2019_c,0.99625,rCLR_Klebsiella variicola,rCLR,Klebsiella variicola,0.0008906758994750256,0.0005346284188202114,117
All,RandomForest,ThomasAM_2019_c,0.99625,rCLR_Megamonas funiformis,rCLR,Megamonas funiformis,0.0008660664845653955,0.0004300181721150141,118
All,RandomForest,ThomasAM_2019_c,0.99625,PA_Bacteroides caccae,PA,Bacteroides caccae,0.0008628863910780408,-0.00021654291935642743,119
All,RandomForest,ThomasAM_2019_c,0.99625,PA_Methanobrevibacter smithii,PA,Methanobrevibacter smithii,0.0008298425508206749,-0.00025911388660769194,120
All,RandomForest,ThomasAM_2019_c,0.99625,PA_Parabacteroides merdae,PA,Parabacteroides merdae,0.0008098738281983122,-2.372207640110491e-05,121
All,RandomForest,ThomasAM_2019_c,0.99625,rCLR_Lawsonibacter asaccharolyticus,rCLR,Lawsonibacter asaccharolyticus,0.0007929185162004873,-0.00010522125982369851,122
All,RandomForest,ThomasAM_2019_c,0.99625,PA_Alistipes shahii,PA,Alistipes shahii,0.000785919817576986,-0.0002075371594194149,123
All,RandomForest,ThomasAM_2019_c,0.99625,PA_Firmicutes bacterium CAG:110,PA,Firmicutes bacterium CAG:110,0.0007564394846178161,3.2147035077349326e-05,124
All,RandomForest,ThomasAM_2019_c,0.99625,PA_Bifidobacterium bifidum,PA,Bifidobacterium bifidum,0.0007560933511811624,-3.865307944753083e-05,125
All,RandomForest,ThomasAM_2019_c,0.99625,PA_Blautia sp. CAG:257,PA,Blautia sp. CAG:257,0.0007531779194945331,-8.30828422739875e-06,126
All,RandomForest,ThomasAM_2019_c,0.99625,rCLR_Intestinibacter bartlettii,rCLR,Intestinibacter bartlettii,0.0007470798683840702,-6.157895131237684e-06,127
All,RandomForest,ThomasAM_2019_c,0.99625,rCLR_[Ruminococcus] lactaris,rCLR,[Ruminococcus] lactaris,0.0007387409028277939,5.180582381343283e-06,128
All,RandomForest,ThomasAM_2019_c,0.99625,PA_Enterocloster bolteae,PA,Enterocloster bolteae,0.0007327008991101589,5.89591466366317e-05,129
All,RandomForest,ThomasAM_2019_c,0.99625,PA_Butyricimonas virosa,PA,Butyricimonas virosa,0.0006955409530162817,-0.00024715635221958597,130
All,RandomForest,ThomasAM_2019_c,0.99625,PA_Eubacterium sp. CAG:38,PA,Eubacterium sp. CAG:38,0.000650446153841033,-2.8920197727722593e-05,131
All,RandomForest,ThomasAM_2019_c,0.99625,PA_Roseburia faecis,PA,Roseburia faecis,0.0006441920357886748,0.0002629250058986389,132
All,RandomForest,ThomasAM_2019_c,0.99625,PA_[Ruminococcus] gnavus,PA,[Ruminococcus] gnavus,0.0005794446533753208,0.00026016756622416137,133
All,RandomForest,ThomasAM_2019_c,0.99625,PA_Bacteroides cellulosilyticus,PA,Bacteroides cellulosilyticus,0.0005740683196639854,-0.00012077172341893971,134
All,RandomForest,ThomasAM_2019_c,0.99625,PA_Megamonas funiformis,PA,Megamonas funiformis,0.0005711453446123911,0.0001832997219523713,135
All,RandomForest,ThomasAM_2019_c,0.99625,PA_Bacteroides stercoris,PA,Bacteroides stercoris,0.0005531417790399464,4.490838904894835e-05,136
All,RandomForest,ThomasAM_2019_c,0.99625,PA_Streptococcus thermophilus,PA,Streptococcus thermophilus,0.0005415727300446889,-5.649990120045865e-06,137
All,RandomForest,ThomasAM_2019_c,0.99625,PA_Bacteroides intestinalis,PA,Bacteroides intestinalis,0.0005255334134831425,0.0002133471350013869,138
All,RandomForest,ThomasAM_2019_c,0.99625,PA_Holdemanella biformis,PA,Holdemanella biformis,0.0005097109630158899,3.7245240216683953e-05,139
All,RandomForest,ThomasAM_2019_c,0.99625,PA_[Ruminococcus] lactaris,PA,[Ruminococcus] lactaris,0.0005078564153522754,0.00021514988949117422,140
All,RandomForest,ThomasAM_2019_c,0.99625,PA_Eubacterium sp. CAG:251,PA,Eubacterium sp. CAG:251,0.0004819103182751074,0.00020244056305125427,141
All,RandomForest,ThomasAM_2019_c,0.99625,PA_Paraprevotella xylaniphila,PA,Paraprevotella xylaniphila,0.00047503997129814984,-5.02064041530694e-05,142
All,RandomForest,ThomasAM_2019_c,0.99625,PA_Anaerobutyricum hallii,PA,Anaerobutyricum hallii,0.0004619940598024028,0.00014729554226321874,143
All,RandomForest,ThomasAM_2019_c,0.99625,PA_Parabacteroides distasonis,PA,Parabacteroides distasonis,0.00045639524398239495,-7.281852387175284e-05,144
All,RandomForest,ThomasAM_2019_c,0.99625,PA_Bifidobacterium pseudocatenulatum,PA,Bifidobacterium pseudocatenulatum,0.0004063552934178194,-7.640458657366523e-05,145
All,RandomForest,ThomasAM_2019_c,0.99625,PA_Anaerostipes hadrus,PA,Anaerostipes hadrus,0.0003990197152511042,0.00016449869789139307,146
All,RandomForest,ThomasAM_2019_c,0.99625,PA_Clostridium sp. CAG:58,PA,Clostridium sp. CAG:58,0.0003982639540088508,-6.075365813100989e-05,147
All,RandomForest,ThomasAM_2019_c,0.99625,PA_Phocaeicola coprocola,PA,Phocaeicola coprocola,0.00039765021051634713,-1.6213042021495054e-05,148
All,RandomForest,ThomasAM_2019_c,0.99625,PA_Alistipes finegoldii,PA,Alistipes finegoldii,0.00039752902777633005,-0.00017129514885392449,149
All,RandomForest,ThomasAM_2019_c,0.99625,PA_Roseburia inulinivorans,PA,Roseburia inulinivorans,0.0003748469134348076,8.674957259541671e-05,150
All,RandomForest,ThomasAM_2019_c,0.99625,PA_Eubacterium ventriosum,PA,Eubacterium ventriosum,0.00037410027142324443,0.0001305777645455148,151
All,RandomForest,ThomasAM_2019_c,0.99625,PA_Eubacterium ramulus,PA,Eubacterium ramulus,0.00035997734519945847,8.74807366471857e-05,152
All,RandomForest,ThomasAM_2019_c,0.99625,PA_Parasutterella excrementihominis,PA,Parasutterella excrementihominis,0.00034339374676824544,1.797820051387398e-05,153
All,RandomForest,ThomasAM_2019_c,0.99625,PA_Adlercreutzia equolifaciens,PA,Adlercreutzia equolifaciens,0.0003396940402083721,-7.347356064935163e-05,154
All,RandomForest,ThomasAM_2019_c,0.99625,PA_Coprobacter fastidiosus,PA,Coprobacter fastidiosus,0.00033313377088045734,-9.781963868009541e-06,155
All,RandomForest,ThomasAM_2019_c,0.99625,PA_Firmicutes bacterium CAG:145,PA,Firmicutes bacterium CAG:145,0.00032991441569490737,1.1286779355215153e-05,156
All,RandomForest,ThomasAM_2019_c,0.99625,PA_Dorea formicigenerans,PA,Dorea formicigenerans,0.00031567939966665114,0.00017634724772311655,157
All,RandomForest,ThomasAM_2019_c,0.99625,PA_[Eubacterium] siraeum,PA,[Eubacterium] siraeum,0.00030892287684587574,-0.0001116229577023617,158
All,RandomForest,ThomasAM_2019_c,0.99625,PA_Intestinibacter bartlettii,PA,Intestinibacter bartlettii,0.00030442972135238965,7.807564244121634e-05,159
All,RandomForest,ThomasAM_2019_c,0.99625,PA_Fusicatenibacter saccharivorans,PA,Fusicatenibacter saccharivorans,0.00030050284338976267,0.00011881632119165777,160
All,RandomForest,ThomasAM_2019_c,0.99625,PA_[Eubacterium] rectale,PA,[Eubacterium] rectale,0.00029926623609580113,-2.355504563984525e-05,161
All,RandomForest,ThomasAM_2019_c,0.99625,PA_Flavonifractor plautii,PA,Flavonifractor plautii,0.00029410161267702154,0.00019359636121713,162
All,RandomForest,ThomasAM_2019_c,0.99625,PA_Slackia isoflavoniconvertens,PA,Slackia isoflavoniconvertens,0.00028991744406714866,-8.896553008642836e-05,163
All,RandomForest,ThomasAM_2019_c,0.99625,PA_Lachnospira pectinoschiza,PA,Lachnospira pectinoschiza,0.00028951024447631667,-4.714343675505716e-05,164
All,RandomForest,ThomasAM_2019_c,0.99625,PA_Bifidobacterium adolescentis,PA,Bifidobacterium adolescentis,0.00028826927077702245,3.30740294616287e-05,165
All,RandomForest,ThomasAM_2019_c,0.99625,PA_Erysipelatoclostridium ramosum,PA,Erysipelatoclostridium ramosum,0.00028733850594972124,9.886993500279001e-05,166
All,RandomForest,ThomasAM_2019_c,0.99625,PA_Adlercreutzia equolifaciens_1,PA,Adlercreutzia equolifaciens_1,0.00028434444874493646,-1.3370149932236022e-05,167
All,RandomForest,ThomasAM_2019_c,0.99625,PA_Klebsiella pneumoniae,PA,Klebsiella pneumoniae,0.00028320431030821175,2.8604641317576592e-05,168
All,RandomForest,ThomasAM_2019_c,0.99625,PA_Coprococcus eutactus,PA,Coprococcus eutactus,0.0002756353911759808,0.00013750640004116363,169
All,RandomForest,ThomasAM_2019_c,0.99625,PA_[Ruminococcus] torques,PA,[Ruminococcus] torques,0.0002743808731473853,4.785080001823384e-05,170
All,RandomForest,ThomasAM_2019_c,0.99625,PA_Alistipes putredinis,PA,Alistipes putredinis,0.00026973835652313805,-2.7475076874841772e-05,171
All,RandomForest,ThomasAM_2019_c,0.99625,PA_Bacteroides salyersiae,PA,Bacteroides salyersiae,0.0002593678158567134,3.8295457676022865e-05,172
All,RandomForest,ThomasAM_2019_c,0.99625,PA_Eubacterium sp. CAG:274,PA,Eubacterium sp. CAG:274,0.00025775773901174547,0.00012208015445799175,173
All,RandomForest,ThomasAM_2019_c,0.99625,PA_Oscillibacter sp. 57_20,PA,Oscillibacter sp. 57_20,0.0002540698713090339,-1.7607904043504173e-05,174
All,RandomForest,ThomasAM_2019_c,0.99625,PA_Ruthenibacterium lactatiformans,PA,Ruthenibacterium lactatiformans,0.0002534032541167354,-0.00011522283491156954,175
All,RandomForest,ThomasAM_2019_c,0.99625,PA_Bacteroides thetaiotaomicron,PA,Bacteroides thetaiotaomicron,0.0002500809183369489,1.144972152932168e-06,176
All,RandomForest,ThomasAM_2019_c,0.99625,PA_Blautia obeum,PA,Blautia obeum,0.00024931317066361885,-2.2678711906208306e-05,177
All,RandomForest,ThomasAM_2019_c,0.99625,PA_Coprococcus catus,PA,Coprococcus catus,0.0002435560168513059,2.7732306514713857e-05,178
All,RandomForest,ThomasAM_2019_c,0.99625,PA_Oscillibacter sp. CAG:241,PA,Oscillibacter sp. CAG:241,0.000241923168506484,1.743604926621886e-05,179
All,RandomForest,ThomasAM_2019_c,0.99625,PA_Ruminococcus bromii,PA,Ruminococcus bromii,0.00024099232071082133,-2.8982976272803994e-05,180
All,RandomForest,ThomasAM_2019_c,0.99625,PA_Lawsonibacter asaccharolyticus,PA,Lawsonibacter asaccharolyticus,0.000236524572287688,-8.646473244286727e-06,181
All,RandomForest,ThomasAM_2019_c,0.99625,PA_Gordonibacter pamelaeae,PA,Gordonibacter pamelaeae,0.0002351665419485218,-9.207092422553416e-05,182
All,RandomForest,ThomasAM_2019_c,0.99625,PA_Gemmiger formicilis,PA,Gemmiger formicilis,0.0002327732222050871,7.920388227470058e-05,183
All,RandomForest,ThomasAM_2019_c,0.99625,PA_Prevotella copri,PA,Prevotella copri,0.0002308780215678589,1.2745432296501154e-06,184
All,RandomForest,ThomasAM_2019_c,0.99625,PA_Bacteroides ovatus,PA,Bacteroides ovatus,0.00022734363993464832,4.975649755458284e-05,185
All,RandomForest,ThomasAM_2019_c,0.99625,PA_Faecalibacterium prausnitzii,PA,Faecalibacterium prausnitzii,0.00022368616457023245,7.922076498708121e-05,186
All,RandomForest,ThomasAM_2019_c,0.99625,PA_Firmicutes bacterium CAG:83,PA,Firmicutes bacterium CAG:83,0.00022052805591370913,1.7092121015277333e-05,187
All,RandomForest,ThomasAM_2019_c,0.99625,PA_Dialister invisus,PA,Dialister invisus,0.0002167698758555181,2.8138391729038785e-08,188
All,RandomForest,ThomasAM_2019_c,0.99625,PA_Veillonella parvula,PA,Veillonella parvula,0.00021176186186896198,7.082834558802312e-05,189
All,RandomForest,ThomasAM_2019_c,0.99625,PA_Bacteroides eggerthii,PA,Bacteroides eggerthii,0.00020413134536062402,1.7156208919195362e-05,190
All,RandomForest,ThomasAM_2019_c,0.99625,PA_Agathobaculum butyriciproducens,PA,Agathobaculum butyriciproducens,0.0002017349722862708,2.0976727341079296e-05,191
All,RandomForest,ThomasAM_2019_c,0.99625,PA_Bacteroides uniformis,PA,Bacteroides uniformis,0.00020024614967588243,-1.4265430802508069e-05,192
All,RandomForest,ThomasAM_2019_c,0.99625,PA_Streptococcus parasanguinis,PA,Streptococcus parasanguinis,0.00019834211227669085,1.0231164968707539e-05,193
All,RandomForest,ThomasAM_2019_c,0.99625,PA_Phocaeicola vulgatus,PA,Phocaeicola vulgatus,0.00019829274239236138,6.834277268155911e-06,194
All,RandomForest,ThomasAM_2019_c,0.99625,PA_Coprococcus comes,PA,Coprococcus comes,0.00019522010064429462,7.092224809763492e-05,195
All,RandomForest,ThomasAM_2019_c,0.99625,PA_Akkermansia muciniphila,PA,Akkermansia muciniphila,0.00019262735223862486,-9.393586152679153e-05,196
All,RandomForest,ThomasAM_2019_c,0.99625,PA_Phascolarctobacterium succinatutens,PA,Phascolarctobacterium succinatutens,0.00019030801207663956,-6.148319686895441e-05,197
All,RandomForest,ThomasAM_2019_c,0.99625,PA_Roseburia hominis,PA,Roseburia hominis,0.0001896758994217977,-4.827880301918514e-05,198
All,RandomForest,ThomasAM_2019_c,0.99625,PA_Desulfovibrio piger,PA,Desulfovibrio piger,0.00018243732582657853,-6.542819384400935e-05,199
All,RandomForest,ThomasAM_2019_c,0.99625,PA_Phocaeicola massiliensis,PA,Phocaeicola massiliensis,0.00018117911953893467,-3.6104855759553625e-05,200
All,RandomForest,ThomasAM_2019_c,0.99625,PA_Barnesiella intestinihominis,PA,Barnesiella intestinihominis,0.00018080635349484179,-8.804750302803619e-06,201
All,RandomForest,ThomasAM_2019_c,0.99625,PA_Eggerthella lenta,PA,Eggerthella lenta,0.00017944209027526443,-3.5732261392130694e-05,202
All,RandomForest,ThomasAM_2019_c,0.99625,PA_Bacteroides xylanisolvens,PA,Bacteroides xylanisolvens,0.00017445642241303063,-7.14475649189183e-05,203
All,RandomForest,ThomasAM_2019_c,0.99625,PA_Veillonella atypica,PA,Veillonella atypica,0.00017276692534171442,-2.800217018199049e-05,204
All,RandomForest,ThomasAM_2019_c,0.99625,PA_Acidaminococcus intestini,PA,Acidaminococcus intestini,0.0001700337646887811,-8.336286387745886e-05,205
All,RandomForest,ThomasAM_2019_c,0.99625,PA_Phocaeicola dorei,PA,Phocaeicola dorei,0.0001665655586227371,-3.3508710963896125e-05,206
All,RandomForest,ThomasAM_2019_c,0.99625,PA_Phascolarctobacterium faecium,PA,Phascolarctobacterium faecium,0.00016431367986132213,1.4071184440961274e-05,207
All,RandomForest,ThomasAM_2019_c,0.99625,PA_Bifidobacterium longum,PA,Bifidobacterium longum,0.00015502959147811242,-3.1267991699666746e-05,208
All,RandomForest,ThomasAM_2019_c,0.99625,PA_Klebsiella variicola,PA,Klebsiella variicola,0.00015246033279021665,3.3645913603544604e-05,209
All,RandomForest,ThomasAM_2019_c,0.99625,PA_Bacteroides sp. CAG:144,PA,Bacteroides sp. CAG:144,0.00015020071097669632,-6.98687156193881e-06,210
All,RandomForest,ThomasAM_2019_c,0.99625,PA_Klebsiella quasipneumoniae,PA,Klebsiella quasipneumoniae,0.00014449146269040705,2.502409524082841e-05,211
All,RandomForest,ThomasAM_2019_c,0.99625,PA_Blautia wexlerae,PA,Blautia wexlerae,0.00013624093302725537,2.0470443338348385e-06,212
All,RandomForest,ThomasAM_2019_c,0.99625,PA_Dorea longicatena,PA,Dorea longicatena,0.0001360792924595201,7.665350720177349e-06,213
All,RandomForest,ThomasAM_2019_c,0.99625,PA_Alistipes inops,PA,Alistipes inops,0.00013332034258787954,1.743429671998212e-05,214
All,RandomForest,ThomasAM_2019_c,0.99625,PA_Odoribacter splanchnicus,PA,Odoribacter splanchnicus,0.00013166073077228264,-4.2764705239456134e-05,215
All,RandomForest,ThomasAM_2019_c,0.99625,PA_Bacteroides finegoldii,PA,Bacteroides finegoldii,0.00011080162078364061,3.9092739242965634e-05,216
All,RandomForest,VogtmannE_2016,0.6865754437869822,PA_Parvimonas micra,PA,Parvimonas micra,0.02965544859741746,-0.012968329027641508,1
All,RandomForest,VogtmannE_2016,0.6865754437869822,rCLR_Roseburia intestinalis,rCLR,Roseburia intestinalis,0.014623726108909586,-0.005370563981363983,2
All,RandomForest,VogtmannE_2016,0.6865754437869822,rCLR_Odoribacter splanchnicus,rCLR,Odoribacter splanchnicus,0.011465642226914692,0.009247996997603277,3
All,RandomForest,VogtmannE_2016,0.6865754437869822,rCLR_Parvimonas micra,rCLR,Parvimonas micra,0.011428909453621069,-0.005450169869155909,4
All,RandomForest,VogtmannE_2016,0.6865754437869822,rCLR_Anaerostipes hadrus,rCLR,Anaerostipes hadrus,0.009990627374678833,0.000696338267194179,5
All,RandomForest,VogtmannE_2016,0.6865754437869822,rCLR_Ruthenibacterium lactatiformans,rCLR,Ruthenibacterium lactatiformans,0.009947560454539737,-0.0005715121312184464,6
All,RandomForest,VogtmannE_2016,0.6865754437869822,rCLR_Eubacterium sp. CAG:251,rCLR,Eubacterium sp. CAG:251,0.009939643230346027,0.008789328315709104,7
All,RandomForest,VogtmannE_2016,0.6865754437869822,rCLR_Lachnospira pectinoschiza,rCLR,Lachnospira pectinoschiza,0.009913100150411124,0.001987931665262736,8
All,RandomForest,VogtmannE_2016,0.6865754437869822,rCLR_Parabacteroides distasonis,rCLR,Parabacteroides distasonis,0.009037338865599454,0.004034036880371514,9
All,RandomForest,VogtmannE_2016,0.6865754437869822,rCLR_Bacteroides caccae,rCLR,Bacteroides caccae,0.008176393330865915,0.003276895716458878,10
All,RandomForest,VogtmannE_2016,0.6865754437869822,rCLR_Clostridium sp. CAG:58,rCLR,Clostridium sp. CAG:58,0.007943601867491207,0.0032047481087432725,11
All,RandomForest,VogtmannE_2016,0.6865754437869822,rCLR_[Ruminococcus] torques,rCLR,[Ruminococcus] torques,0.0073382625909086795,0.0016062840211851818,12
All,RandomForest,VogtmannE_2016,0.6865754437869822,rCLR_Eubacterium ventriosum,rCLR,Eubacterium ventriosum,0.007105326824785906,-0.0037750004474852855,13
All,RandomForest,VogtmannE_2016,0.6865754437869822,rCLR_Bacteroides thetaiotaomicron,rCLR,Bacteroides thetaiotaomicron,0.0069580232140642444,0.0014133284458862688,14
All,RandomForest,VogtmannE_2016,0.6865754437869822,rCLR_Butyricimonas virosa,rCLR,Butyricimonas virosa,0.006899723910189059,2.692560714835714e-05,15
All,RandomForest,VogtmannE_2016,0.6865754437869822,rCLR_Dorea formicigenerans,rCLR,Dorea formicigenerans,0.006774249427883345,-0.001132463510847959,16
All,RandomForest,VogtmannE_2016,0.6865754437869822,rCLR_Lachnospira eligens,rCLR,Lachnospira eligens,0.006665894349888042,-0.002860768927689677,17
All,RandomForest,VogtmannE_2016,0.6865754437869822,rCLR_Alistipes finegoldii,rCLR,Alistipes finegoldii,0.006568694279156402,0.0011425258653013084,18
All,RandomForest,VogtmannE_2016,0.6865754437869822,rCLR_Bacteroides cellulosilyticus,rCLR,Bacteroides cellulosilyticus,0.006035740977372169,0.0016255945384303604,19
All,RandomForest,VogtmannE_2016,0.6865754437869822,rCLR_Veillonella parvula,rCLR,Veillonella parvula,0.005936517287686423,-0.0034606482322866467,20
All,RandomForest,VogtmannE_2016,0.6865754437869822,rCLR_Faecalibacterium prausnitzii,rCLR,Faecalibacterium prausnitzii,0.005752872134056185,-0.002526091957843821,21
All,RandomForest,VogtmannE_2016,0.6865754437869822,Age,covariate,Age,0.005534623340683101,0.00010859070740291442,22
All,RandomForest,VogtmannE_2016,0.6865754437869822,rCLR_Bacteroides fragilis,rCLR,Bacteroides fragilis,0.005512962759505169,0.0033397258363898233,23
All,RandomForest,VogtmannE_2016,0.6865754437869822,rCLR_Roseburia faecis,rCLR,Roseburia faecis,0.005089152224789331,-0.0018017400610594164,24
All,RandomForest,VogtmannE_2016,0.6865754437869822,rCLR_Desulfovibrio piger,rCLR,Desulfovibrio piger,0.00507408213194871,-0.004163538453572121,25
All,RandomForest,VogtmannE_2016,0.6865754437869822,rCLR_Flavonifractor plautii,rCLR,Flavonifractor plautii,0.004929437701951188,0.0001905848455909075,26
All,RandomForest,VogtmannE_2016,0.6865754437869822,rCLR_Oscillibacter sp. CAG:241,rCLR,Oscillibacter sp. CAG:241,0.004271440773642813,0.0011065993940791127,27
All,RandomForest,VogtmannE_2016,0.6865754437869822,rCLR_Parabacteroides merdae,rCLR,Parabacteroides merdae,0.004079399932038099,0.0014710802937015675,28
All,RandomForest,VogtmannE_2016,0.6865754437869822,rCLR_Coprococcus eutactus,rCLR,Coprococcus eutactus,0.004058846309198744,0.0018760833074112498,29
All,RandomForest,VogtmannE_2016,0.6865754437869822,rCLR_Fusicatenibacter saccharivorans,rCLR,Fusicatenibacter saccharivorans,0.004048780996390983,-0.0014126874997617085,30
All,RandomForest,VogtmannE_2016,0.6865754437869822,rCLR_Anaerotignum lactatifermentans,rCLR,Anaerotignum lactatifermentans,0.003824216435246732,0.0010075744835935584,31
All,RandomForest,VogtmannE_2016,0.6865754437869822,rCLR_Proteobacteria bacterium CAG:139,rCLR,Proteobacteria bacterium CAG:139,0.0033989816802439637,-0.0009266146004986049,32
All,RandomForest,VogtmannE_2016,0.6865754437869822,rCLR_Eubacterium sp. CAG:38,rCLR,Eubacterium sp. CAG:38,0.0033963341176399056,-0.0017385241770994314,33
All,RandomForest,VogtmannE_2016,0.6865754437869822,rCLR_Oscillibacter sp. 57_20,rCLR,Oscillibacter sp. 57_20,0.003290342043428198,0.002058081639898485,34
All,RandomForest,VogtmannE_2016,0.6865754437869822,rCLR_Eubacterium sp. CAG:180,rCLR,Eubacterium sp. CAG:180,0.003041525931426185,0.00017531771985071645,35
All,RandomForest,VogtmannE_2016,0.6865754437869822,rCLR_Phocaeicola coprocola,rCLR,Phocaeicola coprocola,0.003003724430747569,-0.0017591861990026122,36
All,RandomForest,VogtmannE_2016,0.6865754437869822,rCLR_Akkermansia muciniphila,rCLR,Akkermansia muciniphila,0.002998870758084829,0.0017205655817131226,37
All,RandomForest,VogtmannE_2016,0.6865754437869822,rCLR_Firmicutes bacterium CAG:83,rCLR,Firmicutes bacterium CAG:83,0.0029796143873685437,0.0012197058768122953,38
All,RandomForest,VogtmannE_2016,0.6865754437869822,rCLR_Methanobrevibacter smithii,rCLR,Methanobrevibacter smithii,0.0029788993044283537,0.002465199011277933,39
All,RandomForest,VogtmannE_2016,0.6865754437869822,rCLR_Collinsella aerofaciens,rCLR,Collinsella aerofaciens,0.0028807742746268196,-0.0011787997659478586,40
All,RandomForest,VogtmannE_2016,0.6865754437869822,rCLR_Coprobacter fastidiosus,rCLR,Coprobacter fastidiosus,0.0024627489973826624,-0.0014989022585688205,41
All,RandomForest,VogtmannE_2016,0.6865754437869822,rCLR_Alistipes putredinis,rCLR,Alistipes putredinis,0.002385776042953836,0.0019242876328810477,42
All,RandomForest,VogtmannE_2016,0.6865754437869822,rCLR_Bacteroides stercoris,rCLR,Bacteroides stercoris,0.002360906263383066,0.0008837938622216502,43
All,RandomForest,VogtmannE_2016,0.6865754437869822,rCLR_Adlercreutzia equolifaciens_1,rCLR,Adlercreutzia equolifaciens_1,0.002353062455065778,0.0002338347732115667,44
All,RandomForest,VogtmannE_2016,0.6865754437869822,rCLR_Coprococcus comes,rCLR,Coprococcus comes,0.002245470433199132,-0.00045509394492975863,45
All,RandomForest,VogtmannE_2016,0.6865754437869822,rCLR_Bifidobacterium longum,rCLR,Bifidobacterium longum,0.0022413313756689175,0.0011292360546144799,46
All,RandomForest,VogtmannE_2016,0.6865754437869822,rCLR_Barnesiella intestinihominis,rCLR,Barnesiella intestinihominis,0.0022319431610331015,0.001115441504561035,47
All,RandomForest,VogtmannE_2016,0.6865754437869822,rCLR_Bacteroides sp. CAG:144,rCLR,Bacteroides sp. CAG:144,0.002199873302938823,-0.001961115654730631,48
All,RandomForest,VogtmannE_2016,0.6865754437869822,rCLR_Dorea longicatena,rCLR,Dorea longicatena,0.002180304038774119,-0.00017134165573220935,49
All,RandomForest,VogtmannE_2016,0.6865754437869822,rCLR_Gordonibacter pamelaeae,rCLR,Gordonibacter pamelaeae,0.0021779292455776193,0.0002673564056036359,50
All,RandomForest,VogtmannE_2016,0.6865754437869822,rCLR_Coprococcus catus,rCLR,Coprococcus catus,0.0021414766519838617,-0.0007212648975667171,51
All,RandomForest,VogtmannE_2016,0.6865754437869822,rCLR_Parasutterella excrementihominis,rCLR,Parasutterella excrementihominis,0.002134810877487414,-0.0011117019636899604,52
All,RandomForest,VogtmannE_2016,0.6865754437869822,PA_Streptococcus salivarius,PA,Streptococcus salivarius,0.002131340587199202,-0.0005717640980530761,53
All,RandomForest,VogtmannE_2016,0.6865754437869822,rCLR_Slackia isoflavoniconvertens,rCLR,Slackia isoflavoniconvertens,0.002029835616566074,0.00034978245628984123,54
All,RandomForest,VogtmannE_2016,0.6865754437869822,rCLR_Paraprevotella xylaniphila,rCLR,Paraprevotella xylaniphila,0.0020084351791554464,-0.0006905075650908093,55
All,RandomForest,VogtmannE_2016,0.6865754437869822,rCLR_Phocaeicola dorei,rCLR,Phocaeicola dorei,0.0019976368292537886,-0.0010906243973317822,56
All,RandomForest,VogtmannE_2016,0.6865754437869822,rCLR_Bacteroides xylanisolvens,rCLR,Bacteroides xylanisolvens,0.001994208335718919,3.767715523380516e-05,57
All,RandomForest,VogtmannE_2016,0.6865754437869822,rCLR_Acidaminococcus intestini,rCLR,Acidaminococcus intestini,0.0019513729185261794,0.0008442529040008984,58
All,RandomForest,VogtmannE_2016,0.6865754437869822,rCLR_[Eubacterium] rectale,rCLR,[Eubacterium] rectale,0.001932893748191762,-0.0005587956356059939,59
All,RandomForest,VogtmannE_2016,0.6865754437869822,PA_Methanobrevibacter smithii,PA,Methanobrevibacter smithii,0.0018879933122103836,0.0006758649967140939,60
All,RandomForest,VogtmannE_2016,0.6865754437869822,rCLR_Holdemanella biformis,rCLR,Holdemanella biformis,0.0018255595487600208,-0.00037910004488053207,61
All,RandomForest,VogtmannE_2016,0.6865754437869822,rCLR_Eggerthella lenta,rCLR,Eggerthella lenta,0.0017716640809711437,-0.00013434734069542973,62
All,RandomForest,VogtmannE_2016,0.6865754437869822,rCLR_[Eubacterium] siraeum,rCLR,[Eubacterium] siraeum,0.001757365006831613,5.988870810069343e-05,63
All,RandomForest,VogtmannE_2016,0.6865754437869822,rCLR_Roseburia hominis,rCLR,Roseburia hominis,0.0016907945715733416,-0.000727752366769625,64
All,RandomForest,VogtmannE_2016,0.6865754437869822,rCLR_Ruminococcus bicirculans,rCLR,Ruminococcus bicirculans,0.0016625374044464962,0.00015514356132545002,65
All,RandomForest,VogtmannE_2016,0.6865754437869822,rCLR_Blautia obeum,rCLR,Blautia obeum,0.0016332915400601822,-0.0004134052811769888,66
All,RandomForest,VogtmannE_2016,0.6865754437869822,rCLR_Klebsiella quasipneumoniae,rCLR,Klebsiella quasipneumoniae,0.0015962943679270537,0.0010625496300295256,67
All,RandomForest,VogtmannE_2016,0.6865754437869822,rCLR_Phocaeicola plebeius,rCLR,Phocaeicola plebeius,0.001561578476805309,-0.00046301157387410345,68
All,RandomForest,VogtmannE_2016,0.6865754437869822,rCLR_Erysipelatoclostridium ramosum,rCLR,Erysipelatoclostridium ramosum,0.0015553584677949722,-0.00015326066608799537,69
All,RandomForest,VogtmannE_2016,0.6865754437869822,rCLR_Eubacterium sp. CAG:274,rCLR,Eubacterium sp. CAG:274,0.001546521069816357,-0.0008336329099157727,70
All,RandomForest,VogtmannE_2016,0.6865754437869822,rCLR_Blautia wexlerae,rCLR,Blautia wexlerae,0.0015366648519521112,-0.0003790625266758325,71
All,RandomForest,VogtmannE_2016,0.6865754437869822,rCLR_Klebsiella variicola,rCLR,Klebsiella variicola,0.0015246771776267422,-0.0009597953649384238,72
All,RandomForest,VogtmannE_2016,0.6865754437869822,rCLR_[Ruminococcus] gnavus,rCLR,[Ruminococcus] gnavus,0.0015080443883954166,0.0007202537698004917,73
All,RandomForest,VogtmannE_2016,0.6865754437869822,rCLR_Bifidobacterium adolescentis,rCLR,Bifidobacterium adolescentis,0.0015034093362995362,0.0002915446295145772,74
All,RandomForest,VogtmannE_2016,0.6865754437869822,rCLR_Agathobaculum butyriciproducens,rCLR,Agathobaculum butyriciproducens,0.0015018894305763519,0.0001488227065281487,75
All,RandomForest,VogtmannE_2016,0.6865754437869822,rCLR_Bacteroides intestinalis,rCLR,Bacteroides intestinalis,0.0014642782088709707,0.00042337264895683183,76
All,RandomForest,VogtmannE_2016,0.6865754437869822,rCLR_Firmicutes bacterium CAG:110,rCLR,Firmicutes bacterium CAG:110,0.0014561267340094262,-0.0008322561661081098,77
All,RandomForest,VogtmannE_2016,0.6865754437869822,rCLR_Prevotella copri,rCLR,Prevotella copri,0.0014542387416156945,0.00037952701154483264,78
All,RandomForest,VogtmannE_2016,0.6865754437869822,PA_Collinsella aerofaciens,PA,Collinsella aerofaciens,0.001428937760868112,-0.00025486916337360123,79
All,RandomForest,VogtmannE_2016,0.6865754437869822,rCLR_Bifidobacterium bifidum,rCLR,Bifidobacterium bifidum,0.0014236625657577985,0.0007459638872776059,80
All,RandomForest,VogtmannE_2016,0.6865754437869822,rCLR_Bifidobacterium pseudocatenulatum,rCLR,Bifidobacterium pseudocatenulatum,0.0014144533049585159,0.0012437120163517243,81
All,RandomForest,VogtmannE_2016,0.6865754437869822,rCLR_Phocaeicola vulgatus,rCLR,Phocaeicola vulgatus,0.0013699773234325692,0.0005291709775566074,82
All,RandomForest,VogtmannE_2016,0.6865754437869822,rCLR_Streptococcus thermophilus,rCLR,Streptococcus thermophilus,0.0013623556854866269,-2.8299355318737142e-05,83
All,RandomForest,VogtmannE_2016,0.6865754437869822,PA_Phocaeicola plebeius,PA,Phocaeicola plebeius,0.0013505675782084512,-0.0003273810444851266,84
All,RandomForest,VogtmannE_2016,0.6865754437869822,rCLR_Blautia sp. CAG:257,rCLR,Blautia sp. CAG:257,0.0012934996952478543,3.5727367187810483e-05,85
All,RandomForest,VogtmannE_2016,0.6865754437869822,PA_Eubacterium sp. CAG:180,PA,Eubacterium sp. CAG:180,0.001289249365776977,0.00024283633604662194,86
All,RandomForest,VogtmannE_2016,0.6865754437869822,rCLR_Firmicutes bacterium CAG:145,rCLR,Firmicutes bacterium CAG:145,0.0012802508448678657,-0.0007372545431695006,87
All,RandomForest,VogtmannE_2016,0.6865754437869822,rCLR_Bacteroides salyersiae,rCLR,Bacteroides salyersiae,0.0012798143602841074,0.00014175600059325663,88
All,RandomForest,VogtmannE_2016,0.6865754437869822,rCLR_Escherichia coli,rCLR,Escherichia coli,0.0012483651016262235,-0.00013633308532493734,89
All,RandomForest,VogtmannE_2016,0.6865754437869822,PA_Ruminococcus bicirculans,PA,Ruminococcus bicirculans,0.001242307174708283,-2.524061396856032e-05,90
All,RandomForest,VogtmannE_2016,0.6865754437869822,rCLR_Phascolarctobacterium succinatutens,rCLR,Phascolarctobacterium succinatutens,0.001239049899282713,0.0007171508611820594,91
All,RandomForest,VogtmannE_2016,0.6865754437869822,rCLR_Eubacterium ramulus,rCLR,Eubacterium ramulus,0.0012309637130470718,-0.0005229404917600174,92
All,RandomForest,VogtmannE_2016,0.6865754437869822,rCLR_Megamonas funiformis,rCLR,Megamonas funiformis,0.001229340193721013,-0.0010632594569957782,93
All,RandomForest,VogtmannE_2016,0.6865754437869822,rCLR_Bacteroides ovatus,rCLR,Bacteroides ovatus,0.001226188272661638,5.417027572382983e-05,94
All,RandomForest,VogtmannE_2016,0.6865754437869822,PA_Roseburia intestinalis,PA,Roseburia intestinalis,0.0011808328309604063,-0.0006408603382142805,95
All,RandomForest,VogtmannE_2016,0.6865754437869822,rCLR_Bacteroides uniformis,rCLR,Bacteroides uniformis,0.001168121856058473,-5.88109877343838e-05,96
All,RandomForest,VogtmannE_2016,0.6865754437869822,rCLR_Ruminococcus bromii,rCLR,Ruminococcus bromii,0.0011416192863473262,-0.0003781903922316821,97
All,RandomForest,VogtmannE_2016,0.6865754437869822,rCLR_Enterocloster bolteae,rCLR,Enterocloster bolteae,0.00113693576456537,0.00017468207190449717,98
All,RandomForest,VogtmannE_2016,0.6865754437869822,PA_Bacteroides fragilis,PA,Bacteroides fragilis,0.0011343545885822088,0.000668246660853745,99
All,RandomForest,VogtmannE_2016,0.6865754437869822,rCLR_Adlercreutzia equolifaciens,rCLR,Adlercreutzia equolifaciens,0.001109305282252969,-0.00022028074483540253,100
All,RandomForest,VogtmannE_2016,0.6865754437869822,rCLR_Phocaeicola massiliensis,rCLR,Phocaeicola massiliensis,0.0010937175109859963,0.0005070155744502003,101
All,RandomForest,VogtmannE_2016,0.6865754437869822,rCLR_Alistipes inops,rCLR,Alistipes inops,0.0010932220737484015,-8.897642736724562e-05,102
All,RandomForest,VogtmannE_2016,0.6865754437869822,rCLR_Bacteroides eggerthii,rCLR,Bacteroides eggerthii,0.0010903333628147862,5.0802840882081995e-05,103
All,RandomForest,VogtmannE_2016,0.6865754437869822,rCLR_Alistipes shahii,rCLR,Alistipes shahii,0.0010704858282200467,0.0003694336113876734,104
All,RandomForest,VogtmannE_2016,0.6865754437869822,rCLR_Streptococcus parasanguinis,rCLR,Streptococcus parasanguinis,0.001051575573452429,0.0001252278586298132,105
All,RandomForest,VogtmannE_2016,0.6865754437869822,Gender,covariate,Gender,0.0010476476646454048,0.0003038123114478061,106
All,RandomForest,VogtmannE_2016,0.6865754437869822,rCLR_Gemmiger formicilis,rCLR,Gemmiger formicilis,0.0010473985699457461,-7.915257870301956e-05,107
All,RandomForest,VogtmannE_2016,0.6865754437869822,PA_Prevotella copri,PA,Prevotella copri,0.0009839663624188612,0.0007583158841649631,108
All,RandomForest,VogtmannE_2016,0.6865754437869822,rCLR_Streptococcus salivarius,rCLR,Streptococcus salivarius,0.0009785631232736513,0.00016681162616989873,109
All,RandomForest,VogtmannE_2016,0.6865754437869822,rCLR_[Ruminococcus] lactaris,rCLR,[Ruminococcus] lactaris,0.0009741235987877993,-0.0004982352831488956,110
All,RandomForest,VogtmannE_2016,0.6865754437869822,rCLR_Veillonella atypica,rCLR,Veillonella atypica,0.0009705637201138517,-0.00011963904805662411,111
All,RandomForest,VogtmannE_2016,0.6865754437869822,rCLR_Roseburia inulinivorans,rCLR,Roseburia inulinivorans,0.0009642695052009335,-0.0001290275111366726,112
All,RandomForest,VogtmannE_2016,0.6865754437869822,rCLR_Bacteroides finegoldii,rCLR,Bacteroides finegoldii,0.0009611610556371288,0.0004134828774679418,113
All,RandomForest,VogtmannE_2016,0.6865754437869822,rCLR_Lawsonibacter asaccharolyticus,rCLR,Lawsonibacter asaccharolyticus,0.0009433226133077691,0.000163575710790519,114
All,RandomForest,VogtmannE_2016,0.6865754437869822,rCLR_Phascolarctobacterium faecium,rCLR,Phascolarctobacterium faecium,0.0009178158676227539,0.000178874708329054,115
All,RandomForest,VogtmannE_2016,0.6865754437869822,rCLR_Anaerobutyricum hallii,rCLR,Anaerobutyricum hallii,0.0009034950997437707,-0.00011631557230564114,116
All,RandomForest,VogtmannE_2016,0.6865754437869822,rCLR_Dialister invisus,rCLR,Dialister invisus,0.0008780778904762495,6.513886559628956e-05,117
All,RandomForest,VogtmannE_2016,0.6865754437869822,PA_Butyricimonas virosa,PA,Butyricimonas virosa,0.0008265208555027979,0.0002651055066117519,118
All,RandomForest,VogtmannE_2016,0.6865754437869822,rCLR_Klebsiella pneumoniae,rCLR,Klebsiella pneumoniae,0.0008156179489098135,-0.00035384984035576224,119
All,RandomForest,VogtmannE_2016,0.6865754437869822,PA_Anaerotignum lactatifermentans,PA,Anaerotignum lactatifermentans,0.0007873958165423589,0.0002491560064276891,120
All,RandomForest,VogtmannE_2016,0.6865754437869822,PA_Akkermansia muciniphila,PA,Akkermansia muciniphila,0.000767517875269391,0.0003454292444976139,121
All,RandomForest,VogtmannE_2016,0.6865754437869822,rCLR_Intestinibacter bartlettii,rCLR,Intestinibacter bartlettii,0.0007306874672121217,2.314797473886201e-06,122
All,RandomForest,VogtmannE_2016,0.6865754437869822,PA_Coprobacter fastidiosus,PA,Coprobacter fastidiosus,0.000691291951960771,-0.0002090474345327682,123
All,RandomForest,VogtmannE_2016,0.6865754437869822,PA_Lachnospira eligens,PA,Lachnospira eligens,0.0006837209049392273,-0.00036857925076806794,124
All,RandomForest,VogtmannE_2016,0.6865754437869822,PA_Escherichia coli,PA,Escherichia coli,0.0006801628424190111,1.2161192464472002e-05,125
All,RandomForest,VogtmannE_2016,0.6865754437869822,PA_Bacteroides stercoris,PA,Bacteroides stercoris,0.0006751591769812314,0.0002933707402708172,126
All,RandomForest,VogtmannE_2016,0.6865754437869822,PA_Firmicutes bacterium CAG:145,PA,Firmicutes bacterium CAG:145,0.0006498248119626022,0.00011030518224788243,127
All,RandomForest,VogtmannE_2016,0.6865754437869822,PA_Firmicutes bacterium CAG:110,PA,Firmicutes bacterium CAG:110,0.0006416607214509771,-0.0002905048822468143,128
All,RandomForest,VogtmannE_2016,0.6865754437869822,PA_Roseburia faecis,PA,Roseburia faecis,0.0006184853164165212,-0.00021865073264667345,129
All,RandomForest,VogtmannE_2016,0.6865754437869822,PA_[Ruminococcus] gnavus,PA,[Ruminococcus] gnavus,0.0005860548971811396,3.248849105657817e-05,130
All,RandomForest,VogtmannE_2016,0.6865754437869822,PA_Bifidobacterium pseudocatenulatum,PA,Bifidobacterium pseudocatenulatum,0.0005574525248598048,0.0003005546542603233,131
All,RandomForest,VogtmannE_2016,0.6865754437869822,PA_Bacteroides caccae,PA,Bacteroides caccae,0.0005529430391183072,4.810223885434642e-06,132
All,RandomForest,VogtmannE_2016,0.6865754437869822,PA_Enterocloster bolteae,PA,Enterocloster bolteae,0.0005380123667152932,0.00017200898317248496,133
All,RandomForest,VogtmannE_2016,0.6865754437869822,PA_Slackia isoflavoniconvertens,PA,Slackia isoflavoniconvertens,0.0005306885904626895,0.00015067612117071347,134
All,RandomForest,VogtmannE_2016,0.6865754437869822,PA_Holdemanella biformis,PA,Holdemanella biformis,0.0005083262633108594,0.0001354110154602586,135
All,RandomForest,VogtmannE_2016,0.6865754437869822,PA_Megamonas funiformis,PA,Megamonas funiformis,0.0005018730804136424,-0.0002918412775739862,136
All,RandomForest,VogtmannE_2016,0.6865754437869822,PA_Bacteroides intestinalis,PA,Bacteroides intestinalis,0.0005002979044907251,-7.295111866903429e-05,137
All,RandomForest,VogtmannE_2016,0.6865754437869822,PA_Clostridium sp. CAG:58,PA,Clostridium sp. CAG:58,0.0004956515373891325,0.00033986895367864626,138
All,RandomForest,VogtmannE_2016,0.6865754437869822,PA_Veillonella parvula,PA,Veillonella parvula,0.0004894665521464103,6.838889378250867e-05,139
All,RandomForest,VogtmannE_2016,0.6865754437869822,PA_Blautia sp. CAG:257,PA,Blautia sp. CAG:257,0.0004487119649797868,-6.15363450649505e-05,140
All,RandomForest,VogtmannE_2016,0.6865754437869822,PA_Ruminococcus bromii,PA,Ruminococcus bromii,0.00042862507633011554,6.442056238374563e-05,141
All,RandomForest,VogtmannE_2016,0.6865754437869822,PA_Parabacteroides merdae,PA,Parabacteroides merdae,0.00042068092744995244,9.338238496326388e-05,142
All,RandomForest,VogtmannE_2016,0.6865754437869822,PA_Oscillibacter sp. CAG:241,PA,Oscillibacter sp. CAG:241,0.00041959859421730403,0.00015063176498097424,143
All,RandomForest,VogtmannE_2016,0.6865754437869822,PA_Bacteroides salyersiae,PA,Bacteroides salyersiae,0.00041846330650789496,0.00012430499116256199,144
All,RandomForest,VogtmannE_2016,0.6865754437869822,PA_Parasutterella excrementihominis,PA,Parasutterella excrementihominis,0.0004179335323479029,-0.0001229389657723678,145
All,RandomForest,VogtmannE_2016,0.6865754437869822,PA_Bacteroides cellulosilyticus,PA,Bacteroides cellulosilyticus,0.0004161814694785837,0.00018372199199776534,146
All,RandomForest,VogtmannE_2016,0.6865754437869822,PA_Flavonifractor plautii,PA,Flavonifractor plautii,0.00041352944602783987,0.00017714248063728334,147
All,RandomForest,VogtmannE_2016,0.6865754437869822,PA_Eubacterium sp. CAG:251,PA,Eubacterium sp. CAG:251,0.00039853053602765913,5.584060329035988e-05,148
All,RandomForest,VogtmannE_2016,0.6865754437869822,PA_Anaerobutyricum hallii,PA,Anaerobutyricum hallii,0.000385212443039821,-1.9514353137380788e-05,149
All,RandomForest,VogtmannE_2016,0.6865754437869822,PA_Phocaeicola coprocola,PA,Phocaeicola coprocola,0.0003673899366355913,-0.00025768912751881893,150
All,RandomForest,VogtmannE_2016,0.6865754437869822,PA_Phocaeicola dorei,PA,Phocaeicola dorei,0.0003598581948955238,-5.216029626910663e-05,151
All,RandomForest,VogtmannE_2016,0.6865754437869822,PA_Veillonella atypica,PA,Veillonella atypica,0.0003464292661390911,7.054095131501743e-05,152
All,RandomForest,VogtmannE_2016,0.6865754437869822,PA_Eubacterium sp. CAG:38,PA,Eubacterium sp. CAG:38,0.0003438864004733451,-6.484542858516415e-05,153
All,RandomForest,VogtmannE_2016,0.6865754437869822,PA_Bifidobacterium adolescentis,PA,Bifidobacterium adolescentis,0.00034146075340667675,7.815980036566308e-05,154
All,RandomForest,VogtmannE_2016,0.6865754437869822,PA_Oscillibacter sp. 57_20,PA,Oscillibacter sp. 57_20,0.0003407837103811629,7.694644297456602e-05,155
All,RandomForest,VogtmannE_2016,0.6865754437869822,PA_Alistipes inops,PA,Alistipes inops,0.00033720623951428844,0.00013022740977578962,156
All,RandomForest,VogtmannE_2016,0.6865754437869822,PA_Phascolarctobacterium succinatutens,PA,Phascolarctobacterium succinatutens,0.00033531069668065247,2.1924220316389693e-05,157
All,RandomForest,VogtmannE_2016,0.6865754437869822,PA_Lachnospira pectinoschiza,PA,Lachnospira pectinoschiza,0.00033465711442608534,-8.750878348777793e-05,158
All,RandomForest,VogtmannE_2016,0.6865754437869822,PA_Adlercreutzia equolifaciens_1,PA,Adlercreutzia equolifaciens_1,0.00033242645658333855,-9.755723943483226e-05,159
All,RandomForest,VogtmannE_2016,0.6865754437869822,PA_Paraprevotella xylaniphila,PA,Paraprevotella xylaniphila,0.00033188359178871487,-8.278096761751617e-06,160
All,RandomForest,VogtmannE_2016,0.6865754437869822,PA_Eubacterium sp. CAG:274,PA,Eubacterium sp. CAG:274,0.00032815278914807925,2.5964643551977527e-05,161
All,RandomForest,VogtmannE_2016,0.6865754437869822,PA_Coprococcus catus,PA,Coprococcus catus,0.00032381786356755997,7.811323091701598e-05,162
All,RandomForest,VogtmannE_2016,0.6865754437869822,PA_Bifidobacterium longum,PA,Bifidobacterium longum,0.0003175056477089716,0.00013251624684513337,163
All,RandomForest,VogtmannE_2016,0.6865754437869822,PA_Gemmiger formicilis,PA,Gemmiger formicilis,0.0003166440067188892,3.011838650526503e-05,164
All,RandomForest,VogtmannE_2016,0.6865754437869822,PA_Coprococcus eutactus,PA,Coprococcus eutactus,0.00031644818865760504,4.7962211138614004e-05,165
All,RandomForest,VogtmannE_2016,0.6865754437869822,PA_[Ruminococcus] lactaris,PA,[Ruminococcus] lactaris,0.00030319885894513097,-1.514708668566973e-05,166
All,RandomForest,VogtmannE_2016,0.6865754437869822,PA_Alistipes shahii,PA,Alistipes shahii,0.00029390329302687304,0.00016256998807504992,167
All,RandomForest,VogtmannE_2016,0.6865754437869822,PA_Streptococcus thermophilus,PA,Streptococcus thermophilus,0.00029314268523323797,0.00020501262800492264,168
All,RandomForest,VogtmannE_2016,0.6865754437869822,PA_Phocaeicola massiliensis,PA,Phocaeicola massiliensis,0.00028628098685316036,-4.297519974626318e-05,169
All,RandomForest,VogtmannE_2016,0.6865754437869822,PA_Erysipelatoclostridium ramosum,PA,Erysipelatoclostridium ramosum,0.00028392689237862774,0.00010068153797467954,170
All,RandomForest,VogtmannE_2016,0.6865754437869822,PA_Proteobacteria bacterium CAG:139,PA,Proteobacteria bacterium CAG:139,0.00028206258545139626,-4.399722616613442e-05,171
All,RandomForest,VogtmannE_2016,0.6865754437869822,PA_Bacteroides eggerthii,PA,Bacteroides eggerthii,0.0002800775769793953,-6.8189835509557e-05,172
All,RandomForest,VogtmannE_2016,0.6865754437869822,PA_Alistipes finegoldii,PA,Alistipes finegoldii,0.00027687914345146767,0.00018315491416933982,173
All,RandomForest,VogtmannE_2016,0.6865754437869822,PA_Bacteroides ovatus,PA,Bacteroides ovatus,0.0002659949633687834,1.1431704043949406e-05,174
All,RandomForest,VogtmannE_2016,0.6865754437869822,PA_Blautia wexlerae,PA,Blautia wexlerae,0.0002553224096539164,1.7289757647811202e-05,175
All,RandomForest,VogtmannE_2016,0.6865754437869822,PA_Bifidobacterium bifidum,PA,Bifidobacterium bifidum,0.00025316482977880047,7.53190875990627e-05,176
All,RandomForest,VogtmannE_2016,0.6865754437869822,PA_[Ruminococcus] torques,PA,[Ruminococcus] torques,0.0002495075361340498,0.0001112365084891778,177
All,RandomForest,VogtmannE_2016,0.6865754437869822,PA_Parabacteroides distasonis,PA,Parabacteroides distasonis,0.00024741864217589434,6.99593733291909e-05,178
All,RandomForest,VogtmannE_2016,0.6865754437869822,PA_Streptococcus parasanguinis,PA,Streptococcus parasanguinis,0.00024025942461554348,8.411042033725179e-05,179
All,RandomForest,VogtmannE_2016,0.6865754437869822,PA_Eubacterium ramulus,PA,Eubacterium ramulus,0.0002398202382827961,-2.753265183776103e-05,180
All,RandomForest,VogtmannE_2016,0.6865754437869822,PA_Bacteroides finegoldii,PA,Bacteroides finegoldii,0.00023437345784721556,8.62628810841238e-05,181
All,RandomForest,VogtmannE_2016,0.6865754437869822,PA_Bacteroides sp. CAG:144,PA,Bacteroides sp. CAG:144,0.00023193719623022417,-5.8601500078257704e-05,182
All,RandomForest,VogtmannE_2016,0.6865754437869822,PA_[Eubacterium] siraeum,PA,[Eubacterium] siraeum,0.0002262109606112977,-2.6142085771628384e-05,183
All,RandomForest,VogtmannE_2016,0.6865754437869822,PA_Eubacterium ventriosum,PA,Eubacterium ventriosum,0.00021709355374907813,1.537346196261509e-05,184
All,RandomForest,VogtmannE_2016,0.6865754437869822,PA_Barnesiella intestinihominis,PA,Barnesiella intestinihominis,0.00021449642469724387,7.651223534780844e-05,185
All,RandomForest,VogtmannE_2016,0.6865754437869822,PA_Bacteroides thetaiotaomicron,PA,Bacteroides thetaiotaomicron,0.00020024182686726393,-7.775870904729174e-05,186
All,RandomForest,VogtmannE_2016,0.6865754437869822,PA_Acidaminococcus intestini,PA,Acidaminococcus intestini,0.0001994431239679847,-8.35336015843093e-05,187
All,RandomForest,VogtmannE_2016,0.6865754437869822,PA_Firmicutes bacterium CAG:83,PA,Firmicutes bacterium CAG:83,0.0001948958023950752,-3.150387901861604e-05,188
All,RandomForest,VogtmannE_2016,0.6865754437869822,PA_Intestinibacter bartlettii,PA,Intestinibacter bartlettii,0.0001939851244953805,3.340578807558939e-05,189
All,RandomForest,VogtmannE_2016,0.6865754437869822,PA_Blautia obeum,PA,Blautia obeum,0.00019217180215360085,2.120170041284382e-05,190
All,RandomForest,VogtmannE_2016,0.6865754437869822,PA_Eggerthella lenta,PA,Eggerthella lenta,0.00018702067540874448,2.6780939418392117e-05,191
All,RandomForest,VogtmannE_2016,0.6865754437869822,PA_Odoribacter splanchnicus,PA,Odoribacter splanchnicus,0.00018205905363205289,1.4300797372090968e-06,192
All,RandomForest,VogtmannE_2016,0.6865754437869822,PA_Dorea formicigenerans,PA,Dorea formicigenerans,0.00018103749762507504,5.0846776737735516e-06,193
All,RandomForest,VogtmannE_2016,0.6865754437869822,PA_Dorea longicatena,PA,Dorea longicatena,0.00017813756894795296,-4.724217340517637e-08,194
All,RandomForest,VogtmannE_2016,0.6865754437869822,PA_Adlercreutzia equolifaciens,PA,Adlercreutzia equolifaciens,0.0001771356319781641,3.286814406898502e-05,195
All,RandomForest,VogtmannE_2016,0.6865754437869822,PA_Phascolarctobacterium faecium,PA,Phascolarctobacterium faecium,0.00017618371627972832,-4.3184931708707593e-05,196
All,RandomForest,VogtmannE_2016,0.6865754437869822,PA_Desulfovibrio piger,PA,Desulfovibrio piger,0.0001732849717831014,3.857498666459952e-05,197
All,RandomForest,VogtmannE_2016,0.6865754437869822,PA_Coprococcus comes,PA,Coprococcus comes,0.00016953633378780474,1.2334113647022466e-05,198
All,RandomForest,VogtmannE_2016,0.6865754437869822,PA_Gordonibacter pamelaeae,PA,Gordonibacter pamelaeae,0.0001622267763307271,-3.7402477362533995e-05,199
All,RandomForest,VogtmannE_2016,0.6865754437869822,PA_[Eubacterium] rectale,PA,[Eubacterium] rectale,0.0001566327439710565,0.00012526479298466856,200
All,RandomForest,VogtmannE_2016,0.6865754437869822,PA_Dialister invisus,PA,Dialister invisus,0.00015122513728834226,1.5636765945527422e-05,201
All,RandomForest,VogtmannE_2016,0.6865754437869822,PA_Agathobaculum butyriciproducens,PA,Agathobaculum butyriciproducens,0.0001461686168764147,4.0230655736321544e-05,202
All,RandomForest,VogtmannE_2016,0.6865754437869822,PA_Klebsiella pneumoniae,PA,Klebsiella pneumoniae,0.0001454021098324758,1.0699797470350523e-05,203
All,RandomForest,VogtmannE_2016,0.6865754437869822,PA_Klebsiella variicola,PA,Klebsiella variicola,0.00012878730704822094,9.248979401552745e-06,204
All,RandomForest,VogtmannE_2016,0.6865754437869822,PA_Roseburia inulinivorans,PA,Roseburia inulinivorans,0.0001274751855303163,3.1081294996902737e-06,205
All,RandomForest,VogtmannE_2016,0.6865754437869822,PA_Bacteroides xylanisolvens,PA,Bacteroides xylanisolvens,0.0001221063475995799,-6.81304846698528e-05,206
All,RandomForest,VogtmannE_2016,0.6865754437869822,PA_Lawsonibacter asaccharolyticus,PA,Lawsonibacter asaccharolyticus,0.00011734746928898702,3.983874442966141e-05,207
All,RandomForest,VogtmannE_2016,0.6865754437869822,PA_Fusicatenibacter saccharivorans,PA,Fusicatenibacter saccharivorans,0.0001139468158292298,1.8180505828539945e-05,208
All,RandomForest,VogtmannE_2016,0.6865754437869822,PA_Alistipes putredinis,PA,Alistipes putredinis,0.00011242549069870309,2.5314318452772922e-05,209
All,RandomForest,VogtmannE_2016,0.6865754437869822,PA_Klebsiella quasipneumoniae,PA,Klebsiella quasipneumoniae,0.00011212940462050923,-5.407237411290395e-06,210
All,RandomForest,VogtmannE_2016,0.6865754437869822,PA_Anaerostipes hadrus,PA,Anaerostipes hadrus,0.00010922316361374557,-4.048581455896668e-06,211
All,RandomForest,VogtmannE_2016,0.6865754437869822,PA_Roseburia hominis,PA,Roseburia hominis,0.00010830926268569794,-1.2723689467946023e-06,212
All,RandomForest,VogtmannE_2016,0.6865754437869822,PA_Ruthenibacterium lactatiformans,PA,Ruthenibacterium lactatiformans,9.67806006765415e-05,7.858460935956023e-05,213
All,RandomForest,VogtmannE_2016,0.6865754437869822,PA_Phocaeicola vulgatus,PA,Phocaeicola vulgatus,9.599244092009412e-05,-1.071351465388525e-05,214
All,RandomForest,VogtmannE_2016,0.6865754437869822,PA_Bacteroides uniformis,PA,Bacteroides uniformis,6.884712603287794e-05,4.5280979051217865e-05,215
All,RandomForest,VogtmannE_2016,0.6865754437869822,PA_Faecalibacterium prausnitzii,PA,Faecalibacterium prausnitzii,2.9821519930170543e-05,-1.362681963322065e-05,216
All,RandomForest,WirbelJ_2018,0.8244871794871793,PA_Parvimonas micra,PA,Parvimonas micra,0.031919187382129885,-0.0012869960078400998,1
All,RandomForest,WirbelJ_2018,0.8244871794871793,rCLR_Eubacterium ventriosum,rCLR,Eubacterium ventriosum,0.013913739139514061,-0.0017769778497867942,2
All,RandomForest,WirbelJ_2018,0.8244871794871793,rCLR_Ruthenibacterium lactatiformans,rCLR,Ruthenibacterium lactatiformans,0.01318473911637782,0.0006383299483245345,3
All,RandomForest,WirbelJ_2018,0.8244871794871793,rCLR_Lachnospira pectinoschiza,rCLR,Lachnospira pectinoschiza,0.010565428631436431,0.0004080782564414362,4
All,RandomForest,WirbelJ_2018,0.8244871794871793,rCLR_Parvimonas micra,rCLR,Parvimonas micra,0.008795677818153883,0.0018768447369313516,5
All,RandomForest,WirbelJ_2018,0.8244871794871793,rCLR_Alistipes finegoldii,rCLR,Alistipes finegoldii,0.008744298584920533,0.004163267632799307,6
All,RandomForest,WirbelJ_2018,0.8244871794871793,rCLR_Roseburia intestinalis,rCLR,Roseburia intestinalis,0.008385358349654908,-0.0032370707489405843,7
All,RandomForest,WirbelJ_2018,0.8244871794871793,rCLR_Anaerostipes hadrus,rCLR,Anaerostipes hadrus,0.00798940417440331,0.0043581353380928,8
All,RandomForest,WirbelJ_2018,0.8244871794871793,rCLR_Roseburia faecis,rCLR,Roseburia faecis,0.007918787867233804,-0.005044288004667756,9
All,RandomForest,WirbelJ_2018,0.8244871794871793,rCLR_Lachnospira eligens,rCLR,Lachnospira eligens,0.006885683149099545,-0.0020495843079645954,10
All,RandomForest,WirbelJ_2018,0.8244871794871793,rCLR_Eubacterium sp. CAG:251,rCLR,Eubacterium sp. CAG:251,0.006834519586209758,0.004682316745702429,11
All,RandomForest,WirbelJ_2018,0.8244871794871793,rCLR_Parabacteroides distasonis,rCLR,Parabacteroides distasonis,0.006756741176098051,-0.0009689753164881203,12
All,RandomForest,WirbelJ_2018,0.8244871794871793,rCLR_Fusicatenibacter saccharivorans,rCLR,Fusicatenibacter saccharivorans,0.006665902925940766,-0.004433957254144462,13
All,RandomForest,WirbelJ_2018,0.8244871794871793,rCLR_Clostridium sp. CAG:58,rCLR,Clostridium sp. CAG:58,0.006166784123165112,-0.0006471374007117009,14
All,RandomForest,WirbelJ_2018,0.8244871794871793,rCLR_Flavonifractor plautii,rCLR,Flavonifractor plautii,0.005896946430509557,-0.0030255238316567305,15
All,RandomForest,WirbelJ_2018,0.8244871794871793,rCLR_[Ruminococcus] torques,rCLR,[Ruminococcus] torques,0.005489257426281428,-0.0011664754811148035,16
All,RandomForest,WirbelJ_2018,0.8244871794871793,rCLR_Oscillibacter sp. 57_20,rCLR,Oscillibacter sp. 57_20,0.005400809748876268,0.002849484877162651,17
All,RandomForest,WirbelJ_2018,0.8244871794871793,rCLR_Butyricimonas virosa,rCLR,Butyricimonas virosa,0.005179403837945743,-0.0007507636580248171,18
All,RandomForest,WirbelJ_2018,0.8244871794871793,rCLR_Dorea formicigenerans,rCLR,Dorea formicigenerans,0.005076053625240585,9.305073755216536e-05,19
All,RandomForest,WirbelJ_2018,0.8244871794871793,rCLR_Coprococcus catus,rCLR,Coprococcus catus,0.00505959142724308,0.0014806375270483049,20
All,RandomForest,WirbelJ_2018,0.8244871794871793,rCLR_Bacteroides caccae,rCLR,Bacteroides caccae,0.0047735666298055895,-0.000663658606197479,21
All,RandomForest,WirbelJ_2018,0.8244871794871793,rCLR_Bacteroides thetaiotaomicron,rCLR,Bacteroides thetaiotaomicron,0.004737981017609189,-0.00042891761534073595,22
All,RandomForest,WirbelJ_2018,0.8244871794871793,rCLR_Odoribacter splanchnicus,rCLR,Odoribacter splanchnicus,0.004641761257012311,0.0016528553963647379,23
All,RandomForest,WirbelJ_2018,0.8244871794871793,rCLR_Proteobacteria bacterium CAG:139,rCLR,Proteobacteria bacterium CAG:139,0.00459056139078578,-0.0006783563459096496,24
All,RandomForest,WirbelJ_2018,0.8244871794871793,rCLR_Paraprevotella xylaniphila,rCLR,Paraprevotella xylaniphila,0.004566744264326223,-9.192465768451462e-05,25
All,RandomForest,WirbelJ_2018,0.8244871794871793,rCLR_Akkermansia muciniphila,rCLR,Akkermansia muciniphila,0.004512073446930746,0.0008102234015531091,26
All,RandomForest,WirbelJ_2018,0.8244871794871793,Age,covariate,Age,0.004490765518193324,-0.0006314250995550322,27
All,RandomForest,WirbelJ_2018,0.8244871794871793,rCLR_Faecalibacterium prausnitzii,rCLR,Faecalibacterium prausnitzii,0.0042309559905842255,-0.0028298121517070767,28
All,RandomForest,WirbelJ_2018,0.8244871794871793,rCLR_Bifidobacterium longum,rCLR,Bifidobacterium longum,0.004074858590117067,-0.0005368195258885658,29
All,RandomForest,WirbelJ_2018,0.8244871794871793,rCLR_Eubacterium sp. CAG:274,rCLR,Eubacterium sp. CAG:274,0.0039291496830578835,-0.0013270364834096697,30
All,RandomForest,WirbelJ_2018,0.8244871794871793,rCLR_Coprobacter fastidiosus,rCLR,Coprobacter fastidiosus,0.0037538415667035772,-0.0008846606746952868,31
All,RandomForest,WirbelJ_2018,0.8244871794871793,PA_Streptococcus salivarius,PA,Streptococcus salivarius,0.0034568394067919722,0.0003068505709790013,32
All,RandomForest,WirbelJ_2018,0.8244871794871793,rCLR_Collinsella aerofaciens,rCLR,Collinsella aerofaciens,0.003401033129940802,0.0007915495498354451,33
All,RandomForest,WirbelJ_2018,0.8244871794871793,rCLR_Streptococcus thermophilus,rCLR,Streptococcus thermophilus,0.00326493442956606,0.0012613121033501966,34
All,RandomForest,WirbelJ_2018,0.8244871794871793,rCLR_Parabacteroides merdae,rCLR,Parabacteroides merdae,0.0032245114660224843,0.00031523140837914817,35
All,RandomForest,WirbelJ_2018,0.8244871794871793,rCLR_Dorea longicatena,rCLR,Dorea longicatena,0.0030239478307819653,0.0005420251747206803,36
All,RandomForest,WirbelJ_2018,0.8244871794871793,rCLR_Veillonella parvula,rCLR,Veillonella parvula,0.0030154903081855444,-0.00197801084259819,37
All,RandomForest,WirbelJ_2018,0.8244871794871793,rCLR_Eubacterium sp. CAG:180,rCLR,Eubacterium sp. CAG:180,0.00292686521824443,-0.0009250901965444173,38
All,RandomForest,WirbelJ_2018,0.8244871794871793,rCLR_Alistipes putredinis,rCLR,Alistipes putredinis,0.0029259493480088272,0.0015286091181651667,39
All,RandomForest,WirbelJ_2018,0.8244871794871793,rCLR_Bacteroides salyersiae,rCLR,Bacteroides salyersiae,0.002885197273760602,-0.0010328435091627062,40
All,RandomForest,WirbelJ_2018,0.8244871794871793,rCLR_Coprococcus comes,rCLR,Coprococcus comes,0.002864224522946969,-0.0006062404267981152,41
All,RandomForest,WirbelJ_2018,0.8244871794871793,rCLR_Bacteroides sp. CAG:144,rCLR,Bacteroides sp. CAG:144,0.002788334099678015,-0.00212892840854687,42
All,RandomForest,WirbelJ_2018,0.8244871794871793,rCLR_Desulfovibrio piger,rCLR,Desulfovibrio piger,0.0027413218288333714,-0.0014103573920814755,43
All,RandomForest,WirbelJ_2018,0.8244871794871793,rCLR_Escherichia coli,rCLR,Escherichia coli,0.002584191344484954,-0.0012083435298432263,44
All,RandomForest,WirbelJ_2018,0.8244871794871793,rCLR_Slackia isoflavoniconvertens,rCLR,Slackia isoflavoniconvertens,0.0025595516769862225,-0.0019351715501815137,45
All,RandomForest,WirbelJ_2018,0.8244871794871793,rCLR_Roseburia hominis,rCLR,Roseburia hominis,0.0024589882921429696,0.00014239172400276894,46
All,RandomForest,WirbelJ_2018,0.8244871794871793,rCLR_Methanobrevibacter smithii,rCLR,Methanobrevibacter smithii,0.002420858979715886,0.001348191027690178,47
All,RandomForest,WirbelJ_2018,0.8244871794871793,rCLR_Oscillibacter sp. CAG:241,rCLR,Oscillibacter sp. CAG:241,0.0024041843044364593,0.001096755250314663,48
All,RandomForest,WirbelJ_2018,0.8244871794871793,rCLR_Ruminococcus bicirculans,rCLR,Ruminococcus bicirculans,0.002359106869098947,-0.0011162054201620034,49
All,RandomForest,WirbelJ_2018,0.8244871794871793,rCLR_Parasutterella excrementihominis,rCLR,Parasutterella excrementihominis,0.0022974179962584533,-0.0003178928498662458,50
All,RandomForest,WirbelJ_2018,0.8244871794871793,rCLR_Holdemanella biformis,rCLR,Holdemanella biformis,0.0022710098964145377,-0.00048198507958557493,51
All,RandomForest,WirbelJ_2018,0.8244871794871793,rCLR_[Eubacterium] rectale,rCLR,[Eubacterium] rectale,0.002225202125019806,-0.0001725223697195245,52
All,RandomForest,WirbelJ_2018,0.8244871794871793,rCLR_Bacteroides cellulosilyticus,rCLR,Bacteroides cellulosilyticus,0.002204349805241315,5.4049457984382335e-05,53
All,RandomForest,WirbelJ_2018,0.8244871794871793,rCLR_Gemmiger formicilis,rCLR,Gemmiger formicilis,0.0022007640060651584,-0.00045014123002589534,54
All,RandomForest,WirbelJ_2018,0.8244871794871793,rCLR_Bacteroides xylanisolvens,rCLR,Bacteroides xylanisolvens,0.002182443963927773,5.861149799224475e-07,55
All,RandomForest,WirbelJ_2018,0.8244871794871793,rCLR_Eubacterium sp. CAG:38,rCLR,Eubacterium sp. CAG:38,0.0021188584653904553,-6.21285655040644e-05,56
All,RandomForest,WirbelJ_2018,0.8244871794871793,rCLR_Firmicutes bacterium CAG:83,rCLR,Firmicutes bacterium CAG:83,0.0020653059703253816,-0.00010964184026277398,57
All,RandomForest,WirbelJ_2018,0.8244871794871793,rCLR_Bacteroides fragilis,rCLR,Bacteroides fragilis,0.002036463178277743,0.00012761676790497156,58
All,RandomForest,WirbelJ_2018,0.8244871794871793,rCLR_Bifidobacterium pseudocatenulatum,rCLR,Bifidobacterium pseudocatenulatum,0.001989003262961574,0.0007297603912984373,59
All,RandomForest,WirbelJ_2018,0.8244871794871793,rCLR_Bifidobacterium adolescentis,rCLR,Bifidobacterium adolescentis,0.0019097964302286553,-0.0004326079070911668,60
All,RandomForest,WirbelJ_2018,0.8244871794871793,rCLR_Coprococcus eutactus,rCLR,Coprococcus eutactus,0.001874508239313988,9.375809580231829e-05,61
All,RandomForest,WirbelJ_2018,0.8244871794871793,rCLR_Phocaeicola vulgatus,rCLR,Phocaeicola vulgatus,0.0018624322251523209,0.0003026286209137529,62
All,RandomForest,WirbelJ_2018,0.8244871794871793,PA_Phocaeicola plebeius,PA,Phocaeicola plebeius,0.0018125565367169301,-0.0005308177180854234,63
All,RandomForest,WirbelJ_2018,0.8244871794871793,rCLR_Acidaminococcus intestini,rCLR,Acidaminococcus intestini,0.0018036285780215235,-0.0014684654602158233,64
All,RandomForest,WirbelJ_2018,0.8244871794871793,rCLR_Eubacterium ramulus,rCLR,Eubacterium ramulus,0.0017763161013801966,0.00040738357673241496,65
All,RandomForest,WirbelJ_2018,0.8244871794871793,rCLR_Prevotella copri,rCLR,Prevotella copri,0.0017521969417456113,0.00022288898333553536,66
All,RandomForest,WirbelJ_2018,0.8244871794871793,rCLR_Blautia obeum,rCLR,Blautia obeum,0.001700376317251609,3.6399693287027845e-05,67
All,RandomForest,WirbelJ_2018,0.8244871794871793,rCLR_Firmicutes bacterium CAG:110,rCLR,Firmicutes bacterium CAG:110,0.0016593692326004436,-0.000595263984759073,68
All,RandomForest,WirbelJ_2018,0.8244871794871793,PA_Prevotella copri,PA,Prevotella copri,0.0016536558767129138,-6.983016826586667e-05,69
All,RandomForest,WirbelJ_2018,0.8244871794871793,PA_Methanobrevibacter smithii,PA,Methanobrevibacter smithii,0.001639356084080142,0.0006088751310396745,70
All,RandomForest,WirbelJ_2018,0.8244871794871793,rCLR_Alistipes shahii,rCLR,Alistipes shahii,0.001577723638422982,0.00039043189176269516,71
All,RandomForest,WirbelJ_2018,0.8244871794871793,rCLR_Anaerobutyricum hallii,rCLR,Anaerobutyricum hallii,0.0015460466897301186,0.0005008596178587254,72
All,RandomForest,WirbelJ_2018,0.8244871794871793,rCLR_Streptococcus salivarius,rCLR,Streptococcus salivarius,0.0015222696199318929,0.0007686337853715836,73
All,RandomForest,WirbelJ_2018,0.8244871794871793,rCLR_Phascolarctobacterium faecium,rCLR,Phascolarctobacterium faecium,0.001517009862938879,0.0006061366755422306,74
All,RandomForest,WirbelJ_2018,0.8244871794871793,rCLR_Firmicutes bacterium CAG:145,rCLR,Firmicutes bacterium CAG:145,0.0015146916874781149,0.00048657224687412336,75
All,RandomForest,WirbelJ_2018,0.8244871794871793,rCLR_Bacteroides uniformis,rCLR,Bacteroides uniformis,0.001509761214164172,-0.0005974041131497292,76
All,RandomForest,WirbelJ_2018,0.8244871794871793,rCLR_[Ruminococcus] gnavus,rCLR,[Ruminococcus] gnavus,0.001496489356676314,-0.0004665856177655808,77
All,RandomForest,WirbelJ_2018,0.8244871794871793,rCLR_Phocaeicola coprocola,rCLR,Phocaeicola coprocola,0.0014838688719788493,-0.00144359702479516,78
All,RandomForest,WirbelJ_2018,0.8244871794871793,PA_Bacteroides fragilis,PA,Bacteroides fragilis,0.0014660479410713342,-0.0001267830447300837,79
All,RandomForest,WirbelJ_2018,0.8244871794871793,rCLR_Bacteroides eggerthii,rCLR,Bacteroides eggerthii,0.0014627873373759678,-0.0001367295828548679,80
All,RandomForest,WirbelJ_2018,0.8244871794871793,rCLR_Streptococcus parasanguinis,rCLR,Streptococcus parasanguinis,0.0014371767870818817,0.0005120419690328648,81
All,RandomForest,WirbelJ_2018,0.8244871794871793,rCLR_Klebsiella quasipneumoniae,rCLR,Klebsiella quasipneumoniae,0.001411682420107043,0.0010630344520670587,82
All,RandomForest,WirbelJ_2018,0.8244871794871793,rCLR_Alistipes inops,rCLR,Alistipes inops,0.0013837511814388734,0.0007868166781827454,83
All,RandomForest,WirbelJ_2018,0.8244871794871793,rCLR_Phascolarctobacterium succinatutens,rCLR,Phascolarctobacterium succinatutens,0.0013835161186130068,0.0003845129415267903,84
All,RandomForest,WirbelJ_2018,0.8244871794871793,rCLR_Dialister invisus,rCLR,Dialister invisus,0.001381921093225913,5.22374885798229e-05,85
All,RandomForest,WirbelJ_2018,0.8244871794871793,rCLR_Erysipelatoclostridium ramosum,rCLR,Erysipelatoclostridium ramosum,0.0013636033607967177,-0.0004984143094168654,86
All,RandomForest,WirbelJ_2018,0.8244871794871793,rCLR_Bacteroides stercoris,rCLR,Bacteroides stercoris,0.0013605776042976204,-0.00012334474959442386,87
All,RandomForest,WirbelJ_2018,0.8244871794871793,rCLR_Phocaeicola plebeius,rCLR,Phocaeicola plebeius,0.0013302040108141154,4.050192764022392e-05,88
All,RandomForest,WirbelJ_2018,0.8244871794871793,rCLR_Veillonella atypica,rCLR,Veillonella atypica,0.0013186443018571453,-0.0007101357081647478,89
All,RandomForest,WirbelJ_2018,0.8244871794871793,rCLR_Barnesiella intestinihominis,rCLR,Barnesiella intestinihominis,0.001318578872767925,0.0005305319124120291,90
All,RandomForest,WirbelJ_2018,0.8244871794871793,rCLR_Anaerotignum lactatifermentans,rCLR,Anaerotignum lactatifermentans,0.0013166014349046786,-0.0006168239100978281,91
All,RandomForest,WirbelJ_2018,0.8244871794871793,rCLR_Lawsonibacter asaccharolyticus,rCLR,Lawsonibacter asaccharolyticus,0.001290611650637169,0.00011021645497829055,92
All,RandomForest,WirbelJ_2018,0.8244871794871793,rCLR_Adlercreutzia equolifaciens,rCLR,Adlercreutzia equolifaciens,0.0012892845961667931,-0.0006734609191123408,93
All,RandomForest,WirbelJ_2018,0.8244871794871793,rCLR_Bacteroides finegoldii,rCLR,Bacteroides finegoldii,0.0012827383926251549,0.00017516609803571316,94
All,RandomForest,WirbelJ_2018,0.8244871794871793,rCLR_Roseburia inulinivorans,rCLR,Roseburia inulinivorans,0.0012290676792321286,-4.2350988357415976e-05,95
All,RandomForest,WirbelJ_2018,0.8244871794871793,PA_Eubacterium sp. CAG:180,PA,Eubacterium sp. CAG:180,0.0011887618972346945,1.4163270310185786e-06,96
All,RandomForest,WirbelJ_2018,0.8244871794871793,rCLR_Blautia sp. CAG:257,rCLR,Blautia sp. CAG:257,0.0011605910725740224,-0.0006025187132731974,97
All,RandomForest,WirbelJ_2018,0.8244871794871793,rCLR_Eggerthella lenta,rCLR,Eggerthella lenta,0.0011419772376600444,2.2449124055025985e-05,98
All,RandomForest,WirbelJ_2018,0.8244871794871793,rCLR_Bacteroides ovatus,rCLR,Bacteroides ovatus,0.0011298152504365582,-6.983476333312842e-05,99
All,RandomForest,WirbelJ_2018,0.8244871794871793,rCLR_Blautia wexlerae,rCLR,Blautia wexlerae,0.0011199534488928798,0.0007516634324979767,100
All,RandomForest,WirbelJ_2018,0.8244871794871793,PA_Bacteroides caccae,PA,Bacteroides caccae,0.001115893835582571,9.471663154313577e-05,101
All,RandomForest,WirbelJ_2018,0.8244871794871793,rCLR_Ruminococcus bromii,rCLR,Ruminococcus bromii,0.0010563827873108099,-1.679014350924771e-05,102
All,RandomForest,WirbelJ_2018,0.8244871794871793,rCLR_Enterocloster bolteae,rCLR,Enterocloster bolteae,0.001042469509096749,-0.0006241059324323138,103
All,RandomForest,WirbelJ_2018,0.8244871794871793,rCLR_Gordonibacter pamelaeae,rCLR,Gordonibacter pamelaeae,0.0010263793027123094,0.00011585567713995338,104
All,RandomForest,WirbelJ_2018,0.8244871794871793,rCLR_[Ruminococcus] lactaris,rCLR,[Ruminococcus] lactaris,0.001015669257755842,-0.00024072786879666418,105
All,RandomForest,WirbelJ_2018,0.8244871794871793,PA_Lachnospira eligens,PA,Lachnospira eligens,0.0010146569450906636,-0.0005622622317048992,106
All,RandomForest,WirbelJ_2018,0.8244871794871793,PA_Roseburia intestinalis,PA,Roseburia intestinalis,0.0010099796224174724,-0.0004617176446358701,107
All,RandomForest,WirbelJ_2018,0.8244871794871793,rCLR_Bifidobacterium bifidum,rCLR,Bifidobacterium bifidum,0.0010085857495620357,-0.0004491055468080987,108
All,RandomForest,WirbelJ_2018,0.8244871794871793,rCLR_[Eubacterium] siraeum,rCLR,[Eubacterium] siraeum,0.0009791755779317104,6.320400656256393e-05,109
All,RandomForest,WirbelJ_2018,0.8244871794871793,rCLR_Agathobaculum butyriciproducens,rCLR,Agathobaculum butyriciproducens,0.0009774721499119998,-0.0001805996146403114,110
All,RandomForest,WirbelJ_2018,0.8244871794871793,rCLR_Klebsiella pneumoniae,rCLR,Klebsiella pneumoniae,0.000969986142293892,-0.00023880215770983714,111
All,RandomForest,WirbelJ_2018,0.8244871794871793,PA_Firmicutes bacterium CAG:110,PA,Firmicutes bacterium CAG:110,0.0009635297098789003,-0.00034512375691079925,112
All,RandomForest,WirbelJ_2018,0.8244871794871793,rCLR_Klebsiella variicola,rCLR,Klebsiella variicola,0.0009172338875497245,-0.0003156521003549532,113
All,RandomForest,WirbelJ_2018,0.8244871794871793,rCLR_Phocaeicola dorei,rCLR,Phocaeicola dorei,0.0008663060910598747,-7.498947432708813e-05,114
All,RandomForest,WirbelJ_2018,0.8244871794871793,rCLR_Adlercreutzia equolifaciens_1,rCLR,Adlercreutzia equolifaciens_1,0.0008586632387927062,-9.75585615169372e-05,115
All,RandomForest,WirbelJ_2018,0.8244871794871793,rCLR_Bacteroides intestinalis,rCLR,Bacteroides intestinalis,0.000836831026922422,-0.0004089426205770014,116
All,RandomForest,WirbelJ_2018,0.8244871794871793,Gender,covariate,Gender,0.0008366906701859622,-7.442180927978563e-05,117
All,RandomForest,WirbelJ_2018,0.8244871794871793,PA_Collinsella aerofaciens,PA,Collinsella aerofaciens,0.0008084811861866427,0.00015392161044298146,118
All,RandomForest,WirbelJ_2018,0.8244871794871793,PA_Ruminococcus bicirculans,PA,Ruminococcus bicirculans,0.0007783594752697881,-0.00038715840407636733,119
All,RandomForest,WirbelJ_2018,0.8244871794871793,rCLR_Intestinibacter bartlettii,rCLR,Intestinibacter bartlettii,0.0007759234931592118,6.446619658575083e-05,120
All,RandomForest,WirbelJ_2018,0.8244871794871793,PA_Proteobacteria bacterium CAG:139,PA,Proteobacteria bacterium CAG:139,0.0007536595476579372,-0.00021747843999316628,121
All,RandomForest,WirbelJ_2018,0.8244871794871793,PA_Clostridium sp. CAG:58,PA,Clostridium sp. CAG:58,0.0007493105895744489,0.00016239925169505182,122
All,RandomForest,WirbelJ_2018,0.8244871794871793,PA_Bacteroides salyersiae,PA,Bacteroides salyersiae,0.0007429636211897061,8.373170569272862e-05,123
All,RandomForest,WirbelJ_2018,0.8244871794871793,rCLR_Phocaeicola massiliensis,rCLR,Phocaeicola massiliensis,0.0007249405594750752,0.00016951974851090024,124
All,RandomForest,WirbelJ_2018,0.8244871794871793,PA_Bifidobacterium bifidum,PA,Bifidobacterium bifidum,0.0007197255089896732,-0.00012708499434553995,125
All,RandomForest,WirbelJ_2018,0.8244871794871793,PA_Butyricimonas virosa,PA,Butyricimonas virosa,0.0006987883789701341,0.00010399896109886726,126
All,RandomForest,WirbelJ_2018,0.8244871794871793,PA_Roseburia faecis,PA,Roseburia faecis,0.0006653315491712855,-0.00044680683580966085,127
All,RandomForest,WirbelJ_2018,0.8244871794871793,PA_Bacteroides stercoris,PA,Bacteroides stercoris,0.0006609736890633278,-0.00013043077668875884,128
All,RandomForest,WirbelJ_2018,0.8244871794871793,PA_Parabacteroides merdae,PA,Parabacteroides merdae,0.0006240533798490932,9.45748662516842e-05,129
All,RandomForest,WirbelJ_2018,0.8244871794871793,PA_Paraprevotella xylaniphila,PA,Paraprevotella xylaniphila,0.0006095041162778442,0.00011954996145044495,130
All,RandomForest,WirbelJ_2018,0.8244871794871793,rCLR_Megamonas funiformis,rCLR,Megamonas funiformis,0.0005877925072580745,-8.480966104473799e-05,131
All,RandomForest,WirbelJ_2018,0.8244871794871793,PA_Escherichia coli,PA,Escherichia coli,0.0005806598637376725,-9.782016367547192e-06,132
All,RandomForest,WirbelJ_2018,0.8244871794871793,PA_Bacteroides intestinalis,PA,Bacteroides intestinalis,0.0005786044680757306,-0.0001343185969947149,133
All,RandomForest,WirbelJ_2018,0.8244871794871793,PA_Bifidobacterium pseudocatenulatum,PA,Bifidobacterium pseudocatenulatum,0.0005768360016197029,0.00014195403067700474,134
All,RandomForest,WirbelJ_2018,0.8244871794871793,PA_Streptococcus thermophilus,PA,Streptococcus thermophilus,0.0005633636881159977,-0.0003746493598285043,135
All,RandomForest,WirbelJ_2018,0.8244871794871793,PA_Coprobacter fastidiosus,PA,Coprobacter fastidiosus,0.0005515156128652055,-0.0003341211768097919,136
All,RandomForest,WirbelJ_2018,0.8244871794871793,PA_Anaerotignum lactatifermentans,PA,Anaerotignum lactatifermentans,0.000536375588251282,-0.00023649122264604713,137
All,RandomForest,WirbelJ_2018,0.8244871794871793,PA_Firmicutes bacterium CAG:145,PA,Firmicutes bacterium CAG:145,0.0005216956869134518,9.531495120159258e-05,138
All,RandomForest,WirbelJ_2018,0.8244871794871793,PA_Megamonas funiformis,PA,Megamonas funiformis,0.000521088287025332,-0.0004401752362058386,139
All,RandomForest,WirbelJ_2018,0.8244871794871793,PA_Parasutterella excrementihominis,PA,Parasutterella excrementihominis,0.00045554112244911347,-0.0001500926273836097,140
All,RandomForest,WirbelJ_2018,0.8244871794871793,PA_Desulfovibrio piger,PA,Desulfovibrio piger,0.0004397297225638821,9.378056710111813e-05,141
All,RandomForest,WirbelJ_2018,0.8244871794871793,PA_Alistipes shahii,PA,Alistipes shahii,0.0004240377676857155,9.654143538935495e-05,142
All,RandomForest,WirbelJ_2018,0.8244871794871793,PA_Adlercreutzia equolifaciens_1,PA,Adlercreutzia equolifaciens_1,0.0004129007318531939,-0.00020081078592830515,143
All,RandomForest,WirbelJ_2018,0.8244871794871793,PA_[Ruminococcus] gnavus,PA,[Ruminococcus] gnavus,0.00040067553654545544,-0.0001332840857705378,144
All,RandomForest,WirbelJ_2018,0.8244871794871793,PA_Bacteroides cellulosilyticus,PA,Bacteroides cellulosilyticus,0.00038000955819252947,0.00015032356314968398,145
All,RandomForest,WirbelJ_2018,0.8244871794871793,PA_Enterocloster bolteae,PA,Enterocloster bolteae,0.0003772501035439373,-0.00017012821504590664,146
All,RandomForest,WirbelJ_2018,0.8244871794871793,PA_Blautia sp. CAG:257,PA,Blautia sp. CAG:257,0.0003687122862477179,0.00018153324503903897,147
All,RandomForest,WirbelJ_2018,0.8244871794871793,PA_Eubacterium sp. CAG:38,PA,Eubacterium sp. CAG:38,0.0003673264316246717,-0.00018640683875973863,148
All,RandomForest,WirbelJ_2018,0.8244871794871793,PA_Holdemanella biformis,PA,Holdemanella biformis,0.00036504537199326224,-4.520660401312209e-05,149
All,RandomForest,WirbelJ_2018,0.8244871794871793,PA_Bacteroides eggerthii,PA,Bacteroides eggerthii,0.00035974445101391713,0.00019388746583787328,150
All,RandomForest,WirbelJ_2018,0.8244871794871793,PA_Gordonibacter pamelaeae,PA,Gordonibacter pamelaeae,0.0003530323067305938,4.4150078976608384e-05,151
All,RandomForest,WirbelJ_2018,0.8244871794871793,PA_Ruminococcus bromii,PA,Ruminococcus bromii,0.00034747808703359563,-0.0001059139650960518,152
All,RandomForest,WirbelJ_2018,0.8244871794871793,PA_Anaerobutyricum hallii,PA,Anaerobutyricum hallii,0.0003472445825749976,-0.00024203149463048184,153
All,RandomForest,WirbelJ_2018,0.8244871794871793,PA_Barnesiella intestinihominis,PA,Barnesiella intestinihominis,0.00033212841731910435,7.276461807846938e-05,154
All,RandomForest,WirbelJ_2018,0.8244871794871793,PA_[Ruminococcus] lactaris,PA,[Ruminococcus] lactaris,0.00033092123423848475,-0.00017052205767180488,155
All,RandomForest,WirbelJ_2018,0.8244871794871793,PA_Klebsiella pneumoniae,PA,Klebsiella pneumoniae,0.0003274618770842457,-0.00015931978015494482,156
All,RandomForest,WirbelJ_2018,0.8244871794871793,PA_Eubacterium sp. CAG:274,PA,Eubacterium sp. CAG:274,0.00032741778908283443,-0.0001223513862371913,157
All,RandomForest,WirbelJ_2018,0.8244871794871793,PA_Intestinibacter bartlettii,PA,Intestinibacter bartlettii,0.0003219097604787801,5.2947352337101835e-06,158
All,RandomForest,WirbelJ_2018,0.8244871794871793,PA_Phascolarctobacterium succinatutens,PA,Phascolarctobacterium succinatutens,0.0003052343743465584,-8.251541444231958e-05,159
All,RandomForest,WirbelJ_2018,0.8244871794871793,PA_Eggerthella lenta,PA,Eggerthella lenta,0.00030110741967889564,-9.681992988145443e-05,160
All,RandomForest,WirbelJ_2018,0.8244871794871793,PA_Akkermansia muciniphila,PA,Akkermansia muciniphila,0.0003005901178632858,0.00018453582309685973,161
All,RandomForest,WirbelJ_2018,0.8244871794871793,PA_Bacteroides sp. CAG:144,PA,Bacteroides sp. CAG:144,0.0002988046632099662,0.00015328328996923096,162
All,RandomForest,WirbelJ_2018,0.8244871794871793,PA_Veillonella parvula,PA,Veillonella parvula,0.0002940650612575402,-7.71037840486364e-05,163
All,RandomForest,WirbelJ_2018,0.8244871794871793,PA_Gemmiger formicilis,PA,Gemmiger formicilis,0.00029104668634802355,-0.0001431693752626167,164
All,RandomForest,WirbelJ_2018,0.8244871794871793,PA_Blautia obeum,PA,Blautia obeum,0.00026856510198297855,-0.0001878876402901613,165
All,RandomForest,WirbelJ_2018,0.8244871794871793,PA_Oscillibacter sp. CAG:241,PA,Oscillibacter sp. CAG:241,0.0002662860473726275,7.250455966951094e-05,166
All,RandomForest,WirbelJ_2018,0.8244871794871793,PA_Phocaeicola dorei,PA,Phocaeicola dorei,0.0002626624789542485,-9.321405579526242e-05,167
All,RandomForest,WirbelJ_2018,0.8244871794871793,PA_[Eubacterium] rectale,PA,[Eubacterium] rectale,0.00026142635924906527,0.00014893541199758234,168
All,RandomForest,WirbelJ_2018,0.8244871794871793,PA_Oscillibacter sp. 57_20,PA,Oscillibacter sp. 57_20,0.00025539781302126634,7.557695699688394e-05,169
All,RandomForest,WirbelJ_2018,0.8244871794871793,PA_Lachnospira pectinoschiza,PA,Lachnospira pectinoschiza,0.0002513633677132049,8.878292421805376e-05,170
All,RandomForest,WirbelJ_2018,0.8244871794871793,PA_Phocaeicola coprocola,PA,Phocaeicola coprocola,0.0002479275782564001,-0.00014633117597447913,171
All,RandomForest,WirbelJ_2018,0.8244871794871793,PA_Erysipelatoclostridium ramosum,PA,Erysipelatoclostridium ramosum,0.00024250120986439927,-2.981732142356913e-05,172
All,RandomForest,WirbelJ_2018,0.8244871794871793,PA_Eubacterium ventriosum,PA,Eubacterium ventriosum,0.00024196970356418104,-4.3140556363818314e-05,173
All,RandomForest,WirbelJ_2018,0.8244871794871793,PA_Alistipes inops,PA,Alistipes inops,0.00024154531827958787,7.939252791698723e-05,174
All,RandomForest,WirbelJ_2018,0.8244871794871793,PA_Flavonifractor plautii,PA,Flavonifractor plautii,0.0002394254641287194,-3.211675050445215e-05,175
All,RandomForest,WirbelJ_2018,0.8244871794871793,PA_[Eubacterium] siraeum,PA,[Eubacterium] siraeum,0.00023926346544280762,0.00012608721405008878,176
All,RandomForest,WirbelJ_2018,0.8244871794871793,PA_Coprococcus eutactus,PA,Coprococcus eutactus,0.00023819456432296195,-6.306010845957735e-05,177
All,RandomForest,WirbelJ_2018,0.8244871794871793,PA_Bifidobacterium adolescentis,PA,Bifidobacterium adolescentis,0.00023401889557411843,-4.908657056547511e-05,178
All,RandomForest,WirbelJ_2018,0.8244871794871793,PA_Eubacterium ramulus,PA,Eubacterium ramulus,0.0002336443726568554,1.655670870958987e-05,179
All,RandomForest,WirbelJ_2018,0.8244871794871793,PA_[Ruminococcus] torques,PA,[Ruminococcus] torques,0.00022688958279642047,7.918940104658295e-05,180
All,RandomForest,WirbelJ_2018,0.8244871794871793,PA_Odoribacter splanchnicus,PA,Odoribacter splanchnicus,0.00022666694669062535,-6.96339659874454e-06,181
All,RandomForest,WirbelJ_2018,0.8244871794871793,PA_Veillonella atypica,PA,Veillonella atypica,0.00021384704714508975,-3.4614159913661236e-05,182
All,RandomForest,WirbelJ_2018,0.8244871794871793,PA_Eubacterium sp. CAG:251,PA,Eubacterium sp. CAG:251,0.00021365814875121865,-3.937213390946086e-05,183
All,RandomForest,WirbelJ_2018,0.8244871794871793,PA_Bacteroides xylanisolvens,PA,Bacteroides xylanisolvens,0.00021342923636102714,7.580686502623683e-06,184
All,RandomForest,WirbelJ_2018,0.8244871794871793,PA_Firmicutes bacterium CAG:83,PA,Firmicutes bacterium CAG:83,0.00021253194043273905,-4.17842052396833e-05,185
All,RandomForest,WirbelJ_2018,0.8244871794871793,PA_Alistipes finegoldii,PA,Alistipes finegoldii,0.0002106699363445549,3.417806785646708e-05,186
All,RandomForest,WirbelJ_2018,0.8244871794871793,PA_Bacteroides thetaiotaomicron,PA,Bacteroides thetaiotaomicron,0.0002104372008454468,-7.920591849820879e-06,187
All,RandomForest,WirbelJ_2018,0.8244871794871793,PA_Alistipes putredinis,PA,Alistipes putredinis,0.00020840683475420677,1.775341182895479e-05,188
All,RandomForest,WirbelJ_2018,0.8244871794871793,PA_Slackia isoflavoniconvertens,PA,Slackia isoflavoniconvertens,0.0002081570052575178,2.600850663991948e-05,189
All,RandomForest,WirbelJ_2018,0.8244871794871793,PA_Dialister invisus,PA,Dialister invisus,0.00018995321996100492,-5.679875842402917e-06,190
All,RandomForest,WirbelJ_2018,0.8244871794871793,PA_Ruthenibacterium lactatiformans,PA,Ruthenibacterium lactatiformans,0.000189249966377339,2.651894595477117e-05,191
All,RandomForest,WirbelJ_2018,0.8244871794871793,PA_Roseburia inulinivorans,PA,Roseburia inulinivorans,0.0001798783675930961,-7.379692354531906e-05,192
All,RandomForest,WirbelJ_2018,0.8244871794871793,PA_Streptococcus parasanguinis,PA,Streptococcus parasanguinis,0.00017395760802537788,3.947442446500654e-05,193
All,RandomForest,WirbelJ_2018,0.8244871794871793,PA_Phocaeicola massiliensis,PA,Phocaeicola massiliensis,0.00017156905841348794,-2.971947969564933e-05,194
All,RandomForest,WirbelJ_2018,0.8244871794871793,PA_Bacteroides finegoldii,PA,Bacteroides finegoldii,0.00017026112364591653,2.7552971030503743e-05,195
All,RandomForest,WirbelJ_2018,0.8244871794871793,PA_Acidaminococcus intestini,PA,Acidaminococcus intestini,0.00016570770813572865,-0.0001032013442358131,196
All,RandomForest,WirbelJ_2018,0.8244871794871793,PA_Blautia wexlerae,PA,Blautia wexlerae,0.00016267727141187433,-1.4826479147625495e-05,197
All,RandomForest,WirbelJ_2018,0.8244871794871793,PA_Roseburia hominis,PA,Roseburia hominis,0.00016231350334534991,1.1303975753704239e-05,198
All,RandomForest,WirbelJ_2018,0.8244871794871793,PA_Phascolarctobacterium faecium,PA,Phascolarctobacterium faecium,0.00016072976510669463,3.820372779765265e-05,199
All,RandomForest,WirbelJ_2018,0.8244871794871793,PA_Parabacteroides distasonis,PA,Parabacteroides distasonis,0.00015979446322897338,9.428786192941457e-05,200
All,RandomForest,WirbelJ_2018,0.8244871794871793,PA_Coprococcus comes,PA,Coprococcus comes,0.0001548628284004312,7.087353364421173e-07,201
All,RandomForest,WirbelJ_2018,0.8244871794871793,PA_Lawsonibacter asaccharolyticus,PA,Lawsonibacter asaccharolyticus,0.00014612671349036274,2.0131762587994892e-05,202
All,RandomForest,WirbelJ_2018,0.8244871794871793,PA_Adlercreutzia equolifaciens,PA,Adlercreutzia equolifaciens,0.0001452549412613056,3.981426980722129e-07,203
All,RandomForest,WirbelJ_2018,0.8244871794871793,PA_Dorea longicatena,PA,Dorea longicatena,0.00014056665240557234,4.3591674943470684e-05,204
All,RandomForest,WirbelJ_2018,0.8244871794871793,PA_Coprococcus catus,PA,Coprococcus catus,0.00013990730609522066,5.857620758197756e-05,205
All,RandomForest,WirbelJ_2018,0.8244871794871793,PA_Bacteroides ovatus,PA,Bacteroides ovatus,0.00012546984016242963,-1.2489282856486118e-05,206
All,RandomForest,WirbelJ_2018,0.8244871794871793,PA_Klebsiella variicola,PA,Klebsiella variicola,0.00012005109924381483,6.492013976756905e-05,207
All,RandomForest,WirbelJ_2018,0.8244871794871793,PA_Phocaeicola vulgatus,PA,Phocaeicola vulgatus,0.00011740053730942705,1.2159721552267874e-05,208
All,RandomForest,WirbelJ_2018,0.8244871794871793,PA_Bifidobacterium longum,PA,Bifidobacterium longum,0.00011303983337935224,-4.644439942288043e-07,209
All,RandomForest,WirbelJ_2018,0.8244871794871793,PA_Dorea formicigenerans,PA,Dorea formicigenerans,0.00011218017781592614,2.0837237911717078e-05,210
All,RandomForest,WirbelJ_2018,0.8244871794871793,PA_Faecalibacterium prausnitzii,PA,Faecalibacterium prausnitzii,0.00010144661976826898,-0.00010133725622679944,211
All,RandomForest,WirbelJ_2018,0.8244871794871793,PA_Bacteroides uniformis,PA,Bacteroides uniformis,9.650178831047308e-05,-1.1737060725250401e-05,212
All,RandomForest,WirbelJ_2018,0.8244871794871793,PA_Fusicatenibacter saccharivorans,PA,Fusicatenibacter saccharivorans,9.31760687334585e-05,-4.472126562433803e-05,213
All,RandomForest,WirbelJ_2018,0.8244871794871793,PA_Anaerostipes hadrus,PA,Anaerostipes hadrus,8.88048336690661e-05,-4.704802483601766e-06,214
All,RandomForest,WirbelJ_2018,0.8244871794871793,PA_Agathobaculum butyriciproducens,PA,Agathobaculum butyriciproducens,8.710730852983928e-05,4.299674733283676e-05,215
All,RandomForest,WirbelJ_2018,0.8244871794871793,PA_Klebsiella quasipneumoniae,PA,Klebsiella quasipneumoniae,5.858139338669207e-05,1.7416023277781796e-05,216
All,RandomForest,YachidaS_2019,0.7216560116124648,PA_Parvimonas micra,PA,Parvimonas micra,0.04213960326820844,-0.0012350383743312287,1
All,RandomForest,YachidaS_2019,0.7216560116124648,rCLR_Parvimonas micra,rCLR,Parvimonas micra,0.024451327138116808,-0.004996361400685137,2
All,RandomForest,YachidaS_2019,0.7216560116124648,rCLR_Ruthenibacterium lactatiformans,rCLR,Ruthenibacterium lactatiformans,0.015185289391635255,-0.007981277148144448,3
All,RandomForest,YachidaS_2019,0.7216560116124648,rCLR_Bacteroides caccae,rCLR,Bacteroides caccae,0.012488955308041193,0.0004661684545221029,4
All,RandomForest,YachidaS_2019,0.7216560116124648,rCLR_Anaerostipes hadrus,rCLR,Anaerostipes hadrus,0.012091823459513321,0.005487924720013382,5
All,RandomForest,YachidaS_2019,0.7216560116124648,Age,covariate,Age,0.009995052247436043,-0.002650140866527682,6
All,RandomForest,YachidaS_2019,0.7216560116124648,rCLR_Roseburia intestinalis,rCLR,Roseburia intestinalis,0.009625974247089001,0.0021064745751161375,7
All,RandomForest,YachidaS_2019,0.7216560116124648,rCLR_Parabacteroides distasonis,rCLR,Parabacteroides distasonis,0.008804904754464257,0.002546632139898861,8
All,RandomForest,YachidaS_2019,0.7216560116124648,rCLR_Odoribacter splanchnicus,rCLR,Odoribacter splanchnicus,0.008144355879724377,0.0011563788602493362,9
All,RandomForest,YachidaS_2019,0.7216560116124648,rCLR_Bacteroides fragilis,rCLR,Bacteroides fragilis,0.008030284660978514,-0.00017068266718469263,10
All,RandomForest,YachidaS_2019,0.7216560116124648,rCLR_Clostridium sp. CAG:58,rCLR,Clostridium sp. CAG:58,0.007805345472495732,-7.78093992821053e-05,11
All,RandomForest,YachidaS_2019,0.7216560116124648,rCLR_Flavonifractor plautii,rCLR,Flavonifractor plautii,0.0071519489314857175,0.0036021566437333444,12
All,RandomForest,YachidaS_2019,0.7216560116124648,rCLR_Butyricimonas virosa,rCLR,Butyricimonas virosa,0.006805599443411734,-0.003179154826076813,13
All,RandomForest,YachidaS_2019,0.7216560116124648,rCLR_Bacteroides thetaiotaomicron,rCLR,Bacteroides thetaiotaomicron,0.006741557400796334,0.003673430763195961,14
All,RandomForest,YachidaS_2019,0.7216560116124648,rCLR_Eubacterium ventriosum,rCLR,Eubacterium ventriosum,0.006622593726627123,0.00026927436737561556,15
All,RandomForest,YachidaS_2019,0.7216560116124648,rCLR_Lachnospira eligens,rCLR,Lachnospira eligens,0.005965391878329563,-0.0007298797628569601,16
All,RandomForest,YachidaS_2019,0.7216560116124648,rCLR_Fusicatenibacter saccharivorans,rCLR,Fusicatenibacter saccharivorans,0.005633104121535549,0.0032489091226253265,17
All,RandomForest,YachidaS_2019,0.7216560116124648,rCLR_[Ruminococcus] torques,rCLR,[Ruminococcus] torques,0.005397902218962708,-0.0022257293054296773,18
All,RandomForest,YachidaS_2019,0.7216560116124648,rCLR_Veillonella parvula,rCLR,Veillonella parvula,0.005367231471318997,-0.0009253644952259256,19
All,RandomForest,YachidaS_2019,0.7216560116124648,rCLR_Dorea formicigenerans,rCLR,Dorea formicigenerans,0.005316846420490691,-0.0021896697521652936,20
All,RandomForest,YachidaS_2019,0.7216560116124648,rCLR_Escherichia coli,rCLR,Escherichia coli,0.005242098644264616,-0.001918457407893445,21
All,RandomForest,YachidaS_2019,0.7216560116124648,rCLR_Lachnospira pectinoschiza,rCLR,Lachnospira pectinoschiza,0.005067446245158269,-0.0040792359630192915,22
All,RandomForest,YachidaS_2019,0.7216560116124648,PA_Escherichia coli,PA,Escherichia coli,0.004955396199128517,-0.0019323749166494696,23
All,RandomForest,YachidaS_2019,0.7216560116124648,rCLR_Parasutterella excrementihominis,rCLR,Parasutterella excrementihominis,0.004789350170878822,7.025431074854805e-05,24
All,RandomForest,YachidaS_2019,0.7216560116124648,rCLR_Alistipes finegoldii,rCLR,Alistipes finegoldii,0.004332763836003695,-0.0017897528135884496,25
All,RandomForest,YachidaS_2019,0.7216560116124648,rCLR_Coprococcus catus,rCLR,Coprococcus catus,0.004276516392997997,-0.0028803077668609327,26
All,RandomForest,YachidaS_2019,0.7216560116124648,rCLR_Methanobrevibacter smithii,rCLR,Methanobrevibacter smithii,0.004162783092418734,-0.0030660512937162334,27
All,RandomForest,YachidaS_2019,0.7216560116124648,rCLR_Oscillibacter sp. CAG:241,rCLR,Oscillibacter sp. CAG:241,0.004037415225132246,-0.003159326272420802,28
All,RandomForest,YachidaS_2019,0.7216560116124648,rCLR_Acidaminococcus intestini,rCLR,Acidaminococcus intestini,0.003840053691252665,-0.000633147032517768,29
All,RandomForest,YachidaS_2019,0.7216560116124648,rCLR_Phocaeicola plebeius,rCLR,Phocaeicola plebeius,0.003605485654950546,0.000964583691138646,30
All,RandomForest,YachidaS_2019,0.7216560116124648,rCLR_Eubacterium ramulus,rCLR,Eubacterium ramulus,0.0035675385222156807,0.00021079045021437393,31
All,RandomForest,YachidaS_2019,0.7216560116124648,rCLR_Proteobacteria bacterium CAG:139,rCLR,Proteobacteria bacterium CAG:139,0.0034914088687192464,-0.0008652451405136887,32
All,RandomForest,YachidaS_2019,0.7216560116124648,rCLR_Faecalibacterium prausnitzii,rCLR,Faecalibacterium prausnitzii,0.003361494470374353,0.0016538694715532514,33
All,RandomForest,YachidaS_2019,0.7216560116124648,PA_Bacteroides fragilis,PA,Bacteroides fragilis,0.003361422620832708,-0.0009242139276272175,34
All,RandomForest,YachidaS_2019,0.7216560116124648,rCLR_Akkermansia muciniphila,rCLR,Akkermansia muciniphila,0.003309703705093926,-0.001795536537026259,35
All,RandomForest,YachidaS_2019,0.7216560116124648,rCLR_Roseburia faecis,rCLR,Roseburia faecis,0.0031261118151118413,0.001552199924100557,36
All,RandomForest,YachidaS_2019,0.7216560116124648,rCLR_Parabacteroides merdae,rCLR,Parabacteroides merdae,0.003095042380464901,0.0012158596777003153,37
All,RandomForest,YachidaS_2019,0.7216560116124648,rCLR_Paraprevotella xylaniphila,rCLR,Paraprevotella xylaniphila,0.003063439942089877,-0.00020599904957413338,38
All,RandomForest,YachidaS_2019,0.7216560116124648,rCLR_Eubacterium sp. CAG:180,rCLR,Eubacterium sp. CAG:180,0.00299684514434546,-0.0009110288803423821,39
All,RandomForest,YachidaS_2019,0.7216560116124648,rCLR_Gordonibacter pamelaeae,rCLR,Gordonibacter pamelaeae,0.0029403655267570415,0.0008681657026665265,40
All,RandomForest,YachidaS_2019,0.7216560116124648,rCLR_Erysipelatoclostridium ramosum,rCLR,Erysipelatoclostridium ramosum,0.0028964648815458668,0.0005557742629110998,41
All,RandomForest,YachidaS_2019,0.7216560116124648,rCLR_Anaerobutyricum hallii,rCLR,Anaerobutyricum hallii,0.0028268323674094193,0.0023603675948262147,42
All,RandomForest,YachidaS_2019,0.7216560116124648,rCLR_Bifidobacterium longum,rCLR,Bifidobacterium longum,0.002811569484982654,0.0010561547244093352,43
All,RandomForest,YachidaS_2019,0.7216560116124648,rCLR_Eubacterium sp. CAG:251,rCLR,Eubacterium sp. CAG:251,0.002738105748046448,0.0016121754194436157,44
All,RandomForest,YachidaS_2019,0.7216560116124648,rCLR_Phocaeicola vulgatus,rCLR,Phocaeicola vulgatus,0.0025322501404351446,0.00038601061379179446,45
All,RandomForest,YachidaS_2019,0.7216560116124648,rCLR_Bacteroides ovatus,rCLR,Bacteroides ovatus,0.00243687814334959,-0.0007052882461108823,46
All,RandomForest,YachidaS_2019,0.7216560116124648,PA_Streptococcus salivarius,PA,Streptococcus salivarius,0.0023588712645536175,9.109062173242608e-05,47
All,RandomForest,YachidaS_2019,0.7216560116124648,PA_Methanobrevibacter smithii,PA,Methanobrevibacter smithii,0.002329306040210286,-0.0016630655444363211,48
All,RandomForest,YachidaS_2019,0.7216560116124648,rCLR_Eubacterium sp. CAG:274,rCLR,Eubacterium sp. CAG:274,0.00225668154054058,0.001236238949579276,49
All,RandomForest,YachidaS_2019,0.7216560116124648,rCLR_Gemmiger formicilis,rCLR,Gemmiger formicilis,0.0022274965912687985,0.001708515152145265,50
All,RandomForest,YachidaS_2019,0.7216560116124648,rCLR_Enterocloster bolteae,rCLR,Enterocloster bolteae,0.002182925230070089,0.0005981344695802066,51
All,RandomForest,YachidaS_2019,0.7216560116124648,rCLR_Coprococcus comes,rCLR,Coprococcus comes,0.0021605741169566334,0.0015439057295453195,52
All,RandomForest,YachidaS_2019,0.7216560116124648,PA_Eubacterium sp. CAG:180,PA,Eubacterium sp. CAG:180,0.002113759395633249,-0.0008751048338329274,53
All,RandomForest,YachidaS_2019,0.7216560116124648,rCLR_Megamonas funiformis,rCLR,Megamonas funiformis,0.0021087096519983054,0.0013231277391991107,54
All,RandomForest,YachidaS_2019,0.7216560116124648,rCLR_[Eubacterium] rectale,rCLR,[Eubacterium] rectale,0.002103986831170944,0.00020154050818289285,55
All,RandomForest,YachidaS_2019,0.7216560116124648,rCLR_Bacteroides cellulosilyticus,rCLR,Bacteroides cellulosilyticus,0.0020871327519356234,0.000291853474121263,56
All,RandomForest,YachidaS_2019,0.7216560116124648,rCLR_Firmicutes bacterium CAG:83,rCLR,Firmicutes bacterium CAG:83,0.002073657567838324,-0.0008838247516528606,57
All,RandomForest,YachidaS_2019,0.7216560116124648,rCLR_Prevotella copri,rCLR,Prevotella copri,0.0020451147141855325,0.001306654882758296,58
All,RandomForest,YachidaS_2019,0.7216560116124648,rCLR_Streptococcus thermophilus,rCLR,Streptococcus thermophilus,0.001998859184274472,0.0012587289940429287,59
All,RandomForest,YachidaS_2019,0.7216560116124648,rCLR_Streptococcus salivarius,rCLR,Streptococcus salivarius,0.001981706201995499,0.0004559313240296528,60
All,RandomForest,YachidaS_2019,0.7216560116124648,rCLR_Alistipes putredinis,rCLR,Alistipes putredinis,0.0019787291855793304,-3.8503206971616346e-05,61
All,RandomForest,YachidaS_2019,0.7216560116124648,rCLR_Blautia sp. CAG:257,rCLR,Blautia sp. CAG:257,0.0019464472933300233,0.0004708800733570304,62
All,RandomForest,YachidaS_2019,0.7216560116124648,rCLR_Bacteroides eggerthii,rCLR,Bacteroides eggerthii,0.0019414858865223043,-0.001085767656918859,63
All,RandomForest,YachidaS_2019,0.7216560116124648,rCLR_Dorea longicatena,rCLR,Dorea longicatena,0.0018744807238409026,-0.0009142956888784994,64
All,RandomForest,YachidaS_2019,0.7216560116124648,rCLR_Bifidobacterium pseudocatenulatum,rCLR,Bifidobacterium pseudocatenulatum,0.0018707708359512786,-0.0006301112241340672,65
All,RandomForest,YachidaS_2019,0.7216560116124648,rCLR_Eubacterium sp. CAG:38,rCLR,Eubacterium sp. CAG:38,0.0018255825911201494,-0.0006221763919782658,66
All,RandomForest,YachidaS_2019,0.7216560116124648,rCLR_Lawsonibacter asaccharolyticus,rCLR,Lawsonibacter asaccharolyticus,0.0018237180718173212,2.2390346567784362e-05,67
All,RandomForest,YachidaS_2019,0.7216560116124648,rCLR_Phocaeicola coprocola,rCLR,Phocaeicola coprocola,0.0018032198430129682,-0.0013532509334219657,68
All,RandomForest,YachidaS_2019,0.7216560116124648,rCLR_Anaerotignum lactatifermentans,rCLR,Anaerotignum lactatifermentans,0.001765402373517673,0.0009656415038095021,69
All,RandomForest,YachidaS_2019,0.7216560116124648,rCLR_Adlercreutzia equolifaciens,rCLR,Adlercreutzia equolifaciens,0.0017587750042247763,0.0006336906225710535,70
All,RandomForest,YachidaS_2019,0.7216560116124648,rCLR_Barnesiella intestinihominis,rCLR,Barnesiella intestinihominis,0.0017140375148189406,5.7869796614083656e-05,71
All,RandomForest,YachidaS_2019,0.7216560116124648,rCLR_Klebsiella variicola,rCLR,Klebsiella variicola,0.0016884558670373835,-0.0009408519120202336,72
All,RandomForest,YachidaS_2019,0.7216560116124648,rCLR_Collinsella aerofaciens,rCLR,Collinsella aerofaciens,0.0016722546591494572,-0.00011180343578905423,73
All,RandomForest,YachidaS_2019,0.7216560116124648,PA_Roseburia intestinalis,PA,Roseburia intestinalis,0.001654483985024948,0.0006861936762202781,74
All,RandomForest,YachidaS_2019,0.7216560116124648,rCLR_Streptococcus parasanguinis,rCLR,Streptococcus parasanguinis,0.00160274837050031,7.756596834946659e-05,75
All,RandomForest,YachidaS_2019,0.7216560116124648,rCLR_Bifidobacterium adolescentis,rCLR,Bifidobacterium adolescentis,0.0015800687756300235,0.0007292583148811849,76
All,RandomForest,YachidaS_2019,0.7216560116124648,rCLR_Intestinibacter bartlettii,rCLR,Intestinibacter bartlettii,0.0015766981921686695,3.123957437702955e-05,77
All,RandomForest,YachidaS_2019,0.7216560116124648,rCLR_Firmicutes bacterium CAG:145,rCLR,Firmicutes bacterium CAG:145,0.0015709650357891842,-0.00028144722575979865,78
All,RandomForest,YachidaS_2019,0.7216560116124648,rCLR_Roseburia hominis,rCLR,Roseburia hominis,0.001557611941190748,0.00040524679834846346,79
All,RandomForest,YachidaS_2019,0.7216560116124648,PA_[Ruminococcus] gnavus,PA,[Ruminococcus] gnavus,0.0015229847314795965,0.0005744239975212688,80
All,RandomForest,YachidaS_2019,0.7216560116124648,rCLR_Coprobacter fastidiosus,rCLR,Coprobacter fastidiosus,0.0015102353368014936,-0.0006801543250054142,81
All,RandomForest,YachidaS_2019,0.7216560116124648,rCLR_Bacteroides sp. CAG:144,rCLR,Bacteroides sp. CAG:144,0.0014968669509844664,0.000537710434288447,82
All,RandomForest,YachidaS_2019,0.7216560116124648,rCLR_[Ruminococcus] gnavus,rCLR,[Ruminococcus] gnavus,0.0014831606326507164,8.657508659566853e-05,83
All,RandomForest,YachidaS_2019,0.7216560116124648,rCLR_Firmicutes bacterium CAG:110,rCLR,Firmicutes bacterium CAG:110,0.0014828951629388993,-0.0010438481935684154,84
All,RandomForest,YachidaS_2019,0.7216560116124648,rCLR_Klebsiella pneumoniae,rCLR,Klebsiella pneumoniae,0.0013971329171474423,0.0003795652564524805,85
All,RandomForest,YachidaS_2019,0.7216560116124648,Gender,covariate,Gender,0.0013911534311236574,-0.00013547454945679203,86
All,RandomForest,YachidaS_2019,0.7216560116124648,rCLR_Adlercreutzia equolifaciens_1,rCLR,Adlercreutzia equolifaciens_1,0.0013898378213906052,-1.1100015073164907e-05,87
All,RandomForest,YachidaS_2019,0.7216560116124648,rCLR_Coprococcus eutactus,rCLR,Coprococcus eutactus,0.0013842481572680875,0.0008358336841667219,88
All,RandomForest,YachidaS_2019,0.7216560116124648,rCLR_Bacteroides salyersiae,rCLR,Bacteroides salyersiae,0.0013545339112404008,-4.53667069346196e-05,89
All,RandomForest,YachidaS_2019,0.7216560116124648,rCLR_Blautia obeum,rCLR,Blautia obeum,0.0013315412087667234,6.361616767606606e-05,90
All,RandomForest,YachidaS_2019,0.7216560116124648,rCLR_Oscillibacter sp. 57_20,rCLR,Oscillibacter sp. 57_20,0.001324049557233302,-0.00012741962107537373,91
All,RandomForest,YachidaS_2019,0.7216560116124648,rCLR_Bifidobacterium bifidum,rCLR,Bifidobacterium bifidum,0.0013144303401795767,0.000717030920752985,92
All,RandomForest,YachidaS_2019,0.7216560116124648,rCLR_Bacteroides finegoldii,rCLR,Bacteroides finegoldii,0.0012826310685522596,0.0009545884240170203,93
All,RandomForest,YachidaS_2019,0.7216560116124648,rCLR_Phocaeicola dorei,rCLR,Phocaeicola dorei,0.0012758368478191123,0.0003502513044740961,94
All,RandomForest,YachidaS_2019,0.7216560116124648,rCLR_Alistipes inops,rCLR,Alistipes inops,0.0012633217891397377,0.0006643671639631391,95
All,RandomForest,YachidaS_2019,0.7216560116124648,rCLR_Klebsiella quasipneumoniae,rCLR,Klebsiella quasipneumoniae,0.001245695704444124,0.0004775830816010599,96
All,RandomForest,YachidaS_2019,0.7216560116124648,rCLR_Phocaeicola massiliensis,rCLR,Phocaeicola massiliensis,0.0012330486375805784,0.0006218246731091061,97
All,RandomForest,YachidaS_2019,0.7216560116124648,rCLR_Agathobaculum butyriciproducens,rCLR,Agathobaculum butyriciproducens,0.0012140383122350373,0.00021382128422536785,98
All,RandomForest,YachidaS_2019,0.7216560116124648,rCLR_Bacteroides xylanisolvens,rCLR,Bacteroides xylanisolvens,0.0012040917948367006,-1.0439733424193522e-05,99
All,RandomForest,YachidaS_2019,0.7216560116124648,rCLR_Blautia wexlerae,rCLR,Blautia wexlerae,0.0011460687112787853,-0.00022910357394661333,100
All,RandomForest,YachidaS_2019,0.7216560116124648,rCLR_Holdemanella biformis,rCLR,Holdemanella biformis,0.0011340250712318426,0.0006275909422394443,101
All,RandomForest,YachidaS_2019,0.7216560116124648,rCLR_[Eubacterium] siraeum,rCLR,[Eubacterium] siraeum,0.0011274283334930294,0.00020355087180695664,102
All,RandomForest,YachidaS_2019,0.7216560116124648,rCLR_Phascolarctobacterium succinatutens,rCLR,Phascolarctobacterium succinatutens,0.0011153324023915263,0.0006077634237315164,103
All,RandomForest,YachidaS_2019,0.7216560116124648,rCLR_Ruminococcus bromii,rCLR,Ruminococcus bromii,0.0010965078399723096,0.00042980594896371404,104
All,RandomForest,YachidaS_2019,0.7216560116124648,rCLR_Phascolarctobacterium faecium,rCLR,Phascolarctobacterium faecium,0.0010736008621155789,0.00020226229788783485,105
All,RandomForest,YachidaS_2019,0.7216560116124648,PA_Bacteroides salyersiae,PA,Bacteroides salyersiae,0.0010103375942038908,-0.00024383146184886448,106
All,RandomForest,YachidaS_2019,0.7216560116124648,rCLR_Alistipes shahii,rCLR,Alistipes shahii,0.001003438390797002,-0.00020170188819050282,107
All,RandomForest,YachidaS_2019,0.7216560116124648,rCLR_Roseburia inulinivorans,rCLR,Roseburia inulinivorans,0.0009940110847252064,-0.0002432057661317247,108
All,RandomForest,YachidaS_2019,0.7216560116124648,rCLR_Bacteroides uniformis,rCLR,Bacteroides uniformis,0.000971628290206558,-0.000127712491379385,109
All,RandomForest,YachidaS_2019,0.7216560116124648,PA_Butyricimonas virosa,PA,Butyricimonas virosa,0.0009659313076792114,-0.00019306604370742062,110
All,RandomForest,YachidaS_2019,0.7216560116124648,rCLR_Veillonella atypica,rCLR,Veillonella atypica,0.0009592159236216958,2.7512044692024977e-05,111
All,RandomForest,YachidaS_2019,0.7216560116124648,rCLR_Desulfovibrio piger,rCLR,Desulfovibrio piger,0.000928421113682494,-0.00010334345419357694,112
All,RandomForest,YachidaS_2019,0.7216560116124648,rCLR_Bacteroides intestinalis,rCLR,Bacteroides intestinalis,0.0009019166328943244,0.0003816182708054923,113
All,RandomForest,YachidaS_2019,0.7216560116124648,rCLR_Eggerthella lenta,rCLR,Eggerthella lenta,0.0008721320937501167,0.0001268550588236174,114
All,RandomForest,YachidaS_2019,0.7216560116124648,PA_Bacteroides caccae,PA,Bacteroides caccae,0.0008558263845546649,-0.00023655717676725484,115
All,RandomForest,YachidaS_2019,0.7216560116124648,rCLR_Slackia isoflavoniconvertens,rCLR,Slackia isoflavoniconvertens,0.0008368123882021161,0.0006668308459176552,116
All,RandomForest,YachidaS_2019,0.7216560116124648,rCLR_Bacteroides stercoris,rCLR,Bacteroides stercoris,0.0008233275285821052,-1.489621834652024e-05,117
All,RandomForest,YachidaS_2019,0.7216560116124648,PA_Eubacterium sp. CAG:38,PA,Eubacterium sp. CAG:38,0.0008139766973975293,0.0001946496674725341,118
All,RandomForest,YachidaS_2019,0.7216560116124648,PA_Blautia sp. CAG:257,PA,Blautia sp. CAG:257,0.0007778836593232062,-0.00020837977852569003,119
All,RandomForest,YachidaS_2019,0.7216560116124648,PA_Ruminococcus bicirculans,PA,Ruminococcus bicirculans,0.000771954439356915,0.00030091955201393063,120
All,RandomForest,YachidaS_2019,0.7216560116124648,rCLR_Dialister invisus,rCLR,Dialister invisus,0.0007669592250459593,0.00030325263332686237,121
All,RandomForest,YachidaS_2019,0.7216560116124648,PA_Clostridium sp. CAG:58,PA,Clostridium sp. CAG:58,0.0007585510666299719,-0.00025594951038611797,122
All,RandomForest,YachidaS_2019,0.7216560116124648,PA_Eubacterium sp. CAG:251,PA,Eubacterium sp. CAG:251,0.0007509166573775591,0.0003056194936056409,123
All,RandomForest,YachidaS_2019,0.7216560116124648,rCLR_Ruminococcus bicirculans,rCLR,Ruminococcus bicirculans,0.0007259917925465217,0.0003337488202432685,124
All,RandomForest,YachidaS_2019,0.7216560116124648,PA_Anaerotignum lactatifermentans,PA,Anaerotignum lactatifermentans,0.0007208694532297705,0.0003859167354987055,125
All,RandomForest,YachidaS_2019,0.7216560116124648,PA_Prevotella copri,PA,Prevotella copri,0.0007184285671848414,-0.00026900778591520356,126
All,RandomForest,YachidaS_2019,0.7216560116124648,PA_Agathobaculum butyriciproducens,PA,Agathobaculum butyriciproducens,0.0007140084765772578,0.0001947184163247605,127
All,RandomForest,YachidaS_2019,0.7216560116124648,PA_Parabacteroides distasonis,PA,Parabacteroides distasonis,0.0006998395375977625,-0.000347052820248992,128
All,RandomForest,YachidaS_2019,0.7216560116124648,PA_Lachnospira eligens,PA,Lachnospira eligens,0.0006765529205969617,0.0002375386743600529,129
All,RandomForest,YachidaS_2019,0.7216560116124648,PA_Firmicutes bacterium CAG:110,PA,Firmicutes bacterium CAG:110,0.0006631189272404861,0.00034328350426345825,130
All,RandomForest,YachidaS_2019,0.7216560116124648,PA_[Eubacterium] siraeum,PA,[Eubacterium] siraeum,0.0006352265274162934,-0.0003907238816448988,131
All,RandomForest,YachidaS_2019,0.7216560116124648,PA_Gemmiger formicilis,PA,Gemmiger formicilis,0.0006276135240976647,0.00019732871309891987,132
All,RandomForest,YachidaS_2019,0.7216560116124648,PA_Lachnospira pectinoschiza,PA,Lachnospira pectinoschiza,0.0006107552077755933,-0.00016111219796370696,133
All,RandomForest,YachidaS_2019,0.7216560116124648,rCLR_[Ruminococcus] lactaris,rCLR,[Ruminococcus] lactaris,0.0006073829147530841,-0.00018586069832482363,134
All,RandomForest,YachidaS_2019,0.7216560116124648,PA_[Ruminococcus] torques,PA,[Ruminococcus] torques,0.0005566706211375128,0.00030072648359280216,135
All,RandomForest,YachidaS_2019,0.7216560116124648,PA_Enterocloster bolteae,PA,Enterocloster bolteae,0.0005197362435697472,0.00025245010763539353,136
All,RandomForest,YachidaS_2019,0.7216560116124648,PA_Eubacterium sp. CAG:274,PA,Eubacterium sp. CAG:274,0.0005166862384018063,-1.0440961054447812e-05,137
All,RandomForest,YachidaS_2019,0.7216560116124648,PA_Erysipelatoclostridium ramosum,PA,Erysipelatoclostridium ramosum,0.0005045878927816635,0.00013660498482024214,138
All,RandomForest,YachidaS_2019,0.7216560116124648,PA_Bacteroides stercoris,PA,Bacteroides stercoris,0.00047625105032077176,2.8642594925090616e-06,139
All,RandomForest,YachidaS_2019,0.7216560116124648,PA_Bacteroides eggerthii,PA,Bacteroides eggerthii,0.0004641208779892053,-0.00018221982160203764,140
All,RandomForest,YachidaS_2019,0.7216560116124648,PA_Alistipes finegoldii,PA,Alistipes finegoldii,0.0004620662379545553,-0.00018037915227935123,141
All,RandomForest,YachidaS_2019,0.7216560116124648,PA_Anaerostipes hadrus,PA,Anaerostipes hadrus,0.00046054366352010767,0.00021526546560891212,142
All,RandomForest,YachidaS_2019,0.7216560116124648,PA_Lawsonibacter asaccharolyticus,PA,Lawsonibacter asaccharolyticus,0.00042920499500724,-1.371325370312148e-05,143
All,RandomForest,YachidaS_2019,0.7216560116124648,PA_Blautia obeum,PA,Blautia obeum,0.0004248392579479013,0.00028168104029834755,144
All,RandomForest,YachidaS_2019,0.7216560116124648,PA_Proteobacteria bacterium CAG:139,PA,Proteobacteria bacterium CAG:139,0.00042430423535867983,6.950837516167316e-05,145
All,RandomForest,YachidaS_2019,0.7216560116124648,PA_Anaerobutyricum hallii,PA,Anaerobutyricum hallii,0.0004236303890395999,0.00019538106299671112,146
All,RandomForest,YachidaS_2019,0.7216560116124648,PA_Acidaminococcus intestini,PA,Acidaminococcus intestini,0.00040969957616597037,3.8595576711253825e-05,147
All,RandomForest,YachidaS_2019,0.7216560116124648,PA_Parasutterella excrementihominis,PA,Parasutterella excrementihominis,0.000402785222720569,4.724361298409953e-05,148
All,RandomForest,YachidaS_2019,0.7216560116124648,PA_Bacteroides ovatus,PA,Bacteroides ovatus,0.0003962841824453301,0.00011384298863374495,149
All,RandomForest,YachidaS_2019,0.7216560116124648,PA_Megamonas funiformis,PA,Megamonas funiformis,0.0003882165871935566,3.371787279190619e-05,150
All,RandomForest,YachidaS_2019,0.7216560116124648,PA_Holdemanella biformis,PA,Holdemanella biformis,0.0003854248957621743,-0.00014799748723860485,151
All,RandomForest,YachidaS_2019,0.7216560116124648,PA_Streptococcus thermophilus,PA,Streptococcus thermophilus,0.00038413377335591353,3.874234446634435e-05,152
All,RandomForest,YachidaS_2019,0.7216560116124648,PA_Bacteroides intestinalis,PA,Bacteroides intestinalis,0.00038222301755564276,9.425030817074298e-05,153
All,RandomForest,YachidaS_2019,0.7216560116124648,PA_Phocaeicola massiliensis,PA,Phocaeicola massiliensis,0.00037846677769406116,2.2985039743369865e-06,154
All,RandomForest,YachidaS_2019,0.7216560116124648,PA_Barnesiella intestinihominis,PA,Barnesiella intestinihominis,0.0003698038245990864,-0.00010736550555780412,155
All,RandomForest,YachidaS_2019,0.7216560116124648,PA_Alistipes shahii,PA,Alistipes shahii,0.0003658431784837666,-0.0001177856141339817,156
All,RandomForest,YachidaS_2019,0.7216560116124648,PA_Ruthenibacterium lactatiformans,PA,Ruthenibacterium lactatiformans,0.0003632289107873202,-0.00020910540741814304,157
All,RandomForest,YachidaS_2019,0.7216560116124648,PA_Firmicutes bacterium CAG:145,PA,Firmicutes bacterium CAG:145,0.00035825645668957775,-0.00011510402538784222,158
All,RandomForest,YachidaS_2019,0.7216560116124648,PA_Parabacteroides merdae,PA,Parabacteroides merdae,0.0003534543991385046,8.446739985236529e-05,159
All,RandomForest,YachidaS_2019,0.7216560116124648,PA_Paraprevotella xylaniphila,PA,Paraprevotella xylaniphila,0.00035226419643410696,7.32800474068254e-05,160
All,RandomForest,YachidaS_2019,0.7216560116124648,PA_Alistipes putredinis,PA,Alistipes putredinis,0.00034974882647466625,9.483231596215118e-05,161
All,RandomForest,YachidaS_2019,0.7216560116124648,PA_Oscillibacter sp. CAG:241,PA,Oscillibacter sp. CAG:241,0.0003359210962779753,-0.00012527067252940253,162
All,RandomForest,YachidaS_2019,0.7216560116124648,PA_Flavonifractor plautii,PA,Flavonifractor plautii,0.00033474055224871587,0.00016976805945349808,163
All,RandomForest,YachidaS_2019,0.7216560116124648,PA_Oscillibacter sp. 57_20,PA,Oscillibacter sp. 57_20,0.00033361799899119454,8.360916202009979e-05,164
All,RandomForest,YachidaS_2019,0.7216560116124648,PA_Bifidobacterium pseudocatenulatum,PA,Bifidobacterium pseudocatenulatum,0.0003309586220482616,-0.00018207400592109289,165
All,RandomForest,YachidaS_2019,0.7216560116124648,PA_Bifidobacterium bifidum,PA,Bifidobacterium bifidum,0.00032905299576223464,3.144444962564931e-05,166
All,RandomForest,YachidaS_2019,0.7216560116124648,PA_Ruminococcus bromii,PA,Ruminococcus bromii,0.000324468810672858,-2.3395946746652994e-05,167
All,RandomForest,YachidaS_2019,0.7216560116124648,PA_Veillonella parvula,PA,Veillonella parvula,0.00032006193241838747,-2.84940751114351e-06,168
All,RandomForest,YachidaS_2019,0.7216560116124648,PA_Phocaeicola vulgatus,PA,Phocaeicola vulgatus,0.00030725066664349997,0.00012382992387224227,169
All,RandomForest,YachidaS_2019,0.7216560116124648,PA_Eggerthella lenta,PA,Eggerthella lenta,0.0003061938537138053,-0.00011917412787645654,170
All,RandomForest,YachidaS_2019,0.7216560116124648,PA_Akkermansia muciniphila,PA,Akkermansia muciniphila,0.0003050509383671453,-1.4297461218883065e-06,171
All,RandomForest,YachidaS_2019,0.7216560116124648,PA_Phascolarctobacterium faecium,PA,Phascolarctobacterium faecium,0.0002969904781008907,-1.1282711016865644e-06,172
All,RandomForest,YachidaS_2019,0.7216560116124648,PA_Bifidobacterium adolescentis,PA,Bifidobacterium adolescentis,0.0002892463905100192,4.3885990718675335e-05,173
All,RandomForest,YachidaS_2019,0.7216560116124648,PA_Gordonibacter pamelaeae,PA,Gordonibacter pamelaeae,0.0002816987657887767,-3.538477778957439e-05,174
All,RandomForest,YachidaS_2019,0.7216560116124648,PA_Bacteroides xylanisolvens,PA,Bacteroides xylanisolvens,0.00028156187324622565,-0.00014005413459820142,175
All,RandomForest,YachidaS_2019,0.7216560116124648,PA_Adlercreutzia equolifaciens,PA,Adlercreutzia equolifaciens,0.00027895303091138757,0.00010396538281412161,176
All,RandomForest,YachidaS_2019,0.7216560116124648,PA_Roseburia hominis,PA,Roseburia hominis,0.0002785474393611392,3.878555992580267e-05,177
All,RandomForest,YachidaS_2019,0.7216560116124648,PA_Roseburia inulinivorans,PA,Roseburia inulinivorans,0.0002747464000326123,7.207189602977695e-05,178
All,RandomForest,YachidaS_2019,0.7216560116124648,PA_Veillonella atypica,PA,Veillonella atypica,0.0002740086080927703,-1.0773413346419187e-05,179
All,RandomForest,YachidaS_2019,0.7216560116124648,PA_Klebsiella pneumoniae,PA,Klebsiella pneumoniae,0.0002738896482110478,-4.2166675000279435e-05,180
All,RandomForest,YachidaS_2019,0.7216560116124648,PA_Collinsella aerofaciens,PA,Collinsella aerofaciens,0.00027318867317587437,-3.683157247579219e-05,181
All,RandomForest,YachidaS_2019,0.7216560116124648,PA_Alistipes inops,PA,Alistipes inops,0.000267961596444591,-0.00010462515996002242,182
All,RandomForest,YachidaS_2019,0.7216560116124648,PA_Dorea formicigenerans,PA,Dorea formicigenerans,0.00026548791734821764,-7.492581345060006e-05,183
All,RandomForest,YachidaS_2019,0.7216560116124648,PA_Intestinibacter bartlettii,PA,Intestinibacter bartlettii,0.0002654580979429443,1.8744058235511152e-05,184
All,RandomForest,YachidaS_2019,0.7216560116124648,PA_Bacteroides thetaiotaomicron,PA,Bacteroides thetaiotaomicron,0.0002651841071757119,6.421817103044885e-05,185
All,RandomForest,YachidaS_2019,0.7216560116124648,PA_Coprococcus eutactus,PA,Coprococcus eutactus,0.00025334625220078163,0.000189233556032834,186
All,RandomForest,YachidaS_2019,0.7216560116124648,PA_[Ruminococcus] lactaris,PA,[Ruminococcus] lactaris,0.00025096505642040835,0.0001670577725333091,187
All,RandomForest,YachidaS_2019,0.7216560116124648,PA_Bifidobacterium longum,PA,Bifidobacterium longum,0.0002388772671375609,6.79704306836154e-05,188
All,RandomForest,YachidaS_2019,0.7216560116124648,PA_Eubacterium ventriosum,PA,Eubacterium ventriosum,0.00022340081290429068,-4.182570717759568e-06,189
All,RandomForest,YachidaS_2019,0.7216560116124648,PA_Roseburia faecis,PA,Roseburia faecis,0.00022339299052427203,-5.9349823638276055e-05,190
All,RandomForest,YachidaS_2019,0.7216560116124648,PA_Bacteroides cellulosilyticus,PA,Bacteroides cellulosilyticus,0.00022283639318923304,1.075877931478085e-05,191
All,RandomForest,YachidaS_2019,0.7216560116124648,PA_Phocaeicola plebeius,PA,Phocaeicola plebeius,0.00022195150067920615,-7.519818159866759e-05,192
All,RandomForest,YachidaS_2019,0.7216560116124648,PA_Bacteroides sp. CAG:144,PA,Bacteroides sp. CAG:144,0.000215961499783757,2.0918932978242777e-05,193
All,RandomForest,YachidaS_2019,0.7216560116124648,PA_Phocaeicola dorei,PA,Phocaeicola dorei,0.0002156325234582631,-6.260517067006749e-05,194
All,RandomForest,YachidaS_2019,0.7216560116124648,PA_Eubacterium ramulus,PA,Eubacterium ramulus,0.00021521470672632262,6.179540261970529e-05,195
All,RandomForest,YachidaS_2019,0.7216560116124648,PA_Dorea longicatena,PA,Dorea longicatena,0.00020683735096269928,-3.653153923523552e-05,196
All,RandomForest,YachidaS_2019,0.7216560116124648,PA_Slackia isoflavoniconvertens,PA,Slackia isoflavoniconvertens,0.00020622240566486787,-6.42618818821557e-06,197
All,RandomForest,YachidaS_2019,0.7216560116124648,PA_Fusicatenibacter saccharivorans,PA,Fusicatenibacter saccharivorans,0.0002017855026690581,4.7295053175852e-05,198
All,RandomForest,YachidaS_2019,0.7216560116124648,PA_Adlercreutzia equolifaciens_1,PA,Adlercreutzia equolifaciens_1,0.00019787881698727413,-4.2235827074730214e-05,199
All,RandomForest,YachidaS_2019,0.7216560116124648,PA_Streptococcus parasanguinis,PA,Streptococcus parasanguinis,0.0001921421632810244,-7.237074970358431e-05,200
All,RandomForest,YachidaS_2019,0.7216560116124648,PA_Klebsiella quasipneumoniae,PA,Klebsiella quasipneumoniae,0.00018515151950398973,4.0855587204901986e-05,201
All,RandomForest,YachidaS_2019,0.7216560116124648,PA_Firmicutes bacterium CAG:83,PA,Firmicutes bacterium CAG:83,0.00017887996941527606,-6.68806160964839e-05,202
All,RandomForest,YachidaS_2019,0.7216560116124648,PA_Coprococcus catus,PA,Coprococcus catus,0.0001695382129257595,1.1775922724673546e-05,203
All,RandomForest,YachidaS_2019,0.7216560116124648,PA_Bacteroides finegoldii,PA,Bacteroides finegoldii,0.00016564469584128133,-1.4364058184332049e-05,204
All,RandomForest,YachidaS_2019,0.7216560116124648,PA_Bacteroides uniformis,PA,Bacteroides uniformis,0.00015527295741946405,-1.8383806378947187e-05,205
All,RandomForest,YachidaS_2019,0.7216560116124648,PA_Desulfovibrio piger,PA,Desulfovibrio piger,0.00014947205708824878,-5.1815101923086e-05,206
All,RandomForest,YachidaS_2019,0.7216560116124648,PA_[Eubacterium] rectale,PA,[Eubacterium] rectale,0.00014687593855667206,-6.1927784510118e-05,207
All,RandomForest,YachidaS_2019,0.7216560116124648,PA_Phascolarctobacterium succinatutens,PA,Phascolarctobacterium succinatutens,0.0001435208448868843,-1.2937927804052408e-06,208
All,RandomForest,YachidaS_2019,0.7216560116124648,PA_Coprobacter fastidiosus,PA,Coprobacter fastidiosus,0.0001390614935558447,3.089030790031374e-05,209
All,RandomForest,YachidaS_2019,0.7216560116124648,PA_Dialister invisus,PA,Dialister invisus,0.0001383066703646794,6.459111344302093e-06,210
All,RandomForest,YachidaS_2019,0.7216560116124648,PA_Coprococcus comes,PA,Coprococcus comes,0.00013435542481770086,3.560648700489907e-05,211
All,RandomForest,YachidaS_2019,0.7216560116124648,PA_Phocaeicola coprocola,PA,Phocaeicola coprocola,0.00012332316190263323,-3.9840108051178856e-05,212
All,RandomForest,YachidaS_2019,0.7216560116124648,PA_Faecalibacterium prausnitzii,PA,Faecalibacterium prausnitzii,0.00012051994676828976,-7.23370063574141e-05,213
All,RandomForest,YachidaS_2019,0.7216560116124648,PA_Odoribacter splanchnicus,PA,Odoribacter splanchnicus,0.00012017108474789796,3.1763965966175084e-05,214
All,RandomForest,YachidaS_2019,0.7216560116124648,PA_Blautia wexlerae,PA,Blautia wexlerae,0.00010058780258384307,4.209742844463815e-06,215
All,RandomForest,YachidaS_2019,0.7216560116124648,PA_Klebsiella variicola,PA,Klebsiella variicola,9.618077320353359e-05,-6.315477017037613e-06,216
All,RandomForest,YuJ_2015,0.8335835835835838,PA_Parvimonas micra,PA,Parvimonas micra,0.035040698136116086,0.013119481132715471,1
All,RandomForest,YuJ_2015,0.8335835835835838,rCLR_Ruthenibacterium lactatiformans,rCLR,Ruthenibacterium lactatiformans,0.024070561657971654,0.01640270494907533,2
All,RandomForest,YuJ_2015,0.8335835835835838,rCLR_Bacteroides fragilis,rCLR,Bacteroides fragilis,0.01315454588400727,0.00516176376891412,3
All,RandomForest,YuJ_2015,0.8335835835835838,rCLR_Anaerostipes hadrus,rCLR,Anaerostipes hadrus,0.012253373953358267,0.00025924592054604403,4
All,RandomForest,YuJ_2015,0.8335835835835838,rCLR_Parvimonas micra,rCLR,Parvimonas micra,0.012068309242099394,0.004812710200475546,5
All,RandomForest,YuJ_2015,0.8335835835835838,rCLR_Lachnospira eligens,rCLR,Lachnospira eligens,0.008823990124735172,-0.0024794715524233697,6
All,RandomForest,YuJ_2015,0.8335835835835838,rCLR_Dorea formicigenerans,rCLR,Dorea formicigenerans,0.007829632911671639,0.0034580737874999284,7
All,RandomForest,YuJ_2015,0.8335835835835838,rCLR_Butyricimonas virosa,rCLR,Butyricimonas virosa,0.007545778801343002,0.0012353820469948556,8
All,RandomForest,YuJ_2015,0.8335835835835838,rCLR_Bacteroides caccae,rCLR,Bacteroides caccae,0.007082013571367731,0.0022577711645748733,9
All,RandomForest,YuJ_2015,0.8335835835835838,rCLR_Desulfovibrio piger,rCLR,Desulfovibrio piger,0.006856507823214411,-0.0038087069345745933,10
All,RandomForest,YuJ_2015,0.8335835835835838,rCLR_Bacteroides thetaiotaomicron,rCLR,Bacteroides thetaiotaomicron,0.00682372127910303,0.0018862552959969636,11
All,RandomForest,YuJ_2015,0.8335835835835838,rCLR_Veillonella parvula,rCLR,Veillonella parvula,0.006794431077570533,0.0016000577197503906,12
All,RandomForest,YuJ_2015,0.8335835835835838,rCLR_Parabacteroides distasonis,rCLR,Parabacteroides distasonis,0.0067165352580366095,-0.00038103738775791224,13
All,RandomForest,YuJ_2015,0.8335835835835838,rCLR_Lachnospira pectinoschiza,rCLR,Lachnospira pectinoschiza,0.006688703723723609,0.00041692489064011656,14
All,RandomForest,YuJ_2015,0.8335835835835838,rCLR_[Ruminococcus] torques,rCLR,[Ruminococcus] torques,0.006217135493129357,-0.0009818864659318148,15
All,RandomForest,YuJ_2015,0.8335835835835838,rCLR_Clostridium sp. CAG:58,rCLR,Clostridium sp. CAG:58,0.006011288625904338,-0.0013244889233141226,16
All,RandomForest,YuJ_2015,0.8335835835835838,rCLR_Odoribacter splanchnicus,rCLR,Odoribacter splanchnicus,0.0054560085164893045,-0.0031424250540456086,17
All,RandomForest,YuJ_2015,0.8335835835835838,rCLR_Eubacterium sp. CAG:251,rCLR,Eubacterium sp. CAG:251,0.005333632510739997,0.002752429393476269,18
All,RandomForest,YuJ_2015,0.8335835835835838,rCLR_Roseburia intestinalis,rCLR,Roseburia intestinalis,0.005253282357103553,0.0004280076231465122,19
All,RandomForest,YuJ_2015,0.8335835835835838,rCLR_Bacteroides sp. CAG:144,rCLR,Bacteroides sp. CAG:144,0.005193462933080572,-0.005193462933080572,20
All,RandomForest,YuJ_2015,0.8335835835835838,rCLR_Flavonifractor plautii,rCLR,Flavonifractor plautii,0.004803468918287499,0.0004975004812760442,21
All,RandomForest,YuJ_2015,0.8335835835835838,rCLR_Roseburia faecis,rCLR,Roseburia faecis,0.004771323146338257,-0.001916968412816621,22
All,RandomForest,YuJ_2015,0.8335835835835838,rCLR_Parasutterella excrementihominis,rCLR,Parasutterella excrementihominis,0.004556370629404449,-0.002067476601236173,23
All,RandomForest,YuJ_2015,0.8335835835835838,rCLR_Eubacterium ventriosum,rCLR,Eubacterium ventriosum,0.004407327430321795,-0.0010936680116689608,24
All,RandomForest,YuJ_2015,0.8335835835835838,rCLR_Parabacteroides merdae,rCLR,Parabacteroides merdae,0.004125351690842014,-0.000276636134750888,25
All,RandomForest,YuJ_2015,0.8335835835835838,rCLR_Bifidobacterium longum,rCLR,Bifidobacterium longum,0.0037741306735075224,6.774613963039005e-05,26
All,RandomForest,YuJ_2015,0.8335835835835838,rCLR_Alistipes finegoldii,rCLR,Alistipes finegoldii,0.003724495993906766,-0.0014528228637730417,27
All,RandomForest,YuJ_2015,0.8335835835835838,rCLR_Faecalibacterium prausnitzii,rCLR,Faecalibacterium prausnitzii,0.0036108159142434542,-6.764484313565127e-05,28
All,RandomForest,YuJ_2015,0.8335835835835838,rCLR_Coprococcus catus,rCLR,Coprococcus catus,0.0031754378198266373,-0.0014396948987570742,29
All,RandomForest,YuJ_2015,0.8335835835835838,rCLR_Escherichia coli,rCLR,Escherichia coli,0.003151351708509734,0.002308941821936105,30
All,RandomForest,YuJ_2015,0.8335835835835838,rCLR_Eubacterium sp. CAG:180,rCLR,Eubacterium sp. CAG:180,0.003075761916712881,0.00019470938763230488,31
All,RandomForest,YuJ_2015,0.8335835835835838,rCLR_Bacteroides cellulosilyticus,rCLR,Bacteroides cellulosilyticus,0.0030405115978427238,-0.0004365152063429515,32
All,RandomForest,YuJ_2015,0.8335835835835838,rCLR_Collinsella aerofaciens,rCLR,Collinsella aerofaciens,0.003012292718721961,-0.00021104213215218486,33
All,RandomForest,YuJ_2015,0.8335835835835838,rCLR_Eubacterium sp. CAG:274,rCLR,Eubacterium sp. CAG:274,0.002912027527725773,-0.00057941598021794,34
All,RandomForest,YuJ_2015,0.8335835835835838,rCLR_Roseburia hominis,rCLR,Roseburia hominis,0.002898690324821478,-0.0011003626113040461,35
All,RandomForest,YuJ_2015,0.8335835835835838,rCLR_Akkermansia muciniphila,rCLR,Akkermansia muciniphila,0.0027824609270669827,0.0012928502041164923,36
All,RandomForest,YuJ_2015,0.8335835835835838,rCLR_Phascolarctobacterium succinatutens,rCLR,Phascolarctobacterium succinatutens,0.0027522718804546555,0.001581579673022138,37
All,RandomForest,YuJ_2015,0.8335835835835838,rCLR_Klebsiella quasipneumoniae,rCLR,Klebsiella quasipneumoniae,0.002751629964121643,-0.0008366386615748305,38
All,RandomForest,YuJ_2015,0.8335835835835838,rCLR_Gordonibacter pamelaeae,rCLR,Gordonibacter pamelaeae,0.002735971778686452,-0.00019828932141265193,39
All,RandomForest,YuJ_2015,0.8335835835835838,rCLR_Paraprevotella xylaniphila,rCLR,Paraprevotella xylaniphila,0.0027045953488567965,-0.0014794911957523287,40
All,RandomForest,YuJ_2015,0.8335835835835838,rCLR_Agathobaculum butyriciproducens,rCLR,Agathobaculum butyriciproducens,0.002589055746120893,-0.001133491285216192,41
All,RandomForest,YuJ_2015,0.8335835835835838,rCLR_Prevotella copri,rCLR,Prevotella copri,0.002546769544856634,0.0017039329367814588,42
All,RandomForest,YuJ_2015,0.8335835835835838,Age,covariate,Age,0.0024956845936373235,0.0010865703519369766,43
All,RandomForest,YuJ_2015,0.8335835835835838,rCLR_Coprobacter fastidiosus,rCLR,Coprobacter fastidiosus,0.002440454446855586,-0.0019744276149919943,44
All,RandomForest,YuJ_2015,0.8335835835835838,rCLR_Proteobacteria bacterium CAG:139,rCLR,Proteobacteria bacterium CAG:139,0.0023572765100682287,-0.002031240501466037,45
All,RandomForest,YuJ_2015,0.8335835835835838,rCLR_Phascolarctobacterium faecium,rCLR,Phascolarctobacterium faecium,0.0023513579111015966,0.0005289845529622615,46
All,RandomForest,YuJ_2015,0.8335835835835838,PA_Phocaeicola plebeius,PA,Phocaeicola plebeius,0.0023482324336331745,0.0008498934330734337,47
All,RandomForest,YuJ_2015,0.8335835835835838,rCLR_Fusicatenibacter saccharivorans,rCLR,Fusicatenibacter saccharivorans,0.002285596799475292,0.0007080869289816764,48
All,RandomForest,YuJ_2015,0.8335835835835838,rCLR_Phocaeicola coprocola,rCLR,Phocaeicola coprocola,0.0022555500851685856,-1.5005782172753595e-05,49
All,RandomForest,YuJ_2015,0.8335835835835838,rCLR_Slackia isoflavoniconvertens,rCLR,Slackia isoflavoniconvertens,0.0022096808283620377,-0.0017256654990119044,50
All,RandomForest,YuJ_2015,0.8335835835835838,rCLR_Bifidobacterium pseudocatenulatum,rCLR,Bifidobacterium pseudocatenulatum,0.002145633047336371,-0.0014513127882033018,51
All,RandomForest,YuJ_2015,0.8335835835835838,rCLR_Bifidobacterium adolescentis,rCLR,Bifidobacterium adolescentis,0.0021161632627190526,-0.0010249175905245984,52
All,RandomForest,YuJ_2015,0.8335835835835838,rCLR_Gemmiger formicilis,rCLR,Gemmiger formicilis,0.0021141001359503754,-0.00047852820121376715,53
All,RandomForest,YuJ_2015,0.8335835835835838,rCLR_Dorea longicatena,rCLR,Dorea longicatena,0.0020640154515651704,0.0002504268061601943,54
All,RandomForest,YuJ_2015,0.8335835835835838,rCLR_Alistipes putredinis,rCLR,Alistipes putredinis,0.0020549616422080507,0.0003079944549292674,55
All,RandomForest,YuJ_2015,0.8335835835835838,rCLR_Ruminococcus bromii,rCLR,Ruminococcus bromii,0.002053985783750066,0.00032018959029819104,56
All,RandomForest,YuJ_2015,0.8335835835835838,rCLR_Erysipelatoclostridium ramosum,rCLR,Erysipelatoclostridium ramosum,0.0019605703287763595,-0.00012462217809521673,57
All,RandomForest,YuJ_2015,0.8335835835835838,rCLR_Eubacterium sp. CAG:38,rCLR,Eubacterium sp. CAG:38,0.0019412994892646842,-0.0006671691989724612,58
All,RandomForest,YuJ_2015,0.8335835835835838,rCLR_Phocaeicola vulgatus,rCLR,Phocaeicola vulgatus,0.0019397820925568497,0.00012979561497018566,59
All,RandomForest,YuJ_2015,0.8335835835835838,rCLR_Oscillibacter sp. CAG:241,rCLR,Oscillibacter sp. CAG:241,0.00192160751584176,-0.0006015459850358657,60
All,RandomForest,YuJ_2015,0.8335835835835838,rCLR_Blautia obeum,rCLR,Blautia obeum,0.0018731782682433159,-5.44479477416097e-05,61
All,RandomForest,YuJ_2015,0.8335835835835838,rCLR_Klebsiella pneumoniae,rCLR,Klebsiella pneumoniae,0.0018720555909574393,0.00024341599826840313,62
All,RandomForest,YuJ_2015,0.8335835835835838,rCLR_Oscillibacter sp. 57_20,rCLR,Oscillibacter sp. 57_20,0.0017728532191004784,0.000205229992960771,63
All,RandomForest,YuJ_2015,0.8335835835835838,rCLR_Bacteroides salyersiae,rCLR,Bacteroides salyersiae,0.0017702957486702604,0.0005338537158760923,64
All,RandomForest,YuJ_2015,0.8335835835835838,rCLR_Blautia wexlerae,rCLR,Blautia wexlerae,0.0017466184831608127,-0.00026598334226947537,65
All,RandomForest,YuJ_2015,0.8335835835835838,rCLR_Holdemanella biformis,rCLR,Holdemanella biformis,0.001742055914223927,-0.0006453416808183232,66
All,RandomForest,YuJ_2015,0.8335835835835838,rCLR_Bacteroides eggerthii,rCLR,Bacteroides eggerthii,0.00169709649991356,0.000106713713313599,67
All,RandomForest,YuJ_2015,0.8335835835835838,rCLR_Methanobrevibacter smithii,rCLR,Methanobrevibacter smithii,0.001680823015940397,0.0005190388068442057,68
All,RandomForest,YuJ_2015,0.8335835835835838,rCLR_Bacteroides finegoldii,rCLR,Bacteroides finegoldii,0.0016422507673719414,0.00015770258100638947,69
All,RandomForest,YuJ_2015,0.8335835835835838,rCLR_Coprococcus comes,rCLR,Coprococcus comes,0.0016262189614041586,0.0002665569465803571,70
All,RandomForest,YuJ_2015,0.8335835835835838,PA_Streptococcus salivarius,PA,Streptococcus salivarius,0.001613836396301452,-0.0011926135524611807,71
All,RandomForest,YuJ_2015,0.8335835835835838,rCLR_Firmicutes bacterium CAG:83,rCLR,Firmicutes bacterium CAG:83,0.0015711098354390628,0.000734420975950424,72
All,RandomForest,YuJ_2015,0.8335835835835838,rCLR_Bacteroides intestinalis,rCLR,Bacteroides intestinalis,0.0015689803289773397,-0.0012228749814311725,73
All,RandomForest,YuJ_2015,0.8335835835835838,rCLR_Enterocloster bolteae,rCLR,Enterocloster bolteae,0.0015258429707830593,0.0003013122470680121,74
All,RandomForest,YuJ_2015,0.8335835835835838,rCLR_Megamonas funiformis,rCLR,Megamonas funiformis,0.0015116822647951859,0.00033032256130932527,75
All,RandomForest,YuJ_2015,0.8335835835835838,rCLR_Phocaeicola plebeius,rCLR,Phocaeicola plebeius,0.0014653791801734523,-4.989532478276732e-05,76
All,RandomForest,YuJ_2015,0.8335835835835838,rCLR_Ruminococcus bicirculans,rCLR,Ruminococcus bicirculans,0.0014551600428671736,-0.0007447178460563711,77
All,RandomForest,YuJ_2015,0.8335835835835838,rCLR_Roseburia inulinivorans,rCLR,Roseburia inulinivorans,0.0014382989285531287,-2.4139266114926574e-05,78
All,RandomForest,YuJ_2015,0.8335835835835838,rCLR_[Ruminococcus] lactaris,rCLR,[Ruminococcus] lactaris,0.0014301438220924452,-0.0004706847799285393,79
All,RandomForest,YuJ_2015,0.8335835835835838,rCLR_Streptococcus parasanguinis,rCLR,Streptococcus parasanguinis,0.0014169891636537683,0.000346518262196049,80
All,RandomForest,YuJ_2015,0.8335835835835838,rCLR_Anaerotignum lactatifermentans,rCLR,Anaerotignum lactatifermentans,0.001413898135391004,-0.0006639372180830931,81
All,RandomForest,YuJ_2015,0.8335835835835838,rCLR_[Ruminococcus] gnavus,rCLR,[Ruminococcus] gnavus,0.0013894815631263699,0.00029210937156043404,82
All,RandomForest,YuJ_2015,0.8335835835835838,PA_Methanobrevibacter smithii,PA,Methanobrevibacter smithii,0.0013807027466673717,-0.00014430509417135676,83
All,RandomForest,YuJ_2015,0.8335835835835838,rCLR_Blautia sp. CAG:257,rCLR,Blautia sp. CAG:257,0.0013257698825493952,-0.0004630480502462131,84
All,RandomForest,YuJ_2015,0.8335835835835838,rCLR_[Eubacterium] rectale,rCLR,[Eubacterium] rectale,0.0013017247659249055,-7.601539706722002e-05,85
All,RandomForest,YuJ_2015,0.8335835835835838,PA_Eubacterium sp. CAG:180,PA,Eubacterium sp. CAG:180,0.0012571924053700026,0.0007579028750402491,86
All,RandomForest,YuJ_2015,0.8335835835835838,PA_Blautia sp. CAG:257,PA,Blautia sp. CAG:257,0.0012503091838649226,0.00035389009111732765,87
All,RandomForest,YuJ_2015,0.8335835835835838,Gender,covariate,Gender,0.0012333286966010144,1.5314500048725788e-05,88
All,RandomForest,YuJ_2015,0.8335835835835838,rCLR_Streptococcus salivarius,rCLR,Streptococcus salivarius,0.0012176464811547952,-0.0005779098256608758,89
All,RandomForest,YuJ_2015,0.8335835835835838,rCLR_Eggerthella lenta,rCLR,Eggerthella lenta,0.0011660518961869024,-0.0002822054354400342,90
All,RandomForest,YuJ_2015,0.8335835835835838,rCLR_Bacteroides stercoris,rCLR,Bacteroides stercoris,0.0011568855922348606,-9.668330493461237e-05,91
All,RandomForest,YuJ_2015,0.8335835835835838,rCLR_Eubacterium ramulus,rCLR,Eubacterium ramulus,0.0011339726923716821,-0.0003437880325037559,92
All,RandomForest,YuJ_2015,0.8335835835835838,PA_Roseburia intestinalis,PA,Roseburia intestinalis,0.0011326334286625782,-0.00022469787913098518,93
All,RandomForest,YuJ_2015,0.8335835835835838,rCLR_Adlercreutzia equolifaciens,rCLR,Adlercreutzia equolifaciens,0.0011307640412326287,-0.0004522452443479176,94
All,RandomForest,YuJ_2015,0.8335835835835838,rCLR_Firmicutes bacterium CAG:110,rCLR,Firmicutes bacterium CAG:110,0.0011285172643739547,-0.0005009044685237306,95
All,RandomForest,YuJ_2015,0.8335835835835838,rCLR_Alistipes shahii,rCLR,Alistipes shahii,0.0011123288390236796,-1.421956225041758e-05,96
All,RandomForest,YuJ_2015,0.8335835835835838,rCLR_Bacteroides uniformis,rCLR,Bacteroides uniformis,0.0010954561478903645,0.0002892722519627245,97
All,RandomForest,YuJ_2015,0.8335835835835838,rCLR_Bacteroides xylanisolvens,rCLR,Bacteroides xylanisolvens,0.0010945961774330296,0.00016824261948381833,98
All,RandomForest,YuJ_2015,0.8335835835835838,rCLR_Bifidobacterium bifidum,rCLR,Bifidobacterium bifidum,0.0010768776833177825,0.00022379206961209067,99
All,RandomForest,YuJ_2015,0.8335835835835838,rCLR_Klebsiella variicola,rCLR,Klebsiella variicola,0.0010266196433352964,0.00022623673517214836,100
All,RandomForest,YuJ_2015,0.8335835835835838,PA_Bacteroides fragilis,PA,Bacteroides fragilis,0.0010064894539975815,0.0005121286890074787,101
All,RandomForest,YuJ_2015,0.8335835835835838,rCLR_[Eubacterium] siraeum,rCLR,[Eubacterium] siraeum,0.0009855209550455146,-0.0006365099392043395,102
All,RandomForest,YuJ_2015,0.8335835835835838,PA_Parabacteroides merdae,PA,Parabacteroides merdae,0.000981281841779661,-0.00019307304829287698,103
All,RandomForest,YuJ_2015,0.8335835835835838,rCLR_Phocaeicola massiliensis,rCLR,Phocaeicola massiliensis,0.0009633903076781179,0.0005663399971353647,104
All,RandomForest,YuJ_2015,0.8335835835835838,rCLR_Bacteroides ovatus,rCLR,Bacteroides ovatus,0.0009605911988205968,0.0003009422307423413,105
All,RandomForest,YuJ_2015,0.8335835835835838,rCLR_Adlercreutzia equolifaciens_1,rCLR,Adlercreutzia equolifaciens_1,0.0009593235210200667,-0.0001870816259942345,106
All,RandomForest,YuJ_2015,0.8335835835835838,rCLR_Anaerobutyricum hallii,rCLR,Anaerobutyricum hallii,0.0009170921584612101,-5.457226775380716e-05,107
All,RandomForest,YuJ_2015,0.8335835835835838,rCLR_Barnesiella intestinihominis,rCLR,Barnesiella intestinihominis,0.000906826473078539,-0.00011848068261199356,108
All,RandomForest,YuJ_2015,0.8335835835835838,rCLR_Phocaeicola dorei,rCLR,Phocaeicola dorei,0.0009059557031057575,8.076236463811878e-05,109
All,RandomForest,YuJ_2015,0.8335835835835838,rCLR_Veillonella atypica,rCLR,Veillonella atypica,0.0008867562023011472,8.460858962935625e-05,110
All,RandomForest,YuJ_2015,0.8335835835835838,rCLR_Intestinibacter bartlettii,rCLR,Intestinibacter bartlettii,0.000878134149404308,-0.0001634191329972529,111
All,RandomForest,YuJ_2015,0.8335835835835838,rCLR_Acidaminococcus intestini,rCLR,Acidaminococcus intestini,0.0008693718179272536,6.51712196605588e-05,112
All,RandomForest,YuJ_2015,0.8335835835835838,rCLR_Lawsonibacter asaccharolyticus,rCLR,Lawsonibacter asaccharolyticus,0.0008623717284900839,-0.0005362806609843318,113
All,RandomForest,YuJ_2015,0.8335835835835838,PA_Ruminococcus bicirculans,PA,Ruminococcus bicirculans,0.0008612465376532008,-0.00011804383127878048,114
All,RandomForest,YuJ_2015,0.8335835835835838,PA_Bacteroides caccae,PA,Bacteroides caccae,0.0008203835560963788,0.00019051937287367334,115
All,RandomForest,YuJ_2015,0.8335835835835838,rCLR_Streptococcus thermophilus,rCLR,Streptococcus thermophilus,0.0008032557583763217,-0.00026302671006893797,116
All,RandomForest,YuJ_2015,0.8335835835835838,PA_[Ruminococcus] torques,PA,[Ruminococcus] torques,0.0007727104906407715,0.00010458692676153247,117
All,RandomForest,YuJ_2015,0.8335835835835838,PA_Bacteroides intestinalis,PA,Bacteroides intestinalis,0.0007581346162002327,-0.0005702847543132318,118
All,RandomForest,YuJ_2015,0.8335835835835838,PA_Lachnospira eligens,PA,Lachnospira eligens,0.0007575038178178249,-0.000419755655931484,119
All,RandomForest,YuJ_2015,0.8335835835835838,PA_Phocaeicola coprocola,PA,Phocaeicola coprocola,0.000721999403587112,0.00028411519638336973,120
All,RandomForest,YuJ_2015,0.8335835835835838,rCLR_Firmicutes bacterium CAG:145,rCLR,Firmicutes bacterium CAG:145,0.0007140297942982726,0.0001636775088266662,121
All,RandomForest,YuJ_2015,0.8335835835835838,rCLR_Dialister invisus,rCLR,Dialister invisus,0.0006943422364294117,0.00040035984859066413,122
All,RandomForest,YuJ_2015,0.8335835835835838,rCLR_Coprococcus eutactus,rCLR,Coprococcus eutactus,0.0006871719928024971,0.0002534661591637397,123
All,RandomForest,YuJ_2015,0.8335835835835838,rCLR_Alistipes inops,rCLR,Alistipes inops,0.000679056142823772,-6.409114765560891e-05,124
All,RandomForest,YuJ_2015,0.8335835835835838,PA_Escherichia coli,PA,Escherichia coli,0.0006509141691686243,0.00048102313280162464,125
All,RandomForest,YuJ_2015,0.8335835835835838,PA_Bacteroides eggerthii,PA,Bacteroides eggerthii,0.0006183449195582856,0.0001620301042109227,126
All,RandomForest,YuJ_2015,0.8335835835835838,PA_[Ruminococcus] gnavus,PA,[Ruminococcus] gnavus,0.000617051794508205,0.00011457442081372794,127
All,RandomForest,YuJ_2015,0.8335835835835838,PA_Desulfovibrio piger,PA,Desulfovibrio piger,0.0006167428550401462,0.00017856963378859106,128
All,RandomForest,YuJ_2015,0.8335835835835838,PA_Prevotella copri,PA,Prevotella copri,0.0006152840850145084,0.00030259771189944433,129
All,RandomForest,YuJ_2015,0.8335835835835838,PA_Holdemanella biformis,PA,Holdemanella biformis,0.0006024759693498543,-6.317803436402752e-05,130
All,RandomForest,YuJ_2015,0.8335835835835838,PA_Bacteroides cellulosilyticus,PA,Bacteroides cellulosilyticus,0.0006019922051834489,0.000138935375523162,131
All,RandomForest,YuJ_2015,0.8335835835835838,PA_Lawsonibacter asaccharolyticus,PA,Lawsonibacter asaccharolyticus,0.0005965993601203444,-0.0003466899542669565,132
All,RandomForest,YuJ_2015,0.8335835835835838,PA_Bacteroides salyersiae,PA,Bacteroides salyersiae,0.0005792890665569777,0.0003135348122573085,133
All,RandomForest,YuJ_2015,0.8335835835835838,PA_Megamonas funiformis,PA,Megamonas funiformis,0.0005663374150936063,0.00028891535926601494,134
All,RandomForest,YuJ_2015,0.8335835835835838,PA_Eubacterium sp. CAG:251,PA,Eubacterium sp. CAG:251,0.0005299219657923109,-0.00015525472190896434,135
All,RandomForest,YuJ_2015,0.8335835835835838,PA_Firmicutes bacterium CAG:110,PA,Firmicutes bacterium CAG:110,0.000514945689816222,9.068326223693367e-06,136
All,RandomForest,YuJ_2015,0.8335835835835838,PA_Eubacterium sp. CAG:38,PA,Eubacterium sp. CAG:38,0.0004982653969158922,-5.1078278484892035e-05,137
All,RandomForest,YuJ_2015,0.8335835835835838,PA_Alistipes finegoldii,PA,Alistipes finegoldii,0.0004907638178721948,-0.00019362132414389466,138
All,RandomForest,YuJ_2015,0.8335835835835838,PA_Clostridium sp. CAG:58,PA,Clostridium sp. CAG:58,0.00047990805898856314,-0.00016747266566769945,139
All,RandomForest,YuJ_2015,0.8335835835835838,PA_[Eubacterium] rectale,PA,[Eubacterium] rectale,0.0004566720320206029,8.935200375117147e-06,140
All,RandomForest,YuJ_2015,0.8335835835835838,PA_Enterocloster bolteae,PA,Enterocloster bolteae,0.0004488626976420889,0.00018288040181275062,141
All,RandomForest,YuJ_2015,0.8335835835835838,PA_Anaerotignum lactatifermentans,PA,Anaerotignum lactatifermentans,0.00044722347634788134,-0.00011135852354887217,142
All,RandomForest,YuJ_2015,0.8335835835835838,PA_Paraprevotella xylaniphila,PA,Paraprevotella xylaniphila,0.0004331679391657502,-0.00021784288516190633,143
All,RandomForest,YuJ_2015,0.8335835835835838,PA_Phascolarctobacterium succinatutens,PA,Phascolarctobacterium succinatutens,0.00043261806108524446,-0.000132959436578821,144
All,RandomForest,YuJ_2015,0.8335835835835838,PA_[Eubacterium] siraeum,PA,[Eubacterium] siraeum,0.0004306510641213416,-0.00021393944618468687,145
All,RandomForest,YuJ_2015,0.8335835835835838,PA_Bacteroides finegoldii,PA,Bacteroides finegoldii,0.00042090206080084365,-1.3343067788590861e-05,146
All,RandomForest,YuJ_2015,0.8335835835835838,PA_Alistipes shahii,PA,Alistipes shahii,0.00041994391407677785,-4.326491635988116e-05,147
All,RandomForest,YuJ_2015,0.8335835835835838,PA_Bifidobacterium pseudocatenulatum,PA,Bifidobacterium pseudocatenulatum,0.00041085612691314197,-0.00024741504688863627,148
All,RandomForest,YuJ_2015,0.8335835835835838,PA_[Ruminococcus] lactaris,PA,[Ruminococcus] lactaris,0.0003844349250629626,-0.00014545701144024454,149
All,RandomForest,YuJ_2015,0.8335835835835838,PA_Slackia isoflavoniconvertens,PA,Slackia isoflavoniconvertens,0.0003793083174032359,-4.9974705980233745e-05,150
All,RandomForest,YuJ_2015,0.8335835835835838,PA_Adlercreutzia equolifaciens_1,PA,Adlercreutzia equolifaciens_1,0.0003743076136402113,6.371424224856086e-05,151
All,RandomForest,YuJ_2015,0.8335835835835838,PA_Proteobacteria bacterium CAG:139,PA,Proteobacteria bacterium CAG:139,0.0003627138029899076,2.0839593433270394e-05,152
All,RandomForest,YuJ_2015,0.8335835835835838,PA_Coprobacter fastidiosus,PA,Coprobacter fastidiosus,0.00035955899704865377,3.347298925609216e-05,153
All,RandomForest,YuJ_2015,0.8335835835835838,PA_Bacteroides stercoris,PA,Bacteroides stercoris,0.0003564010819380215,0.0001195051738031477,154
All,RandomForest,YuJ_2015,0.8335835835835838,PA_Akkermansia muciniphila,PA,Akkermansia muciniphila,0.00035357016167805955,7.960703264328301e-05,155
All,RandomForest,YuJ_2015,0.8335835835835838,PA_Collinsella aerofaciens,PA,Collinsella aerofaciens,0.00035318462538049813,9.39281700615261e-05,156
All,RandomForest,YuJ_2015,0.8335835835835838,PA_Oscillibacter sp. 57_20,PA,Oscillibacter sp. 57_20,0.00035043327762003697,0.0001102905991585013,157
All,RandomForest,YuJ_2015,0.8335835835835838,PA_Veillonella parvula,PA,Veillonella parvula,0.0003449141801776419,8.573503399492914e-05,158
All,RandomForest,YuJ_2015,0.8335835835835838,PA_Veillonella atypica,PA,Veillonella atypica,0.0003282611320679348,3.930535370615652e-06,159
All,RandomForest,YuJ_2015,0.8335835835835838,PA_Adlercreutzia equolifaciens,PA,Adlercreutzia equolifaciens,0.0003267901463666116,4.249539039459513e-05,160
All,RandomForest,YuJ_2015,0.8335835835835838,PA_Intestinibacter bartlettii,PA,Intestinibacter bartlettii,0.0003261726192812355,-4.364786781036476e-05,161
All,RandomForest,YuJ_2015,0.8335835835835838,PA_Butyricimonas virosa,PA,Butyricimonas virosa,0.0003251776282047911,3.59109768614905e-05,162
All,RandomForest,YuJ_2015,0.8335835835835838,PA_Parabacteroides distasonis,PA,Parabacteroides distasonis,0.00031987831293540405,0.00028017069991156896,163
All,RandomForest,YuJ_2015,0.8335835835835838,PA_Streptococcus thermophilus,PA,Streptococcus thermophilus,0.0003035011113548917,0.00024271120823950992,164
All,RandomForest,YuJ_2015,0.8335835835835838,PA_Phocaeicola massiliensis,PA,Phocaeicola massiliensis,0.0002986001429681202,4.0905108651848446e-05,165
All,RandomForest,YuJ_2015,0.8335835835835838,PA_Klebsiella pneumoniae,PA,Klebsiella pneumoniae,0.00029792201857419047,1.3922299334100516e-05,166
All,RandomForest,YuJ_2015,0.8335835835835838,PA_Roseburia faecis,PA,Roseburia faecis,0.0002973246225745243,-8.848912858899954e-05,167
All,RandomForest,YuJ_2015,0.8335835835835838,PA_Lachnospira pectinoschiza,PA,Lachnospira pectinoschiza,0.00028334142601792823,2.766092823772623e-05,168
All,RandomForest,YuJ_2015,0.8335835835835838,PA_Alistipes putredinis,PA,Alistipes putredinis,0.00028280600251753726,-5.035189642526661e-06,169
All,RandomForest,YuJ_2015,0.8335835835835838,PA_Coprococcus catus,PA,Coprococcus catus,0.00027925594066099805,0.00012687725083764364,170
All,RandomForest,YuJ_2015,0.8335835835835838,PA_Erysipelatoclostridium ramosum,PA,Erysipelatoclostridium ramosum,0.000276388264795025,7.004330317562886e-05,171
All,RandomForest,YuJ_2015,0.8335835835835838,PA_Eubacterium ventriosum,PA,Eubacterium ventriosum,0.0002763419642874689,4.4474664764426816e-05,172
All,RandomForest,YuJ_2015,0.8335835835835838,PA_Parasutterella excrementihominis,PA,Parasutterella excrementihominis,0.0002700935354419085,0.00010498074711594904,173
All,RandomForest,YuJ_2015,0.8335835835835838,PA_Bifidobacterium bifidum,PA,Bifidobacterium bifidum,0.00026690670742225643,8.2037218028224e-05,174
All,RandomForest,YuJ_2015,0.8335835835835838,PA_Bifidobacterium adolescentis,PA,Bifidobacterium adolescentis,0.0002668676308728504,4.8726860214724505e-05,175
All,RandomForest,YuJ_2015,0.8335835835835838,PA_Odoribacter splanchnicus,PA,Odoribacter splanchnicus,0.0002667159333786894,-7.920762953725509e-06,176
All,RandomForest,YuJ_2015,0.8335835835835838,PA_Firmicutes bacterium CAG:145,PA,Firmicutes bacterium CAG:145,0.0002559668776742189,-0.0001095315266224309,177
All,RandomForest,YuJ_2015,0.8335835835835838,PA_Eubacterium sp. CAG:274,PA,Eubacterium sp. CAG:274,0.00025505704820032605,-9.730544278212095e-05,178
All,RandomForest,YuJ_2015,0.8335835835835838,PA_Gemmiger formicilis,PA,Gemmiger formicilis,0.00024070463191449575,-4.3681581520334433e-05,179
All,RandomForest,YuJ_2015,0.8335835835835838,PA_Agathobaculum butyriciproducens,PA,Agathobaculum butyriciproducens,0.00023396687162872468,3.39590105561063e-05,180
All,RandomForest,YuJ_2015,0.8335835835835838,PA_Klebsiella variicola,PA,Klebsiella variicola,0.00023378038383594385,-5.7072731658290145e-05,181
All,RandomForest,YuJ_2015,0.8335835835835838,PA_Barnesiella intestinihominis,PA,Barnesiella intestinihominis,0.0002331293648663104,-1.211730059383062e-05,182
All,RandomForest,YuJ_2015,0.8335835835835838,PA_Ruminococcus bromii,PA,Ruminococcus bromii,0.000231846343978412,-0.0001053215558115801,183
All,RandomForest,YuJ_2015,0.8335835835835838,PA_Bacteroides ovatus,PA,Bacteroides ovatus,0.000229127982228276,-1.4598574034485496e-05,184
All,RandomForest,YuJ_2015,0.8335835835835838,PA_Phocaeicola dorei,PA,Phocaeicola dorei,0.00022661994025017566,0.00010571994451053862,185
All,RandomForest,YuJ_2015,0.8335835835835838,PA_Blautia obeum,PA,Blautia obeum,0.00021651084908343464,2.8209702560126914e-05,186
All,RandomForest,YuJ_2015,0.8335835835835838,PA_Streptococcus parasanguinis,PA,Streptococcus parasanguinis,0.00021516634512383056,-6.3316974377573514e-06,187
All,RandomForest,YuJ_2015,0.8335835835835838,PA_Fusicatenibacter saccharivorans,PA,Fusicatenibacter saccharivorans,0.0002044865347248457,8.204192882232872e-06,188
All,RandomForest,YuJ_2015,0.8335835835835838,PA_Flavonifractor plautii,PA,Flavonifractor plautii,0.00020390644462678974,4.890434448927713e-05,189
All,RandomForest,YuJ_2015,0.8335835835835838,PA_Eubacterium ramulus,PA,Eubacterium ramulus,0.00020022180445033558,-9.680183570883804e-06,190
All,RandomForest,YuJ_2015,0.8335835835835838,PA_Klebsiella quasipneumoniae,PA,Klebsiella quasipneumoniae,0.0001993229464750162,3.807591959335192e-06,191
All,RandomForest,YuJ_2015,0.8335835835835838,PA_Eggerthella lenta,PA,Eggerthella lenta,0.00019786097397907174,2.180816494138702e-06,192
All,RandomForest,YuJ_2015,0.8335835835835838,PA_Dorea longicatena,PA,Dorea longicatena,0.0001965082588090273,2.611030794198683e-05,193
All,RandomForest,YuJ_2015,0.8335835835835838,PA_Dorea formicigenerans,PA,Dorea formicigenerans,0.00019521840366049217,5.191113827013172e-05,194
All,RandomForest,YuJ_2015,0.8335835835835838,PA_Coprococcus eutactus,PA,Coprococcus eutactus,0.00019464170629067203,-9.785081002621277e-05,195
All,RandomForest,YuJ_2015,0.8335835835835838,PA_Acidaminococcus intestini,PA,Acidaminococcus intestini,0.00019132900823291713,-6.836613826618975e-05,196
All,RandomForest,YuJ_2015,0.8335835835835838,PA_Oscillibacter sp. CAG:241,PA,Oscillibacter sp. CAG:241,0.00018965240090420318,-1.3173508564145961e-05,197
All,RandomForest,YuJ_2015,0.8335835835835838,PA_Roseburia inulinivorans,PA,Roseburia inulinivorans,0.00018585457718967233,1.3664104193705586e-05,198
All,RandomForest,YuJ_2015,0.8335835835835838,PA_Alistipes inops,PA,Alistipes inops,0.00018552930286357664,-0.00011578084988860529,199
All,RandomForest,YuJ_2015,0.8335835835835838,PA_Phocaeicola vulgatus,PA,Phocaeicola vulgatus,0.0001830245218415401,0.00014799510987574972,200
All,RandomForest,YuJ_2015,0.8335835835835838,PA_Bifidobacterium longum,PA,Bifidobacterium longum,0.00018254576738393517,5.539654433704017e-05,201
All,RandomForest,YuJ_2015,0.8335835835835838,PA_Bacteroides thetaiotaomicron,PA,Bacteroides thetaiotaomicron,0.00017336267622307608,1.596387899705557e-05,202
All,RandomForest,YuJ_2015,0.8335835835835838,PA_Bacteroides xylanisolvens,PA,Bacteroides xylanisolvens,0.00016660649386028624,-1.826209806015675e-05,203
All,RandomForest,YuJ_2015,0.8335835835835838,PA_Ruthenibacterium lactatiformans,PA,Ruthenibacterium lactatiformans,0.0001659756368477075,8.955285296627289e-05,204
All,RandomForest,YuJ_2015,0.8335835835835838,PA_Coprococcus comes,PA,Coprococcus comes,0.0001630881421684835,5.243115097598142e-05,205
All,RandomForest,YuJ_2015,0.8335835835835838,PA_Roseburia hominis,PA,Roseburia hominis,0.00015770893915036897,9.63976234257296e-06,206
All,RandomForest,YuJ_2015,0.8335835835835838,PA_Bacteroides sp. CAG:144,PA,Bacteroides sp. CAG:144,0.00015124649125249347,-0.00013443559341554047,207
All,RandomForest,YuJ_2015,0.8335835835835838,PA_Faecalibacterium prausnitzii,PA,Faecalibacterium prausnitzii,0.00014799786780365166,-2.4007144075550026e-05,208
All,RandomForest,YuJ_2015,0.8335835835835838,PA_Firmicutes bacterium CAG:83,PA,Firmicutes bacterium CAG:83,0.00014730977847744365,6.850776550582194e-05,209
All,RandomForest,YuJ_2015,0.8335835835835838,PA_Anaerobutyricum hallii,PA,Anaerobutyricum hallii,0.0001469733397258133,-3.1134740082982078e-06,210
All,RandomForest,YuJ_2015,0.8335835835835838,PA_Phascolarctobacterium faecium,PA,Phascolarctobacterium faecium,0.00014152725803345044,-5.499987208672219e-06,211
All,RandomForest,YuJ_2015,0.8335835835835838,PA_Gordonibacter pamelaeae,PA,Gordonibacter pamelaeae,0.0001336828816998574,2.716368295966753e-05,212
All,RandomForest,YuJ_2015,0.8335835835835838,PA_Anaerostipes hadrus,PA,Anaerostipes hadrus,0.00013053801098756446,-2.9953512105566113e-05,213
All,RandomForest,YuJ_2015,0.8335835835835838,PA_Dialister invisus,PA,Dialister invisus,0.0001235323751455595,5.840037790158943e-06,214
All,RandomForest,YuJ_2015,0.8335835835835838,PA_Bacteroides uniformis,PA,Bacteroides uniformis,9.156834641898908e-05,3.619357205003312e-05,215
All,RandomForest,YuJ_2015,0.8335835835835838,PA_Blautia wexlerae,PA,Blautia wexlerae,5.175397315318818e-05,5.602415859943958e-07,216
All,RandomForest,ZellerG_2014,0.690844416950201,PA_Parvimonas micra,PA,Parvimonas micra,0.051865793615215955,0.02458045222552488,1
All,RandomForest,ZellerG_2014,0.690844416950201,rCLR_Parvimonas micra,rCLR,Parvimonas micra,0.02407289750655017,0.010343384048702355,2
All,RandomForest,ZellerG_2014,0.690844416950201,rCLR_Eubacterium sp. CAG:251,rCLR,Eubacterium sp. CAG:251,0.013701060535645081,0.009032441119778602,3
All,RandomForest,ZellerG_2014,0.690844416950201,rCLR_Ruthenibacterium lactatiformans,rCLR,Ruthenibacterium lactatiformans,0.012518618706807112,0.0009103991095205127,4
All,RandomForest,ZellerG_2014,0.690844416950201,rCLR_Dorea formicigenerans,rCLR,Dorea formicigenerans,0.011015010570944813,0.0056083069248642195,5
All,RandomForest,ZellerG_2014,0.690844416950201,rCLR_Lachnospira pectinoschiza,rCLR,Lachnospira pectinoschiza,0.010942477253530786,0.0024584680769780282,6
All,RandomForest,ZellerG_2014,0.690844416950201,rCLR_[Ruminococcus] torques,rCLR,[Ruminococcus] torques,0.010485688506027416,0.002370628554007533,7
All,RandomForest,ZellerG_2014,0.690844416950201,rCLR_Bacteroides caccae,rCLR,Bacteroides caccae,0.008823187902323048,0.0010663438871809112,8
All,RandomForest,ZellerG_2014,0.690844416950201,rCLR_Odoribacter splanchnicus,rCLR,Odoribacter splanchnicus,0.00782108687327857,0.0039026288187386164,9
All,RandomForest,ZellerG_2014,0.690844416950201,rCLR_Eubacterium ventriosum,rCLR,Eubacterium ventriosum,0.007145655680056509,-0.004355200388358587,10
All,RandomForest,ZellerG_2014,0.690844416950201,rCLR_Roseburia faecis,rCLR,Roseburia faecis,0.007049364834099551,-0.002706297095803908,11
All,RandomForest,ZellerG_2014,0.690844416950201,rCLR_Anaerostipes hadrus,rCLR,Anaerostipes hadrus,0.0068005791071739895,-0.002583740428397132,12
All,RandomForest,ZellerG_2014,0.690844416950201,rCLR_Roseburia intestinalis,rCLR,Roseburia intestinalis,0.006763692553190141,-0.0006852925478960263,13
All,RandomForest,ZellerG_2014,0.690844416950201,rCLR_Parabacteroides distasonis,rCLR,Parabacteroides distasonis,0.006744494884152741,-3.636568318068428e-05,14
All,RandomForest,ZellerG_2014,0.690844416950201,rCLR_Bacteroides sp. CAG:144,rCLR,Bacteroides sp. CAG:144,0.006036663310757197,-0.0048201158213398345,15
All,RandomForest,ZellerG_2014,0.690844416950201,rCLR_Alistipes finegoldii,rCLR,Alistipes finegoldii,0.005863998020013775,-6.074650816744048e-05,16
All,RandomForest,ZellerG_2014,0.690844416950201,rCLR_Lachnospira eligens,rCLR,Lachnospira eligens,0.005565654044929142,-0.0026021922235648946,17
All,RandomForest,ZellerG_2014,0.690844416950201,rCLR_Methanobrevibacter smithii,rCLR,Methanobrevibacter smithii,0.005449329210767469,0.004588631918868401,18
All,RandomForest,ZellerG_2014,0.690844416950201,rCLR_Dorea longicatena,rCLR,Dorea longicatena,0.00521374785348681,0.0032297443648963927,19
All,RandomForest,ZellerG_2014,0.690844416950201,Age,covariate,Age,0.004939800097323188,0.0015730396720415921,20
All,RandomForest,ZellerG_2014,0.690844416950201,rCLR_Butyricimonas virosa,rCLR,Butyricimonas virosa,0.004879956168709939,-0.0003349906405808797,21
All,RandomForest,ZellerG_2014,0.690844416950201,rCLR_Clostridium sp. CAG:58,rCLR,Clostridium sp. CAG:58,0.004852784085637382,-0.0014357570059480738,22
All,RandomForest,ZellerG_2014,0.690844416950201,rCLR_Faecalibacterium prausnitzii,rCLR,Faecalibacterium prausnitzii,0.004615711652395476,-0.0003392993621235055,23
All,RandomForest,ZellerG_2014,0.690844416950201,rCLR_Fusicatenibacter saccharivorans,rCLR,Fusicatenibacter saccharivorans,0.004110129531977029,-0.00019021742526206676,24
All,RandomForest,ZellerG_2014,0.690844416950201,rCLR_Collinsella aerofaciens,rCLR,Collinsella aerofaciens,0.003952452580893427,-0.001509209322920119,25
All,RandomForest,ZellerG_2014,0.690844416950201,rCLR_Coprococcus catus,rCLR,Coprococcus catus,0.0037407421543432452,0.0015945909085715588,26
All,RandomForest,ZellerG_2014,0.690844416950201,rCLR_Bacteroides thetaiotaomicron,rCLR,Bacteroides thetaiotaomicron,0.0037318314952808893,-0.0005167957994491481,27
All,RandomForest,ZellerG_2014,0.690844416950201,rCLR_Flavonifractor plautii,rCLR,Flavonifractor plautii,0.0036654196450794487,-0.0012586543981997849,28
All,RandomForest,ZellerG_2014,0.690844416950201,rCLR_Eubacterium sp. CAG:180,rCLR,Eubacterium sp. CAG:180,0.0035955714942472843,-0.0021008136292867564,29
All,RandomForest,ZellerG_2014,0.690844416950201,PA_Methanobrevibacter smithii,PA,Methanobrevibacter smithii,0.0035582538950102043,0.00243325439942386,30
All,RandomForest,ZellerG_2014,0.690844416950201,rCLR_Paraprevotella xylaniphila,rCLR,Paraprevotella xylaniphila,0.0035252126389043567,0.0008002999087608612,31
All,RandomForest,ZellerG_2014,0.690844416950201,rCLR_Blautia obeum,rCLR,Blautia obeum,0.003419831978171782,0.0019298455483645674,32
All,RandomForest,ZellerG_2014,0.690844416950201,rCLR_Ruminococcus bromii,rCLR,Ruminococcus bromii,0.003196026074189495,0.0016025704126237975,33
All,RandomForest,ZellerG_2014,0.690844416950201,rCLR_Bacteroides fragilis,rCLR,Bacteroides fragilis,0.0031280180903808475,0.00032864494831533105,34
All,RandomForest,ZellerG_2014,0.690844416950201,rCLR_Bifidobacterium longum,rCLR,Bifidobacterium longum,0.0030222240692777133,-0.00015514884363792316,35
All,RandomForest,ZellerG_2014,0.690844416950201,rCLR_Anaerobutyricum hallii,rCLR,Anaerobutyricum hallii,0.002936174240441445,0.0021530720322159845,36
All,RandomForest,ZellerG_2014,0.690844416950201,rCLR_Akkermansia muciniphila,rCLR,Akkermansia muciniphila,0.0029164469956126544,0.0001437420471276909,37
All,RandomForest,ZellerG_2014,0.690844416950201,rCLR_Parabacteroides merdae,rCLR,Parabacteroides merdae,0.002808361956406424,0.0002773071913862675,38
All,RandomForest,ZellerG_2014,0.690844416950201,rCLR_Oscillibacter sp. CAG:241,rCLR,Oscillibacter sp. CAG:241,0.00279215878734753,0.00037227834883926095,39
All,RandomForest,ZellerG_2014,0.690844416950201,rCLR_Bifidobacterium bifidum,rCLR,Bifidobacterium bifidum,0.002685169887529441,-0.0026437378360021652,40
All,RandomForest,ZellerG_2014,0.690844416950201,rCLR_Phocaeicola coprocola,rCLR,Phocaeicola coprocola,0.002638157737964522,-0.0015859932536403394,41
All,RandomForest,ZellerG_2014,0.690844416950201,rCLR_Streptococcus thermophilus,rCLR,Streptococcus thermophilus,0.0025380219161928747,-0.0009311259067717497,42
All,RandomForest,ZellerG_2014,0.690844416950201,rCLR_Alistipes inops,rCLR,Alistipes inops,0.002467690068035899,0.0017786409687751536,43
All,RandomForest,ZellerG_2014,0.690844416950201,rCLR_Parasutterella excrementihominis,rCLR,Parasutterella excrementihominis,0.002463351654624226,-0.0005704751626740386,44
All,RandomForest,ZellerG_2014,0.690844416950201,rCLR_Klebsiella quasipneumoniae,rCLR,Klebsiella quasipneumoniae,0.0024592855793616917,0.002165507781053568,45
All,RandomForest,ZellerG_2014,0.690844416950201,rCLR_Roseburia hominis,rCLR,Roseburia hominis,0.0023228598260782874,0.0003976271561325067,46
All,RandomForest,ZellerG_2014,0.690844416950201,rCLR_Coprococcus comes,rCLR,Coprococcus comes,0.002269122477876985,-0.0007740462891748428,47
All,RandomForest,ZellerG_2014,0.690844416950201,rCLR_Veillonella parvula,rCLR,Veillonella parvula,0.002209439420092167,-0.0007625932006378043,48
All,RandomForest,ZellerG_2014,0.690844416950201,rCLR_Phascolarctobacterium succinatutens,rCLR,Phascolarctobacterium succinatutens,0.0021699826703963808,0.0005348898044749397,49
All,RandomForest,ZellerG_2014,0.690844416950201,rCLR_Bacteroides cellulosilyticus,rCLR,Bacteroides cellulosilyticus,0.0021326218560105067,0.0004127918323380412,50
All,RandomForest,ZellerG_2014,0.690844416950201,rCLR_Coprobacter fastidiosus,rCLR,Coprobacter fastidiosus,0.002079331292305144,-0.000895379608312858,51
All,RandomForest,ZellerG_2014,0.690844416950201,rCLR_Phocaeicola vulgatus,rCLR,Phocaeicola vulgatus,0.0019230870671332096,0.0007049481196101141,52
All,RandomForest,ZellerG_2014,0.690844416950201,rCLR_Eubacterium sp. CAG:274,rCLR,Eubacterium sp. CAG:274,0.0019154915095899012,-0.00111537243488463,53
All,RandomForest,ZellerG_2014,0.690844416950201,rCLR_Escherichia coli,rCLR,Escherichia coli,0.0018859435672067483,0.0006217329823029961,54
All,RandomForest,ZellerG_2014,0.690844416950201,rCLR_Eubacterium ramulus,rCLR,Eubacterium ramulus,0.001849414201100692,0.001018305774642726,55
All,RandomForest,ZellerG_2014,0.690844416950201,rCLR_Firmicutes bacterium CAG:83,rCLR,Firmicutes bacterium CAG:83,0.0017738961337034613,-0.00017574577233629067,56
All,RandomForest,ZellerG_2014,0.690844416950201,rCLR_Agathobaculum butyriciproducens,rCLR,Agathobaculum butyriciproducens,0.0016834620975330662,0.0006155408705574394,57
All,RandomForest,ZellerG_2014,0.690844416950201,rCLR_Bifidobacterium pseudocatenulatum,rCLR,Bifidobacterium pseudocatenulatum,0.0016257538285747478,0.0007739555758834234,58
All,RandomForest,ZellerG_2014,0.690844416950201,rCLR_Bacteroides xylanisolvens,rCLR,Bacteroides xylanisolvens,0.0016144682567089945,0.000566784837155527,59
All,RandomForest,ZellerG_2014,0.690844416950201,rCLR_Barnesiella intestinihominis,rCLR,Barnesiella intestinihominis,0.00161113123965806,0.0004935054199477874,60
All,RandomForest,ZellerG_2014,0.690844416950201,rCLR_[Ruminococcus] gnavus,rCLR,[Ruminococcus] gnavus,0.0015975337272741224,-0.00025801385184600397,61
All,RandomForest,ZellerG_2014,0.690844416950201,rCLR_Anaerotignum lactatifermentans,rCLR,Anaerotignum lactatifermentans,0.001542848466005341,0.0010809512844526478,62
All,RandomForest,ZellerG_2014,0.690844416950201,rCLR_Gemmiger formicilis,rCLR,Gemmiger formicilis,0.0015414253451011464,0.0005688557952600481,63
All,RandomForest,ZellerG_2014,0.690844416950201,rCLR_[Eubacterium] rectale,rCLR,[Eubacterium] rectale,0.0015340266145212902,1.7023008130708752e-05,64
All,RandomForest,ZellerG_2014,0.690844416950201,rCLR_Streptococcus parasanguinis,rCLR,Streptococcus parasanguinis,0.0015183622545408058,-9.52188871692375e-05,65
All,RandomForest,ZellerG_2014,0.690844416950201,PA_Bacteroides caccae,PA,Bacteroides caccae,0.0015153335709527248,0.0002707825829082743,66
All,RandomForest,ZellerG_2014,0.690844416950201,rCLR_Proteobacteria bacterium CAG:139,rCLR,Proteobacteria bacterium CAG:139,0.001500088373535613,0.0006803196572408976,67
All,RandomForest,ZellerG_2014,0.690844416950201,rCLR_Bacteroides salyersiae,rCLR,Bacteroides salyersiae,0.0014861971538126307,0.0004315533132102493,68
All,RandomForest,ZellerG_2014,0.690844416950201,PA_Collinsella aerofaciens,PA,Collinsella aerofaciens,0.001467961523877617,0.0003530794669874762,69
All,RandomForest,ZellerG_2014,0.690844416950201,rCLR_Coprococcus eutactus,rCLR,Coprococcus eutactus,0.0014313775458878381,0.00013565760618072282,70
All,RandomForest,ZellerG_2014,0.690844416950201,rCLR_Klebsiella pneumoniae,rCLR,Klebsiella pneumoniae,0.0014217014660133608,-0.0010338063198919423,71
All,RandomForest,ZellerG_2014,0.690844416950201,rCLR_Adlercreutzia equolifaciens,rCLR,Adlercreutzia equolifaciens,0.0014190774075818478,-0.0006484218305492937,72
All,RandomForest,ZellerG_2014,0.690844416950201,rCLR_Alistipes putredinis,rCLR,Alistipes putredinis,0.0014028586981338718,0.0004709911744524289,73
All,RandomForest,ZellerG_2014,0.690844416950201,rCLR_Erysipelatoclostridium ramosum,rCLR,Erysipelatoclostridium ramosum,0.001382729448703258,-0.00015770460270832327,74
All,RandomForest,ZellerG_2014,0.690844416950201,rCLR_Enterocloster bolteae,rCLR,Enterocloster bolteae,0.0013575479696863971,-0.00034987078186260646,75
All,RandomForest,ZellerG_2014,0.690844416950201,PA_Bacteroides fragilis,PA,Bacteroides fragilis,0.0013257556670963936,0.0002679847431073892,76
All,RandomForest,ZellerG_2014,0.690844416950201,PA_Enterocloster bolteae,PA,Enterocloster bolteae,0.0013206377168951738,-0.00035227902508526253,77
All,RandomForest,ZellerG_2014,0.690844416950201,PA_Phocaeicola plebeius,PA,Phocaeicola plebeius,0.0013054594645932494,6.899789153029534e-05,78
All,RandomForest,ZellerG_2014,0.690844416950201,rCLR_Bifidobacterium adolescentis,rCLR,Bifidobacterium adolescentis,0.0013036085065179206,-0.00023859666464392355,79
All,RandomForest,ZellerG_2014,0.690844416950201,rCLR_Bacteroides stercoris,rCLR,Bacteroides stercoris,0.0012908078204053478,0.00012540891802092819,80
All,RandomForest,ZellerG_2014,0.690844416950201,rCLR_Desulfovibrio piger,rCLR,Desulfovibrio piger,0.0012880608779263557,0.0007715214035377302,81
All,RandomForest,ZellerG_2014,0.690844416950201,rCLR_Phascolarctobacterium faecium,rCLR,Phascolarctobacterium faecium,0.0012875643253911753,0.0009268973550359609,82
All,RandomForest,ZellerG_2014,0.690844416950201,rCLR_Firmicutes bacterium CAG:145,rCLR,Firmicutes bacterium CAG:145,0.001269970341547393,-0.0004615564894051162,83
All,RandomForest,ZellerG_2014,0.690844416950201,rCLR_[Eubacterium] siraeum,rCLR,[Eubacterium] siraeum,0.0012592665549830838,0.00012329152611865522,84
All,RandomForest,ZellerG_2014,0.690844416950201,rCLR_Slackia isoflavoniconvertens,rCLR,Slackia isoflavoniconvertens,0.0012551463659389627,-0.00029518099829238433,85
All,RandomForest,ZellerG_2014,0.690844416950201,rCLR_Prevotella copri,rCLR,Prevotella copri,0.001254526280076906,0.0004684084940745702,86
All,RandomForest,ZellerG_2014,0.690844416950201,rCLR_Adlercreutzia equolifaciens_1,rCLR,Adlercreutzia equolifaciens_1,0.0012511828649522877,-0.00022533760493061264,87
All,RandomForest,ZellerG_2014,0.690844416950201,rCLR_Bacteroides finegoldii,rCLR,Bacteroides finegoldii,0.0012476153831630678,0.0007278906259521981,88
All,RandomForest,ZellerG_2014,0.690844416950201,rCLR_Phocaeicola dorei,rCLR,Phocaeicola dorei,0.0011984242006681223,-3.282989901902402e-05,89
All,RandomForest,ZellerG_2014,0.690844416950201,PA_Butyricimonas virosa,PA,Butyricimonas virosa,0.001195386885507017,0.0004605972749224222,90
All,RandomForest,ZellerG_2014,0.690844416950201,rCLR_Lawsonibacter asaccharolyticus,rCLR,Lawsonibacter asaccharolyticus,0.0011812089794784632,-0.0003337119240948811,91
All,RandomForest,ZellerG_2014,0.690844416950201,rCLR_Blautia wexlerae,rCLR,Blautia wexlerae,0.0011580231398323052,-0.00010245982064678896,92
All,RandomForest,ZellerG_2014,0.690844416950201,rCLR_Gordonibacter pamelaeae,rCLR,Gordonibacter pamelaeae,0.001155739221659595,0.00022047295229822605,93
All,RandomForest,ZellerG_2014,0.690844416950201,PA_Escherichia coli,PA,Escherichia coli,0.0011497882127963406,0.00015857010010390015,94
All,RandomForest,ZellerG_2014,0.690844416950201,rCLR_Ruminococcus bicirculans,rCLR,Ruminococcus bicirculans,0.0011328973481286348,9.119688666432826e-05,95
All,RandomForest,ZellerG_2014,0.690844416950201,PA_Eubacterium sp. CAG:180,PA,Eubacterium sp. CAG:180,0.0011272920543909668,0.0002174996013575261,96
All,RandomForest,ZellerG_2014,0.690844416950201,rCLR_Eggerthella lenta,rCLR,Eggerthella lenta,0.0011136790127878823,0.00037693279702041057,97
All,RandomForest,ZellerG_2014,0.690844416950201,rCLR_[Ruminococcus] lactaris,rCLR,[Ruminococcus] lactaris,0.0011060432236184902,-0.0005462116212768316,98
All,RandomForest,ZellerG_2014,0.690844416950201,rCLR_Blautia sp. CAG:257,rCLR,Blautia sp. CAG:257,0.0011049870363223264,0.00011152901667495135,99
All,RandomForest,ZellerG_2014,0.690844416950201,rCLR_Alistipes shahii,rCLR,Alistipes shahii,0.0010997248460442252,-0.00019736796805061306,100
All,RandomForest,ZellerG_2014,0.690844416950201,rCLR_Firmicutes bacterium CAG:110,rCLR,Firmicutes bacterium CAG:110,0.0010961637701114497,0.00013560457470212302,101
All,RandomForest,ZellerG_2014,0.690844416950201,Gender,covariate,Gender,0.0010902224425842612,-0.00025560516490715705,102
All,RandomForest,ZellerG_2014,0.690844416950201,rCLR_Phocaeicola plebeius,rCLR,Phocaeicola plebeius,0.0010838098274767592,0.00016195652220366477,103
All,RandomForest,ZellerG_2014,0.690844416950201,PA_Ruminococcus bicirculans,PA,Ruminococcus bicirculans,0.0010738126782225952,-0.00019540569970543138,104
All,RandomForest,ZellerG_2014,0.690844416950201,rCLR_Veillonella atypica,rCLR,Veillonella atypica,0.0010541788052434256,0.00030057227917138353,105
All,RandomForest,ZellerG_2014,0.690844416950201,rCLR_Bacteroides ovatus,rCLR,Bacteroides ovatus,0.0010461828347058495,0.0001227786106119847,106
All,RandomForest,ZellerG_2014,0.690844416950201,rCLR_Eubacterium sp. CAG:38,rCLR,Eubacterium sp. CAG:38,0.0010455225326450243,-0.00023976479798492743,107
All,RandomForest,ZellerG_2014,0.690844416950201,PA_Roseburia intestinalis,PA,Roseburia intestinalis,0.0010382966112361131,-0.0002704671955800715,108
All,RandomForest,ZellerG_2014,0.690844416950201,rCLR_Oscillibacter sp. 57_20,rCLR,Oscillibacter sp. 57_20,0.001017509759742407,-0.00016288093682546983,109
All,RandomForest,ZellerG_2014,0.690844416950201,rCLR_Bacteroides eggerthii,rCLR,Bacteroides eggerthii,0.0010084784248334349,-0.000331633670334977,110
All,RandomForest,ZellerG_2014,0.690844416950201,rCLR_Holdemanella biformis,rCLR,Holdemanella biformis,0.0010076863174565231,-0.00016633328657190846,111
All,RandomForest,ZellerG_2014,0.690844416950201,rCLR_Streptococcus salivarius,rCLR,Streptococcus salivarius,0.00099499441895469,-7.903491484994075e-05,112
All,RandomForest,ZellerG_2014,0.690844416950201,rCLR_Acidaminococcus intestini,rCLR,Acidaminococcus intestini,0.0009270922843223075,-0.00018767704393280035,113
All,RandomForest,ZellerG_2014,0.690844416950201,rCLR_Roseburia inulinivorans,rCLR,Roseburia inulinivorans,0.000915274115241463,-0.00011735514627842305,114
All,RandomForest,ZellerG_2014,0.690844416950201,rCLR_Dialister invisus,rCLR,Dialister invisus,0.0009150735658302599,5.6792132292693575e-06,115
All,RandomForest,ZellerG_2014,0.690844416950201,rCLR_Phocaeicola massiliensis,rCLR,Phocaeicola massiliensis,0.0008960722428712171,0.00025006629315518195,116
All,RandomForest,ZellerG_2014,0.690844416950201,rCLR_Intestinibacter bartlettii,rCLR,Intestinibacter bartlettii,0.0008620587889942712,-0.00041237482167635344,117
All,RandomForest,ZellerG_2014,0.690844416950201,rCLR_Bacteroides uniformis,rCLR,Bacteroides uniformis,0.0008570654809004882,-9.301129823015508e-05,118
All,RandomForest,ZellerG_2014,0.690844416950201,PA_Streptococcus salivarius,PA,Streptococcus salivarius,0.0008529080586622183,-0.00010141392411318856,119
All,RandomForest,ZellerG_2014,0.690844416950201,rCLR_Bacteroides intestinalis,rCLR,Bacteroides intestinalis,0.0008061952849894139,5.362524068443394e-05,120
All,RandomForest,ZellerG_2014,0.690844416950201,rCLR_Megamonas funiformis,rCLR,Megamonas funiformis,0.0007997004052806223,-0.00038473958820505366,121
All,RandomForest,ZellerG_2014,0.690844416950201,PA_Eubacterium sp. CAG:251,PA,Eubacterium sp. CAG:251,0.0007710451782922722,-0.0001358248923468412,122
All,RandomForest,ZellerG_2014,0.690844416950201,PA_Flavonifractor plautii,PA,Flavonifractor plautii,0.000754458319563729,-0.00047338365705629275,123
All,RandomForest,ZellerG_2014,0.690844416950201,PA_Firmicutes bacterium CAG:110,PA,Firmicutes bacterium CAG:110,0.0007333161890806836,-0.000260469703879527,124
All,RandomForest,ZellerG_2014,0.690844416950201,PA_Lachnospira eligens,PA,Lachnospira eligens,0.0006794156750876002,-0.0003015612037295744,125
All,RandomForest,ZellerG_2014,0.690844416950201,PA_[Ruminococcus] lactaris,PA,[Ruminococcus] lactaris,0.0006727426393350414,-0.00020936435615968128,126
All,RandomForest,ZellerG_2014,0.690844416950201,PA_Bifidobacterium bifidum,PA,Bifidobacterium bifidum,0.0006683587601660871,-0.0002674281118973101,127
All,RandomForest,ZellerG_2014,0.690844416950201,PA_Anaerotignum lactatifermentans,PA,Anaerotignum lactatifermentans,0.0006387744805459048,-0.00016638585889491086,128
All,RandomForest,ZellerG_2014,0.690844416950201,rCLR_Klebsiella variicola,rCLR,Klebsiella variicola,0.0006271302986307681,-6.563597210050525e-05,129
All,RandomForest,ZellerG_2014,0.690844416950201,PA_Streptococcus thermophilus,PA,Streptococcus thermophilus,0.000606065928969923,-0.00028657739576988506,130
All,RandomForest,ZellerG_2014,0.690844416950201,PA_Holdemanella biformis,PA,Holdemanella biformis,0.0006022447982469111,8.990225595336901e-05,131
All,RandomForest,ZellerG_2014,0.690844416950201,PA_[Eubacterium] siraeum,PA,[Eubacterium] siraeum,0.0005677787225317259,0.00024356634390002902,132
All,RandomForest,ZellerG_2014,0.690844416950201,PA_Veillonella parvula,PA,Veillonella parvula,0.0005505316107365236,-8.24378322664967e-05,133
All,RandomForest,ZellerG_2014,0.690844416950201,PA_Phascolarctobacterium succinatutens,PA,Phascolarctobacterium succinatutens,0.0005406067447995329,3.807407200552762e-05,134
All,RandomForest,ZellerG_2014,0.690844416950201,PA_Proteobacteria bacterium CAG:139,PA,Proteobacteria bacterium CAG:139,0.0005244537260536045,-0.00020741305336382162,135
All,RandomForest,ZellerG_2014,0.690844416950201,PA_Bacteroides cellulosilyticus,PA,Bacteroides cellulosilyticus,0.0005192583921617079,0.000133522490525285,136
All,RandomForest,ZellerG_2014,0.690844416950201,PA_[Ruminococcus] gnavus,PA,[Ruminococcus] gnavus,0.0005153061210307173,-0.0001227905879254315,137
All,RandomForest,ZellerG_2014,0.690844416950201,PA_Alistipes shahii,PA,Alistipes shahii,0.0005094642745100328,0.00018063153615917397,138
All,RandomForest,ZellerG_2014,0.690844416950201,PA_Roseburia faecis,PA,Roseburia faecis,0.0004911475363838449,-0.0002430161615408012,139
All,RandomForest,ZellerG_2014,0.690844416950201,PA_Bacteroides intestinalis,PA,Bacteroides intestinalis,0.0004601328353148046,2.5076679057251756e-05,140
All,RandomForest,ZellerG_2014,0.690844416950201,PA_Bacteroides eggerthii,PA,Bacteroides eggerthii,0.0004495341465720705,3.827309877387057e-05,141
All,RandomForest,ZellerG_2014,0.690844416950201,PA_Firmicutes bacterium CAG:145,PA,Firmicutes bacterium CAG:145,0.000449088418619407,-5.834600455774582e-05,142
All,RandomForest,ZellerG_2014,0.690844416950201,PA_Parabacteroides distasonis,PA,Parabacteroides distasonis,0.00043596094982358333,0.00019844608519132176,143
All,RandomForest,ZellerG_2014,0.690844416950201,PA_Slackia isoflavoniconvertens,PA,Slackia isoflavoniconvertens,0.0004245471539134637,0.00017446918371888734,144
All,RandomForest,ZellerG_2014,0.690844416950201,PA_Eubacterium sp. CAG:38,PA,Eubacterium sp. CAG:38,0.00041950408411363946,-0.00016804849124927955,145
All,RandomForest,ZellerG_2014,0.690844416950201,PA_Erysipelatoclostridium ramosum,PA,Erysipelatoclostridium ramosum,0.00040915736880897305,-7.620743005592793e-05,146
All,RandomForest,ZellerG_2014,0.690844416950201,PA_Adlercreutzia equolifaciens_1,PA,Adlercreutzia equolifaciens_1,0.0004089486420936533,-6.488682963432019e-05,147
All,RandomForest,ZellerG_2014,0.690844416950201,PA_Clostridium sp. CAG:58,PA,Clostridium sp. CAG:58,0.00040250146184995866,8.054458091855331e-05,148
All,RandomForest,ZellerG_2014,0.690844416950201,PA_Parabacteroides merdae,PA,Parabacteroides merdae,0.00039940952989281407,5.6734901923452145e-05,149
All,RandomForest,ZellerG_2014,0.690844416950201,PA_[Eubacterium] rectale,PA,[Eubacterium] rectale,0.0003987839851419067,0.0001911820083372763,150
All,RandomForest,ZellerG_2014,0.690844416950201,PA_Megamonas funiformis,PA,Megamonas funiformis,0.0003930962652523651,-0.00023467739154240283,151
All,RandomForest,ZellerG_2014,0.690844416950201,PA_Paraprevotella xylaniphila,PA,Paraprevotella xylaniphila,0.00038711078314617294,8.866876098793475e-05,152
All,RandomForest,ZellerG_2014,0.690844416950201,PA_Bifidobacterium pseudocatenulatum,PA,Bifidobacterium pseudocatenulatum,0.0003825415181655542,9.48787019211685e-05,153
All,RandomForest,ZellerG_2014,0.690844416950201,PA_Parasutterella excrementihominis,PA,Parasutterella excrementihominis,0.0003808755503132966,-8.374269751171736e-05,154
All,RandomForest,ZellerG_2014,0.690844416950201,PA_Phocaeicola coprocola,PA,Phocaeicola coprocola,0.00036974539626747683,-0.00015993276649506024,155
All,RandomForest,ZellerG_2014,0.690844416950201,PA_Bacteroides stercoris,PA,Bacteroides stercoris,0.0003659620898780371,-5.532747699366349e-05,156
All,RandomForest,ZellerG_2014,0.690844416950201,PA_Bacteroides ovatus,PA,Bacteroides ovatus,0.00036277395715914366,-2.611821427158176e-06,157
All,RandomForest,ZellerG_2014,0.690844416950201,PA_Agathobaculum butyriciproducens,PA,Agathobaculum butyriciproducens,0.00035967439970313906,-6.151516354612625e-05,158
All,RandomForest,ZellerG_2014,0.690844416950201,PA_Bacteroides xylanisolvens,PA,Bacteroides xylanisolvens,0.00035119014150697387,4.295638461964102e-05,159
All,RandomForest,ZellerG_2014,0.690844416950201,PA_Lawsonibacter asaccharolyticus,PA,Lawsonibacter asaccharolyticus,0.0003501174594867908,-3.736256171464109e-06,160
All,RandomForest,ZellerG_2014,0.690844416950201,PA_Bifidobacterium adolescentis,PA,Bifidobacterium adolescentis,0.0003388359875975043,6.338571235115287e-05,161
All,RandomForest,ZellerG_2014,0.690844416950201,PA_Bacteroides salyersiae,PA,Bacteroides salyersiae,0.0003337929861639152,1.792972255118724e-05,162
All,RandomForest,ZellerG_2014,0.690844416950201,PA_Phascolarctobacterium faecium,PA,Phascolarctobacterium faecium,0.0003329968122384052,3.7389112776616995e-05,163
All,RandomForest,ZellerG_2014,0.690844416950201,PA_Streptococcus parasanguinis,PA,Streptococcus parasanguinis,0.0003198673820024142,-8.697168856180685e-05,164
All,RandomForest,ZellerG_2014,0.690844416950201,PA_Akkermansia muciniphila,PA,Akkermansia muciniphila,0.0003180449369234087,0.00013326933488269106,165
All,RandomForest,ZellerG_2014,0.690844416950201,PA_Adlercreutzia equolifaciens,PA,Adlercreutzia equolifaciens,0.0003163888067366701,2.624753559871943e-05,166
All,RandomForest,ZellerG_2014,0.690844416950201,PA_Bacteroides finegoldii,PA,Bacteroides finegoldii,0.0003150849142364633,5.896430904984571e-05,167
All,RandomForest,ZellerG_2014,0.690844416950201,PA_Eubacterium ventriosum,PA,Eubacterium ventriosum,0.0003143361670503219,-0.00013529859213404043,168
All,RandomForest,ZellerG_2014,0.690844416950201,PA_Prevotella copri,PA,Prevotella copri,0.0003122521179632501,-4.375130969724385e-05,169
All,RandomForest,ZellerG_2014,0.690844416950201,PA_Oscillibacter sp. CAG:241,PA,Oscillibacter sp. CAG:241,0.00031154116105315007,0.00016051287564822537,170
All,RandomForest,ZellerG_2014,0.690844416950201,PA_Alistipes putredinis,PA,Alistipes putredinis,0.00030396956691377495,0.00010661041427581314,171
All,RandomForest,ZellerG_2014,0.690844416950201,PA_Ruthenibacterium lactatiformans,PA,Ruthenibacterium lactatiformans,0.0003021052421877358,0.00012568666616639515,172
All,RandomForest,ZellerG_2014,0.690844416950201,PA_Phocaeicola massiliensis,PA,Phocaeicola massiliensis,0.0002895820207687369,5.436860203923808e-05,173
All,RandomForest,ZellerG_2014,0.690844416950201,PA_Barnesiella intestinihominis,PA,Barnesiella intestinihominis,0.0002890918309579082,0.00010415140672831617,174
All,RandomForest,ZellerG_2014,0.690844416950201,PA_Oscillibacter sp. 57_20,PA,Oscillibacter sp. 57_20,0.0002785597314019681,4.0726813222971896e-05,175
All,RandomForest,ZellerG_2014,0.690844416950201,PA_Coprococcus comes,PA,Coprococcus comes,0.0002684650859286528,0.00014520640275527872,176
All,RandomForest,ZellerG_2014,0.690844416950201,PA_Veillonella atypica,PA,Veillonella atypica,0.00026715806972196397,-1.7471441029012602e-05,177
All,RandomForest,ZellerG_2014,0.690844416950201,PA_Anaerobutyricum hallii,PA,Anaerobutyricum hallii,0.00026589495673999086,-8.731762338937123e-05,178
All,RandomForest,ZellerG_2014,0.690844416950201,PA_Alistipes finegoldii,PA,Alistipes finegoldii,0.0002611121986002463,-8.54691301706615e-06,179
All,RandomForest,ZellerG_2014,0.690844416950201,PA_Eggerthella lenta,PA,Eggerthella lenta,0.0002522493839442374,1.2082842607200463e-05,180
All,RandomForest,ZellerG_2014,0.690844416950201,PA_Bacteroides thetaiotaomicron,PA,Bacteroides thetaiotaomicron,0.0002466262730336147,-5.503961083484971e-06,181
All,RandomForest,ZellerG_2014,0.690844416950201,PA_Coprococcus eutactus,PA,Coprococcus eutactus,0.000246100881994051,7.914139243192846e-05,182
All,RandomForest,ZellerG_2014,0.690844416950201,PA_Coprobacter fastidiosus,PA,Coprobacter fastidiosus,0.00024508541913536094,-0.00010518758439918275,183
All,RandomForest,ZellerG_2014,0.690844416950201,PA_Blautia sp. CAG:257,PA,Blautia sp. CAG:257,0.0002418478103232374,8.282122785607187e-05,184
All,RandomForest,ZellerG_2014,0.690844416950201,PA_Coprococcus catus,PA,Coprococcus catus,0.00023881282762666824,0.00010058452123371115,185
All,RandomForest,ZellerG_2014,0.690844416950201,PA_Dialister invisus,PA,Dialister invisus,0.00022334893605804198,1.797548640387717e-05,186
All,RandomForest,ZellerG_2014,0.690844416950201,PA_Dorea longicatena,PA,Dorea longicatena,0.000219399097591034,5.893685826889589e-05,187
All,RandomForest,ZellerG_2014,0.690844416950201,PA_[Ruminococcus] torques,PA,[Ruminococcus] torques,0.00021930016612683778,0.00015018950742482726,188
All,RandomForest,ZellerG_2014,0.690844416950201,PA_Phocaeicola dorei,PA,Phocaeicola dorei,0.00021175017414389296,-3.5161308898626842e-06,189
All,RandomForest,ZellerG_2014,0.690844416950201,PA_Intestinibacter bartlettii,PA,Intestinibacter bartlettii,0.00020825501621829254,7.339840549812259e-05,190
All,RandomForest,ZellerG_2014,0.690844416950201,PA_Gordonibacter pamelaeae,PA,Gordonibacter pamelaeae,0.00020521906363541774,-5.461667061928406e-05,191
All,RandomForest,ZellerG_2014,0.690844416950201,PA_Klebsiella pneumoniae,PA,Klebsiella pneumoniae,0.0002012092231187495,-6.304114293508451e-05,192
All,RandomForest,ZellerG_2014,0.690844416950201,PA_Bacteroides sp. CAG:144,PA,Bacteroides sp. CAG:144,0.00019761487308027042,2.4580814686215372e-05,193
All,RandomForest,ZellerG_2014,0.690844416950201,PA_Desulfovibrio piger,PA,Desulfovibrio piger,0.00019658458218647703,6.864605073753519e-07,194
All,RandomForest,ZellerG_2014,0.690844416950201,PA_Gemmiger formicilis,PA,Gemmiger formicilis,0.00019168640671790861,-3.2228701271248804e-05,195
All,RandomForest,ZellerG_2014,0.690844416950201,PA_Eubacterium sp. CAG:274,PA,Eubacterium sp. CAG:274,0.00019095698420388998,-0.00010993941039407688,196
All,RandomForest,ZellerG_2014,0.690844416950201,PA_Ruminococcus bromii,PA,Ruminococcus bromii,0.0001906985890352556,-5.60557922763768e-05,197
All,RandomForest,ZellerG_2014,0.690844416950201,PA_Roseburia hominis,PA,Roseburia hominis,0.0001887542707220244,2.8571788276937297e-05,198
All,RandomForest,ZellerG_2014,0.690844416950201,PA_Lachnospira pectinoschiza,PA,Lachnospira pectinoschiza,0.00018231072542494503,5.511795567794346e-05,199
All,RandomForest,ZellerG_2014,0.690844416950201,PA_Blautia obeum,PA,Blautia obeum,0.00017925405890327795,-7.80338798180371e-05,200
All,RandomForest,ZellerG_2014,0.690844416950201,PA_Acidaminococcus intestini,PA,Acidaminococcus intestini,0.0001764763289331682,-4.1611648136667036e-05,201
All,RandomForest,ZellerG_2014,0.690844416950201,PA_Eubacterium ramulus,PA,Eubacterium ramulus,0.00017214389612185636,-2.7280261217758027e-06,202
All,RandomForest,ZellerG_2014,0.690844416950201,PA_Dorea formicigenerans,PA,Dorea formicigenerans,0.00017003163070924233,3.2502832701340134e-05,203
All,RandomForest,ZellerG_2014,0.690844416950201,PA_Firmicutes bacterium CAG:83,PA,Firmicutes bacterium CAG:83,0.00016907678157952115,-1.8842195230899965e-05,204
All,RandomForest,ZellerG_2014,0.690844416950201,PA_Anaerostipes hadrus,PA,Anaerostipes hadrus,0.00014145396878133403,-6.145256241865754e-05,205
All,RandomForest,ZellerG_2014,0.690844416950201,PA_Klebsiella variicola,PA,Klebsiella variicola,0.00013085795727993667,3.963265441170857e-05,206
All,RandomForest,ZellerG_2014,0.690844416950201,PA_Bifidobacterium longum,PA,Bifidobacterium longum,0.00012628088026751311,3.385180481863202e-05,207
All,RandomForest,ZellerG_2014,0.690844416950201,PA_Odoribacter splanchnicus,PA,Odoribacter splanchnicus,0.0001219576785232492,-2.1211707623346133e-05,208
All,RandomForest,ZellerG_2014,0.690844416950201,PA_Phocaeicola vulgatus,PA,Phocaeicola vulgatus,0.00012167563713645396,7.385574643512327e-05,209
All,RandomForest,ZellerG_2014,0.690844416950201,PA_Fusicatenibacter saccharivorans,PA,Fusicatenibacter saccharivorans,0.00011339837546914654,-4.703604762445197e-06,210
All,RandomForest,ZellerG_2014,0.690844416950201,PA_Alistipes inops,PA,Alistipes inops,0.000110081753127889,2.8188244948013345e-05,211
All,RandomForest,ZellerG_2014,0.690844416950201,PA_Klebsiella quasipneumoniae,PA,Klebsiella quasipneumoniae,0.00010674282347536297,2.8106700746150808e-05,212
All,RandomForest,ZellerG_2014,0.690844416950201,PA_Blautia wexlerae,PA,Blautia wexlerae,0.00010282150033794028,2.528445766600335e-06,213
All,RandomForest,ZellerG_2014,0.690844416950201,PA_Roseburia inulinivorans,PA,Roseburia inulinivorans,0.00010234086197798931,1.4260245392690828e-05,214
All,RandomForest,ZellerG_2014,0.690844416950201,PA_Bacteroides uniformis,PA,Bacteroides uniformis,8.034084808034431e-05,3.5649309392577805e-05,215
All,RandomForest,ZellerG_2014,0.690844416950201,PA_Faecalibacterium prausnitzii,PA,Faecalibacterium prausnitzii,3.662227645162669e-05,3.774784873326297e-06,216
