comparison,description,feature,species,group_col,group1,group2,filters,n_group1,n_group2,prevalence_group1,prevalence_group2,prevalence_diff_group1_minus_group2,n_strata_total,n_strata_used,cmh_statistic,p_value,common_odds_ratio,common_odds_ratio_ci_low,common_odds_ratio_ci_high,q_value_bh,significant_fdr_0_05
CRC_vs_Control__all,"CRC vs Control, all samples",PA_Parvimonas micra,Parvimonas micra,Condition,CRC,Control,none,671,664,0.4157973174366617,0.13253012048192772,0.283267196954734,10,10,140.71491466535494,0.0,4.954975365285836,3.740147554688001,6.564388305968209,0.0,True
CRC_vs_Control__all,"CRC vs Control, all samples",PA_Methanobrevibacter smithii,Methanobrevibacter smithii,Condition,CRC,Control,none,671,664,0.31594634873323396,0.2289156626506024,0.08703068608263156,10,10,20.28714061666126,6.66470196952762e-06,1.8384889482224633,1.4063337184721971,2.4034420623919375,0.0002507597277914275,True
CRC_vs_Control__all,"CRC vs Control, all samples",PA_Streptococcus salivarius,Streptococcus salivarius,Condition,CRC,Control,none,671,664,0.8286140089418778,0.9096385542168675,-0.0810245452749897,10,10,20.184879816950055,7.030646573591426e-06,0.4533304280002561,0.31889621315946004,0.6444368683930827,0.0002507597277914275,True
CRC_vs_Control__all,"CRC vs Control, all samples",PA_Roseburia intestinalis,Roseburia intestinalis,Condition,CRC,Control,none,671,664,0.5499254843517138,0.6566265060240963,-0.10670102167238249,10,10,15.420102351067243,8.606782975695282e-05,0.630194320168514,0.5003362048583991,0.7937560330759035,0.002302314445998488,True
CRC_vs_Control__all,"CRC vs Control, all samples",PA_Anaerotignum lactatifermentans,Anaerotignum lactatifermentans,Condition,CRC,Control,none,671,664,0.2608047690014903,0.18072289156626506,0.08008187743522524,10,10,12.787402449811143,0.0003489613246622225,1.6317457765163295,1.2459089374465628,2.1370697321071894,0.0074677723477715625,True
CRC_vs_Control__all,"CRC vs Control, all samples",PA_Bacteroides fragilis,Bacteroides fragilis,Condition,CRC,Control,none,671,664,0.5782414307004471,0.48343373493975905,0.09480769576068804,10,10,12.104304818132261,0.0005030554839704493,1.4908249918114809,1.1900402496127191,1.8676336005719143,0.008971156130806346,True
CRC_vs_Control__all,"CRC vs Control, all samples",PA_Escherichia coli,Escherichia coli,Condition,CRC,Control,none,671,664,0.7481371087928465,0.661144578313253,0.08699253047959343,10,10,11.76157337190924,0.0006046609329728447,1.537571879230266,1.2004030312409208,1.9694446134110197,0.009242674261156342,True
CRC_vs_Control__all,"CRC vs Control, all samples",PA_Phocaeicola plebeius,Phocaeicola plebeius,Condition,CRC,Control,none,671,664,0.4008941877794337,0.3072289156626506,0.0936652721167831,10,10,10.925140955620398,0.0009486798490617732,1.476075802071052,1.1702352075296962,1.861847737480937,0.012688592981201218,True
CRC_vs_Control__all,"CRC vs Control, all samples",PA_Collinsella aerofaciens,Collinsella aerofaciens,Condition,CRC,Control,none,671,664,0.8673621460506706,0.8057228915662651,0.06163925448440555,10,10,10.428238145129207,0.001241030749052796,1.6247059982422067,1.206208533694053,2.188402342537017,0.014754476683183243,True
CRC_vs_Control__all,"CRC vs Control, all samples",PA_Ruminococcus bicirculans,Ruminococcus bicirculans,Condition,CRC,Control,none,671,664,0.46050670640834573,0.5481927710843374,-0.08768606467599166,10,10,10.040282549910678,0.0015315371011931367,0.695819155980218,0.5554810579303834,0.871612615618122,0.01565105150759652,True
CRC_vs_Control__all,"CRC vs Control, all samples",PA_Bacteroides caccae,Bacteroides caccae,Condition,CRC,Control,none,671,664,0.6676602086438153,0.5813253012048193,0.08633490743899597,10,10,9.943120118976822,0.0016145166134401423,1.4402379596960888,1.147329058329297,1.8079254294927904,0.01565105150759652,True
CRC_vs_Control__all,"CRC vs Control, all samples",PA_Enterocloster bolteae,Enterocloster bolteae,Condition,CRC,Control,none,671,664,0.6870342771982116,0.5993975903614458,0.08763668683676584,10,10,9.78934671837658,0.0017552581130014788,1.4821143292197054,1.1576262136608322,1.8975580018456355,0.01565105150759652,True
CRC_vs_Control__all,"CRC vs Control, all samples",PA_Megamonas funiformis,Megamonas funiformis,Condition,CRC,Control,none,671,664,0.19225037257824143,0.125,0.06725037257824143,10,10,9.270475587012648,0.002328772262284895,1.6196462980065243,1.186068204501647,2.211722834057808,0.019167587081883368,True
CRC_vs_Control__all,"CRC vs Control, all samples",PA_Eubacterium sp. CAG:180,Eubacterium sp. CAG:180,Condition,CRC,Control,none,671,664,0.4336810730253353,0.35240963855421686,0.08127143447111845,10,10,9.049891716456901,0.0026271037839102895,1.426149645480086,1.1312960316315421,1.7978519807673183,0.020078578919885785,True
CRC_vs_Control__all,"CRC vs Control, all samples",PA_Parabacteroides merdae,Parabacteroides merdae,Condition,CRC,Control,none,671,664,0.736214605067064,0.6686746987951807,0.06753990627188333,10,10,8.39039680491237,0.003772085538472303,1.4278411999280662,1.1214925917168002,1.8178724561087793,0.026022569425858146,True
CRC_vs_Control__all,"CRC vs Control, all samples",PA_Lachnospira eligens,Lachnospira eligens,Condition,CRC,Control,none,671,664,0.6289120715350224,0.7003012048192772,-0.07138913328425478,10,10,8.333889655461501,0.0038912253347077597,0.698321028988689,0.5470506013400475,0.8914207540093646,0.026022569425858146,True
CRC_vs_Control__all,"CRC vs Control, all samples",PA_Roseburia faecis,Roseburia faecis,Condition,CRC,Control,none,671,664,0.639344262295082,0.7108433734939759,-0.07149911119889385,10,10,7.981499997462049,0.004725776947466009,0.6980179289699799,0.5433754233402689,0.8966710827081901,0.02974459608110959,True
CRC_vs_Control__all,"CRC vs Control, all samples",PA_Butyricimonas virosa,Butyricimonas virosa,Condition,CRC,Control,none,671,664,0.5901639344262295,0.516566265060241,0.07359766936598855,10,10,7.526199501018619,0.0060808052659987455,1.3698503132529467,1.0931943892112184,1.7165198607295777,0.036147009081214765,True
CRC_vs_Control__all,"CRC vs Control, all samples",PA_Holdemanella biformis,Holdemanella biformis,Condition,CRC,Control,none,671,664,0.30700447093889716,0.24849397590361447,0.05851049503528269,10,10,7.144568460290944,0.007519136543556959,1.392107992765175,1.09094382931232,1.7764110410178378,0.04234461106108393,True
CRC_vs_Control__all,"CRC vs Control, all samples",PA_Clostridium sp. CAG:58,Clostridium sp. CAG:58,Condition,CRC,Control,none,671,664,0.45156482861400893,0.39156626506024095,0.05999856355376798,10,10,6.385407089450051,0.011506236863080388,1.344735405612979,1.068809496069851,1.6918948772054347,0.0609084666822199,False
CRC_vs_Control__all,"CRC vs Control, all samples",PA_[Ruminococcus] gnavus,[Ruminococcus] gnavus,Condition,CRC,Control,none,671,664,0.7540983606557377,0.6957831325301205,0.05831522812561718,10,10,6.273306394826494,0.012257021362811038,1.376663999532136,1.0716748657437782,1.7684503277889996,0.0609084666822199,False
CRC_vs_Control__all,"CRC vs Control, all samples",PA_Flavonifractor plautii,Flavonifractor plautii,Condition,CRC,Control,none,671,664,0.910581222056632,0.8644578313253012,0.04612339073133076,10,10,6.235243659530001,0.012523236140269511,1.6216531789700581,1.1052387973369409,2.379358233894853,0.0609084666822199,False
CRC_vs_Control__all,"CRC vs Control, all samples",PA_Paraprevotella xylaniphila,Paraprevotella xylaniphila,Condition,CRC,Control,none,671,664,0.33681073025335323,0.2786144578313253,0.058196272422027906,10,10,6.073877622634716,0.013719544694322572,1.348700434131154,1.0632197097729883,1.7108344063843044,0.06382570792576153,False
CRC_vs_Control__all,"CRC vs Control, all samples",PA_Alistipes shahii,Alistipes shahii,Condition,CRC,Control,none,671,664,0.6795827123695977,0.6234939759036144,0.056088736465983224,10,10,5.737187842011801,0.016609364707943386,1.3368110685735064,1.05343780108842,1.696411341243149,0.07227004373944848,False
CRC_vs_Control__all,"CRC vs Control, all samples",PA_Parabacteroides distasonis,Parabacteroides distasonis,Condition,CRC,Control,none,671,664,0.8777943368107303,0.8313253012048193,0.04646903560591098,10,10,5.708233332645634,0.016885524238188898,1.5060578350892997,1.0758007970362835,2.1083923797812245,0.07227004373944848,False
CRC_vs_Control__all,"CRC vs Control, all samples",PA_Phascolarctobacterium succinatutens,Phascolarctobacterium succinatutens,Condition,CRC,Control,none,671,664,0.3353204172876304,0.2786144578313253,0.05670595945630508,10,10,5.549583354406013,0.018485086595206535,1.3311343526340045,1.0490144114483069,1.6891270943703967,0.07332643942905742,False
CRC_vs_Control__all,"CRC vs Control, all samples",PA_Slackia isoflavoniconvertens,Slackia isoflavoniconvertens,Condition,CRC,Control,none,671,664,0.38450074515648286,0.34186746987951805,0.04263327527696481,10,10,5.471427028677094,0.019329835984675525,1.3307056014922618,1.0462821311639436,1.6924473285928807,0.07332643942905742,False
CRC_vs_Control__all,"CRC vs Control, all samples",PA_Firmicutes bacterium CAG:145,Firmicutes bacterium CAG:145,Condition,CRC,Control,none,671,664,0.3889716840536513,0.34186746987951805,0.04710421417413324,10,10,5.462052132147364,0.01943381016902379,1.3195842628832781,1.0453494228690452,1.6657613126815147,0.07332643942905742,False
CRC_vs_Control__all,"CRC vs Control, all samples",PA_Prevotella copri,Prevotella copri,Condition,CRC,Control,none,671,664,0.4873323397913562,0.42168674698795183,0.06564559280340437,10,10,5.422970481332472,0.019873520966753877,1.3024643208389637,1.0384265157029462,1.6336382800377,0.07332643942905742,False
CRC_vs_Control__all,"CRC vs Control, all samples",PA_Bacteroides salyersiae,Bacteroides salyersiae,Condition,CRC,Control,none,671,664,0.23546944858420268,0.17921686746987953,0.05625258111432316,10,10,5.157564048319965,0.023145338005890803,1.3678505767461275,1.0427184442883557,1.7943628124672346,0.08255170555434387,False
CRC_vs_Control__all,"CRC vs Control, all samples",PA_Eubacterium sp. CAG:38,Eubacterium sp. CAG:38,Condition,CRC,Control,none,671,664,0.503725782414307,0.5647590361445783,-0.06103325373027135,10,10,4.953443281436943,0.026038758381161764,0.7752338430098757,0.6194720281353666,0.9701608531976093,0.08987571441239707,False
CRC_vs_Control__all,"CRC vs Control, all samples",PA_Proteobacteria bacterium CAG:139,Proteobacteria bacterium CAG:139,Condition,CRC,Control,none,671,664,0.28315946348733234,0.3373493975903614,-0.05418993410302908,10,10,4.78645135503806,0.028684465101093015,0.7651422750209554,0.6018494901205397,0.9727393819125605,0.09591368018177977,False
CRC_vs_Control__all,"CRC vs Control, all samples",PA_Bacteroides stercoris,Bacteroides stercoris,Condition,CRC,Control,none,671,664,0.6125186289120715,0.5496987951807228,0.0628198337313487,10,10,4.629869261700901,0.031419957790954856,1.2777983082461726,1.0219388421531306,1.5977164671779072,0.10187683283733848,False
CRC_vs_Control__all,"CRC vs Control, all samples",PA_[Ruminococcus] lactaris,[Ruminococcus] lactaris,Condition,CRC,Control,none,671,664,0.3412816691505216,0.4036144578313253,-0.06233278868080372,10,10,4.422567651923683,0.035466628849015414,0.7743303123427379,0.6099016917428912,0.9830886530243675,0.11096121045667053,False
CRC_vs_Control__all,"CRC vs Control, all samples",PA_Firmicutes bacterium CAG:110,Firmicutes bacterium CAG:110,Condition,CRC,Control,none,671,664,0.28614008941877794,0.3433734939759036,-0.05723340455712567,10,10,4.383156475996784,0.03629572304657447,0.7710659679569865,0.6041567616470803,0.9840868540816697,0.11096121045667053,False
CRC_vs_Control__all,"CRC vs Control, all samples",PA_Phocaeicola coprocola,Phocaeicola coprocola,Condition,CRC,Control,none,671,664,0.21311475409836064,0.16265060240963855,0.05046415168872209,10,10,4.128768105757754,0.04216003087368192,1.340064474452101,1.0094553353925833,1.7789522059341032,0.12530898065233237,False
CRC_vs_Control__all,"CRC vs Control, all samples",PA_Akkermansia muciniphila,Akkermansia muciniphila,Condition,CRC,Control,none,671,664,0.5409836065573771,0.49849397590361444,0.042489630653762656,10,10,4.006029429015875,0.0453378028164122,1.2616925265844692,1.0048045937838406,1.5842563235549394,0.13111202436097583,False
CRC_vs_Control__all,"CRC vs Control, all samples",PA_Eubacterium sp. CAG:251,Eubacterium sp. CAG:251,Condition,CRC,Control,none,671,664,0.18628912071535023,0.2319277108433735,-0.045638590128023265,10,10,3.826651074346959,0.05044362613581166,0.7614739417814175,0.5795721410355931,1.0004665907095764,0.1420386314876802,False
CRC_vs_Control__all,"CRC vs Control, all samples",PA_Erysipelatoclostridium ramosum,Erysipelatoclostridium ramosum,Condition,CRC,Control,none,671,664,0.518628912071535,0.46686746987951805,0.051761442192017004,10,10,3.6042585623866135,0.057631762033509615,1.2390279551331442,0.9909769201955466,1.5491685450136277,0.15751504706489733,False
CRC_vs_Control__all,"CRC vs Control, all samples",PA_Bifidobacterium bifidum,Bifidobacterium bifidum,Condition,CRC,Control,none,671,664,0.19523099850968703,0.24246987951807228,-0.04723888100838525,10,10,3.5401926320506667,0.05989850439346589,0.7744151391203377,0.5933614164808837,1.0107141971845637,0.15751504706489733,False
CRC_vs_Control__all,"CRC vs Control, all samples",PA_Ruthenibacterium lactatiformans,Ruthenibacterium lactatiformans,Condition,CRC,Control,none,671,664,0.9210134128166915,0.891566265060241,0.02944714775645052,10,10,3.506733105547701,0.06111986506089018,1.4246712118398104,0.9799970581392446,2.0711164844708363,0.15751504706489733,False
CRC_vs_Control__all,"CRC vs Control, all samples",PA_Bacteroides cellulosilyticus,Bacteroides cellulosilyticus,Condition,CRC,Control,none,671,664,0.5171385991058122,0.463855421686747,0.053283177419065186,10,10,3.4876488960535914,0.061828336231081193,1.2359434213689482,0.9893019832509605,1.5440746775877832,0.15751504706489733,False
CRC_vs_Control__all,"CRC vs Control, all samples",PA_Bifidobacterium pseudocatenulatum,Bifidobacterium pseudocatenulatum,Condition,CRC,Control,none,671,664,0.4262295081967213,0.4623493975903614,-0.03611988939364014,10,10,3.183913784799759,0.07436640703259911,0.8155127326828014,0.651060774706223,1.0215037412872316,0.17940468389496594,False
CRC_vs_Control__all,"CRC vs Control, all samples",PA_Lawsonibacter asaccharolyticus,Lawsonibacter asaccharolyticus,Condition,CRC,Control,none,671,664,0.7704918032786885,0.7364457831325302,0.03404602014615832,10,10,3.1836913091886947,0.0743765313434922,1.278059615793759,0.9757266437252186,1.674071720832187,0.17940468389496594,False
CRC_vs_Control__all,"CRC vs Control, all samples",PA_Bacteroides thetaiotaomicron,Bacteroides thetaiotaomicron,Condition,CRC,Control,none,671,664,0.8479880774962743,0.8087349397590361,0.03925313773723815,10,10,3.129677980309749,0.07687892473037206,1.3198180771240011,0.9703103315662834,1.7952192201143253,0.17940468389496594,False
CRC_vs_Control__all,"CRC vs Control, all samples",PA_Alistipes finegoldii,Alistipes finegoldii,Condition,CRC,Control,none,671,664,0.6929955290611028,0.6566265060240963,0.03636902303700651,10,10,3.1244213981539932,0.07712724728194797,1.249657267682234,0.9759633470082025,1.6001044418914039,0.17940468389496594,False
CRC_vs_Control__all,"CRC vs Control, all samples",PA_Desulfovibrio piger,Desulfovibrio piger,Condition,CRC,Control,none,671,664,0.20715350223546944,0.1686746987951807,0.03847880344028873,10,10,2.944881624010189,0.08615001087772467,1.2780257730787563,0.9642053157628675,1.6939855546857943,0.196128748168437,False
CRC_vs_Control__all,"CRC vs Control, all samples",PA_Parasutterella excrementihominis,Parasutterella excrementihominis,Condition,CRC,Control,none,671,664,0.4113263785394933,0.45933734939759036,-0.04801097085809708,10,10,2.8482621107157153,0.09147276815716532,0.8268786910590004,0.6624801206667065,1.032073791194452,0.20390804568368104,False
CRC_vs_Control__all,"CRC vs Control, all samples",PA_Bacteroides sp. CAG:144,Bacteroides sp. CAG:144,Condition,CRC,Control,none,671,664,0.20417287630402384,0.1746987951807229,0.029474081123300938,10,10,2.4462847608567553,0.11780339765134507,1.2520265368613093,0.9447813742421717,1.659188561229103,0.2569435739874513,False
CRC_vs_Control__all,"CRC vs Control, all samples",PA_Bacteroides eggerthii,Bacteroides eggerthii,Condition,CRC,Control,none,671,664,0.32786885245901637,0.2876506024096386,0.04021825004937779,10,10,2.393258286576588,0.12185940449066968,1.2070494956581905,0.9502145479585179,1.5333047553301582,0.2569435739874513,False
CRC_vs_Control__all,"CRC vs Control, all samples",PA_Bacteroides intestinalis,Bacteroides intestinalis,Condition,CRC,Control,none,671,664,0.22205663189269748,0.24849397590361447,-0.02643734401091699,10,10,2.3854651769881237,0.12246843246130856,0.8137190846298128,0.6258048633300307,1.0580594487032426,0.2569435739874513,False
CRC_vs_Control__all,"CRC vs Control, all samples",PA_Streptococcus thermophilus,Streptococcus thermophilus,Condition,CRC,Control,none,671,664,0.4157973174366617,0.4759036144578313,-0.0601062970211696,10,10,2.2128322665673243,0.1368671894865604,0.828397083827887,0.6462455268260117,1.0618901021489062,0.2767931400984929,False
CRC_vs_Control__all,"CRC vs Control, all samples",PA_[Eubacterium] siraeum,[Eubacterium] siraeum,Condition,CRC,Control,none,671,664,0.46646795827123694,0.44879518072289154,0.017672777548345397,10,10,2.2101747001157217,0.13710314416093572,1.2051107622155008,0.942070095705958,1.5415964861078868,0.2767931400984929,False
CRC_vs_Control__all,"CRC vs Control, all samples",PA_Alistipes inops,Alistipes inops,Condition,CRC,Control,none,671,664,0.2488822652757079,0.22590361445783133,0.02297865081787656,10,10,2.035943396185456,0.15361884455288743,1.2094834216418313,0.931089985811363,1.57111575628395,0.30439289568812883,False
CRC_vs_Control__all,"CRC vs Control, all samples",PA_Bacteroides finegoldii,Bacteroides finegoldii,Condition,CRC,Control,none,671,664,0.29508196721311475,0.2560240963855422,0.03905787082757256,10,10,2.0033021032393945,0.15695694900877122,1.1918182852794288,0.9348191730225757,1.5194712155225498,0.3053526098897913,False
CRC_vs_Control__all,"CRC vs Control, all samples",PA_Coprococcus catus,Coprococcus catus,Condition,CRC,Control,none,671,664,0.6318926974664679,0.6039156626506024,0.027977034815865554,10,10,1.7323555607248093,0.18811035004249943,1.1695545461103454,0.9264858099424406,1.4763937252448114,0.3594251331169186,False
CRC_vs_Control__all,"CRC vs Control, all samples",PA_Adlercreutzia equolifaciens_1,Adlercreutzia equolifaciens_1,Condition,CRC,Control,none,671,664,0.5767511177347243,0.6204819277108434,-0.04373080997611911,10,10,1.6272559219451872,0.2020830135832029,0.8595898417796466,0.6811793200034649,1.08472860874138,0.3793488149719774,False
CRC_vs_Control__all,"CRC vs Control, all samples",PA_Odoribacter splanchnicus,Odoribacter splanchnicus,Condition,CRC,Control,none,671,664,0.7406855439642325,0.7183734939759037,0.022312049988328808,10,10,1.4571425184072266,0.22738532373005282,1.1721966581584284,0.9055689413315668,1.5173278838134223,0.4194867179157871,False
CRC_vs_Control__all,"CRC vs Control, all samples",PA_Anaerobutyricum hallii,Anaerobutyricum hallii,Condition,CRC,Control,none,671,664,0.8137108792846498,0.8433734939759037,-0.029662614691253864,10,10,1.3146820966561044,0.25154868281360343,0.8389820538318825,0.6213311569267954,1.1328755669255701,0.4561984586619588,False
CRC_vs_Control__all,"CRC vs Control, all samples",PA_Barnesiella intestinihominis,Barnesiella intestinihominis,Condition,CRC,Control,none,671,664,0.5588673621460507,0.5436746987951807,0.015192663350869995,10,10,1.2591415766394123,0.26181364097119575,1.1407802615858118,0.9062435568465059,1.4360152912449484,0.4657879602949579,False
CRC_vs_Control__all,"CRC vs Control, all samples",PA_Eubacterium sp. CAG:274,Eubacterium sp. CAG:274,Condition,CRC,Control,none,671,664,0.2533532041728763,0.2816265060240964,-0.028273301851220067,10,10,1.2307225786945835,0.26726655973966096,0.8683150229705188,0.6767188250701203,1.1141569455204199,0.4657879602949579,False
CRC_vs_Control__all,"CRC vs Control, all samples",PA_Adlercreutzia equolifaciens,Adlercreutzia equolifaciens,Condition,CRC,Control,none,671,664,0.5722801788375559,0.6114457831325302,-0.03916560429497429,10,10,1.2172763752771207,0.2698958274606298,0.876358012971427,0.6933042657836496,1.107743605228139,0.4657879602949579,False
CRC_vs_Control__all,"CRC vs Control, all samples",PA_Faecalibacterium prausnitzii,Faecalibacterium prausnitzii,Condition,CRC,Control,none,671,664,0.940387481371088,0.9548192771084337,-0.014431795737345765,10,10,1.053346607724371,0.3047375901319844,0.7806384977545783,0.48608793136930833,1.2536753637553941,0.5175701927638466,False
CRC_vs_Control__all,"CRC vs Control, all samples",PA_Eubacterium ventriosum,Eubacterium ventriosum,Condition,CRC,Control,none,671,664,0.5439642324888226,0.5737951807228916,-0.029830948234068955,10,10,0.9931611941225224,0.3189709764983827,0.8951749511803393,0.7188052557672648,1.1148196076632202,0.5332796013332336,False
CRC_vs_Control__all,"CRC vs Control, all samples",PA_Klebsiella pneumoniae,Klebsiella pneumoniae,Condition,CRC,Control,none,671,664,0.26527570789865873,0.22740963855421686,0.037866069344441866,10,10,0.9329849776471856,0.33408847984263723,1.1403657078707916,0.8734321490099334,1.4888780418281375,0.549961036048649,False
CRC_vs_Control__all,"CRC vs Control, all samples",PA_Bacteroides ovatus,Bacteroides ovatus,Condition,CRC,Control,none,671,664,0.8107302533532041,0.7891566265060241,0.021573626847180005,10,10,0.8933150762876784,0.34458053201252115,1.143034434487282,0.8654517446711494,1.5096482576508172,0.5558723795891575,False
CRC_vs_Control__all,"CRC vs Control, all samples",PA_[Eubacterium] rectale,[Eubacterium] rectale,Condition,CRC,Control,none,671,664,0.7719821162444114,0.7590361445783133,0.012945971666098122,10,10,0.8804822799570231,0.34806962086423876,1.1365687756776923,0.8701819297374731,1.4845040303643293,0.5558723795891575,False
CRC_vs_Control__all,"CRC vs Control, all samples",PA_Coprococcus eutactus,Coprococcus eutactus,Condition,CRC,Control,none,671,664,0.21758569299552907,0.24397590361445784,-0.026390210618928767,10,10,0.7790275681501831,0.3774387090777579,0.8833054268124518,0.6708411470813803,1.1630599590243642,0.5939109098723544,False
CRC_vs_Control__all,"CRC vs Control, all samples",PA_Fusicatenibacter saccharivorans,Fusicatenibacter saccharivorans,Condition,CRC,Control,none,671,664,0.8554396423248882,0.875,-0.019560357675111772,10,10,0.7606204527454555,0.3831344232861543,0.8674963559621774,0.6307478170597748,1.1931074626871665,0.5941359897336017,False
CRC_vs_Control__all,"CRC vs Control, all samples",PA_Anaerostipes hadrus,Anaerostipes hadrus,Condition,CRC,Control,none,671,664,0.849478390461997,0.8704819277108434,-0.021003537248846404,10,10,0.7100068683280033,0.39944153178637787,0.8697456114601178,0.6284209191785687,1.2037432325501298,0.5975662880618631,False
CRC_vs_Control__all,"CRC vs Control, all samples",PA_Phocaeicola dorei,Phocaeicola dorei,Condition,CRC,Control,none,671,664,0.6453055141579732,0.6686746987951807,-0.023369184637207496,10,10,0.707912931704971,0.400137539849476,0.904762415387797,0.7161849291403789,1.1429939321411053,0.5975662880618631,False
CRC_vs_Control__all,"CRC vs Control, all samples",PA_Bacteroides xylanisolvens,Bacteroides xylanisolvens,Condition,CRC,Control,none,671,664,0.7347242921013413,0.7108433734939759,0.02388091860736541,10,10,0.686005072207233,0.4075265367751094,1.1112149274119225,0.8644841117839663,1.4283647299832147,0.5975662880618631,False
CRC_vs_Control__all,"CRC vs Control, all samples",PA_Acidaminococcus intestini,Acidaminococcus intestini,Condition,CRC,Control,none,671,664,0.19374068554396423,0.1716867469879518,0.022053938556012426,10,10,0.6855403981252763,0.407685411481458,1.1258845176467762,0.8496294879852809,1.4919632204416549,0.5975662880618631,False
CRC_vs_Control__all,"CRC vs Control, all samples",PA_Bifidobacterium longum,Bifidobacterium longum,Condition,CRC,Control,none,671,664,0.7824143070044709,0.8012048192771084,-0.018790512272637505,10,10,0.6119414625401014,0.43405775026734383,0.8976526525163506,0.685339350408124,1.1757391197365112,0.6060938023515172,False
CRC_vs_Control__all,"CRC vs Control, all samples",PA_Oscillibacter sp. CAG:241,Oscillibacter sp. CAG:241,Condition,CRC,Control,none,671,664,0.4977645305514158,0.4864457831325301,0.011318747418885666,10,10,0.6099215617624875,0.4348173450511612,1.0982678149599487,0.8681780084420108,1.3893374188796523,0.6060938023515172,False
CRC_vs_Control__all,"CRC vs Control, all samples",PA_Veillonella parvula,Veillonella parvula,Condition,CRC,Control,none,671,664,0.503725782414307,0.4789156626506024,0.024810119763704563,10,10,0.6066917442830705,0.4360361528845297,1.0923211413143044,0.8743592218855896,1.3646170199807315,0.6060938023515172,False
CRC_vs_Control__all,"CRC vs Control, all samples",PA_Dorea longicatena,Dorea longicatena,Condition,CRC,Control,none,671,664,0.7853949329359166,0.7740963855421686,0.011298547393747915,10,10,0.6063617838551827,0.43616096057071796,1.113108012697589,0.8504618140105659,1.456866642946279,0.6060938023515172,False
CRC_vs_Control__all,"CRC vs Control, all samples",PA_Blautia wexlerae,Blautia wexlerae,Condition,CRC,Control,none,671,664,0.8956780923994039,0.9096385542168675,-0.013960461817463576,10,10,0.5180068384125337,0.47169314854193667,0.8721952543438012,0.6007382865053749,1.2663160960243571,0.6470662422306055,False
CRC_vs_Control__all,"CRC vs Control, all samples",PA_Roseburia inulinivorans,Roseburia inulinivorans,Condition,CRC,Control,none,671,664,0.7943368107302533,0.8117469879518072,-0.017410177221553913,10,10,0.49640303398329216,0.48108487595787586,0.9039821052494118,0.6832015149685583,1.196109242598454,0.6472725786656987,False
CRC_vs_Control__all,"CRC vs Control, all samples",PA_Coprococcus comes,Coprococcus comes,Condition,CRC,Control,none,671,664,0.6780923994038748,0.6701807228915663,0.007911676512308508,10,10,0.48996679929988396,0.48394211489024197,1.092413425328225,0.8525865858441976,1.3997019325089666,0.6472725786656987,False
CRC_vs_Control__all,"CRC vs Control, all samples",PA_Eggerthella lenta,Eggerthella lenta,Condition,CRC,Control,none,671,664,0.7078986587183308,0.6912650602409639,0.016633598477366895,10,10,0.47490456209337917,0.49073945143938313,1.0876070527418853,0.8565850430326429,1.380935974536754,0.648260756839679,False
CRC_vs_Control__all,"CRC vs Control, all samples",PA_Alistipes putredinis,Alistipes putredinis,Condition,CRC,Control,none,671,664,0.7302533532041728,0.7213855421686747,0.008867811035498163,10,10,0.457029468957245,0.49901553686175393,1.0921602531495984,0.8464448221614662,1.409204696313041,0.6511544200513131,False
CRC_vs_Control__all,"CRC vs Control, all samples",PA_Gordonibacter pamelaeae,Gordonibacter pamelaeae,Condition,CRC,Control,none,671,664,0.767511177347243,0.7560240963855421,0.011487080961700813,10,10,0.41810715899811723,0.5178830493372475,1.088735762088758,0.8407461050862142,1.4098733880300736,0.658625125721599,False
CRC_vs_Control__all,"CRC vs Control, all samples",PA_Phocaeicola vulgatus,Phocaeicola vulgatus,Condition,CRC,Control,none,671,664,0.8777943368107303,0.8674698795180723,0.010324457292657963,10,10,0.41425978537175895,0.5198152866782524,1.1187106440941903,0.7961657002595568,1.5719259254720896,0.658625125721599,False
CRC_vs_Control__all,"CRC vs Control, all samples",PA_Gemmiger formicilis,Gemmiger formicilis,Condition,CRC,Control,none,671,664,0.7078986587183308,0.7289156626506024,-0.021017003932271572,10,10,0.40756722509748816,0.5232068755732329,0.9232422678375636,0.7224917489101655,1.1797730374189113,0.658625125721599,False
CRC_vs_Control__all,"CRC vs Control, all samples",PA_[Ruminococcus] torques,[Ruminococcus] torques,Condition,CRC,Control,none,671,664,0.6408345752608048,0.6340361445783133,0.00679843068249153,10,10,0.3709691466795633,0.5424764735530178,1.076057745343569,0.8489251038352157,1.3639604555016722,0.668136143611815,False
CRC_vs_Control__all,"CRC vs Control, all samples",PA_Phascolarctobacterium faecium,Phascolarctobacterium faecium,Condition,CRC,Control,none,671,664,0.3949329359165425,0.3629518072289157,0.031981128687626814,10,10,0.3695477559502359,0.5432508831236252,1.0745500830679156,0.8518646961228875,1.355447509770609,0.668136143611815,False
CRC_vs_Control__all,"CRC vs Control, all samples",PA_Bifidobacterium adolescentis,Bifidobacterium adolescentis,Condition,CRC,Control,none,671,664,0.5678092399403875,0.588855421686747,-0.021046181746359527,10,10,0.35581025357624985,0.5508423714747834,0.934050703453794,0.7463569949175556,1.1689455884565005,0.6697742471341117,False
CRC_vs_Control__all,"CRC vs Control, all samples",PA_Coprobacter fastidiosus,Coprobacter fastidiosus,Condition,CRC,Control,none,671,664,0.3025335320417288,0.32228915662650603,-0.019755624584777254,10,10,0.3083782245448658,0.5786770807419993,0.9347001220523354,0.7355226025529639,1.1878143718931324,0.6957128948246508,False
CRC_vs_Control__all,"CRC vs Control, all samples",PA_Ruminococcus bromii,Ruminococcus bromii,Condition,CRC,Control,none,671,664,0.6184798807749627,0.6400602409638554,-0.021580360188892644,10,10,0.2925139891066268,0.5886139928064473,0.9357177172340164,0.7356738574305426,1.1901573469032831,0.6997966358921096,False
CRC_vs_Control__all,"CRC vs Control, all samples",PA_Roseburia hominis,Roseburia hominis,Condition,CRC,Control,none,671,664,0.7108792846497765,0.7259036144578314,-0.015024329808054904,10,10,0.2738476305150403,0.6007623494872936,0.9372318841810177,0.735591811592347,1.194145436208713,0.7063908944520925,False
CRC_vs_Control__all,"CRC vs Control, all samples",PA_Eubacterium ramulus,Eubacterium ramulus,Condition,CRC,Control,none,671,664,0.6229508196721312,0.641566265060241,-0.018615445388109775,10,10,0.2424016550901277,0.6224768686862303,0.9440552007763086,0.7504138715780463,1.187664908483909,0.7239676624937679,False
CRC_vs_Control__all,"CRC vs Control, all samples",PA_Lachnospira pectinoschiza,Lachnospira pectinoschiza,Condition,CRC,Control,none,671,664,0.44709388971684055,0.4608433734939759,-0.013749483777135363,10,10,0.2068963648052845,0.6492109538386193,0.9502096429206894,0.761376429043836,1.1858764351732776,0.7446700444487993,False
CRC_vs_Control__all,"CRC vs Control, all samples",PA_Blautia sp. CAG:257,Blautia sp. CAG:257,Condition,CRC,Control,none,671,664,0.3323397913561848,0.34789156626506024,-0.015551774908875438,10,10,0.2006507220974219,0.654196113814833,0.9481934164690264,0.7512130971026648,1.1968251864920998,0.7446700444487993,False
CRC_vs_Control__all,"CRC vs Control, all samples",PA_Dialister invisus,Dialister invisus,Condition,CRC,Control,none,671,664,0.22354694485842028,0.24096385542168675,-0.01741691056326647,10,10,0.17432236802869688,0.6762986085675304,0.9463232488512892,0.7295691662323861,1.2274746970751378,0.7598589032387126,False
CRC_vs_Control__all,"CRC vs Control, all samples",PA_Klebsiella variicola,Klebsiella variicola,Condition,CRC,Control,none,671,664,0.20268256333830104,0.19578313253012047,0.006899430808180562,10,10,0.16576897730164455,0.6838997568931084,0.941873501433438,0.7064433719623832,1.2557633462370745,0.7598589032387126,False
CRC_vs_Control__all,"CRC vs Control, all samples",PA_Veillonella atypica,Veillonella atypica,Condition,CRC,Control,none,671,664,0.39046199701937406,0.37801204819277107,0.012449948826602997,10,10,0.16033959479772178,0.6888440524687395,1.0478923827377657,0.8328082909543882,1.3185248726828207,0.7598589032387126,False
CRC_vs_Control__all,"CRC vs Control, all samples",PA_Streptococcus parasanguinis,Streptococcus parasanguinis,Condition,CRC,Control,none,671,664,0.8017883755588674,0.8012048192771084,0.0005835562817589901,10,10,0.07907740515741234,0.7785515973824992,1.0403961394316839,0.7888425140151888,1.3721675844204184,0.8500512338768104,False
CRC_vs_Control__all,"CRC vs Control, all samples",PA_Blautia obeum,Blautia obeum,Condition,CRC,Control,none,671,664,0.8152011922503726,0.8253012048192772,-0.010100012568904582,10,10,0.05716316857434007,0.8110371895750157,0.9651893194191167,0.7219567275944142,1.2903687807229534,0.8765755483285523,False
CRC_vs_Control__all,"CRC vs Control, all samples",PA_Agathobaculum butyriciproducens,Agathobaculum butyriciproducens,Condition,CRC,Control,none,671,664,0.8748137108792846,0.8780120481927711,-0.00319833731348651,10,10,0.0429972642951237,0.8357304237139781,0.965870800058177,0.6953141563487152,1.3417048881961064,0.8942315533739565,False
CRC_vs_Control__all,"CRC vs Control, all samples",PA_Oscillibacter sp. 57_20,Oscillibacter sp. 57_20,Condition,CRC,Control,none,671,664,0.5290611028315947,0.5346385542168675,-0.005577451385272769,10,10,0.021281139693651297,0.8840156731123662,0.9831574501359689,0.7824678599176084,1.2353204793097063,0.9249128088261536,False
CRC_vs_Control__all,"CRC vs Control, all samples",PA_Bacteroides uniformis,Bacteroides uniformis,Condition,CRC,Control,none,671,664,0.940387481371088,0.9382530120481928,0.0021344693228951828,10,10,0.017021223917209092,0.8961982168668343,1.0305595750943122,0.6549153501397649,1.6216645977100972,0.9249128088261536,False
CRC_vs_Control__all,"CRC vs Control, all samples",PA_Firmicutes bacterium CAG:83,Firmicutes bacterium CAG:83,Condition,CRC,Control,none,671,664,0.6512667660208644,0.6566265060240963,-0.0053597400032319165,10,10,0.01681040249310215,0.8968394371890387,0.9846112852755056,0.7789373601712629,1.2445922261049727,0.9249128088261536,False
CRC_vs_Control__all,"CRC vs Control, all samples",PA_Dorea formicigenerans,Dorea formicigenerans,Condition,CRC,Control,none,671,664,0.7630402384500745,0.7695783132530121,-0.006538074802937555,10,10,0.01450095792523538,0.9041505097381336,0.9836294836147162,0.7520982854479066,1.2864368657082494,0.9249128088261536,False
CRC_vs_Control__all,"CRC vs Control, all samples",PA_Intestinibacter bartlettii,Intestinibacter bartlettii,Condition,CRC,Control,none,671,664,0.39940387481371087,0.40210843373493976,-0.0027045589212288945,10,10,0.01346414588246764,0.9076247189415526,1.0138215284772891,0.8037607771752426,1.2787811010339085,0.9249128088261536,False
CRC_vs_Control__all,"CRC vs Control, all samples",PA_Phocaeicola massiliensis,Phocaeicola massiliensis,Condition,CRC,Control,none,671,664,0.3561847988077496,0.3509036144578313,0.005281184349918311,10,10,0.009605912221494633,0.9219245467018952,1.0113397306657923,0.8063070795611058,1.268509326967461,0.9306219480858753,False
CRC_vs_Control__all,"CRC vs Control, all samples",PA_Klebsiella quasipneumoniae,Klebsiella quasipneumoniae,Condition,CRC,Control,none,671,664,0.16095380029806258,0.14909638554216867,0.011857414755893914,10,10,0.00415539271874361,0.9486020964985171,0.989752189797297,0.7237668745809663,1.3534874717438559,0.9486020964985171,False
CRC_vs_Control__Male,"CRC vs Control, males only",PA_Parvimonas micra,Parvimonas micra,Condition,CRC,Control,Gender=Male,426,371,0.43661971830985913,0.12398921832884097,0.31263049998101816,10,10,102.14308208033601,0.0,6.0522136871848184,4.154799711701025,8.81613869669563,0.0,True
CRC_vs_Control__Male,"CRC vs Control, males only",PA_Methanobrevibacter smithii,Methanobrevibacter smithii,Condition,CRC,Control,Gender=Male,426,371,0.34507042253521125,0.22911051212938005,0.1159599104058312,10,10,21.61135292552089,3.3386975133442576e-06,2.3094472298771613,1.612074518377699,3.3084987367424397,0.00017862031696391778,True
CRC_vs_Control__Male,"CRC vs Control, males only",PA_Streptococcus salivarius,Streptococcus salivarius,Condition,CRC,Control,Gender=Male,426,371,0.8051643192488263,0.9110512129380054,-0.10588689368917914,10,10,14.718757392931721,0.00012479853166535992,0.4182118598079272,0.2659632737873476,0.6576139524581448,0.0037660849925883035,True
CRC_vs_Control__Male,"CRC vs Control, males only",PA_Akkermansia muciniphila,Akkermansia muciniphila,Condition,CRC,Control,Gender=Male,426,371,0.5633802816901409,0.4528301886792453,0.11055009301089558,10,10,14.177295778287613,0.00016636588157215026,1.7673316949770586,1.3086548221662389,2.38677248359515,0.0037660849925883035,True
CRC_vs_Control__Male,"CRC vs Control, males only",PA_Collinsella aerofaciens,Collinsella aerofaciens,Condition,CRC,Control,Gender=Male,426,371,0.9014084507042254,0.8140161725067385,0.08739227819748685,10,10,14.071554469775046,0.0001759852800274908,2.159494643171798,1.4292587768497513,3.2628220931176597,0.0037660849925883035,True
CRC_vs_Control__Male,"CRC vs Control, males only",PA_Anaerotignum lactatifermentans,Anaerotignum lactatifermentans,Condition,CRC,Control,Gender=Male,426,371,0.2793427230046948,0.18598382749326145,0.09335889551143337,10,10,11.107246145355319,0.0008599108077843587,1.7990336113329588,1.2687298492527646,2.5509937648364622,0.015335076072154397,True
CRC_vs_Control__Male,"CRC vs Control, males only",PA_Firmicutes bacterium CAG:145,Firmicutes bacterium CAG:145,Condition,CRC,Control,Gender=Male,426,371,0.392018779342723,0.30727762803234504,0.08474115131037796,10,10,9.49253944558205,0.0020630907249825636,1.6307670795876659,1.1937012605229127,2.227861656694496,0.02981654666752784,True
CRC_vs_Control__Male,"CRC vs Control, males only",PA_Roseburia intestinalis,Roseburia intestinalis,Condition,CRC,Control,Gender=Male,426,371,0.5610328638497653,0.6711590296495957,-0.11012616579983048,10,10,9.350476911150071,0.002229274517198343,0.6233248626215833,0.46058388640039444,0.843568122625236,0.02981654666752784,True
CRC_vs_Control__Male,"CRC vs Control, males only",PA_Enterocloster bolteae,Enterocloster bolteae,Condition,CRC,Control,Gender=Male,426,371,0.6971830985915493,0.6118598382749326,0.08532326031661663,10,10,9.004104629574835,0.0026937392728924037,1.6491431237367569,1.1875465007665293,2.2901613038417885,0.03202556691105413,True
CRC_vs_Control__Male,"CRC vs Control, males only",PA_Bacteroides cellulosilyticus,Bacteroides cellulosilyticus,Condition,CRC,Control,Gender=Male,426,371,0.5563380281690141,0.46630727762803237,0.09003075054098175,10,10,8.627127576091555,0.00331193393867657,1.5509055113193178,1.1561844874603173,2.0803841697652854,0.0354376931438393,True
CRC_vs_Control__Male,"CRC vs Control, males only",PA_Parabacteroides merdae,Parabacteroides merdae,Condition,CRC,Control,Gender=Male,426,371,0.7676056338028169,0.6900269541778976,0.07757867962491927,10,10,8.443339153587214,0.0036638288886841064,1.6258322710352824,1.1712510610010518,2.256843696073604,0.035639062826290854,True
CRC_vs_Control__Male,"CRC vs Control, males only",PA_Bifidobacterium bifidum,Bifidobacterium bifidum,Condition,CRC,Control,Gender=Male,426,371,0.19483568075117372,0.2830188679245283,-0.08818318717335458,10,10,8.128917676601077,0.004356474554446543,0.6112477137571874,0.4358489561148863,0.8572322184819099,0.03884523144381501,True
CRC_vs_Control__Male,"CRC vs Control, males only",PA_Clostridium sp. CAG:58,Clostridium sp. CAG:58,Condition,CRC,Control,Gender=Male,426,371,0.4812206572769953,0.39622641509433965,0.08499424218265567,10,10,7.614254593322058,0.005790869125958609,1.5290261971278454,1.1315044412862711,2.0662058638015948,0.04371464456340388,True
CRC_vs_Control__Male,"CRC vs Control, males only",PA_Bacteroides salyersiae,Bacteroides salyersiae,Condition,CRC,Control,Gender=Male,426,371,0.2652582159624413,0.18328840970350405,0.08196980625893727,10,10,7.541430278962663,0.006029615994849524,1.6155603610963767,1.14491148793338,2.27968302166056,0.04371464456340388,True
CRC_vs_Control__Male,"CRC vs Control, males only",PA_Bacteroides sp. CAG:144,Bacteroides sp. CAG:144,Condition,CRC,Control,Gender=Male,426,371,0.23708920187793428,0.16711590296495957,0.06997329891297471,10,10,7.512207709689102,0.00612822120047718,1.6592049301806815,1.154606355214572,2.384328639715715,0.04371464456340388,True
CRC_vs_Control__Male,"CRC vs Control, males only",PA_Bifidobacterium pseudocatenulatum,Bifidobacterium pseudocatenulatum,Condition,CRC,Control,Gender=Male,426,371,0.4084507042253521,0.49056603773584906,-0.08211533351049694,10,10,7.384535022951527,0.006578707551070817,0.6691472465511781,0.4987795312751075,0.8977073225566209,0.04399510674778609,True
CRC_vs_Control__Male,"CRC vs Control, males only",PA_Butyricimonas virosa,Butyricimonas virosa,Condition,CRC,Control,Gender=Male,426,371,0.6103286384976526,0.5283018867924528,0.0820267517051998,10,10,7.087131934198123,0.007763940029477223,1.4969816335510624,1.1112124878916314,2.016674610488855,0.048867151950238996,True
CRC_vs_Control__Male,"CRC vs Control, males only",PA_Parabacteroides distasonis,Parabacteroides distasonis,Condition,CRC,Control,Gender=Male,426,371,0.8967136150234741,0.8463611859838275,0.05035242903964665,10,10,6.968916702318932,0.008293769163879361,1.8565610764707046,1.1692609371212614,2.947861269659947,0.04930185002972731,True
CRC_vs_Control__Male,"CRC vs Control, males only",PA_Bacteroides fragilis,Bacteroides fragilis,Condition,CRC,Control,Gender=Male,426,371,0.57981220657277,0.5013477088948787,0.07846449767789132,10,10,6.671135062088838,0.009798676426144404,1.4784166642923569,1.099020561581559,1.988785205357722,0.055182019873550064,False
CRC_vs_Control__Male,"CRC vs Control, males only",PA_[Eubacterium] siraeum,[Eubacterium] siraeum,Condition,CRC,Control,Gender=Male,426,371,0.4812206572769953,0.42857142857142855,0.052649228705566764,10,10,6.518887304770773,0.010673476088594702,1.5317790176765107,1.103093053770597,2.127061675326233,0.05710309707398166,False
CRC_vs_Control__Male,"CRC vs Control, males only",PA_Paraprevotella xylaniphila,Paraprevotella xylaniphila,Condition,CRC,Control,Gender=Male,426,371,0.3685446009389671,0.29380053908355797,0.07474406185540916,10,10,6.119784707981065,0.013367708052811844,1.4712922231480947,1.0840087879947933,1.996940273796434,0.06602084884982536,False
CRC_vs_Control__Male,"CRC vs Control, males only",PA_Lawsonibacter asaccharolyticus,Lawsonibacter asaccharolyticus,Condition,CRC,Control,Gender=Male,426,371,0.7769953051643192,0.7223719676549866,0.05462333750933268,10,10,5.975778605038659,0.014503676691044576,1.5526317406740608,1.0909677597151668,2.209657710488116,0.06602084884982536,False
CRC_vs_Control__Male,"CRC vs Control, males only",PA_Escherichia coli,Escherichia coli,Condition,CRC,Control,Gender=Male,426,371,0.7488262910798122,0.6792452830188679,0.06958100806094436,10,10,5.95059771356341,0.014712296780407752,1.4989258973599617,1.0784046521748683,2.0834283691610422,0.06602084884982536,False
CRC_vs_Control__Male,"CRC vs Control, males only",PA_Bacteroides caccae,Bacteroides caccae,Condition,CRC,Control,Gender=Male,426,371,0.6643192488262911,0.5822102425876011,0.08210900623869,10,10,5.939119512216733,0.01480841469528793,1.4471149228121747,1.0753391564889576,1.9474242960362158,0.06602084884982536,False
CRC_vs_Control__Male,"CRC vs Control, males only",PA_Eubacterium sp. CAG:274,Eubacterium sp. CAG:274,Condition,CRC,Control,Gender=Male,426,371,0.23943661971830985,0.31805929919137466,-0.07862267947306481,10,10,5.246922541541325,0.021985621577841674,0.6886744185572395,0.5004179934640327,0.9477526007650244,0.09409846035316237,False
CRC_vs_Control__Male,"CRC vs Control, males only",PA_Megamonas funiformis,Megamonas funiformis,Condition,CRC,Control,Gender=Male,426,371,0.21830985915492956,0.1509433962264151,0.06736646292851448,10,10,5.078162509636431,0.024229034547494366,1.5560929330561561,1.0599260749470916,2.2845227356334084,0.09563644010192204,False
CRC_vs_Control__Male,"CRC vs Control, males only",PA_Bacteroides stercoris,Bacteroides stercoris,Condition,CRC,Control,Gender=Male,426,371,0.6455399061032864,0.5714285714285714,0.07411133467471498,10,10,5.041356369750889,0.02474910462889479,1.399091168519058,1.0428364592004906,1.877049925286216,0.09563644010192204,False
CRC_vs_Control__Male,"CRC vs Control, males only",PA_Oscillibacter sp. CAG:241,Oscillibacter sp. CAG:241,Condition,CRC,Control,Gender=Male,426,371,0.5164319248826291,0.4609164420485175,0.05551548283411162,10,10,5.022061408130797,0.025026358157512307,1.428363077917518,1.0457168034793691,1.951026392202616,0.09563644010192204,False
CRC_vs_Control__Male,"CRC vs Control, males only",PA_Holdemanella biformis,Holdemanella biformis,Condition,CRC,Control,Gender=Male,426,371,0.352112676056338,0.29380053908355797,0.05831213697278004,10,10,4.90139327542873,0.026835036158786685,1.4105023045842846,1.0396040225579253,1.9137255224757703,0.09880409675924182,False
CRC_vs_Control__Male,"CRC vs Control, males only",PA_Desulfovibrio piger,Desulfovibrio piger,Condition,CRC,Control,Gender=Male,426,371,0.24882629107981222,0.18598382749326145,0.06284246358655077,10,10,4.846512810044591,0.02770208320352574,1.472004487572748,1.0410016410157652,2.081454174577515,0.09880409675924182,False
CRC_vs_Control__Male,"CRC vs Control, males only",PA_Alistipes finegoldii,Alistipes finegoldii,Condition,CRC,Control,Gender=Male,426,371,0.7089201877934272,0.660377358490566,0.048542829302861246,10,10,4.606994641747537,0.031841790884449606,1.4332991068139143,1.032537529325669,1.9896093568000572,0.10990553627858413,False
CRC_vs_Control__Male,"CRC vs Control, males only",PA_Ruthenibacterium lactatiformans,Ruthenibacterium lactatiformans,Condition,CRC,Control,Gender=Male,426,371,0.92018779342723,0.8840970350404312,0.03609075838679876,10,10,4.1944201024316685,0.04055722208763901,1.6304332781634499,1.016256374563754,2.6157894219201734,0.13315302734376275,False
CRC_vs_Control__Male,"CRC vs Control, males only",PA_Roseburia faecis,Roseburia faecis,Condition,CRC,Control,Gender=Male,426,371,0.6455399061032864,0.7169811320754716,-0.07144122597218527,10,10,4.151931331337785,0.0415870645510078,0.7146109982914046,0.5156761701056799,0.990289853367442,0.13315302734376275,False
CRC_vs_Control__Male,"CRC vs Control, males only",PA_Phocaeicola plebeius,Phocaeicola plebeius,Condition,CRC,Control,Gender=Male,426,371,0.4107981220657277,0.33423180592991913,0.07656631613580855,10,10,4.122747632394612,0.042310307754092835,1.3670706122339704,1.0101159038638983,1.8501659578716756,0.13315302734376275,False
CRC_vs_Control__Male,"CRC vs Control, males only",PA_Alistipes shahii,Alistipes shahii,Condition,CRC,Control,Gender=Male,426,371,0.6971830985915493,0.6469002695417789,0.05028282904977033,10,10,3.993963447713121,0.04566353137131296,1.3739428927265065,1.0049508095767126,1.878419375838696,0.1395999387637282,False
CRC_vs_Control__Male,"CRC vs Control, males only",PA_Bacteroides thetaiotaomicron,Bacteroides thetaiotaomicron,Condition,CRC,Control,Gender=Male,426,371,0.8615023474178404,0.8301886792452831,0.03131366817255732,10,10,3.7959227869509298,0.051377545871244656,1.5253612844958324,0.9942903695354948,2.340088086466893,0.152572065048962,False
CRC_vs_Control__Male,"CRC vs Control, males only",PA_Streptococcus thermophilus,Streptococcus thermophilus,Condition,CRC,Control,Gender=Male,426,371,0.3967136150234742,0.477088948787062,-0.0803753337635878,10,10,3.707087984259429,0.054181841019883326,0.7286943232021694,0.5277639061018029,1.0061230230561495,0.152572065048962,False
CRC_vs_Control__Male,"CRC vs Control, males only",PA_Coprococcus catus,Coprococcus catus,Condition,CRC,Control,Gender=Male,426,371,0.6455399061032864,0.5929919137466307,0.05254799235665564,10,10,3.707006954020556,0.054184471699631365,1.35143000746681,0.9944012284449921,1.8366460266121565,0.152572065048962,False
CRC_vs_Control__Male,"CRC vs Control, males only",PA_Eubacterium sp. CAG:180,Eubacterium sp. CAG:180,Condition,CRC,Control,Gender=Male,426,371,0.45539906103286387,0.3908355795148248,0.06456348151803909,10,10,3.567416116591031,0.058923931694153775,1.3300333647244178,0.9888484627451793,1.788938161838468,0.16166309464806292,False
CRC_vs_Control__Male,"CRC vs Control, males only",PA_Phocaeicola coprocola,Phocaeicola coprocola,Condition,CRC,Control,Gender=Male,426,371,0.23708920187793428,0.1778975741239892,0.05919162775394507,10,10,3.2784623465994587,0.07019466547922149,1.3847747254416787,0.9703201907300883,1.9762559395772596,0.18641666200899992,False
CRC_vs_Control__Male,"CRC vs Control, males only",PA_Alistipes inops,Alistipes inops,Condition,CRC,Control,Gender=Male,426,371,0.2347417840375587,0.1940700808625337,0.040671703175025,10,10,3.2099703959143238,0.07319080764116337,1.378591286551217,0.969174168514859,1.9609622264976845,0.18641666200899992,False
CRC_vs_Control__Male,"CRC vs Control, males only",PA_Ruminococcus bicirculans,Ruminococcus bicirculans,Condition,CRC,Control,Gender=Male,426,371,0.45305164319248825,0.522911051212938,-0.06985940802044976,10,10,3.161017232544804,0.0754161770008539,0.7644315715183241,0.568562431417018,1.0277774176489212,0.18641666200899992,False
CRC_vs_Control__Male,"CRC vs Control, males only",PA_Eubacterium sp. CAG:251,Eubacterium sp. CAG:251,Condition,CRC,Control,Gender=Male,426,371,0.16666666666666666,0.2210242587601078,-0.054357592093441154,10,10,3.146920514428091,0.07607039950807915,0.7172910634780568,0.49686177460844516,1.0355122813602267,0.18641666200899992,False
CRC_vs_Control__Male,"CRC vs Control, males only",PA_Prevotella copri,Prevotella copri,Condition,CRC,Control,Gender=Male,426,371,0.5093896713615024,0.4528301886792453,0.05655948268225708,10,10,3.0997588692620988,0.07830389152870709,1.294322162413433,0.9669331650995425,1.7325601402265705,0.18641666200899992,False
CRC_vs_Control__Male,"CRC vs Control, males only",PA_Klebsiella pneumoniae,Klebsiella pneumoniae,Condition,CRC,Control,Gender=Male,426,371,0.284037558685446,0.2183288409703504,0.0657087177150956,10,10,3.097771820031174,0.07839953075144857,1.368583244467316,0.9652887238178627,1.940372917264182,0.18641666200899992,False
CRC_vs_Control__Male,"CRC vs Control, males only",PA_Dorea longicatena,Dorea longicatena,Condition,CRC,Control,Gender=Male,426,371,0.8075117370892019,0.7735849056603774,0.03392683142882447,10,10,2.6781109131588923,0.10173634896248551,1.3456541322382896,0.9431122998541684,1.9200099965719695,0.23664759432578153,False
CRC_vs_Control__Male,"CRC vs Control, males only",PA_Phascolarctobacterium succinatutens,Phascolarctobacterium succinatutens,Condition,CRC,Control,Gender=Male,426,371,0.38028169014084506,0.33423180592991913,0.04604988421092593,10,10,2.5396527264996767,0.11101920178667102,1.2778959812412516,0.9455072312011257,1.7271344787051874,0.25177490250667506,False
CRC_vs_Control__Male,"CRC vs Control, males only",PA_Lachnospira eligens,Lachnospira eligens,Condition,CRC,Control,Gender=Male,426,371,0.6197183098591549,0.6846361185983828,-0.06491780873922792,10,10,2.5125122149848753,0.11294575065720003,0.7746122005315007,0.565024176219878,1.0619440485299798,0.25177490250667506,False
CRC_vs_Control__Male,"CRC vs Control, males only",PA_Phascolarctobacterium faecium,Phascolarctobacterium faecium,Condition,CRC,Control,Gender=Male,426,371,0.37089201877934275,0.31266846361185985,0.0582235551674829,10,10,2.441513846814996,0.1181621413255719,1.2805772963789572,0.9380912744385238,1.748100911590673,0.2580275330986978,False
CRC_vs_Control__Male,"CRC vs Control, males only",PA_Veillonella atypica,Veillonella atypica,Condition,CRC,Control,Gender=Male,426,371,0.38497652582159625,0.3450134770889488,0.039963048732647444,10,10,2.1692370471561437,0.14079607160807006,1.2518078990693509,0.92722481258776,1.69001410973793,0.30130359324126993,False
CRC_vs_Control__Male,"CRC vs Control, males only",PA_Faecalibacterium prausnitzii,Faecalibacterium prausnitzii,Condition,CRC,Control,Gender=Male,426,371,0.9248826291079812,0.954177897574124,-0.02929526846614272,10,10,1.8458939498710183,0.1742617084771665,0.6693049434652898,0.37505643406321176,1.1944045393221394,0.3656078981775846,False
CRC_vs_Control__Male,"CRC vs Control, males only",PA_Alistipes putredinis,Alistipes putredinis,Condition,CRC,Control,Gender=Male,426,371,0.744131455399061,0.7169811320754716,0.027150323323589354,10,10,1.7900204636433885,0.1809236696588381,1.260303216953111,0.8996230369348093,1.7655886226237893,0.37228524333645535,False
CRC_vs_Control__Male,"CRC vs Control, males only",PA_Parasutterella excrementihominis,Parasutterella excrementihominis,Condition,CRC,Control,Gender=Male,426,371,0.4154929577464789,0.46630727762803237,-0.050814319881553494,10,10,1.7379437266955204,0.18739958120016553,0.8218033565148105,0.6142575408836461,1.0994749137429587,0.3783350035550512,False
CRC_vs_Control__Male,"CRC vs Control, males only",PA_Slackia isoflavoniconvertens,Slackia isoflavoniconvertens,Condition,CRC,Control,Gender=Male,426,371,0.4272300469483568,0.40431266846361186,0.022917378484744955,10,10,1.606693938251225,0.2049571558491643,1.2157052817780947,0.8980893052131251,1.6456485157591623,0.406118808812233,False
CRC_vs_Control__Male,"CRC vs Control, males only",PA_Eubacterium sp. CAG:38,Eubacterium sp. CAG:38,Condition,CRC,Control,Gender=Male,426,371,0.5093896713615024,0.5660377358490566,-0.05664806448755422,10,10,1.5701404030002517,0.21018662496436158,0.8313486588949646,0.6222128721538649,1.1107783583036295,0.408712997768324,False
CRC_vs_Control__Male,"CRC vs Control, males only",PA_Blautia sp. CAG:257,Blautia sp. CAG:257,Condition,CRC,Control,Gender=Male,426,371,0.3333333333333333,0.37735849056603776,-0.04402515723270445,10,10,1.5447924356594416,0.2139058679908985,0.825827989545725,0.6108256602037634,1.116508216255405,0.408712997768324,False
CRC_vs_Control__Male,"CRC vs Control, males only",PA_[Eubacterium] rectale,[Eubacterium] rectale,Condition,CRC,Control,Gender=Male,426,371,0.7887323943661971,0.7654986522911051,0.02323374207509199,10,10,1.3711215814932352,0.24161927395000582,1.2401793328503543,0.8665551721303812,1.7748953870391726,0.448199962071498,False
CRC_vs_Control__Male,"CRC vs Control, males only",PA_Fusicatenibacter saccharivorans,Fusicatenibacter saccharivorans,Condition,CRC,Control,Gender=Male,426,371,0.8544600938967136,0.8867924528301887,-0.03233235893347508,10,10,1.3633976148133657,0.24294951215090543,0.7787626697054103,0.5116788984959405,1.1852575853907517,0.448199962071498,False
CRC_vs_Control__Male,"CRC vs Control, males only",PA_[Ruminococcus] lactaris,[Ruminococcus] lactaris,Condition,CRC,Control,Gender=Male,426,371,0.3474178403755869,0.39622641509433965,-0.04880857471875277,10,10,1.3157662740801324,0.25135328790109357,0.8374377791554906,0.6166445260182332,1.137287374438063,0.45020017409469687,False
CRC_vs_Control__Male,"CRC vs Control, males only",PA_Erysipelatoclostridium ramosum,Erysipelatoclostridium ramosum,Condition,CRC,Control,Gender=Male,426,371,0.49295774647887325,0.4636118598382749,0.02934588664059834,10,10,1.3097015649439803,0.2524486957540356,1.1864560676377842,0.8842790590144046,1.591893402975614,0.45020017409469687,False
CRC_vs_Control__Male,"CRC vs Control, males only",PA_Odoribacter splanchnicus,Odoribacter splanchnicus,Condition,CRC,Control,Gender=Male,426,371,0.744131455399061,0.7250673854447439,0.019064069954317087,10,10,1.2718834960564611,0.25941363451713484,1.2167733848422986,0.865763289808804,1.7100949965059706,0.45503703103825294,False
CRC_vs_Control__Male,"CRC vs Control, males only",PA_Phocaeicola vulgatus,Phocaeicola vulgatus,Condition,CRC,Control,Gender=Male,426,371,0.8826291079812206,0.8706199460916442,0.012009161889576458,10,10,1.229097344352135,0.26758265493699884,1.2912126941206747,0.8240804255788512,2.02314018111433,0.4617958722299819,False
CRC_vs_Control__Male,"CRC vs Control, males only",PA_Blautia wexlerae,Blautia wexlerae,Condition,CRC,Control,Gender=Male,426,371,0.892018779342723,0.9191374663072777,-0.02711868696455466,10,10,1.0958801710182657,0.2951720156134636,0.7711465249894802,0.4743075561147362,1.2537581477186073,0.4975472312858324,False
CRC_vs_Control__Male,"CRC vs Control, males only",PA_Bacteroides eggerthii,Bacteroides eggerthii,Condition,CRC,Control,Gender=Male,426,371,0.3333333333333333,0.3018867924528302,0.03144654088050314,10,10,1.0849252814714905,0.29759834394666607,1.1778274796639305,0.8653259107636062,1.6031850596352588,0.4975472312858324,False
CRC_vs_Control__Male,"CRC vs Control, males only",PA_Coprococcus comes,Coprococcus comes,Condition,CRC,Control,Gender=Male,426,371,0.6807511737089202,0.660377358490566,0.02037381521835424,10,10,1.0308766667379152,0.3099528527902179,1.180503362140895,0.8564070318334006,1.6272498195660023,0.5102300807469741,False
CRC_vs_Control__Male,"CRC vs Control, males only",PA_Proteobacteria bacterium CAG:139,Proteobacteria bacterium CAG:139,Condition,CRC,Control,Gender=Male,426,371,0.2793427230046948,0.30997304582210244,-0.03063032281740763,10,10,0.9411417593415503,0.3319843832590208,0.8534758962998311,0.619862921152616,1.1751325667460855,0.5362948365883584,False
CRC_vs_Control__Male,"CRC vs Control, males only",PA_Veillonella parvula,Veillonella parvula,Condition,CRC,Control,Gender=Male,426,371,0.4812206572769953,0.4555256064690027,0.025695050807992614,10,10,0.9263591601364424,0.3358107855272898,1.1515813539421753,0.8631832714220037,1.5363360929859287,0.5362948365883584,False
CRC_vs_Control__Male,"CRC vs Control, males only",PA_Dorea formicigenerans,Dorea formicigenerans,Condition,CRC,Control,Gender=Male,426,371,0.7934272300469484,0.7735849056603774,0.019842324386570964,10,10,0.8159312816174176,0.36637245549314557,1.1773403593608158,0.8261516720625999,1.6778157917652003,0.5755385118609833,False
CRC_vs_Control__Male,"CRC vs Control, males only",PA_Flavonifractor plautii,Flavonifractor plautii,Condition,CRC,Control,Gender=Male,426,371,0.8873239436619719,0.876010781671159,0.011313161990812892,10,10,0.7998385085939257,0.3711416571813817,1.2391002437342644,0.7723562754037834,1.9879030739015247,0.5755385118609833,False
CRC_vs_Control__Male,"CRC vs Control, males only",PA_Klebsiella quasipneumoniae,Klebsiella quasipneumoniae,Condition,CRC,Control,Gender=Male,426,371,0.16901408450704225,0.1347708894878706,0.03424319501917164,10,10,0.7688563605066752,0.3805710790198764,1.2031157125524015,0.7967123223047415,1.8168256938754994,0.5769600741416683,False
CRC_vs_Control__Male,"CRC vs Control, males only",PA_[Ruminococcus] torques,[Ruminococcus] torques,Condition,CRC,Control,Gender=Male,426,371,0.6690140845070423,0.6495956873315364,0.019418397175505864,10,10,0.7615539150138779,0.3828426660192378,1.1443566718198093,0.8428885071420292,1.5536481767663337,0.5769600741416683,False
CRC_vs_Control__Male,"CRC vs Control, males only",PA_Gemmiger formicilis,Gemmiger formicilis,Condition,CRC,Control,Gender=Male,426,371,0.7300469483568075,0.7115902964959568,0.01845665186085066,10,10,0.6765607718567104,0.410773531582867,1.1443059772117876,0.8308490868781132,1.5760216748901843,0.6104551094356496,False
CRC_vs_Control__Male,"CRC vs Control, males only",PA_Bifidobacterium adolescentis,Bifidobacterium adolescentis,Condition,CRC,Control,Gender=Male,426,371,0.6009389671361502,0.6415094339622641,-0.04057046682611387,10,10,0.5775090790431148,0.44729034204924933,0.8910400218816822,0.6615502438077735,1.2001391096540919,0.6556173506749271,False
CRC_vs_Control__Male,"CRC vs Control, males only",PA_Bifidobacterium longum,Bifidobacterium longum,Condition,CRC,Control,Gender=Male,426,371,0.7863849765258216,0.8113207547169812,-0.024935778191159552,10,10,0.5397808990024463,0.4625235431845639,0.8751632158413135,0.6141773537701841,1.2470512786902619,0.6687840421722748,False
CRC_vs_Control__Male,"CRC vs Control, males only",PA_[Ruminococcus] gnavus,[Ruminococcus] gnavus,Condition,CRC,Control,Gender=Male,426,371,0.7300469483568075,0.7196765498652291,0.010370398491578392,10,10,0.4688677558563612,0.4935085154179867,1.1216031158242912,0.8090513784801623,1.554899457423771,0.6920356630746126,False
CRC_vs_Control__Male,"CRC vs Control, males only",PA_Barnesiella intestinihominis,Barnesiella intestinihominis,Condition,CRC,Control,Gender=Male,426,371,0.5633802816901409,0.5606469002695418,0.0027333814205990903,10,10,0.4640068088767852,0.4957573152078054,1.1095994340434998,0.8228472846502395,1.4962811775613931,0.6920356630746126,False
CRC_vs_Control__Male,"CRC vs Control, males only",PA_Gordonibacter pamelaeae,Gordonibacter pamelaeae,Condition,CRC,Control,Gender=Male,426,371,0.7394366197183099,0.7277628032345014,0.011673816483808497,10,10,0.45512316109809803,0.4999120341016705,1.117555063976662,0.807700588337186,1.546277592283365,0.6920356630746126,False
CRC_vs_Control__Male,"CRC vs Control, males only",PA_Adlercreutzia equolifaciens_1,Adlercreutzia equolifaciens_1,Condition,CRC,Control,Gender=Male,426,371,0.57981220657277,0.6145552560646901,-0.034743049491920086,10,10,0.43919411924900587,0.5075116763311833,0.9029317540057196,0.6671514312370906,1.2220400260253823,0.6920356630746126,False
CRC_vs_Control__Male,"CRC vs Control, males only",PA_Coprobacter fastidiosus,Coprobacter fastidiosus,Condition,CRC,Control,Gender=Male,426,371,0.32629107981220656,0.31536388140161725,0.010927198410589312,10,10,0.4321369901072195,0.5109422185317233,1.1104050427304442,0.8123523210856582,1.5178135482808404,0.6920356630746126,False
CRC_vs_Control__Male,"CRC vs Control, males only",PA_Anaerostipes hadrus,Anaerostipes hadrus,Condition,CRC,Control,Gender=Male,426,371,0.8474178403755869,0.8733153638814016,-0.025897523505814757,10,10,0.4111381929492759,0.521392368218728,0.8703537120096091,0.5698359945858283,1.3293572031361192,0.6973622924925488,False
CRC_vs_Control__Male,"CRC vs Control, males only",PA_Phocaeicola dorei,Phocaeicola dorei,Condition,CRC,Control,Gender=Male,426,371,0.6572769953051644,0.6900269541778976,-0.03274995887273324,10,10,0.34963397714167344,0.554320399880073,0.9108035055062885,0.6683527091846064,1.2412054507187,0.7322504047798495,False
CRC_vs_Control__Male,"CRC vs Control, males only",PA_Anaerobutyricum hallii,Anaerobutyricum hallii,Condition,CRC,Control,Gender=Male,426,371,0.8098591549295775,0.8382749326145552,-0.028415777684977717,10,10,0.32704416328927793,0.5674047974187131,0.8934514465245244,0.6076540276670868,1.313667730240245,0.7403940649244183,False
CRC_vs_Control__Male,"CRC vs Control, males only",PA_Bacteroides intestinalis,Bacteroides intestinalis,Condition,CRC,Control,Gender=Male,426,371,0.24882629107981222,0.261455525606469,-0.01262923452665679,10,10,0.30784358509268617,0.579006472062987,0.9120708488149463,0.6577809747405089,1.264665998566143,0.7420041314749288,False
CRC_vs_Control__Male,"CRC vs Control, males only",PA_Intestinibacter bartlettii,Intestinibacter bartlettii,Condition,CRC,Control,Gender=Male,426,371,0.38497652582159625,0.37735849056603776,0.007618035255558486,10,10,0.30219772092979846,0.582507916298075,1.0905352676995363,0.8015100417411073,1.4837832443285097,0.7420041314749288,False
CRC_vs_Control__Male,"CRC vs Control, males only",PA_Klebsiella variicola,Klebsiella variicola,Condition,CRC,Control,Gender=Male,426,371,0.2112676056338028,0.18598382749326145,0.025283778140541363,10,10,0.2054921469027186,0.6503237932587367,1.0907545570795152,0.7503205199459553,1.5856496952468064,0.8186428926904097,False
CRC_vs_Control__Male,"CRC vs Control, males only",PA_Roseburia inulinivorans,Roseburia inulinivorans,Condition,CRC,Control,Gender=Male,426,371,0.8075117370892019,0.8247978436657682,-0.017286106576566374,10,10,0.1091863176214152,0.7410724098505543,0.938555592638058,0.6448107080588396,1.3661165819097945,0.9206399147067371,False
CRC_vs_Control__Male,"CRC vs Control, males only",PA_Ruminococcus bromii,Ruminococcus bromii,Condition,CRC,Control,Gender=Male,426,371,0.6220657276995305,0.6253369272237197,-0.0032711995241891945,10,10,0.10274701259246725,0.7485576876587489,1.0528172606844701,0.7689438860877825,1.4414890402920948,0.9206399147067371,False
CRC_vs_Control__Male,"CRC vs Control, males only",PA_Adlercreutzia equolifaciens,Adlercreutzia equolifaciens,Condition,CRC,Control,Gender=Male,426,371,0.5727699530516432,0.5983827493261455,-0.025612796274502303,10,10,0.09373968657141178,0.7594756881839343,0.9534259564720992,0.7025050883980641,1.2939707761371455,0.9234533935872837,False
CRC_vs_Control__Male,"CRC vs Control, males only",PA_Acidaminococcus intestini,Acidaminococcus intestini,Condition,CRC,Control,Gender=Male,426,371,0.2323943661971831,0.2183288409703504,0.014065525226832687,10,10,0.07611798169093041,0.7826288108651366,1.0483839237785733,0.7474151422866315,1.4705466740675857,0.9289027473388667,False
CRC_vs_Control__Male,"CRC vs Control, males only",PA_Eubacterium ventriosum,Eubacterium ventriosum,Condition,CRC,Control,Gender=Male,426,371,0.5516431924882629,0.5741239892183289,-0.022480796730065977,10,10,0.07248818506324767,0.7877478481235474,0.9615557598793046,0.7217509985634483,1.2810366472610948,0.9289027473388667,False
CRC_vs_Control__Male,"CRC vs Control, males only",PA_Roseburia hominis,Roseburia hominis,Condition,CRC,Control,Gender=Male,426,371,0.7183098591549296,0.7169811320754716,0.0013287270794579698,10,10,0.07092037307219426,0.7900014019424006,1.043937497182881,0.7610950858081876,1.431891386957545,0.9289027473388667,False
CRC_vs_Control__Male,"CRC vs Control, males only",PA_Dialister invisus,Dialister invisus,Condition,CRC,Control,Gender=Male,426,371,0.20892018779342722,0.22641509433962265,-0.017494906546195427,10,10,0.061877036987013016,0.803553431940067,0.9569350313140186,0.675508181593082,1.3556085316337192,0.9345675784520344,False
CRC_vs_Control__Male,"CRC vs Control, males only",PA_Bacteroides xylanisolvens,Bacteroides xylanisolvens,Condition,CRC,Control,Gender=Male,426,371,0.7253521126760564,0.7304582210242587,-0.005106108348202354,10,10,0.03448746402002072,0.852673748544968,1.0317707080523384,0.7405923181935293,1.437431590691491,0.9566391635144469,False
CRC_vs_Control__Male,"CRC vs Control, males only",PA_Oscillibacter sp. 57_20,Oscillibacter sp. 57_20,Condition,CRC,Control,Gender=Male,426,371,0.5258215962441315,0.5444743935309974,-0.018652797286865863,10,10,0.03428173267301462,0.8531088219473751,0.9720267518986225,0.7197432662037705,1.3127403211287405,0.9566391635144469,False
CRC_vs_Control__Male,"CRC vs Control, males only",PA_Lachnospira pectinoschiza,Lachnospira pectinoschiza,Condition,CRC,Control,Gender=Male,426,371,0.4671361502347418,0.4797843665768194,-0.012648216342077578,10,10,0.030707389856913656,0.8608947940404761,0.9745652892637616,0.729347271775007,1.3022294588506418,0.9566391635144469,False
CRC_vs_Control__Male,"CRC vs Control, males only",PA_Bacteroides ovatus,Bacteroides ovatus,Condition,CRC,Control,Gender=Male,426,371,0.8215962441314554,0.8301886792452831,-0.008592435113827679,10,10,0.028769977723085087,0.8653112338949985,1.0339482028965028,0.7029943027810355,1.520707752600221,0.9566391635144469,False
CRC_vs_Control__Male,"CRC vs Control, males only",PA_Blautia obeum,Blautia obeum,Condition,CRC,Control,Gender=Male,426,371,0.8075117370892019,0.8113207547169812,-0.0038090176277792986,10,10,0.02794693690574419,0.8672336342140313,1.0321207720937655,0.7129330418591616,1.4942122550659855,0.9566391635144469,False
CRC_vs_Control__Male,"CRC vs Control, males only",PA_Firmicutes bacterium CAG:83,Firmicutes bacterium CAG:83,Condition,CRC,Control,Gender=Male,426,371,0.6384976525821596,0.6442048517520216,-0.005707199169861954,10,10,0.020101040617885715,0.887255252392348,1.0224317120502335,0.7527911599678119,1.388654199726083,0.9687378776120534,False
CRC_vs_Control__Male,"CRC vs Control, males only",PA_Firmicutes bacterium CAG:110,Firmicutes bacterium CAG:110,Condition,CRC,Control,Gender=Male,426,371,0.3051643192488263,0.32345013477088946,-0.018285815522063154,10,10,0.013618337761547559,0.9070996653272576,0.9813154776310118,0.7141104351768017,1.3485030034601906,0.969700177001282,False
CRC_vs_Control__Male,"CRC vs Control, males only",PA_Agathobaculum butyriciproducens,Agathobaculum butyriciproducens,Condition,CRC,Control,Gender=Male,426,371,0.8755868544600939,0.8787061994609164,-0.00311934500082256,10,10,0.010124021699313295,0.9198535503792732,1.0219985054141039,0.6684087480216026,1.562638053676259,0.969700177001282,False
CRC_vs_Control__Male,"CRC vs Control, males only",PA_Eggerthella lenta,Eggerthella lenta,Condition,CRC,Control,Gender=Male,426,371,0.6666666666666666,0.6819407008086253,-0.015274034141958714,10,10,0.009678756122324694,0.9216300237502327,0.9848599872771713,0.726524477138927,1.3350537043972366,0.969700177001282,False
CRC_vs_Control__Male,"CRC vs Control, males only",PA_Bacteroides uniformis,Bacteroides uniformis,Condition,CRC,Control,Gender=Male,426,371,0.9483568075117371,0.9568733153638814,-0.008516507852144306,10,10,0.005967895195037821,0.9384229532072299,1.0253138467083494,0.5463040980771304,1.924328387709528,0.969700177001282,False
CRC_vs_Control__Male,"CRC vs Control, males only",PA_Coprococcus eutactus,Coprococcus eutactus,Condition,CRC,Control,Gender=Male,426,371,0.25586854460093894,0.2668463611859838,-0.010977816585044875,10,10,0.0029161958011684943,0.9569337198312718,1.0095428814025287,0.7148706497872419,1.4256800579151556,0.969700177001282,False
CRC_vs_Control__Male,"CRC vs Control, males only",PA_Eubacterium ramulus,Eubacterium ramulus,Condition,CRC,Control,Gender=Male,426,371,0.6103286384976526,0.6226415094339622,-0.012312870936309617,10,10,0.0023337070864336657,0.9614704141464997,0.9927207537685871,0.7376961294718205,1.335908452804912,0.969700177001282,False
CRC_vs_Control__Male,"CRC vs Control, males only",PA_Bacteroides finegoldii,Bacteroides finegoldii,Condition,CRC,Control,Gender=Male,426,371,0.3051643192488263,0.3018867924528302,0.003277526795996133,10,10,0.001970131239427983,0.9645965931386976,1.0069990580930255,0.74054545345864,1.3693245948162125,0.969700177001282,False
CRC_vs_Control__Male,"CRC vs Control, males only",PA_Streptococcus parasanguinis,Streptococcus parasanguinis,Condition,CRC,Control,Gender=Male,426,371,0.784037558685446,0.7978436657681941,-0.013806107082748098,10,10,0.0019483328625014588,0.964792869286494,1.0079570021320678,0.7087034141926211,1.4335719255769372,0.969700177001282,False
CRC_vs_Control__Male,"CRC vs Control, males only",PA_Phocaeicola massiliensis,Phocaeicola massiliensis,Condition,CRC,Control,Gender=Male,426,371,0.3779342723004695,0.38005390835579517,-0.002119636055325669,10,10,0.0014428092168543216,0.969700177001282,0.9943432932180322,0.7423010504203927,1.3319644155261983,0.969700177001282,False
CRC_vs_Control__Female,"CRC vs Control, females only",PA_Parvimonas micra,Parvimonas micra,Condition,CRC,Control,Gender=Female,245,293,0.3795918367346939,0.14334470989761092,0.23624712683708296,10,10,36.675959249739954,1.3948908694771944e-09,3.467041650622972,2.2783279245703882,5.275964744812176,1.492533230340598e-07,True
CRC_vs_Control__Female,"CRC vs Control, females only",PA_Flavonifractor plautii,Flavonifractor plautii,Condition,CRC,Control,Gender=Female,245,293,0.9510204081632653,0.8498293515358362,0.10119105662742911,10,10,9.634342489876738,0.0019097255765152532,2.788168463173668,1.4297941777797554,5.437064648778908,0.10217031834356606,False
CRC_vs_Control__Female,"CRC vs Control, females only",PA_[Ruminococcus] gnavus,[Ruminococcus] gnavus,Condition,CRC,Control,Gender=Female,245,293,0.7959183673469388,0.6655290102389079,0.1303893571080309,10,10,8.821782744319929,0.0029765572077652402,1.806228612349687,1.2142568450208602,2.68679712488228,0.1061638737436269,False
CRC_vs_Control__Female,"CRC vs Control, females only",PA_Firmicutes bacterium CAG:110,Firmicutes bacterium CAG:110,Condition,CRC,Control,Gender=Female,245,293,0.2530612244897959,0.36860068259385664,-0.11553945810406074,10,10,8.075173298285717,0.004487581541478214,0.5743886253181919,0.39092909840885876,0.8439440661689203,0.12004280623454223,False
CRC_vs_Control__Female,"CRC vs Control, females only",PA_Roseburia intestinalis,Roseburia intestinalis,Condition,CRC,Control,Gender=Female,245,293,0.5306122448979592,0.6382252559726962,-0.10761301107473698,10,10,7.463467046633709,0.006296362446810977,0.6012842290648286,0.41685877529474097,0.867302658715666,0.1347421563617549,False
CRC_vs_Control__Female,"CRC vs Control, females only",PA_Ruminococcus bicirculans,Ruminococcus bicirculans,Condition,CRC,Control,Gender=Female,245,293,0.47346938775510206,0.5802047781569966,-0.1067353904018945,10,10,6.457933009891579,0.011045806107814027,0.634717740533538,0.44559051800196897,0.9041184537643584,0.18456577051930897,False
CRC_vs_Control__Female,"CRC vs Control, females only",PA_Phocaeicola plebeius,Phocaeicola plebeius,Condition,CRC,Control,Gender=Female,245,293,0.3836734693877551,0.27303754266211605,0.11063592672563904,10,10,5.960407566974199,0.014630658654893325,1.5643687980587033,1.0872842262263467,2.2507911706153756,0.18456577051930897,False
CRC_vs_Control__Female,"CRC vs Control, females only",PA_Escherichia coli,Escherichia coli,Condition,CRC,Control,Gender=Female,245,293,0.746938775510204,0.6382252559726962,0.10871351953750785,10,10,5.954173395908774,0.014682485580909344,1.603847993851559,1.0969114155604212,2.345064834672585,0.18456577051930897,False
CRC_vs_Control__Female,"CRC vs Control, females only",PA_Bacteroides fragilis,Bacteroides fragilis,Condition,CRC,Control,Gender=Female,245,293,0.5755102040816327,0.46075085324232085,0.11475935083931182,10,10,5.855978597421073,0.015524223688540006,1.5377455823468318,1.0831546325330998,2.1831245558144583,0.18456577051930897,False
CRC_vs_Control__Female,"CRC vs Control, females only",PA_Lachnospira eligens,Lachnospira eligens,Condition,CRC,Control,Gender=Female,245,293,0.6448979591836734,0.7201365187713311,-0.07523855958765768,10,10,5.129241872365776,0.023526001383347372,0.6374039267005249,0.4313256305608981,0.9419420896572147,0.2517282148018169,False
CRC_vs_Control__Female,"CRC vs Control, females only",PA_Bacteroides intestinalis,Bacteroides intestinalis,Condition,CRC,Control,Gender=Female,245,293,0.17551020408163265,0.23208191126279865,-0.056571707181166,10,10,4.622778309026738,0.03155009561840694,0.6127828463871872,0.39114788110439336,0.9600021755612302,0.2882430804571146,False
CRC_vs_Control__Female,"CRC vs Control, females only",PA_Roseburia faecis,Roseburia faecis,Condition,CRC,Control,Gender=Female,245,293,0.6285714285714286,0.7030716723549488,-0.07450024378352027,10,10,4.568600472896003,0.03256315769709417,0.6477697308322241,0.4353582250708557,0.9638169213735657,0.2882430804571146,False
CRC_vs_Control__Female,"CRC vs Control, females only",PA_Bacteroides caccae,Bacteroides caccae,Condition,CRC,Control,Gender=Female,245,293,0.673469387755102,0.5802047781569966,0.09326460959810545,10,10,4.444190583972117,0.035020187345256915,1.4660969243822042,1.0242655019216365,2.098518584927803,0.2882430804571146,False
CRC_vs_Control__Female,"CRC vs Control, females only",PA_Gemmiger formicilis,Gemmiger formicilis,Condition,CRC,Control,Gender=Female,245,293,0.6693877551020408,0.7508532423208191,-0.08146548721877822,10,10,4.294760894667852,0.03822997138451467,0.6710102701296359,0.4584170188703909,0.9821947355465621,0.29218620986736216,False
CRC_vs_Control__Female,"CRC vs Control, females only",PA_Bacteroides finegoldii,Bacteroides finegoldii,Condition,CRC,Control,Gender=Female,245,293,0.27755102040816326,0.19795221843003413,0.07959880197812913,10,10,4.115916559507625,0.042481500096323566,1.514985742855855,1.0116900030922584,2.2686611452532106,0.30017025166497757,False
CRC_vs_Control__Female,"CRC vs Control, females only",PA_Proteobacteria bacterium CAG:139,Proteobacteria bacterium CAG:139,Condition,CRC,Control,Gender=Female,245,293,0.2897959183673469,0.3720136518771331,-0.08221773350978617,10,10,3.9861125481110555,0.045876794463656,0.6870248703075282,0.4751227976844114,0.9934340653015611,0.30017025166497757,False
CRC_vs_Control__Female,"CRC vs Control, females only",PA_[Ruminococcus] lactaris,[Ruminococcus] lactaris,Condition,CRC,Control,Gender=Female,245,293,0.3306122448979592,0.4129692832764505,-0.08235703837849129,10,10,3.9043306872150048,0.04816180806930237,0.67832027954507,0.46196632444181923,0.9959998755278319,0.30017025166497757,False
CRC_vs_Control__Female,"CRC vs Control, females only",PA_Eubacterium sp. CAG:180,Eubacterium sp. CAG:180,Condition,CRC,Control,Gender=Female,245,293,0.39591836734693875,0.3037542662116041,0.09216410113533463,10,10,3.824639575458918,0.050504208918159654,1.4450625652676992,0.9967326709280078,2.0950510387041286,0.30017025166497757,False
CRC_vs_Control__Female,"CRC vs Control, females only",PA_Coprococcus eutactus,Coprococcus eutactus,Condition,CRC,Control,Gender=Female,245,293,0.1510204081632653,0.2150170648464164,-0.06399665668315108,10,10,3.7344485050173044,0.05330125964144461,0.6250185455819122,0.3881528265422637,1.0064287971346086,0.30017025166497757,False
CRC_vs_Control__Female,"CRC vs Control, females only",PA_Streptococcus salivarius,Streptococcus salivarius,Condition,CRC,Control,Gender=Female,245,293,0.8693877551020408,0.9078498293515358,-0.03846207424949499,10,10,3.5930091662714725,0.05802308744673079,0.5886986670175942,0.3379756473805983,1.025417432392755,0.31042351784000977,False
CRC_vs_Control__Female,"CRC vs Control, females only",PA_Coprobacter fastidiosus,Coprobacter fastidiosus,Condition,CRC,Control,Gender=Female,245,293,0.2612244897959184,0.3310580204778157,-0.0698335306818973,10,10,3.5047127482898683,0.06119445691731129,0.6979910137863166,0.47630787997879237,1.0228498746402057,0.31180032810249086,False
CRC_vs_Control__Female,"CRC vs Control, females only",PA_Eubacterium sp. CAG:38,Eubacterium sp. CAG:38,Condition,CRC,Control,Gender=Female,245,293,0.49387755102040815,0.5631399317406144,-0.06926238072020624,10,10,3.3249336595852776,0.06823676731159145,0.7165374072332601,0.5013500031499412,1.0240866714645458,0.33187882283364933,False
CRC_vs_Control__Female,"CRC vs Control, females only",PA_Eggerthella lenta,Eggerthella lenta,Condition,CRC,Control,Gender=Female,245,293,0.7795918367346939,0.7030716723549488,0.07652016437974507,10,10,2.910179503690799,0.0880220772839716,1.4202799058591173,0.9503106330453328,2.1226690945495887,0.40949401171238964,False
CRC_vs_Control__Female,"CRC vs Control, females only",PA_Erysipelatoclostridium ramosum,Erysipelatoclostridium ramosum,Condition,CRC,Control,Gender=Female,245,293,0.563265306122449,0.4709897610921502,0.09227554503029878,10,10,2.7707340058687095,0.09600212979520006,1.333663487786104,0.9434779658610082,1.8852144544049954,0.4130655746552754,False
CRC_vs_Control__Female,"CRC vs Control, females only",PA_Megamonas funiformis,Megamonas funiformis,Condition,CRC,Control,Gender=Female,245,293,0.1469387755102041,0.09215017064846416,0.054788604861739934,10,10,2.762279248740225,0.09651064828394285,1.5620048119235064,0.922438320489331,2.6450104882653864,0.4130655746552754,False
CRC_vs_Control__Female,"CRC vs Control, females only",PA_Slackia isoflavoniconvertens,Slackia isoflavoniconvertens,Condition,CRC,Control,Gender=Female,245,293,0.31020408163265306,0.2627986348122867,0.04740544682036635,10,10,2.584778748000141,0.10789548393410286,1.3998870352730848,0.9278976003401864,2.1119611806380427,0.4440314146518849,False
CRC_vs_Control__Female,"CRC vs Control, females only",PA_Dorea formicigenerans,Dorea formicigenerans,Condition,CRC,Control,Gender=Female,245,293,0.710204081632653,0.764505119453925,-0.054301037821271936,10,10,2.411062759574766,0.12048054815138176,0.7191173959988335,0.4752467221641194,1.0881291866113283,0.46706879824849407,False
CRC_vs_Control__Female,"CRC vs Control, females only",PA_Anaerotignum lactatifermentans,Anaerotignum lactatifermentans,Condition,CRC,Control,Gender=Female,245,293,0.22857142857142856,0.17406143344709898,0.05450999512432958,10,10,2.3885927347740306,0.12222361075661525,1.4043035862156101,0.9133419957285833,2.1591786772980717,0.46706879824849407,False
CRC_vs_Control__Female,"CRC vs Control, females only",PA_Enterocloster bolteae,Enterocloster bolteae,Condition,CRC,Control,Gender=Female,245,293,0.6693877551020408,0.5836177474402731,0.08577000766176779,10,10,1.8039545068640785,0.1792351485653313,1.3003569213105461,0.8860659491558238,1.9083547047612308,0.6420183869950292,False
CRC_vs_Control__Female,"CRC vs Control, females only",PA_Klebsiella variicola,Klebsiella variicola,Condition,CRC,Control,Gender=Female,245,293,0.18775510204081633,0.20819112627986347,-0.02043602423904714,10,10,1.767449640540212,0.18369802128546087,0.7374842654331403,0.46943603179921883,1.1585881886332943,0.6420183869950292,False
CRC_vs_Control__Female,"CRC vs Control, females only",PA_Methanobrevibacter smithii,Methanobrevibacter smithii,Condition,CRC,Control,Gender=Female,245,293,0.2653061224489796,0.22866894197952217,0.03663718046945744,10,10,1.6845795065909726,0.19431705349737838,1.3152499303921745,0.8682470038875851,1.9923850835661434,0.6420183869950292,False
CRC_vs_Control__Female,"CRC vs Control, females only",PA_Akkermansia muciniphila,Akkermansia muciniphila,Condition,CRC,Control,Gender=Female,245,293,0.5020408163265306,0.5563139931740614,-0.054273176847530746,10,10,1.5551337564848795,0.21237915675814067,0.798645938485715,0.5601019159018449,1.138784419318976,0.6420183869950292,False
CRC_vs_Control__Female,"CRC vs Control, females only",PA_Oscillibacter sp. CAG:241,Oscillibacter sp. CAG:241,Condition,CRC,Control,Gender=Female,245,293,0.46530612244897956,0.5187713310580204,-0.05346520860904086,10,10,1.537112718371022,0.21504808339148274,0.7927375909660044,0.5487983558366247,1.1451070897844786,0.6420183869950292,False
CRC_vs_Control__Female,"CRC vs Control, females only",PA_Ruminococcus bromii,Ruminococcus bromii,Condition,CRC,Control,Gender=Female,245,293,0.6122448979591837,0.658703071672355,-0.04645817371317129,10,10,1.5008666679809128,0.2205380590438396,0.7906687246068002,0.5417866687413176,1.1538804258947768,0.6420183869950292,False
CRC_vs_Control__Female,"CRC vs Control, females only",PA_Eubacterium ventriosum,Eubacterium ventriosum,Condition,CRC,Control,Gender=Female,245,293,0.5306122448979592,0.5733788395904437,-0.04276659469248445,10,10,1.4320830987613322,0.23142477633162073,0.8103579456334066,0.5733219239795574,1.145394886511631,0.6420183869950292,False
CRC_vs_Control__Female,"CRC vs Control, females only",PA_Adlercreutzia equolifaciens,Adlercreutzia equolifaciens,Condition,CRC,Control,Gender=Female,245,293,0.5714285714285714,0.6279863481228669,-0.056557776694295514,10,10,1.3787922257673457,0.24030698236671277,0.8005494290743473,0.552987752142671,1.158939571279901,0.6420183869950292,False
CRC_vs_Control__Female,"CRC vs Control, females only",PA_Phascolarctobacterium succinatutens,Phascolarctobacterium succinatutens,Condition,CRC,Control,Gender=Female,245,293,0.2571428571428571,0.20819112627986347,0.04895173086299365,10,10,1.3546760323192844,0.24446230707813166,1.2710888095711126,0.8494015684216163,1.9021235913411239,0.6420183869950292,False
CRC_vs_Control__Female,"CRC vs Control, females only",PA_Alistipes shahii,Alistipes shahii,Condition,CRC,Control,Gender=Female,245,293,0.6489795918367347,0.5938566552901023,0.05512293654663236,10,10,1.3518643928201257,0.24495244543972705,1.23976113210933,0.8596378172365156,1.787971205862067,0.6420183869950292,False
CRC_vs_Control__Female,"CRC vs Control, females only",PA_Bacteroides xylanisolvens,Bacteroides xylanisolvens,Condition,CRC,Control,Gender=Female,245,293,0.7510204081632653,0.6860068259385665,0.06501358222469877,10,10,1.336364953212114,0.2476760347242427,1.2553597954231104,0.850732644180383,1.8524365166250816,0.6420183869950292,False
CRC_vs_Control__Female,"CRC vs Control, females only",PA_Parasutterella excrementihominis,Parasutterella excrementihominis,Condition,CRC,Control,Gender=Female,245,293,0.40408163265306124,0.45051194539249145,-0.04643031273943021,10,10,1.3342209723006955,0.24805568839587377,0.8181363086173816,0.5789706995072804,1.1560982620497164,0.6420183869950292,False
CRC_vs_Control__Female,"CRC vs Control, females only",PA_Klebsiella quasipneumoniae,Klebsiella quasipneumoniae,Condition,CRC,Control,Gender=Female,245,293,0.1469387755102041,0.16723549488054607,-0.02029671937034197,10,10,1.3224450311394207,0.2501537150614659,0.7553874458012632,0.4665879828288018,1.2229423265783548,0.6420183869950292,False
CRC_vs_Control__Female,"CRC vs Control, females only",PA_Bacteroides eggerthii,Bacteroides eggerthii,Condition,CRC,Control,Gender=Female,245,293,0.3183673469387755,0.2696245733788396,0.04874277355993589,10,10,1.2587918316760707,0.26187990430296726,1.2410969783272814,0.8477929747885465,1.8168606669538514,0.6420183869950292,False
CRC_vs_Control__Female,"CRC vs Control, females only",PA_Adlercreutzia equolifaciens_1,Adlercreutzia equolifaciens_1,Condition,CRC,Control,Gender=Female,245,293,0.5714285714285714,0.6279863481228669,-0.056557776694295514,10,10,1.2538993568605625,0.262809026019473,0.8104736163538058,0.5614105427010264,1.1700305442169514,0.6420183869950292,False
CRC_vs_Control__Female,"CRC vs Control, females only",PA_Bacteroides sp. CAG:144,Bacteroides sp. CAG:144,Condition,CRC,Control,Gender=Female,245,293,0.1469387755102041,0.18430034129692832,-0.03736156578672423,10,10,1.247619846744532,0.2640075610073017,0.7663874389181227,0.48082409441845625,1.221547990938064,0.6420183869950292,False
CRC_vs_Control__Female,"CRC vs Control, females only",PA_Holdemanella biformis,Holdemanella biformis,Condition,CRC,Control,Gender=Female,245,293,0.22857142857142856,0.19112627986348124,0.03744514870794732,10,10,1.1900184767711268,0.275325829335626,1.2565470426412864,0.8309238754429207,1.9001866681576944,0.645498874942159,False
CRC_vs_Control__Female,"CRC vs Control, females only",PA_Eubacterium sp. CAG:274,Eubacterium sp. CAG:274,Condition,CRC,Control,Gender=Female,245,293,0.27755102040816326,0.2354948805460751,0.04205613986208817,10,10,1.1792723067343376,0.2775041892274702,1.2496087897560455,0.8369725917508719,1.8656789276325094,0.645498874942159,False
CRC_vs_Control__Female,"CRC vs Control, females only",PA_Roseburia hominis,Roseburia hominis,Condition,CRC,Control,Gender=Female,245,293,0.6979591836734694,0.7372013651877133,-0.03924218151424386,10,10,1.088580308847431,0.29678598069154294,0.814820656403501,0.5555211340971279,1.1951529138147057,0.6618443658861951,False
CRC_vs_Control__Female,"CRC vs Control, females only",PA_Bacteroides ovatus,Bacteroides ovatus,Condition,CRC,Control,Gender=Female,245,293,0.7918367346938775,0.7372013651877133,0.05463536950616421,10,10,1.078580757925386,0.2990152671856522,1.231038937385387,0.8231612398937429,1.8410206796842914,0.6618443658861951,False
CRC_vs_Control__Female,"CRC vs Control, females only",PA_Anaerobutyricum hallii,Anaerobutyricum hallii,Condition,CRC,Control,Gender=Female,245,293,0.8204081632653061,0.8498293515358362,-0.029421188270530085,10,10,1.057164840333814,0.3038627109356904,0.7793499794306257,0.48493173369447296,1.252519371770368,0.6618443658861951,False
CRC_vs_Control__Female,"CRC vs Control, females only",PA_Prevotella copri,Prevotella copri,Condition,CRC,Control,Gender=Female,245,293,0.4489795918367347,0.3822525597269625,0.06672703210977221,10,10,1.0337775931194915,0.3092730681711192,1.2066184523792511,0.8349321323461465,1.7437681857218303,0.6618443658861951,False
CRC_vs_Control__Female,"CRC vs Control, females only",PA_Veillonella atypica,Veillonella atypica,Condition,CRC,Control,Gender=Female,245,293,0.4,0.4197952218430034,-0.019795221843003363,10,10,0.9719977408997844,0.324182452985902,0.8349431643393656,0.5824658863263819,1.196859943290137,0.6801474994017943,False
CRC_vs_Control__Female,"CRC vs Control, females only",PA_Barnesiella intestinihominis,Barnesiella intestinihominis,Condition,CRC,Control,Gender=Female,245,293,0.5510204081632653,0.5221843003412969,0.028836107821968326,10,10,0.8997586492977295,0.342846434378295,1.1962949182937732,0.8274381602227712,1.7295812549305252,0.7054724707399531,False
CRC_vs_Control__Female,"CRC vs Control, females only",PA_Roseburia inulinivorans,Roseburia inulinivorans,Condition,CRC,Control,Gender=Female,245,293,0.7714285714285715,0.7952218430034129,-0.023793271574841457,10,10,0.8534000099584943,0.35559226751082984,0.8163315019835842,0.5318128896628509,1.2530668851468507,0.7178938230879017,False
CRC_vs_Control__Female,"CRC vs Control, females only",PA_Butyricimonas virosa,Butyricimonas virosa,Condition,CRC,Control,Gender=Female,245,293,0.5551020408163265,0.5017064846416383,0.053395556174688275,10,10,0.7923232016385294,0.37339856356676426,1.1716233980511257,0.82586852303835,1.6621306522383636,0.7398823389193293,False
CRC_vs_Control__Female,"CRC vs Control, females only",PA_Klebsiella pneumoniae,Klebsiella pneumoniae,Condition,CRC,Control,Gender=Female,245,293,0.23265306122448978,0.23890784982935154,-0.006254788604861755,10,10,0.7106106560982715,0.39924116339105986,0.8369824693437734,0.550494620433209,1.2725640323923866,0.7767055360516983,False
CRC_vs_Control__Female,"CRC vs Control, females only",PA_Ruthenibacterium lactatiformans,Ruthenibacterium lactatiformans,Condition,CRC,Control,Gender=Female,245,293,0.9224489795918367,0.9010238907849829,0.021425088806853787,10,10,0.6550927930536009,0.418297736296926,1.2695544060377084,0.7112573379096612,2.266083320316442,0.7992474604244837,False
CRC_vs_Control__Female,"CRC vs Control, females only",PA_Dorea longicatena,Dorea longicatena,Condition,CRC,Control,Gender=Female,245,293,0.746938775510204,0.7747440273037542,-0.0278052517935502,10,10,0.5860037473513054,0.44396861881656746,0.8509301868827933,0.5635010287487923,1.284970472114577,0.8214024202211369,False
CRC_vs_Control__Female,"CRC vs Control, females only",PA_Eubacterium sp. CAG:251,Eubacterium sp. CAG:251,Condition,CRC,Control,Gender=Female,245,293,0.22040816326530613,0.24573378839590443,-0.0253256251305983,10,10,0.5811856427931479,0.44584796172980545,0.8519524896079242,0.5653142157875403,1.283928520244259,0.8214024202211369,False
CRC_vs_Control__Female,"CRC vs Control, females only",PA_Phocaeicola coprocola,Phocaeicola coprocola,Condition,CRC,Control,Gender=Female,245,293,0.17142857142857143,0.14334470989761092,0.028083861530960513,10,10,0.5633270281046107,0.4529228298415614,1.195034723721459,0.7502837831131973,1.9034237751671637,0.8214024202211369,False
CRC_vs_Control__Female,"CRC vs Control, females only",PA_Blautia obeum,Blautia obeum,Condition,CRC,Control,Gender=Female,245,293,0.8285714285714286,0.8430034129692833,-0.014431984397854647,10,10,0.5142823500688889,0.47329091254214106,0.8424192595536903,0.526509195378716,1.3478780904415637,0.832092678978521,False
CRC_vs_Control__Female,"CRC vs Control, females only",PA_Lachnospira pectinoschiza,Lachnospira pectinoschiza,Condition,CRC,Control,Gender=Female,245,293,0.4122448979591837,0.43686006825938567,-0.024615170300201994,10,10,0.5074798964588155,0.47623182932152897,0.8811520589976296,0.6208759628578112,1.250537945617931,0.832092678978521,False
CRC_vs_Control__Female,"CRC vs Control, females only",PA_Desulfovibrio piger,Desulfovibrio piger,Condition,CRC,Control,Gender=Female,245,293,0.1346938775510204,0.14675767918088736,-0.01206380162986695,10,10,0.48148092949580257,0.48775228110614655,0.8410867573236949,0.5116945457285234,1.3825180261362593,0.832092678978521,False
CRC_vs_Control__Female,"CRC vs Control, females only",PA_[Eubacterium] siraeum,[Eubacterium] siraeum,Condition,CRC,Control,Gender=Female,245,293,0.44081632653061226,0.47440273037542663,-0.03358640384481437,10,10,0.47669378119333755,0.4899237268752039,0.8718609914023179,0.592062970940877,1.283886386478542,0.832092678978521,False
CRC_vs_Control__Female,"CRC vs Control, females only",PA_Parabacteroides merdae,Parabacteroides merdae,Condition,CRC,Control,Gender=Female,245,293,0.6816326530612244,0.6416382252559727,0.03999442780525175,10,10,0.45856252169764705,0.49829654787348476,1.135337512045874,0.786099466023111,1.6397304946402536,0.8330895409759824,False
CRC_vs_Control__Female,"CRC vs Control, females only",PA_Eubacterium ramulus,Eubacterium ramulus,Condition,CRC,Control,Gender=Female,245,293,0.6448979591836734,0.6655290102389079,-0.02063105105523444,10,10,0.44034490061770587,0.5069560334936964,0.8820099967730674,0.6093942238077675,1.276581897259707,0.8345276243665465,False
CRC_vs_Control__Female,"CRC vs Control, females only",PA_Gordonibacter pamelaeae,Gordonibacter pamelaeae,Condition,CRC,Control,Gender=Female,245,293,0.8163265306122449,0.7918088737201365,0.024517656892108386,10,10,0.41176773858294247,0.5210736320489868,1.1542972384315902,0.7468690127501317,1.7839836596575418,0.8447708883218423,False
CRC_vs_Control__Female,"CRC vs Control, females only",PA_Bacteroides cellulosilyticus,Bacteroides cellulosilyticus,Condition,CRC,Control,Gender=Female,245,293,0.4489795918367347,0.46075085324232085,-0.011771261405586153,10,10,0.3706539359090078,0.5426480326701437,0.8971390066429755,0.6323291738553307,1.2728471665052208,0.8666170073985878,False
CRC_vs_Control__Female,"CRC vs Control, females only",PA_Alistipes putredinis,Alistipes putredinis,Condition,CRC,Control,Gender=Female,245,293,0.7061224489795919,0.726962457337884,-0.02084000835829214,10,10,0.3178290285526435,0.5729152494699262,0.8916796419695366,0.5999006900506761,1.3253736778261687,0.8675761398986128,False
CRC_vs_Control__Female,"CRC vs Control, females only",PA_Acidaminococcus intestini,Acidaminococcus intestini,Condition,CRC,Control,Gender=Female,245,293,0.12653061224489795,0.11262798634812286,0.013902625896775087,10,10,0.30612966308880357,0.5800649470954369,1.1547963493470397,0.6919425200403355,1.9272621205407539,0.8675761398986128,False
CRC_vs_Control__Female,"CRC vs Control, females only",PA_Paraprevotella xylaniphila,Paraprevotella xylaniphila,Condition,CRC,Control,Gender=Female,245,293,0.2816326530612245,0.2593856655290102,0.02224698753221427,10,10,0.293983726155702,0.5876789020147304,1.1130523624076603,0.7570513942787173,1.6364616336802669,0.8675761398986128,False
CRC_vs_Control__Female,"CRC vs Control, females only",PA_Phocaeicola dorei,Phocaeicola dorei,Condition,CRC,Control,Gender=Female,245,293,0.6244897959183674,0.6416382252559727,-0.017148429337605298,10,10,0.28880659208543225,0.5909863109408879,0.9049310907029503,0.6282664820357488,1.3034282463507825,0.8675761398986128,False
CRC_vs_Control__Female,"CRC vs Control, females only",PA_Anaerostipes hadrus,Anaerostipes hadrus,Condition,CRC,Control,Gender=Female,245,293,0.8530612244897959,0.8668941979522184,-0.013832973462422515,10,10,0.25242546358828305,0.6153723883591378,0.8807296099217161,0.5364578077533965,1.445937843725879,0.8675761398986128,False
CRC_vs_Control__Female,"CRC vs Control, females only",PA_Bifidobacterium longum,Bifidobacterium longum,Condition,CRC,Control,Gender=Female,245,293,0.7755102040816326,0.78839590443686,-0.012885700355227403,10,10,0.2506308872710728,0.6166312002877149,0.8957561667669015,0.5838414696753443,1.3743098974232006,0.8675761398986128,False
CRC_vs_Control__Female,"CRC vs Control, females only",PA_Bacteroides thetaiotaomicron,Bacteroides thetaiotaomicron,Condition,CRC,Control,Gender=Female,245,293,0.8244897959183674,0.7815699658703071,0.042919830048060215,10,10,0.24901101071494314,0.6177723176327692,1.1206416593864739,0.7157520979712321,1.7545707966656146,0.8675761398986128,False
CRC_vs_Control__Female,"CRC vs Control, females only",PA_Odoribacter splanchnicus,Odoribacter splanchnicus,Condition,CRC,Control,Gender=Female,245,293,0.7346938775510204,0.7098976109215017,0.024796266629518726,10,10,0.2337443876478421,0.6287612140550584,1.1034000493422749,0.7402292291825977,1.6447495193251915,0.8675761398986128,False
CRC_vs_Control__Female,"CRC vs Control, females only",PA_[Ruminococcus] torques,[Ruminococcus] torques,Condition,CRC,Control,Gender=Female,245,293,0.5918367346938775,0.6143344709897611,-0.022497736295883586,10,10,0.23020583360406965,0.631371247973826,0.9111955919504724,0.6227012955400018,1.3333478069448395,0.8675761398986128,False
CRC_vs_Control__Female,"CRC vs Control, females only",PA_Streptococcus parasanguinis,Streptococcus parasanguinis,Condition,CRC,Control,Gender=Female,245,293,0.8326530612244898,0.8054607508532423,0.027192310371247475,10,10,0.22907321779762463,0.6322118765717997,1.118292908559066,0.707686471435438,1.7671371148255526,0.8675761398986128,False
CRC_vs_Control__Female,"CRC vs Control, females only",PA_Faecalibacterium prausnitzii,Faecalibacterium prausnitzii,Condition,CRC,Control,Gender=Female,245,293,0.9673469387755103,0.9556313993174061,0.011715539458104107,10,10,0.22876822169022135,0.6324386814214187,1.2079402157359473,0.5563420901989359,2.6227020937252066,0.8675761398986128,False
CRC_vs_Control__Female,"CRC vs Control, females only",PA_Phascolarctobacterium faecium,Phascolarctobacterium faecium,Condition,CRC,Control,Gender=Female,245,293,0.43673469387755104,0.42662116040955633,0.010113533467994706,10,10,0.19486879553605488,0.6588948814871867,0.9220897073680777,0.6431672653082237,1.3219724856903032,0.8924272445459364,False
CRC_vs_Control__Female,"CRC vs Control, females only",PA_Blautia sp. CAG:257,Blautia sp. CAG:257,Condition,CRC,Control,Gender=Female,245,293,0.3306122448979592,0.310580204778157,0.020032040119802197,10,10,0.16917744369328883,0.6808438764054132,1.0786127438117867,0.7465996227743997,1.5582722193053367,0.9106286846922402,False
CRC_vs_Control__Female,"CRC vs Control, females only",PA_Phocaeicola vulgatus,Phocaeicola vulgatus,Condition,CRC,Control,Gender=Female,245,293,0.8693877551020408,0.863481228668942,0.005906526433098858,10,10,0.15470416227741918,0.6940798250863482,0.9011256361389197,0.5385773883771704,1.5077265210735191,0.911256773541325,False
CRC_vs_Control__Female,"CRC vs Control, females only",PA_Agathobaculum butyriciproducens,Agathobaculum butyriciproducens,Condition,CRC,Control,Gender=Female,245,293,0.8734693877551021,0.8771331058020477,-0.003663718046945652,10,10,0.15019789713147058,0.6983463124335387,0.9039490057972528,0.5425623896293558,1.5060457943648635,0.911256773541325,False
CRC_vs_Control__Female,"CRC vs Control, females only",PA_Bifidobacterium bifidum,Bifidobacterium bifidum,Condition,CRC,Control,Gender=Female,245,293,0.19591836734693877,0.19112627986348124,0.0047920874834575244,10,10,0.13311764838454615,0.7152212045205086,1.0857927235874525,0.6997925938254334,1.684707510479243,0.9220321552252341,False
CRC_vs_Control__Female,"CRC vs Control, females only",PA_Bifidobacterium adolescentis,Bifidobacterium adolescentis,Condition,CRC,Control,Gender=Female,245,293,0.5102040816326531,0.5221843003412969,-0.011980218708643853,10,10,0.11866428895442378,0.7304877152009718,0.9398032629036877,0.660704861041645,1.3367998709317,0.9229282480003101,False
CRC_vs_Control__Female,"CRC vs Control, females only",PA_Alistipes inops,Alistipes inops,Condition,CRC,Control,Gender=Female,245,293,0.27346938775510204,0.26621160409556316,0.007257783659538886,10,10,0.11622328391105552,0.7331672998133305,1.0730193741412926,0.7165500749822373,1.6068250042554426,0.9229282480003101,False
CRC_vs_Control__Female,"CRC vs Control, females only",PA_Bifidobacterium pseudocatenulatum,Bifidobacterium pseudocatenulatum,Condition,CRC,Control,Gender=Female,245,293,0.45714285714285713,0.42662116040955633,0.030521696733300796,10,10,0.10387253501251888,0.747231021026328,1.0597745981822213,0.7440126572789612,1.5095471669256608,0.9296944098815941,False
CRC_vs_Control__Female,"CRC vs Control, females only",PA_Clostridium sp. CAG:58,Clostridium sp. CAG:58,Condition,CRC,Control,Gender=Female,245,293,0.4,0.3856655290102389,0.014334470989761094,10,10,0.09405353154492978,0.7590858260452042,1.0586421692520707,0.7363140817746702,1.522072265435361,0.9307061576832985,False
CRC_vs_Control__Female,"CRC vs Control, females only",PA_Veillonella parvula,Veillonella parvula,Condition,CRC,Control,Gender=Female,245,293,0.5428571428571428,0.5085324232081911,0.034324719648951674,10,10,0.0854002713809204,0.7701082921617923,1.0545238448519894,0.7400677553874198,1.5025928791875123,0.9307061576832985,False
CRC_vs_Control__Female,"CRC vs Control, females only",PA_Parabacteroides distasonis,Parabacteroides distasonis,Condition,CRC,Control,Gender=Female,245,293,0.8448979591836735,0.8122866894197952,0.03261126976387829,10,10,0.07277954405424511,0.7873319404814398,1.0697986001326847,0.6565080777502186,1.7432672706295131,0.9307061576832985,False
CRC_vs_Control__Female,"CRC vs Control, females only",PA_Alistipes finegoldii,Alistipes finegoldii,Condition,CRC,Control,Gender=Female,245,293,0.6653061224489796,0.6518771331058021,0.013428989343177489,10,10,0.06837885288619333,0.7937119579897048,1.0524829931061366,0.7180697098219223,1.542636370293855,0.9307061576832985,False
CRC_vs_Control__Female,"CRC vs Control, females only",PA_Collinsella aerofaciens,Collinsella aerofaciens,Condition,CRC,Control,Gender=Female,245,293,0.8081632653061225,0.7952218430034129,0.01294142230270956,10,10,0.06770839176999964,0.7947030542638929,1.0600385967374142,0.6828088050098056,1.645675653753307,0.9307061576832985,False
CRC_vs_Control__Female,"CRC vs Control, females only",PA_Bacteroides stercoris,Bacteroides stercoris,Condition,CRC,Control,Gender=Female,245,293,0.5551020408163265,0.5221843003412969,0.0329177404750296,10,10,0.06403184254190894,0.8002333318398454,1.0463477901746816,0.7375793796056122,1.4843740596284818,0.9307061576832985,False
CRC_vs_Control__Female,"CRC vs Control, females only",PA_Coprococcus catus,Coprococcus catus,Condition,CRC,Control,Gender=Female,245,293,0.6081632653061224,0.6177474402730375,-0.009584174966915104,10,10,0.049305228050783315,0.8242766684823136,0.959683921375531,0.6674582256463872,1.37985149266053,0.9463004602391498,False
CRC_vs_Control__Female,"CRC vs Control, females only",PA_[Eubacterium] rectale,[Eubacterium] rectale,Condition,CRC,Control,Gender=Female,245,293,0.7428571428571429,0.7508532423208191,-0.007996099463676187,10,10,0.04536768179268892,0.8313293762848606,0.9571924112321766,0.6404040603228155,1.430686294616278,0.9463004602391498,False
CRC_vs_Control__Female,"CRC vs Control, females only",PA_Lawsonibacter asaccharolyticus,Lawsonibacter asaccharolyticus,Condition,CRC,Control,Gender=Female,245,293,0.7591836734693878,0.7542662116040956,0.004917461865292183,10,10,0.02761100885489808,0.8680266249954756,0.9649335691972634,0.63278004010235,1.471438310243111,0.9702038736354427,False
CRC_vs_Control__Female,"CRC vs Control, females only",PA_Intestinibacter bartlettii,Intestinibacter bartlettii,Condition,CRC,Control,Gender=Female,245,293,0.42448979591836733,0.4334470989761092,-0.008957303057741894,10,10,0.022735682411416654,0.8801464540373989,0.9727893408218461,0.6785217986442397,1.3946775232681548,0.9702038736354427,False
CRC_vs_Control__Female,"CRC vs Control, females only",PA_Firmicutes bacterium CAG:145,Firmicutes bacterium CAG:145,Condition,CRC,Control,Gender=Female,245,293,0.3836734693877551,0.3856655290102389,-0.0019920596224838327,10,10,0.022231430296278,0.8814730845408948,1.0279470000004205,0.716245459209823,1.475297359616926,0.9702038736354427,False
CRC_vs_Control__Female,"CRC vs Control, females only",PA_Firmicutes bacterium CAG:83,Firmicutes bacterium CAG:83,Condition,CRC,Control,Gender=Female,245,293,0.673469387755102,0.6723549488054608,0.00111443894964125,10,10,0.01708576671641824,0.8960027162029105,0.9752054506741974,0.6705631440119546,1.4182492424721,0.9702038736354427,False
CRC_vs_Control__Female,"CRC vs Control, females only",PA_Blautia wexlerae,Blautia wexlerae,Condition,CRC,Control,Gender=Female,245,293,0.9020408163265307,0.8976109215017065,0.004429894824824143,10,10,0.014778476540202845,0.903242141810428,0.9648606825009624,0.5422058083686907,1.7169792766277205,0.9702038736354427,False
CRC_vs_Control__Female,"CRC vs Control, females only",PA_Oscillibacter sp. 57_20,Oscillibacter sp. 57_20,Condition,CRC,Control,Gender=Female,245,293,0.5346938775510204,0.5221843003412969,0.012509577209723455,10,10,0.012461941897890374,0.9111143513227037,0.9796694131928895,0.6848190339330795,1.4014682881017693,0.9702038736354427,False
CRC_vs_Control__Female,"CRC vs Control, females only",PA_Bacteroides salyersiae,Bacteroides salyersiae,Condition,CRC,Control,Gender=Female,245,293,0.1836734693877551,0.17406143344709898,0.009612035940656127,10,10,0.011177942528002053,0.9157999181044832,0.9759917148812921,0.6214209943091757,1.5328735852831488,0.9702038736354427,False
CRC_vs_Control__Female,"CRC vs Control, females only",PA_Coprococcus comes,Coprococcus comes,Condition,CRC,Control,Gender=Female,245,293,0.673469387755102,0.6825938566552902,-0.009124468900188143,10,10,0.006372381229179652,0.9363746940220592,0.9840432564217768,0.6633011853905834,1.4598815015519224,0.9822754143172582,False
CRC_vs_Control__Female,"CRC vs Control, females only",PA_Streptococcus thermophilus,Streptococcus thermophilus,Condition,CRC,Control,Gender=Female,245,293,0.4489795918367347,0.47440273037542663,-0.025423138538691936,10,10,0.0023589617216910304,0.9612626606762777,0.9902759059733376,0.6690583591570038,1.4657112590102057,0.9924852761368236,False
CRC_vs_Control__Female,"CRC vs Control, females only",PA_Bacteroides uniformis,Bacteroides uniformis,Condition,CRC,Control,Gender=Female,245,293,0.926530612244898,0.9146757679180887,0.011854844326809277,10,10,0.0008136933911407823,0.9772431806531845,1.0088519571351124,0.5471562929378756,1.8601307972727756,0.9924852761368236,False
CRC_vs_Control__Female,"CRC vs Control, females only",PA_Dialister invisus,Dialister invisus,Condition,CRC,Control,Gender=Female,245,293,0.24897959183673468,0.2593856655290102,-0.01040607369227553,10,10,0.0006129515162817402,0.9802481054548153,0.9949294925165516,0.6660036596767133,1.4863051887128453,0.9924852761368236,False
CRC_vs_Control__Female,"CRC vs Control, females only",PA_Fusicatenibacter saccharivorans,Fusicatenibacter saccharivorans,Condition,CRC,Control,Gender=Female,245,293,0.8571428571428571,0.8600682593856656,-0.0029254022428084614,10,10,0.0004428944519176146,0.983209712808442,0.9947975260340605,0.61239345142205,1.615990692757193,0.9924852761368236,False
CRC_vs_Control__Female,"CRC vs Control, females only",PA_Phocaeicola massiliensis,Phocaeicola massiliensis,Condition,CRC,Control,Gender=Female,245,293,0.3183673469387755,0.31399317406143346,0.004374172877342042,10,10,5.655103870271389e-06,0.9981025954168372,1.0004332616570129,0.6965365341734083,1.4369191879036676,0.9981025954168372,False
Adenoma_vs_Control__all,"Adenoma vs Control, all samples",PA_Ruminococcus bicirculans,Ruminococcus bicirculans,Condition,Adenoma,Control,none,209,664,0.39712918660287083,0.5481927710843374,-0.15106358448146656,10,5,11.084320593049657,0.00087060714307019,0.5408518619728265,0.37640119806511846,0.7771514493130451,0.04850382770127743,True
Adenoma_vs_Control__all,"Adenoma vs Control, all samples",PA_Streptococcus thermophilus,Streptococcus thermophilus,Condition,Adenoma,Control,none,209,664,0.4354066985645933,0.4759036144578313,-0.040496915893238006,10,5,11.009187873899272,0.000906613601893036,0.5039141439405569,0.3362782883384615,0.7551170363034745,0.04850382770127743,True
Adenoma_vs_Control__all,"Adenoma vs Control, all samples",PA_Ruminococcus bromii,Ruminococcus bromii,Condition,Adenoma,Control,none,209,664,0.5933014354066986,0.6400602409638554,-0.046758805557156835,10,5,7.01983278284316,0.008061175861424186,0.5907335314060799,0.3983121513599921,0.876112124463169,0.25760480432140953,False
Adenoma_vs_Control__all,"Adenoma vs Control, all samples",PA_Veillonella atypica,Veillonella atypica,Condition,Adenoma,Control,none,209,664,0.37320574162679426,0.37801204819277107,-0.004806306565976803,10,5,6.702073403568048,0.009630086142856431,1.6740770464260843,1.1325870626077283,2.474453443709643,0.25760480432140953,False
Adenoma_vs_Control__all,"Adenoma vs Control, all samples",PA_Bacteroides cellulosilyticus,Bacteroides cellulosilyticus,Condition,Adenoma,Control,none,209,664,0.4784688995215311,0.463855421686747,0.014613477834784117,10,5,5.326013150541588,0.021009391188932414,1.5200728184806171,1.063703324841874,2.172242315616617,0.38682078545041776,False
Adenoma_vs_Control__all,"Adenoma vs Control, all samples",PA_Bifidobacterium pseudocatenulatum,Bifidobacterium pseudocatenulatum,Condition,Adenoma,Control,none,209,664,0.3349282296650718,0.4623493975903614,-0.12742116792528962,10,5,5.248714391533071,0.021962992178122698,0.6547702007570236,0.4558250418287276,0.9405451137115949,0.38682078545041776,False
Adenoma_vs_Control__all,"Adenoma vs Control, all samples",PA_Desulfovibrio piger,Desulfovibrio piger,Condition,Adenoma,Control,none,209,664,0.19617224880382775,0.1686746987951807,0.027497550008647037,10,5,4.832257155702938,0.02793203905024544,1.6685616063232285,1.0469580860799852,2.6592256854523724,0.38682078545041776,False
Adenoma_vs_Control__all,"Adenoma vs Control, all samples",PA_Parasutterella excrementihominis,Parasutterella excrementihominis,Condition,Adenoma,Control,none,209,664,0.33014354066985646,0.45933734939759036,-0.1291938087277339,10,5,4.772299015963233,0.02892118022059198,0.6541064038594971,0.44678866944289336,0.9576231825742174,0.38682078545041776,False
Adenoma_vs_Control__all,"Adenoma vs Control, all samples",PA_Lachnospira eligens,Lachnospira eligens,Condition,Adenoma,Control,none,209,664,0.5741626794258373,0.7003012048192772,-0.12613852539343984,10,5,4.183598536434281,0.04081694697835969,0.67640828043271,0.46421196836634576,0.9856018220470881,0.45389214957802215,False
Adenoma_vs_Control__all,"Adenoma vs Control, all samples",PA_Proteobacteria bacterium CAG:139,Proteobacteria bacterium CAG:139,Condition,Adenoma,Control,none,209,664,0.24401913875598086,0.3373493975903614,-0.09333025883438056,10,5,4.1183741530103655,0.042419827063366555,0.6594012723776544,0.43983652897480136,0.9885719110842208,0.45389214957802215,False
Adenoma_vs_Control__all,"Adenoma vs Control, all samples",PA_Holdemanella biformis,Holdemanella biformis,Condition,Adenoma,Control,none,209,664,0.2822966507177033,0.24849397590361447,0.03380267481408886,10,5,3.772454994530171,0.05210310707736643,1.4640528481368515,0.9889398346923859,2.167422796559061,0.5068211324798371,False
Adenoma_vs_Control__all,"Adenoma vs Control, all samples",PA_Prevotella copri,Prevotella copri,Condition,Adenoma,Control,none,209,664,0.36363636363636365,0.42168674698795183,-0.058050383351588186,10,5,3.378346209752487,0.06605830830809967,1.4290530965874182,0.9792918856384252,2.0853769778095645,0.589019915747222,False
Adenoma_vs_Control__all,"Adenoma vs Control, all samples",PA_Methanobrevibacter smithii,Methanobrevibacter smithii,Condition,Adenoma,Control,none,209,664,0.3014354066985646,0.2289156626506024,0.07251974404796221,10,5,2.958668112823233,0.08541827543193592,1.4501518268040925,0.9474292687437872,2.219627776088838,0.6331085163727286,False
Adenoma_vs_Control__all,"Adenoma vs Control, all samples",PA_Bifidobacterium longum,Bifidobacterium longum,Condition,Adenoma,Control,none,209,664,0.722488038277512,0.8012048192771084,-0.07871678099959645,10,5,2.7511459494931176,0.09718475221014378,0.7041811576886808,0.46748494070028673,1.0607210193786392,0.6331085163727286,False
Adenoma_vs_Control__all,"Adenoma vs Control, all samples",PA_Firmicutes bacterium CAG:83,Firmicutes bacterium CAG:83,Condition,Adenoma,Control,none,209,664,0.6985645933014354,0.6566265060240963,0.04193808727733905,10,5,2.6356479123853513,0.104489427214989,1.384185620505987,0.9358702564389523,2.047260097041587,0.6331085163727286,False
Adenoma_vs_Control__all,"Adenoma vs Control, all samples",PA_Bacteroides xylanisolvens,Bacteroides xylanisolvens,Condition,Adenoma,Control,none,209,664,0.583732057416268,0.7108433734939759,-0.12711131607770787,10,5,2.581070541914003,0.10814849716836339,0.7295049706607087,0.49692464874288117,1.0709420503993572,0.6331085163727286,False
Adenoma_vs_Control__all,"Adenoma vs Control, all samples",PA_Phascolarctobacterium faecium,Phascolarctobacterium faecium,Condition,Adenoma,Control,none,209,664,0.215311004784689,0.3629518072289157,-0.14764080244422667,10,5,2.5504360937136856,0.11026381638169014,0.7176229949310758,0.4778930158969145,1.077610983469432,0.6331085163727286,False
Adenoma_vs_Control__all,"Adenoma vs Control, all samples",PA_Gordonibacter pamelaeae,Gordonibacter pamelaeae,Condition,Adenoma,Control,none,209,664,0.7368421052631579,0.7560240963855421,-0.01918199112238428,10,5,2.4325310333665815,0.1188408772436258,0.719443555218921,0.4753329147371024,1.0889189725738115,0.6331085163727286,False
Adenoma_vs_Control__all,"Adenoma vs Control, all samples",PA_Bifidobacterium bifidum,Bifidobacterium bifidum,Condition,Adenoma,Control,none,209,664,0.215311004784689,0.24246987951807228,-0.02715887473338327,10,5,2.418731797770191,0.11989195666285157,0.7141713140410859,0.4685475918057598,1.0885567970448835,0.6331085163727286,False
Adenoma_vs_Control__all,"Adenoma vs Control, all samples",PA_Eubacterium sp. CAG:251,Eubacterium sp. CAG:251,Condition,Adenoma,Control,none,209,664,0.19138755980861244,0.2319277108433735,-0.04054015103476105,10,5,2.142302483942688,0.143286693512784,0.7181011962994163,0.4603444507822332,1.1201814798688452,0.6331085163727286,False
Adenoma_vs_Control__all,"Adenoma vs Control, all samples",PA_Paraprevotella xylaniphila,Paraprevotella xylaniphila,Condition,Adenoma,Control,none,209,664,0.3062200956937799,0.2786144578313253,0.02760563786245457,10,5,2.1400316373471364,0.14349893199279062,1.327395817595709,0.9067888621066623,1.9430980354976233,0.6331085163727286,False
Adenoma_vs_Control__all,"Adenoma vs Control, all samples",PA_Faecalibacterium prausnitzii,Faecalibacterium prausnitzii,Condition,Adenoma,Control,none,209,664,0.9330143540669856,0.9548192771084337,-0.0218049230414481,10,5,2.1279952045837907,0.1446298102694551,0.5926160067827538,0.2920722341617925,1.202420806972683,0.6331085163727286,False
Adenoma_vs_Control__all,"Adenoma vs Control, all samples",PA_Alistipes inops,Alistipes inops,Condition,Adenoma,Control,none,209,664,0.27751196172248804,0.22590361445783133,0.05160834726465671,10,5,2.0986380105198927,0.14743041400519274,1.351382273045446,0.8997252217219491,2.029768649150813,0.6331085163727286,False
Adenoma_vs_Control__all,"Adenoma vs Control, all samples",PA_[Eubacterium] rectale,[Eubacterium] rectale,Condition,Adenoma,Control,none,209,664,0.7990430622009569,0.7590361445783133,0.040006917622643634,10,5,2.0226170303007467,0.15497185256853152,1.3694249539336922,0.8884204365061209,2.11085273075365,0.6331085163727286,False
Adenoma_vs_Control__all,"Adenoma vs Control, all samples",PA_Klebsiella variicola,Klebsiella variicola,Condition,Adenoma,Control,none,209,664,0.1674641148325359,0.19578313253012047,-0.028319017697584575,10,5,2.0108035280209156,0.15618257790142287,1.403364827987592,0.8754505638198752,2.2496219910343864,0.6331085163727286,False
Adenoma_vs_Control__all,"Adenoma vs Control, all samples",PA_Anaerobutyricum hallii,Anaerobutyricum hallii,Condition,Adenoma,Control,none,209,664,0.784688995215311,0.8433734939759037,-0.058684498760592674,10,5,1.9063102497810727,0.16737369872676722,0.7227895705673846,0.45645868788207644,1.1445170772079811,0.6331085163727286,False
Adenoma_vs_Control__all,"Adenoma vs Control, all samples",PA_Phascolarctobacterium succinatutens,Phascolarctobacterium succinatutens,Condition,Adenoma,Control,none,209,664,0.2966507177033493,0.2786144578313253,0.018036259872023952,10,5,1.746663482560974,0.18629672946162545,1.2957672657109929,0.8788158578755695,1.9105399519609858,0.6331085163727286,False
Adenoma_vs_Control__all,"Adenoma vs Control, all samples",PA_Bacteroides thetaiotaomicron,Bacteroides thetaiotaomicron,Condition,Adenoma,Control,none,209,664,0.6698564593301436,0.8087349397590361,-0.1388784804288925,10,5,1.7400039474765658,0.18713832657078067,0.7487009108612155,0.48935058942099796,1.1455039925213186,0.6331085163727286,False
Adenoma_vs_Control__all,"Adenoma vs Control, all samples",PA_Bacteroides finegoldii,Bacteroides finegoldii,Condition,Adenoma,Control,none,209,664,0.2822966507177033,0.2560240963855422,0.026272554332161135,10,5,1.7211345996147722,0.18954706258056908,1.2970868137770344,0.8784774111370486,1.915170704613357,0.6331085163727286,False
Adenoma_vs_Control__all,"Adenoma vs Control, all samples",PA_Bacteroides salyersiae,Bacteroides salyersiae,Condition,Adenoma,Control,none,209,664,0.15311004784688995,0.17921686746987953,-0.02610681962298958,10,5,1.6849025205513029,0.19427429445967792,1.3800095922938487,0.8464100377552968,2.2500045957319066,0.6331085163727286,False
Adenoma_vs_Control__all,"Adenoma vs Control, all samples",PA_Roseburia inulinivorans,Roseburia inulinivorans,Condition,Adenoma,Control,none,209,664,0.7511961722488039,0.8117469879518072,-0.06055081570300336,10,5,1.6734379290567005,0.19579868428769798,0.7483875012375426,0.48227051692754,1.1613478998815183,0.6331085163727286,False
Adenoma_vs_Control__all,"Adenoma vs Control, all samples",PA_Parabacteroides merdae,Parabacteroides merdae,Condition,Adenoma,Control,none,209,664,0.6507177033492823,0.6686746987951807,-0.01795699544589846,10,5,1.6732347974023039,0.19582581965304213,1.283591910894736,0.8804557731943893,1.871312840322119,0.6331085163727286,False
Adenoma_vs_Control__all,"Adenoma vs Control, all samples",PA_Blautia wexlerae,Blautia wexlerae,Condition,Adenoma,Control,none,209,664,0.861244019138756,0.9096385542168675,-0.04839453507811142,10,5,1.672481775826178,0.1959264505530457,0.6787788300946819,0.38172138724320065,1.2070078218885858,0.6331085163727286,False
Adenoma_vs_Control__all,"Adenoma vs Control, all samples",PA_Anaerotignum lactatifermentans,Anaerotignum lactatifermentans,Condition,Adenoma,Control,none,209,664,0.18181818181818182,0.18072289156626506,0.001095290251916764,10,5,1.603300057875012,0.20543617071563003,1.3364781106394883,0.8497786474001308,2.10192824411773,0.6331085163727286,False
Adenoma_vs_Control__all,"Adenoma vs Control, all samples",PA_Intestinibacter bartlettii,Intestinibacter bartlettii,Condition,Adenoma,Control,none,209,664,0.35406698564593303,0.40210843373493976,-0.04804144808900673,10,5,1.5916428680424062,0.20709157077612617,0.7759526739270631,0.5229213247985195,1.1514209186373268,0.6331085163727286,False
Adenoma_vs_Control__all,"Adenoma vs Control, all samples",PA_Eggerthella lenta,Eggerthella lenta,Condition,Adenoma,Control,none,209,664,0.6411483253588517,0.6912650602409639,-0.05011673488211221,10,5,1.5417378871119396,0.2143593094226881,0.7927151024494798,0.5486784526967077,1.1452923484838353,0.637123503006323,False
Adenoma_vs_Control__all,"Adenoma vs Control, all samples",PA_Phocaeicola vulgatus,Phocaeicola vulgatus,Condition,Adenoma,Control,none,209,664,0.7894736842105263,0.8674698795180723,-0.07799619530754598,10,5,1.4845877023921763,0.2230581109105758,0.7426402231352396,0.4610714416378812,1.1961584501074127,0.6450599423630166,False
Adenoma_vs_Control__all,"Adenoma vs Control, all samples",PA_Bacteroides sp. CAG:144,Bacteroides sp. CAG:144,Condition,Adenoma,Control,none,209,664,0.1722488038277512,0.1746987951807229,-0.002449991352971692,10,5,1.4264281186733494,0.23234825706850293,1.3269101497486617,0.8341718005878014,2.1107049462297103,0.6542437764823635,False
Adenoma_vs_Control__all,"Adenoma vs Control, all samples",PA_Klebsiella quasipneumoniae,Klebsiella quasipneumoniae,Condition,Adenoma,Control,none,209,664,0.11483253588516747,0.14909638554216867,-0.0342638496570012,10,5,1.281065567398674,0.2577010050580305,1.3510797171040128,0.7937103486437694,2.2998520872116495,0.7070258343899811,False
Adenoma_vs_Control__all,"Adenoma vs Control, all samples",PA_Bacteroides stercoris,Bacteroides stercoris,Condition,Adenoma,Control,none,209,664,0.507177033492823,0.5496987951807228,-0.042521761687899895,10,5,1.1551985526983957,0.2824635486978827,1.2163159872722282,0.8513431585611217,1.7377535321883961,0.7273032373392679,False
Adenoma_vs_Control__all,"Adenoma vs Control, all samples",PA_Bacteroides eggerthii,Bacteroides eggerthii,Condition,Adenoma,Control,none,209,664,0.3014354066985646,0.2876506024096386,0.013784804288926034,10,5,1.0961161838173648,0.29512002227232237,1.22962320143251,0.8355157661004148,1.8096285897248063,0.7273032373392679,False
Adenoma_vs_Control__all,"Adenoma vs Control, all samples",PA_Bifidobacterium adolescentis,Bifidobacterium adolescentis,Condition,Adenoma,Control,none,209,664,0.5215311004784688,0.588855421686747,-0.06732432120827814,10,5,1.0871440825385386,0.29710485518161045,0.8266442105111088,0.5772913111951582,1.183701603540202,0.7273032373392679,False
Adenoma_vs_Control__all,"Adenoma vs Control, all samples",PA_Streptococcus salivarius,Streptococcus salivarius,Condition,Adenoma,Control,none,209,664,0.8421052631578947,0.9096385542168675,-0.06753329105897277,10,5,1.069642100937851,0.30102630070739633,0.7414892807591823,0.424682884614832,1.294627999853158,0.7273032373392679,False
Adenoma_vs_Control__all,"Adenoma vs Control, all samples",PA_Anaerostipes hadrus,Anaerostipes hadrus,Condition,Adenoma,Control,none,209,664,0.8373205741626795,0.8704819277108434,-0.03316135354816396,10,5,1.0484783277746492,0.30585780207251545,0.7651999240585838,0.45956289222554636,1.2741040098857523,0.7273032373392679,False
Adenoma_vs_Control__all,"Adenoma vs Control, all samples",PA_Lachnospira pectinoschiza,Lachnospira pectinoschiza,Condition,Adenoma,Control,none,209,664,0.430622009569378,0.4608433734939759,-0.0302213639245979,10,5,1.0089483581925487,0.3151549117030622,1.2043713726495042,0.8396732048091069,1.7274701573779683,0.7273032373392679,False
Adenoma_vs_Control__all,"Adenoma vs Control, all samples",PA_Alistipes shahii,Alistipes shahii,Condition,Adenoma,Control,none,209,664,0.6124401913875598,0.6234939759036144,-0.011053784516054654,10,5,0.9929272747250903,0.31902797391751747,1.212575748413349,0.8297626517133327,1.7720006348853699,0.7273032373392679,False
Adenoma_vs_Control__all,"Adenoma vs Control, all samples",PA_Veillonella parvula,Veillonella parvula,Condition,Adenoma,Control,none,209,664,0.45454545454545453,0.4789156626506024,-0.024370208105147895,10,5,0.9911164953556824,0.31946964630790275,1.2035246530593124,0.8367096565163453,1.731151994291872,0.7273032373392679,False
Adenoma_vs_Control__all,"Adenoma vs Control, all samples",PA_Slackia isoflavoniconvertens,Slackia isoflavoniconvertens,Condition,Adenoma,Control,none,209,664,0.4354066985645933,0.34186746987951805,0.09353922868507525,10,5,0.9258652847646719,0.3359396380485793,1.2104500891181984,0.818304267648074,1.7905190968359763,0.7338410620113738,False
Adenoma_vs_Control__all,"Adenoma vs Control, all samples",PA_Bacteroides ovatus,Bacteroides ovatus,Condition,Adenoma,Control,none,209,664,0.69377990430622,0.7891566265060241,-0.09537672219980409,10,5,0.9254116256942332,0.3360580564351151,0.8216424809505232,0.551179736109824,1.2248207295632803,0.7338410620113738,False
Adenoma_vs_Control__all,"Adenoma vs Control, all samples",PA_Eubacterium sp. CAG:274,Eubacterium sp. CAG:274,Condition,Adenoma,Control,none,209,664,0.22009569377990432,0.2816265060240964,-0.061530812244192074,10,5,0.8761591786275416,0.34925581179004606,0.8181196409196706,0.5386417230189691,1.242606575493521,0.7462434610778884,False
Adenoma_vs_Control__all,"Adenoma vs Control, all samples",PA_Eubacterium sp. CAG:180,Eubacterium sp. CAG:180,Condition,Adenoma,Control,none,209,664,0.3684210526315789,0.35240963855421686,0.016011414077362063,10,5,0.8530670289869478,0.3556861356539468,1.195130571263729,0.8214138983412106,1.7388762051063376,0.7462434610778884,False
Adenoma_vs_Control__all,"Adenoma vs Control, all samples",PA_Adlercreutzia equolifaciens_1,Adlercreutzia equolifaciens_1,Condition,Adenoma,Control,none,209,664,0.6746411483253588,0.6204819277108434,0.05415922061451539,10,5,0.7741651249985245,0.37893161379954177,1.1840835770293903,0.8128099116219317,1.7249468754545203,0.7535639643037841,False
Adenoma_vs_Control__all,"Adenoma vs Control, all samples",PA_Eubacterium ventriosum,Eubacterium ventriosum,Condition,Adenoma,Control,none,209,664,0.49282296650717705,0.5737951807228916,-0.08097221421571454,10,5,0.760130595349866,0.38328765626101124,0.8478739551539444,0.5858603388007179,1.2270676067610125,0.7535639643037841,False
Adenoma_vs_Control__all,"Adenoma vs Control, all samples",PA_Klebsiella pneumoniae,Klebsiella pneumoniae,Condition,Adenoma,Control,none,209,664,0.17703349282296652,0.22740963855421686,-0.05037614573125035,10,5,0.7300553723740304,0.3928652407398876,1.2199778335725215,0.7715936050103227,1.9289246369381083,0.7535639643037841,False
Adenoma_vs_Control__all,"Adenoma vs Control, all samples",PA_Agathobaculum butyriciproducens,Agathobaculum butyriciproducens,Condition,Adenoma,Control,none,209,664,0.8803827751196173,0.8780120481927711,0.002370726926846145,10,5,0.7292273432320643,0.3931337513105131,1.2487857969430907,0.747846761791808,2.0852747465408266,0.7535639643037841,False
Adenoma_vs_Control__all,"Adenoma vs Control, all samples",PA_Phocaeicola plebeius,Phocaeicola plebeius,Condition,Adenoma,Control,none,209,664,0.2727272727272727,0.3072289156626506,-0.034501642935377885,10,5,0.7253683558424795,0.394388616831887,1.189939933334014,0.7993565040350863,1.7713711439080337,0.7535639643037841,False
Adenoma_vs_Control__all,"Adenoma vs Control, all samples",PA_Blautia sp. CAG:257,Blautia sp. CAG:257,Condition,Adenoma,Control,none,209,664,0.32057416267942584,0.34789156626506024,-0.027317403585634392,10,5,0.6998488080118268,0.40283450160582945,0.8558671523450389,0.5937225392832702,1.2337557259447745,0.75619809950568,False
Adenoma_vs_Control__all,"Adenoma vs Control, all samples",PA_Eubacterium sp. CAG:38,Eubacterium sp. CAG:38,Condition,Adenoma,Control,none,209,664,0.5406698564593302,0.5647590361445783,-0.024089179685248152,10,5,0.6570358582496815,0.4176083512532285,1.1620738354850741,0.8087060119937921,1.6698473599691224,0.7600823572760305,False
Adenoma_vs_Control__all,"Adenoma vs Control, all samples",PA_Firmicutes bacterium CAG:145,Firmicutes bacterium CAG:145,Condition,Adenoma,Control,none,209,664,0.3923444976076555,0.34186746987951805,0.05047702772813745,10,5,0.6421411451822729,0.4229365193947098,1.1681646179355276,0.8017760891824084,1.701982128187414,0.7600823572760305,False
Adenoma_vs_Control__all,"Adenoma vs Control, all samples",PA_Erysipelatoclostridium ramosum,Erysipelatoclostridium ramosum,Condition,Adenoma,Control,none,209,664,0.3923444976076555,0.46686746987951805,-0.07452297227186255,10,5,0.6331166490838297,0.4262144059491759,0.8617994410752233,0.5977659965188407,1.2424565481522143,0.7600823572760305,False
Adenoma_vs_Control__all,"Adenoma vs Control, all samples",PA_[Ruminococcus] torques,[Ruminococcus] torques,Condition,Adenoma,Control,none,209,664,0.6507177033492823,0.6340361445783133,0.016681558770968996,10,5,0.5896047247814221,0.4425720099048822,1.163109659421575,0.792518808430224,1.7069930271047686,0.7742341372711637,False
Adenoma_vs_Control__all,"Adenoma vs Control, all samples",PA_Phocaeicola dorei,Phocaeicola dorei,Condition,Adenoma,Control,none,209,664,0.6555023923444976,0.6686746987951807,-0.013172306450683124,10,5,0.5741319392187587,0.4486216496337584,1.157157733653058,0.7929911715222796,1.6885610693276945,0.7742341372711637,False
Adenoma_vs_Control__all,"Adenoma vs Control, all samples",PA_[Ruminococcus] lactaris,[Ruminococcus] lactaris,Condition,Adenoma,Control,none,209,664,0.3684210526315789,0.4036144578313253,-0.0351934051997464,10,5,0.5422822394169455,0.46148842849221705,0.8623879148123458,0.583085309341159,1.2754787399029541,0.783797807121702,False
Adenoma_vs_Control__all,"Adenoma vs Control, all samples",PA_Lawsonibacter asaccharolyticus,Lawsonibacter asaccharolyticus,Condition,Adenoma,Control,none,209,664,0.69377990430622,0.7364457831325302,-0.04266587882631012,10,5,0.4980283190012209,0.48036774514347036,1.1679814332622565,0.7602606385512821,1.7943591437863666,0.7942895946298006,False
Adenoma_vs_Control__all,"Adenoma vs Control, all samples",PA_Coprococcus eutactus,Coprococcus eutactus,Condition,Adenoma,Control,none,209,664,0.2727272727272727,0.24397590361445784,0.028751369112814867,10,5,0.485489383374097,0.48594631654999143,1.1699173920043566,0.7537426105963253,1.8158807593900255,0.7942895946298006,False
Adenoma_vs_Control__all,"Adenoma vs Control, all samples",PA_Acidaminococcus intestini,Acidaminococcus intestini,Condition,Adenoma,Control,none,209,664,0.1339712918660287,0.1716867469879518,-0.03771545512192309,10,5,0.47427778074629817,0.49102574407141886,0.8376568988477521,0.5074255760109379,1.3828019582759625,0.7942895946298006,False
Adenoma_vs_Control__all,"Adenoma vs Control, all samples",PA_Blautia obeum,Blautia obeum,Condition,Adenoma,Control,none,209,664,0.7942583732057417,0.8253012048192772,-0.031042831613535493,10,5,0.4605674264257113,0.4973589050485667,0.8546297505747515,0.5452090619656433,1.3396549351806044,0.7942895946298006,False
Adenoma_vs_Control__all,"Adenoma vs Control, all samples",PA_Coprococcus catus,Coprococcus catus,Condition,Adenoma,Control,none,209,664,0.6267942583732058,0.6039156626506024,0.022878595722603423,10,5,0.4081899737983644,0.5228896357013348,1.1295472657839585,0.7788463845796931,1.638162609342467,0.822024581029088,False
Adenoma_vs_Control__all,"Adenoma vs Control, all samples",PA_Odoribacter splanchnicus,Odoribacter splanchnicus,Condition,Adenoma,Control,none,209,664,0.6889952153110048,0.7183734939759037,-0.029378278664898838,10,5,0.38637852737237316,0.5342091707086882,1.1504847574499253,0.7444822454020558,1.7779002592732058,0.822024581029088,False
Adenoma_vs_Control__all,"Adenoma vs Control, all samples",PA_Parvimonas micra,Parvimonas micra,Condition,Adenoma,Control,none,209,664,0.13875598086124402,0.13253012048192772,0.0062258603793163,10,5,0.36620993201236873,0.5450774629212167,0.8574414232700553,0.521324381245056,1.4102655098990742,0.822024581029088,False
Adenoma_vs_Control__all,"Adenoma vs Control, all samples",PA_Phocaeicola massiliensis,Phocaeicola massiliensis,Condition,Adenoma,Control,none,209,664,0.32057416267942584,0.3509036144578313,-0.03032945177840546,10,5,0.36552158981411736,0.5454555631127593,1.1236376723696997,0.7704918868472694,1.6386436253528878,0.822024581029088,False
Adenoma_vs_Control__all,"Adenoma vs Control, all samples",PA_Oscillibacter sp. CAG:241,Oscillibacter sp. CAG:241,Condition,Adenoma,Control,none,209,664,0.45933014354066987,0.4864457831325301,-0.027115639591860252,10,5,0.33718127300539047,0.5614607808857253,0.8895157484816677,0.602201366766512,1.3139097824460495,0.8236083089318319,False
Adenoma_vs_Control__all,"Adenoma vs Control, all samples",PA_Roseburia hominis,Roseburia hominis,Condition,Adenoma,Control,none,209,664,0.6889952153110048,0.7259036144578314,-0.03690839914682653,10,5,0.3306735067670812,0.565262771771269,0.8940585856657166,0.611573240518469,1.3070237571626424,0.8236083089318319,False
Adenoma_vs_Control__all,"Adenoma vs Control, all samples",PA_[Eubacterium] siraeum,[Eubacterium] siraeum,Condition,Adenoma,Control,none,209,664,0.48325358851674644,0.44879518072289154,0.034458407793854895,10,5,0.3233551421175668,0.5695982697285566,1.1173183542349148,0.7644381144004714,1.633095316930012,0.8236083089318319,False
Adenoma_vs_Control__all,"Adenoma vs Control, all samples",PA_Dialister invisus,Dialister invisus,Condition,Adenoma,Control,none,209,664,0.2631578947368421,0.24096385542168675,0.022194039315155345,10,5,0.293118446882601,0.5882290516841764,1.1160724379386442,0.749277911379549,1.662424139039296,0.8268752884288768,False
Adenoma_vs_Control__all,"Adenoma vs Control, all samples",PA_Bacteroides intestinalis,Bacteroides intestinalis,Condition,Adenoma,Control,none,209,664,0.19138755980861244,0.24849397590361447,-0.05710641609500203,10,5,0.2727997755638309,0.6014598127553837,0.8914133342799835,0.5792991328902894,1.3716881096776063,0.8268752884288768,False
Adenoma_vs_Control__all,"Adenoma vs Control, all samples",PA_Akkermansia muciniphila,Akkermansia muciniphila,Condition,Adenoma,Control,none,209,664,0.5167464114832536,0.49849397590361444,0.01825243557963918,10,5,0.2720051950088972,0.6019898314119598,0.9072553112530044,0.6292836677891439,1.3080145599338655,0.8268752884288768,False
Adenoma_vs_Control__all,"Adenoma vs Control, all samples",PA_Barnesiella intestinihominis,Barnesiella intestinihominis,Condition,Adenoma,Control,none,209,664,0.5406698564593302,0.5436746987951807,-0.0030048423358505216,10,5,0.26670413678552657,0.6055512833999209,0.9073644080714311,0.627859026355474,1.3112978144375462,0.8268752884288768,False
Adenoma_vs_Control__all,"Adenoma vs Control, all samples",PA_Clostridium sp. CAG:58,Clostridium sp. CAG:58,Condition,Adenoma,Control,none,209,664,0.3923444976076555,0.39156626506024095,0.000778232547414548,10,5,0.25945226162978047,0.6104967082792642,1.1007584818503922,0.7612752583849924,1.591630914074465,0.8268752884288768,False
Adenoma_vs_Control__all,"Adenoma vs Control, all samples",PA_Megamonas funiformis,Megamonas funiformis,Condition,Adenoma,Control,none,209,664,0.10526315789473684,0.125,-0.019736842105263164,10,5,0.24329549264267078,0.6218360027280074,1.1501497139740942,0.6625302152287417,1.996655147415386,0.829095795828021,False
Adenoma_vs_Control__all,"Adenoma vs Control, all samples",PA_[Ruminococcus] gnavus,[Ruminococcus] gnavus,Condition,Adenoma,Control,none,209,664,0.6650717703349283,0.6957831325301205,-0.030711362195192216,10,5,0.22468271990040667,0.6354948524387343,1.1010919490282642,0.7415027447517285,1.635062700436532,0.829095795828021,False
Adenoma_vs_Control__all,"Adenoma vs Control, all samples",PA_Dorea longicatena,Dorea longicatena,Condition,Adenoma,Control,none,209,664,0.7607655502392344,0.7740963855421686,-0.013330835302934219,10,5,0.22251802320388459,0.6371279725943889,0.9041732547048645,0.5957911161134729,1.3721743282386965,0.829095795828021,False
Adenoma_vs_Control__all,"Adenoma vs Control, all samples",PA_Gemmiger formicilis,Gemmiger formicilis,Condition,Adenoma,Control,none,209,664,0.7511961722488039,0.7289156626506024,0.022280509598201492,10,5,0.21467140680885033,0.6431303836796798,1.098509757717588,0.7382415539956158,1.63459193169167,0.829095795828021,False
Adenoma_vs_Control__all,"Adenoma vs Control, all samples",PA_Phocaeicola coprocola,Phocaeicola coprocola,Condition,Adenoma,Control,none,209,664,0.1674641148325359,0.16265060240963855,0.004813512422897348,10,5,0.19004514611162854,0.6628790454616545,1.107765274188261,0.6988078222191045,1.7560534723273802,0.8386001922763636,False
Adenoma_vs_Control__all,"Adenoma vs Control, all samples",PA_Collinsella aerofaciens,Collinsella aerofaciens,Condition,Adenoma,Control,none,209,664,0.8277511961722488,0.8057228915662651,0.022028304605983706,10,5,0.18610575477907076,0.6661777228363636,1.1064480574668023,0.7009265330322056,1.7465843368434883,0.8386001922763636,False
Adenoma_vs_Control__all,"Adenoma vs Control, all samples",PA_Enterocloster bolteae,Enterocloster bolteae,Condition,Adenoma,Control,none,209,664,0.48325358851674644,0.5993975903614458,-0.11614400184469936,10,5,0.15547863203158302,0.6933538137861561,0.9236227457269962,0.6242182296051835,1.366635794926793,0.8589695997182166,False
Adenoma_vs_Control__all,"Adenoma vs Control, all samples",PA_Escherichia coli,Escherichia coli,Condition,Adenoma,Control,none,209,664,0.6746411483253588,0.661144578313253,0.013496570012105802,10,5,0.14903457067429016,0.6994596694946157,1.0762059765837297,0.7414919244150251,1.5620120272358695,0.8589695997182166,False
Adenoma_vs_Control__all,"Adenoma vs Control, all samples",PA_Bacteroides caccae,Bacteroides caccae,Condition,Adenoma,Control,none,209,664,0.5789473684210527,0.5813253012048193,-0.002377932783766634,10,5,0.14185654420512067,0.7064422876187202,1.0711910610635977,0.7493169292948121,1.5313283931572597,0.8589695997182166,False
Adenoma_vs_Control__all,"Adenoma vs Control, all samples",PA_Alistipes putredinis,Alistipes putredinis,Condition,Adenoma,Control,none,209,664,0.6889952153110048,0.7213855421686747,-0.03239032685766985,10,5,0.13344655924734222,0.7148849558216251,0.9294313797268607,0.628857768926875,1.3736694246380943,0.8594684300327403,False
Adenoma_vs_Control__all,"Adenoma vs Control, all samples",PA_Oscillibacter sp. 57_20,Oscillibacter sp. 57_20,Condition,Adenoma,Control,none,209,664,0.46411483253588515,0.5346385542168675,-0.07052372168098231,10,5,0.09002018768035823,0.7641514927395955,1.0580586391901428,0.7337910579994082,1.5256224122123323,0.892460951260874,False
Adenoma_vs_Control__all,"Adenoma vs Control, all samples",PA_Roseburia intestinalis,Roseburia intestinalis,Condition,Adenoma,Control,none,209,664,0.6555023923444976,0.6566265060240963,-0.0011241136795987483,10,5,0.089880957531969,0.7643285480273773,1.0593474360825366,0.7280752433308973,1.541347546993321,0.892460951260874,False
Adenoma_vs_Control__all,"Adenoma vs Control, all samples",PA_Firmicutes bacterium CAG:110,Firmicutes bacterium CAG:110,Condition,Adenoma,Control,none,209,664,0.3588516746411483,0.3433734939759036,0.0154781806652447,10,5,0.08752337492422788,0.7673496029532748,1.0616656987812083,0.717195707203518,1.5715850564185618,0.892460951260874,False
Adenoma_vs_Control__all,"Adenoma vs Control, all samples",PA_Eubacterium ramulus,Eubacterium ramulus,Condition,Adenoma,Control,none,209,664,0.6363636363636364,0.641566265060241,-0.005202628696604594,10,5,0.05494321189016914,0.8146747038937932,0.9559492842648194,0.6568979376672894,1.391143101060044,0.9373139066304932,False
Adenoma_vs_Control__all,"Adenoma vs Control, all samples",PA_Coprococcus comes,Coprococcus comes,Condition,Adenoma,Control,none,209,664,0.7081339712918661,0.6701807228915663,0.03795324840029979,10,5,0.04333902892022212,0.8350882056685662,1.0439267006999589,0.6971184631262957,1.5632679581416675,0.9505791277291127,False
Adenoma_vs_Control__all,"Adenoma vs Control, all samples",PA_Fusicatenibacter saccharivorans,Fusicatenibacter saccharivorans,Condition,Adenoma,Control,none,209,664,0.8708133971291866,0.875,-0.004186602870813405,10,5,0.0303258756309711,0.861752874593076,0.9562479389448454,0.5755862385488165,1.5886587612686849,0.9706058692785172,False
Adenoma_vs_Control__all,"Adenoma vs Control, all samples",PA_Coprobacter fastidiosus,Coprobacter fastidiosus,Condition,Adenoma,Control,none,209,664,0.2535885167464115,0.32228915662650603,-0.06870063988009456,10,5,0.02246926628892218,0.8808454689256245,0.96916976614734,0.6445469480739026,1.4572872285269007,0.9817756789066857,False
Adenoma_vs_Control__all,"Adenoma vs Control, all samples",PA_Roseburia faecis,Roseburia faecis,Condition,Adenoma,Control,none,209,664,0.6794258373205742,0.7108433734939759,-0.031417536173401706,10,5,0.009947076850739317,0.9205546867096489,0.9807203110443201,0.6686649660597755,1.4384069411659388,0.9851404454675365,False
Adenoma_vs_Control__all,"Adenoma vs Control, all samples",PA_Ruthenibacterium lactatiformans,Ruthenibacterium lactatiformans,Condition,Adenoma,Control,none,209,664,0.9090909090909091,0.891566265060241,0.017524644030668113,10,5,0.005917437600636461,0.9386833025468393,1.0235155652481822,0.5686642698780129,1.8421838117770768,0.9851404454675365,False
Adenoma_vs_Control__all,"Adenoma vs Control, all samples",PA_Dorea formicigenerans,Dorea formicigenerans,Condition,Adenoma,Control,none,209,664,0.7416267942583732,0.7695783132530121,-0.02795151899463888,10,5,0.0054007708756621045,0.9414162513416804,1.0155680048591482,0.6741457724284681,1.5299040870319007,0.9851404454675365,False
Adenoma_vs_Control__all,"Adenoma vs Control, all samples",PA_Bacteroides uniformis,Bacteroides uniformis,Condition,Adenoma,Control,none,209,664,0.9090909090909091,0.9382530120481928,-0.02916210295728372,10,5,0.005356667706054409,0.9416555131441882,1.0246317767736361,0.5440703776587147,1.9296589578947136,0.9851404454675365,False
Adenoma_vs_Control__all,"Adenoma vs Control, all samples",PA_Flavonifractor plautii,Flavonifractor plautii,Condition,Adenoma,Control,none,209,664,0.7751196172248804,0.8644578313253012,-0.08933821410042075,10,5,0.003908129881426344,0.9501526873742282,0.9840152013793594,0.5925164206032882,1.634192543659418,0.9851404454675365,False
Adenoma_vs_Control__all,"Adenoma vs Control, all samples",PA_Alistipes finegoldii,Alistipes finegoldii,Condition,Adenoma,Control,none,209,664,0.6124401913875598,0.6566265060240963,-0.04418631463653655,10,5,0.0037369228647161725,0.9512553778651759,1.0118705784173398,0.6943829921391812,1.474520659430864,0.9851404454675365,False
Adenoma_vs_Control__all,"Adenoma vs Control, all samples",PA_Butyricimonas virosa,Butyricimonas virosa,Condition,Adenoma,Control,none,209,664,0.4688995215311005,0.516566265060241,-0.047666743529140465,10,5,0.0032717067656208515,0.9543868058978006,1.0112214824166947,0.6904645241299415,1.4809868585059642,0.9851404454675365,False
Adenoma_vs_Control__all,"Adenoma vs Control, all samples",PA_Adlercreutzia equolifaciens,Adlercreutzia equolifaciens,Condition,Adenoma,Control,none,209,664,0.631578947368421,0.6114457831325302,0.020133164235890844,10,5,0.002671760792150187,0.9587764400412465,1.0099390283347953,0.6941800996029023,1.4693259595561678,0.9851404454675365,False
Adenoma_vs_Control__all,"Adenoma vs Control, all samples",PA_Bacteroides fragilis,Bacteroides fragilis,Condition,Adenoma,Control,none,209,664,0.44019138755980863,0.48343373493975905,-0.04324234737995042,10,5,0.0013912045070427661,0.9702467192626032,1.0068432209102935,0.7044379500210122,1.4390668070378323,0.9851404454675365,False
Adenoma_vs_Control__all,"Adenoma vs Control, all samples",PA_Streptococcus parasanguinis,Streptococcus parasanguinis,Condition,Adenoma,Control,none,209,664,0.7703349282296651,0.8012048192771084,-0.03086989104744331,10,5,0.000844141791969114,0.9768214286022678,0.9933670328177795,0.6378112541709745,1.5471317814418484,0.9851404454675365,False
Adenoma_vs_Control__all,"Adenoma vs Control, all samples",PA_Parabacteroides distasonis,Parabacteroides distasonis,Condition,Adenoma,Control,none,209,664,0.7511961722488039,0.8313253012048193,-0.08012912895601543,10,5,0.0003468819264172251,0.9851404454675365,0.9954648390741612,0.6246425806871733,1.5864276251273088,0.9851404454675365,False
CRC_vs_Adenoma__all,"CRC vs Adenoma, all samples",PA_Parvimonas micra,Parvimonas micra,Condition,CRC,Adenoma,none,671,209,0.4157973174366617,0.13875598086124402,0.2770413365754177,10,5,29.667159502330602,5.1296527470157116e-08,3.6577016638632878,2.262772903561955,5.912560399131521,5.4887284393068114e-06,True
CRC_vs_Adenoma__all,"CRC vs Adenoma, all samples",PA_Streptococcus salivarius,Streptococcus salivarius,Condition,CRC,Adenoma,none,671,209,0.8286140089418778,0.8421052631578947,-0.013491254216016935,10,5,9.240947274823437,0.0023666249325222655,0.4398197315189312,0.25720941870093467,0.752077420844005,0.1266144338899412,False
CRC_vs_Adenoma__all,"CRC vs Adenoma, all samples",PA_Roseburia intestinalis,Roseburia intestinalis,Condition,CRC,Adenoma,none,671,209,0.5499254843517138,0.6555023923444976,-0.10557690799278374,10,5,7.498551970604,0.006174862165402861,0.5972975317000655,0.4127593437257436,0.8643398309404268,0.2202367505660354,False
CRC_vs_Adenoma__all,"CRC vs Adenoma, all samples",PA_Phocaeicola plebeius,Phocaeicola plebeius,Condition,CRC,Adenoma,none,671,209,0.4008941877794337,0.2727272727272727,0.128166915052161,10,5,6.263150641702069,0.012327478000346614,1.6359900895714012,1.110801002908281,2.409489698126279,0.32976003650927194,False
CRC_vs_Adenoma__all,"CRC vs Adenoma, all samples",PA_Eubacterium sp. CAG:38,Eubacterium sp. CAG:38,Condition,CRC,Adenoma,none,671,209,0.503725782414307,0.5406698564593302,-0.0369440740450232,10,5,5.789370317908384,0.016123363356595588,0.6371785287144874,0.4410604998073058,0.92050065157078,0.3450399758311456,False
CRC_vs_Adenoma__all,"CRC vs Adenoma, all samples",PA_Prevotella copri,Prevotella copri,Condition,CRC,Adenoma,none,671,209,0.4873323397913562,0.36363636363636365,0.12369597615499256,10,5,4.978911455835052,0.025658122673741457,1.509029515124569,1.0428002711449165,2.183706832965175,0.4575698543483893,False
CRC_vs_Adenoma__all,"CRC vs Adenoma, all samples",PA_Adlercreutzia equolifaciens_1,Adlercreutzia equolifaciens_1,Condition,CRC,Adenoma,none,671,209,0.5767511177347243,0.6746411483253588,-0.0978900305906345,10,5,3.839730702366241,0.050051559626974496,0.6867419698419283,0.4704997013730949,1.0023694632876992,0.45915780054271904,False
CRC_vs_Adenoma__all,"CRC vs Adenoma, all samples",PA_Firmicutes bacterium CAG:83,Firmicutes bacterium CAG:83,Condition,CRC,Adenoma,none,671,209,0.6512667660208644,0.6985645933014354,-0.04729782728057097,10,5,3.680085188986964,0.05506603656195885,0.6817986953659818,0.4605504632427489,1.0093344771162243,0.45915780054271904,False
CRC_vs_Adenoma__all,"CRC vs Adenoma, all samples",PA_Enterocloster bolteae,Enterocloster bolteae,Condition,CRC,Adenoma,none,671,209,0.6870342771982116,0.48325358851674644,0.2037806886814652,10,5,3.5848882215289417,0.05830733924679765,1.466304033951059,0.9896394436156861,2.172556413198191,0.45915780054271904,False
CRC_vs_Adenoma__all,"CRC vs Adenoma, all samples",PA_Bacteroides thetaiotaomicron,Bacteroides thetaiotaomicron,Condition,CRC,Adenoma,none,671,209,0.8479880774962743,0.6698564593301436,0.17813161816613066,10,5,3.5799233150556558,0.05848185089536462,1.55651375542506,0.9867044365016384,2.4553807413871915,0.45915780054271904,False
CRC_vs_Adenoma__all,"CRC vs Adenoma, all samples",PA_Butyricimonas virosa,Butyricimonas virosa,Condition,CRC,Adenoma,none,671,209,0.5901639344262295,0.4688995215311005,0.12126441289512901,10,5,3.575493886648257,0.05863800948483,1.434859979024106,0.9849419667744214,2.090298950452361,0.45915780054271904,False
CRC_vs_Adenoma__all,"CRC vs Adenoma, all samples",PA_Bacteroides ovatus,Bacteroides ovatus,Condition,CRC,Adenoma,none,671,209,0.8107302533532041,0.69377990430622,0.11695034904698409,10,5,3.4706285201486864,0.062467570955764606,1.4715248041948619,0.9751246932484186,2.2206239513299684,0.45915780054271904,False
CRC_vs_Adenoma__all,"CRC vs Adenoma, all samples",PA_Escherichia coli,Escherichia coli,Condition,CRC,Adenoma,none,671,209,0.7481371087928465,0.6746411483253588,0.07349596046748763,10,5,3.311618351264256,0.06879171502257153,1.4499143492996003,0.9700188857992427,2.1672275159599006,0.45915780054271904,False
CRC_vs_Adenoma__all,"CRC vs Adenoma, all samples",PA_Phascolarctobacterium faecium,Phascolarctobacterium faecium,Condition,CRC,Adenoma,none,671,209,0.3949329359165425,0.215311004784689,0.17962193113185349,10,5,3.275127153490771,0.07033747579746952,1.463604298709423,0.9694139927015789,2.209724183195415,0.45915780054271904,False
CRC_vs_Adenoma__all,"CRC vs Adenoma, all samples",PA_Oscillibacter sp. CAG:241,Oscillibacter sp. CAG:241,Condition,CRC,Adenoma,none,671,209,0.4977645305514158,0.45933014354066987,0.03843438701074592,10,5,3.0902191793543645,0.07876419817586766,1.443623589395984,0.9611356301604276,2.1683194363657976,0.45915780054271904,False
CRC_vs_Adenoma__all,"CRC vs Adenoma, all samples",PA_Akkermansia muciniphila,Akkermansia muciniphila,Condition,CRC,Adenoma,none,671,209,0.5409836065573771,0.5167464114832536,0.024237195074123474,10,5,3.012396576705205,0.08263003839653105,1.4049029124241648,0.9559785074035805,2.064640761326919,0.45915780054271904,False
CRC_vs_Adenoma__all,"CRC vs Adenoma, all samples",PA_Bacteroides fragilis,Bacteroides fragilis,Condition,CRC,Adenoma,none,671,209,0.5782414307004471,0.44019138755980863,0.13805004314063846,10,5,2.9895539379388367,0.08380325000915567,1.3802434844416043,0.9578603666274322,1.9888828713637494,0.45915780054271904,False
CRC_vs_Adenoma__all,"CRC vs Adenoma, all samples",PA_Phocaeicola vulgatus,Phocaeicola vulgatus,Condition,CRC,Adenoma,none,671,209,0.8777943368107303,0.7894736842105263,0.08832065260020394,10,5,2.963548744583005,0.08516084336468244,1.5301129235047648,0.9411943732745297,2.4875260893568885,0.45915780054271904,False
CRC_vs_Adenoma__all,"CRC vs Adenoma, all samples",PA_Phocaeicola dorei,Phocaeicola dorei,Condition,CRC,Adenoma,none,671,209,0.6453055141579732,0.6555023923444976,-0.010196878186524372,10,5,2.923717856591126,0.08728653806489073,0.7115491014832956,0.48188045548025915,1.050679931222956,0.45915780054271904,False
CRC_vs_Adenoma__all,"CRC vs Adenoma, all samples",PA_Bacteroides xylanisolvens,Bacteroides xylanisolvens,Condition,CRC,Adenoma,none,671,209,0.7347242921013413,0.583732057416268,0.15099223468507328,10,5,2.90134845672237,0.08850548567235728,1.4011547618350808,0.9483676033831029,2.0701199193326443,0.45915780054271904,False
CRC_vs_Adenoma__all,"CRC vs Adenoma, all samples",PA_Flavonifractor plautii,Flavonifractor plautii,Condition,CRC,Adenoma,none,671,209,0.910581222056632,0.7751196172248804,0.13546160483175151,10,5,2.872316409633458,0.0901150823495056,1.6614648848444509,0.9243635038826953,2.9863420093676667,0.45915780054271904,False
CRC_vs_Adenoma__all,"CRC vs Adenoma, all samples",PA_Streptococcus thermophilus,Streptococcus thermophilus,Condition,CRC,Adenoma,none,671,209,0.4157973174366617,0.4354066985645933,-0.01960938112793159,10,5,2.684492385884991,0.10132951117038169,1.3846174893051753,0.9410701302187983,2.0372186196623066,0.46957352422971477,False
CRC_vs_Adenoma__all,"CRC vs Adenoma, all samples",PA_Parabacteroides merdae,Parabacteroides merdae,Condition,CRC,Adenoma,none,671,209,0.736214605067064,0.6507177033492823,0.08549690171778179,10,5,2.6672018427053246,0.10243597740779686,1.3832579481481668,0.9379314167260103,2.0400239473735655,0.46957352422971477,False
CRC_vs_Adenoma__all,"CRC vs Adenoma, all samples",PA_Firmicutes bacterium CAG:110,Firmicutes bacterium CAG:110,Condition,CRC,Adenoma,none,671,209,0.28614008941877794,0.3588516746411483,-0.07271158522237037,10,5,2.623003604735109,0.10532490263096406,0.7072105231806917,0.46790609848720244,1.0689040508652121,0.46957352422971477,False
CRC_vs_Adenoma__all,"CRC vs Adenoma, all samples",PA_Megamonas funiformis,Megamonas funiformis,Condition,CRC,Adenoma,none,671,209,0.19225037257824143,0.10526315789473684,0.0869872146835046,10,5,2.4929808501764446,0.11435495395409856,1.5290264261820374,0.9014265928931805,2.5935798104860863,0.48666599745323846,False
CRC_vs_Adenoma__all,"CRC vs Adenoma, all samples",PA_Ruminococcus bromii,Ruminococcus bromii,Condition,CRC,Adenoma,none,671,209,0.6184798807749627,0.5933014354066986,0.02517844536826419,10,5,2.4005786774396203,0.12129037596257919,1.3651279869756259,0.9195758655367061,2.0265586458562157,0.48666599745323846,False
CRC_vs_Adenoma__all,"CRC vs Adenoma, all samples",PA_Methanobrevibacter smithii,Methanobrevibacter smithii,Condition,CRC,Adenoma,none,671,209,0.31594634873323396,0.3014354066985646,0.01451094203466935,10,5,2.3811950797363806,0.12280356945081716,1.3974387895640321,0.9039356604193828,2.160369654707687,0.48666599745323846,False
CRC_vs_Adenoma__all,"CRC vs Adenoma, all samples",PA_Bifidobacterium adolescentis,Bifidobacterium adolescentis,Condition,CRC,Adenoma,none,671,209,0.5678092399403875,0.5215311004784688,0.04627813946191861,10,5,2.0586661933092816,0.15134259272808692,1.3024801255370113,0.9073568258465873,1.8696662978603515,0.575368547697647,False
CRC_vs_Adenoma__all,"CRC vs Adenoma, all samples",PA_Parasutterella excrementihominis,Parasutterella excrementihominis,Condition,CRC,Adenoma,none,671,209,0.4113263785394933,0.33014354066985646,0.08118283786963681,10,5,1.976625243045267,0.15974638228456328,1.3028668369486374,0.8977511758751232,1.890793396250214,0.575368547697647,False
CRC_vs_Adenoma__all,"CRC vs Adenoma, all samples",PA_Clostridium sp. CAG:58,Clostridium sp. CAG:58,Condition,CRC,Adenoma,none,671,209,0.45156482861400893,0.3923444976076555,0.05922033100635343,10,5,1.9618248879178763,0.16131828440120943,1.3025098028990774,0.8980882118044029,1.8890480515712254,0.575368547697647,False
CRC_vs_Adenoma__all,"CRC vs Adenoma, all samples",PA_Eubacterium sp. CAG:180,Eubacterium sp. CAG:180,Condition,CRC,Adenoma,none,671,209,0.4336810730253353,0.3684210526315789,0.06526002039375639,10,5,1.7969818746055515,0.18007780020055275,1.2871721173596233,0.8866742462492547,1.8685690564675612,0.6184226084677702,False
CRC_vs_Adenoma__all,"CRC vs Adenoma, all samples",PA_[Ruminococcus] gnavus,[Ruminococcus] gnavus,Condition,CRC,Adenoma,none,671,209,0.7540983606557377,0.6650717703349283,0.0890265903208094,10,5,1.7574026381000065,0.18494881748568825,1.3175249295379288,0.8808409695628308,1.9706984574246733,0.6184226084677702,False
CRC_vs_Adenoma__all,"CRC vs Adenoma, all samples",PA_Alistipes finegoldii,Alistipes finegoldii,Condition,CRC,Adenoma,none,671,209,0.6929955290611028,0.6124401913875598,0.08055533767354306,10,5,1.633171159343605,0.20126499314345891,1.285602431631293,0.8741947058340312,1.8906241380625315,0.6525864929197002,False
CRC_vs_Adenoma__all,"CRC vs Adenoma, all samples",PA_Acidaminococcus intestini,Acidaminococcus intestini,Condition,CRC,Adenoma,none,671,209,0.19374068554396423,0.1339712918660287,0.05976939367793552,10,5,1.5610213521292715,0.21151573733256357,1.3533871386256753,0.8338231646985756,2.1966968831569105,0.6656524674877736,False
CRC_vs_Adenoma__all,"CRC vs Adenoma, all samples",PA_[Ruminococcus] torques,[Ruminococcus] torques,Condition,CRC,Adenoma,none,671,209,0.6408345752608048,0.6507177033492823,-0.009883128088477466,10,5,1.4599211322126975,0.22694266985504563,1.2769316471944985,0.8600315195898999,1.8959240382077784,0.6695922569695208,False
CRC_vs_Adenoma__all,"CRC vs Adenoma, all samples",PA_Intestinibacter bartlettii,Intestinibacter bartlettii,Condition,CRC,Adenoma,none,671,209,0.39940387481371087,0.35406698564593303,0.04533688916777784,10,5,1.4526951098890164,0.22809599120959578,1.2919457260169398,0.8531371861513546,1.9564541155486794,0.6695922569695208,False
CRC_vs_Adenoma__all,"CRC vs Adenoma, all samples",PA_Agathobaculum butyriciproducens,Agathobaculum butyriciproducens,Condition,CRC,Adenoma,none,671,209,0.8748137108792846,0.8803827751196173,-0.005569064240332655,10,5,1.4313683812017235,0.23154124773712403,0.7396245828826847,0.44383336249415506,1.2325448464041266,0.6695922569695208,False
CRC_vs_Adenoma__all,"CRC vs Adenoma, all samples",PA_Anaerotignum lactatifermentans,Anaerotignum lactatifermentans,Condition,CRC,Adenoma,none,671,209,0.2608047690014903,0.18181818181818182,0.07898658718330848,10,5,1.3085055051070582,0.25266542014051807,1.2871888114456904,0.8335205994094006,1.9877793512061377,0.677636382414285,False
CRC_vs_Adenoma__all,"CRC vs Adenoma, all samples",PA_Bifidobacterium longum,Bifidobacterium longum,Condition,CRC,Adenoma,none,671,209,0.7824143070044709,0.722488038277512,0.05992626872695894,10,5,1.305170279671466,0.2532709678612348,1.2678164151615008,0.8464323204828628,1.898980489823465,0.677636382414285,False
CRC_vs_Adenoma__all,"CRC vs Adenoma, all samples",PA_Bacteroides cellulosilyticus,Bacteroides cellulosilyticus,Condition,CRC,Adenoma,none,671,209,0.5171385991058122,0.4784688995215311,0.03866969958428107,10,5,1.304889587242352,0.2533220121174897,0.8092866773536359,0.56300972959938,1.1632923761515208,0.677636382414285,False
CRC_vs_Adenoma__all,"CRC vs Adenoma, all samples",PA_Veillonella atypica,Veillonella atypica,Condition,CRC,Adenoma,none,671,209,0.39046199701937406,0.37320574162679426,0.0172562553925798,10,5,1.2071968586591844,0.2718879882660672,0.8069951302757737,0.5501006219550556,1.1838582148376862,0.6841688483994963,False
CRC_vs_Adenoma__all,"CRC vs Adenoma, all samples",PA_Ruminococcus bicirculans,Ruminococcus bicirculans,Condition,CRC,Adenoma,none,671,209,0.46050670640834573,0.39712918660287083,0.0633775198054749,10,5,1.193142977750178,0.2746964959952821,1.227504786465662,0.8493374607013972,1.774051034499051,0.6841688483994963,False
CRC_vs_Adenoma__all,"CRC vs Adenoma, all samples",PA_Bacteroides salyersiae,Bacteroides salyersiae,Condition,CRC,Adenoma,none,671,209,0.23546944858420268,0.15311004784688995,0.08235940073731274,10,5,1.1331147520674592,0.2871119305552129,1.2735884749748483,0.8058782383037887,2.0127452591384043,0.6841688483994963,False
CRC_vs_Adenoma__all,"CRC vs Adenoma, all samples",PA_Barnesiella intestinihominis,Barnesiella intestinihominis,Condition,CRC,Adenoma,none,671,209,0.5588673621460507,0.5406698564593302,0.018197505686720516,10,5,1.0763959663598341,0.29950520422650284,1.2201709529776719,0.8370555990787336,1.7786359187239622,0.6841688483994963,False
CRC_vs_Adenoma__all,"CRC vs Adenoma, all samples",PA_Collinsella aerofaciens,Collinsella aerofaciens,Condition,CRC,Adenoma,none,671,209,0.8673621460506706,0.8277511961722488,0.03961094987842184,10,5,1.0724611481628046,0.30039019175626946,1.2806016415955164,0.797754329300431,2.0556962265503875,0.6841688483994963,False
CRC_vs_Adenoma__all,"CRC vs Adenoma, all samples",PA_Streptococcus parasanguinis,Streptococcus parasanguinis,Condition,CRC,Adenoma,none,671,209,0.8017883755588674,0.7703349282296651,0.0314534473292023,10,5,1.0685859422137347,0.30126506650272855,0.7875304960207391,0.5031130388316515,1.2327334700029515,0.6841688483994963,False
CRC_vs_Adenoma__all,"CRC vs Adenoma, all samples",PA_Klebsiella variicola,Klebsiella variicola,Condition,CRC,Adenoma,none,671,209,0.20268256333830104,0.1674641148325359,0.03521844850576514,10,5,1.0614449072349108,0.3028858663621711,0.7857948664323933,0.49308963607428113,1.2522542088442594,0.6841688483994963,False
CRC_vs_Adenoma__all,"CRC vs Adenoma, all samples",PA_Roseburia inulinivorans,Roseburia inulinivorans,Condition,CRC,Adenoma,none,671,209,0.7943368107302533,0.7511961722488039,0.043140638481449445,10,5,1.0438969788958723,0.30691686657173667,1.2544010726247659,0.8129886422739326,1.935478516158621,0.6841688483994963,False
CRC_vs_Adenoma__all,"CRC vs Adenoma, all samples",PA_Erysipelatoclostridium ramosum,Erysipelatoclostridium ramosum,Condition,CRC,Adenoma,none,671,209,0.518628912071535,0.3923444976076555,0.12628441446387956,10,5,0.963836693759082,0.3262221148703669,1.2020234361654327,0.833591014688697,1.7332964434969762,0.7123625773699849,False
CRC_vs_Adenoma__all,"CRC vs Adenoma, all samples",PA_Gordonibacter pamelaeae,Gordonibacter pamelaeae,Condition,CRC,Adenoma,none,671,209,0.767511177347243,0.7368421052631579,0.03066907208408509,10,5,0.8172624168789666,0.36598178850461605,1.2061646336773628,0.7999879574902533,1.8185687795828749,0.7832010273998783,False
CRC_vs_Adenoma__all,"CRC vs Adenoma, all samples",PA_Parabacteroides distasonis,Parabacteroides distasonis,Condition,CRC,Adenoma,none,671,209,0.8777943368107303,0.7511961722488039,0.1265981645619264,10,5,0.7578619125407361,0.3839984609650682,1.2522134275730554,0.7656428552218456,2.04800248248894,0.7989278410612575,False
CRC_vs_Adenoma__all,"CRC vs Adenoma, all samples",PA_Bacteroides caccae,Bacteroides caccae,Condition,CRC,Adenoma,none,671,209,0.6676602086438153,0.5789473684210527,0.0887128402227626,10,5,0.7443718818578302,0.3882639975250971,1.1732457254818207,0.8158871476052988,1.6871273636329849,0.7989278410612575,False
CRC_vs_Adenoma__all,"CRC vs Adenoma, all samples",PA_Dorea longicatena,Dorea longicatena,Condition,CRC,Adenoma,none,671,209,0.7853949329359166,0.7607655502392344,0.024629382696682134,10,5,0.6979259409817559,0.40348148692113106,1.1976579997260701,0.7830705623375496,1.831743846973457,0.814575832086057,False
CRC_vs_Adenoma__all,"CRC vs Adenoma, all samples",PA_Adlercreutzia equolifaciens,Adlercreutzia equolifaciens,Condition,CRC,Adenoma,none,671,209,0.5722801788375559,0.631578947368421,-0.05929876853086513,10,5,0.6396458864351949,0.4238390558994255,0.8573241480262945,0.586795203678397,1.2525744760378845,0.8310272837992849,False
CRC_vs_Adenoma__all,"CRC vs Adenoma, all samples",PA_Firmicutes bacterium CAG:145,Firmicutes bacterium CAG:145,Condition,CRC,Adenoma,none,671,209,0.3889716840536513,0.3923444976076555,-0.003372813554004206,10,5,0.6179203106735707,0.4318211629408406,1.1630161914730281,0.7981912923977981,1.6945895983970756,0.8310272837992849,False
CRC_vs_Adenoma__all,"CRC vs Adenoma, all samples",PA_Eubacterium sp. CAG:274,Eubacterium sp. CAG:274,Condition,CRC,Adenoma,none,671,209,0.2533532041728763,0.22009569377990432,0.033257510392972006,10,5,0.5980908409963179,0.43930738523606305,1.1821031488100808,0.7736653882231405,1.806165657269496,0.8310272837992849,False
CRC_vs_Adenoma__all,"CRC vs Adenoma, all samples",PA_Klebsiella pneumoniae,Klebsiella pneumoniae,Condition,CRC,Adenoma,none,671,209,0.26527570789865873,0.17703349282296652,0.08824221507569222,10,5,0.5829259868722197,0.44516770752085333,1.1803075022525353,0.7635086753611174,1.8246365035927206,0.8310272837992849,False
CRC_vs_Adenoma__all,"CRC vs Adenoma, all samples",PA_Alistipes putredinis,Alistipes putredinis,Condition,CRC,Adenoma,none,671,209,0.7302533532041728,0.6889952153110048,0.04125813789316801,10,5,0.5555894804563213,0.4560427866234775,1.1638141594947145,0.7820913855035864,1.731847994935085,0.8310272837992849,False
CRC_vs_Adenoma__all,"CRC vs Adenoma, all samples",PA_Coprobacter fastidiosus,Coprobacter fastidiosus,Condition,CRC,Adenoma,none,671,209,0.3025335320417288,0.2535885167464115,0.04894501529531731,10,5,0.5502146596002282,0.45822999760895144,1.1605311300754435,0.776946328461205,1.7334949076105157,0.8310272837992849,False
CRC_vs_Adenoma__all,"CRC vs Adenoma, all samples",PA_Eggerthella lenta,Eggerthella lenta,Condition,CRC,Adenoma,none,671,209,0.7078986587183308,0.6411483253588517,0.06675033335947911,10,5,0.5267919685422622,0.46795871389586996,1.1462220962523668,0.7907802590183727,1.6614287963739434,0.8345263731143016,False
CRC_vs_Adenoma__all,"CRC vs Adenoma, all samples",PA_Gemmiger formicilis,Gemmiger formicilis,Condition,CRC,Adenoma,none,671,209,0.7078986587183308,0.7511961722488039,-0.043297513530473064,10,5,0.4515700982140474,0.501590281323623,0.8708946055607556,0.5813617273920637,1.3046221969189402,0.8663048041544641,False
CRC_vs_Adenoma__all,"CRC vs Adenoma, all samples",PA_Eubacterium ramulus,Eubacterium ramulus,Condition,CRC,Adenoma,none,671,209,0.6229508196721312,0.6363636363636364,-0.01341281669150518,10,5,0.4507668633208427,0.5019710080147362,0.8790206956670102,0.6032564747368345,1.2808439126127715,0.8663048041544641,False
CRC_vs_Adenoma__all,"CRC vs Adenoma, all samples",PA_Bacteroides uniformis,Bacteroides uniformis,Condition,CRC,Adenoma,none,671,209,0.940387481371088,0.9090909090909091,0.0312965722801789,10,5,0.41752739103189707,0.5181734136590357,0.8012048429842349,0.4124964005792212,1.5562055802668948,0.8800723057383623,False
CRC_vs_Adenoma__all,"CRC vs Adenoma, all samples",PA_Veillonella parvula,Veillonella parvula,Condition,CRC,Adenoma,none,671,209,0.503725782414307,0.45454545454545453,0.04918032786885246,10,5,0.38774548974842,0.5334868548861187,0.8893496296854806,0.6145622173712076,1.2870019364434122,0.8919233355127297,False
CRC_vs_Adenoma__all,"CRC vs Adenoma, all samples",PA_[Eubacterium] siraeum,[Eubacterium] siraeum,Condition,CRC,Adenoma,none,671,209,0.46646795827123694,0.48325358851674644,-0.016785630245509497,10,5,0.36560133943515927,0.5454117324712664,1.1305726638224565,0.7587138419351681,1.6846859481599212,0.8978316211450078,False
CRC_vs_Adenoma__all,"CRC vs Adenoma, all samples",PA_Phocaeicola massiliensis,Phocaeicola massiliensis,Condition,CRC,Adenoma,none,671,209,0.3561847988077496,0.32057416267942584,0.03561063612832377,10,5,0.3481657224468423,0.5551533111510948,1.1220030168571569,0.7665101763083153,1.6423666752862451,0.9000212771691992,False
CRC_vs_Adenoma__all,"CRC vs Adenoma, all samples",PA_Roseburia faecis,Roseburia faecis,Condition,CRC,Adenoma,none,671,209,0.639344262295082,0.6794258373205742,-0.040081575025492144,10,5,0.30119019628340493,0.5831372349642434,0.8979391386792824,0.6096507936780535,1.3225517052273084,0.9312788677787172,False
CRC_vs_Adenoma__all,"CRC vs Adenoma, all samples",PA_Bifidobacterium pseudocatenulatum,Bifidobacterium pseudocatenulatum,Condition,CRC,Adenoma,none,671,209,0.4262295081967213,0.3349282296650718,0.09130127853164949,10,5,0.26301791030579735,0.6080543497847515,1.102283073018029,0.7596038891945089,1.5995547025838646,0.9481329567753665,False
CRC_vs_Adenoma__all,"CRC vs Adenoma, all samples",PA_Roseburia hominis,Roseburia hominis,Condition,CRC,Adenoma,none,671,209,0.7108792846497765,0.6889952153110048,0.021884069338771628,10,5,0.2573639046598034,0.6119369991609506,1.1048999066449736,0.7523013861734584,1.6227589449404394,0.9481329567753665,False
CRC_vs_Adenoma__all,"CRC vs Adenoma, all samples",PA_[Ruminococcus] lactaris,[Ruminococcus] lactaris,Condition,CRC,Adenoma,none,671,209,0.3412816691505216,0.3684210526315789,-0.027139383481057322,10,5,0.2391203319826465,0.6248421804303147,1.10595503573492,0.7400683331038059,1.6527346007870118,0.9481329567753665,False
CRC_vs_Adenoma__all,"CRC vs Adenoma, all samples",PA_[Eubacterium] rectale,[Eubacterium] rectale,Condition,CRC,Adenoma,none,671,209,0.7719821162444114,0.7990430622009569,-0.027060945956545512,10,5,0.20065780221012983,0.65419041014309,0.90455982277778,0.5831350945032607,1.403154227376369,0.9481329567753665,False
CRC_vs_Adenoma__all,"CRC vs Adenoma, all samples",PA_Proteobacteria bacterium CAG:139,Proteobacteria bacterium CAG:139,Condition,CRC,Adenoma,none,671,209,0.28315946348733234,0.24401913875598086,0.039140324731351483,10,5,0.18702466673722834,0.66540458506563,1.0951361930661643,0.7223470844981916,1.6603144210052578,0.9481329567753665,False
CRC_vs_Adenoma__all,"CRC vs Adenoma, all samples",PA_Phascolarctobacterium succinatutens,Phascolarctobacterium succinatutens,Condition,CRC,Adenoma,none,671,209,0.3353204172876304,0.2966507177033493,0.038669699584281125,10,5,0.18645742817156236,0.6658815712057038,0.9171954198075195,0.6193817355610164,1.3582051097356247,0.9481329567753665,False
CRC_vs_Adenoma__all,"CRC vs Adenoma, all samples",PA_Coprococcus eutactus,Coprococcus eutactus,Condition,CRC,Adenoma,none,671,209,0.21758569299552907,0.2727272727272727,-0.055141579731743634,10,5,0.17823572244299316,0.6728938373214186,0.9073037887661007,0.5783340326847305,1.4233991406106228,0.9481329567753665,False
CRC_vs_Adenoma__all,"CRC vs Adenoma, all samples",PA_Bacteroides finegoldii,Bacteroides finegoldii,Condition,CRC,Adenoma,none,671,209,0.29508196721311475,0.2822966507177033,0.012785316495411425,10,5,0.16600365491928404,0.6836881865795132,0.9210833395136774,0.6219152363419622,1.3641642281025828,0.9481329567753665,False
CRC_vs_Adenoma__all,"CRC vs Adenoma, all samples",PA_Lachnospira eligens,Lachnospira eligens,Condition,CRC,Adenoma,none,671,209,0.6289120715350224,0.5741626794258373,0.05474939210918506,10,5,0.16439285220364167,0.6851439097421305,1.0829325070579088,0.7376527620177615,1.5898304395076472,0.9481329567753665,False
CRC_vs_Adenoma__all,"CRC vs Adenoma, all samples",PA_Blautia wexlerae,Blautia wexlerae,Condition,CRC,Adenoma,none,671,209,0.8956780923994039,0.861244019138756,0.034434073260647846,10,5,0.14852381010502355,0.6999500684302413,0.8959864741295143,0.5135635135830546,1.5631791211608521,0.9481329567753665,False
CRC_vs_Adenoma__all,"CRC vs Adenoma, all samples",PA_Bifidobacterium bifidum,Bifidobacterium bifidum,Condition,CRC,Adenoma,none,671,209,0.19523099850968703,0.215311004784689,-0.020080006275001977,10,5,0.13922707737223317,0.709050614104606,1.0871280272603103,0.7034069704410171,1.6801757692476487,0.9481329567753665,False
CRC_vs_Adenoma__all,"CRC vs Adenoma, all samples",PA_Oscillibacter sp. 57_20,Oscillibacter sp. 57_20,Condition,CRC,Adenoma,none,671,209,0.5290611028315947,0.46411483253588515,0.06494627029570954,10,5,0.13746685265831482,0.7108124039964553,1.072636066782805,0.7412947998144694,1.5520790541782354,0.9481329567753665,False
CRC_vs_Adenoma__all,"CRC vs Adenoma, all samples",PA_Ruthenibacterium lactatiformans,Ruthenibacterium lactatiformans,Condition,CRC,Adenoma,none,671,209,0.9210134128166915,0.9090909090909091,0.011922503725782407,10,5,0.13067568782415687,0.7177324888668541,0.8991900227927964,0.4988669451779878,1.6207582099905107,0.9481329567753665,False
CRC_vs_Adenoma__all,"CRC vs Adenoma, all samples",PA_Bacteroides sp. CAG:144,Bacteroides sp. CAG:144,Condition,CRC,Adenoma,none,671,209,0.20417287630402384,0.1722488038277512,0.03192407247627263,10,5,0.12292145767740793,0.7258872819635552,1.0839813631224515,0.6912070291246247,1.699947405171646,0.9481329567753665,False
CRC_vs_Adenoma__all,"CRC vs Adenoma, all samples",PA_Bacteroides stercoris,Bacteroides stercoris,Condition,CRC,Adenoma,none,671,209,0.6125186289120715,0.507177033492823,0.10534159541924859,10,5,0.1222502935829319,0.726606565005421,1.0664906037298894,0.7424151543962857,1.5320298907005099,0.9481329567753665,False
CRC_vs_Adenoma__all,"CRC vs Adenoma, all samples",PA_Holdemanella biformis,Holdemanella biformis,Condition,CRC,Adenoma,none,671,209,0.30700447093889716,0.2822966507177033,0.024707820221193832,10,5,0.0913449137650644,0.7624742886847733,1.0634824262469875,0.7111007435803315,1.5904847254718322,0.9528473559475374,False
CRC_vs_Adenoma__all,"CRC vs Adenoma, all samples",PA_Eubacterium sp. CAG:251,Eubacterium sp. CAG:251,Condition,CRC,Adenoma,none,671,209,0.18628912071535023,0.19138755980861244,-0.005098439093262214,10,5,0.08525526229727903,0.7702980638567312,1.072083771225035,0.674492180170712,1.7040429026667037,0.9528473559475374,False
CRC_vs_Adenoma__all,"CRC vs Adenoma, all samples",PA_Lachnospira pectinoschiza,Lachnospira pectinoschiza,Condition,CRC,Adenoma,none,671,209,0.44709388971684055,0.430622009569378,0.016471880147462536,10,5,0.07988643422108169,0.777451370582691,1.0534542411665782,0.7314336708945138,1.517247403820844,0.9528473559475374,False
CRC_vs_Adenoma__all,"CRC vs Adenoma, all samples",PA_Eubacterium ventriosum,Eubacterium ventriosum,Condition,CRC,Adenoma,none,671,209,0.5439642324888226,0.49282296650717705,0.05114126598164559,10,5,0.06878366267575314,0.7931160672810926,1.049934801652168,0.7284210337627041,1.513359769453735,0.9528473559475374,False
CRC_vs_Adenoma__all,"CRC vs Adenoma, all samples",PA_Phocaeicola coprocola,Phocaeicola coprocola,Condition,CRC,Adenoma,none,671,209,0.21311475409836064,0.1674641148325359,0.045650639265824744,10,5,0.06742271369089214,0.7951269439956711,1.0632850361660617,0.6723127747745984,1.6816206839349486,0.9528473559475374,False
CRC_vs_Adenoma__all,"CRC vs Adenoma, all samples",PA_Bacteroides eggerthii,Bacteroides eggerthii,Condition,CRC,Adenoma,none,671,209,0.32786885245901637,0.3014354066985646,0.026433445760451757,10,5,0.05575999415034177,0.8133274951883409,1.0471629734472772,0.7094968785923853,1.5455322300141145,0.9528473559475374,False
CRC_vs_Adenoma__all,"CRC vs Adenoma, all samples",PA_Fusicatenibacter saccharivorans,Fusicatenibacter saccharivorans,Condition,CRC,Adenoma,none,671,209,0.8554396423248882,0.8708133971291866,-0.015373754804298367,10,5,0.055400504814588636,0.8139191485317232,0.9421078433930453,0.5705326069103959,1.5556817924730644,0.9528473559475374,False
CRC_vs_Adenoma__all,"CRC vs Adenoma, all samples",PA_Anaerobutyricum hallii,Anaerobutyricum hallii,Condition,CRC,Adenoma,none,671,209,0.8137108792846498,0.784688995215311,0.02902188406933881,10,5,0.053006415846090976,0.8179121013390664,1.0547539170652842,0.6668911576653038,1.6681969955326648,0.9528473559475374,False
CRC_vs_Adenoma__all,"CRC vs Adenoma, all samples",PA_Desulfovibrio piger,Desulfovibrio piger,Condition,CRC,Adenoma,none,671,209,0.20715350223546944,0.19617224880382775,0.010981253431641691,10,5,0.0528789590931065,0.8181273168892809,1.0536001378566278,0.6714853092274061,1.6531608886108424,0.9528473559475374,False
CRC_vs_Adenoma__all,"CRC vs Adenoma, all samples",PA_Anaerostipes hadrus,Anaerostipes hadrus,Condition,CRC,Adenoma,none,671,209,0.849478390461997,0.8373205741626795,0.012157816299317559,10,5,0.05220456762155925,0.8192706238053593,0.9441221386879318,0.5744762420246348,1.551616146246916,0.9528473559475374,False
CRC_vs_Adenoma__all,"CRC vs Adenoma, all samples",PA_Paraprevotella xylaniphila,Paraprevotella xylaniphila,Condition,CRC,Adenoma,none,671,209,0.33681073025335323,0.3062200956937799,0.030590634559573338,10,5,0.04146474659243451,0.8386434734337467,1.0402038900833621,0.7124015684788253,1.518840189045317,0.9648908780366763,False
CRC_vs_Adenoma__all,"CRC vs Adenoma, all samples",PA_Lawsonibacter asaccharolyticus,Lawsonibacter asaccharolyticus,Condition,CRC,Adenoma,none,671,209,0.7704918032786885,0.69377990430622,0.07671189897246844,10,5,0.032811523425885766,0.8562580701206576,1.040656957139638,0.6749612348489078,1.6044875565121246,0.9671675426926644,False
CRC_vs_Adenoma__all,"CRC vs Adenoma, all samples",PA_Klebsiella quasipneumoniae,Klebsiella quasipneumoniae,Condition,CRC,Adenoma,none,671,209,0.16095380029806258,0.11483253588516747,0.046121264412895116,10,5,0.03169434573908008,0.8587001547271319,0.9556123678247164,0.5716050518646478,1.5975978423574175,0.9671675426926644,False
CRC_vs_Adenoma__all,"CRC vs Adenoma, all samples",PA_Alistipes inops,Alistipes inops,Condition,CRC,Adenoma,none,671,209,0.2488822652757079,0.27751196172248804,-0.02862969644678015,10,5,0.021161093665163284,0.884340959642266,0.9698081264211396,0.6427663618717901,1.463249880304228,0.9708993427092536,False
CRC_vs_Adenoma__all,"CRC vs Adenoma, all samples",PA_Alistipes shahii,Alistipes shahii,Condition,CRC,Adenoma,none,671,209,0.6795827123695977,0.6124401913875598,0.06714252098203788,10,5,0.0202293333897826,0.8868984458001653,1.0284734710414005,0.6980187524270314,1.5153714380281227,0.9708993427092536,False
CRC_vs_Adenoma__all,"CRC vs Adenoma, all samples",PA_Odoribacter splanchnicus,Odoribacter splanchnicus,Condition,CRC,Adenoma,none,671,209,0.7406855439642325,0.6889952153110048,0.051690328653227646,10,5,0.01655359791289142,0.8976260654987772,1.0298732537851727,0.6621711053986139,1.601759590859186,0.9708993427092536,False
CRC_vs_Adenoma__all,"CRC vs Adenoma, all samples",PA_Dorea formicigenerans,Dorea formicigenerans,Condition,CRC,Adenoma,none,671,209,0.7630402384500745,0.7416267942583732,0.021413444191701325,10,5,0.013642544698513025,0.907017510104354,0.9758912808819944,0.6478865501155416,1.469954565242416,0.9708993427092536,False
CRC_vs_Adenoma__all,"CRC vs Adenoma, all samples",PA_Coprococcus catus,Coprococcus catus,Condition,CRC,Adenoma,none,671,209,0.6318926974664679,0.6267942583732058,0.00509843909326213,10,5,0.013535148900122765,0.9073825632796763,0.9779799700250977,0.6732388663576222,1.4206619218894454,0.9708993427092536,False
CRC_vs_Adenoma__all,"CRC vs Adenoma, all samples",PA_Blautia obeum,Blautia obeum,Condition,CRC,Adenoma,none,671,209,0.8152011922503726,0.7942583732057417,0.02094281904463091,10,5,0.004632066593297577,0.9457384391690408,0.9845639085546979,0.6292596197750442,1.5404867237072115,0.9865233187483756,False
CRC_vs_Adenoma__all,"CRC vs Adenoma, all samples",PA_Coprococcus comes,Coprococcus comes,Condition,CRC,Adenoma,none,671,209,0.6780923994038748,0.7081339712918661,-0.03004157188799128,10,5,0.002709456264606905,0.9584869108148087,0.989552007010091,0.6655459544473629,1.4712931061098409,0.9865233187483756,False
CRC_vs_Adenoma__all,"CRC vs Adenoma, all samples",PA_Blautia sp. CAG:257,Blautia sp. CAG:257,Condition,CRC,Adenoma,none,671,209,0.3323397913561848,0.32057416267942584,0.011765628676758955,10,5,0.001927850649529725,0.9649782994762661,1.0084908086656361,0.6902955395248026,1.4733598189888426,0.9865233187483756,False
CRC_vs_Adenoma__all,"CRC vs Adenoma, all samples",PA_Faecalibacterium prausnitzii,Faecalibacterium prausnitzii,Condition,CRC,Adenoma,none,671,209,0.940387481371088,0.9330143540669856,0.007373127304102334,10,5,0.0017125986319137306,0.9669901227028979,0.986324150252013,0.5128614691896233,1.8968773983109724,0.9865233187483756,False
CRC_vs_Adenoma__all,"CRC vs Adenoma, all samples",PA_Slackia isoflavoniconvertens,Slackia isoflavoniconvertens,Condition,CRC,Adenoma,none,671,209,0.38450074515648286,0.4354066985645933,-0.05090595340811044,10,5,0.0016009529963733604,0.9680836305474714,0.9921733804822479,0.6761559501544562,1.4558890100910897,0.9865233187483756,False
CRC_vs_Adenoma__all,"CRC vs Adenoma, all samples",PA_Dialister invisus,Dialister invisus,Condition,CRC,Adenoma,none,671,209,0.22354694485842028,0.2631578947368421,-0.039610949878421814,10,5,0.0007066551238530954,0.9787923439822728,0.9944755064452186,0.6577396314179965,1.5036064206551847,0.9877075158733125,False
CRC_vs_Adenoma__all,"CRC vs Adenoma, all samples",PA_Bacteroides intestinalis,Bacteroides intestinalis,Condition,CRC,Adenoma,none,671,209,0.22205663189269748,0.19138755980861244,0.030669072084085036,10,5,0.00023737422085349876,0.9877075158733125,1.0034645502299915,0.6446309631933179,1.5620427206601744,0.9877075158733125,False
Male_vs_Female__Control,Male vs Female within Control samples,PA_Slackia isoflavoniconvertens,Slackia isoflavoniconvertens,Gender,Male,Female,Condition=Control,371,293,0.40431266846361186,0.2627986348122867,0.14151403365132514,10,10,14.894624224097074,0.00011368649496368288,2.0783084450527585,1.4308242929481185,3.0187955390929573,0.01216445496111407,True
Male_vs_Female__Control,Male vs Female within Control samples,PA_Phascolarctobacterium succinatutens,Phascolarctobacterium succinatutens,Gender,Male,Female,Condition=Control,371,293,0.33423180592991913,0.20819112627986347,0.12604067965005566,10,10,13.410172306694578,0.0002502634246288604,1.94827481400664,1.3588397908670098,2.7933938764559634,0.012803757539345558,True
Male_vs_Female__Control,Male vs Female within Control samples,PA_Phascolarctobacterium faecium,Phascolarctobacterium faecium,Gender,Male,Female,Condition=Control,371,293,0.31266846361185985,0.42662116040955633,-0.11395269679769648,10,10,12.734437085673513,0.0003589838562433334,0.5432942906746704,0.3881301919756008,0.7604888575590342,0.012803757539345558,True
Male_vs_Female__Control,Male vs Female within Control samples,PA_Acidaminococcus intestini,Acidaminococcus intestini,Gender,Male,Female,Condition=Control,371,293,0.2183288409703504,0.11262798634812286,0.10570085462222754,10,10,11.270926537031846,0.0007873042342581016,2.0977763825016873,1.3516572366021715,3.2557556988666483,0.021060388266404217,True
Male_vs_Female__Control,Male vs Female within Control samples,PA_Akkermansia muciniphila,Akkermansia muciniphila,Gender,Male,Female,Condition=Control,371,293,0.4528301886792453,0.5563139931740614,-0.10348380449481609,10,10,9.45839328237255,0.002101851001536037,0.6069408321503739,0.4389623905482889,0.8391998532522669,0.04497961143287119,True
Male_vs_Female__Control,Male vs Female within Control samples,PA_Bifidobacterium adolescentis,Bifidobacterium adolescentis,Gender,Male,Female,Condition=Control,371,293,0.6415094339622641,0.5221843003412969,0.1193251336209672,10,10,8.417536126989088,0.003716190528123775,1.6192229224759718,1.1660105110995953,2.2485928280347016,0.058046563715881634,False
Male_vs_Female__Control,Male vs Female within Control samples,PA_Holdemanella biformis,Holdemanella biformis,Gender,Male,Female,Condition=Control,371,293,0.29380053908355797,0.19112627986348124,0.10267425922007672,10,10,8.113828771819104,0.004392884547092413,1.7055649125821628,1.1795681798254551,2.4661157538700715,0.058046563715881634,False
Male_vs_Female__Control,Male vs Female within Control samples,PA_Bifidobacterium bifidum,Bifidobacterium bifidum,Gender,Male,Female,Condition=Control,371,293,0.2830188679245283,0.19112627986348124,0.09189258806104705,10,10,8.076226519454753,0.00448497404571313,1.7321998327975552,1.185188488071204,2.5316785396953776,0.058046563715881634,False
Male_vs_Female__Control,Male vs Female within Control samples,PA_Bacteroides finegoldii,Bacteroides finegoldii,Gender,Male,Female,Condition=Control,371,293,0.3018867924528302,0.19795221843003413,0.10393457402279604,10,10,7.922483278096098,0.004882421247130231,1.6909091345145073,1.1703183726417623,2.443073413203435,0.058046563715881634,False
Male_vs_Female__Control,Male vs Female within Control samples,PA_Veillonella atypica,Veillonella atypica,Gender,Male,Female,Condition=Control,371,293,0.3450134770889488,0.4197952218430034,-0.07478174475405458,10,10,6.635316880032721,0.009997640995931034,0.6457736281756848,0.4623615864132118,0.9019425296168404,0.09782340462923118,False
Male_vs_Female__Control,Male vs Female within Control samples,PA_Alistipes inops,Alistipes inops,Gender,Male,Female,Condition=Control,371,293,0.1940700808625337,0.26621160409556316,-0.07214152323302947,10,10,6.49634838755182,0.010809628080782008,0.6099330640481301,0.41621482600738874,0.8938132891319355,0.09782340462923118,False
Male_vs_Female__Control,Male vs Female within Control samples,PA_Bacteroides ovatus,Bacteroides ovatus,Gender,Male,Female,Condition=Control,371,293,0.8301886792452831,0.7372013651877133,0.09298731405756977,10,10,6.4700330649664615,0.010970849117296955,1.6451023921663024,1.1154776642480406,2.4261910098717108,0.09782340462923118,False
Male_vs_Female__Control,Male vs Female within Control samples,PA_Firmicutes bacterium CAG:145,Firmicutes bacterium CAG:145,Gender,Male,Female,Condition=Control,371,293,0.30727762803234504,0.3856655290102389,-0.07838790097789389,10,10,5.259716937783016,0.021824568080238027,0.6719080989550813,0.47826493727207664,0.9439548213934889,0.17963298342965145,False
Male_vs_Female__Control,Male vs Female within Control samples,PA_Eubacterium sp. CAG:274,Eubacterium sp. CAG:274,Gender,Male,Female,Condition=Control,371,293,0.31805929919137466,0.2354948805460751,0.08256441864529956,10,10,4.861847042425432,0.027456926354561095,1.4848326069274997,1.0423781856168404,2.115094023471375,0.2018199437120642,False
Male_vs_Female__Control,Male vs Female within Control samples,PA_Gordonibacter pamelaeae,Gordonibacter pamelaeae,Gender,Male,Female,Condition=Control,371,293,0.7277628032345014,0.7918088737201365,-0.06404607048563515,10,10,4.810154079941351,0.028292515473653856,0.6532292691259364,0.4474844878869398,0.9535715529665825,0.2018199437120642,False
Male_vs_Female__Control,Male vs Female within Control samples,PA_Oscillibacter sp. CAG:241,Oscillibacter sp. CAG:241,Gender,Male,Female,Condition=Control,371,293,0.4609164420485175,0.5187713310580204,-0.05785488900950292,10,10,4.377009298205259,0.03642685907820742,0.6922901702668373,0.49121935557466123,0.9756652998483936,0.24360462008551212,False
Male_vs_Female__Control,Male vs Female within Control samples,PA_Megamonas funiformis,Megamonas funiformis,Gender,Male,Female,Condition=Control,371,293,0.1509433962264151,0.09215017064846416,0.05879322557795093,10,10,4.257299851810984,0.03908199513317179,1.6633554572654192,1.0236275745356944,2.7028886736170805,0.24598667524996362,False
Male_vs_Female__Control,Male vs Female within Control samples,PA_Bifidobacterium pseudocatenulatum,Bifidobacterium pseudocatenulatum,Gender,Male,Female,Condition=Control,371,293,0.49056603773584906,0.42662116040955633,0.06394487732629273,10,10,4.149181366059042,0.04165465764344689,1.4009707905914124,1.011534833468621,1.9403376840321267,0.2476137982138232,False
Male_vs_Female__Control,Male vs Female within Control samples,PA_Eubacterium sp. CAG:180,Eubacterium sp. CAG:180,Gender,Male,Female,Condition=Control,371,293,0.3908355795148248,0.3037542662116041,0.08708131330322066,10,10,3.868452829061602,0.04920185758280904,1.4051308817792771,1.0013983379985596,1.9716357816969423,0.2770841453347667,False
Male_vs_Female__Control,Male vs Female within Control samples,PA_Bacteroides uniformis,Bacteroides uniformis,Gender,Male,Female,Condition=Control,371,293,0.9568733153638814,0.9146757679180887,0.04219754744579274,10,10,3.765952939684678,0.05230604535289385,1.815658558327212,0.9845207268543897,3.3484475344259748,0.2798373426379821,False
Male_vs_Female__Control,Male vs Female within Control samples,PA_Proteobacteria bacterium CAG:139,Proteobacteria bacterium CAG:139,Gender,Male,Female,Condition=Control,371,293,0.30997304582210244,0.3720136518771331,-0.062040606055030645,10,10,3.3847316782507493,0.06580288876368612,0.7283814724566177,0.5205597159972715,1.01917139016737,0.32262649255090664,False
Male_vs_Female__Control,Male vs Female within Control samples,PA_[Eubacterium] siraeum,[Eubacterium] siraeum,Gender,Male,Female,Condition=Control,371,293,0.42857142857142855,0.47440273037542663,-0.04583130180399808,10,10,3.371473053820941,0.06633441902915838,0.719416548704487,0.5063037150516576,1.022232614858592,0.32262649255090664,False
Male_vs_Female__Control,Male vs Female within Control samples,PA_Veillonella parvula,Veillonella parvula,Gender,Male,Female,Condition=Control,371,293,0.4555256064690027,0.5085324232081911,-0.053006816739188445,10,10,3.1499675967803276,0.07592847074798204,0.7457749701351852,0.5399764975623504,1.0300083588654985,0.3532324508710469,False
Male_vs_Female__Control,Male vs Female within Control samples,PA_Firmicutes bacterium CAG:110,Firmicutes bacterium CAG:110,Gender,Male,Female,Condition=Control,371,293,0.32345013477088946,0.36860068259385664,-0.04515054782296718,10,10,3.0592243623708475,0.08027998257716251,0.7351884804135329,0.5210146907901126,1.0374028051168664,0.3571748451372576,False
Male_vs_Female__Control,Male vs Female within Control samples,PA_Klebsiella quasipneumoniae,Klebsiella quasipneumoniae,Gender,Male,Female,Condition=Control,371,293,0.1347708894878706,0.16723549488054607,-0.032464605392675455,10,10,2.996355135016328,0.08345206662085458,0.671429924501698,0.4271776822856812,1.0553410494297892,0.3571748451372576,False
Male_vs_Female__Control,Male vs Female within Control samples,PA_Blautia sp. CAG:257,Blautia sp. CAG:257,Gender,Male,Female,Condition=Control,371,293,0.37735849056603776,0.310580204778157,0.06677828578788075,10,10,2.807127816127558,0.09384625933450286,1.322261699935978,0.9495486559385508,1.841270578588157,0.3772706999857883,False
Male_vs_Female__Control,Male vs Female within Control samples,PA_Intestinibacter bartlettii,Intestinibacter bartlettii,Gender,Male,Female,Condition=Control,371,293,0.37735849056603776,0.4334470989761092,-0.05608860841007146,10,10,2.7841844006963545,0.0951991485945447,0.7531615928583029,0.5394478717434225,1.0515425394553382,0.3772706999857883,False
Male_vs_Female__Control,Male vs Female within Control samples,PA_Lachnospira eligens,Lachnospira eligens,Gender,Male,Female,Condition=Control,371,293,0.6846361185983828,0.7201365187713311,-0.03550040017294831,10,10,2.601846702256471,0.10673927503038483,0.7403561461023274,0.514458456124409,1.065445064701084,0.40261263458509644,False
Male_vs_Female__Control,Male vs Female within Control samples,PA_Ruminococcus bicirculans,Ruminococcus bicirculans,Gender,Male,Female,Condition=Control,371,293,0.522911051212938,0.5802047781569966,-0.05729372694405854,10,10,2.5669300098217263,0.10911931217726911,0.7660969432621536,0.5529185425434402,1.061466529546719,0.40261263458509644,False
Male_vs_Female__Control,Male vs Female within Control samples,PA_Lawsonibacter asaccharolyticus,Lawsonibacter asaccharolyticus,Gender,Male,Female,Condition=Control,371,293,0.7223719676549866,0.7542662116040956,-0.031894243949109,10,10,2.3910142734234983,0.12203442815242527,0.7446753062570042,0.5117022214595894,1.083718788961241,0.425523321083521,False
Male_vs_Female__Control,Male vs Female within Control samples,PA_Phocaeicola plebeius,Phocaeicola plebeius,Gender,Male,Female,Condition=Control,371,293,0.33423180592991913,0.27303754266211605,0.061194263267803084,10,10,2.3751157800350016,0.12328245751017897,1.309661645583353,0.928655479480282,1.846985953145948,0.425523321083521,False
Male_vs_Female__Control,Male vs Female within Control samples,PA_Coprococcus eutactus,Coprococcus eutactus,Gender,Male,Female,Condition=Control,371,293,0.2668463611859838,0.2150170648464164,0.05182929633956743,10,10,2.1921813099411644,0.1387127496808147,1.351455528447718,0.9078628879098013,2.0117928265323717,0.4638207567452242,False
Male_vs_Female__Control,Male vs Female within Control samples,PA_Phocaeicola massiliensis,Phocaeicola massiliensis,Gender,Male,Female,Condition=Control,371,293,0.38005390835579517,0.31399317406143346,0.06606073429436171,10,10,2.0125180137069374,0.156006201691397,1.2732151301400128,0.9135471223135229,1.774486206592316,0.5058382903327115,False
Male_vs_Female__Control,Male vs Female within Control samples,PA_Adlercreutzia equolifaciens,Adlercreutzia equolifaciens,Gender,Male,Female,Condition=Control,371,293,0.5983827493261455,0.6279863481228669,-0.029603598796721364,10,10,1.7130199376072008,0.19059401739474602,0.7963984768535161,0.5671043378157308,1.1184018383239511,0.5714546200553239,False
Male_vs_Female__Control,Male vs Female within Control samples,PA_Eubacterium ramulus,Eubacterium ramulus,Gender,Male,Female,Condition=Control,371,293,0.6226415094339622,0.6655290102389079,-0.04288750080494563,10,10,1.7023515612795044,0.1919807311210966,0.7996582696251806,0.5712848488797295,1.1193248857096152,0.5714546200553239,False
Male_vs_Female__Control,Male vs Female within Control samples,PA_[Ruminococcus] gnavus,[Ruminococcus] gnavus,Gender,Male,Female,Condition=Control,371,293,0.7196765498652291,0.6655290102389079,0.05414753962632124,10,10,1.7001748983392286,0.19226510581300615,1.2607917890606386,0.8895807478756669,1.7869046055219904,0.5714546200553239,False
Male_vs_Female__Control,Male vs Female within Control samples,PA_Klebsiella variicola,Klebsiella variicola,Gender,Male,Female,Condition=Control,371,293,0.18598382749326145,0.20819112627986347,-0.02220729878660202,10,10,1.5488072168740685,0.21331161437093982,0.7719209149303204,0.512936099251025,1.1616688702100006,0.6168741280456909,False
Male_vs_Female__Control,Male vs Female within Control samples,PA_Bacteroides thetaiotaomicron,Bacteroides thetaiotaomicron,Gender,Male,Female,Condition=Control,371,293,0.8301886792452831,0.7815699658703071,0.04861871337497592,10,10,1.42577455446624,0.2324552731806172,1.2833158123813149,0.8519080692835386,1.9331891945723316,0.6251191782167618,False
Male_vs_Female__Control,Male vs Female within Control samples,PA_Phocaeicola dorei,Phocaeicola dorei,Gender,Male,Female,Condition=Control,371,293,0.6900269541778976,0.6416382252559727,0.04838872892192492,10,10,1.4185040538620906,0.2336497854502091,1.2294170226379066,0.8756343098838282,1.7261386385743425,0.6251191782167618,False
Male_vs_Female__Control,Male vs Female within Control samples,PA_Blautia obeum,Blautia obeum,Gender,Male,Female,Condition=Control,371,293,0.8113207547169812,0.8430034129692833,-0.0316826582523021,10,10,1.3702122836347368,0.24177541379318412,0.7793814006726716,0.5119458774576974,1.186522627608596,0.6251191782167618,False
Male_vs_Female__Control,Male vs Female within Control samples,PA_Firmicutes bacterium CAG:83,Firmicutes bacterium CAG:83,Gender,Male,Female,Condition=Control,371,293,0.6442048517520216,0.6723549488054608,-0.028150097053439183,10,10,1.3347954685754704,0.24795388743335722,0.8196537623178508,0.584138815398398,1.150124375185718,0.6251191782167618,False
Male_vs_Female__Control,Male vs Female within Control samples,PA_Phocaeicola coprocola,Phocaeicola coprocola,Gender,Male,Female,Condition=Control,371,293,0.1778975741239892,0.14334470989761092,0.034552864226378294,10,10,1.3326773450430411,0.24832947330927757,1.2878948684963516,0.8383471641940807,1.9785039696457367,0.6251191782167618,False
Male_vs_Female__Control,Male vs Female within Control samples,PA_Gemmiger formicilis,Gemmiger formicilis,Gender,Male,Female,Condition=Control,371,293,0.7115902964959568,0.7508532423208191,-0.03926294582486223,10,10,1.2985588020724044,0.2544766428616624,0.8113967961767968,0.5665509749854684,1.1620574139208866,0.6251191782167618,False
Male_vs_Female__Control,Male vs Female within Control samples,PA_Klebsiella pneumoniae,Klebsiella pneumoniae,Gender,Male,Female,Condition=Control,371,293,0.2183288409703504,0.23890784982935154,-0.02057900885900113,10,10,1.2845305444165116,0.25705835365922913,0.7981292781151916,0.5406798884955426,1.1781654138406674,0.6251191782167618,False
Male_vs_Female__Control,Male vs Female within Control samples,PA_Alistipes shahii,Alistipes shahii,Gender,Male,Female,Condition=Control,371,293,0.6469002695417789,0.5938566552901023,0.053043614251676585,10,10,1.2034700216350724,0.27262923421052043,1.2061160667551556,0.8616149843819945,1.6883596418977584,0.6417946454453655,False
Male_vs_Female__Control,Male vs Female within Control samples,PA_Fusicatenibacter saccharivorans,Fusicatenibacter saccharivorans,Gender,Male,Female,Condition=Control,371,293,0.8867924528301887,0.8600682593856656,0.026724193444523148,10,10,1.1641941354986778,0.2805974088791475,1.286659873692219,0.8116626232695244,2.0396327034267614,0.6417946454453655,False
Male_vs_Female__Control,Male vs Female within Control samples,PA_Blautia wexlerae,Blautia wexlerae,Gender,Male,Female,Condition=Control,371,293,0.9191374663072777,0.8976109215017065,0.021526544805571146,10,10,1.1090412732145238,0.29229044942399207,1.326696120003223,0.7811246113481675,2.253318573324371,0.6417946454453655,False
Male_vs_Female__Control,Male vs Female within Control samples,PA_Dialister invisus,Dialister invisus,Gender,Male,Female,Condition=Control,371,293,0.22641509433962265,0.2593856655290102,-0.032970571189387565,10,10,1.0734267048552624,0.300172715153078,0.8248508022021693,0.5725325088694563,1.1883671850128883,0.6417946454453655,False
Male_vs_Female__Control,Male vs Female within Control samples,PA_Coprococcus catus,Coprococcus catus,Gender,Male,Female,Condition=Control,371,293,0.5929919137466307,0.6177474402730375,-0.02475552652640678,10,10,1.0450662009277336,0.3066461278333046,0.8428272081290029,0.6052886918902838,1.1735849558730742,0.6417946454453655,False
Male_vs_Female__Control,Male vs Female within Control samples,PA_Parabacteroides merdae,Parabacteroides merdae,Gender,Male,Female,Condition=Control,371,293,0.6900269541778976,0.6416382252559727,0.04838872892192492,10,10,1.0346723897758443,0.3090637784873689,1.19119136901478,0.8515804010079894,1.6662394718522806,0.6417946454453655,False
Male_vs_Female__Control,Male vs Female within Control samples,PA_[Ruminococcus] lactaris,[Ruminococcus] lactaris,Gender,Male,Female,Condition=Control,371,293,0.39622641509433965,0.4129692832764505,-0.016742868182110848,10,10,1.0313129610783343,0.3098504902735305,0.8395093908935957,0.5978986409710836,1.1787550081295826,0.6417946454453655,False
Male_vs_Female__Control,Male vs Female within Control samples,PA_Desulfovibrio piger,Desulfovibrio piger,Gender,Male,Female,Condition=Control,371,293,0.18598382749326145,0.14675767918088736,0.03922614831237409,10,10,1.0078108958742995,0.31542785236070314,1.2333340643223374,0.8113807458937444,1.8747214817654239,0.6417946454453655,False
Male_vs_Female__Control,Male vs Female within Control samples,PA_Ruminococcus bromii,Ruminococcus bromii,Gender,Male,Female,Condition=Control,371,293,0.6253369272237197,0.658703071672355,-0.03336614444863528,10,10,0.9824485198158455,0.3215950527806928,0.8382952139142026,0.5911996373876081,1.188665928106316,0.6417946454453655,False
Male_vs_Female__Control,Male vs Female within Control samples,PA_Bacteroides xylanisolvens,Bacteroides xylanisolvens,Gender,Male,Female,Condition=Control,371,293,0.7304582210242587,0.6860068259385665,0.04445139508569218,10,10,0.9731478655970652,0.32389636312196013,1.1961646806698116,0.8379929329888759,1.7074248325443886,0.6417946454453655,False
Male_vs_Female__Control,Male vs Female within Control samples,PA_Prevotella copri,Prevotella copri,Gender,Male,Female,Condition=Control,371,293,0.4528301886792453,0.3822525597269625,0.07057762895228281,10,10,0.9400087511715572,0.332275591089653,1.1838676299921056,0.8415213909951251,1.665486558441203,0.6459711128646385,False
Male_vs_Female__Control,Male vs Female within Control samples,PA_Barnesiella intestinihominis,Barnesiella intestinihominis,Gender,Male,Female,Condition=Control,371,293,0.5606469002695418,0.5221843003412969,0.038462599928244856,10,10,0.9012537269452413,0.34244576320357634,1.1754847893947498,0.842320724099448,1.6404256129109347,0.6459711128646385,False
Male_vs_Female__Control,Male vs Female within Control samples,PA_Coprococcus comes,Coprococcus comes,Gender,Male,Female,Condition=Control,371,293,0.660377358490566,0.6825938566552902,-0.022216498164724152,10,10,0.8815418612887671,0.34777972359100195,0.8404427530820244,0.5838703921232042,1.209761670975508,0.6459711128646385,False
Male_vs_Female__Control,Male vs Female within Control samples,PA_Eubacterium sp. CAG:251,Eubacterium sp. CAG:251,Gender,Male,Female,Condition=Control,371,293,0.2210242587601078,0.24573378839590443,-0.024709529635796618,10,10,0.8729041646946647,0.35015256585186005,0.8346486810724487,0.5715136216558185,1.2189358125842071,0.6459711128646385,False
Male_vs_Female__Control,Male vs Female within Control samples,PA_Paraprevotella xylaniphila,Paraprevotella xylaniphila,Gender,Male,Female,Condition=Control,371,293,0.29380053908355797,0.2593856655290102,0.034414873554547754,10,10,0.8105562012255979,0.36795586072438147,1.1747097367450412,0.8274236768787511,1.667758615282915,0.6673097813137088,False
Male_vs_Female__Control,Male vs Female within Control samples,PA_Bacteroides eggerthii,Bacteroides eggerthii,Gender,Male,Female,Condition=Control,371,293,0.3018867924528302,0.2696245733788396,0.03226221907399057,10,10,0.7838998236268091,0.3759510824647134,1.173291230908391,0.8253632078823921,1.6678866944632256,0.6704460970620724,False
Male_vs_Female__Control,Male vs Female within Control samples,PA_Roseburia hominis,Roseburia hominis,Gender,Male,Female,Condition=Control,371,293,0.7169811320754716,0.7372013651877133,-0.020220233112241637,10,10,0.7522246936844452,0.3857727923838463,0.8567792137220093,0.6035732788905172,1.2162079514445476,0.6766834227060912,False
Male_vs_Female__Control,Male vs Female within Control samples,PA_Escherichia coli,Escherichia coli,Gender,Male,Female,Condition=Control,371,293,0.6792452830188679,0.6382252559726962,0.04102002704617169,10,10,0.6988926457605975,0.40315603164410085,1.154544550061066,0.8252446105200621,1.6152460750221451,0.6957692804180451,False
Male_vs_Female__Control,Male vs Female within Control samples,PA_Adlercreutzia equolifaciens_1,Adlercreutzia equolifaciens_1,Gender,Male,Female,Condition=Control,371,293,0.6145552560646901,0.6279863481228669,-0.01343109205817683,10,10,0.6761728484555701,0.41090771341607646,0.8669408098348487,0.6180032617626919,1.2161527523550615,0.6976021687492298,False
Male_vs_Female__Control,Male vs Female within Control samples,PA_Ruthenibacterium lactatiformans,Ruthenibacterium lactatiformans,Gender,Male,Female,Condition=Control,371,293,0.8840970350404312,0.9010238907849829,-0.01692685574455166,10,10,0.658026942913913,0.41725737196215607,0.8141233494067635,0.4962569128389243,1.3355921316191688,0.6976021687492298,False
Male_vs_Female__Control,Male vs Female within Control samples,PA_Lachnospira pectinoschiza,Lachnospira pectinoschiza,Gender,Male,Female,Condition=Control,371,293,0.4797843665768194,0.43686006825938567,0.04292429831743372,10,10,0.6158251961913979,0.43260291323775135,1.1339726299200474,0.8266770735648724,1.5554972631122328,0.712130949483683,False
Male_vs_Female__Control,Male vs Female within Control samples,PA_Streptococcus thermophilus,Streptococcus thermophilus,Gender,Male,Female,Condition=Control,371,293,0.477088948787062,0.47440273037542663,0.002686218411635355,10,10,0.5929018334526661,0.4412991864622152,1.1507730932469593,0.8061829816057124,1.6426527753085867,0.7154395901735914,False
Male_vs_Female__Control,Male vs Female within Control samples,PA_Alistipes putredinis,Alistipes putredinis,Gender,Male,Female,Condition=Control,371,293,0.7169811320754716,0.726962457337884,-0.009981325262412355,10,10,0.559007443193291,0.4546604354136451,0.869485614046286,0.6033529467012464,1.253006614398433,0.7165900993699351,False
Male_vs_Female__Control,Male vs Female within Control samples,PA_Bifidobacterium longum,Bifidobacterium longum,Gender,Male,Female,Condition=Control,371,293,0.8113207547169812,0.78839590443686,0.022924850280121145,10,10,0.5571692369562212,0.4554030538051924,1.1609777708181723,0.7843822872408561,1.7183832504367218,0.7165900993699351,False
Male_vs_Female__Control,Male vs Female within Control samples,PA_Bacteroides stercoris,Bacteroides stercoris,Gender,Male,Female,Condition=Control,371,293,0.5714285714285714,0.5221843003412969,0.04924427108727447,10,10,0.4437682145791404,0.505309283678533,1.1146043430475392,0.8113112865483981,1.5312776515482698,0.7759527392222801,False
Male_vs_Female__Control,Male vs Female within Control samples,PA_Eggerthella lenta,Eggerthella lenta,Gender,Male,Female,Condition=Control,371,293,0.6819407008086253,0.7030716723549488,-0.021130971546323485,10,10,0.4389438950837287,0.5076326331360711,0.8914447178655049,0.6347218967962995,1.2520029465209128,0.7759527392222801,False
Male_vs_Female__Control,Male vs Female within Control samples,PA_Roseburia inulinivorans,Roseburia inulinivorans,Gender,Male,Female,Condition=Control,371,293,0.8247978436657682,0.7952218430034129,0.02957600066235533,10,10,0.41779075629155416,0.5180414774248563,1.1394878794631111,0.7621942145211204,1.7035456353590024,0.7807103955557694,False
Male_vs_Female__Control,Male vs Female within Control samples,PA_Coprobacter fastidiosus,Coprobacter fastidiosus,Gender,Male,Female,Condition=Control,371,293,0.31536388140161725,0.3310580204778157,-0.015694139076198432,10,10,0.38570480552655045,0.5345658236221418,0.8984657696651502,0.6401750732123132,1.2609687147132493,0.7944242101051274,False
Male_vs_Female__Control,Male vs Female within Control samples,PA_Bacteroides sp. CAG:144,Bacteroides sp. CAG:144,Gender,Male,Female,Condition=Control,371,293,0.16711590296495957,0.18430034129692832,-0.017184438331968754,10,10,0.3478528327229721,0.5553311131807894,0.8847858193540685,0.5879481954390647,1.3314879647609783,0.804605397542984,False
Male_vs_Female__Control,Male vs Female within Control samples,PA_Parabacteroides distasonis,Parabacteroides distasonis,Gender,Male,Female,Condition=Control,371,293,0.8463611859838275,0.8122866894197952,0.034074496564032275,10,10,0.34587756415367543,0.5564560693287927,1.1411865265808459,0.7360100538406887,1.7694142650007105,0.804605397542984,False
Male_vs_Female__Control,Male vs Female within Control samples,PA_[Ruminococcus] torques,[Ruminococcus] torques,Gender,Male,Female,Condition=Control,371,293,0.6495956873315364,0.6143344709897611,0.03526121634177526,10,10,0.3225921786489741,0.5700539891239128,1.1078319524738285,0.7770100588436265,1.579505465795994,0.8112076061107892,False
Male_vs_Female__Control,Male vs Female within Control samples,PA_Erysipelatoclostridium ramosum,Erysipelatoclostridium ramosum,Gender,Male,Female,Condition=Control,371,293,0.4636118598382749,0.4709897610921502,-0.007377901253875274,10,10,0.3103930648143285,0.5774390851959166,0.9100420895614395,0.6529033349641522,1.2684520976123095,0.8112076061107892,False
Male_vs_Female__Control,Male vs Female within Control samples,PA_Roseburia intestinalis,Roseburia intestinalis,Gender,Male,Female,Condition=Control,371,293,0.6711590296495957,0.6382252559726962,0.032933773676899536,10,10,0.30018539003580463,0.5837662212199137,1.0980112696662563,0.7847788055067413,1.536265683851662,0.8112076061107892,False
Male_vs_Female__Control,Male vs Female within Control samples,PA_Butyricimonas virosa,Butyricimonas virosa,Gender,Male,Female,Condition=Control,371,293,0.5283018867924528,0.5017064846416383,0.026595402150814573,10,10,0.2657394821105957,0.6062041899210975,1.089131045452187,0.7872063372533105,1.5068557988324114,0.8235758219698417,False
Male_vs_Female__Control,Male vs Female within Control samples,PA_Bacteroides intestinalis,Bacteroides intestinalis,Gender,Male,Female,Condition=Control,371,293,0.261455525606469,0.23208191126279865,0.029373614343670362,10,10,0.26300866768499603,0.6080606536039018,1.100498736626943,0.760948499577483,1.5915629901234578,0.8235758219698417,False
Male_vs_Female__Control,Male vs Female within Control samples,PA_Bacteroides fragilis,Bacteroides fragilis,Gender,Male,Female,Condition=Control,371,293,0.5013477088948787,0.46075085324232085,0.04059685565255783,10,10,0.2484741934255875,0.6181514996906989,1.083705864833696,0.7899158692612684,1.486763903823414,0.8267776308363098,False
Male_vs_Female__Control,Male vs Female within Control samples,PA_Bacteroides cellulosilyticus,Bacteroides cellulosilyticus,Gender,Male,Female,Condition=Control,371,293,0.46630727762803237,0.46075085324232085,0.0055564243857115225,10,10,0.23560848999916148,0.627396044041548,0.9222974629847047,0.6664175031143043,1.2764259735868941,0.8287824285487116,False
Male_vs_Female__Control,Male vs Female within Control samples,PA_Anaerobutyricum hallii,Anaerobutyricum hallii,Gender,Male,Female,Condition=Control,371,293,0.8382749326145552,0.8498293515358362,-0.011554418921280951,10,10,0.20599931045770925,0.6499213397974669,0.9052384158695309,0.5873131668067199,1.395263440153138,0.848068089735719,False
Male_vs_Female__Control,Male vs Female within Control samples,PA_Clostridium sp. CAG:58,Clostridium sp. CAG:58,Gender,Male,Female,Condition=Control,371,293,0.39622641509433965,0.3856655290102389,0.010560886084100718,10,10,0.18389054762693627,0.6680508664962206,0.9296334049836843,0.6661603724915687,1.2973126342373311,0.861222201386694,False
Male_vs_Female__Control,Male vs Female within Control samples,PA_Collinsella aerofaciens,Collinsella aerofaciens,Gender,Male,Female,Condition=Control,371,293,0.8140161725067385,0.7952218430034129,0.018794329503325602,10,10,0.15741498654715794,0.6915477133259886,1.0858570821487092,0.7247758133153819,1.6268280221148006,0.8720420363850728,False
Male_vs_Female__Control,Male vs Female within Control samples,PA_Eubacterium sp. CAG:38,Eubacterium sp. CAG:38,Gender,Male,Female,Condition=Control,371,293,0.5660377358490566,0.5631399317406144,0.0028978041084422035,10,10,0.14987348350649293,0.6986562913067482,0.9380505530600156,0.6783028568840426,1.297265419370965,0.8720420363850728,False
Male_vs_Female__Control,Male vs Female within Control samples,PA_Alistipes finegoldii,Alistipes finegoldii,Gender,Male,Female,Condition=Control,371,293,0.660377358490566,0.6518771331058021,0.008500225384763915,10,10,0.1400532751704153,0.708228055313414,0.9350719980550003,0.6592741678545572,1.3262458688347447,0.8720420363850728,False
Male_vs_Female__Control,Male vs Female within Control samples,PA_Streptococcus parasanguinis,Streptococcus parasanguinis,Gender,Male,Female,Condition=Control,371,293,0.7978436657681941,0.8054607508532423,-0.007617085085048214,10,10,0.13923418603155838,0.7090435249112275,0.9256686915400916,0.6194195736202815,1.3833313685738025,0.8720420363850728,False
Male_vs_Female__Control,Male vs Female within Control samples,PA_Flavonifractor plautii,Flavonifractor plautii,Gender,Male,Female,Condition=Control,371,293,0.876010781671159,0.8498293515358362,0.026181430135322814,10,10,0.1254945522291074,0.7231499597029838,1.0935481430286407,0.6691092460756173,1.7872231599475512,0.8739552797866673,False
Male_vs_Female__Control,Male vs Female within Control samples,PA_Enterocloster bolteae,Enterocloster bolteae,Gender,Male,Female,Condition=Control,371,293,0.6118598382749326,0.5836177474402731,0.02824209083465956,10,10,0.1090443834401273,0.7412347253768035,1.060876745984536,0.7472389657660168,1.5061573629488072,0.8739552797866673,False
Male_vs_Female__Control,Male vs Female within Control samples,PA_Parvimonas micra,Parvimonas micra,Gender,Male,Female,Condition=Control,371,293,0.12398921832884097,0.14334470989761092,-0.01935549156876995,10,10,0.10799999437792353,0.7424327042719345,0.9249410432381076,0.5811563175258719,1.4720926326819337,0.8739552797866673,False
Male_vs_Female__Control,Male vs Female within Control samples,PA_Phocaeicola vulgatus,Phocaeicola vulgatus,Gender,Male,Female,Condition=Control,371,293,0.8706199460916442,0.863481228668942,0.007138717422702223,10,10,0.10727302351178934,0.7432703781363246,0.9255041811335847,0.5805106695187875,1.4755249718420993,0.8739552797866673,False
Male_vs_Female__Control,Male vs Female within Control samples,PA_Anaerostipes hadrus,Anaerostipes hadrus,Gender,Male,Female,Condition=Control,371,293,0.8733153638814016,0.8668941979522184,0.006421165929183181,10,10,0.06270893297312763,0.8022644842340083,1.0612474275706107,0.6658280805671418,1.691496852409589,0.9330684762286836,False
Male_vs_Female__Control,Male vs Female within Control samples,PA_Agathobaculum butyriciproducens,Agathobaculum butyriciproducens,Gender,Male,Female,Condition=Control,371,293,0.8787061994609164,0.8771331058020477,0.0015730936588687072,10,10,0.04222520691002268,0.8371910841167882,0.9519858290036647,0.5951849745802753,1.5226812794844184,0.9529782915810933,False
Male_vs_Female__Control,Male vs Female within Control samples,PA_Dorea longicatena,Dorea longicatena,Gender,Male,Female,Condition=Control,371,293,0.7735849056603774,0.7747440273037542,-0.001159121643376837,10,10,0.04009075627841842,0.8413032377859482,0.9622401987336439,0.6585757797502608,1.4059220343786045,0.9529782915810933,False
Male_vs_Female__Control,Male vs Female within Control samples,PA_Anaerotignum lactatifermentans,Anaerotignum lactatifermentans,Gender,Male,Female,Condition=Control,371,293,0.18598382749326145,0.17406143344709898,0.011922394046162466,10,10,0.03558183345970668,0.8503816619569813,1.0402574428387927,0.6906598847276044,1.5668139576519597,0.9529782915810933,False
Male_vs_Female__Control,Male vs Female within Control samples,PA_Roseburia faecis,Roseburia faecis,Gender,Male,Female,Condition=Control,371,293,0.7169811320754716,0.7030716723549488,0.013909459720522821,10,10,0.033390865264750456,0.8550085606708874,0.9666246165259056,0.6714135113444496,1.3916359046794722,0.9529782915810933,False
Male_vs_Female__Control,Male vs Female within Control samples,PA_Parasutterella excrementihominis,Parasutterella excrementihominis,Gender,Male,Female,Condition=Control,371,293,0.46630727762803237,0.45051194539249145,0.015795332235540915,10,10,0.026303229661934623,0.8711619792355983,1.0268881456698358,0.7464349430993971,1.4127142270948243,0.9564986792789257,False
Male_vs_Female__Control,Male vs Female within Control samples,PA_[Eubacterium] rectale,[Eubacterium] rectale,Gender,Male,Female,Condition=Control,371,293,0.7654986522911051,0.7508532423208191,0.014645409970286072,10,10,0.020500246408868068,0.8861487583309124,1.0280735095269125,0.7030456796582834,1.503366241443526,0.9564986792789257,False
Male_vs_Female__Control,Male vs Female within Control samples,PA_Bacteroides caccae,Bacteroides caccae,Gender,Male,Female,Condition=Control,371,293,0.5822102425876011,0.5802047781569966,0.0020054644306045644,10,10,0.01828928491125905,0.8924237961594252,0.9780720812030225,0.7101883538112905,1.347001807189595,0.9564986792789257,False
Male_vs_Female__Control,Male vs Female within Control samples,PA_Odoribacter splanchnicus,Odoribacter splanchnicus,Gender,Male,Female,Condition=Control,371,293,0.7250673854447439,0.7098976109215017,0.015169774523242197,10,10,0.017779722614902543,0.8939239993260988,1.0253705857319089,0.7100843385283159,1.4806478344012541,0.9564986792789257,False
Male_vs_Female__Control,Male vs Female within Control samples,PA_Streptococcus salivarius,Streptococcus salivarius,Gender,Male,Female,Condition=Control,371,293,0.9110512129380054,0.9078498293515358,0.003201383586469597,10,10,0.009503217599497295,0.9223416841110355,1.0276006372294895,0.5946789469709463,1.7756859815083432,0.964064435462428,False
Male_vs_Female__Control,Male vs Female within Control samples,PA_Oscillibacter sp. 57_20,Oscillibacter sp. 57_20,Gender,Male,Female,Condition=Control,371,293,0.5444743935309974,0.5221843003412969,0.022290093189700433,10,10,0.008885000816726558,0.9249023995365383,0.9841354327885122,0.7059642745564391,1.3719143942210956,0.964064435462428,False
Male_vs_Female__Control,Male vs Female within Control samples,PA_Methanobrevibacter smithii,Methanobrevibacter smithii,Gender,Male,Female,Condition=Control,371,293,0.22911051212938005,0.22866894197952217,0.00044157014985787835,10,10,0.00596361376735404,0.9384450012757817,1.0158664061089795,0.6824285593737663,1.512223574007189,0.964064435462428,False
Male_vs_Female__Control,Male vs Female within Control samples,PA_Dorea formicigenerans,Dorea formicigenerans,Gender,Male,Female,Condition=Control,371,293,0.7735849056603774,0.764505119453925,0.009079786206452445,10,10,0.0057081091098050265,0.9397755025076767,1.0148172364433508,0.6921974154475482,1.4878039131606058,0.964064435462428,False
Male_vs_Female__Control,Male vs Female within Control samples,PA_Eubacterium ventriosum,Eubacterium ventriosum,Gender,Male,Female,Condition=Control,371,293,0.5741239892183289,0.5733788395904437,0.0007451496278851888,10,10,0.0037507889971126907,0.9511651391167842,0.9898262840840137,0.7145559171580511,1.371139821443612,0.964064435462428,False
Male_vs_Female__Control,Male vs Female within Control samples,PA_Bacteroides salyersiae,Bacteroides salyersiae,Gender,Male,Female,Condition=Control,371,293,0.18328840970350405,0.17406143344709898,0.009226976256405062,10,10,0.0031765251869676136,0.955054487467452,1.0120790082744746,0.6686372586311736,1.531927671943958,0.964064435462428,False
Male_vs_Female__Control,Male vs Female within Control samples,PA_Faecalibacterium prausnitzii,Faecalibacterium prausnitzii,Gender,Male,Female,Condition=Control,371,293,0.954177897574124,0.9556313993174061,-0.0014535017432821817,10,10,0.0015265505712202558,0.9688337051253482,1.0135747082137656,0.5164640174397874,1.989167985454849,0.9688337051253482,False
Male_vs_Female__Adenoma,Male vs Female within Adenoma samples,PA_Bacteroides fragilis,Bacteroides fragilis,Gender,Male,Female,Condition=Adenoma,132,77,0.3712121212121212,0.5584415584415584,-0.1872294372294372,5,5,9.527474425090553,0.0020241848452565714,0.36905561604229364,0.1957022012393557,0.6959658443788963,0.14601419002551325,False
Male_vs_Female__Adenoma,Male vs Female within Adenoma samples,PA_Holdemanella biformis,Holdemanella biformis,Gender,Male,Female,Condition=Adenoma,132,77,0.3484848484848485,0.16883116883116883,0.17965367965367968,5,5,8.980180279990705,0.0027292371967385654,2.9145479926720834,1.403166383609869,6.0538722284204,0.14601419002551325,False
Male_vs_Female__Adenoma,Male vs Female within Adenoma samples,PA_Phascolarctobacterium succinatutens,Phascolarctobacterium succinatutens,Gender,Male,Female,Condition=Adenoma,132,77,0.3787878787878788,0.15584415584415584,0.22294372294372294,5,5,7.474034985390203,0.006259510676641544,2.667687862864267,1.2895262350974561,5.518738851509668,0.1758448459209098,False
Male_vs_Female__Adenoma,Male vs Female within Adenoma samples,PA_Dialister invisus,Dialister invisus,Gender,Male,Female,Condition=Adenoma,132,77,0.1893939393939394,0.38961038961038963,-0.20021645021645024,5,5,7.385921233066224,0.006573639099847095,0.4089376447542809,0.2145840865399806,0.7793215237608996,0.1758448459209098,False
Male_vs_Female__Adenoma,Male vs Female within Adenoma samples,PA_Eubacterium sp. CAG:38,Eubacterium sp. CAG:38,Gender,Male,Female,Condition=Adenoma,132,77,0.49242424242424243,0.6233766233766234,-0.13095238095238093,5,5,5.368690102172955,0.020501367903777767,0.4755911821623972,0.2533631898326443,0.8927380994059607,0.43872927314084426,False
Male_vs_Female__Adenoma,Male vs Female within Adenoma samples,PA_Streptococcus thermophilus,Streptococcus thermophilus,Gender,Male,Female,Condition=Adenoma,132,77,0.3712121212121212,0.5454545454545454,-0.1742424242424242,5,5,4.616677183699334,0.031662517526438894,0.48310766798007093,0.24632508985726892,0.9474999846600286,0.5156273784705675,False
Male_vs_Female__Adenoma,Male vs Female within Adenoma samples,PA_Flavonifractor plautii,Flavonifractor plautii,Gender,Male,Female,Condition=Adenoma,132,77,0.7575757575757576,0.8051948051948052,-0.04761904761904767,5,5,4.505076998393504,0.03379437465345858,0.3699816873534154,0.14364284245491554,0.9529639391523756,0.5156273784705675,False
Male_vs_Female__Adenoma,Male vs Female within Adenoma samples,PA_Roseburia hominis,Roseburia hominis,Gender,Male,Female,Condition=Adenoma,132,77,0.6439393939393939,0.7662337662337663,-0.12229437229437234,5,5,4.280518795088741,0.03855157969873402,0.49351818472298287,0.2520456660073963,0.9663336113270877,0.5156273784705675,False
Male_vs_Female__Adenoma,Male vs Female within Adenoma samples,PA_Veillonella parvula,Veillonella parvula,Gender,Male,Female,Condition=Adenoma,132,77,0.42424242424242425,0.5064935064935064,-0.08225108225108219,5,5,3.0515842093708576,0.08065843012097562,0.572854097554177,0.3063396393398324,1.071235240048612,0.7798384164775479,False
Male_vs_Female__Adenoma,Male vs Female within Adenoma samples,PA_Bifidobacterium bifidum,Bifidobacterium bifidum,Gender,Male,Female,Condition=Adenoma,132,77,0.17424242424242425,0.2857142857142857,-0.11147186147186144,5,5,3.0422078094603022,0.08112551208456276,0.5543688589440231,0.2821784550056824,1.0891151550202849,0.7798384164775479,False
Male_vs_Female__Adenoma,Male vs Female within Adenoma samples,PA_Clostridium sp. CAG:58,Clostridium sp. CAG:58,Gender,Male,Female,Condition=Adenoma,132,77,0.4393939393939394,0.3116883116883117,0.1277056277056277,5,5,2.990036284859269,0.0837782912434144,1.7594753106580474,0.9250202503051748,3.3466871323021397,0.7798384164775479,False
Male_vs_Female__Adenoma,Male vs Female within Adenoma samples,PA_Bacteroides cellulosilyticus,Bacteroides cellulosilyticus,Gender,Male,Female,Condition=Adenoma,132,77,0.5303030303030303,0.38961038961038963,0.14069264069264065,5,5,2.653001260268487,0.10335459633061639,1.6757319240039217,0.9001287089143356,3.119639950727454,0.7798384164775479,False
Male_vs_Female__Adenoma,Male vs Female within Adenoma samples,PA_Methanobrevibacter smithii,Methanobrevibacter smithii,Gender,Male,Female,Condition=Adenoma,132,77,0.3333333333333333,0.24675324675324675,0.08658008658008656,5,5,2.609220052150552,0.1062440042026529,1.7795253789592116,0.8850340857378752,3.578066229754032,0.7798384164775479,False
Male_vs_Female__Adenoma,Male vs Female within Adenoma samples,PA_Bacteroides xylanisolvens,Bacteroides xylanisolvens,Gender,Male,Female,Condition=Adenoma,132,77,0.5681818181818182,0.6103896103896104,-0.04220779220779214,5,5,2.5970419125432693,0.10706337744311445,0.6100021109978513,0.3249351003396763,1.1451596796801922,0.7798384164775479,False
Male_vs_Female__Adenoma,Male vs Female within Adenoma samples,PA_Bacteroides ovatus,Bacteroides ovatus,Gender,Male,Female,Condition=Adenoma,132,77,0.6666666666666666,0.7402597402597403,-0.07359307359307365,5,5,2.518063040904547,0.11254875441696643,0.6111026190163995,0.32454666728616743,1.1506709161164124,0.7798384164775479,False
Male_vs_Female__Adenoma,Male vs Female within Adenoma samples,PA_Bacteroides intestinalis,Bacteroides intestinalis,Gender,Male,Female,Condition=Adenoma,132,77,0.1590909090909091,0.24675324675324675,-0.08766233766233766,5,5,2.2329276981625386,0.13509764403948799,0.5939363979042336,0.2963241424036157,1.1904546213955456,0.7798384164775479,False
Male_vs_Female__Adenoma,Male vs Female within Adenoma samples,PA_Bacteroides stercoris,Bacteroides stercoris,Gender,Male,Female,Condition=Adenoma,132,77,0.49242424242424243,0.5324675324675324,-0.04004329004328999,5,5,2.0753838504341293,0.14969227635825388,0.6305679970215309,0.33672864336482544,1.1808202441422608,0.7798384164775479,False
Male_vs_Female__Adenoma,Male vs Female within Adenoma samples,PA_Bifidobacterium longum,Bifidobacterium longum,Gender,Male,Female,Condition=Adenoma,132,77,0.696969696969697,0.7662337662337663,-0.06926406926406925,5,5,2.01543819599447,0.15570631100898868,0.6044514887245921,0.3032905884167284,1.2046585557721303,0.7798384164775479,False
Male_vs_Female__Adenoma,Male vs Female within Adenoma samples,PA_Megamonas funiformis,Megamonas funiformis,Gender,Male,Female,Condition=Adenoma,132,77,0.09090909090909091,0.12987012987012986,-0.038961038961038946,5,5,1.8800246497674216,0.1703313461573982,0.5395599772113976,0.22271784839342984,1.3071470073386002,0.7798384164775479,False
Male_vs_Female__Adenoma,Male vs Female within Adenoma samples,PA_Dorea longicatena,Dorea longicatena,Gender,Male,Female,Condition=Adenoma,132,77,0.7803030303030303,0.7272727272727273,0.05303030303030298,5,5,1.7320625567649035,0.18814770420349758,1.611801828185144,0.7939986142059449,3.271926533447495,0.7798384164775479,False
Male_vs_Female__Adenoma,Male vs Female within Adenoma samples,PA_[Ruminococcus] lactaris,[Ruminococcus] lactaris,Gender,Male,Female,Condition=Adenoma,132,77,0.3939393939393939,0.3246753246753247,0.06926406926406925,5,5,1.6790481435689688,0.19505097985804265,1.5856975892726812,0.7928213253048807,3.171505059678185,0.7798384164775479,False
Male_vs_Female__Adenoma,Male vs Female within Adenoma samples,PA_Bacteroides uniformis,Bacteroides uniformis,Gender,Male,Female,Condition=Adenoma,132,77,0.8939393939393939,0.935064935064935,-0.04112554112554112,5,5,1.6347240284375353,0.20105089215351457,0.5036550736307365,0.1739628279814769,1.4581760720801373,0.7798384164775479,False
Male_vs_Female__Adenoma,Male vs Female within Adenoma samples,PA_Coprobacter fastidiosus,Coprobacter fastidiosus,Gender,Male,Female,Condition=Adenoma,132,77,0.24242424242424243,0.2727272727272727,-0.030303030303030276,5,5,1.5925224813164391,0.20696611152695665,0.6487441930917763,0.3277901484403725,1.283958746389412,0.7798384164775479,False
Male_vs_Female__Adenoma,Male vs Female within Adenoma samples,PA_Parabacteroides distasonis,Parabacteroides distasonis,Gender,Male,Female,Condition=Adenoma,132,77,0.7954545454545454,0.6753246753246753,0.12012987012987009,5,5,1.5917449233089593,0.20707701002516177,1.5553118440068252,0.7563322896767106,3.1983229661421633,0.7798384164775479,False
Male_vs_Female__Adenoma,Male vs Female within Adenoma samples,PA_Oscillibacter sp. CAG:241,Oscillibacter sp. CAG:241,Gender,Male,Female,Condition=Adenoma,132,77,0.4772727272727273,0.42857142857142855,0.048701298701298745,5,5,1.5908053503127777,0.20721110946443666,1.560971198866617,0.7870656194843763,3.095842358464817,0.7798384164775479,False
Male_vs_Female__Adenoma,Male vs Female within Adenoma samples,PA_Escherichia coli,Escherichia coli,Gender,Male,Female,Condition=Adenoma,132,77,0.6439393939393939,0.7272727272727273,-0.08333333333333337,5,5,1.5127702219057875,0.21871686124591383,0.669116605194752,0.35133494213322436,1.2743310660446001,0.7798384164775479,False
Male_vs_Female__Adenoma,Male vs Female within Adenoma samples,PA_Bacteroides eggerthii,Bacteroides eggerthii,Gender,Male,Female,Condition=Adenoma,132,77,0.3333333333333333,0.24675324675324675,0.08658008658008656,5,5,1.5022212356070206,0.22032990462381885,1.5264192522268585,0.780492976633948,2.985236002529147,0.7798384164775479,False
Male_vs_Female__Adenoma,Male vs Female within Adenoma samples,PA_Bacteroides sp. CAG:144,Bacteroides sp. CAG:144,Gender,Male,Female,Condition=Adenoma,132,77,0.20454545454545456,0.11688311688311688,0.08766233766233768,5,5,1.4962250056610653,0.221253121302475,1.658536153474854,0.7352190743943399,3.7413911964256035,0.7798384164775479,False
Male_vs_Female__Adenoma,Male vs Female within Adenoma samples,PA_Coprococcus eutactus,Coprococcus eutactus,Gender,Male,Female,Condition=Adenoma,132,77,0.23484848484848486,0.33766233766233766,-0.1028138528138528,5,5,1.4719316123494928,0.22504117592702433,0.6392987039703562,0.3132712097290588,1.3046294080188692,0.7798384164775479,False
Male_vs_Female__Adenoma,Male vs Female within Adenoma samples,PA_Coprococcus comes,Coprococcus comes,Gender,Male,Female,Condition=Adenoma,132,77,0.7196969696969697,0.6883116883116883,0.031385281385281405,5,5,1.4548528233884255,0.22775086934442124,1.5408676321129213,0.7631500067394211,3.111148579867576,0.7798384164775479,False
Male_vs_Female__Adenoma,Male vs Female within Adenoma samples,PA_Streptococcus parasanguinis,Streptococcus parasanguinis,Gender,Male,Female,Condition=Adenoma,132,77,0.75,0.8051948051948052,-0.05519480519480524,5,5,1.4238895790862915,0.23276425691512437,0.6384638338239433,0.30418699516729747,1.3400838088984552,0.7798384164775479,False
Male_vs_Female__Adenoma,Male vs Female within Adenoma samples,PA_Dorea formicigenerans,Dorea formicigenerans,Gender,Male,Female,Condition=Adenoma,132,77,0.7651515151515151,0.7012987012987013,0.06385281385281383,5,5,1.4156425492635794,0.2341219517026193,1.5103893534144566,0.7624117025479018,2.9921838703209165,0.7798384164775479,False
Male_vs_Female__Adenoma,Male vs Female within Adenoma samples,PA_Bifidobacterium pseudocatenulatum,Bifidobacterium pseudocatenulatum,Gender,Male,Female,Condition=Adenoma,132,77,0.3712121212121212,0.2727272727272727,0.09848484848484851,5,5,1.377596862703954,0.24051091349307552,1.465115507054058,0.7752567708297643,2.7688419240928184,0.7798384164775479,False
Male_vs_Female__Adenoma,Male vs Female within Adenoma samples,PA_Anaerostipes hadrus,Anaerostipes hadrus,Gender,Male,Female,Condition=Adenoma,132,77,0.8106060606060606,0.8831168831168831,-0.07251082251082253,5,5,1.2070401600934566,0.2719191038302007,0.6295497389535966,0.2712588858712367,1.4610871549648554,0.8557454149950434,False
Male_vs_Female__Adenoma,Male vs Female within Adenoma samples,PA_Bacteroides finegoldii,Bacteroides finegoldii,Gender,Male,Female,Condition=Adenoma,132,77,0.3106060606060606,0.23376623376623376,0.07683982683982685,5,5,1.1187924546568833,0.29017861831665526,1.4210735187233494,0.7372287913254576,2.739244545761716,0.8730785259621388,False
Male_vs_Female__Adenoma,Male vs Female within Adenoma samples,PA_Parvimonas micra,Parvimonas micra,Gender,Male,Female,Condition=Adenoma,132,77,0.12121212121212122,0.16883116883116883,-0.047619047619047616,5,5,1.102372420490957,0.29374604611810273,0.6534918247890106,0.2929051954382103,1.4579856271486293,0.8730785259621388,False
Male_vs_Female__Adenoma,Male vs Female within Adenoma samples,PA_Ruminococcus bicirculans,Ruminococcus bicirculans,Gender,Male,Female,Condition=Adenoma,132,77,0.36363636363636365,0.45454545454545453,-0.09090909090909088,5,5,1.053497963402548,0.3047028477339966,0.7357244639516719,0.40807217225079034,1.3264577289634742,0.8752414765609494,False
Male_vs_Female__Adenoma,Male vs Female within Adenoma samples,PA_Alistipes shahii,Alistipes shahii,Gender,Male,Female,Condition=Adenoma,132,77,0.6515151515151515,0.5454545454545454,0.10606060606060608,5,5,1.0271311931546712,0.31083342158239324,1.3915482578953033,0.7334273747677345,2.6402158150487427,0.8752414765609494,False
Male_vs_Female__Adenoma,Male vs Female within Adenoma samples,PA_Paraprevotella xylaniphila,Paraprevotella xylaniphila,Gender,Male,Female,Condition=Adenoma,132,77,0.3333333333333333,0.2597402597402597,0.0735930735930736,5,5,0.9798565470548928,0.3222342249484721,1.387030048979862,0.7285006974506589,2.6408380438144743,0.8840785146022183,False
Male_vs_Female__Adenoma,Male vs Female within Adenoma samples,PA_Bacteroides caccae,Bacteroides caccae,Gender,Male,Female,Condition=Adenoma,132,77,0.5681818181818182,0.5974025974025974,-0.029220779220779147,5,5,0.8533785074673302,0.3555983280900804,0.7506752799955206,0.4079793151144453,1.381230261240764,0.913314148411555,False
Male_vs_Female__Adenoma,Male vs Female within Adenoma samples,PA_Fusicatenibacter saccharivorans,Fusicatenibacter saccharivorans,Gender,Male,Female,Condition=Adenoma,132,77,0.8484848484848485,0.9090909090909091,-0.06060606060606055,5,5,0.7840631914769474,0.37590134492143146,0.6693719505425765,0.2749222078636322,1.6297657859470598,0.913314148411555,False
Male_vs_Female__Adenoma,Male vs Female within Adenoma samples,PA_Agathobaculum butyriciproducens,Agathobaculum butyriciproducens,Gender,Male,Female,Condition=Adenoma,132,77,0.8939393939393939,0.8571428571428571,0.03679653679653683,5,5,0.7402385274778458,0.3895844799765933,1.4605006220953252,0.6236422495852215,3.4203296337916664,0.913314148411555,False
Male_vs_Female__Adenoma,Male vs Female within Adenoma samples,PA_Odoribacter splanchnicus,Odoribacter splanchnicus,Gender,Male,Female,Condition=Adenoma,132,77,0.696969696969697,0.6753246753246753,0.02164502164502169,5,5,0.7216517993006741,0.3956026230019726,0.7128949066217277,0.32780299156804527,1.5503798347176034,0.913314148411555,False
Male_vs_Female__Adenoma,Male vs Female within Adenoma samples,PA_Klebsiella quasipneumoniae,Klebsiella quasipneumoniae,Gender,Male,Female,Condition=Adenoma,132,77,0.13636363636363635,0.07792207792207792,0.05844155844155843,5,5,0.6925263037698597,0.4053064181465593,1.4823009493420172,0.5860717611459814,3.7490564297517026,0.913314148411555,False
Male_vs_Female__Adenoma,Male vs Female within Adenoma samples,PA_Eubacterium sp. CAG:180,Eubacterium sp. CAG:180,Gender,Male,Female,Condition=Adenoma,132,77,0.3939393939393939,0.3246753246753247,0.06926406926406925,5,5,0.6530486890487114,0.4190247979614471,1.3040010727536526,0.68627688008583,2.477744547550563,0.913314148411555,False
Male_vs_Female__Adenoma,Male vs Female within Adenoma samples,PA_Blautia sp. CAG:257,Blautia sp. CAG:257,Gender,Male,Female,Condition=Adenoma,132,77,0.30303030303030304,0.35064935064935066,-0.047619047619047616,5,5,0.6509360978068142,0.41977819889081736,0.7720454070910948,0.4111542705029898,1.4497091563253506,0.913314148411555,False
Male_vs_Female__Adenoma,Male vs Female within Adenoma samples,PA_Adlercreutzia equolifaciens,Adlercreutzia equolifaciens,Gender,Male,Female,Condition=Adenoma,132,77,0.6363636363636364,0.6233766233766234,0.012987012987012991,5,5,0.6267975405429085,0.42853243604324076,1.2896352191022697,0.688726584983969,2.4148320024377616,0.913314148411555,False
Male_vs_Female__Adenoma,Male vs Female within Adenoma samples,PA_Oscillibacter sp. 57_20,Oscillibacter sp. 57_20,Gender,Male,Female,Condition=Adenoma,132,77,0.48484848484848486,0.42857142857142855,0.056277056277056314,5,5,0.5893095339095223,0.4426862419344709,1.288934667817826,0.6807530572771795,2.4404628964100312,0.913314148411555,False
Male_vs_Female__Adenoma,Male vs Female within Adenoma samples,PA_Klebsiella variicola,Klebsiella variicola,Gender,Male,Female,Condition=Adenoma,132,77,0.1590909090909091,0.18181818181818182,-0.022727272727272735,5,5,0.5714567857190244,0.4496806085982109,0.7372308173477871,0.33657619071208034,1.614817961120203,0.913314148411555,False
Male_vs_Female__Adenoma,Male vs Female within Adenoma samples,PA_Eggerthella lenta,Eggerthella lenta,Gender,Male,Female,Condition=Adenoma,132,77,0.6136363636363636,0.6883116883116883,-0.07467532467532467,5,5,0.571421366131191,0.44969465555294474,0.7878602663491922,0.42671046132995466,1.4546720916032199,0.913314148411555,False
Male_vs_Female__Adenoma,Male vs Female within Adenoma samples,PA_Veillonella atypica,Veillonella atypica,Gender,Male,Female,Condition=Adenoma,132,77,0.3712121212121212,0.37662337662337664,-0.005411255411255422,5,5,0.5399780865548124,0.4624418082335229,0.7856919750647906,0.41513910934661535,1.4870000580113847,0.913314148411555,False
Male_vs_Female__Adenoma,Male vs Female within Adenoma samples,PA_Roseburia faecis,Roseburia faecis,Gender,Male,Female,Condition=Adenoma,132,77,0.6590909090909091,0.7142857142857143,-0.05519480519480524,5,5,0.5198217263535986,0.47091773835479545,0.7871404915070742,0.41465745478398636,1.4942216671174298,0.913314148411555,False
Male_vs_Female__Adenoma,Male vs Female within Adenoma samples,PA_Enterocloster bolteae,Enterocloster bolteae,Gender,Male,Female,Condition=Adenoma,132,77,0.5303030303030303,0.4025974025974026,0.12770562770562766,5,5,0.4739960409060296,0.49115452422290284,1.2583069126059585,0.652519182785759,2.426497684791888,0.913314148411555,False
Male_vs_Female__Adenoma,Male vs Female within Adenoma samples,PA_Blautia wexlerae,Blautia wexlerae,Gender,Male,Female,Condition=Adenoma,132,77,0.8484848484848485,0.8831168831168831,-0.03463203463203457,5,5,0.4583241338864785,0.4984082346058656,0.7410731524783967,0.30122290752120795,1.8231993769783352,0.913314148411555,False
Male_vs_Female__Adenoma,Male vs Female within Adenoma samples,PA_Firmicutes bacterium CAG:110,Firmicutes bacterium CAG:110,Gender,Male,Female,Condition=Adenoma,132,77,0.36363636363636365,0.35064935064935066,0.012987012987012991,5,5,0.45558149876777,0.4996962381200344,1.2669288645661416,0.6439423132914307,2.4926281667476395,0.913314148411555,False
Male_vs_Female__Adenoma,Male vs Female within Adenoma samples,PA_Streptococcus salivarius,Streptococcus salivarius,Gender,Male,Female,Condition=Adenoma,132,77,0.8333333333333334,0.8571428571428571,-0.023809523809523725,5,5,0.4554316404013924,0.49976677751730925,0.7402351900613915,0.31050656983407515,1.7646909593508133,0.913314148411555,False
Male_vs_Female__Adenoma,Male vs Female within Adenoma samples,PA_Proteobacteria bacterium CAG:139,Proteobacteria bacterium CAG:139,Gender,Male,Female,Condition=Adenoma,132,77,0.2727272727272727,0.19480519480519481,0.07792207792207789,5,5,0.4152755685969233,0.5193039074280046,1.2591697178999404,0.62199042167766,2.5490880939930105,0.913314148411555,False
Male_vs_Female__Adenoma,Male vs Female within Adenoma samples,PA_Lachnospira eligens,Lachnospira eligens,Gender,Male,Female,Condition=Adenoma,132,77,0.553030303030303,0.6103896103896104,-0.05735930735930739,5,5,0.41198033900638936,0.5209660710875605,0.810383059135324,0.42757216054164976,1.535929518193117,0.913314148411555,False
Male_vs_Female__Adenoma,Male vs Female within Adenoma samples,PA_Gordonibacter pamelaeae,Gordonibacter pamelaeae,Gender,Male,Female,Condition=Adenoma,132,77,0.7045454545454546,0.7922077922077922,-0.08766233766233766,5,5,0.4040324419074248,0.5250140495545441,0.7951844732517696,0.39229177479292293,1.6118572632181056,0.913314148411555,False
Male_vs_Female__Adenoma,Male vs Female within Adenoma samples,PA_Bacteroides thetaiotaomicron,Bacteroides thetaiotaomicron,Gender,Male,Female,Condition=Adenoma,132,77,0.6818181818181818,0.6493506493506493,0.03246753246753242,5,5,0.3940260002748455,0.5301907203361558,0.7980190035947153,0.39104879009907845,1.6285290895209015,0.913314148411555,False
Male_vs_Female__Adenoma,Male vs Female within Adenoma samples,PA_Lawsonibacter asaccharolyticus,Lawsonibacter asaccharolyticus,Gender,Male,Female,Condition=Adenoma,132,77,0.7272727272727273,0.6363636363636364,0.09090909090909094,5,5,0.3737517894870534,0.5409662902065735,1.2479970011649537,0.6040654741752318,2.5783571177334124,0.913314148411555,False
Male_vs_Female__Adenoma,Male vs Female within Adenoma samples,PA_Parasutterella excrementihominis,Parasutterella excrementihominis,Gender,Male,Female,Condition=Adenoma,132,77,0.36363636363636365,0.2727272727272727,0.09090909090909094,5,5,0.344929341514751,0.5569976382971431,1.2208978161772834,0.6283770918278541,2.372128928523722,0.913314148411555,False
Male_vs_Female__Adenoma,Male vs Female within Adenoma samples,PA_Roseburia intestinalis,Roseburia intestinalis,Gender,Male,Female,Condition=Adenoma,132,77,0.6363636363636364,0.6883116883116883,-0.051948051948051965,5,5,0.3415054483456634,0.558961534943014,0.8231332243672448,0.4308176577298472,1.5727031910147173,0.913314148411555,False
Male_vs_Female__Adenoma,Male vs Female within Adenoma samples,PA_Parabacteroides merdae,Parabacteroides merdae,Gender,Male,Female,Condition=Adenoma,132,77,0.6818181818181818,0.5974025974025974,0.08441558441558439,5,5,0.3251690188800442,0.5685176878608785,1.1864150155154187,0.651084933700032,2.1619001088557708,0.913314148411555,False
Male_vs_Female__Adenoma,Male vs Female within Adenoma samples,PA_Collinsella aerofaciens,Collinsella aerofaciens,Gender,Male,Female,Condition=Adenoma,132,77,0.8106060606060606,0.8571428571428571,-0.04653679653679654,5,5,0.3157118175625675,0.5741961541852558,0.8115285983371433,0.3857429283463372,1.7072993891095964,0.913314148411555,False
Male_vs_Female__Adenoma,Male vs Female within Adenoma samples,PA_[Ruminococcus] torques,[Ruminococcus] torques,Gender,Male,Female,Condition=Adenoma,132,77,0.6439393939393939,0.6623376623376623,-0.018398268398268414,5,5,0.30131715606949094,0.583057858149294,1.207306242235934,0.6171683854726221,2.3617353008541477,0.913314148411555,False
Male_vs_Female__Adenoma,Male vs Female within Adenoma samples,PA_Ruminococcus bromii,Ruminococcus bromii,Gender,Male,Female,Condition=Adenoma,132,77,0.5681818181818182,0.6363636363636364,-0.06818181818181812,5,5,0.29006033713376983,0.5901818674210464,0.8453400622923843,0.45475985611235903,1.5713784128296797,0.913314148411555,False
Male_vs_Female__Adenoma,Male vs Female within Adenoma samples,PA_Firmicutes bacterium CAG:145,Firmicutes bacterium CAG:145,Gender,Male,Female,Condition=Adenoma,132,77,0.3939393939393939,0.38961038961038963,0.0043290043290042934,5,5,0.2895359525210596,0.5905180563375552,1.1886815106735913,0.6323552354353749,2.23444616987227,0.913314148411555,False
Male_vs_Female__Adenoma,Male vs Female within Adenoma samples,PA_Phocaeicola massiliensis,Phocaeicola massiliensis,Gender,Male,Female,Condition=Adenoma,132,77,0.3409090909090909,0.2857142857142857,0.055194805194805185,5,5,0.2860033690306701,0.592793122884149,1.1852906494552844,0.6323139514824869,2.2218613402286147,0.913314148411555,False
Male_vs_Female__Adenoma,Male vs Female within Adenoma samples,PA_Phocaeicola vulgatus,Phocaeicola vulgatus,Gender,Male,Female,Condition=Adenoma,132,77,0.7803030303030303,0.8051948051948052,-0.024891774891774965,5,5,0.2787902360090384,0.5974952372785873,0.8103661080382221,0.36857383106836283,1.7817142013406058,0.913314148411555,False
Male_vs_Female__Adenoma,Male vs Female within Adenoma samples,PA_Eubacterium sp. CAG:251,Eubacterium sp. CAG:251,Gender,Male,Female,Condition=Adenoma,132,77,0.17424242424242425,0.22077922077922077,-0.046536796536796515,5,5,0.26260652144368407,0.60833506820655,0.8308461321869955,0.40643774117117837,1.6984281365724752,0.9167866520859276,False
Male_vs_Female__Adenoma,Male vs Female within Adenoma samples,PA_Acidaminococcus intestini,Acidaminococcus intestini,Gender,Male,Female,Condition=Adenoma,132,77,0.15151515151515152,0.1038961038961039,0.047619047619047616,5,5,0.23355242058662334,0.6289021816457494,1.2385572817540536,0.5226924784368066,2.9348502292853507,0.9291580703151462,False
Male_vs_Female__Adenoma,Male vs Female within Adenoma samples,PA_Phascolarctobacterium faecium,Phascolarctobacterium faecium,Gender,Male,Female,Condition=Adenoma,132,77,0.23484848484848486,0.18181818181818182,0.05303030303030304,5,5,0.22457070896210016,0.6355791204474226,1.1905353989338443,0.5797054551420893,2.444990854479989,0.9291580703151462,False
Male_vs_Female__Adenoma,Male vs Female within Adenoma samples,PA_Alistipes finegoldii,Alistipes finegoldii,Gender,Male,Female,Condition=Adenoma,132,77,0.6287878787878788,0.5844155844155844,0.044372294372294396,5,5,0.21536393628605724,0.6425953009656151,1.158361006817843,0.6202397252348286,2.163357436687933,0.9291580703151462,False
Male_vs_Female__Adenoma,Male vs Female within Adenoma samples,PA_Alistipes putredinis,Alistipes putredinis,Gender,Male,Female,Condition=Adenoma,132,77,0.6893939393939394,0.6883116883116883,0.0010822510822511289,5,5,0.19395664096364498,0.6596437409549454,0.8652214692357677,0.4523738854714722,1.6548439573303122,0.9344280563086057,False
Male_vs_Female__Adenoma,Male vs Female within Adenoma samples,PA_Lachnospira pectinoschiza,Lachnospira pectinoschiza,Gender,Male,Female,Condition=Adenoma,132,77,0.44696969696969696,0.4025974025974026,0.04437229437229434,5,5,0.1826403376733455,0.6691139266954858,1.1445768042636841,0.6192889191803941,2.1154198311706893,0.9344280563086057,False
Male_vs_Female__Adenoma,Male vs Female within Adenoma samples,PA_[Ruminococcus] gnavus,[Ruminococcus] gnavus,Gender,Male,Female,Condition=Adenoma,132,77,0.6818181818181818,0.6363636363636364,0.045454545454545414,5,5,0.1787625124383561,0.6724388816426414,1.1490806826979025,0.603344945492212,2.188443651039953,0.9344280563086057,False
Male_vs_Female__Adenoma,Male vs Female within Adenoma samples,PA_Blautia obeum,Blautia obeum,Gender,Male,Female,Condition=Adenoma,132,77,0.803030303030303,0.7792207792207793,0.023809523809523725,5,5,0.1673029915279651,0.682519932338058,1.1681404440242305,0.5608738387955317,2.4329038057747208,0.9362773430791308,False
Male_vs_Female__Adenoma,Male vs Female within Adenoma samples,PA_Prevotella copri,Prevotella copri,Gender,Male,Female,Condition=Adenoma,132,77,0.36363636363636365,0.36363636363636365,0.0,5,5,0.1524002294500134,0.696252085157775,0.8823599149686289,0.4715345501596307,1.6511176525238223,0.9422557140742895,False
Male_vs_Female__Adenoma,Male vs Female within Adenoma samples,PA_Anaerotignum lactatifermentans,Anaerotignum lactatifermentans,Gender,Male,Female,Condition=Adenoma,132,77,0.20454545454545456,0.14285714285714285,0.06168831168831171,5,5,0.13753064238056267,0.710748334112788,1.1584067067112491,0.5328378117102397,2.5184137999638403,0.9422557140742895,False
Male_vs_Female__Adenoma,Male vs Female within Adenoma samples,PA_Phocaeicola dorei,Phocaeicola dorei,Gender,Male,Female,Condition=Adenoma,132,77,0.6742424242424242,0.6233766233766234,0.050865800865800836,5,5,0.13500669249442226,0.713296381682406,1.1231977942812876,0.5978055513470739,2.110340531692229,0.9422557140742895,False
Male_vs_Female__Adenoma,Male vs Female within Adenoma samples,PA_Faecalibacterium prausnitzii,Faecalibacterium prausnitzii,Gender,Male,Female,Condition=Adenoma,132,77,0.9242424242424242,0.948051948051948,-0.023809523809523836,5,5,0.10505274923013413,0.7458483830231708,0.8423851685742674,0.29310915308707525,2.420984690379454,0.9449886756729474,False
Male_vs_Female__Adenoma,Male vs Female within Adenoma samples,PA_Coprococcus catus,Coprococcus catus,Gender,Male,Female,Condition=Adenoma,132,77,0.6287878787878788,0.6233766233766234,0.005411255411255422,5,5,0.1034523154447757,0.7477254067082943,1.112305127063272,0.5876153504004418,2.1054975756642715,0.9449886756729474,False
Male_vs_Female__Adenoma,Male vs Female within Adenoma samples,PA_[Eubacterium] rectale,[Eubacterium] rectale,Gender,Male,Female,Condition=Adenoma,132,77,0.7878787878787878,0.8181818181818182,-0.030303030303030387,5,5,0.10242071177033897,0.7489437994419802,0.8912991057818961,0.43148924119925625,1.8410982710939883,0.9449886756729474,False
Male_vs_Female__Adenoma,Male vs Female within Adenoma samples,PA_Eubacterium ventriosum,Eubacterium ventriosum,Gender,Male,Female,Condition=Adenoma,132,77,0.5,0.4805194805194805,0.019480519480519487,5,5,0.10033612398238839,0.7514266444111254,0.9007849287285199,0.4744708808614681,1.7101439109418268,0.9449886756729474,False
Male_vs_Female__Adenoma,Male vs Female within Adenoma samples,PA_Eubacterium sp. CAG:274,Eubacterium sp. CAG:274,Gender,Male,Female,Condition=Adenoma,132,77,0.21212121212121213,0.23376623376623376,-0.021645021645021634,5,5,0.09370114958883337,0.7595236084847988,0.8982287817902136,0.45118002786846506,1.7882328440999746,0.9449886756729474,False
Male_vs_Female__Adenoma,Male vs Female within Adenoma samples,PA_Desulfovibrio piger,Desulfovibrio piger,Gender,Male,Female,Condition=Adenoma,132,77,0.20454545454545456,0.18181818181818182,0.022727272727272735,5,5,0.06051615975203426,0.805681981150899,0.9090542592121384,0.42744786072176655,1.9332875939450196,0.9664718109787896,False
Male_vs_Female__Adenoma,Male vs Female within Adenoma samples,PA_Eubacterium ramulus,Eubacterium ramulus,Gender,Male,Female,Condition=Adenoma,132,77,0.6287878787878788,0.6493506493506493,-0.02056277056277056,5,5,0.05440515693643865,0.8155679570485053,0.9251330806706556,0.4831775219218533,1.7713390588761744,0.9664718109787896,False
Male_vs_Female__Adenoma,Male vs Female within Adenoma samples,PA_Ruthenibacterium lactatiformans,Ruthenibacterium lactatiformans,Gender,Male,Female,Condition=Adenoma,132,77,0.9015151515151515,0.922077922077922,-0.02056277056277056,5,5,0.0543238237087796,0.8157033871940524,0.8876493040287914,0.32740078895110203,2.4065955658417044,0.9664718109787896,False
Male_vs_Female__Adenoma,Male vs Female within Adenoma samples,PA_Intestinibacter bartlettii,Intestinibacter bartlettii,Gender,Male,Female,Condition=Adenoma,132,77,0.3409090909090909,0.37662337662337664,-0.035714285714285754,5,5,0.035843658644995585,0.8498387171477434,1.0659589079211456,0.5433114201748189,2.0913758687620247,0.9664718109787896,False
Male_vs_Female__Adenoma,Male vs Female within Adenoma samples,PA_Klebsiella pneumoniae,Klebsiella pneumoniae,Gender,Male,Female,Condition=Adenoma,132,77,0.1893939393939394,0.15584415584415584,0.03354978354978355,5,5,0.03525755302283211,0.8510569954573735,1.0756232464800266,0.4998460512797814,2.3146434095177795,0.9664718109787896,False
Male_vs_Female__Adenoma,Male vs Female within Adenoma samples,PA_Gemmiger formicilis,Gemmiger formicilis,Gender,Male,Female,Condition=Adenoma,132,77,0.7424242424242424,0.7662337662337663,-0.023809523809523836,5,5,0.032762161474734555,0.8563650576222647,0.9381717122634233,0.47014585503827266,1.8721129884674468,0.9664718109787896,False
Male_vs_Female__Adenoma,Male vs Female within Adenoma samples,PA_Alistipes inops,Alistipes inops,Gender,Male,Female,Condition=Adenoma,132,77,0.2727272727272727,0.2857142857142857,-0.012987012987012991,5,5,0.032592833809598806,0.8567326937082526,1.0631696100288837,0.5485580348593425,2.0605470120928957,0.9664718109787896,False
Male_vs_Female__Adenoma,Male vs Female within Adenoma samples,PA_Adlercreutzia equolifaciens_1,Adlercreutzia equolifaciens_1,Gender,Male,Female,Condition=Adenoma,132,77,0.6590909090909091,0.7012987012987013,-0.04220779220779225,5,5,0.03137827571098166,0.8593990969991266,0.9450660873128378,0.504742321523012,1.7695165855991655,0.9664718109787896,False
Male_vs_Female__Adenoma,Male vs Female within Adenoma samples,PA_Bacteroides salyersiae,Bacteroides salyersiae,Gender,Male,Female,Condition=Adenoma,132,77,0.16666666666666666,0.12987012987012986,0.0367965367965368,5,5,0.01842478887031171,0.8920284519988164,1.0550597511949409,0.4801411487691459,2.318383003508701,0.9664718109787896,False
Male_vs_Female__Adenoma,Male vs Female within Adenoma samples,PA_Firmicutes bacterium CAG:83,Firmicutes bacterium CAG:83,Gender,Male,Female,Condition=Adenoma,132,77,0.7045454545454546,0.6883116883116883,0.016233766233766267,5,5,0.017075894821291213,0.8960325938954123,0.956696778940716,0.4894260722599382,1.8700857569954599,0.9664718109787896,False
Male_vs_Female__Adenoma,Male vs Female within Adenoma samples,PA_[Eubacterium] siraeum,[Eubacterium] siraeum,Gender,Male,Female,Condition=Adenoma,132,77,0.4696969696969697,0.5064935064935064,-0.036796536796536716,5,5,0.015619891428019589,0.9005397290054723,1.0407688422239985,0.556385432425274,1.9468514447307401,0.9664718109787896,False
Male_vs_Female__Adenoma,Male vs Female within Adenoma samples,PA_Slackia isoflavoniconvertens,Slackia isoflavoniconvertens,Gender,Male,Female,Condition=Adenoma,132,77,0.42424242424242425,0.45454545454545453,-0.030303030303030276,5,5,0.014575946651806986,0.903904195035135,1.039129330372203,0.555079608517035,1.9452881148428007,0.9664718109787896,False
Male_vs_Female__Adenoma,Male vs Female within Adenoma samples,PA_Phocaeicola coprocola,Phocaeicola coprocola,Gender,Male,Female,Condition=Adenoma,132,77,0.17424242424242425,0.15584415584415584,0.018398268398268414,5,5,0.01408252903523554,0.905536938167461,1.0481272939161068,0.48449025993634204,2.2674776256518427,0.9664718109787896,False
Male_vs_Female__Adenoma,Male vs Female within Adenoma samples,PA_Barnesiella intestinihominis,Barnesiella intestinihominis,Gender,Male,Female,Condition=Adenoma,132,77,0.5454545454545454,0.5324675324675324,0.012987012987012991,5,5,0.012366483274820613,0.9114540319192534,0.9652576217515698,0.5187933182190243,1.7959411650636214,0.9664718109787896,False
Male_vs_Female__Adenoma,Male vs Female within Adenoma samples,PA_Bifidobacterium adolescentis,Bifidobacterium adolescentis,Gender,Male,Female,Condition=Adenoma,132,77,0.5227272727272727,0.5194805194805194,0.0032467532467532756,5,5,0.010393491455548746,0.9187975732766231,1.031118132263789,0.5729913877721325,1.8555333035930033,0.9664718109787896,False
Male_vs_Female__Adenoma,Male vs Female within Adenoma samples,PA_Roseburia inulinivorans,Roseburia inulinivorans,Gender,Male,Female,Condition=Adenoma,132,77,0.75,0.7532467532467533,-0.0032467532467532756,5,5,0.009758327346450001,0.9213095768209023,0.9625476516990384,0.454318165064084,2.039315292754464,0.9664718109787896,False
Male_vs_Female__Adenoma,Male vs Female within Adenoma samples,PA_Akkermansia muciniphila,Akkermansia muciniphila,Gender,Male,Female,Condition=Adenoma,132,77,0.5,0.5454545454545454,-0.045454545454545414,5,5,0.006044578625373792,0.9380293955630861,0.97536666355821,0.522423811149492,1.82101218986829,0.9744577216043709,False
Male_vs_Female__Adenoma,Male vs Female within Adenoma samples,PA_Butyricimonas virosa,Butyricimonas virosa,Gender,Male,Female,Condition=Adenoma,132,77,0.49242424242424243,0.42857142857142855,0.06385281385281388,5,5,0.0032106344255404514,0.9548140781595336,1.018874154349437,0.5368632293244765,1.9336480609921922,0.9823567919525971,False
Male_vs_Female__Adenoma,Male vs Female within Adenoma samples,PA_Phocaeicola plebeius,Phocaeicola plebeius,Gender,Male,Female,Condition=Adenoma,132,77,0.2878787878787879,0.24675324675324675,0.04112554112554115,5,5,0.0012846202878777592,0.9714086623884615,1.0120336274706567,0.5246020674765984,1.9523599440963015,0.9829538327673081,False
Male_vs_Female__Adenoma,Male vs Female within Adenoma samples,PA_Erysipelatoclostridium ramosum,Erysipelatoclostridium ramosum,Gender,Male,Female,Condition=Adenoma,132,77,0.4015151515151515,0.37662337662337664,0.024891774891774854,5,5,0.0006744560367604336,0.9792810344629103,1.0083497964046715,0.5421262251865898,1.8755213540156435,0.9829538327673081,False
Male_vs_Female__Adenoma,Male vs Female within Adenoma samples,PA_Anaerobutyricum hallii,Anaerobutyricum hallii,Gender,Male,Female,Condition=Adenoma,132,77,0.7803030303030303,0.7922077922077922,-0.011904761904761973,5,5,0.00045649859958281716,0.9829538327673081,1.0081941946895996,0.4770324198637136,2.130789212389816,0.9829538327673081,False
Male_vs_Female__CRC,Male vs Female within CRC samples,PA_Collinsella aerofaciens,Collinsella aerofaciens,Gender,Male,Female,Condition=CRC,426,245,0.9014084507042254,0.8081632653061225,0.09324518539810289,10,10,14.660236037655046,0.0001287336257287386,2.415056313144555,1.5198830540273947,3.8374643234585633,0.009743925120798275,True
Male_vs_Female__CRC,Male vs Female within CRC samples,PA_Holdemanella biformis,Holdemanella biformis,Gender,Male,Female,Condition=CRC,426,245,0.352112676056338,0.22857142857142856,0.12354124748490944,10,10,13.536619935272185,0.00023395335993148247,1.9907748499696045,1.3758048622525847,2.8806298131427153,0.009743925120798275,True
Male_vs_Female__CRC,Male vs Female within CRC samples,PA_Phascolarctobacterium succinatutens,Phascolarctobacterium succinatutens,Gender,Male,Female,Condition=CRC,426,245,0.38028169014084506,0.2571428571428571,0.12313883299798795,10,10,13.007305171971653,0.00031027814424977596,1.8929487360619346,1.3312891170816075,2.6915677979953196,0.009743925120798275,True
Male_vs_Female__CRC,Male vs Female within CRC samples,PA_Desulfovibrio piger,Desulfovibrio piger,Gender,Male,Female,Condition=CRC,426,245,0.24882629107981222,0.1346938775510204,0.1141324135287918,10,10,12.707156497617108,0.00036425888302049625,2.2102666617757167,1.4197367935277843,3.4409749317112177,0.009743925120798275,True
Male_vs_Female__CRC,Male vs Female within CRC samples,PA_Coprococcus eutactus,Coprococcus eutactus,Gender,Male,Female,Condition=CRC,426,245,0.25586854460093894,0.1510204081632653,0.10484813643767363,10,10,11.04061165305118,0.0008913744787937272,2.0563738951182615,1.3331044378914345,3.1720497481895156,0.019075413846185763,True
Male_vs_Female__CRC,Male vs Female within CRC samples,PA_Slackia isoflavoniconvertens,Slackia isoflavoniconvertens,Gender,Male,Female,Condition=CRC,426,245,0.4272300469483568,0.31020408163265306,0.11702596531570375,10,10,10.092880862463302,0.0014884322852227738,1.775432636011955,1.24334095159897,2.5352346361330693,0.0265437090864728,True
Male_vs_Female__CRC,Male vs Female within CRC samples,PA_Parabacteroides merdae,Parabacteroides merdae,Gender,Male,Female,Condition=CRC,426,245,0.7676056338028169,0.6816326530612244,0.08597298074159243,10,10,9.440237026403437,0.002122760582916716,1.7637166873647248,1.2245817525440863,2.5402114206146558,0.03054796769607331,True
Male_vs_Female__CRC,Male vs Female within CRC samples,PA_Bacteroides sp. CAG:144,Bacteroides sp. CAG:144,Gender,Male,Female,Condition=CRC,426,245,0.23708920187793428,0.1469387755102041,0.09015042636773019,10,10,9.22043097620432,0.002393292028450844,1.9062707346759076,1.2506265602803073,2.905638045195004,0.03054796769607331,True
Male_vs_Female__CRC,Male vs Female within CRC samples,PA_Bacteroides cellulosilyticus,Bacteroides cellulosilyticus,Gender,Male,Female,Condition=CRC,426,245,0.5563380281690141,0.4489795918367347,0.10735843633227943,10,10,8.930334951209591,0.002804729065494005,1.6414053276026201,1.183963283452887,2.2755869942393145,0.03054796769607331,True
Male_vs_Female__CRC,Male vs Female within CRC samples,PA_Acidaminococcus intestini,Acidaminococcus intestini,Gender,Male,Female,Condition=CRC,426,245,0.2323943661971831,0.12653061224489795,0.10586375395228514,10,10,8.897924205757652,0.002854950251969468,1.9128636054105537,1.2400699804785082,2.9506779701999872,0.03054796769607331,True
Male_vs_Female__CRC,Male vs Female within CRC samples,PA_Eggerthella lenta,Eggerthella lenta,Gender,Male,Female,Condition=CRC,426,245,0.6666666666666666,0.7795918367346939,-0.11292517006802727,10,10,7.749405908381148,0.005373021356769425,0.5894374674826311,0.40571108092963276,0.8563644041376277,0.045778206192607515,True
Male_vs_Female__CRC,Male vs Female within CRC samples,PA_Parabacteroides distasonis,Parabacteroides distasonis,Gender,Male,Female,Condition=CRC,426,245,0.8967136150234741,0.8448979591836735,0.051815655839800634,10,10,7.692582468327633,0.005544823080021799,2.0688579070670943,1.2344708322280673,3.4672127748120665,0.045778206192607515,True
Male_vs_Female__CRC,Male vs Female within CRC samples,PA_Bifidobacterium adolescentis,Bifidobacterium adolescentis,Gender,Male,Female,Condition=CRC,426,245,0.6009389671361502,0.5102040816326531,0.09073488550349718,10,10,7.687052739694938,0.005561838135550445,1.5945330822718464,1.1463523645215854,2.217935627079592,0.045778206192607515,True
Male_vs_Female__CRC,Male vs Female within CRC samples,PA_Methanobrevibacter smithii,Methanobrevibacter smithii,Gender,Male,Female,Condition=CRC,426,245,0.34507042253521125,0.2653061224489796,0.07976430008623164,10,10,6.9878661129684385,0.00820641334071226,1.6804441847525524,1.136645475658884,2.4844093594194203,0.05956033899550556,False
Male_vs_Female__CRC,Male vs Female within CRC samples,PA_Dorea formicigenerans,Dorea formicigenerans,Gender,Male,Female,Condition=CRC,426,245,0.7934272300469484,0.710204081632653,0.08322314841429534,10,10,6.9569166499419275,0.008349580233014797,1.687765310503962,1.1460624618629822,2.4855117745590154,0.05956033899550556,False
Male_vs_Female__CRC,Male vs Female within CRC samples,PA_Megamonas funiformis,Megamonas funiformis,Gender,Male,Female,Condition=CRC,426,245,0.21830985915492956,0.1469387755102041,0.07137108364472547,10,10,6.204296576423684,0.012744058355139143,1.711627758895461,1.1151951655258443,2.62704652565462,0.08359290492572369,False
Male_vs_Female__CRC,Male vs Female within CRC samples,PA_Paraprevotella xylaniphila,Paraprevotella xylaniphila,Gender,Male,Female,Condition=CRC,426,245,0.3685446009389671,0.2816326530612245,0.08691194787774265,10,10,6.085801429055739,0.013627253672820583,1.5528066202614672,1.095824690465232,2.200359620391618,0.08359290492572369,False
Male_vs_Female__CRC,Male vs Female within CRC samples,PA_Bacteroides stercoris,Bacteroides stercoris,Gender,Male,Female,Condition=CRC,426,245,0.6455399061032864,0.5551020408163265,0.09043786528695985,10,10,5.963753122159647,0.014602923529962952,1.509159729619723,1.0836532409892397,2.101745284706338,0.08359290492572369,False
Male_vs_Female__CRC,Male vs Female within CRC samples,PA_Bacteroides salyersiae,Bacteroides salyersiae,Gender,Male,Female,Condition=CRC,426,245,0.2652582159624413,0.1836734693877551,0.0815847465746862,10,10,5.934936932248605,0.014843599940081775,1.6357816853339993,1.1003176276482343,2.4318266424516217,0.08359290492572369,False
Male_vs_Female__CRC,Male vs Female within CRC samples,PA_Bacteroides intestinalis,Bacteroides intestinalis,Gender,Male,Female,Condition=CRC,426,245,0.24882629107981222,0.17551020408163265,0.07331608699817957,10,10,5.397114913493059,0.020170067196450536,1.6300441383947706,1.0805204305671414,2.459040863966381,0.1040595394567211,False
Male_vs_Female__CRC,Male vs Female within CRC samples,PA_Bacteroides thetaiotaomicron,Bacteroides thetaiotaomicron,Gender,Male,Female,Condition=CRC,426,245,0.8615023474178404,0.8244897959183674,0.03701255149947302,10,10,5.375379270455093,0.020422900267206945,1.7504094014468936,1.0847755025720927,2.8244858640417605,0.1040595394567211,False
Male_vs_Female__CRC,Male vs Female within CRC samples,PA_Parvimonas micra,Parvimonas micra,Gender,Male,Female,Condition=CRC,426,245,0.43661971830985913,0.3795918367346939,0.05702788157516525,10,10,5.115287434238768,0.023715937302231538,1.4724149847942016,1.0507495365969117,2.0632946405744637,0.11194638176137336,False
Male_vs_Female__CRC,Male vs Female within CRC samples,PA_Dorea longicatena,Dorea longicatena,Gender,Male,Female,Condition=CRC,426,245,0.8075117370892019,0.746938775510204,0.06057296157899783,10,10,5.090068515998014,0.02406324093936063,1.576491743528656,1.0622213225528923,2.3397442365785945,0.11194638176137336,False
Male_vs_Female__CRC,Male vs Female within CRC samples,PA_Phocaeicola coprocola,Phocaeicola coprocola,Gender,Male,Female,Condition=CRC,426,245,0.23708920187793428,0.17142857142857143,0.06566063044936285,10,10,4.605114781380831,0.03187671931439562,1.5538007677744858,1.0360114511781977,2.330376583377469,0.13919071132083888,False
Male_vs_Female__CRC,Male vs Female within CRC samples,PA_Flavonifractor plautii,Flavonifractor plautii,Gender,Male,Female,Condition=CRC,426,245,0.8873239436619719,0.9510204081632653,-0.0636964645012934,10,10,4.552990550970394,0.0328613030737821,0.47583660653210846,0.23798104880560028,0.9514222970794152,0.13919071132083888,False
Male_vs_Female__CRC,Male vs Female within CRC samples,PA_[Ruminococcus] torques,[Ruminococcus] torques,Gender,Male,Female,Condition=CRC,426,245,0.6690140845070423,0.5918367346938775,0.07717734981316471,10,10,4.503677449924954,0.0338220420031945,1.452603828492861,1.030529721723289,2.047546847094912,0.13919071132083888,False
Male_vs_Female__CRC,Male vs Female within CRC samples,PA_Bacteroides uniformis,Bacteroides uniformis,Gender,Male,Female,Condition=CRC,426,245,0.9483568075117371,0.926530612244898,0.021826195266839155,10,10,4.2817169810729725,0.038524413881130704,1.9970691345873104,1.037235676687916,3.8451098607180914,0.15267082538077725,False
Male_vs_Female__CRC,Male vs Female within CRC samples,PA_Gordonibacter pamelaeae,Gordonibacter pamelaeae,Gender,Male,Female,Condition=CRC,426,245,0.7394366197183099,0.8163265306122449,-0.07688991089393504,10,10,4.0358085611347265,0.04454432511574491,0.6642603256105782,0.4451049051500393,0.991320866328207,0.1702229566923109,False
Male_vs_Female__CRC,Male vs Female within CRC samples,PA_Coprobacter fastidiosus,Coprobacter fastidiosus,Gender,Male,Female,Condition=CRC,426,245,0.32629107981220656,0.2612244897959184,0.06506659001628817,10,10,3.9730775994147627,0.04623319894810529,1.4616013415898146,1.006400195793548,2.122692832002767,0.17058456163611266,False
Male_vs_Female__CRC,Male vs Female within CRC samples,PA_Gemmiger formicilis,Gemmiger formicilis,Gender,Male,Female,Condition=CRC,426,245,0.7300469483568075,0.6693877551020408,0.06065919325476665,10,10,3.584428180282658,0.05832348596719317,1.4088711876669857,0.9880897730196463,2.0088438091735177,0.20802043328298897,False
Male_vs_Female__CRC,Male vs Female within CRC samples,PA_Akkermansia muciniphila,Akkermansia muciniphila,Gender,Male,Female,Condition=CRC,426,245,0.5633802816901409,0.5020408163265306,0.061339465363610235,10,10,3.30098044217668,0.06923854512334426,1.3667496726599686,0.9747552028579516,1.9163833773230452,0.23898465574831732,False
Male_vs_Female__CRC,Male vs Female within CRC samples,PA_Clostridium sp. CAG:58,Clostridium sp. CAG:58,Gender,Male,Female,Condition=CRC,426,245,0.4812206572769953,0.4,0.08122065727699529,10,10,3.1883296695688164,0.07416575699608585,1.3566157561938958,0.9713304227566819,1.89472734183531,0.24754042387465583,False
Male_vs_Female__CRC,Male vs Female within CRC samples,PA_Eubacterium sp. CAG:251,Eubacterium sp. CAG:251,Gender,Male,Female,Condition=CRC,426,245,0.16666666666666666,0.22040816326530613,-0.05374149659863947,10,10,3.1410585785390763,0.0763442428772303,0.6944150273679912,0.4636274767097092,1.040085530859111,0.24754042387465583,False
Male_vs_Female__CRC,Male vs Female within CRC samples,PA_Butyricimonas virosa,Butyricimonas virosa,Gender,Male,Female,Condition=CRC,426,245,0.6103286384976526,0.5551020408163265,0.055226597681326095,10,10,2.980549207961317,0.08427067277789746,1.3368297534995468,0.9601754002069802,1.8612368005433382,0.24901115851204147,False
Male_vs_Female__CRC,Male vs Female within CRC samples,PA_Anaerotignum lactatifermentans,Anaerotignum lactatifermentans,Gender,Male,Female,Condition=CRC,426,245,0.2793427230046948,0.22857142857142856,0.05077129443326625,10,10,2.9640639468653194,0.08513371768905909,1.3785621666161292,0.9514338508833895,1.9974416986118766,0.24901115851204147,False
Male_vs_Female__CRC,Male vs Female within CRC samples,PA_Phascolarctobacterium faecium,Phascolarctobacterium faecium,Gender,Male,Female,Condition=CRC,426,245,0.37089201877934275,0.43673469387755104,-0.06584267509820829,10,10,2.9533517130562488,0.08569965050093598,0.7434252407618419,0.5291190198391488,1.0445307537230786,0.24901115851204147,False
Male_vs_Female__CRC,Male vs Female within CRC samples,PA_Eubacterium sp. CAG:180,Eubacterium sp. CAG:180,Gender,Male,Female,Condition=CRC,426,245,0.45539906103286387,0.39591836734693875,0.05948069368592512,10,10,2.9456948102086526,0.0861066622892106,1.340747065049512,0.9567588581684586,1.8788461450778358,0.24901115851204147,False
Male_vs_Female__CRC,Male vs Female within CRC samples,PA_Alistipes shahii,Alistipes shahii,Gender,Male,Female,Condition=CRC,426,245,0.6971830985915493,0.6489795918367347,0.04820350675481455,10,10,2.848738756731031,0.09144565039298702,1.356053780846589,0.9527439734243408,1.9300902528294581,0.2545216141499383,False
Male_vs_Female__CRC,Male vs Female within CRC samples,PA_Bacteroides ovatus,Bacteroides ovatus,Gender,Male,Female,Condition=CRC,426,245,0.8215962441314554,0.7918367346938775,0.02975950943757788,10,10,2.8256459756250467,0.09276956029764105,1.4192118301688663,0.9393123157859538,2.1442944854885106,0.2545216141499383,False
Male_vs_Female__CRC,Male vs Female within CRC samples,PA_Faecalibacterium prausnitzii,Faecalibacterium prausnitzii,Gender,Male,Female,Condition=CRC,426,245,0.9248826291079812,0.9673469387755103,-0.04246430966752901,10,10,2.7622230716460674,0.0965140369013402,0.5590896841409423,0.27945103176952385,1.118554735452252,0.25556362814403866,False
Male_vs_Female__CRC,Male vs Female within CRC samples,PA_Prevotella copri,Prevotella copri,Gender,Male,Female,Condition=CRC,426,245,0.5093896713615024,0.4489795918367347,0.06041007952476768,10,10,2.7389964095209143,0.0979262500365008,1.3383026249077778,0.9493527401465254,1.886605304956104,0.25556362814403866,False
Male_vs_Female__CRC,Male vs Female within CRC samples,PA_Phocaeicola massiliensis,Phocaeicola massiliensis,Gender,Male,Female,Condition=CRC,426,245,0.3779342723004695,0.3183673469387755,0.059566925361694,10,10,2.4776145412396056,0.11547727556782239,1.3130452456599404,0.9349430687525976,1.8440564722838726,0.2864516955548208,False
Male_vs_Female__CRC,Male vs Female within CRC samples,PA_Streptococcus salivarius,Streptococcus salivarius,Gender,Male,Female,Condition=CRC,426,245,0.8051643192488263,0.8693877551020408,-0.06422343585321455,10,10,2.436764362028296,0.11852047381987396,0.6837893702097609,0.4254346357404159,1.099035817801054,0.2864516955548208,False
Male_vs_Female__CRC,Male vs Female within CRC samples,PA_Oscillibacter sp. CAG:241,Oscillibacter sp. CAG:241,Gender,Male,Female,Condition=CRC,426,245,0.5164319248826291,0.46530612244897956,0.05112580243364956,10,10,2.4088465573488103,0.12065123500150321,1.3071500795375306,0.9276372897467937,1.8419282507512829,0.2864516955548208,False
Male_vs_Female__CRC,Male vs Female within CRC samples,PA_Firmicutes bacterium CAG:110,Firmicutes bacterium CAG:110,Gender,Male,Female,Condition=CRC,426,245,0.3051643192488263,0.2530612244897959,0.05210309475903041,10,10,2.4040081585124624,0.12102480891340595,1.3381232841109836,0.9240165826161536,1.9378157894205108,0.2864516955548208,False
Male_vs_Female__CRC,Male vs Female within CRC samples,PA_[Ruminococcus] gnavus,[Ruminococcus] gnavus,Gender,Male,Female,Condition=CRC,426,245,0.7300469483568075,0.7959183673469388,-0.06587141899013127,10,10,2.376826892792727,0.12314745790207249,0.7363734013160308,0.4989021348721459,1.0868780633795083,0.2864516955548208,False
Male_vs_Female__CRC,Male vs Female within CRC samples,PA_[Eubacterium] rectale,[Eubacterium] rectale,Gender,Male,Female,Condition=CRC,426,245,0.7887323943661971,0.7428571428571429,0.04587525150905425,10,10,2.255694941115269,0.13312368208359215,1.3455470485819327,0.9121240138709358,1.9849240151720562,0.30306880814775233,False
Male_vs_Female__CRC,Male vs Female within CRC samples,PA_Klebsiella pneumoniae,Klebsiella pneumoniae,Gender,Male,Female,Condition=CRC,426,245,0.284037558685446,0.23265306122448978,0.05138449746095622,10,10,2.066539228524542,0.150562840310557,1.317941099030219,0.8977788920759784,1.9347400076387438,0.33562966485894996,False
Male_vs_Female__CRC,Male vs Female within CRC samples,PA_Erysipelatoclostridium ramosum,Erysipelatoclostridium ramosum,Gender,Male,Female,Condition=CRC,426,245,0.49295774647887325,0.563265306122449,-0.07030755964357571,10,10,2.0026675448026214,0.15702265428355233,0.7899052957009125,0.5691135158364635,1.0963548726466021,0.34288620425183874,False
Male_vs_Female__CRC,Male vs Female within CRC samples,PA_Roseburia inulinivorans,Roseburia inulinivorans,Gender,Male,Female,Condition=CRC,426,245,0.8075117370892019,0.7714285714285715,0.03608316566063041,10,10,1.9636121120222738,0.16112753586918194,1.3329891256411956,0.8934033870773815,1.9888664345569327,0.3448129267600493,False
Male_vs_Female__CRC,Male vs Female within CRC samples,PA_Lachnospira pectinoschiza,Lachnospira pectinoschiza,Gender,Male,Female,Condition=CRC,426,245,0.4671361502347418,0.4122448979591837,0.05489125227555813,10,10,1.8971753966235676,0.16839482305623277,1.2690971391648667,0.9048314836810907,1.7800082973285556,0.35329894249052757,False
Male_vs_Female__CRC,Male vs Female within CRC samples,PA_Alistipes finegoldii,Alistipes finegoldii,Gender,Male,Female,Condition=CRC,426,245,0.7089201877934272,0.6653061224489796,0.04361406534444767,10,10,1.6687229574038314,0.19642967111789522,1.2738314359929128,0.8830322752478866,1.8375846192804828,0.39904697896745533,False
Male_vs_Female__CRC,Male vs Female within CRC samples,PA_Enterocloster bolteae,Enterocloster bolteae,Gender,Male,Female,Condition=CRC,426,245,0.6971830985915493,0.6693877551020408,0.027795343489508406,10,10,1.65958930661023,0.19765878397453396,1.2660700035294188,0.8808414338740803,1.8197750380417823,0.39904697896745533,False
Male_vs_Female__CRC,Male vs Female within CRC samples,PA_[Eubacterium] siraeum,[Eubacterium] siraeum,Gender,Male,Female,Condition=CRC,426,245,0.4812206572769953,0.44081632653061226,0.040404330746383055,10,10,1.5693498899516634,0.21030145056257743,1.2674912846336683,0.874956336443699,1.836130661276356,0.41670842981844053,False
Male_vs_Female__CRC,Male vs Female within CRC samples,PA_Alistipes putredinis,Alistipes putredinis,Gender,Male,Female,Condition=CRC,426,245,0.744131455399061,0.7061224489795919,0.03800900641946914,10,10,1.4458930273959698,0.2291880959489082,1.2585308032172215,0.8658453060564661,1.8293103532090877,0.4386958766174393,False
Male_vs_Female__CRC,Male vs Female within CRC samples,PA_Phocaeicola dorei,Phocaeicola dorei,Gender,Male,Female,Condition=CRC,426,245,0.6572769953051644,0.6244897959183674,0.03278719938679697,10,10,1.4433510167377817,0.2295978419680056,1.2356715121219004,0.8758759208411513,1.7432652839722709,0.4386958766174393,False
Male_vs_Female__CRC,Male vs Female within CRC samples,PA_Phocaeicola vulgatus,Phocaeicola vulgatus,Gender,Male,Female,Condition=CRC,426,245,0.8826291079812206,0.8693877551020408,0.013241352879179824,10,10,1.2898988388029742,0.25606659421300404,1.334105834736878,0.8110204883716118,2.1945664798833726,0.46574081297063896,False
Male_vs_Female__CRC,Male vs Female within CRC samples,PA_Phocaeicola plebeius,Phocaeicola plebeius,Gender,Male,Female,Condition=CRC,426,245,0.4107981220657277,0.3836734693877551,0.027124652677972594,10,10,1.2562928448080661,0.2623539727053017,1.2073194176165198,0.8649051146628179,1.6852948970271078,0.46574081297063896,False
Male_vs_Female__CRC,Male vs Female within CRC samples,PA_Dialister invisus,Dialister invisus,Gender,Male,Female,Condition=CRC,426,245,0.20892018779342722,0.24897959183673468,-0.04005940404330746,10,10,1.2560780733215093,0.26239476541947493,0.795592762027307,0.5353574317885408,1.1823275542763982,0.46574081297063896,False
Male_vs_Female__CRC,Male vs Female within CRC samples,PA_Streptococcus parasanguinis,Streptococcus parasanguinis,Gender,Male,Female,Condition=CRC,426,245,0.784037558685446,0.8326530612244898,-0.04861550253904379,10,10,1.2230160979924827,0.26876955272942604,0.7857992938168292,0.5140193526729668,1.2012787591596485,0.46574081297063896,False
Male_vs_Female__CRC,Male vs Female within CRC samples,PA_Veillonella parvula,Veillonella parvula,Gender,Male,Female,Condition=CRC,426,245,0.4812206572769953,0.5428571428571428,-0.061636485580147504,10,10,1.2182782414763973,0.2696988126432385,0.8311425048320982,0.5990302497066444,1.1531936219863188,0.46574081297063896,False
Male_vs_Female__CRC,Male vs Female within CRC samples,PA_Eubacterium sp. CAG:274,Eubacterium sp. CAG:274,Gender,Male,Female,Condition=CRC,426,245,0.23943661971830985,0.27755102040816326,-0.03811440068985342,10,10,1.2174152442306991,0.26986850845027677,0.8116373161149052,0.5618775991700218,1.1724175049571073,0.46574081297063896,False
Male_vs_Female__CRC,Male vs Female within CRC samples,PA_Coprococcus catus,Coprococcus catus,Gender,Male,Female,Condition=CRC,426,245,0.6455399061032864,0.6081632653061224,0.03737664079716396,10,10,1.1805654032885835,0.277240920749637,1.2099421158117014,0.8587240582410341,1.704808325288564,0.4708695003208121,False
Male_vs_Female__CRC,Male vs Female within CRC samples,PA_Lawsonibacter asaccharolyticus,Lawsonibacter asaccharolyticus,Gender,Male,Female,Condition=CRC,426,245,0.7769953051643192,0.7591836734693878,0.017811631694931496,10,10,1.0566593308973204,0.3039783526081633,1.237917560870612,0.824691933856023,1.8581967697278137,0.5082138082667731,False
Male_vs_Female__CRC,Male vs Female within CRC samples,PA_Alistipes inops,Alistipes inops,Gender,Male,Female,Condition=CRC,426,245,0.2347417840375587,0.27346938775510204,-0.03872760371754336,10,10,0.9309387082197347,0.33461912108109615,0.8309062936045336,0.5704970537166493,1.2101820057681305,0.550834553164266,False
Male_vs_Female__CRC,Male vs Female within CRC samples,PA_Bifidobacterium pseudocatenulatum,Bifidobacterium pseudocatenulatum,Gender,Male,Female,Condition=CRC,426,245,0.4084507042253521,0.45714285714285713,-0.048692152917505005,10,10,0.8644624534537407,0.35249291138526173,0.854274156082738,0.6127004365955094,1.1910948485787696,0.5714657805791364,False
Male_vs_Female__CRC,Male vs Female within CRC samples,PA_Streptococcus thermophilus,Streptococcus thermophilus,Gender,Male,Female,Condition=CRC,426,245,0.3967136150234742,0.4489795918367347,-0.052265976813260506,10,10,0.7782626429748506,0.3776730124977097,0.8474556259838241,0.5887359755320922,1.2198694624743325,0.601020693617421,False
Male_vs_Female__CRC,Male vs Female within CRC samples,PA_Intestinibacter bartlettii,Intestinibacter bartlettii,Gender,Male,Female,Condition=CRC,426,245,0.38497652582159625,0.42448979591836733,-0.03951327009677108,10,10,0.7643934981794374,0.38195707631761333,0.858894399022648,0.610319212468699,1.2087110705372224,0.601020693617421,False
Male_vs_Female__CRC,Male vs Female within CRC samples,PA_Eubacterium ventriosum,Eubacterium ventriosum,Gender,Male,Female,Condition=CRC,426,245,0.5516431924882629,0.5306122448979592,0.02103094759030366,10,10,0.6776081051739434,0.4104115832311207,1.146997997574371,0.8288676844092022,1.5872309069177297,0.6364353537062307,False
Male_vs_Female__CRC,Male vs Female within CRC samples,PA_Firmicutes bacterium CAG:83,Firmicutes bacterium CAG:83,Gender,Male,Female,Condition=CRC,426,245,0.6384976525821596,0.673469387755102,-0.034971735172942386,10,10,0.5940825526304806,0.4408447490616928,0.8728139875991981,0.6176174999136003,1.233456398264919,0.6738626878514448,False
Male_vs_Female__CRC,Male vs Female within CRC samples,PA_Bacteroides finegoldii,Bacteroides finegoldii,Gender,Male,Female,Condition=CRC,426,245,0.3051643192488263,0.27755102040816326,0.027613298840663048,10,10,0.5607870518816889,0.45394330114324155,1.143662700008478,0.80499085440515,1.6248189209021582,0.6841117355257302,False
Male_vs_Female__CRC,Male vs Female within CRC samples,PA_Bifidobacterium longum,Bifidobacterium longum,Gender,Male,Female,Condition=CRC,426,245,0.7863849765258216,0.7755102040816326,0.010874772444188996,10,10,0.497413409131544,0.48063885788165517,1.148643290845333,0.7799415493774556,1.691641393713565,0.7000296810665088,False
Male_vs_Female__CRC,Male vs Female within CRC samples,PA_Klebsiella quasipneumoniae,Klebsiella quasipneumoniae,Gender,Male,Female,Condition=CRC,426,245,0.16901408450704225,0.1469387755102041,0.022075308996838156,10,10,0.49620372243640715,0.4811729398759321,1.1719632469586279,0.7487639848925505,1.8343535211818582,0.7000296810665088,False
Male_vs_Female__CRC,Male vs Female within CRC samples,PA_Eubacterium ramulus,Eubacterium ramulus,Gender,Male,Female,Condition=CRC,426,245,0.6103286384976526,0.6448979591836734,-0.03456932068602081,10,10,0.4779052055376144,0.48937270767794316,0.8869046646045448,0.6321719619111402,1.2442815111877212,0.7000296810665088,False
Male_vs_Female__CRC,Male vs Female within CRC samples,PA_Klebsiella variicola,Klebsiella variicola,Gender,Male,Female,Condition=CRC,426,245,0.2112676056338028,0.18775510204081633,0.023512503592986483,10,10,0.4750457279019545,0.49067501009334724,1.1558879250362089,0.7624830715667436,1.7522708963218727,0.7000296810665088,False
Male_vs_Female__CRC,Male vs Female within CRC samples,PA_Eubacterium sp. CAG:38,Eubacterium sp. CAG:38,Gender,Male,Female,Condition=CRC,426,245,0.5093896713615024,0.49387755102040815,0.015512120341094227,10,10,0.4398159546983119,0.5072112995599969,1.1157693632963879,0.806620426341795,1.5434040986501116,0.713406750170743,False
Male_vs_Female__CRC,Male vs Female within CRC samples,PA_Roseburia intestinalis,Roseburia intestinalis,Gender,Male,Female,Condition=CRC,426,245,0.5610328638497653,0.5306122448979592,0.030420618951806033,10,10,0.4271592443952506,0.5133861660107215,1.1177028155154403,0.8025201097193958,1.556670753394517,0.713406750170743,False
Male_vs_Female__CRC,Male vs Female within CRC samples,PA_Roseburia hominis,Roseburia hominis,Gender,Male,Female,Condition=CRC,426,245,0.7183098591549296,0.6979591836734694,0.02035067548146019,10,10,0.4065281362149875,0.5237369672171825,1.1221244557817398,0.7888164286042579,1.596269104703417,0.7182919360595553,False
Male_vs_Female__CRC,Male vs Female within CRC samples,PA_Ruminococcus bicirculans,Ruminococcus bicirculans,Gender,Male,Female,Condition=CRC,426,245,0.45305164319248825,0.47346938775510206,-0.020417744562613804,10,10,0.3937636139889957,0.5303276911093913,0.8980543313482056,0.6423871653841837,1.255475864887399,0.7182919360595553,False
Male_vs_Female__CRC,Male vs Female within CRC samples,PA_Ruminococcus bromii,Ruminococcus bromii,Gender,Male,Female,Condition=CRC,426,245,0.6220657276995305,0.6122448979591837,0.009820829740346815,10,10,0.36711501415903697,0.5445810475798494,1.1141710949663577,0.7837608828724241,1.5838723978019662,0.7283771511380486,False
Male_vs_Female__CRC,Male vs Female within CRC samples,PA_Odoribacter splanchnicus,Odoribacter splanchnicus,Gender,Male,Female,Condition=CRC,426,245,0.744131455399061,0.7346938775510204,0.009437577848040557,10,10,0.29046468875724163,0.5899229006093916,1.1110812048139913,0.758765072761281,1.626987704110233,0.7792808687062334,False
Male_vs_Female__CRC,Male vs Female within CRC samples,PA_Barnesiella intestinihominis,Barnesiella intestinihominis,Gender,Male,Female,Condition=CRC,426,245,0.5633802816901409,0.5510204081632653,0.01235987352687562,10,10,0.21592607177563247,0.6421617354233453,1.0839910493433775,0.7729805979694186,1.5201372429570923,0.8379427523207067,False
Male_vs_Female__CRC,Male vs Female within CRC samples,PA_[Ruminococcus] lactaris,[Ruminococcus] lactaris,Gender,Male,Female,Condition=CRC,426,245,0.3474178403755869,0.3306122448979592,0.016805595477627666,10,10,0.20265169921807955,0.6525889309186855,1.0843211483263642,0.760795543115771,1.5454248692002257,0.8412893446783055,False
Male_vs_Female__CRC,Male vs Female within CRC samples,PA_Lachnospira eligens,Lachnospira eligens,Gender,Male,Female,Condition=CRC,426,245,0.6197183098591549,0.6448979591836734,-0.02517964932451855,10,10,0.18709865782025534,0.6653424299134674,0.9248624874340539,0.6496580003567346,1.3166475594743876,0.8475195238183454,False
Male_vs_Female__CRC,Male vs Female within CRC samples,PA_Ruthenibacterium lactatiformans,Ruthenibacterium lactatiformans,Gender,Male,Female,Condition=CRC,426,245,0.92018779342723,0.9224489795918367,-0.0022611861646066878,10,10,0.17703313366710258,0.6739354146475142,1.1282268232180472,0.6439533536239197,1.9766893944496495,0.8483657572621649,False
Male_vs_Female__CRC,Male vs Female within CRC samples,PA_Agathobaculum butyriciproducens,Agathobaculum butyriciproducens,Gender,Male,Female,Condition=CRC,426,245,0.8755868544600939,0.8734693877551021,0.0021174667049917995,10,10,0.16708885242501045,0.6827121030045695,1.1073661275082531,0.6813472174533883,1.799757464242546,0.8494208723428947,False
Male_vs_Female__CRC,Male vs Female within CRC samples,PA_Parasutterella excrementihominis,Parasutterella excrementihominis,Gender,Male,Female,Condition=CRC,426,245,0.4154929577464789,0.40408163265306124,0.011411325093417635,10,10,0.14782347798601808,0.7006240584520601,1.0658931144684105,0.7677628498226712,1.4797904479665533,0.8536051107976178,False
Male_vs_Female__CRC,Male vs Female within CRC samples,PA_Bacteroides eggerthii,Bacteroides eggerthii,Gender,Male,Female,Condition=CRC,426,245,0.3333333333333333,0.3183673469387755,0.014965986394557818,10,10,0.14636831306564704,0.7020303714971062,1.0720863096940207,0.7515794479685388,1.5292715341538403,0.8536051107976178,False
Male_vs_Female__CRC,Male vs Female within CRC samples,PA_Anaerostipes hadrus,Anaerostipes hadrus,Gender,Male,Female,Condition=CRC,426,245,0.8474178403755869,0.8530612244897959,-0.00564338411420906,10,10,0.10978957812834331,0.7403838253537445,1.0818077577450038,0.6812248771408022,1.7179466927708549,0.8901243743016928,False
Male_vs_Female__CRC,Male vs Female within CRC samples,PA_Anaerobutyricum hallii,Anaerobutyricum hallii,Gender,Male,Female,Condition=CRC,426,245,0.8098591549295775,0.8204081632653061,-0.010549008335728582,10,10,0.09048431001804813,0.7635623563140865,1.069130133911849,0.6940281941382831,1.6469637010317495,0.8938124391781652,False
Male_vs_Female__CRC,Male vs Female within CRC samples,PA_Bacteroides caccae,Bacteroides caccae,Gender,Male,Female,Condition=CRC,426,245,0.6643192488262911,0.673469387755102,-0.009150138928810891,10,10,0.08691798108792262,0.7681324903390175,0.9494877217788249,0.6728579289492894,1.3398473808825218,0.8938124391781652,False
Male_vs_Female__CRC,Male vs Female within CRC samples,PA_Roseburia faecis,Roseburia faecis,Gender,Male,Female,Condition=CRC,426,245,0.6455399061032864,0.6285714285714286,0.016968477531857817,10,10,0.08662561938082126,0.7685116299475813,1.0554553020909154,0.7339239246363017,1.5178492719989536,0.8938124391781652,False
Male_vs_Female__CRC,Male vs Female within CRC samples,PA_Proteobacteria bacterium CAG:139,Proteobacteria bacterium CAG:139,Gender,Male,Female,Condition=CRC,426,245,0.2793427230046948,0.2897959183673469,-0.010453195362652101,10,10,0.06998770953217583,0.7913546758361495,0.9527992586433143,0.6646332337315188,1.365905857843349,0.9082619538327906,False
Male_vs_Female__CRC,Male vs Female within CRC samples,PA_Coprococcus comes,Coprococcus comes,Gender,Male,Female,Condition=CRC,426,245,0.6807511737089202,0.673469387755102,0.007281785953818232,10,10,0.06556150881836566,0.7979123706568441,1.0485923548029892,0.7311372221518002,1.5038844873951553,0.9082619538327906,False
Male_vs_Female__CRC,Male vs Female within CRC samples,PA_Blautia wexlerae,Blautia wexlerae,Gender,Male,Female,Condition=CRC,426,245,0.892018779342723,0.9020408163265307,-0.010022036983807658,10,10,0.03839801142847973,0.844646088082536,1.0548170321361214,0.6212441326765531,1.7909850777838157,0.9434981425963178,False
Male_vs_Female__CRC,Male vs Female within CRC samples,PA_Adlercreutzia equolifaciens_1,Adlercreutzia equolifaciens_1,Gender,Male,Female,Condition=CRC,426,245,0.57981220657277,0.5714285714285714,0.008383635144198598,10,10,0.03583214648458785,0.8498625465695998,1.033178381015409,0.7363301144633843,1.4496997284642543,0.9434981425963178,False
Male_vs_Female__CRC,Male vs Female within CRC samples,PA_Firmicutes bacterium CAG:145,Firmicutes bacterium CAG:145,Gender,Male,Female,Condition=CRC,426,245,0.392018779342723,0.3836734693877551,0.008345309954967906,10,10,0.030680659340154876,0.8609547352345055,1.031106654005949,0.7328865332938045,1.450676037335685,0.9434981425963178,False
Male_vs_Female__CRC,Male vs Female within CRC samples,PA_Oscillibacter sp. 57_20,Oscillibacter sp. 57_20,Gender,Male,Female,Condition=CRC,426,245,0.5258215962441315,0.5346938775510204,-0.008872281306888885,10,10,0.029278104264038835,0.8641384857424219,0.9712742711311524,0.6963955028373662,1.3546522140331276,0.9434981425963178,False
Male_vs_Female__CRC,Male vs Female within CRC samples,PA_Blautia sp. CAG:257,Blautia sp. CAG:257,Gender,Male,Female,Condition=CRC,426,245,0.3333333333333333,0.3306122448979592,0.0027210884353741083,10,10,0.02546552585898213,0.8732125531653345,0.9725784737334585,0.6898384718964967,1.371203442697565,0.9437751837241495,False
Male_vs_Female__CRC,Male vs Female within CRC samples,PA_Bacteroides fragilis,Bacteroides fragilis,Gender,Male,Female,Condition=CRC,426,245,0.57981220657277,0.5755102040816327,0.0043020024911373245,10,10,0.015619034757956729,0.9005424423121411,1.0214871483883503,0.7308843019358552,1.4276349780107045,0.963580413273991,False
Male_vs_Female__CRC,Male vs Female within CRC samples,PA_Blautia obeum,Blautia obeum,Gender,Male,Female,Condition=CRC,426,245,0.8075117370892019,0.8285714285714286,-0.02105969148222675,10,10,0.010698819973924653,0.9176176555255742,0.9777645122195385,0.638829951034153,1.4965225719430952,0.9688118308556881,False
Male_vs_Female__CRC,Male vs Female within CRC samples,PA_Adlercreutzia equolifaciens,Adlercreutzia equolifaciens,Gender,Male,Female,Condition=CRC,426,245,0.5727699530516432,0.5714285714285714,0.0013413816230718467,10,10,0.007977939124796425,0.9288281483058238,1.0155990888936255,0.7219351842444202,1.4287176077185828,0.9688118308556881,False
Male_vs_Female__CRC,Male vs Female within CRC samples,PA_Bifidobacterium bifidum,Bifidobacterium bifidum,Gender,Male,Female,Condition=CRC,426,245,0.19483568075117372,0.19591836734693877,-0.0010826865957650478,10,10,0.007153932493320527,0.9325945661508026,1.0179673476294029,0.676784956155196,1.531147392410439,0.9688118308556881,False
Male_vs_Female__CRC,Male vs Female within CRC samples,PA_Fusicatenibacter saccharivorans,Fusicatenibacter saccharivorans,Gender,Male,Female,Condition=CRC,426,245,0.8544600938967136,0.8571428571428571,-0.0026827632461434714,10,10,0.0012596457905065972,0.9716878329058835,1.0082291165764026,0.6426340860987618,1.5818114437151263,0.9783617009490116,False
Male_vs_Female__CRC,Male vs Female within CRC samples,PA_Escherichia coli,Escherichia coli,Gender,Male,Female,Condition=CRC,426,245,0.7488262910798122,0.746938775510204,0.0018875155696082002,10,10,0.0008786104491768262,0.9763530762357233,0.9943379086565639,0.6793468810767721,1.4553800188563415,0.9783617009490116,False
Male_vs_Female__CRC,Male vs Female within CRC samples,PA_Veillonella atypica,Veillonella atypica,Gender,Male,Female,Condition=CRC,426,245,0.38497652582159625,0.4,-0.015023474178403773,10,10,0.0007691277153909652,0.9778749824580657,0.9952354652596329,0.7112448706183135,1.3926197182265545,0.9783617009490116,False
Male_vs_Female__CRC,Male vs Female within CRC samples,PA_Bacteroides xylanisolvens,Bacteroides xylanisolvens,Gender,Male,Female,Condition=CRC,426,245,0.7253521126760564,0.7510204081632653,-0.025668295487208947,10,10,0.0007356523144876715,0.9783617009490116,0.9946954028687193,0.6770168940322701,1.4614390766458525,0.9783617009490116,False
