Model,Algorithm,Study,Fold_AUC,Feature,Feature_Type,Species,MeanAbsSHAP,MeanSignedSHAP,Rank
OnlyMale,RandomForest,FengQ_2015,0.7782738095238095,PA_Parvimonas micra,PA,Parvimonas micra,0.0256144600717388,-0.0038588210688102658,1
OnlyMale,RandomForest,FengQ_2015,0.7782738095238095,rCLR_Akkermansia muciniphila,rCLR,Akkermansia muciniphila,0.016514762279961098,0.011474148106340957,2
OnlyMale,RandomForest,FengQ_2015,0.7782738095238095,rCLR_Coprococcus catus,rCLR,Coprococcus catus,0.013602090891636373,0.010218986492544244,3
OnlyMale,RandomForest,FengQ_2015,0.7782738095238095,rCLR_Odoribacter splanchnicus,rCLR,Odoribacter splanchnicus,0.011507841200515075,-0.009295192270606465,4
OnlyMale,RandomForest,FengQ_2015,0.7782738095238095,rCLR_Ruthenibacterium lactatiformans,rCLR,Ruthenibacterium lactatiformans,0.011463865202739136,0.006964964405931045,5
OnlyMale,RandomForest,FengQ_2015,0.7782738095238095,rCLR_Fusicatenibacter saccharivorans,rCLR,Fusicatenibacter saccharivorans,0.011376595739935911,-0.006214098964115162,6
OnlyMale,RandomForest,FengQ_2015,0.7782738095238095,rCLR_Paraprevotella xylaniphila,rCLR,Paraprevotella xylaniphila,0.011362349716697868,0.004297304888834076,7
OnlyMale,RandomForest,FengQ_2015,0.7782738095238095,rCLR_Parvimonas micra,rCLR,Parvimonas micra,0.011113247660032426,-0.002286568857111886,8
OnlyMale,RandomForest,FengQ_2015,0.7782738095238095,rCLR_Roseburia intestinalis,rCLR,Roseburia intestinalis,0.010221644591259911,0.0017449290466205706,9
OnlyMale,RandomForest,FengQ_2015,0.7782738095238095,rCLR_Lachnospira eligens,rCLR,Lachnospira eligens,0.009943018203291815,0.006788604265447305,10
OnlyMale,RandomForest,FengQ_2015,0.7782738095238095,rCLR_Roseburia faecis,rCLR,Roseburia faecis,0.008050042585631013,-0.001550873420730544,11
OnlyMale,RandomForest,FengQ_2015,0.7782738095238095,rCLR_Eubacterium ventriosum,rCLR,Eubacterium ventriosum,0.007448081090904622,-0.0013770686298014174,12
OnlyMale,RandomForest,FengQ_2015,0.7782738095238095,rCLR_Anaerobutyricum hallii,rCLR,Anaerobutyricum hallii,0.007407851554711877,0.006219281355116107,13
OnlyMale,RandomForest,FengQ_2015,0.7782738095238095,rCLR_Phocaeicola coprocola,rCLR,Phocaeicola coprocola,0.007251126339782641,-0.001273626126038079,14
OnlyMale,RandomForest,FengQ_2015,0.7782738095238095,rCLR_Firmicutes bacterium CAG:145,rCLR,Firmicutes bacterium CAG:145,0.007030001374178961,-0.00045001321083151634,15
OnlyMale,RandomForest,FengQ_2015,0.7782738095238095,rCLR_Butyricimonas virosa,rCLR,Butyricimonas virosa,0.006205393012614883,-0.006205393012614883,16
OnlyMale,RandomForest,FengQ_2015,0.7782738095238095,rCLR_Eubacterium sp. CAG:38,rCLR,Eubacterium sp. CAG:38,0.005992874018356537,0.005562976743165179,17
OnlyMale,RandomForest,FengQ_2015,0.7782738095238095,rCLR_Dorea longicatena,rCLR,Dorea longicatena,0.005856892195972451,0.004866434680347227,18
OnlyMale,RandomForest,FengQ_2015,0.7782738095238095,rCLR_Methanobrevibacter smithii,rCLR,Methanobrevibacter smithii,0.005694022980667121,0.0041696238434130155,19
OnlyMale,RandomForest,FengQ_2015,0.7782738095238095,Age,covariate,Age,0.005584876566353955,0.0036000488496831943,20
OnlyMale,RandomForest,FengQ_2015,0.7782738095238095,rCLR_Faecalibacterium prausnitzii,rCLR,Faecalibacterium prausnitzii,0.005400409334729525,-0.000101604315697532,21
OnlyMale,RandomForest,FengQ_2015,0.7782738095238095,rCLR_Adlercreutzia equolifaciens_1,rCLR,Adlercreutzia equolifaciens_1,0.0051676246867171155,-0.0039208033129246285,22
OnlyMale,RandomForest,FengQ_2015,0.7782738095238095,rCLR_Dorea formicigenerans,rCLR,Dorea formicigenerans,0.005129899552355287,0.004134733392305159,23
OnlyMale,RandomForest,FengQ_2015,0.7782738095238095,rCLR_Bacteroides caccae,rCLR,Bacteroides caccae,0.005087170908600853,-0.0027859176015771273,24
OnlyMale,RandomForest,FengQ_2015,0.7782738095238095,rCLR_Bifidobacterium longum,rCLR,Bifidobacterium longum,0.004918883097712676,-0.00415019016692036,25
OnlyMale,RandomForest,FengQ_2015,0.7782738095238095,rCLR_Blautia sp. CAG:257,rCLR,Blautia sp. CAG:257,0.004685947506478531,-0.0004646963800209117,26
OnlyMale,RandomForest,FengQ_2015,0.7782738095238095,rCLR_Blautia obeum,rCLR,Blautia obeum,0.00466316736705794,0.003557320668179824,27
OnlyMale,RandomForest,FengQ_2015,0.7782738095238095,rCLR_Holdemanella biformis,rCLR,Holdemanella biformis,0.004520321900039118,0.0005788481647660603,28
OnlyMale,RandomForest,FengQ_2015,0.7782738095238095,rCLR_Lachnospira pectinoschiza,rCLR,Lachnospira pectinoschiza,0.004201126900467793,0.0028606234689713362,29
OnlyMale,RandomForest,FengQ_2015,0.7782738095238095,rCLR_[Eubacterium] siraeum,rCLR,[Eubacterium] siraeum,0.0037832682994182656,0.0009495285921439331,30
OnlyMale,RandomForest,FengQ_2015,0.7782738095238095,rCLR_Bifidobacterium pseudocatenulatum,rCLR,Bifidobacterium pseudocatenulatum,0.003690969183427703,0.0015855675005582589,31
OnlyMale,RandomForest,FengQ_2015,0.7782738095238095,rCLR_Roseburia hominis,rCLR,Roseburia hominis,0.003593265275716929,-0.00041360744068731116,32
OnlyMale,RandomForest,FengQ_2015,0.7782738095238095,rCLR_Clostridium sp. CAG:58,rCLR,Clostridium sp. CAG:58,0.003592291134127689,-0.0003332651617245535,33
OnlyMale,RandomForest,FengQ_2015,0.7782738095238095,rCLR_Escherichia coli,rCLR,Escherichia coli,0.003591965261871967,0.0014218983866796176,34
OnlyMale,RandomForest,FengQ_2015,0.7782738095238095,rCLR_Anaerostipes hadrus,rCLR,Anaerostipes hadrus,0.0034638153762090763,-0.002410145712781298,35
OnlyMale,RandomForest,FengQ_2015,0.7782738095238095,rCLR_Parabacteroides distasonis,rCLR,Parabacteroides distasonis,0.0034387200095556984,-0.0025140931390097614,36
OnlyMale,RandomForest,FengQ_2015,0.7782738095238095,rCLR_Collinsella aerofaciens,rCLR,Collinsella aerofaciens,0.00332474406830355,0.0009472939574523893,37
OnlyMale,RandomForest,FengQ_2015,0.7782738095238095,rCLR_Bacteroides thetaiotaomicron,rCLR,Bacteroides thetaiotaomicron,0.00323594480092692,-0.0014023742036740883,38
OnlyMale,RandomForest,FengQ_2015,0.7782738095238095,rCLR_Coprobacter fastidiosus,rCLR,Coprobacter fastidiosus,0.0032353457690421947,-0.0028869652654606834,39
OnlyMale,RandomForest,FengQ_2015,0.7782738095238095,rCLR_Alistipes finegoldii,rCLR,Alistipes finegoldii,0.003200590228964108,0.0010845670389199385,40
OnlyMale,RandomForest,FengQ_2015,0.7782738095238095,rCLR_[Ruminococcus] torques,rCLR,[Ruminococcus] torques,0.0031823198921532864,0.0011689786935977907,41
OnlyMale,RandomForest,FengQ_2015,0.7782738095238095,rCLR_Parabacteroides merdae,rCLR,Parabacteroides merdae,0.0031122961013437104,0.0004805693555428848,42
OnlyMale,RandomForest,FengQ_2015,0.7782738095238095,rCLR_Bifidobacterium adolescentis,rCLR,Bifidobacterium adolescentis,0.0030853262094729388,-0.0016305829234653556,43
OnlyMale,RandomForest,FengQ_2015,0.7782738095238095,rCLR_[Eubacterium] rectale,rCLR,[Eubacterium] rectale,0.0030379741284171894,9.472404649766796e-05,44
OnlyMale,RandomForest,FengQ_2015,0.7782738095238095,rCLR_Roseburia inulinivorans,rCLR,Roseburia inulinivorans,0.0030260376808081157,0.0017979556792149295,45
OnlyMale,RandomForest,FengQ_2015,0.7782738095238095,rCLR_Phocaeicola plebeius,rCLR,Phocaeicola plebeius,0.0029395934976721764,-0.0025420850249168354,46
OnlyMale,RandomForest,FengQ_2015,0.7782738095238095,rCLR_Bacteroides ovatus,rCLR,Bacteroides ovatus,0.002777406497353136,0.0018216406987186188,47
OnlyMale,RandomForest,FengQ_2015,0.7782738095238095,rCLR_Bifidobacterium bifidum,rCLR,Bifidobacterium bifidum,0.0027228909630428147,-0.0005215192324087718,48
OnlyMale,RandomForest,FengQ_2015,0.7782738095238095,rCLR_Gemmiger formicilis,rCLR,Gemmiger formicilis,0.0026977620973448226,-0.0012645186605347916,49
OnlyMale,RandomForest,FengQ_2015,0.7782738095238095,rCLR_Erysipelatoclostridium ramosum,rCLR,Erysipelatoclostridium ramosum,0.0026829305092551437,0.001427702139949763,50
OnlyMale,RandomForest,FengQ_2015,0.7782738095238095,rCLR_Eubacterium sp. CAG:274,rCLR,Eubacterium sp. CAG:274,0.0025504423972425535,-0.0010469989576160216,51
OnlyMale,RandomForest,FengQ_2015,0.7782738095238095,rCLR_Agathobaculum butyriciproducens,rCLR,Agathobaculum butyriciproducens,0.002405104615278335,-0.0016401366044605454,52
OnlyMale,RandomForest,FengQ_2015,0.7782738095238095,rCLR_Prevotella copri,rCLR,Prevotella copri,0.00227696904759016,0.00048264801331827293,53
OnlyMale,RandomForest,FengQ_2015,0.7782738095238095,rCLR_Alistipes shahii,rCLR,Alistipes shahii,0.002270200957078774,-0.0009290064395871506,54
OnlyMale,RandomForest,FengQ_2015,0.7782738095238095,rCLR_Adlercreutzia equolifaciens,rCLR,Adlercreutzia equolifaciens,0.002268711861319718,-0.0014301036379247214,55
OnlyMale,RandomForest,FengQ_2015,0.7782738095238095,rCLR_Lawsonibacter asaccharolyticus,rCLR,Lawsonibacter asaccharolyticus,0.002265887378607989,-0.001084513244818153,56
OnlyMale,RandomForest,FengQ_2015,0.7782738095238095,rCLR_Intestinibacter bartlettii,rCLR,Intestinibacter bartlettii,0.0021973718339272563,0.0013652539607685796,57
OnlyMale,RandomForest,FengQ_2015,0.7782738095238095,rCLR_Bacteroides cellulosilyticus,rCLR,Bacteroides cellulosilyticus,0.002179231956438173,-0.0007061474961926253,58
OnlyMale,RandomForest,FengQ_2015,0.7782738095238095,rCLR_Flavonifractor plautii,rCLR,Flavonifractor plautii,0.0021353853640305037,-0.0011987133470804582,59
OnlyMale,RandomForest,FengQ_2015,0.7782738095238095,rCLR_Coprococcus comes,rCLR,Coprococcus comes,0.002124053809980083,-0.0002381933607626548,60
OnlyMale,RandomForest,FengQ_2015,0.7782738095238095,rCLR_Oscillibacter sp. CAG:241,rCLR,Oscillibacter sp. CAG:241,0.0021147025844274864,0.0006672259151877388,61
OnlyMale,RandomForest,FengQ_2015,0.7782738095238095,rCLR_Bacteroides salyersiae,rCLR,Bacteroides salyersiae,0.0020489985140259713,-0.00041467178765045216,62
OnlyMale,RandomForest,FengQ_2015,0.7782738095238095,rCLR_Eubacterium sp. CAG:251,rCLR,Eubacterium sp. CAG:251,0.002038070592045399,0.00045657822111099574,63
OnlyMale,RandomForest,FengQ_2015,0.7782738095238095,rCLR_Klebsiella variicola,rCLR,Klebsiella variicola,0.002034269373954005,-0.0007117650076218546,64
OnlyMale,RandomForest,FengQ_2015,0.7782738095238095,rCLR_Phocaeicola dorei,rCLR,Phocaeicola dorei,0.0019861347172705885,0.0009042312727314582,65
OnlyMale,RandomForest,FengQ_2015,0.7782738095238095,rCLR_[Ruminococcus] gnavus,rCLR,[Ruminococcus] gnavus,0.0019444133482531883,0.0009872126993114105,66
OnlyMale,RandomForest,FengQ_2015,0.7782738095238095,rCLR_Veillonella parvula,rCLR,Veillonella parvula,0.0019376566077496994,-0.00013413641931342025,67
OnlyMale,RandomForest,FengQ_2015,0.7782738095238095,rCLR_Streptococcus parasanguinis,rCLR,Streptococcus parasanguinis,0.0019008337462588934,0.0007477758130435181,68
OnlyMale,RandomForest,FengQ_2015,0.7782738095238095,PA_Akkermansia muciniphila,PA,Akkermansia muciniphila,0.0018833057273599308,0.0010818107525449182,69
OnlyMale,RandomForest,FengQ_2015,0.7782738095238095,rCLR_Bacteroides fragilis,rCLR,Bacteroides fragilis,0.0018227037800657403,-0.0011699592285148404,70
OnlyMale,RandomForest,FengQ_2015,0.7782738095238095,rCLR_Eggerthella lenta,rCLR,Eggerthella lenta,0.001775953203292283,0.0006826443198094578,71
OnlyMale,RandomForest,FengQ_2015,0.7782738095238095,rCLR_Klebsiella quasipneumoniae,rCLR,Klebsiella quasipneumoniae,0.0017734079926242036,0.0016401796856006401,72
OnlyMale,RandomForest,FengQ_2015,0.7782738095238095,rCLR_Streptococcus thermophilus,rCLR,Streptococcus thermophilus,0.0017212187647578506,-0.00011955133203609235,73
OnlyMale,RandomForest,FengQ_2015,0.7782738095238095,rCLR_Oscillibacter sp. 57_20,rCLR,Oscillibacter sp. 57_20,0.001709852269352787,-0.0001445033498402869,74
OnlyMale,RandomForest,FengQ_2015,0.7782738095238095,PA_Streptococcus salivarius,PA,Streptococcus salivarius,0.0016960390528207832,-0.0005396405596453344,75
OnlyMale,RandomForest,FengQ_2015,0.7782738095238095,rCLR_Firmicutes bacterium CAG:83,rCLR,Firmicutes bacterium CAG:83,0.0016252792855652877,0.0007129665277617358,76
OnlyMale,RandomForest,FengQ_2015,0.7782738095238095,rCLR_[Ruminococcus] lactaris,rCLR,[Ruminococcus] lactaris,0.0015880139708992994,-7.721739814863102e-05,77
OnlyMale,RandomForest,FengQ_2015,0.7782738095238095,rCLR_Klebsiella pneumoniae,rCLR,Klebsiella pneumoniae,0.001585419430009925,-0.000478980706675368,78
OnlyMale,RandomForest,FengQ_2015,0.7782738095238095,rCLR_Coprococcus eutactus,rCLR,Coprococcus eutactus,0.0015801486427626076,2.826313531190395e-05,79
OnlyMale,RandomForest,FengQ_2015,0.7782738095238095,rCLR_Alistipes putredinis,rCLR,Alistipes putredinis,0.0015744558041475996,-0.00020773268900303426,80
OnlyMale,RandomForest,FengQ_2015,0.7782738095238095,rCLR_Eubacterium sp. CAG:180,rCLR,Eubacterium sp. CAG:180,0.0015372284987443122,0.00029660502519916103,81
OnlyMale,RandomForest,FengQ_2015,0.7782738095238095,rCLR_Desulfovibrio piger,rCLR,Desulfovibrio piger,0.0015203010589155525,-0.0007243327147365881,82
OnlyMale,RandomForest,FengQ_2015,0.7782738095238095,rCLR_Gordonibacter pamelaeae,rCLR,Gordonibacter pamelaeae,0.0014993626379669464,-0.0006347666056333421,83
OnlyMale,RandomForest,FengQ_2015,0.7782738095238095,rCLR_Bacteroides uniformis,rCLR,Bacteroides uniformis,0.0014931681505736742,0.0007154444738756121,84
OnlyMale,RandomForest,FengQ_2015,0.7782738095238095,rCLR_Proteobacteria bacterium CAG:139,rCLR,Proteobacteria bacterium CAG:139,0.0014786527948772248,-0.000883376724674549,85
OnlyMale,RandomForest,FengQ_2015,0.7782738095238095,rCLR_Barnesiella intestinihominis,rCLR,Barnesiella intestinihominis,0.0014556976077380213,0.000588646117245954,86
OnlyMale,RandomForest,FengQ_2015,0.7782738095238095,rCLR_Blautia wexlerae,rCLR,Blautia wexlerae,0.0014450145028557775,-0.0007745834513619148,87
OnlyMale,RandomForest,FengQ_2015,0.7782738095238095,rCLR_Phascolarctobacterium succinatutens,rCLR,Phascolarctobacterium succinatutens,0.0014184833284641893,-0.00028244127341448563,88
OnlyMale,RandomForest,FengQ_2015,0.7782738095238095,rCLR_Enterocloster bolteae,rCLR,Enterocloster bolteae,0.001401873956257971,-0.0003262336060972836,89
OnlyMale,RandomForest,FengQ_2015,0.7782738095238095,rCLR_Ruminococcus bromii,rCLR,Ruminococcus bromii,0.0013835017372771045,0.0008908159915112177,90
OnlyMale,RandomForest,FengQ_2015,0.7782738095238095,rCLR_Megamonas funiformis,rCLR,Megamonas funiformis,0.001380260247512351,-0.0005264844348760309,91
OnlyMale,RandomForest,FengQ_2015,0.7782738095238095,rCLR_Slackia isoflavoniconvertens,rCLR,Slackia isoflavoniconvertens,0.0013270982700707473,-0.0007251723605540353,92
OnlyMale,RandomForest,FengQ_2015,0.7782738095238095,PA_Bifidobacterium pseudocatenulatum,PA,Bifidobacterium pseudocatenulatum,0.0012993557103443741,0.00037986065610630767,93
OnlyMale,RandomForest,FengQ_2015,0.7782738095238095,rCLR_Streptococcus salivarius,rCLR,Streptococcus salivarius,0.001242512304462387,0.000347388805354022,94
OnlyMale,RandomForest,FengQ_2015,0.7782738095238095,rCLR_Bacteroides finegoldii,rCLR,Bacteroides finegoldii,0.0012333449852800881,0.0005694845147091271,95
OnlyMale,RandomForest,FengQ_2015,0.7782738095238095,rCLR_Bacteroides eggerthii,rCLR,Bacteroides eggerthii,0.0012260914797308235,-1.164882650708573e-05,96
OnlyMale,RandomForest,FengQ_2015,0.7782738095238095,PA_Firmicutes bacterium CAG:145,PA,Firmicutes bacterium CAG:145,0.0012232418152336787,0.0006565473211214491,97
OnlyMale,RandomForest,FengQ_2015,0.7782738095238095,rCLR_Parasutterella excrementihominis,rCLR,Parasutterella excrementihominis,0.0012214246078580298,0.0005969985977457607,98
OnlyMale,RandomForest,FengQ_2015,0.7782738095238095,rCLR_Phocaeicola vulgatus,rCLR,Phocaeicola vulgatus,0.0012126437994230913,-0.00047395107473766844,99
OnlyMale,RandomForest,FengQ_2015,0.7782738095238095,rCLR_Ruminococcus bicirculans,rCLR,Ruminococcus bicirculans,0.0011514023502179314,1.907751243309926e-06,100
OnlyMale,RandomForest,FengQ_2015,0.7782738095238095,rCLR_Phascolarctobacterium faecium,rCLR,Phascolarctobacterium faecium,0.001108180195442608,-0.00033114612958146745,101
OnlyMale,RandomForest,FengQ_2015,0.7782738095238095,rCLR_Alistipes inops,rCLR,Alistipes inops,0.0010911660545171095,0.0002846787362353731,102
OnlyMale,RandomForest,FengQ_2015,0.7782738095238095,rCLR_Firmicutes bacterium CAG:110,rCLR,Firmicutes bacterium CAG:110,0.0010464192966547626,0.00033488780001864207,103
OnlyMale,RandomForest,FengQ_2015,0.7782738095238095,PA_Clostridium sp. CAG:58,PA,Clostridium sp. CAG:58,0.0010459864585726788,0.00013748798333042782,104
OnlyMale,RandomForest,FengQ_2015,0.7782738095238095,rCLR_Dialister invisus,rCLR,Dialister invisus,0.0010446619435462083,0.00032857203747316504,105
OnlyMale,RandomForest,FengQ_2015,0.7782738095238095,PA_Eubacterium sp. CAG:274,PA,Eubacterium sp. CAG:274,0.0010265980667998214,-0.00030457271771618805,106
OnlyMale,RandomForest,FengQ_2015,0.7782738095238095,rCLR_Phocaeicola massiliensis,rCLR,Phocaeicola massiliensis,0.000966799712046174,0.000601591313157331,107
OnlyMale,RandomForest,FengQ_2015,0.7782738095238095,rCLR_Bacteroides stercoris,rCLR,Bacteroides stercoris,0.000952300662819778,0.0007148213725041542,108
OnlyMale,RandomForest,FengQ_2015,0.7782738095238095,PA_Roseburia intestinalis,PA,Roseburia intestinalis,0.0009514995404297074,-0.00012444047275966634,109
OnlyMale,RandomForest,FengQ_2015,0.7782738095238095,rCLR_Veillonella atypica,rCLR,Veillonella atypica,0.0009351112171084186,-0.00034223072352086595,110
OnlyMale,RandomForest,FengQ_2015,0.7782738095238095,PA_Collinsella aerofaciens,PA,Collinsella aerofaciens,0.0009293315387212549,0.000753865098383701,111
OnlyMale,RandomForest,FengQ_2015,0.7782738095238095,rCLR_Bacteroides intestinalis,rCLR,Bacteroides intestinalis,0.0009207758255654186,0.00027465619211752064,112
OnlyMale,RandomForest,FengQ_2015,0.7782738095238095,PA_Bifidobacterium bifidum,PA,Bifidobacterium bifidum,0.0009109624488941012,-0.00017915274939433627,113
OnlyMale,RandomForest,FengQ_2015,0.7782738095238095,PA_Bacteroides cellulosilyticus,PA,Bacteroides cellulosilyticus,0.0008793688114375855,-0.0002302421811388652,114
OnlyMale,RandomForest,FengQ_2015,0.7782738095238095,PA_Bacteroides fragilis,PA,Bacteroides fragilis,0.000869927769834342,-4.852683199283029e-05,115
OnlyMale,RandomForest,FengQ_2015,0.7782738095238095,PA_Enterocloster bolteae,PA,Enterocloster bolteae,0.0008310554085212857,-0.00039421506393197317,116
OnlyMale,RandomForest,FengQ_2015,0.7782738095238095,rCLR_Anaerotignum lactatifermentans,rCLR,Anaerotignum lactatifermentans,0.0008220588926981267,0.000316094485079251,117
OnlyMale,RandomForest,FengQ_2015,0.7782738095238095,PA_Parabacteroides distasonis,PA,Parabacteroides distasonis,0.0008117547580203467,-0.00020762093298039614,118
OnlyMale,RandomForest,FengQ_2015,0.7782738095238095,PA_Lachnospira eligens,PA,Lachnospira eligens,0.0008046575877941378,-9.42992736636898e-05,119
OnlyMale,RandomForest,FengQ_2015,0.7782738095238095,rCLR_Bacteroides sp. CAG:144,rCLR,Bacteroides sp. CAG:144,0.0008024875816421701,5.637686412846768e-05,120
OnlyMale,RandomForest,FengQ_2015,0.7782738095238095,rCLR_Bacteroides xylanisolvens,rCLR,Bacteroides xylanisolvens,0.0007873656686742309,0.00011270788070121967,121
OnlyMale,RandomForest,FengQ_2015,0.7782738095238095,rCLR_Eubacterium ramulus,rCLR,Eubacterium ramulus,0.000784661489332913,0.00020173690916739612,122
OnlyMale,RandomForest,FengQ_2015,0.7782738095238095,rCLR_Acidaminococcus intestini,rCLR,Acidaminococcus intestini,0.0006955405944496525,-9.105220040346609e-06,123
OnlyMale,RandomForest,FengQ_2015,0.7782738095238095,PA_Anaerotignum lactatifermentans,PA,Anaerotignum lactatifermentans,0.0006644565551188309,-0.0001767282009909494,124
OnlyMale,RandomForest,FengQ_2015,0.7782738095238095,PA_Methanobrevibacter smithii,PA,Methanobrevibacter smithii,0.0006381949004512441,0.00035199505160036165,125
OnlyMale,RandomForest,FengQ_2015,0.7782738095238095,PA_Parabacteroides merdae,PA,Parabacteroides merdae,0.0006025132402062864,-2.8479336866087945e-05,126
OnlyMale,RandomForest,FengQ_2015,0.7782738095238095,PA_Fusicatenibacter saccharivorans,PA,Fusicatenibacter saccharivorans,0.0005916321984029171,-3.0417296855911303e-05,127
OnlyMale,RandomForest,FengQ_2015,0.7782738095238095,PA_Ruminococcus bicirculans,PA,Ruminococcus bicirculans,0.0005560589425937516,-0.00014396997139058193,128
OnlyMale,RandomForest,FengQ_2015,0.7782738095238095,PA_Bacteroides caccae,PA,Bacteroides caccae,0.0005558579275648636,-4.670612522368828e-05,129
OnlyMale,RandomForest,FengQ_2015,0.7782738095238095,PA_Bacteroides sp. CAG:144,PA,Bacteroides sp. CAG:144,0.0005433736655726884,-0.00013889260561967068,130
OnlyMale,RandomForest,FengQ_2015,0.7782738095238095,PA_Bacteroides thetaiotaomicron,PA,Bacteroides thetaiotaomicron,0.0005429408735940899,-6.917065195353427e-05,131
OnlyMale,RandomForest,FengQ_2015,0.7782738095238095,PA_Veillonella parvula,PA,Veillonella parvula,0.0005105390835315827,1.9747159079480023e-05,132
OnlyMale,RandomForest,FengQ_2015,0.7782738095238095,PA_Megamonas funiformis,PA,Megamonas funiformis,0.0005097440387447327,-0.00016914889869795423,133
OnlyMale,RandomForest,FengQ_2015,0.7782738095238095,PA_Escherichia coli,PA,Escherichia coli,0.0004890971834391462,0.00022032478928490825,134
OnlyMale,RandomForest,FengQ_2015,0.7782738095238095,PA_Bacteroides stercoris,PA,Bacteroides stercoris,0.0004750150330725509,-0.0001285086121854398,135
OnlyMale,RandomForest,FengQ_2015,0.7782738095238095,PA_Oscillibacter sp. 57_20,PA,Oscillibacter sp. 57_20,0.0004610221851288427,0.00017657953725827254,136
OnlyMale,RandomForest,FengQ_2015,0.7782738095238095,PA_Paraprevotella xylaniphila,PA,Paraprevotella xylaniphila,0.00046101263244399324,3.1576512027470896e-05,137
OnlyMale,RandomForest,FengQ_2015,0.7782738095238095,PA_Dialister invisus,PA,Dialister invisus,0.0004442917286659293,-8.602844682464308e-05,138
OnlyMale,RandomForest,FengQ_2015,0.7782738095238095,PA_Eubacterium sp. CAG:180,PA,Eubacterium sp. CAG:180,0.00043841124408292085,2.8965995539442602e-05,139
OnlyMale,RandomForest,FengQ_2015,0.7782738095238095,PA_Eubacterium sp. CAG:251,PA,Eubacterium sp. CAG:251,0.00041290971728771397,-0.00020592462886044277,140
OnlyMale,RandomForest,FengQ_2015,0.7782738095238095,PA_Lawsonibacter asaccharolyticus,PA,Lawsonibacter asaccharolyticus,0.0003900288818678966,-0.00011296734462666109,141
OnlyMale,RandomForest,FengQ_2015,0.7782738095238095,PA_Coprococcus catus,PA,Coprococcus catus,0.0003860170838224366,0.00022091068464522566,142
OnlyMale,RandomForest,FengQ_2015,0.7782738095238095,PA_Bacteroides salyersiae,PA,Bacteroides salyersiae,0.00038442315193239657,-5.740994409651862e-05,143
OnlyMale,RandomForest,FengQ_2015,0.7782738095238095,PA_Phascolarctobacterium succinatutens,PA,Phascolarctobacterium succinatutens,0.00037382356861650687,-0.00010605547913003288,144
OnlyMale,RandomForest,FengQ_2015,0.7782738095238095,PA_Blautia sp. CAG:257,PA,Blautia sp. CAG:257,0.0003710233232088057,5.985374663113237e-06,145
OnlyMale,RandomForest,FengQ_2015,0.7782738095238095,PA_Barnesiella intestinihominis,PA,Barnesiella intestinihominis,0.00036170343965232263,-1.9072927300288632e-05,146
OnlyMale,RandomForest,FengQ_2015,0.7782738095238095,PA_Bifidobacterium adolescentis,PA,Bifidobacterium adolescentis,0.0003597413159815492,-0.00029101036908575937,147
OnlyMale,RandomForest,FengQ_2015,0.7782738095238095,PA_Veillonella atypica,PA,Veillonella atypica,0.00035300145671098086,-0.00014256902996812038,148
OnlyMale,RandomForest,FengQ_2015,0.7782738095238095,PA_Eggerthella lenta,PA,Eggerthella lenta,0.00034761566083521897,2.8522299217914052e-05,149
OnlyMale,RandomForest,FengQ_2015,0.7782738095238095,PA_Phocaeicola coprocola,PA,Phocaeicola coprocola,0.00033279049736806933,-4.127706865449373e-05,150
OnlyMale,RandomForest,FengQ_2015,0.7782738095238095,PA_Flavonifractor plautii,PA,Flavonifractor plautii,0.0003279119335900981,4.379219503103596e-05,151
OnlyMale,RandomForest,FengQ_2015,0.7782738095238095,PA_[Eubacterium] siraeum,PA,[Eubacterium] siraeum,0.000327034175611434,0.0002145298163374231,152
OnlyMale,RandomForest,FengQ_2015,0.7782738095238095,PA_Anaerobutyricum hallii,PA,Anaerobutyricum hallii,0.00032315092972946374,-0.0001616981031988491,153
OnlyMale,RandomForest,FengQ_2015,0.7782738095238095,PA_Alistipes inops,PA,Alistipes inops,0.0003223903528342265,0.00018843588899594506,154
OnlyMale,RandomForest,FengQ_2015,0.7782738095238095,PA_Eubacterium sp. CAG:38,PA,Eubacterium sp. CAG:38,0.0003197810050719729,-9.007446026952331e-06,155
OnlyMale,RandomForest,FengQ_2015,0.7782738095238095,PA_Desulfovibrio piger,PA,Desulfovibrio piger,0.0003191445796680465,3.875989772167819e-05,156
OnlyMale,RandomForest,FengQ_2015,0.7782738095238095,PA_Holdemanella biformis,PA,Holdemanella biformis,0.00031699606899885264,0.00011595051045362262,157
OnlyMale,RandomForest,FengQ_2015,0.7782738095238095,PA_Coprococcus eutactus,PA,Coprococcus eutactus,0.0003152605503629794,-1.7380201513598593e-05,158
OnlyMale,RandomForest,FengQ_2015,0.7782738095238095,PA_Eubacterium ramulus,PA,Eubacterium ramulus,0.00031273586887160354,-7.837468693740208e-05,159
OnlyMale,RandomForest,FengQ_2015,0.7782738095238095,PA_[Ruminococcus] torques,PA,[Ruminococcus] torques,0.00031229885742058594,0.00017043455348514413,160
OnlyMale,RandomForest,FengQ_2015,0.7782738095238095,PA_Butyricimonas virosa,PA,Butyricimonas virosa,0.00030385708659919796,-0.00013706337121531333,161
OnlyMale,RandomForest,FengQ_2015,0.7782738095238095,PA_Adlercreutzia equolifaciens_1,PA,Adlercreutzia equolifaciens_1,0.00029172851116701155,-8.49455368279647e-05,162
OnlyMale,RandomForest,FengQ_2015,0.7782738095238095,PA_[Ruminococcus] lactaris,PA,[Ruminococcus] lactaris,0.0002811728055640847,3.0087444670793305e-05,163
OnlyMale,RandomForest,FengQ_2015,0.7782738095238095,PA_Erysipelatoclostridium ramosum,PA,Erysipelatoclostridium ramosum,0.00027471548406905906,2.3407055565600086e-05,164
OnlyMale,RandomForest,FengQ_2015,0.7782738095238095,PA_Phocaeicola plebeius,PA,Phocaeicola plebeius,0.0002696978074482197,-0.00017149144843797844,165
OnlyMale,RandomForest,FengQ_2015,0.7782738095238095,PA_Klebsiella pneumoniae,PA,Klebsiella pneumoniae,0.00026665000922458285,-8.020585097150264e-05,166
OnlyMale,RandomForest,FengQ_2015,0.7782738095238095,PA_Phocaeicola dorei,PA,Phocaeicola dorei,0.0002617019779202548,4.751814430479619e-05,167
OnlyMale,RandomForest,FengQ_2015,0.7782738095238095,PA_Alistipes putredinis,PA,Alistipes putredinis,0.0002555356227005511,-6.0730098252013435e-05,168
OnlyMale,RandomForest,FengQ_2015,0.7782738095238095,PA_Firmicutes bacterium CAG:110,PA,Firmicutes bacterium CAG:110,0.0002489530810069683,1.8338391319925763e-05,169
OnlyMale,RandomForest,FengQ_2015,0.7782738095238095,PA_Alistipes shahii,PA,Alistipes shahii,0.00024767923468634333,7.657896933443055e-05,170
OnlyMale,RandomForest,FengQ_2015,0.7782738095238095,PA_Bacteroides xylanisolvens,PA,Bacteroides xylanisolvens,0.00024394650629718033,0.00014387611350876882,171
OnlyMale,RandomForest,FengQ_2015,0.7782738095238095,PA_Agathobaculum butyriciproducens,PA,Agathobaculum butyriciproducens,0.00024175637989330207,2.1090473584633016e-05,172
OnlyMale,RandomForest,FengQ_2015,0.7782738095238095,PA_Roseburia hominis,PA,Roseburia hominis,0.00024093512361645844,2.94155948407469e-05,173
OnlyMale,RandomForest,FengQ_2015,0.7782738095238095,PA_Phocaeicola massiliensis,PA,Phocaeicola massiliensis,0.0002324389885929837,2.2263856480312277e-05,174
OnlyMale,RandomForest,FengQ_2015,0.7782738095238095,PA_Slackia isoflavoniconvertens,PA,Slackia isoflavoniconvertens,0.00023214974307502988,0.00014888053973028393,175
OnlyMale,RandomForest,FengQ_2015,0.7782738095238095,PA_Bacteroides eggerthii,PA,Bacteroides eggerthii,0.000228357440716663,0.0001331638587235283,176
OnlyMale,RandomForest,FengQ_2015,0.7782738095238095,PA_Intestinibacter bartlettii,PA,Intestinibacter bartlettii,0.00022157147810644844,5.546178869891711e-05,177
OnlyMale,RandomForest,FengQ_2015,0.7782738095238095,PA_Gemmiger formicilis,PA,Gemmiger formicilis,0.00021968912802495673,6.250315440572702e-05,178
OnlyMale,RandomForest,FengQ_2015,0.7782738095238095,PA_Dorea longicatena,PA,Dorea longicatena,0.00021874544904020599,0.0001497526392889036,179
OnlyMale,RandomForest,FengQ_2015,0.7782738095238095,PA_Lachnospira pectinoschiza,PA,Lachnospira pectinoschiza,0.0002063297023797585,6.363954280529318e-05,180
OnlyMale,RandomForest,FengQ_2015,0.7782738095238095,PA_Prevotella copri,PA,Prevotella copri,0.00019935234594481666,8.558687209125235e-05,181
OnlyMale,RandomForest,FengQ_2015,0.7782738095238095,PA_Odoribacter splanchnicus,PA,Odoribacter splanchnicus,0.00019415471152273327,2.5255810912645556e-05,182
OnlyMale,RandomForest,FengQ_2015,0.7782738095238095,PA_Alistipes finegoldii,PA,Alistipes finegoldii,0.00019366036494615136,-5.5571658700027164e-06,183
OnlyMale,RandomForest,FengQ_2015,0.7782738095238095,PA_Roseburia faecis,PA,Roseburia faecis,0.00019093234677677211,-1.7846026180792846e-05,184
OnlyMale,RandomForest,FengQ_2015,0.7782738095238095,PA_Ruthenibacterium lactatiformans,PA,Ruthenibacterium lactatiformans,0.00019007140126682683,-2.511524509029555e-06,185
OnlyMale,RandomForest,FengQ_2015,0.7782738095238095,PA_Streptococcus thermophilus,PA,Streptococcus thermophilus,0.00018576475812276467,4.5441489881502985e-05,186
OnlyMale,RandomForest,FengQ_2015,0.7782738095238095,PA_Klebsiella variicola,PA,Klebsiella variicola,0.00017880493932788573,-1.3787404640510332e-05,187
OnlyMale,RandomForest,FengQ_2015,0.7782738095238095,PA_[Ruminococcus] gnavus,PA,[Ruminococcus] gnavus,0.00017627757991052823,1.6480732383218174e-05,188
OnlyMale,RandomForest,FengQ_2015,0.7782738095238095,PA_Coprococcus comes,PA,Coprococcus comes,0.00017520240875820736,8.875925434688755e-05,189
OnlyMale,RandomForest,FengQ_2015,0.7782738095238095,PA_Phascolarctobacterium faecium,PA,Phascolarctobacterium faecium,0.00016872678973556761,4.912953544167227e-05,190
OnlyMale,RandomForest,FengQ_2015,0.7782738095238095,PA_Parasutterella excrementihominis,PA,Parasutterella excrementihominis,0.00016792562637015543,-1.6387029410823448e-06,191
OnlyMale,RandomForest,FengQ_2015,0.7782738095238095,PA_Bacteroides intestinalis,PA,Bacteroides intestinalis,0.0001665208920967863,6.325544928532679e-05,192
OnlyMale,RandomForest,FengQ_2015,0.7782738095238095,PA_Bacteroides finegoldii,PA,Bacteroides finegoldii,0.0001639569969325378,-1.4068379882085344e-05,193
OnlyMale,RandomForest,FengQ_2015,0.7782738095238095,PA_Acidaminococcus intestini,PA,Acidaminococcus intestini,0.0001512808175249422,-4.550152647076001e-05,194
OnlyMale,RandomForest,FengQ_2015,0.7782738095238095,PA_Ruminococcus bromii,PA,Ruminococcus bromii,0.00014645759268795295,-9.484251428052116e-05,195
OnlyMale,RandomForest,FengQ_2015,0.7782738095238095,PA_[Eubacterium] rectale,PA,[Eubacterium] rectale,0.0001447433422324394,0.00010568559169303074,196
OnlyMale,RandomForest,FengQ_2015,0.7782738095238095,PA_Proteobacteria bacterium CAG:139,PA,Proteobacteria bacterium CAG:139,0.00014384237551460236,5.061367162950968e-05,197
OnlyMale,RandomForest,FengQ_2015,0.7782738095238095,PA_Bifidobacterium longum,PA,Bifidobacterium longum,0.0001437710472501057,-4.828209034998066e-05,198
OnlyMale,RandomForest,FengQ_2015,0.7782738095238095,PA_Adlercreutzia equolifaciens,PA,Adlercreutzia equolifaciens,0.00013448614248554941,9.687655409914615e-05,199
OnlyMale,RandomForest,FengQ_2015,0.7782738095238095,PA_Blautia wexlerae,PA,Blautia wexlerae,0.00013118621468167233,-2.6460609822765565e-05,200
OnlyMale,RandomForest,FengQ_2015,0.7782738095238095,PA_Faecalibacterium prausnitzii,PA,Faecalibacterium prausnitzii,0.00012775762846699827,-0.00012774290798722458,201
OnlyMale,RandomForest,FengQ_2015,0.7782738095238095,PA_Oscillibacter sp. CAG:241,PA,Oscillibacter sp. CAG:241,0.0001247914450400336,6.095922263641278e-05,202
OnlyMale,RandomForest,FengQ_2015,0.7782738095238095,PA_Coprobacter fastidiosus,PA,Coprobacter fastidiosus,0.0001226191926810698,2.9373506589678692e-05,203
OnlyMale,RandomForest,FengQ_2015,0.7782738095238095,PA_Eubacterium ventriosum,PA,Eubacterium ventriosum,0.0001211438795376679,4.807919415766086e-05,204
OnlyMale,RandomForest,FengQ_2015,0.7782738095238095,PA_Bacteroides ovatus,PA,Bacteroides ovatus,0.00012026264141027741,-1.2013068165598544e-05,205
OnlyMale,RandomForest,FengQ_2015,0.7782738095238095,PA_Gordonibacter pamelaeae,PA,Gordonibacter pamelaeae,0.00011160560227568307,-5.6630543618668443e-05,206
OnlyMale,RandomForest,FengQ_2015,0.7782738095238095,PA_Dorea formicigenerans,PA,Dorea formicigenerans,0.0001096337498766571,3.456874040391898e-05,207
OnlyMale,RandomForest,FengQ_2015,0.7782738095238095,PA_Klebsiella quasipneumoniae,PA,Klebsiella quasipneumoniae,9.380691821834935e-05,3.6256347559351775e-05,208
OnlyMale,RandomForest,FengQ_2015,0.7782738095238095,PA_Blautia obeum,PA,Blautia obeum,9.334925495567784e-05,5.400007363063465e-05,209
OnlyMale,RandomForest,FengQ_2015,0.7782738095238095,PA_Roseburia inulinivorans,PA,Roseburia inulinivorans,9.285622659748208e-05,1.6809604514404833e-05,210
OnlyMale,RandomForest,FengQ_2015,0.7782738095238095,PA_Phocaeicola vulgatus,PA,Phocaeicola vulgatus,9.241169984265417e-05,-3.92180078963249e-05,211
OnlyMale,RandomForest,FengQ_2015,0.7782738095238095,PA_Anaerostipes hadrus,PA,Anaerostipes hadrus,8.598990372577114e-05,-8.050938728879171e-06,212
OnlyMale,RandomForest,FengQ_2015,0.7782738095238095,PA_Firmicutes bacterium CAG:83,PA,Firmicutes bacterium CAG:83,8.492307062643431e-05,-2.8252854742916107e-05,213
OnlyMale,RandomForest,FengQ_2015,0.7782738095238095,PA_Bacteroides uniformis,PA,Bacteroides uniformis,7.535884773716441e-05,-1.0305828279163149e-05,214
OnlyMale,RandomForest,FengQ_2015,0.7782738095238095,PA_Streptococcus parasanguinis,PA,Streptococcus parasanguinis,6.237603224131694e-05,-1.917999976184538e-05,215
OnlyMale,RandomForest,HanniganGD_2017,0.5886363636363636,PA_Parvimonas micra,PA,Parvimonas micra,0.03141304347495802,-0.03141304347495802,1
OnlyMale,RandomForest,HanniganGD_2017,0.5886363636363636,rCLR_Fusicatenibacter saccharivorans,rCLR,Fusicatenibacter saccharivorans,0.016855382382273684,-0.009380699886686132,2
OnlyMale,RandomForest,HanniganGD_2017,0.5886363636363636,rCLR_Roseburia faecis,rCLR,Roseburia faecis,0.013989722752421734,0.010843451119851345,3
OnlyMale,RandomForest,HanniganGD_2017,0.5886363636363636,rCLR_Eubacterium sp. CAG:251,rCLR,Eubacterium sp. CAG:251,0.013811532985054917,0.013811532985054917,4
OnlyMale,RandomForest,HanniganGD_2017,0.5886363636363636,rCLR_Akkermansia muciniphila,rCLR,Akkermansia muciniphila,0.013422423830303254,0.004475809798182608,5
OnlyMale,RandomForest,HanniganGD_2017,0.5886363636363636,rCLR_Lachnospira eligens,rCLR,Lachnospira eligens,0.013354230916871358,0.012889138984475277,6
OnlyMale,RandomForest,HanniganGD_2017,0.5886363636363636,rCLR_Odoribacter splanchnicus,rCLR,Odoribacter splanchnicus,0.012163786661139948,-0.012163786661139948,7
OnlyMale,RandomForest,HanniganGD_2017,0.5886363636363636,rCLR_Roseburia intestinalis,rCLR,Roseburia intestinalis,0.011999241913182246,0.00955085566064521,8
OnlyMale,RandomForest,HanniganGD_2017,0.5886363636363636,rCLR_Ruthenibacterium lactatiformans,rCLR,Ruthenibacterium lactatiformans,0.009660339423022172,-0.00011330102395989543,9
OnlyMale,RandomForest,HanniganGD_2017,0.5886363636363636,rCLR_Parvimonas micra,rCLR,Parvimonas micra,0.009201067588604657,-0.009201067588604657,10
OnlyMale,RandomForest,HanniganGD_2017,0.5886363636363636,rCLR_Bacteroides caccae,rCLR,Bacteroides caccae,0.008296089861975017,-0.007424571417120063,11
OnlyMale,RandomForest,HanniganGD_2017,0.5886363636363636,rCLR_Faecalibacterium prausnitzii,rCLR,Faecalibacterium prausnitzii,0.007571680581289209,0.006610651175562915,12
OnlyMale,RandomForest,HanniganGD_2017,0.5886363636363636,rCLR_Paraprevotella xylaniphila,rCLR,Paraprevotella xylaniphila,0.00702344954561211,-0.004912595156922621,13
OnlyMale,RandomForest,HanniganGD_2017,0.5886363636363636,Age,covariate,Age,0.0065770077881531774,-0.0023260545906579238,14
OnlyMale,RandomForest,HanniganGD_2017,0.5886363636363636,rCLR_Butyricimonas virosa,rCLR,Butyricimonas virosa,0.006129802891318329,-0.006129802891318329,15
OnlyMale,RandomForest,HanniganGD_2017,0.5886363636363636,rCLR_Lachnospira pectinoschiza,rCLR,Lachnospira pectinoschiza,0.006034230847826984,0.006034230847826984,16
OnlyMale,RandomForest,HanniganGD_2017,0.5886363636363636,rCLR_Firmicutes bacterium CAG:145,rCLR,Firmicutes bacterium CAG:145,0.005995044456212881,-0.004434479852385606,17
OnlyMale,RandomForest,HanniganGD_2017,0.5886363636363636,rCLR_Parabacteroides distasonis,rCLR,Parabacteroides distasonis,0.005842475271956559,-0.005842475271956559,18
OnlyMale,RandomForest,HanniganGD_2017,0.5886363636363636,rCLR_Bifidobacterium bifidum,rCLR,Bifidobacterium bifidum,0.005825562872523544,0.0038407884418827443,19
OnlyMale,RandomForest,HanniganGD_2017,0.5886363636363636,rCLR_Anaerobutyricum hallii,rCLR,Anaerobutyricum hallii,0.005611621522156255,0.004874259920996861,20
OnlyMale,RandomForest,HanniganGD_2017,0.5886363636363636,rCLR_Eubacterium ventriosum,rCLR,Eubacterium ventriosum,0.005313324733909946,-0.002418044380977245,21
OnlyMale,RandomForest,HanniganGD_2017,0.5886363636363636,rCLR_Phocaeicola coprocola,rCLR,Phocaeicola coprocola,0.005213406079956257,-0.005213406079956257,22
OnlyMale,RandomForest,HanniganGD_2017,0.5886363636363636,rCLR_Bacteroides thetaiotaomicron,rCLR,Bacteroides thetaiotaomicron,0.0050965142987600695,-0.0050965142987600695,23
OnlyMale,RandomForest,HanniganGD_2017,0.5886363636363636,rCLR_Bacteroides salyersiae,rCLR,Bacteroides salyersiae,0.0049504170155838766,-0.0049504170155838766,24
OnlyMale,RandomForest,HanniganGD_2017,0.5886363636363636,rCLR_Escherichia coli,rCLR,Escherichia coli,0.00493889343441682,-0.0015173240486528435,25
OnlyMale,RandomForest,HanniganGD_2017,0.5886363636363636,PA_Streptococcus salivarius,PA,Streptococcus salivarius,0.0048849795916419145,0.0029246028193163527,26
OnlyMale,RandomForest,HanniganGD_2017,0.5886363636363636,rCLR_Methanobrevibacter smithii,rCLR,Methanobrevibacter smithii,0.004630527686608192,0.001629066601181128,27
OnlyMale,RandomForest,HanniganGD_2017,0.5886363636363636,rCLR_Clostridium sp. CAG:58,rCLR,Clostridium sp. CAG:58,0.0045105931469190865,-0.0044155445694052785,28
OnlyMale,RandomForest,HanniganGD_2017,0.5886363636363636,rCLR_Coprococcus catus,rCLR,Coprococcus catus,0.0044656365739718686,-0.002200271571135671,29
OnlyMale,RandomForest,HanniganGD_2017,0.5886363636363636,rCLR_Collinsella aerofaciens,rCLR,Collinsella aerofaciens,0.0043289175202954645,0.001015266759930738,30
OnlyMale,RandomForest,HanniganGD_2017,0.5886363636363636,rCLR_Coprobacter fastidiosus,rCLR,Coprobacter fastidiosus,0.004149594525276387,-0.004149594525276387,31
OnlyMale,RandomForest,HanniganGD_2017,0.5886363636363636,rCLR_Anaerostipes hadrus,rCLR,Anaerostipes hadrus,0.004136026470752649,-0.0031782217795114547,32
OnlyMale,RandomForest,HanniganGD_2017,0.5886363636363636,rCLR_Roseburia hominis,rCLR,Roseburia hominis,0.003881964539950337,-0.0014054656815179966,33
OnlyMale,RandomForest,HanniganGD_2017,0.5886363636363636,rCLR_Parabacteroides merdae,rCLR,Parabacteroides merdae,0.0037673507161005426,-0.0006298497804296507,34
OnlyMale,RandomForest,HanniganGD_2017,0.5886363636363636,rCLR_[Ruminococcus] torques,rCLR,[Ruminococcus] torques,0.0035263948131827203,0.0005244231748391729,35
OnlyMale,RandomForest,HanniganGD_2017,0.5886363636363636,rCLR_Lawsonibacter asaccharolyticus,rCLR,Lawsonibacter asaccharolyticus,0.003436934715334482,-0.003086293353946189,36
OnlyMale,RandomForest,HanniganGD_2017,0.5886363636363636,rCLR_Bifidobacterium pseudocatenulatum,rCLR,Bifidobacterium pseudocatenulatum,0.003395810656425647,0.00036207530086078096,37
OnlyMale,RandomForest,HanniganGD_2017,0.5886363636363636,rCLR_[Eubacterium] siraeum,rCLR,[Eubacterium] siraeum,0.0032444009510006707,-0.0027456409676424186,38
OnlyMale,RandomForest,HanniganGD_2017,0.5886363636363636,PA_Collinsella aerofaciens,PA,Collinsella aerofaciens,0.003234123353388593,-0.0009275727013343377,39
OnlyMale,RandomForest,HanniganGD_2017,0.5886363636363636,rCLR_Phocaeicola vulgatus,rCLR,Phocaeicola vulgatus,0.0032043495007195804,-0.0032043495007195804,40
OnlyMale,RandomForest,HanniganGD_2017,0.5886363636363636,rCLR_Bacteroides uniformis,rCLR,Bacteroides uniformis,0.003171860762358394,0.0030176561498893367,41
OnlyMale,RandomForest,HanniganGD_2017,0.5886363636363636,rCLR_Oscillibacter sp. CAG:241,rCLR,Oscillibacter sp. CAG:241,0.003162688296855692,-0.0016787000832133017,42
OnlyMale,RandomForest,HanniganGD_2017,0.5886363636363636,rCLR_Dorea formicigenerans,rCLR,Dorea formicigenerans,0.0029736295043115207,-0.0015334228713514335,43
OnlyMale,RandomForest,HanniganGD_2017,0.5886363636363636,rCLR_Eubacterium sp. CAG:38,rCLR,Eubacterium sp. CAG:38,0.00296564245405124,0.00296564245405124,44
OnlyMale,RandomForest,HanniganGD_2017,0.5886363636363636,rCLR_Bifidobacterium longum,rCLR,Bifidobacterium longum,0.0029507822383202137,-0.000540560921924447,45
OnlyMale,RandomForest,HanniganGD_2017,0.5886363636363636,rCLR_Blautia sp. CAG:257,rCLR,Blautia sp. CAG:257,0.0028688212193665585,-0.0002880847706539041,46
OnlyMale,RandomForest,HanniganGD_2017,0.5886363636363636,rCLR_Flavonifractor plautii,rCLR,Flavonifractor plautii,0.0028503662083370833,-0.0028503662083370833,47
OnlyMale,RandomForest,HanniganGD_2017,0.5886363636363636,rCLR_Agathobaculum butyriciproducens,rCLR,Agathobaculum butyriciproducens,0.0028029305856341626,0.002148939492849548,48
OnlyMale,RandomForest,HanniganGD_2017,0.5886363636363636,rCLR_Desulfovibrio piger,rCLR,Desulfovibrio piger,0.002783163545351267,-0.002752978250234248,49
OnlyMale,RandomForest,HanniganGD_2017,0.5886363636363636,rCLR_Alistipes finegoldii,rCLR,Alistipes finegoldii,0.0027170173656755037,-0.0027170173656755037,50
OnlyMale,RandomForest,HanniganGD_2017,0.5886363636363636,rCLR_Oscillibacter sp. 57_20,rCLR,Oscillibacter sp. 57_20,0.0027019698421795403,-0.0016019159579468414,51
OnlyMale,RandomForest,HanniganGD_2017,0.5886363636363636,rCLR_Bacteroides xylanisolvens,rCLR,Bacteroides xylanisolvens,0.0026875133709769287,-0.0026875133709769287,52
OnlyMale,RandomForest,HanniganGD_2017,0.5886363636363636,rCLR_Eubacterium sp. CAG:180,rCLR,Eubacterium sp. CAG:180,0.002608669926385518,-0.0022864848863152942,53
OnlyMale,RandomForest,HanniganGD_2017,0.5886363636363636,rCLR_Veillonella atypica,rCLR,Veillonella atypica,0.0026014841021023975,-0.0026014841021023975,54
OnlyMale,RandomForest,HanniganGD_2017,0.5886363636363636,rCLR_Blautia obeum,rCLR,Blautia obeum,0.0025953849994098084,0.0009660941525836824,55
OnlyMale,RandomForest,HanniganGD_2017,0.5886363636363636,PA_Bacteroides thetaiotaomicron,PA,Bacteroides thetaiotaomicron,0.0025332724869164946,-0.0023331404413556604,56
OnlyMale,RandomForest,HanniganGD_2017,0.5886363636363636,rCLR_[Ruminococcus] lactaris,rCLR,[Ruminococcus] lactaris,0.0025223079063584767,-0.0006754368638879341,57
OnlyMale,RandomForest,HanniganGD_2017,0.5886363636363636,rCLR_Adlercreutzia equolifaciens_1,rCLR,Adlercreutzia equolifaciens_1,0.0024913400135991616,-0.0002414168878820727,58
OnlyMale,RandomForest,HanniganGD_2017,0.5886363636363636,rCLR_Bacteroides cellulosilyticus,rCLR,Bacteroides cellulosilyticus,0.0024906059275074605,-0.0024805210336679186,59
OnlyMale,RandomForest,HanniganGD_2017,0.5886363636363636,rCLR_Enterocloster bolteae,rCLR,Enterocloster bolteae,0.002366471447265973,-0.002324453274251254,60
OnlyMale,RandomForest,HanniganGD_2017,0.5886363636363636,rCLR_Bifidobacterium adolescentis,rCLR,Bifidobacterium adolescentis,0.0021261717973281254,-0.00010453181607948678,61
OnlyMale,RandomForest,HanniganGD_2017,0.5886363636363636,rCLR_Bacteroides sp. CAG:144,rCLR,Bacteroides sp. CAG:144,0.002110385146945783,-0.002110385146945783,62
OnlyMale,RandomForest,HanniganGD_2017,0.5886363636363636,rCLR_[Eubacterium] rectale,rCLR,[Eubacterium] rectale,0.002007554829271738,0.0008599968221799206,63
OnlyMale,RandomForest,HanniganGD_2017,0.5886363636363636,rCLR_Eggerthella lenta,rCLR,Eggerthella lenta,0.001894240714965701,0.00016505203688364447,64
OnlyMale,RandomForest,HanniganGD_2017,0.5886363636363636,PA_Roseburia faecis,PA,Roseburia faecis,0.0018754701019274593,0.0007038340659958494,65
OnlyMale,RandomForest,HanniganGD_2017,0.5886363636363636,rCLR_Coprococcus comes,rCLR,Coprococcus comes,0.0018121079536408526,0.0006090445910385473,66
OnlyMale,RandomForest,HanniganGD_2017,0.5886363636363636,rCLR_Blautia wexlerae,rCLR,Blautia wexlerae,0.0017785991740551829,-0.001508595063911654,67
OnlyMale,RandomForest,HanniganGD_2017,0.5886363636363636,PA_Clostridium sp. CAG:58,PA,Clostridium sp. CAG:58,0.0017440232194516582,-0.0011090110976682897,68
OnlyMale,RandomForest,HanniganGD_2017,0.5886363636363636,rCLR_Slackia isoflavoniconvertens,rCLR,Slackia isoflavoniconvertens,0.001740732654851447,-0.0016367861786754174,69
OnlyMale,RandomForest,HanniganGD_2017,0.5886363636363636,rCLR_Streptococcus salivarius,rCLR,Streptococcus salivarius,0.0016903043651779626,0.0007023503455291674,70
OnlyMale,RandomForest,HanniganGD_2017,0.5886363636363636,rCLR_Ruminococcus bicirculans,rCLR,Ruminococcus bicirculans,0.0016625247311735094,0.0009040815963409012,71
OnlyMale,RandomForest,HanniganGD_2017,0.5886363636363636,rCLR_Streptococcus thermophilus,rCLR,Streptococcus thermophilus,0.0016517859579814958,-0.0010620714000877372,72
OnlyMale,RandomForest,HanniganGD_2017,0.5886363636363636,PA_Anaerotignum lactatifermentans,PA,Anaerotignum lactatifermentans,0.0016506858976805718,-0.0005118005580441832,73
OnlyMale,RandomForest,HanniganGD_2017,0.5886363636363636,rCLR_Adlercreutzia equolifaciens,rCLR,Adlercreutzia equolifaciens,0.0015840663676126143,-0.00022853001118330063,74
OnlyMale,RandomForest,HanniganGD_2017,0.5886363636363636,rCLR_Dorea longicatena,rCLR,Dorea longicatena,0.001581987705231477,0.0008823973453924781,75
OnlyMale,RandomForest,HanniganGD_2017,0.5886363636363636,PA_Methanobrevibacter smithii,PA,Methanobrevibacter smithii,0.0015522848303441113,-5.180535853373499e-05,76
OnlyMale,RandomForest,HanniganGD_2017,0.5886363636363636,rCLR_Phocaeicola plebeius,rCLR,Phocaeicola plebeius,0.0015444915528496097,-0.0013300163506833177,77
OnlyMale,RandomForest,HanniganGD_2017,0.5886363636363636,rCLR_Roseburia inulinivorans,rCLR,Roseburia inulinivorans,0.0014825385512046772,0.0013762640402253843,78
OnlyMale,RandomForest,HanniganGD_2017,0.5886363636363636,PA_Escherichia coli,PA,Escherichia coli,0.0014721060609172055,-0.0011055802033128356,79
OnlyMale,RandomForest,HanniganGD_2017,0.5886363636363636,PA_Bacteroides cellulosilyticus,PA,Bacteroides cellulosilyticus,0.0014550559583396082,-0.0010989398178280583,80
OnlyMale,RandomForest,HanniganGD_2017,0.5886363636363636,rCLR_Phascolarctobacterium faecium,rCLR,Phascolarctobacterium faecium,0.00143656043863323,-0.0007383143436427007,81
OnlyMale,RandomForest,HanniganGD_2017,0.5886363636363636,PA_Roseburia intestinalis,PA,Roseburia intestinalis,0.0014196783807826038,0.0002642818738767609,82
OnlyMale,RandomForest,HanniganGD_2017,0.5886363636363636,rCLR_Klebsiella variicola,rCLR,Klebsiella variicola,0.001403612825643778,-0.0010670011924475689,83
OnlyMale,RandomForest,HanniganGD_2017,0.5886363636363636,rCLR_Gordonibacter pamelaeae,rCLR,Gordonibacter pamelaeae,0.0013958385094859317,-0.00030023473419789093,84
OnlyMale,RandomForest,HanniganGD_2017,0.5886363636363636,PA_Roseburia inulinivorans,PA,Roseburia inulinivorans,0.0013805148726296493,0.001095987357062859,85
OnlyMale,RandomForest,HanniganGD_2017,0.5886363636363636,rCLR_Phascolarctobacterium succinatutens,rCLR,Phascolarctobacterium succinatutens,0.0013634110484699775,-0.0001565206960035244,86
OnlyMale,RandomForest,HanniganGD_2017,0.5886363636363636,rCLR_Alistipes putredinis,rCLR,Alistipes putredinis,0.0013560135922916039,-0.0011946177002697107,87
OnlyMale,RandomForest,HanniganGD_2017,0.5886363636363636,rCLR_Firmicutes bacterium CAG:83,rCLR,Firmicutes bacterium CAG:83,0.0013383878247243265,-0.00041508697038405084,88
OnlyMale,RandomForest,HanniganGD_2017,0.5886363636363636,PA_Enterocloster bolteae,PA,Enterocloster bolteae,0.0013253733797950042,-0.0012262500607905101,89
OnlyMale,RandomForest,HanniganGD_2017,0.5886363636363636,rCLR_Streptococcus parasanguinis,rCLR,Streptococcus parasanguinis,0.0013019475384641094,0.0006364500634621599,90
OnlyMale,RandomForest,HanniganGD_2017,0.5886363636363636,rCLR_Holdemanella biformis,rCLR,Holdemanella biformis,0.0012809807447239912,-0.00014907530866344482,91
OnlyMale,RandomForest,HanniganGD_2017,0.5886363636363636,rCLR_[Ruminococcus] gnavus,rCLR,[Ruminococcus] gnavus,0.001261815196223509,-0.0003269312835826101,92
OnlyMale,RandomForest,HanniganGD_2017,0.5886363636363636,rCLR_Eubacterium sp. CAG:274,rCLR,Eubacterium sp. CAG:274,0.00125096177465216,-0.00023470134757194014,93
OnlyMale,RandomForest,HanniganGD_2017,0.5886363636363636,rCLR_Erysipelatoclostridium ramosum,rCLR,Erysipelatoclostridium ramosum,0.0012350773600376646,-0.0003808038547491281,94
OnlyMale,RandomForest,HanniganGD_2017,0.5886363636363636,rCLR_Klebsiella pneumoniae,rCLR,Klebsiella pneumoniae,0.0012329060559993766,-0.0004208597317335244,95
OnlyMale,RandomForest,HanniganGD_2017,0.5886363636363636,PA_Bacteroides ovatus,PA,Bacteroides ovatus,0.0011911153436100872,0.0010090218305069413,96
OnlyMale,RandomForest,HanniganGD_2017,0.5886363636363636,PA_Ruthenibacterium lactatiformans,PA,Ruthenibacterium lactatiformans,0.0011777946169273194,-0.0007902803445056508,97
OnlyMale,RandomForest,HanniganGD_2017,0.5886363636363636,rCLR_Prevotella copri,rCLR,Prevotella copri,0.001148946304729475,0.001148946304729475,98
OnlyMale,RandomForest,HanniganGD_2017,0.5886363636363636,rCLR_Proteobacteria bacterium CAG:139,rCLR,Proteobacteria bacterium CAG:139,0.0011337512611957294,-0.0011337512611957294,99
OnlyMale,RandomForest,HanniganGD_2017,0.5886363636363636,rCLR_Bacteroides finegoldii,rCLR,Bacteroides finegoldii,0.0011274797948869208,0.0009366697826573148,100
OnlyMale,RandomForest,HanniganGD_2017,0.5886363636363636,PA_Bifidobacterium pseudocatenulatum,PA,Bifidobacterium pseudocatenulatum,0.001122479303970548,0.0006889163580006848,101
OnlyMale,RandomForest,HanniganGD_2017,0.5886363636363636,rCLR_Coprococcus eutactus,rCLR,Coprococcus eutactus,0.0010762379608770976,0.00034621443239097574,102
OnlyMale,RandomForest,HanniganGD_2017,0.5886363636363636,PA_Bacteroides caccae,PA,Bacteroides caccae,0.0010753479082919915,-0.0007581325216631187,103
OnlyMale,RandomForest,HanniganGD_2017,0.5886363636363636,rCLR_Dialister invisus,rCLR,Dialister invisus,0.0010731979400410339,-0.000362574570671038,104
OnlyMale,RandomForest,HanniganGD_2017,0.5886363636363636,PA_Parabacteroides distasonis,PA,Parabacteroides distasonis,0.0010622872633726827,-0.0008143494076060013,105
OnlyMale,RandomForest,HanniganGD_2017,0.5886363636363636,rCLR_Gemmiger formicilis,rCLR,Gemmiger formicilis,0.0010386190174273508,0.0006042843061150664,106
OnlyMale,RandomForest,HanniganGD_2017,0.5886363636363636,rCLR_Acidaminococcus intestini,rCLR,Acidaminococcus intestini,0.0010374776693717444,-0.0010235380881136256,107
OnlyMale,RandomForest,HanniganGD_2017,0.5886363636363636,rCLR_Eubacterium ramulus,rCLR,Eubacterium ramulus,0.0009972085415154033,-0.00017537140275541928,108
OnlyMale,RandomForest,HanniganGD_2017,0.5886363636363636,rCLR_Anaerotignum lactatifermentans,rCLR,Anaerotignum lactatifermentans,0.0009963704800500244,0.0001665946181410568,109
OnlyMale,RandomForest,HanniganGD_2017,0.5886363636363636,PA_Bifidobacterium bifidum,PA,Bifidobacterium bifidum,0.0009781944463804542,0.00045836673756622363,110
OnlyMale,RandomForest,HanniganGD_2017,0.5886363636363636,PA_Streptococcus thermophilus,PA,Streptococcus thermophilus,0.0009631931932743045,6.757075955720621e-05,111
OnlyMale,RandomForest,HanniganGD_2017,0.5886363636363636,PA_Parabacteroides merdae,PA,Parabacteroides merdae,0.0009531950283078773,-0.0006955775889795654,112
OnlyMale,RandomForest,HanniganGD_2017,0.5886363636363636,PA_Fusicatenibacter saccharivorans,PA,Fusicatenibacter saccharivorans,0.0009512868473383748,0.00019536839136012187,113
OnlyMale,RandomForest,HanniganGD_2017,0.5886363636363636,PA_Flavonifractor plautii,PA,Flavonifractor plautii,0.0009474943624369723,-0.0009159185069536961,114
OnlyMale,RandomForest,HanniganGD_2017,0.5886363636363636,PA_Alistipes shahii,PA,Alistipes shahii,0.000933452073218013,-0.0008258702879500481,115
OnlyMale,RandomForest,HanniganGD_2017,0.5886363636363636,rCLR_Phocaeicola dorei,rCLR,Phocaeicola dorei,0.0009333945356114157,0.0009082153779248685,116
OnlyMale,RandomForest,HanniganGD_2017,0.5886363636363636,PA_Akkermansia muciniphila,PA,Akkermansia muciniphila,0.0009217518835155019,6.394087736511597e-05,117
OnlyMale,RandomForest,HanniganGD_2017,0.5886363636363636,rCLR_Veillonella parvula,rCLR,Veillonella parvula,0.0009150975803536089,-0.0008169385191178829,118
OnlyMale,RandomForest,HanniganGD_2017,0.5886363636363636,rCLR_Bacteroides ovatus,rCLR,Bacteroides ovatus,0.000914613278494285,0.0007906451242315252,119
OnlyMale,RandomForest,HanniganGD_2017,0.5886363636363636,rCLR_Klebsiella quasipneumoniae,rCLR,Klebsiella quasipneumoniae,0.0008960573113198813,0.0005156175768446365,120
OnlyMale,RandomForest,HanniganGD_2017,0.5886363636363636,rCLR_Ruminococcus bromii,rCLR,Ruminococcus bromii,0.0008817397596786011,0.0004250465586611498,121
OnlyMale,RandomForest,HanniganGD_2017,0.5886363636363636,rCLR_Intestinibacter bartlettii,rCLR,Intestinibacter bartlettii,0.0008714145051648719,-0.00017998929148954612,122
OnlyMale,RandomForest,HanniganGD_2017,0.5886363636363636,rCLR_Alistipes shahii,rCLR,Alistipes shahii,0.0008624295225908483,-0.0007313864752690352,123
OnlyMale,RandomForest,HanniganGD_2017,0.5886363636363636,PA_Prevotella copri,PA,Prevotella copri,0.0008623322348443066,-0.0008383879233415314,124
OnlyMale,RandomForest,HanniganGD_2017,0.5886363636363636,rCLR_Alistipes inops,rCLR,Alistipes inops,0.0008426953695781467,-4.5692643473443504e-05,125
OnlyMale,RandomForest,HanniganGD_2017,0.5886363636363636,PA_Phocaeicola vulgatus,PA,Phocaeicola vulgatus,0.0008073132147164934,0.0007075268133356838,126
OnlyMale,RandomForest,HanniganGD_2017,0.5886363636363636,PA_Butyricimonas virosa,PA,Butyricimonas virosa,0.0007830215515153568,-0.0007806824232445012,127
OnlyMale,RandomForest,HanniganGD_2017,0.5886363636363636,PA_Eubacterium sp. CAG:180,PA,Eubacterium sp. CAG:180,0.0007542932690302747,-0.0002356599743563918,128
OnlyMale,RandomForest,HanniganGD_2017,0.5886363636363636,PA_Alistipes finegoldii,PA,Alistipes finegoldii,0.0007221512696557141,-0.0006812524018065815,129
OnlyMale,RandomForest,HanniganGD_2017,0.5886363636363636,PA_Blautia sp. CAG:257,PA,Blautia sp. CAG:257,0.0007182041904407177,-0.00017382033188383895,130
OnlyMale,RandomForest,HanniganGD_2017,0.5886363636363636,PA_Lachnospira eligens,PA,Lachnospira eligens,0.0007016574619477431,0.0006312785704207559,131
OnlyMale,RandomForest,HanniganGD_2017,0.5886363636363636,rCLR_Bacteroides intestinalis,rCLR,Bacteroides intestinalis,0.0006947917862549825,0.0004585568713691736,132
OnlyMale,RandomForest,HanniganGD_2017,0.5886363636363636,PA_Eubacterium sp. CAG:38,PA,Eubacterium sp. CAG:38,0.0006532611185239798,0.0006339193477309155,133
OnlyMale,RandomForest,HanniganGD_2017,0.5886363636363636,PA_Lawsonibacter asaccharolyticus,PA,Lawsonibacter asaccharolyticus,0.0006446740090465486,-0.0005868181018265059,134
OnlyMale,RandomForest,HanniganGD_2017,0.5886363636363636,PA_Bacteroides xylanisolvens,PA,Bacteroides xylanisolvens,0.0006425358489493713,-0.000574754816014544,135
OnlyMale,RandomForest,HanniganGD_2017,0.5886363636363636,rCLR_Parasutterella excrementihominis,rCLR,Parasutterella excrementihominis,0.0006311033210141314,-0.0004230824407999152,136
OnlyMale,RandomForest,HanniganGD_2017,0.5886363636363636,rCLR_Bacteroides stercoris,rCLR,Bacteroides stercoris,0.0006273250625774622,0.00038126003878560696,137
OnlyMale,RandomForest,HanniganGD_2017,0.5886363636363636,PA_Bacteroides fragilis,PA,Bacteroides fragilis,0.0006192341128624772,-0.00047169609289553904,138
OnlyMale,RandomForest,HanniganGD_2017,0.5886363636363636,rCLR_Bacteroides fragilis,rCLR,Bacteroides fragilis,0.0006086677747500737,-0.0002654930996086063,139
OnlyMale,RandomForest,HanniganGD_2017,0.5886363636363636,rCLR_Bacteroides eggerthii,rCLR,Bacteroides eggerthii,0.0006059148412855236,-0.00012020521275003041,140
OnlyMale,RandomForest,HanniganGD_2017,0.5886363636363636,PA_Firmicutes bacterium CAG:145,PA,Firmicutes bacterium CAG:145,0.0005623992390731175,-0.00016389429596791612,141
OnlyMale,RandomForest,HanniganGD_2017,0.5886363636363636,PA_Odoribacter splanchnicus,PA,Odoribacter splanchnicus,0.0005556463336417703,-0.0005164038772978164,142
OnlyMale,RandomForest,HanniganGD_2017,0.5886363636363636,rCLR_Firmicutes bacterium CAG:110,rCLR,Firmicutes bacterium CAG:110,0.0005472580973751312,-0.0005472580973751312,143
OnlyMale,RandomForest,HanniganGD_2017,0.5886363636363636,PA_Bacteroides stercoris,PA,Bacteroides stercoris,0.0005343247863762424,-0.00037882072222150394,144
OnlyMale,RandomForest,HanniganGD_2017,0.5886363636363636,PA_Veillonella atypica,PA,Veillonella atypica,0.0005247552847663317,-0.0005227448158710209,145
OnlyMale,RandomForest,HanniganGD_2017,0.5886363636363636,rCLR_Barnesiella intestinihominis,rCLR,Barnesiella intestinihominis,0.0005231936932297369,5.0651005789206584e-05,146
OnlyMale,RandomForest,HanniganGD_2017,0.5886363636363636,PA_[Eubacterium] siraeum,PA,[Eubacterium] siraeum,0.0005104586165536308,-0.00030955995734114483,147
OnlyMale,RandomForest,HanniganGD_2017,0.5886363636363636,rCLR_Phocaeicola massiliensis,rCLR,Phocaeicola massiliensis,0.000466283304935421,-0.0003272656815221005,148
OnlyMale,RandomForest,HanniganGD_2017,0.5886363636363636,PA_Ruminococcus bicirculans,PA,Ruminococcus bicirculans,0.00046244683383917114,1.3865940393626585e-05,149
OnlyMale,RandomForest,HanniganGD_2017,0.5886363636363636,PA_Anaerobutyricum hallii,PA,Anaerobutyricum hallii,0.0004525716610909434,5.501310179753092e-05,150
OnlyMale,RandomForest,HanniganGD_2017,0.5886363636363636,PA_Bacteroides salyersiae,PA,Bacteroides salyersiae,0.0004414051985884242,-0.0004414051985884242,151
OnlyMale,RandomForest,HanniganGD_2017,0.5886363636363636,PA_Phascolarctobacterium succinatutens,PA,Phascolarctobacterium succinatutens,0.00043287032558818805,-0.00033026468819939985,152
OnlyMale,RandomForest,HanniganGD_2017,0.5886363636363636,PA_Phascolarctobacterium faecium,PA,Phascolarctobacterium faecium,0.00043072661179024155,-0.0002406651238205045,153
OnlyMale,RandomForest,HanniganGD_2017,0.5886363636363636,PA_Parasutterella excrementihominis,PA,Parasutterella excrementihominis,0.0004197860982260712,0.0003227024624424999,154
OnlyMale,RandomForest,HanniganGD_2017,0.5886363636363636,PA_Megamonas funiformis,PA,Megamonas funiformis,0.000411614539811067,-0.00026569352733767993,155
OnlyMale,RandomForest,HanniganGD_2017,0.5886363636363636,PA_Eubacterium ramulus,PA,Eubacterium ramulus,0.00037943270998230273,0.00018786767076485136,156
OnlyMale,RandomForest,HanniganGD_2017,0.5886363636363636,PA_Eubacterium sp. CAG:274,PA,Eubacterium sp. CAG:274,0.00036660852167725,0.00011538099753973386,157
OnlyMale,RandomForest,HanniganGD_2017,0.5886363636363636,PA_Coprococcus catus,PA,Coprococcus catus,0.0003562675304586654,0.00011310386121017937,158
OnlyMale,RandomForest,HanniganGD_2017,0.5886363636363636,PA_Phocaeicola plebeius,PA,Phocaeicola plebeius,0.00035313096119125935,-8.769893841604817e-05,159
OnlyMale,RandomForest,HanniganGD_2017,0.5886363636363636,PA_Bacteroides sp. CAG:144,PA,Bacteroides sp. CAG:144,0.0003399076245462524,-0.0003399076245462524,160
OnlyMale,RandomForest,HanniganGD_2017,0.5886363636363636,PA_Paraprevotella xylaniphila,PA,Paraprevotella xylaniphila,0.00033607011014114886,-0.00026357187813689836,161
OnlyMale,RandomForest,HanniganGD_2017,0.5886363636363636,PA_Bifidobacterium adolescentis,PA,Bifidobacterium adolescentis,0.000335651260134614,8.629718090254108e-05,162
OnlyMale,RandomForest,HanniganGD_2017,0.5886363636363636,rCLR_Megamonas funiformis,rCLR,Megamonas funiformis,0.00033528035798867736,0.0001429696340193994,163
OnlyMale,RandomForest,HanniganGD_2017,0.5886363636363636,PA_Slackia isoflavoniconvertens,PA,Slackia isoflavoniconvertens,0.00033214995226784586,-0.00014558848078213333,164
OnlyMale,RandomForest,HanniganGD_2017,0.5886363636363636,PA_Adlercreutzia equolifaciens,PA,Adlercreutzia equolifaciens,0.00033181581747206065,-0.0002235934816490145,165
OnlyMale,RandomForest,HanniganGD_2017,0.5886363636363636,PA_Dorea longicatena,PA,Dorea longicatena,0.0003174740919878802,-0.0002092325352298534,166
OnlyMale,RandomForest,HanniganGD_2017,0.5886363636363636,PA_Bacteroides intestinalis,PA,Bacteroides intestinalis,0.00031519862501500025,4.807401067374129e-05,167
OnlyMale,RandomForest,HanniganGD_2017,0.5886363636363636,PA_Gordonibacter pamelaeae,PA,Gordonibacter pamelaeae,0.0003146611593451723,0.00011704355698260778,168
OnlyMale,RandomForest,HanniganGD_2017,0.5886363636363636,PA_Oscillibacter sp. 57_20,PA,Oscillibacter sp. 57_20,0.00030829852251618953,0.00021203255517601076,169
OnlyMale,RandomForest,HanniganGD_2017,0.5886363636363636,PA_Bacteroides eggerthii,PA,Bacteroides eggerthii,0.00028655107011679406,-2.87106519377447e-05,170
OnlyMale,RandomForest,HanniganGD_2017,0.5886363636363636,PA_Faecalibacterium prausnitzii,PA,Faecalibacterium prausnitzii,0.0002787183815523223,8.423238831880803e-06,171
OnlyMale,RandomForest,HanniganGD_2017,0.5886363636363636,PA_Klebsiella pneumoniae,PA,Klebsiella pneumoniae,0.0002722788825408081,-8.684110690385028e-05,172
OnlyMale,RandomForest,HanniganGD_2017,0.5886363636363636,PA_[Ruminococcus] lactaris,PA,[Ruminococcus] lactaris,0.00026894889021907123,5.43777330549447e-05,173
OnlyMale,RandomForest,HanniganGD_2017,0.5886363636363636,PA_Coprococcus eutactus,PA,Coprococcus eutactus,0.0002649947401308508,9.004301671628071e-05,174
OnlyMale,RandomForest,HanniganGD_2017,0.5886363636363636,PA_Gemmiger formicilis,PA,Gemmiger formicilis,0.00026318333685059354,-0.00014199049729472107,175
OnlyMale,RandomForest,HanniganGD_2017,0.5886363636363636,PA_Acidaminococcus intestini,PA,Acidaminococcus intestini,0.00026309225410995365,-0.00026309225410995365,176
OnlyMale,RandomForest,HanniganGD_2017,0.5886363636363636,PA_Eggerthella lenta,PA,Eggerthella lenta,0.0002616026288424996,7.646670351540654e-05,177
OnlyMale,RandomForest,HanniganGD_2017,0.5886363636363636,PA_Alistipes putredinis,PA,Alistipes putredinis,0.0002599724500354123,-5.608974145691182e-05,178
OnlyMale,RandomForest,HanniganGD_2017,0.5886363636363636,PA_Veillonella parvula,PA,Veillonella parvula,0.00023892279973063369,-0.00017883776714718396,179
OnlyMale,RandomForest,HanniganGD_2017,0.5886363636363636,PA_Holdemanella biformis,PA,Holdemanella biformis,0.00023436085100969335,-0.00012155426844161378,180
OnlyMale,RandomForest,HanniganGD_2017,0.5886363636363636,PA_Phocaeicola dorei,PA,Phocaeicola dorei,0.00023149219244214664,-0.00011422556052317087,181
OnlyMale,RandomForest,HanniganGD_2017,0.5886363636363636,PA_Oscillibacter sp. CAG:241,PA,Oscillibacter sp. CAG:241,0.00022486338883370916,-0.00012965109886281767,182
OnlyMale,RandomForest,HanniganGD_2017,0.5886363636363636,PA_[Eubacterium] rectale,PA,[Eubacterium] rectale,0.0002231802150309,0.00011510412118491326,183
OnlyMale,RandomForest,HanniganGD_2017,0.5886363636363636,PA_Barnesiella intestinihominis,PA,Barnesiella intestinihominis,0.00022020685112719723,-0.00013537906554264928,184
OnlyMale,RandomForest,HanniganGD_2017,0.5886363636363636,PA_Blautia wexlerae,PA,Blautia wexlerae,0.00021884919533246788,-1.5190288009008578e-05,185
OnlyMale,RandomForest,HanniganGD_2017,0.5886363636363636,PA_Firmicutes bacterium CAG:110,PA,Firmicutes bacterium CAG:110,0.00020721222599430383,0.00018360633088617098,186
OnlyMale,RandomForest,HanniganGD_2017,0.5886363636363636,PA_Coprococcus comes,PA,Coprococcus comes,0.00020589335109418732,-1.3066202444027836e-05,187
OnlyMale,RandomForest,HanniganGD_2017,0.5886363636363636,PA_Desulfovibrio piger,PA,Desulfovibrio piger,0.00019801735546321514,-0.0001477528697767511,188
OnlyMale,RandomForest,HanniganGD_2017,0.5886363636363636,PA_Lachnospira pectinoschiza,PA,Lachnospira pectinoschiza,0.00019406309327927497,0.00017166873897245613,189
OnlyMale,RandomForest,HanniganGD_2017,0.5886363636363636,PA_Phocaeicola coprocola,PA,Phocaeicola coprocola,0.00019178891554034222,-0.00014989807963084975,190
OnlyMale,RandomForest,HanniganGD_2017,0.5886363636363636,PA_Eubacterium ventriosum,PA,Eubacterium ventriosum,0.00018758684767696487,2.396809668824875e-05,191
OnlyMale,RandomForest,HanniganGD_2017,0.5886363636363636,PA_Klebsiella quasipneumoniae,PA,Klebsiella quasipneumoniae,0.00018661839263211226,-0.00011690457197394944,192
OnlyMale,RandomForest,HanniganGD_2017,0.5886363636363636,PA_Phocaeicola massiliensis,PA,Phocaeicola massiliensis,0.00018652849271505293,-3.0161418710763003e-05,193
OnlyMale,RandomForest,HanniganGD_2017,0.5886363636363636,PA_Streptococcus parasanguinis,PA,Streptococcus parasanguinis,0.00018368657985066788,-6.806367597974429e-06,194
OnlyMale,RandomForest,HanniganGD_2017,0.5886363636363636,PA_Alistipes inops,PA,Alistipes inops,0.0001817376489659923,-1.3798675961786295e-05,195
OnlyMale,RandomForest,HanniganGD_2017,0.5886363636363636,PA_Bacteroides finegoldii,PA,Bacteroides finegoldii,0.00017181992525068055,9.531407608632844e-05,196
OnlyMale,RandomForest,HanniganGD_2017,0.5886363636363636,PA_Eubacterium sp. CAG:251,PA,Eubacterium sp. CAG:251,0.00016583307026899515,0.00012681057262697845,197
OnlyMale,RandomForest,HanniganGD_2017,0.5886363636363636,PA_Erysipelatoclostridium ramosum,PA,Erysipelatoclostridium ramosum,0.00015573515617040012,9.96043217748477e-05,198
OnlyMale,RandomForest,HanniganGD_2017,0.5886363636363636,PA_Bacteroides uniformis,PA,Bacteroides uniformis,0.00014711702769534092,-0.00010658420782503406,199
OnlyMale,RandomForest,HanniganGD_2017,0.5886363636363636,PA_Dialister invisus,PA,Dialister invisus,0.00014690841350028898,7.07897391065667e-05,200
OnlyMale,RandomForest,HanniganGD_2017,0.5886363636363636,PA_[Ruminococcus] torques,PA,[Ruminococcus] torques,0.00014631395081670255,-9.419717693222556e-06,201
OnlyMale,RandomForest,HanniganGD_2017,0.5886363636363636,PA_Firmicutes bacterium CAG:83,PA,Firmicutes bacterium CAG:83,0.00014194318670844393,-4.9525417937535055e-05,202
OnlyMale,RandomForest,HanniganGD_2017,0.5886363636363636,PA_Bifidobacterium longum,PA,Bifidobacterium longum,0.00013976901208585853,-1.5572776716225048e-05,203
OnlyMale,RandomForest,HanniganGD_2017,0.5886363636363636,PA_Ruminococcus bromii,PA,Ruminococcus bromii,0.00013306955397184695,-1.6098985595744027e-05,204
OnlyMale,RandomForest,HanniganGD_2017,0.5886363636363636,PA_Dorea formicigenerans,PA,Dorea formicigenerans,0.00013121393977963931,-6.387800888200247e-05,205
OnlyMale,RandomForest,HanniganGD_2017,0.5886363636363636,PA_[Ruminococcus] gnavus,PA,[Ruminococcus] gnavus,0.0001277868792529217,-2.9302536870958956e-05,206
OnlyMale,RandomForest,HanniganGD_2017,0.5886363636363636,PA_Blautia obeum,PA,Blautia obeum,0.00012293152940186315,-6.316570704084934e-06,207
OnlyMale,RandomForest,HanniganGD_2017,0.5886363636363636,PA_Anaerostipes hadrus,PA,Anaerostipes hadrus,0.00011271066746219743,-4.111696084706939e-05,208
OnlyMale,RandomForest,HanniganGD_2017,0.5886363636363636,PA_Roseburia hominis,PA,Roseburia hominis,0.0001106826179400753,-9.248956392103895e-05,209
OnlyMale,RandomForest,HanniganGD_2017,0.5886363636363636,PA_Coprobacter fastidiosus,PA,Coprobacter fastidiosus,0.00010551011469892807,-6.415219416950988e-05,210
OnlyMale,RandomForest,HanniganGD_2017,0.5886363636363636,PA_Adlercreutzia equolifaciens_1,PA,Adlercreutzia equolifaciens_1,0.0001011920535765431,-1.7554387287487204e-05,211
OnlyMale,RandomForest,HanniganGD_2017,0.5886363636363636,PA_Agathobaculum butyriciproducens,PA,Agathobaculum butyriciproducens,9.926968401888075e-05,5.563111968702538e-05,212
OnlyMale,RandomForest,HanniganGD_2017,0.5886363636363636,PA_Proteobacteria bacterium CAG:139,PA,Proteobacteria bacterium CAG:139,9.644537152133785e-05,-4.146413792078997e-06,213
OnlyMale,RandomForest,HanniganGD_2017,0.5886363636363636,PA_Klebsiella variicola,PA,Klebsiella variicola,8.68957999570283e-05,4.999606020829689e-07,214
OnlyMale,RandomForest,HanniganGD_2017,0.5886363636363636,PA_Intestinibacter bartlettii,PA,Intestinibacter bartlettii,6.244732871017934e-05,8.98900309934821e-06,215
OnlyMale,RandomForest,ThomasAM_2018a,0.6856187290969898,PA_Parvimonas micra,PA,Parvimonas micra,0.02307774520689335,-0.01691009448487111,1
OnlyMale,RandomForest,ThomasAM_2018a,0.6856187290969898,rCLR_Roseburia intestinalis,rCLR,Roseburia intestinalis,0.014844844301977978,-0.0031352172478613344,2
OnlyMale,RandomForest,ThomasAM_2018a,0.6856187290969898,rCLR_Ruthenibacterium lactatiformans,rCLR,Ruthenibacterium lactatiformans,0.013887875183651954,0.010687164172601337,3
OnlyMale,RandomForest,ThomasAM_2018a,0.6856187290969898,rCLR_Alistipes finegoldii,rCLR,Alistipes finegoldii,0.012511167177244924,0.010958918058858312,4
OnlyMale,RandomForest,ThomasAM_2018a,0.6856187290969898,rCLR_Fusicatenibacter saccharivorans,rCLR,Fusicatenibacter saccharivorans,0.012097242491528062,0.0022481960841650456,5
OnlyMale,RandomForest,ThomasAM_2018a,0.6856187290969898,rCLR_Akkermansia muciniphila,rCLR,Akkermansia muciniphila,0.01151379549054662,0.008185949264664547,6
OnlyMale,RandomForest,ThomasAM_2018a,0.6856187290969898,rCLR_Alistipes putredinis,rCLR,Alistipes putredinis,0.0111948091378977,0.009003509484664041,7
OnlyMale,RandomForest,ThomasAM_2018a,0.6856187290969898,rCLR_Lachnospira eligens,rCLR,Lachnospira eligens,0.010257835797255397,0.0070266124024407454,8
OnlyMale,RandomForest,ThomasAM_2018a,0.6856187290969898,rCLR_Roseburia faecis,rCLR,Roseburia faecis,0.009293182934200879,0.006018946467530663,9
OnlyMale,RandomForest,ThomasAM_2018a,0.6856187290969898,rCLR_Eubacterium sp. CAG:251,rCLR,Eubacterium sp. CAG:251,0.00923603228598974,0.007485675122852943,10
OnlyMale,RandomForest,ThomasAM_2018a,0.6856187290969898,rCLR_Parvimonas micra,rCLR,Parvimonas micra,0.009190475186558435,-0.005398599708625294,11
OnlyMale,RandomForest,ThomasAM_2018a,0.6856187290969898,rCLR_Eubacterium ventriosum,rCLR,Eubacterium ventriosum,0.008902881956842119,-0.0005506573838199126,12
OnlyMale,RandomForest,ThomasAM_2018a,0.6856187290969898,rCLR_Odoribacter splanchnicus,rCLR,Odoribacter splanchnicus,0.008552791664356454,0.0013232405992561044,13
OnlyMale,RandomForest,ThomasAM_2018a,0.6856187290969898,rCLR_Anaerostipes hadrus,rCLR,Anaerostipes hadrus,0.00775087902103257,0.00775087902103257,14
OnlyMale,RandomForest,ThomasAM_2018a,0.6856187290969898,rCLR_Flavonifractor plautii,rCLR,Flavonifractor plautii,0.007460871728683116,0.004961943613749804,15
OnlyMale,RandomForest,ThomasAM_2018a,0.6856187290969898,PA_Streptococcus salivarius,PA,Streptococcus salivarius,0.007383215445322057,0.006758353585052556,16
OnlyMale,RandomForest,ThomasAM_2018a,0.6856187290969898,rCLR_Phocaeicola coprocola,rCLR,Phocaeicola coprocola,0.00683807989543488,-0.0030459109607344414,17
OnlyMale,RandomForest,ThomasAM_2018a,0.6856187290969898,rCLR_Lachnospira pectinoschiza,rCLR,Lachnospira pectinoschiza,0.0065536218450558585,0.00525571446220878,18
OnlyMale,RandomForest,ThomasAM_2018a,0.6856187290969898,Age,covariate,Age,0.006551114309349263,0.006551114309349263,19
OnlyMale,RandomForest,ThomasAM_2018a,0.6856187290969898,rCLR_Bifidobacterium pseudocatenulatum,rCLR,Bifidobacterium pseudocatenulatum,0.006515182317576559,0.00549366493595091,20
OnlyMale,RandomForest,ThomasAM_2018a,0.6856187290969898,rCLR_Parabacteroides distasonis,rCLR,Parabacteroides distasonis,0.0062855399273720435,0.0014587053484228288,21
OnlyMale,RandomForest,ThomasAM_2018a,0.6856187290969898,rCLR_Clostridium sp. CAG:58,rCLR,Clostridium sp. CAG:58,0.0057467798434837365,0.0012993633111004002,22
OnlyMale,RandomForest,ThomasAM_2018a,0.6856187290969898,rCLR_Bacteroides caccae,rCLR,Bacteroides caccae,0.0053902482445941985,0.0006819106870926131,23
OnlyMale,RandomForest,ThomasAM_2018a,0.6856187290969898,rCLR_Collinsella aerofaciens,rCLR,Collinsella aerofaciens,0.005313620385672937,-0.002832891780178573,24
OnlyMale,RandomForest,ThomasAM_2018a,0.6856187290969898,rCLR_Faecalibacterium prausnitzii,rCLR,Faecalibacterium prausnitzii,0.005085022808433656,-0.0009700952956596262,25
OnlyMale,RandomForest,ThomasAM_2018a,0.6856187290969898,rCLR_Bifidobacterium bifidum,rCLR,Bifidobacterium bifidum,0.004894923118357742,0.0015715794879435784,26
OnlyMale,RandomForest,ThomasAM_2018a,0.6856187290969898,rCLR_Paraprevotella xylaniphila,rCLR,Paraprevotella xylaniphila,0.004760023656902082,-0.00242232416274619,27
OnlyMale,RandomForest,ThomasAM_2018a,0.6856187290969898,rCLR_Bacteroides thetaiotaomicron,rCLR,Bacteroides thetaiotaomicron,0.004637441260188459,-0.002180742220967461,28
OnlyMale,RandomForest,ThomasAM_2018a,0.6856187290969898,rCLR_Coprococcus comes,rCLR,Coprococcus comes,0.00387352876025718,0.0035216124093544266,29
OnlyMale,RandomForest,ThomasAM_2018a,0.6856187290969898,rCLR_Roseburia hominis,rCLR,Roseburia hominis,0.0038722130657515333,0.00020455227106311037,30
OnlyMale,RandomForest,ThomasAM_2018a,0.6856187290969898,rCLR_Escherichia coli,rCLR,Escherichia coli,0.0038186725692915635,0.002307557841221557,31
OnlyMale,RandomForest,ThomasAM_2018a,0.6856187290969898,rCLR_Bifidobacterium longum,rCLR,Bifidobacterium longum,0.0036318307247651086,0.0008831607945987882,32
OnlyMale,RandomForest,ThomasAM_2018a,0.6856187290969898,rCLR_Coprococcus catus,rCLR,Coprococcus catus,0.0035999576463316,-0.0003300576507477421,33
OnlyMale,RandomForest,ThomasAM_2018a,0.6856187290969898,rCLR_Eubacterium sp. CAG:38,rCLR,Eubacterium sp. CAG:38,0.003450945478549106,7.327050886606542e-05,34
OnlyMale,RandomForest,ThomasAM_2018a,0.6856187290969898,rCLR_Lawsonibacter asaccharolyticus,rCLR,Lawsonibacter asaccharolyticus,0.0034265657917330857,-0.0016932156651173994,35
OnlyMale,RandomForest,ThomasAM_2018a,0.6856187290969898,rCLR_Desulfovibrio piger,rCLR,Desulfovibrio piger,0.003388483737672794,0.0005903600796777866,36
OnlyMale,RandomForest,ThomasAM_2018a,0.6856187290969898,rCLR_Bacteroides salyersiae,rCLR,Bacteroides salyersiae,0.0033839852745110094,-0.0010970175614690996,37
OnlyMale,RandomForest,ThomasAM_2018a,0.6856187290969898,rCLR_Coprobacter fastidiosus,rCLR,Coprobacter fastidiosus,0.0033365344527291015,-0.002311897142518839,38
OnlyMale,RandomForest,ThomasAM_2018a,0.6856187290969898,rCLR_Bacteroides cellulosilyticus,rCLR,Bacteroides cellulosilyticus,0.003293926809294847,-0.0018838693192924489,39
OnlyMale,RandomForest,ThomasAM_2018a,0.6856187290969898,rCLR_Agathobaculum butyriciproducens,rCLR,Agathobaculum butyriciproducens,0.003180824323856279,0.0010063350539665076,40
OnlyMale,RandomForest,ThomasAM_2018a,0.6856187290969898,rCLR_[Eubacterium] siraeum,rCLR,[Eubacterium] siraeum,0.003129190651124089,0.0005825274554810135,41
OnlyMale,RandomForest,ThomasAM_2018a,0.6856187290969898,PA_Collinsella aerofaciens,PA,Collinsella aerofaciens,0.0029328294662635743,-0.0010531830009260857,42
OnlyMale,RandomForest,ThomasAM_2018a,0.6856187290969898,rCLR_Klebsiella pneumoniae,rCLR,Klebsiella pneumoniae,0.0028894814476112364,0.0012560654504764754,43
OnlyMale,RandomForest,ThomasAM_2018a,0.6856187290969898,rCLR_Slackia isoflavoniconvertens,rCLR,Slackia isoflavoniconvertens,0.0027902989716360686,-0.0009952781741166417,44
OnlyMale,RandomForest,ThomasAM_2018a,0.6856187290969898,rCLR_Methanobrevibacter smithii,rCLR,Methanobrevibacter smithii,0.0026304318668173314,-0.0026304318668173314,45
OnlyMale,RandomForest,ThomasAM_2018a,0.6856187290969898,rCLR_Firmicutes bacterium CAG:145,rCLR,Firmicutes bacterium CAG:145,0.0025266710704368264,-0.001114258199586897,46
OnlyMale,RandomForest,ThomasAM_2018a,0.6856187290969898,rCLR_Roseburia inulinivorans,rCLR,Roseburia inulinivorans,0.002476922784560952,0.0009838439835251555,47
OnlyMale,RandomForest,ThomasAM_2018a,0.6856187290969898,rCLR_Bacteroides fragilis,rCLR,Bacteroides fragilis,0.0024698146879243,0.00012764756759279676,48
OnlyMale,RandomForest,ThomasAM_2018a,0.6856187290969898,rCLR_Butyricimonas virosa,rCLR,Butyricimonas virosa,0.0024287560580489188,-0.00037567646349362323,49
OnlyMale,RandomForest,ThomasAM_2018a,0.6856187290969898,rCLR_[Ruminococcus] torques,rCLR,[Ruminococcus] torques,0.0024109728709577746,-0.0015743595490484803,50
OnlyMale,RandomForest,ThomasAM_2018a,0.6856187290969898,rCLR_Bacteroides xylanisolvens,rCLR,Bacteroides xylanisolvens,0.002353097883072478,0.0012597590502523694,51
OnlyMale,RandomForest,ThomasAM_2018a,0.6856187290969898,PA_Methanobrevibacter smithii,PA,Methanobrevibacter smithii,0.002352403224843928,-0.002352403224843928,52
OnlyMale,RandomForest,ThomasAM_2018a,0.6856187290969898,rCLR_Phocaeicola plebeius,rCLR,Phocaeicola plebeius,0.002338717970593582,-0.0006306193565305972,53
OnlyMale,RandomForest,ThomasAM_2018a,0.6856187290969898,rCLR_Oscillibacter sp. 57_20,rCLR,Oscillibacter sp. 57_20,0.002299509675650001,0.0006175955918612266,54
OnlyMale,RandomForest,ThomasAM_2018a,0.6856187290969898,rCLR_Oscillibacter sp. CAG:241,rCLR,Oscillibacter sp. CAG:241,0.002257471388317439,0.0018919242301419993,55
OnlyMale,RandomForest,ThomasAM_2018a,0.6856187290969898,rCLR_Veillonella atypica,rCLR,Veillonella atypica,0.002185412844893073,-0.0012151496509867537,56
OnlyMale,RandomForest,ThomasAM_2018a,0.6856187290969898,rCLR_Proteobacteria bacterium CAG:139,rCLR,Proteobacteria bacterium CAG:139,0.002172047109576668,-0.0011814305243060617,57
OnlyMale,RandomForest,ThomasAM_2018a,0.6856187290969898,rCLR_Acidaminococcus intestini,rCLR,Acidaminococcus intestini,0.0021576714438639845,-0.0007150130864463942,58
OnlyMale,RandomForest,ThomasAM_2018a,0.6856187290969898,rCLR_Anaerobutyricum hallii,rCLR,Anaerobutyricum hallii,0.002145128210614803,-0.0015828689838042593,59
OnlyMale,RandomForest,ThomasAM_2018a,0.6856187290969898,rCLR_Barnesiella intestinihominis,rCLR,Barnesiella intestinihominis,0.0020632260519335027,0.0008054571231755097,60
OnlyMale,RandomForest,ThomasAM_2018a,0.6856187290969898,rCLR_[Eubacterium] rectale,rCLR,[Eubacterium] rectale,0.0020477428090115253,0.0019287688430232215,61
OnlyMale,RandomForest,ThomasAM_2018a,0.6856187290969898,rCLR_Streptococcus thermophilus,rCLR,Streptococcus thermophilus,0.0020436745219676016,0.0012753242336442188,62
OnlyMale,RandomForest,ThomasAM_2018a,0.6856187290969898,rCLR_Streptococcus salivarius,rCLR,Streptococcus salivarius,0.001991219279387305,0.0018248011100872735,63
OnlyMale,RandomForest,ThomasAM_2018a,0.6856187290969898,rCLR_Bacteroides sp. CAG:144,rCLR,Bacteroides sp. CAG:144,0.0019571025297255205,-0.0012488693872179323,64
OnlyMale,RandomForest,ThomasAM_2018a,0.6856187290969898,rCLR_Enterocloster bolteae,rCLR,Enterocloster bolteae,0.001941299514686529,-0.0014461859888501515,65
OnlyMale,RandomForest,ThomasAM_2018a,0.6856187290969898,rCLR_Prevotella copri,rCLR,Prevotella copri,0.0019043434770305617,0.0010580857631236344,66
OnlyMale,RandomForest,ThomasAM_2018a,0.6856187290969898,rCLR_Blautia wexlerae,rCLR,Blautia wexlerae,0.0018736623052598537,0.0010422045477263269,67
OnlyMale,RandomForest,ThomasAM_2018a,0.6856187290969898,rCLR_Blautia sp. CAG:257,rCLR,Blautia sp. CAG:257,0.0018490008615375314,-0.0018490008615375314,68
OnlyMale,RandomForest,ThomasAM_2018a,0.6856187290969898,rCLR_Erysipelatoclostridium ramosum,rCLR,Erysipelatoclostridium ramosum,0.0018348414215358655,-0.0011559727015993935,69
OnlyMale,RandomForest,ThomasAM_2018a,0.6856187290969898,rCLR_Alistipes shahii,rCLR,Alistipes shahii,0.0018235719741799977,0.001664280912323033,70
OnlyMale,RandomForest,ThomasAM_2018a,0.6856187290969898,rCLR_Parabacteroides merdae,rCLR,Parabacteroides merdae,0.0017799773710634231,0.0003661318589771947,71
OnlyMale,RandomForest,ThomasAM_2018a,0.6856187290969898,rCLR_Gemmiger formicilis,rCLR,Gemmiger formicilis,0.0017335932499243246,-7.112439952709239e-05,72
OnlyMale,RandomForest,ThomasAM_2018a,0.6856187290969898,rCLR_Phocaeicola vulgatus,rCLR,Phocaeicola vulgatus,0.0016834469013708039,0.00027052069510734387,73
OnlyMale,RandomForest,ThomasAM_2018a,0.6856187290969898,rCLR_Bacteroides finegoldii,rCLR,Bacteroides finegoldii,0.0016709665991890357,2.703465082358291e-05,74
OnlyMale,RandomForest,ThomasAM_2018a,0.6856187290969898,rCLR_Adlercreutzia equolifaciens_1,rCLR,Adlercreutzia equolifaciens_1,0.0016146020200768238,-0.000146923331376651,75
OnlyMale,RandomForest,ThomasAM_2018a,0.6856187290969898,rCLR_Dorea formicigenerans,rCLR,Dorea formicigenerans,0.0015908795216952802,-0.0011368588861518428,76
OnlyMale,RandomForest,ThomasAM_2018a,0.6856187290969898,rCLR_Blautia obeum,rCLR,Blautia obeum,0.0015316375880547902,-0.0012014947633349775,77
OnlyMale,RandomForest,ThomasAM_2018a,0.6856187290969898,rCLR_Ruminococcus bicirculans,rCLR,Ruminococcus bicirculans,0.0015246218454260752,0.0009867065842233526,78
OnlyMale,RandomForest,ThomasAM_2018a,0.6856187290969898,rCLR_Firmicutes bacterium CAG:110,rCLR,Firmicutes bacterium CAG:110,0.0015041667363244167,-0.0004904723829400057,79
OnlyMale,RandomForest,ThomasAM_2018a,0.6856187290969898,rCLR_Alistipes inops,rCLR,Alistipes inops,0.0015024101245812143,0.001222242941491704,80
OnlyMale,RandomForest,ThomasAM_2018a,0.6856187290969898,rCLR_Dialister invisus,rCLR,Dialister invisus,0.0014866776350514158,-0.0005958637231673584,81
OnlyMale,RandomForest,ThomasAM_2018a,0.6856187290969898,rCLR_Klebsiella quasipneumoniae,rCLR,Klebsiella quasipneumoniae,0.001476406677151474,0.0003612963563635882,82
OnlyMale,RandomForest,ThomasAM_2018a,0.6856187290969898,rCLR_Eubacterium sp. CAG:274,rCLR,Eubacterium sp. CAG:274,0.0014036638272135965,0.0014036638272135965,83
OnlyMale,RandomForest,ThomasAM_2018a,0.6856187290969898,PA_Bacteroides cellulosilyticus,PA,Bacteroides cellulosilyticus,0.0013815659791316345,-0.0005566858500498136,84
OnlyMale,RandomForest,ThomasAM_2018a,0.6856187290969898,rCLR_Streptococcus parasanguinis,rCLR,Streptococcus parasanguinis,0.0013780992783173085,0.0005979041320261153,85
OnlyMale,RandomForest,ThomasAM_2018a,0.6856187290969898,rCLR_Bacteroides stercoris,rCLR,Bacteroides stercoris,0.0013651725307763903,0.00013437578921445553,86
OnlyMale,RandomForest,ThomasAM_2018a,0.6856187290969898,PA_Anaerostipes hadrus,PA,Anaerostipes hadrus,0.0013521571262222693,0.0012113882446057353,87
OnlyMale,RandomForest,ThomasAM_2018a,0.6856187290969898,rCLR_Phocaeicola dorei,rCLR,Phocaeicola dorei,0.001322659672287546,-9.887444169475545e-07,88
OnlyMale,RandomForest,ThomasAM_2018a,0.6856187290969898,PA_Akkermansia muciniphila,PA,Akkermansia muciniphila,0.0013079170915757292,0.00013119170553811213,89
OnlyMale,RandomForest,ThomasAM_2018a,0.6856187290969898,rCLR_[Ruminococcus] lactaris,rCLR,[Ruminococcus] lactaris,0.001261337737163105,0.0002166695502472228,90
OnlyMale,RandomForest,ThomasAM_2018a,0.6856187290969898,PA_Bifidobacterium bifidum,PA,Bifidobacterium bifidum,0.001224236391754055,-9.244309044731211e-05,91
OnlyMale,RandomForest,ThomasAM_2018a,0.6856187290969898,rCLR_Gordonibacter pamelaeae,rCLR,Gordonibacter pamelaeae,0.0012167189151877805,0.00047731269643995467,92
OnlyMale,RandomForest,ThomasAM_2018a,0.6856187290969898,rCLR_Veillonella parvula,rCLR,Veillonella parvula,0.0011839109791546999,-0.0009272616033897352,93
OnlyMale,RandomForest,ThomasAM_2018a,0.6856187290969898,rCLR_Dorea longicatena,rCLR,Dorea longicatena,0.0011622116874557792,0.00019636094818713894,94
OnlyMale,RandomForest,ThomasAM_2018a,0.6856187290969898,rCLR_Coprococcus eutactus,rCLR,Coprococcus eutactus,0.0011575527541139604,-6.35378664279835e-05,95
OnlyMale,RandomForest,ThomasAM_2018a,0.6856187290969898,PA_Anaerotignum lactatifermentans,PA,Anaerotignum lactatifermentans,0.001104476918510503,-0.0004719911541826236,96
OnlyMale,RandomForest,ThomasAM_2018a,0.6856187290969898,rCLR_Bacteroides ovatus,rCLR,Bacteroides ovatus,0.001079395969367269,0.0004643412977532337,97
OnlyMale,RandomForest,ThomasAM_2018a,0.6856187290969898,PA_[Eubacterium] siraeum,PA,[Eubacterium] siraeum,0.0010770974886082007,-7.627825810608741e-05,98
OnlyMale,RandomForest,ThomasAM_2018a,0.6856187290969898,rCLR_Parasutterella excrementihominis,rCLR,Parasutterella excrementihominis,0.001028940323486182,-7.168907827338795e-05,99
OnlyMale,RandomForest,ThomasAM_2018a,0.6856187290969898,rCLR_Klebsiella variicola,rCLR,Klebsiella variicola,0.0010066485583945573,-0.0005102626844588364,100
OnlyMale,RandomForest,ThomasAM_2018a,0.6856187290969898,rCLR_Adlercreutzia equolifaciens,rCLR,Adlercreutzia equolifaciens,0.0010025017605896189,-0.00020848766285998688,101
OnlyMale,RandomForest,ThomasAM_2018a,0.6856187290969898,rCLR_Phocaeicola massiliensis,rCLR,Phocaeicola massiliensis,0.0009971339390077811,-0.0005308120184543402,102
OnlyMale,RandomForest,ThomasAM_2018a,0.6856187290969898,rCLR_Phascolarctobacterium succinatutens,rCLR,Phascolarctobacterium succinatutens,0.000989820594147455,-0.00017526908147312442,103
OnlyMale,RandomForest,ThomasAM_2018a,0.6856187290969898,PA_Bacteroides fragilis,PA,Bacteroides fragilis,0.000988310831055657,-5.330165124133369e-05,104
OnlyMale,RandomForest,ThomasAM_2018a,0.6856187290969898,rCLR_Phascolarctobacterium faecium,rCLR,Phascolarctobacterium faecium,0.0009800597646238618,5.257867834111018e-05,105
OnlyMale,RandomForest,ThomasAM_2018a,0.6856187290969898,PA_Bacteroides caccae,PA,Bacteroides caccae,0.0009761026419979402,0.00017536686008755208,106
OnlyMale,RandomForest,ThomasAM_2018a,0.6856187290969898,rCLR_Eggerthella lenta,rCLR,Eggerthella lenta,0.0009735086558503923,-0.0006386723258102783,107
OnlyMale,RandomForest,ThomasAM_2018a,0.6856187290969898,rCLR_Anaerotignum lactatifermentans,rCLR,Anaerotignum lactatifermentans,0.0009591915310973773,0.0005440125433734292,108
OnlyMale,RandomForest,ThomasAM_2018a,0.6856187290969898,rCLR_Bacteroides uniformis,rCLR,Bacteroides uniformis,0.0009268941070844901,0.0001768236599670025,109
OnlyMale,RandomForest,ThomasAM_2018a,0.6856187290969898,PA_Roseburia intestinalis,PA,Roseburia intestinalis,0.0009136853149173481,5.1832388702430975e-05,110
OnlyMale,RandomForest,ThomasAM_2018a,0.6856187290969898,rCLR_Bacteroides eggerthii,rCLR,Bacteroides eggerthii,0.0008835608791961357,-0.00015402262433419653,111
OnlyMale,RandomForest,ThomasAM_2018a,0.6856187290969898,rCLR_[Ruminococcus] gnavus,rCLR,[Ruminococcus] gnavus,0.0008646418459957296,-0.00022696252195586193,112
OnlyMale,RandomForest,ThomasAM_2018a,0.6856187290969898,PA_Veillonella parvula,PA,Veillonella parvula,0.0008357713104702422,-0.0004064947750276184,113
OnlyMale,RandomForest,ThomasAM_2018a,0.6856187290969898,rCLR_Bifidobacterium adolescentis,rCLR,Bifidobacterium adolescentis,0.0008350261544617344,-5.675103078016311e-05,114
OnlyMale,RandomForest,ThomasAM_2018a,0.6856187290969898,PA_Clostridium sp. CAG:58,PA,Clostridium sp. CAG:58,0.0008226557138428572,0.00021361850517546285,115
OnlyMale,RandomForest,ThomasAM_2018a,0.6856187290969898,rCLR_Bacteroides intestinalis,rCLR,Bacteroides intestinalis,0.0008065317084997021,0.00010974772757640791,116
OnlyMale,RandomForest,ThomasAM_2018a,0.6856187290969898,rCLR_Eubacterium ramulus,rCLR,Eubacterium ramulus,0.0008049890182312538,0.0006033300511275545,117
OnlyMale,RandomForest,ThomasAM_2018a,0.6856187290969898,rCLR_Ruminococcus bromii,rCLR,Ruminococcus bromii,0.000799535670003397,0.0002900554637738771,118
OnlyMale,RandomForest,ThomasAM_2018a,0.6856187290969898,rCLR_Firmicutes bacterium CAG:83,rCLR,Firmicutes bacterium CAG:83,0.0007913557635471431,0.00011735334942722535,119
OnlyMale,RandomForest,ThomasAM_2018a,0.6856187290969898,PA_Bifidobacterium adolescentis,PA,Bifidobacterium adolescentis,0.0007301681771435257,0.0003266329414351374,120
OnlyMale,RandomForest,ThomasAM_2018a,0.6856187290969898,PA_Roseburia faecis,PA,Roseburia faecis,0.0007042819277120766,0.00023329896818728298,121
OnlyMale,RandomForest,ThomasAM_2018a,0.6856187290969898,PA_Phocaeicola coprocola,PA,Phocaeicola coprocola,0.0007026338574952928,8.675099813618547e-05,122
OnlyMale,RandomForest,ThomasAM_2018a,0.6856187290969898,PA_Eubacterium sp. CAG:274,PA,Eubacterium sp. CAG:274,0.0006985497409526206,0.0004295980009069026,123
OnlyMale,RandomForest,ThomasAM_2018a,0.6856187290969898,rCLR_Eubacterium sp. CAG:180,rCLR,Eubacterium sp. CAG:180,0.0006893658793553489,-6.81104313553431e-05,124
OnlyMale,RandomForest,ThomasAM_2018a,0.6856187290969898,PA_Eubacterium sp. CAG:38,PA,Eubacterium sp. CAG:38,0.0006867914079652395,0.0001801876333339782,125
OnlyMale,RandomForest,ThomasAM_2018a,0.6856187290969898,PA_Ruminococcus bicirculans,PA,Ruminococcus bicirculans,0.0006816564869883612,-8.48502870149374e-05,126
OnlyMale,RandomForest,ThomasAM_2018a,0.6856187290969898,rCLR_Holdemanella biformis,rCLR,Holdemanella biformis,0.0006725666458429159,-0.000631297386589837,127
OnlyMale,RandomForest,ThomasAM_2018a,0.6856187290969898,PA_Megamonas funiformis,PA,Megamonas funiformis,0.0006675626222485459,-0.0003813335563986205,128
OnlyMale,RandomForest,ThomasAM_2018a,0.6856187290969898,rCLR_Intestinibacter bartlettii,rCLR,Intestinibacter bartlettii,0.0006283033274459209,0.0002898253205621463,129
OnlyMale,RandomForest,ThomasAM_2018a,0.6856187290969898,PA_Gordonibacter pamelaeae,PA,Gordonibacter pamelaeae,0.0005984711351216328,-0.0003619478883631807,130
OnlyMale,RandomForest,ThomasAM_2018a,0.6856187290969898,PA_Fusicatenibacter saccharivorans,PA,Fusicatenibacter saccharivorans,0.0005887034837096983,0.00027786722286247576,131
OnlyMale,RandomForest,ThomasAM_2018a,0.6856187290969898,PA_Bacteroides stercoris,PA,Bacteroides stercoris,0.0005756593433356285,-0.00014600286839329765,132
OnlyMale,RandomForest,ThomasAM_2018a,0.6856187290969898,PA_Parasutterella excrementihominis,PA,Parasutterella excrementihominis,0.0005573582115067997,-0.00012708742418018464,133
OnlyMale,RandomForest,ThomasAM_2018a,0.6856187290969898,PA_Dorea longicatena,PA,Dorea longicatena,0.0005402002719797736,-0.00011579625511865999,134
OnlyMale,RandomForest,ThomasAM_2018a,0.6856187290969898,PA_Streptococcus thermophilus,PA,Streptococcus thermophilus,0.0005389465262170215,0.00025670534212756074,135
OnlyMale,RandomForest,ThomasAM_2018a,0.6856187290969898,PA_Eubacterium sp. CAG:251,PA,Eubacterium sp. CAG:251,0.0005322983985847044,0.00014417145992628492,136
OnlyMale,RandomForest,ThomasAM_2018a,0.6856187290969898,PA_Enterocloster bolteae,PA,Enterocloster bolteae,0.0005252310615775577,-0.000334715226317294,137
OnlyMale,RandomForest,ThomasAM_2018a,0.6856187290969898,PA_Coprococcus catus,PA,Coprococcus catus,0.0005246225501632478,0.00018959036968218385,138
OnlyMale,RandomForest,ThomasAM_2018a,0.6856187290969898,PA_Escherichia coli,PA,Escherichia coli,0.0005037704153901646,0.0004040238378629731,139
OnlyMale,RandomForest,ThomasAM_2018a,0.6856187290969898,rCLR_Megamonas funiformis,rCLR,Megamonas funiformis,0.0004742640759441067,6.385978732187507e-05,140
OnlyMale,RandomForest,ThomasAM_2018a,0.6856187290969898,PA_Veillonella atypica,PA,Veillonella atypica,0.0004730387187983568,-0.0002545912431869549,141
OnlyMale,RandomForest,ThomasAM_2018a,0.6856187290969898,PA_Bacteroides salyersiae,PA,Bacteroides salyersiae,0.0004659279313157594,-7.717779848308424e-05,142
OnlyMale,RandomForest,ThomasAM_2018a,0.6856187290969898,PA_Odoribacter splanchnicus,PA,Odoribacter splanchnicus,0.00045535602019223837,8.61036730846191e-06,143
OnlyMale,RandomForest,ThomasAM_2018a,0.6856187290969898,PA_Phocaeicola plebeius,PA,Phocaeicola plebeius,0.0004537136416672869,-0.00026353546916781226,144
OnlyMale,RandomForest,ThomasAM_2018a,0.6856187290969898,PA_Bacteroides sp. CAG:144,PA,Bacteroides sp. CAG:144,0.00043538586625540437,-7.766138494369694e-05,145
OnlyMale,RandomForest,ThomasAM_2018a,0.6856187290969898,PA_Dorea formicigenerans,PA,Dorea formicigenerans,0.00042699357076154027,-0.0002305618419174812,146
OnlyMale,RandomForest,ThomasAM_2018a,0.6856187290969898,PA_Parabacteroides merdae,PA,Parabacteroides merdae,0.0004258657270438906,-0.00017359752424494295,147
OnlyMale,RandomForest,ThomasAM_2018a,0.6856187290969898,PA_Streptococcus parasanguinis,PA,Streptococcus parasanguinis,0.00041526685535770385,-0.000350598816599656,148
OnlyMale,RandomForest,ThomasAM_2018a,0.6856187290969898,PA_Bacteroides uniformis,PA,Bacteroides uniformis,0.0004137219911154954,-0.00023908003956487947,149
OnlyMale,RandomForest,ThomasAM_2018a,0.6856187290969898,PA_Bifidobacterium pseudocatenulatum,PA,Bifidobacterium pseudocatenulatum,0.00040987160211753267,0.0001167604957682697,150
OnlyMale,RandomForest,ThomasAM_2018a,0.6856187290969898,PA_Klebsiella pneumoniae,PA,Klebsiella pneumoniae,0.00040854556260062306,9.523199463201568e-05,151
OnlyMale,RandomForest,ThomasAM_2018a,0.6856187290969898,PA_Ruminococcus bromii,PA,Ruminococcus bromii,0.0003814354493936874,6.45487904684986e-05,152
OnlyMale,RandomForest,ThomasAM_2018a,0.6856187290969898,PA_Phascolarctobacterium faecium,PA,Phascolarctobacterium faecium,0.00037680304824310156,-7.534136528936e-05,153
OnlyMale,RandomForest,ThomasAM_2018a,0.6856187290969898,PA_Alistipes finegoldii,PA,Alistipes finegoldii,0.0003529490613214421,0.00012942139551807723,154
OnlyMale,RandomForest,ThomasAM_2018a,0.6856187290969898,PA_Butyricimonas virosa,PA,Butyricimonas virosa,0.00034814063545648456,0.00018110007397855642,155
OnlyMale,RandomForest,ThomasAM_2018a,0.6856187290969898,PA_Anaerobutyricum hallii,PA,Anaerobutyricum hallii,0.00034681474192415864,0.0002141325965156535,156
OnlyMale,RandomForest,ThomasAM_2018a,0.6856187290969898,PA_Phocaeicola massiliensis,PA,Phocaeicola massiliensis,0.00033984128313554167,8.00038600802765e-05,157
OnlyMale,RandomForest,ThomasAM_2018a,0.6856187290969898,PA_Blautia obeum,PA,Blautia obeum,0.0003390481187453131,0.00016681732190331958,158
OnlyMale,RandomForest,ThomasAM_2018a,0.6856187290969898,PA_Bacteroides thetaiotaomicron,PA,Bacteroides thetaiotaomicron,0.00033800148075550517,-0.0001242514821295067,159
OnlyMale,RandomForest,ThomasAM_2018a,0.6856187290969898,PA_Parabacteroides distasonis,PA,Parabacteroides distasonis,0.0003330444883089224,3.744875619814916e-05,160
OnlyMale,RandomForest,ThomasAM_2018a,0.6856187290969898,PA_Blautia sp. CAG:257,PA,Blautia sp. CAG:257,0.0003253122185145827,6.801671932740672e-07,161
OnlyMale,RandomForest,ThomasAM_2018a,0.6856187290969898,PA_Erysipelatoclostridium ramosum,PA,Erysipelatoclostridium ramosum,0.0003221723508534553,-0.0002928733626232562,162
OnlyMale,RandomForest,ThomasAM_2018a,0.6856187290969898,PA_Faecalibacterium prausnitzii,PA,Faecalibacterium prausnitzii,0.00031182927371270074,0.0001211074558449495,163
OnlyMale,RandomForest,ThomasAM_2018a,0.6856187290969898,PA_Bifidobacterium longum,PA,Bifidobacterium longum,0.0003102350277469758,9.51633578728376e-05,164
OnlyMale,RandomForest,ThomasAM_2018a,0.6856187290969898,PA_Proteobacteria bacterium CAG:139,PA,Proteobacteria bacterium CAG:139,0.0003101099349499866,-0.00010584235940427504,165
OnlyMale,RandomForest,ThomasAM_2018a,0.6856187290969898,PA_Bacteroides ovatus,PA,Bacteroides ovatus,0.00030987069879252283,0.0001030441174689899,166
OnlyMale,RandomForest,ThomasAM_2018a,0.6856187290969898,PA_Klebsiella quasipneumoniae,PA,Klebsiella quasipneumoniae,0.0002901527499753147,0.0001951331249583454,167
OnlyMale,RandomForest,ThomasAM_2018a,0.6856187290969898,PA_Adlercreutzia equolifaciens_1,PA,Adlercreutzia equolifaciens_1,0.00028351641838415646,-0.00012569232777532866,168
OnlyMale,RandomForest,ThomasAM_2018a,0.6856187290969898,PA_Bacteroides intestinalis,PA,Bacteroides intestinalis,0.0002811407486091411,-0.00013082534904442124,169
OnlyMale,RandomForest,ThomasAM_2018a,0.6856187290969898,PA_Paraprevotella xylaniphila,PA,Paraprevotella xylaniphila,0.000270887801415028,-1.2365949169763286e-05,170
OnlyMale,RandomForest,ThomasAM_2018a,0.6856187290969898,PA_Bacteroides xylanisolvens,PA,Bacteroides xylanisolvens,0.0002692640149044361,-5.7490234332575954e-05,171
OnlyMale,RandomForest,ThomasAM_2018a,0.6856187290969898,PA_Firmicutes bacterium CAG:145,PA,Firmicutes bacterium CAG:145,0.0002613062018437862,-2.681828047259762e-05,172
OnlyMale,RandomForest,ThomasAM_2018a,0.6856187290969898,PA_Slackia isoflavoniconvertens,PA,Slackia isoflavoniconvertens,0.0002571159352460222,8.240343757442201e-05,173
OnlyMale,RandomForest,ThomasAM_2018a,0.6856187290969898,PA_Coprobacter fastidiosus,PA,Coprobacter fastidiosus,0.00025520799075851226,-6.169284708693681e-05,174
OnlyMale,RandomForest,ThomasAM_2018a,0.6856187290969898,PA_Eggerthella lenta,PA,Eggerthella lenta,0.00024362422236385298,-7.272944321574193e-05,175
OnlyMale,RandomForest,ThomasAM_2018a,0.6856187290969898,PA_Prevotella copri,PA,Prevotella copri,0.00024277650623027362,4.093559069923497e-06,176
OnlyMale,RandomForest,ThomasAM_2018a,0.6856187290969898,PA_Barnesiella intestinihominis,PA,Barnesiella intestinihominis,0.0002427428204806348,-8.524115620878588e-05,177
OnlyMale,RandomForest,ThomasAM_2018a,0.6856187290969898,PA_Alistipes inops,PA,Alistipes inops,0.0002379054474736095,3.589010175944426e-05,178
OnlyMale,RandomForest,ThomasAM_2018a,0.6856187290969898,PA_Klebsiella variicola,PA,Klebsiella variicola,0.00023781537419078472,8.551985195508723e-05,179
OnlyMale,RandomForest,ThomasAM_2018a,0.6856187290969898,PA_Gemmiger formicilis,PA,Gemmiger formicilis,0.00023335858314341945,3.896654191789459e-05,180
OnlyMale,RandomForest,ThomasAM_2018a,0.6856187290969898,PA_Desulfovibrio piger,PA,Desulfovibrio piger,0.0002332142924437852,8.800506113760574e-05,181
OnlyMale,RandomForest,ThomasAM_2018a,0.6856187290969898,PA_Phascolarctobacterium succinatutens,PA,Phascolarctobacterium succinatutens,0.00021976194246077472,-0.0001279305924263529,182
OnlyMale,RandomForest,ThomasAM_2018a,0.6856187290969898,PA_[Ruminococcus] gnavus,PA,[Ruminococcus] gnavus,0.00021834467399033393,-7.403514947257821e-05,183
OnlyMale,RandomForest,ThomasAM_2018a,0.6856187290969898,PA_[Eubacterium] rectale,PA,[Eubacterium] rectale,0.0002179690165874681,-1.085279965308228e-05,184
OnlyMale,RandomForest,ThomasAM_2018a,0.6856187290969898,PA_Lawsonibacter asaccharolyticus,PA,Lawsonibacter asaccharolyticus,0.00021677698514843306,2.3498699239399134e-05,185
OnlyMale,RandomForest,ThomasAM_2018a,0.6856187290969898,PA_Alistipes shahii,PA,Alistipes shahii,0.00021364222760677043,1.7677492366042143e-05,186
OnlyMale,RandomForest,ThomasAM_2018a,0.6856187290969898,PA_Dialister invisus,PA,Dialister invisus,0.00021256166356321382,1.2790168358023597e-05,187
OnlyMale,RandomForest,ThomasAM_2018a,0.6856187290969898,PA_Firmicutes bacterium CAG:110,PA,Firmicutes bacterium CAG:110,0.00021086190651917297,7.17810981033237e-05,188
OnlyMale,RandomForest,ThomasAM_2018a,0.6856187290969898,PA_Lachnospira eligens,PA,Lachnospira eligens,0.00021074840632131632,6.588290332079168e-05,189
OnlyMale,RandomForest,ThomasAM_2018a,0.6856187290969898,PA_Eubacterium ventriosum,PA,Eubacterium ventriosum,0.00021037221118750906,1.215879221987738e-05,190
OnlyMale,RandomForest,ThomasAM_2018a,0.6856187290969898,PA_Lachnospira pectinoschiza,PA,Lachnospira pectinoschiza,0.00020880359791535855,1.3044032240578404e-05,191
OnlyMale,RandomForest,ThomasAM_2018a,0.6856187290969898,PA_Phocaeicola dorei,PA,Phocaeicola dorei,0.00020586952710516013,8.273329767835471e-05,192
OnlyMale,RandomForest,ThomasAM_2018a,0.6856187290969898,PA_Holdemanella biformis,PA,Holdemanella biformis,0.00020162662776331835,-0.00012658370157166588,193
OnlyMale,RandomForest,ThomasAM_2018a,0.6856187290969898,PA_Oscillibacter sp. 57_20,PA,Oscillibacter sp. 57_20,0.00020011334213117742,0.0001396306092692518,194
OnlyMale,RandomForest,ThomasAM_2018a,0.6856187290969898,PA_Firmicutes bacterium CAG:83,PA,Firmicutes bacterium CAG:83,0.00019782754588017489,-6.137024940916776e-05,195
OnlyMale,RandomForest,ThomasAM_2018a,0.6856187290969898,PA_Roseburia hominis,PA,Roseburia hominis,0.00019648467120220089,9.391044095471317e-05,196
OnlyMale,RandomForest,ThomasAM_2018a,0.6856187290969898,PA_[Ruminococcus] lactaris,PA,[Ruminococcus] lactaris,0.00019303946815564844,5.1250128430535716e-05,197
OnlyMale,RandomForest,ThomasAM_2018a,0.6856187290969898,PA_Bacteroides finegoldii,PA,Bacteroides finegoldii,0.00018666698628388252,5.194916091023786e-05,198
OnlyMale,RandomForest,ThomasAM_2018a,0.6856187290969898,PA_Alistipes putredinis,PA,Alistipes putredinis,0.00018084107505863376,3.820337872308238e-05,199
OnlyMale,RandomForest,ThomasAM_2018a,0.6856187290969898,PA_Oscillibacter sp. CAG:241,PA,Oscillibacter sp. CAG:241,0.00017567627485206072,3.0197435958007353e-06,200
OnlyMale,RandomForest,ThomasAM_2018a,0.6856187290969898,PA_Eubacterium sp. CAG:180,PA,Eubacterium sp. CAG:180,0.00017430573163507162,-1.295453053081501e-05,201
OnlyMale,RandomForest,ThomasAM_2018a,0.6856187290969898,PA_Roseburia inulinivorans,PA,Roseburia inulinivorans,0.00017000422296994667,-1.3901488493196254e-06,202
OnlyMale,RandomForest,ThomasAM_2018a,0.6856187290969898,PA_Coprococcus comes,PA,Coprococcus comes,0.000164628618194582,4.537775234616028e-05,203
OnlyMale,RandomForest,ThomasAM_2018a,0.6856187290969898,PA_Phocaeicola vulgatus,PA,Phocaeicola vulgatus,0.000160478135551194,-5.759115467940219e-05,204
OnlyMale,RandomForest,ThomasAM_2018a,0.6856187290969898,PA_Blautia wexlerae,PA,Blautia wexlerae,0.00015849031517387778,0.00012414850772277702,205
OnlyMale,RandomForest,ThomasAM_2018a,0.6856187290969898,PA_[Ruminococcus] torques,PA,[Ruminococcus] torques,0.00015401955006398598,-5.058146864651085e-05,206
OnlyMale,RandomForest,ThomasAM_2018a,0.6856187290969898,PA_Adlercreutzia equolifaciens,PA,Adlercreutzia equolifaciens,0.0001531555156049793,7.286807003160648e-05,207
OnlyMale,RandomForest,ThomasAM_2018a,0.6856187290969898,PA_Acidaminococcus intestini,PA,Acidaminococcus intestini,0.0001501162748490683,-3.6192394314549954e-05,208
OnlyMale,RandomForest,ThomasAM_2018a,0.6856187290969898,PA_Bacteroides eggerthii,PA,Bacteroides eggerthii,0.00014738985152167928,3.705821599420522e-05,209
OnlyMale,RandomForest,ThomasAM_2018a,0.6856187290969898,PA_Intestinibacter bartlettii,PA,Intestinibacter bartlettii,0.00014422251546679777,-5.362336700937668e-05,210
OnlyMale,RandomForest,ThomasAM_2018a,0.6856187290969898,PA_Ruthenibacterium lactatiformans,PA,Ruthenibacterium lactatiformans,0.00013066055015345708,6.859629753279219e-05,211
OnlyMale,RandomForest,ThomasAM_2018a,0.6856187290969898,PA_Agathobaculum butyriciproducens,PA,Agathobaculum butyriciproducens,0.00013013035469245258,-7.784716455452767e-06,212
OnlyMale,RandomForest,ThomasAM_2018a,0.6856187290969898,PA_Coprococcus eutactus,PA,Coprococcus eutactus,0.00012335474975878555,-8.685108171928196e-06,213
OnlyMale,RandomForest,ThomasAM_2018a,0.6856187290969898,PA_Eubacterium ramulus,PA,Eubacterium ramulus,0.00011679407920685317,1.3718211776343134e-05,214
OnlyMale,RandomForest,ThomasAM_2018a,0.6856187290969898,PA_Flavonifractor plautii,PA,Flavonifractor plautii,7.038679734679436e-05,-1.0836092940670713e-05,215
OnlyMale,RandomForest,ThomasAM_2018b,0.8586956521739131,PA_Parvimonas micra,PA,Parvimonas micra,0.037589836458986906,0.0038724010544858513,1
OnlyMale,RandomForest,ThomasAM_2018b,0.8586956521739131,rCLR_Parvimonas micra,rCLR,Parvimonas micra,0.021347584433095326,-0.0008598979924300096,2
OnlyMale,RandomForest,ThomasAM_2018b,0.8586956521739131,rCLR_Fusicatenibacter saccharivorans,rCLR,Fusicatenibacter saccharivorans,0.015777280115053697,-0.010013835483781297,3
OnlyMale,RandomForest,ThomasAM_2018b,0.8586956521739131,rCLR_Paraprevotella xylaniphila,rCLR,Paraprevotella xylaniphila,0.013528681986877232,0.004143361112204418,4
OnlyMale,RandomForest,ThomasAM_2018b,0.8586956521739131,rCLR_Roseburia intestinalis,rCLR,Roseburia intestinalis,0.012073703979219473,9.568433223599472e-05,5
OnlyMale,RandomForest,ThomasAM_2018b,0.8586956521739131,rCLR_Odoribacter splanchnicus,rCLR,Odoribacter splanchnicus,0.010785385803596257,-0.0011274549807501143,6
OnlyMale,RandomForest,ThomasAM_2018b,0.8586956521739131,rCLR_Lachnospira eligens,rCLR,Lachnospira eligens,0.010102970285656657,-0.004720268613038713,7
OnlyMale,RandomForest,ThomasAM_2018b,0.8586956521739131,rCLR_Ruthenibacterium lactatiformans,rCLR,Ruthenibacterium lactatiformans,0.009820397679745753,-0.007646667877475488,8
OnlyMale,RandomForest,ThomasAM_2018b,0.8586956521739131,rCLR_Firmicutes bacterium CAG:145,rCLR,Firmicutes bacterium CAG:145,0.009469938625484004,0.00025009231394692254,9
OnlyMale,RandomForest,ThomasAM_2018b,0.8586956521739131,rCLR_Lachnospira pectinoschiza,rCLR,Lachnospira pectinoschiza,0.009468632911418204,-0.004966549021699359,10
OnlyMale,RandomForest,ThomasAM_2018b,0.8586956521739131,rCLR_Roseburia faecis,rCLR,Roseburia faecis,0.009245147333128808,-0.0035246554891648018,11
OnlyMale,RandomForest,ThomasAM_2018b,0.8586956521739131,rCLR_Eubacterium ventriosum,rCLR,Eubacterium ventriosum,0.007358731144898811,-0.0019109243595798143,12
OnlyMale,RandomForest,ThomasAM_2018b,0.8586956521739131,rCLR_Bifidobacterium pseudocatenulatum,rCLR,Bifidobacterium pseudocatenulatum,0.007241699240684483,0.004482968757615295,13
OnlyMale,RandomForest,ThomasAM_2018b,0.8586956521739131,rCLR_Anaerobutyricum hallii,rCLR,Anaerobutyricum hallii,0.007163164089453803,0.007108270160331074,14
OnlyMale,RandomForest,ThomasAM_2018b,0.8586956521739131,rCLR_Methanobrevibacter smithii,rCLR,Methanobrevibacter smithii,0.007108332144225966,0.004999713237352938,15
OnlyMale,RandomForest,ThomasAM_2018b,0.8586956521739131,rCLR_Akkermansia muciniphila,rCLR,Akkermansia muciniphila,0.006148516920469275,0.000815489273296181,16
OnlyMale,RandomForest,ThomasAM_2018b,0.8586956521739131,rCLR_Coprococcus catus,rCLR,Coprococcus catus,0.005866726269138928,0.0036630007595220546,17
OnlyMale,RandomForest,ThomasAM_2018b,0.8586956521739131,rCLR_Anaerostipes hadrus,rCLR,Anaerostipes hadrus,0.005605931118425559,-0.0016343697286178725,18
OnlyMale,RandomForest,ThomasAM_2018b,0.8586956521739131,rCLR_Butyricimonas virosa,rCLR,Butyricimonas virosa,0.005540826054908419,-0.0033023458693085075,19
OnlyMale,RandomForest,ThomasAM_2018b,0.8586956521739131,rCLR_Bacteroides caccae,rCLR,Bacteroides caccae,0.005103969832234969,-0.0021000658327897967,20
OnlyMale,RandomForest,ThomasAM_2018b,0.8586956521739131,rCLR_Eubacterium sp. CAG:38,rCLR,Eubacterium sp. CAG:38,0.005022039212861742,0.0011866357760901372,21
OnlyMale,RandomForest,ThomasAM_2018b,0.8586956521739131,rCLR_Eubacterium sp. CAG:251,rCLR,Eubacterium sp. CAG:251,0.004716568656037856,0.004182913140924025,22
OnlyMale,RandomForest,ThomasAM_2018b,0.8586956521739131,rCLR_Bifidobacterium bifidum,rCLR,Bifidobacterium bifidum,0.004516654090982179,-0.0009288920663935161,23
OnlyMale,RandomForest,ThomasAM_2018b,0.8586956521739131,rCLR_Faecalibacterium prausnitzii,rCLR,Faecalibacterium prausnitzii,0.0041956664887795375,-0.0016307461458418188,24
OnlyMale,RandomForest,ThomasAM_2018b,0.8586956521739131,rCLR_[Ruminococcus] torques,rCLR,[Ruminococcus] torques,0.004163784661146124,0.002007578413372595,25
OnlyMale,RandomForest,ThomasAM_2018b,0.8586956521739131,rCLR_Blautia obeum,rCLR,Blautia obeum,0.004143330774417941,0.0032985518665415623,26
OnlyMale,RandomForest,ThomasAM_2018b,0.8586956521739131,rCLR_Phocaeicola plebeius,rCLR,Phocaeicola plebeius,0.004026474740030845,-0.0012019514551676153,27
OnlyMale,RandomForest,ThomasAM_2018b,0.8586956521739131,rCLR_Escherichia coli,rCLR,Escherichia coli,0.003955274191513815,-0.0003346864827862882,28
OnlyMale,RandomForest,ThomasAM_2018b,0.8586956521739131,rCLR_Phocaeicola coprocola,rCLR,Phocaeicola coprocola,0.003942068248415507,-0.0008976181122752507,29
OnlyMale,RandomForest,ThomasAM_2018b,0.8586956521739131,rCLR_Parabacteroides distasonis,rCLR,Parabacteroides distasonis,0.00386123504955752,-0.0008243043731112005,30
OnlyMale,RandomForest,ThomasAM_2018b,0.8586956521739131,rCLR_Oscillibacter sp. CAG:241,rCLR,Oscillibacter sp. CAG:241,0.0037309845768705684,0.0018357224995821603,31
OnlyMale,RandomForest,ThomasAM_2018b,0.8586956521739131,rCLR_Flavonifractor plautii,rCLR,Flavonifractor plautii,0.003685520620089642,-0.0018242969110208885,32
OnlyMale,RandomForest,ThomasAM_2018b,0.8586956521739131,rCLR_Bacteroides salyersiae,rCLR,Bacteroides salyersiae,0.0036112460231730124,-0.0015086902947187865,33
OnlyMale,RandomForest,ThomasAM_2018b,0.8586956521739131,rCLR_Veillonella atypica,rCLR,Veillonella atypica,0.003481213275958308,-0.0015066412583489702,34
OnlyMale,RandomForest,ThomasAM_2018b,0.8586956521739131,rCLR_Alistipes finegoldii,rCLR,Alistipes finegoldii,0.003467314345528828,0.000842590238780473,35
OnlyMale,RandomForest,ThomasAM_2018b,0.8586956521739131,rCLR_[Eubacterium] siraeum,rCLR,[Eubacterium] siraeum,0.0033859856667290346,0.0004349167119911383,36
OnlyMale,RandomForest,ThomasAM_2018b,0.8586956521739131,rCLR_Collinsella aerofaciens,rCLR,Collinsella aerofaciens,0.0033522786318724404,0.0019489937138087827,37
OnlyMale,RandomForest,ThomasAM_2018b,0.8586956521739131,rCLR_Acidaminococcus intestini,rCLR,Acidaminococcus intestini,0.003251251713918918,-0.0016653319892861844,38
OnlyMale,RandomForest,ThomasAM_2018b,0.8586956521739131,rCLR_Dorea longicatena,rCLR,Dorea longicatena,0.0031248677072141357,0.002943314721192355,39
OnlyMale,RandomForest,ThomasAM_2018b,0.8586956521739131,rCLR_Bacteroides thetaiotaomicron,rCLR,Bacteroides thetaiotaomicron,0.0031043930845444903,-0.002721664101284545,40
OnlyMale,RandomForest,ThomasAM_2018b,0.8586956521739131,rCLR_Dorea formicigenerans,rCLR,Dorea formicigenerans,0.0031010797353803,0.0013799713272710096,41
OnlyMale,RandomForest,ThomasAM_2018b,0.8586956521739131,rCLR_Enterocloster bolteae,rCLR,Enterocloster bolteae,0.0030941303285024905,-0.0008785852155728647,42
OnlyMale,RandomForest,ThomasAM_2018b,0.8586956521739131,rCLR_Adlercreutzia equolifaciens_1,rCLR,Adlercreutzia equolifaciens_1,0.00309026857697076,-0.0002442461886876851,43
OnlyMale,RandomForest,ThomasAM_2018b,0.8586956521739131,rCLR_[Eubacterium] rectale,rCLR,[Eubacterium] rectale,0.0026977414555976104,-2.0408328721807568e-05,44
OnlyMale,RandomForest,ThomasAM_2018b,0.8586956521739131,Age,covariate,Age,0.0026651569781767095,-0.0017584093409405844,45
OnlyMale,RandomForest,ThomasAM_2018b,0.8586956521739131,rCLR_Prevotella copri,rCLR,Prevotella copri,0.002597219227379523,0.001709468188829651,46
OnlyMale,RandomForest,ThomasAM_2018b,0.8586956521739131,rCLR_Clostridium sp. CAG:58,rCLR,Clostridium sp. CAG:58,0.0025854038804889387,-0.001541713749487732,47
OnlyMale,RandomForest,ThomasAM_2018b,0.8586956521739131,rCLR_Streptococcus thermophilus,rCLR,Streptococcus thermophilus,0.0025541473709002477,-0.00043349117971561965,48
OnlyMale,RandomForest,ThomasAM_2018b,0.8586956521739131,rCLR_Roseburia hominis,rCLR,Roseburia hominis,0.002550188781260585,0.001732896009543406,49
OnlyMale,RandomForest,ThomasAM_2018b,0.8586956521739131,PA_Streptococcus salivarius,PA,Streptococcus salivarius,0.002486165067685547,-0.0015491835276011487,50
OnlyMale,RandomForest,ThomasAM_2018b,0.8586956521739131,rCLR_Alistipes putredinis,rCLR,Alistipes putredinis,0.0023735666471061973,-0.0002140475366060545,51
OnlyMale,RandomForest,ThomasAM_2018b,0.8586956521739131,rCLR_Bacteroides cellulosilyticus,rCLR,Bacteroides cellulosilyticus,0.0023594962511653606,-0.001108780929477471,52
OnlyMale,RandomForest,ThomasAM_2018b,0.8586956521739131,rCLR_Erysipelatoclostridium ramosum,rCLR,Erysipelatoclostridium ramosum,0.0023561906902649457,-0.0007762138795276995,53
OnlyMale,RandomForest,ThomasAM_2018b,0.8586956521739131,rCLR_Lawsonibacter asaccharolyticus,rCLR,Lawsonibacter asaccharolyticus,0.002337697215338373,0.0007594280271354394,54
OnlyMale,RandomForest,ThomasAM_2018b,0.8586956521739131,rCLR_Bacteroides sp. CAG:144,rCLR,Bacteroides sp. CAG:144,0.0023279589087924603,0.001876493896990845,55
OnlyMale,RandomForest,ThomasAM_2018b,0.8586956521739131,rCLR_Parabacteroides merdae,rCLR,Parabacteroides merdae,0.0022839088412851317,-0.00023792902839124468,56
OnlyMale,RandomForest,ThomasAM_2018b,0.8586956521739131,rCLR_Gemmiger formicilis,rCLR,Gemmiger formicilis,0.002260871915154807,-0.0005978021600877702,57
OnlyMale,RandomForest,ThomasAM_2018b,0.8586956521739131,rCLR_Agathobaculum butyriciproducens,rCLR,Agathobaculum butyriciproducens,0.0022302018104548003,0.0013608858488901626,58
OnlyMale,RandomForest,ThomasAM_2018b,0.8586956521739131,rCLR_Eubacterium sp. CAG:274,rCLR,Eubacterium sp. CAG:274,0.002181956204254297,-0.0005684549627889555,59
OnlyMale,RandomForest,ThomasAM_2018b,0.8586956521739131,rCLR_Bifidobacterium longum,rCLR,Bifidobacterium longum,0.002110807590534231,-0.0012152641539582567,60
OnlyMale,RandomForest,ThomasAM_2018b,0.8586956521739131,rCLR_Ruminococcus bicirculans,rCLR,Ruminococcus bicirculans,0.002098741394617222,-0.0007968201600722452,61
OnlyMale,RandomForest,ThomasAM_2018b,0.8586956521739131,rCLR_Desulfovibrio piger,rCLR,Desulfovibrio piger,0.0020147854952424567,-0.0019176481066366302,62
OnlyMale,RandomForest,ThomasAM_2018b,0.8586956521739131,rCLR_Alistipes shahii,rCLR,Alistipes shahii,0.001995926135137475,-0.0013305636884941333,63
OnlyMale,RandomForest,ThomasAM_2018b,0.8586956521739131,rCLR_Coprococcus comes,rCLR,Coprococcus comes,0.0019935340746390223,-0.001091299586612266,64
OnlyMale,RandomForest,ThomasAM_2018b,0.8586956521739131,rCLR_Blautia sp. CAG:257,rCLR,Blautia sp. CAG:257,0.0019865422264279376,-0.0008633303257919053,65
OnlyMale,RandomForest,ThomasAM_2018b,0.8586956521739131,rCLR_Proteobacteria bacterium CAG:139,rCLR,Proteobacteria bacterium CAG:139,0.00196235912874525,-0.0009892790214414012,66
OnlyMale,RandomForest,ThomasAM_2018b,0.8586956521739131,rCLR_Oscillibacter sp. 57_20,rCLR,Oscillibacter sp. 57_20,0.0018948445853740469,-0.000592022519511006,67
OnlyMale,RandomForest,ThomasAM_2018b,0.8586956521739131,rCLR_Bacteroides uniformis,rCLR,Bacteroides uniformis,0.0018824821957601524,0.00015162607844207836,68
OnlyMale,RandomForest,ThomasAM_2018b,0.8586956521739131,rCLR_Coprococcus eutactus,rCLR,Coprococcus eutactus,0.0018412668976184605,-0.0011849380325683727,69
OnlyMale,RandomForest,ThomasAM_2018b,0.8586956521739131,rCLR_Klebsiella variicola,rCLR,Klebsiella variicola,0.0018345036829780764,-0.0013313429689688827,70
OnlyMale,RandomForest,ThomasAM_2018b,0.8586956521739131,rCLR_Firmicutes bacterium CAG:110,rCLR,Firmicutes bacterium CAG:110,0.0017938209102588854,0.00041366309211383955,71
OnlyMale,RandomForest,ThomasAM_2018b,0.8586956521739131,rCLR_Roseburia inulinivorans,rCLR,Roseburia inulinivorans,0.0017841521051425197,0.0006058261226439533,72
OnlyMale,RandomForest,ThomasAM_2018b,0.8586956521739131,rCLR_Bacteroides xylanisolvens,rCLR,Bacteroides xylanisolvens,0.0017486731606543595,0.0007438198685236618,73
OnlyMale,RandomForest,ThomasAM_2018b,0.8586956521739131,rCLR_Firmicutes bacterium CAG:83,rCLR,Firmicutes bacterium CAG:83,0.0017058771325745169,0.0007083529808560065,74
OnlyMale,RandomForest,ThomasAM_2018b,0.8586956521739131,rCLR_[Ruminococcus] gnavus,rCLR,[Ruminococcus] gnavus,0.0016942130432591462,-0.00010420315973969131,75
OnlyMale,RandomForest,ThomasAM_2018b,0.8586956521739131,rCLR_Adlercreutzia equolifaciens,rCLR,Adlercreutzia equolifaciens,0.001629224452149644,-0.00012268682667190156,76
OnlyMale,RandomForest,ThomasAM_2018b,0.8586956521739131,PA_Eubacterium sp. CAG:274,PA,Eubacterium sp. CAG:274,0.0016280798948287473,-0.00014869644793616467,77
OnlyMale,RandomForest,ThomasAM_2018b,0.8586956521739131,rCLR_Bacteroides ovatus,rCLR,Bacteroides ovatus,0.0016213437276634652,0.0009222967439149002,78
OnlyMale,RandomForest,ThomasAM_2018b,0.8586956521739131,rCLR_Streptococcus parasanguinis,rCLR,Streptococcus parasanguinis,0.0016161568855684288,0.0006370288363268051,79
OnlyMale,RandomForest,ThomasAM_2018b,0.8586956521739131,rCLR_Phocaeicola vulgatus,rCLR,Phocaeicola vulgatus,0.0016130657431048401,-0.0006495215009031711,80
OnlyMale,RandomForest,ThomasAM_2018b,0.8586956521739131,rCLR_Veillonella parvula,rCLR,Veillonella parvula,0.001568711548890751,-0.0007604786528393588,81
OnlyMale,RandomForest,ThomasAM_2018b,0.8586956521739131,rCLR_Phascolarctobacterium succinatutens,rCLR,Phascolarctobacterium succinatutens,0.0015421545796118388,2.248760561603052e-05,82
OnlyMale,RandomForest,ThomasAM_2018b,0.8586956521739131,rCLR_Alistipes inops,rCLR,Alistipes inops,0.001522805433683044,0.0009552568209004919,83
OnlyMale,RandomForest,ThomasAM_2018b,0.8586956521739131,rCLR_Bifidobacterium adolescentis,rCLR,Bifidobacterium adolescentis,0.0014779746822038758,-7.44410167418233e-05,84
OnlyMale,RandomForest,ThomasAM_2018b,0.8586956521739131,rCLR_Phascolarctobacterium faecium,rCLR,Phascolarctobacterium faecium,0.0014477908717806293,0.0003738665661282098,85
OnlyMale,RandomForest,ThomasAM_2018b,0.8586956521739131,PA_Methanobrevibacter smithii,PA,Methanobrevibacter smithii,0.0014086180704878442,0.0007534815399051027,86
OnlyMale,RandomForest,ThomasAM_2018b,0.8586956521739131,rCLR_Slackia isoflavoniconvertens,rCLR,Slackia isoflavoniconvertens,0.0013752867372504908,6.470290601317805e-05,87
OnlyMale,RandomForest,ThomasAM_2018b,0.8586956521739131,rCLR_Blautia wexlerae,rCLR,Blautia wexlerae,0.0013680551512296375,0.00020315100005533382,88
OnlyMale,RandomForest,ThomasAM_2018b,0.8586956521739131,rCLR_Holdemanella biformis,rCLR,Holdemanella biformis,0.00135927245710097,0.0005217775577911366,89
OnlyMale,RandomForest,ThomasAM_2018b,0.8586956521739131,rCLR_Ruminococcus bromii,rCLR,Ruminococcus bromii,0.0013227056552240165,0.00046277483702020315,90
OnlyMale,RandomForest,ThomasAM_2018b,0.8586956521739131,rCLR_Coprobacter fastidiosus,rCLR,Coprobacter fastidiosus,0.0012964651393085425,-0.00020705660528905068,91
OnlyMale,RandomForest,ThomasAM_2018b,0.8586956521739131,rCLR_Megamonas funiformis,rCLR,Megamonas funiformis,0.0012858405746765228,-0.0011404966564679186,92
OnlyMale,RandomForest,ThomasAM_2018b,0.8586956521739131,rCLR_Phocaeicola dorei,rCLR,Phocaeicola dorei,0.0012748567463368582,0.00041191502923336665,93
OnlyMale,RandomForest,ThomasAM_2018b,0.8586956521739131,PA_Akkermansia muciniphila,PA,Akkermansia muciniphila,0.0012693610150258865,0.00020492098861317235,94
OnlyMale,RandomForest,ThomasAM_2018b,0.8586956521739131,PA_Roseburia intestinalis,PA,Roseburia intestinalis,0.0012127579394169102,0.0002058534814049924,95
OnlyMale,RandomForest,ThomasAM_2018b,0.8586956521739131,PA_Bifidobacterium bifidum,PA,Bifidobacterium bifidum,0.0011950394059361507,-0.000619263216793814,96
OnlyMale,RandomForest,ThomasAM_2018b,0.8586956521739131,rCLR_Streptococcus salivarius,rCLR,Streptococcus salivarius,0.0011931943203357127,-0.00016869185203899055,97
OnlyMale,RandomForest,ThomasAM_2018b,0.8586956521739131,PA_Collinsella aerofaciens,PA,Collinsella aerofaciens,0.0011405714232719227,0.0006576038594557748,98
OnlyMale,RandomForest,ThomasAM_2018b,0.8586956521739131,PA_Anaerotignum lactatifermentans,PA,Anaerotignum lactatifermentans,0.0011331884980485742,-0.0004669267724639908,99
OnlyMale,RandomForest,ThomasAM_2018b,0.8586956521739131,rCLR_Eggerthella lenta,rCLR,Eggerthella lenta,0.001124316097130439,-0.00037846616604446343,100
OnlyMale,RandomForest,ThomasAM_2018b,0.8586956521739131,rCLR_Eubacterium ramulus,rCLR,Eubacterium ramulus,0.0011170331157106892,6.51165892516709e-05,101
OnlyMale,RandomForest,ThomasAM_2018b,0.8586956521739131,rCLR_Klebsiella pneumoniae,rCLR,Klebsiella pneumoniae,0.0011158944303575394,-6.458459201531498e-05,102
OnlyMale,RandomForest,ThomasAM_2018b,0.8586956521739131,rCLR_Intestinibacter bartlettii,rCLR,Intestinibacter bartlettii,0.0010793879002241045,0.0007720707910654462,103
OnlyMale,RandomForest,ThomasAM_2018b,0.8586956521739131,rCLR_Bacteroides eggerthii,rCLR,Bacteroides eggerthii,0.0010627182751011773,0.0006041846540974979,104
OnlyMale,RandomForest,ThomasAM_2018b,0.8586956521739131,rCLR_Eubacterium sp. CAG:180,rCLR,Eubacterium sp. CAG:180,0.001059479308056896,-0.00032427229515396015,105
OnlyMale,RandomForest,ThomasAM_2018b,0.8586956521739131,rCLR_Bacteroides intestinalis,rCLR,Bacteroides intestinalis,0.0009954851052836218,0.0004658059585594229,106
OnlyMale,RandomForest,ThomasAM_2018b,0.8586956521739131,PA_Bacteroides fragilis,PA,Bacteroides fragilis,0.0009253774316872315,-8.481239016038036e-05,107
OnlyMale,RandomForest,ThomasAM_2018b,0.8586956521739131,rCLR_Dialister invisus,rCLR,Dialister invisus,0.0009038785620647103,0.0003995315325143549,108
OnlyMale,RandomForest,ThomasAM_2018b,0.8586956521739131,rCLR_Barnesiella intestinihominis,rCLR,Barnesiella intestinihominis,0.0009009128780453344,4.639032598845831e-05,109
OnlyMale,RandomForest,ThomasAM_2018b,0.8586956521739131,rCLR_[Ruminococcus] lactaris,rCLR,[Ruminococcus] lactaris,0.0008798766912552983,-3.61684849422968e-05,110
OnlyMale,RandomForest,ThomasAM_2018b,0.8586956521739131,rCLR_Phocaeicola massiliensis,rCLR,Phocaeicola massiliensis,0.0008766990794183379,-4.982372570475528e-05,111
OnlyMale,RandomForest,ThomasAM_2018b,0.8586956521739131,rCLR_Bacteroides finegoldii,rCLR,Bacteroides finegoldii,0.0008721531430461868,-0.00044015827794047186,112
OnlyMale,RandomForest,ThomasAM_2018b,0.8586956521739131,rCLR_Parasutterella excrementihominis,rCLR,Parasutterella excrementihominis,0.0008488824816509421,2.661418133765884e-05,113
OnlyMale,RandomForest,ThomasAM_2018b,0.8586956521739131,rCLR_Bacteroides fragilis,rCLR,Bacteroides fragilis,0.0008459933739937412,0.00012813164056641263,114
OnlyMale,RandomForest,ThomasAM_2018b,0.8586956521739131,rCLR_Gordonibacter pamelaeae,rCLR,Gordonibacter pamelaeae,0.0008325966072600207,0.00020392512068799745,115
OnlyMale,RandomForest,ThomasAM_2018b,0.8586956521739131,PA_Enterocloster bolteae,PA,Enterocloster bolteae,0.0008308170872007098,-0.0004547636916283353,116
OnlyMale,RandomForest,ThomasAM_2018b,0.8586956521739131,PA_Firmicutes bacterium CAG:145,PA,Firmicutes bacterium CAG:145,0.0008204090170103761,0.0006425467817928433,117
OnlyMale,RandomForest,ThomasAM_2018b,0.8586956521739131,rCLR_Bacteroides stercoris,rCLR,Bacteroides stercoris,0.0008185440863210213,0.00024933709821563693,118
OnlyMale,RandomForest,ThomasAM_2018b,0.8586956521739131,PA_Parabacteroides merdae,PA,Parabacteroides merdae,0.0007989244384117485,0.0002416426756818763,119
OnlyMale,RandomForest,ThomasAM_2018b,0.8586956521739131,PA_Bacteroides cellulosilyticus,PA,Bacteroides cellulosilyticus,0.0007868237807064912,0.0001303028789622247,120
OnlyMale,RandomForest,ThomasAM_2018b,0.8586956521739131,rCLR_Klebsiella quasipneumoniae,rCLR,Klebsiella quasipneumoniae,0.0007780690350206535,0.00044855049770328183,121
OnlyMale,RandomForest,ThomasAM_2018b,0.8586956521739131,PA_Bacteroides salyersiae,PA,Bacteroides salyersiae,0.000773852550293333,1.4667098844153144e-05,122
OnlyMale,RandomForest,ThomasAM_2018b,0.8586956521739131,PA_Streptococcus thermophilus,PA,Streptococcus thermophilus,0.000760651572259554,-0.0006004539565817655,123
OnlyMale,RandomForest,ThomasAM_2018b,0.8586956521739131,PA_Bacteroides sp. CAG:144,PA,Bacteroides sp. CAG:144,0.0007452243371972338,0.0003849385500925848,124
OnlyMale,RandomForest,ThomasAM_2018b,0.8586956521739131,PA_Bifidobacterium pseudocatenulatum,PA,Bifidobacterium pseudocatenulatum,0.0007402592769347182,0.00017040526923546023,125
OnlyMale,RandomForest,ThomasAM_2018b,0.8586956521739131,rCLR_Anaerotignum lactatifermentans,rCLR,Anaerotignum lactatifermentans,0.0007145064459959444,0.0003102275729517018,126
OnlyMale,RandomForest,ThomasAM_2018b,0.8586956521739131,PA_Phascolarctobacterium faecium,PA,Phascolarctobacterium faecium,0.0006732867972201006,0.0001394919218993495,127
OnlyMale,RandomForest,ThomasAM_2018b,0.8586956521739131,PA_Phocaeicola coprocola,PA,Phocaeicola coprocola,0.0006276154894642338,-2.67915766822965e-05,128
OnlyMale,RandomForest,ThomasAM_2018b,0.8586956521739131,PA_Phascolarctobacterium succinatutens,PA,Phascolarctobacterium succinatutens,0.0006189209075218941,0.00014029157242693226,129
OnlyMale,RandomForest,ThomasAM_2018b,0.8586956521739131,PA_Blautia sp. CAG:257,PA,Blautia sp. CAG:257,0.0005950393704788543,0.00029668099219274876,130
OnlyMale,RandomForest,ThomasAM_2018b,0.8586956521739131,PA_Eubacterium sp. CAG:38,PA,Eubacterium sp. CAG:38,0.0005872851156839181,-6.204789017384628e-05,131
OnlyMale,RandomForest,ThomasAM_2018b,0.8586956521739131,PA_Eubacterium sp. CAG:180,PA,Eubacterium sp. CAG:180,0.0005813992911779201,4.226985531973811e-05,132
OnlyMale,RandomForest,ThomasAM_2018b,0.8586956521739131,PA_Ruminococcus bicirculans,PA,Ruminococcus bicirculans,0.0005563704574122005,-0.00017008826216771813,133
OnlyMale,RandomForest,ThomasAM_2018b,0.8586956521739131,PA_Klebsiella pneumoniae,PA,Klebsiella pneumoniae,0.0005500509398010706,-0.0002911413381578914,134
OnlyMale,RandomForest,ThomasAM_2018b,0.8586956521739131,PA_Bacteroides caccae,PA,Bacteroides caccae,0.0005437250334108193,4.630157191396353e-05,135
OnlyMale,RandomForest,ThomasAM_2018b,0.8586956521739131,PA_Eubacterium sp. CAG:251,PA,Eubacterium sp. CAG:251,0.0005406169438743111,-0.0002815926355344489,136
OnlyMale,RandomForest,ThomasAM_2018b,0.8586956521739131,PA_Escherichia coli,PA,Escherichia coli,0.0005331331346041441,0.00013295505368003554,137
OnlyMale,RandomForest,ThomasAM_2018b,0.8586956521739131,PA_Desulfovibrio piger,PA,Desulfovibrio piger,0.000510151602540299,3.712809611112644e-05,138
OnlyMale,RandomForest,ThomasAM_2018b,0.8586956521739131,PA_[Ruminococcus] lactaris,PA,[Ruminococcus] lactaris,0.0004691801121295694,-9.299818971517649e-05,139
OnlyMale,RandomForest,ThomasAM_2018b,0.8586956521739131,PA_Bacteroides stercoris,PA,Bacteroides stercoris,0.00045657188777785716,0.00010692216271900546,140
OnlyMale,RandomForest,ThomasAM_2018b,0.8586956521739131,PA_Eubacterium ventriosum,PA,Eubacterium ventriosum,0.00045436649495166157,4.108881561645316e-05,141
OnlyMale,RandomForest,ThomasAM_2018b,0.8586956521739131,PA_Holdemanella biformis,PA,Holdemanella biformis,0.0004423898025725784,6.238700590618817e-05,142
OnlyMale,RandomForest,ThomasAM_2018b,0.8586956521739131,PA_Coprobacter fastidiosus,PA,Coprobacter fastidiosus,0.00043816719284580144,0.00011433612443842746,143
OnlyMale,RandomForest,ThomasAM_2018b,0.8586956521739131,PA_Clostridium sp. CAG:58,PA,Clostridium sp. CAG:58,0.0004204666047453978,0.00012641533486287376,144
OnlyMale,RandomForest,ThomasAM_2018b,0.8586956521739131,PA_Firmicutes bacterium CAG:110,PA,Firmicutes bacterium CAG:110,0.0004126737425544893,3.018651786555252e-06,145
OnlyMale,RandomForest,ThomasAM_2018b,0.8586956521739131,PA_Phocaeicola plebeius,PA,Phocaeicola plebeius,0.00040493298976428127,7.612264233313026e-05,146
OnlyMale,RandomForest,ThomasAM_2018b,0.8586956521739131,PA_Butyricimonas virosa,PA,Butyricimonas virosa,0.00040016298028114263,0.00020044509164530622,147
OnlyMale,RandomForest,ThomasAM_2018b,0.8586956521739131,PA_Bacteroides thetaiotaomicron,PA,Bacteroides thetaiotaomicron,0.00039243471587214275,-0.0001743918887070712,148
OnlyMale,RandomForest,ThomasAM_2018b,0.8586956521739131,PA_Prevotella copri,PA,Prevotella copri,0.0003910146937174082,-8.363093918140156e-06,149
OnlyMale,RandomForest,ThomasAM_2018b,0.8586956521739131,PA_Coprococcus catus,PA,Coprococcus catus,0.00038661544464109715,0.00016832677489593767,150
OnlyMale,RandomForest,ThomasAM_2018b,0.8586956521739131,PA_Veillonella atypica,PA,Veillonella atypica,0.0003818466246932194,-0.0001435780787229289,151
OnlyMale,RandomForest,ThomasAM_2018b,0.8586956521739131,PA_Alistipes inops,PA,Alistipes inops,0.00038168938332381653,0.00019891633437125886,152
OnlyMale,RandomForest,ThomasAM_2018b,0.8586956521739131,PA_Parabacteroides distasonis,PA,Parabacteroides distasonis,0.00037970880393514293,1.1700061104471504e-05,153
OnlyMale,RandomForest,ThomasAM_2018b,0.8586956521739131,PA_Megamonas funiformis,PA,Megamonas funiformis,0.00035049141072271504,-0.00019417445745302118,154
OnlyMale,RandomForest,ThomasAM_2018b,0.8586956521739131,PA_Lachnospira eligens,PA,Lachnospira eligens,0.0003432707539794193,2.0565850531561505e-05,155
OnlyMale,RandomForest,ThomasAM_2018b,0.8586956521739131,PA_Paraprevotella xylaniphila,PA,Paraprevotella xylaniphila,0.0003369522810384224,7.562333229372425e-05,156
OnlyMale,RandomForest,ThomasAM_2018b,0.8586956521739131,PA_Oscillibacter sp. CAG:241,PA,Oscillibacter sp. CAG:241,0.0003315428027213064,7.215279351969781e-05,157
OnlyMale,RandomForest,ThomasAM_2018b,0.8586956521739131,PA_Bacteroides eggerthii,PA,Bacteroides eggerthii,0.00032935600921653465,0.00013329846789786876,158
OnlyMale,RandomForest,ThomasAM_2018b,0.8586956521739131,PA_Eubacterium ramulus,PA,Eubacterium ramulus,0.0003278753931221116,-1.3038759804164414e-05,159
OnlyMale,RandomForest,ThomasAM_2018b,0.8586956521739131,PA_Veillonella parvula,PA,Veillonella parvula,0.0003095791234162339,-0.00010744410910731275,160
OnlyMale,RandomForest,ThomasAM_2018b,0.8586956521739131,PA_Adlercreutzia equolifaciens,PA,Adlercreutzia equolifaciens,0.00030879313770617537,-7.202000233481704e-05,161
OnlyMale,RandomForest,ThomasAM_2018b,0.8586956521739131,PA_Lawsonibacter asaccharolyticus,PA,Lawsonibacter asaccharolyticus,0.00030052585538353375,3.420101627568371e-05,162
OnlyMale,RandomForest,ThomasAM_2018b,0.8586956521739131,PA_Acidaminococcus intestini,PA,Acidaminococcus intestini,0.0002986604523833137,1.2485683048434767e-05,163
OnlyMale,RandomForest,ThomasAM_2018b,0.8586956521739131,PA_[Ruminococcus] gnavus,PA,[Ruminococcus] gnavus,0.0002907577039526742,9.80754141701548e-05,164
OnlyMale,RandomForest,ThomasAM_2018b,0.8586956521739131,PA_Bacteroides ovatus,PA,Bacteroides ovatus,0.0002786902022779114,2.2223193749877155e-05,165
OnlyMale,RandomForest,ThomasAM_2018b,0.8586956521739131,PA_Intestinibacter bartlettii,PA,Intestinibacter bartlettii,0.00027615026940762486,0.0001357685526775949,166
OnlyMale,RandomForest,ThomasAM_2018b,0.8586956521739131,PA_Phocaeicola massiliensis,PA,Phocaeicola massiliensis,0.0002729689846149156,-0.00013321208324495621,167
OnlyMale,RandomForest,ThomasAM_2018b,0.8586956521739131,PA_Adlercreutzia equolifaciens_1,PA,Adlercreutzia equolifaciens_1,0.0002712243378997986,-8.466661340145225e-05,168
OnlyMale,RandomForest,ThomasAM_2018b,0.8586956521739131,PA_Alistipes finegoldii,PA,Alistipes finegoldii,0.0002671993284641065,0.000124483937022038,169
OnlyMale,RandomForest,ThomasAM_2018b,0.8586956521739131,PA_Roseburia inulinivorans,PA,Roseburia inulinivorans,0.0002599453273151267,4.766452165462436e-05,170
OnlyMale,RandomForest,ThomasAM_2018b,0.8586956521739131,PA_Fusicatenibacter saccharivorans,PA,Fusicatenibacter saccharivorans,0.00025906444372280615,-0.00025906444372280615,171
OnlyMale,RandomForest,ThomasAM_2018b,0.8586956521739131,PA_Coprococcus eutactus,PA,Coprococcus eutactus,0.0002492475698222698,-0.00010087587339167934,172
OnlyMale,RandomForest,ThomasAM_2018b,0.8586956521739131,PA_Bacteroides intestinalis,PA,Bacteroides intestinalis,0.00024718137113026787,-4.16069018171351e-05,173
OnlyMale,RandomForest,ThomasAM_2018b,0.8586956521739131,PA_Anaerobutyricum hallii,PA,Anaerobutyricum hallii,0.0002434943616858691,-0.00010255700714439757,174
OnlyMale,RandomForest,ThomasAM_2018b,0.8586956521739131,PA_Dorea longicatena,PA,Dorea longicatena,0.00024150883331679215,0.00012558434657369198,175
OnlyMale,RandomForest,ThomasAM_2018b,0.8586956521739131,PA_Alistipes putredinis,PA,Alistipes putredinis,0.00023981945471256342,0.00012292304604986202,176
OnlyMale,RandomForest,ThomasAM_2018b,0.8586956521739131,PA_Streptococcus parasanguinis,PA,Streptococcus parasanguinis,0.00023381592847259344,7.770889636107381e-05,177
OnlyMale,RandomForest,ThomasAM_2018b,0.8586956521739131,PA_Phocaeicola dorei,PA,Phocaeicola dorei,0.00022838476707308348,5.2044002285634354e-05,178
OnlyMale,RandomForest,ThomasAM_2018b,0.8586956521739131,PA_[Eubacterium] siraeum,PA,[Eubacterium] siraeum,0.00022515134980797012,0.0001093130660418555,179
OnlyMale,RandomForest,ThomasAM_2018b,0.8586956521739131,PA_Dorea formicigenerans,PA,Dorea formicigenerans,0.00022428537021828974,0.00017797202768498436,180
OnlyMale,RandomForest,ThomasAM_2018b,0.8586956521739131,PA_Barnesiella intestinihominis,PA,Barnesiella intestinihominis,0.00022137294426479408,2.0283530048005103e-05,181
OnlyMale,RandomForest,ThomasAM_2018b,0.8586956521739131,PA_Anaerostipes hadrus,PA,Anaerostipes hadrus,0.00022097486499077232,-0.000155656071117966,182
OnlyMale,RandomForest,ThomasAM_2018b,0.8586956521739131,PA_Slackia isoflavoniconvertens,PA,Slackia isoflavoniconvertens,0.0002197753714594626,9.569004935882481e-05,183
OnlyMale,RandomForest,ThomasAM_2018b,0.8586956521739131,PA_Alistipes shahii,PA,Alistipes shahii,0.00021783884265104587,0.00014676524598169124,184
OnlyMale,RandomForest,ThomasAM_2018b,0.8586956521739131,PA_Oscillibacter sp. 57_20,PA,Oscillibacter sp. 57_20,0.00021579450499116144,-1.115327973149005e-05,185
OnlyMale,RandomForest,ThomasAM_2018b,0.8586956521739131,PA_Bifidobacterium longum,PA,Bifidobacterium longum,0.00021563853693002546,-4.537971641875519e-05,186
OnlyMale,RandomForest,ThomasAM_2018b,0.8586956521739131,PA_Ruminococcus bromii,PA,Ruminococcus bromii,0.0002116269504367569,4.747569501120621e-05,187
OnlyMale,RandomForest,ThomasAM_2018b,0.8586956521739131,PA_Firmicutes bacterium CAG:83,PA,Firmicutes bacterium CAG:83,0.00020500885431283858,4.5699250181194796e-05,188
OnlyMale,RandomForest,ThomasAM_2018b,0.8586956521739131,PA_Proteobacteria bacterium CAG:139,PA,Proteobacteria bacterium CAG:139,0.00020086212664606647,-4.391111415635182e-05,189
OnlyMale,RandomForest,ThomasAM_2018b,0.8586956521739131,PA_Coprococcus comes,PA,Coprococcus comes,0.0001997618830235909,4.041717559429297e-05,190
OnlyMale,RandomForest,ThomasAM_2018b,0.8586956521739131,PA_Parasutterella excrementihominis,PA,Parasutterella excrementihominis,0.00019913183444786027,6.25683873587092e-05,191
OnlyMale,RandomForest,ThomasAM_2018b,0.8586956521739131,PA_[Ruminococcus] torques,PA,[Ruminococcus] torques,0.0001973945963529676,-1.2689563039073676e-05,192
OnlyMale,RandomForest,ThomasAM_2018b,0.8586956521739131,PA_Bifidobacterium adolescentis,PA,Bifidobacterium adolescentis,0.00019720285458847643,5.202508638633191e-06,193
OnlyMale,RandomForest,ThomasAM_2018b,0.8586956521739131,PA_Roseburia hominis,PA,Roseburia hominis,0.00019632139192470857,0.00010432975187906066,194
OnlyMale,RandomForest,ThomasAM_2018b,0.8586956521739131,PA_Flavonifractor plautii,PA,Flavonifractor plautii,0.00018328240900167836,-7.360720648696749e-05,195
OnlyMale,RandomForest,ThomasAM_2018b,0.8586956521739131,PA_Erysipelatoclostridium ramosum,PA,Erysipelatoclostridium ramosum,0.00018101795492114948,6.488487449348041e-05,196
OnlyMale,RandomForest,ThomasAM_2018b,0.8586956521739131,PA_Odoribacter splanchnicus,PA,Odoribacter splanchnicus,0.0001694083028901878,-6.084137027642712e-05,197
OnlyMale,RandomForest,ThomasAM_2018b,0.8586956521739131,PA_Eggerthella lenta,PA,Eggerthella lenta,0.00016599296578599329,6.636816556353773e-05,198
OnlyMale,RandomForest,ThomasAM_2018b,0.8586956521739131,PA_Gemmiger formicilis,PA,Gemmiger formicilis,0.00016037103812231469,8.958887529427294e-05,199
OnlyMale,RandomForest,ThomasAM_2018b,0.8586956521739131,PA_Lachnospira pectinoschiza,PA,Lachnospira pectinoschiza,0.00015943016757566847,0.00013393657595885938,200
OnlyMale,RandomForest,ThomasAM_2018b,0.8586956521739131,PA_[Eubacterium] rectale,PA,[Eubacterium] rectale,0.0001586524928465545,4.678662781555943e-05,201
OnlyMale,RandomForest,ThomasAM_2018b,0.8586956521739131,PA_Agathobaculum butyriciproducens,PA,Agathobaculum butyriciproducens,0.0001534981168510349,-4.816900653439923e-05,202
OnlyMale,RandomForest,ThomasAM_2018b,0.8586956521739131,PA_Bacteroides finegoldii,PA,Bacteroides finegoldii,0.00014622226071696575,9.651148336726426e-07,203
OnlyMale,RandomForest,ThomasAM_2018b,0.8586956521739131,PA_Roseburia faecis,PA,Roseburia faecis,0.00014043581116619872,-4.2954080068330644e-05,204
OnlyMale,RandomForest,ThomasAM_2018b,0.8586956521739131,PA_Blautia wexlerae,PA,Blautia wexlerae,0.00013779114758933093,-7.101289950651348e-05,205
OnlyMale,RandomForest,ThomasAM_2018b,0.8586956521739131,PA_Gordonibacter pamelaeae,PA,Gordonibacter pamelaeae,0.00013386713404398232,-5.856570485025487e-05,206
OnlyMale,RandomForest,ThomasAM_2018b,0.8586956521739131,PA_Bacteroides xylanisolvens,PA,Bacteroides xylanisolvens,0.00013004284252843198,-2.2433781387234365e-06,207
OnlyMale,RandomForest,ThomasAM_2018b,0.8586956521739131,PA_Klebsiella quasipneumoniae,PA,Klebsiella quasipneumoniae,0.00012223572879629298,-5.955877006562327e-05,208
OnlyMale,RandomForest,ThomasAM_2018b,0.8586956521739131,PA_Faecalibacterium prausnitzii,PA,Faecalibacterium prausnitzii,0.00010137941074042093,-0.00010126496511346339,209
OnlyMale,RandomForest,ThomasAM_2018b,0.8586956521739131,PA_Blautia obeum,PA,Blautia obeum,9.339733232410628e-05,-3.488681869229849e-05,210
OnlyMale,RandomForest,ThomasAM_2018b,0.8586956521739131,PA_Ruthenibacterium lactatiformans,PA,Ruthenibacterium lactatiformans,9.184218423762531e-05,-1.633849190475306e-05,211
OnlyMale,RandomForest,ThomasAM_2018b,0.8586956521739131,PA_Dialister invisus,PA,Dialister invisus,9.084819605655961e-05,-3.962192932142066e-06,212
OnlyMale,RandomForest,ThomasAM_2018b,0.8586956521739131,PA_Klebsiella variicola,PA,Klebsiella variicola,9.000777057945458e-05,-3.932688875391469e-05,213
OnlyMale,RandomForest,ThomasAM_2018b,0.8586956521739131,PA_Bacteroides uniformis,PA,Bacteroides uniformis,6.573987075121701e-05,1.7493821874287702e-05,214
OnlyMale,RandomForest,ThomasAM_2018b,0.8586956521739131,PA_Phocaeicola vulgatus,PA,Phocaeicola vulgatus,5.402894786483341e-05,5.764961456453831e-06,215
OnlyMale,RandomForest,ThomasAM_2019_c,0.998015873015873,PA_Parvimonas micra,PA,Parvimonas micra,0.04271792173419884,0.01576603729095618,1
OnlyMale,RandomForest,ThomasAM_2019_c,0.998015873015873,rCLR_Parvimonas micra,rCLR,Parvimonas micra,0.023535929554926414,0.007859206276672588,2
OnlyMale,RandomForest,ThomasAM_2019_c,0.998015873015873,rCLR_Roseburia faecis,rCLR,Roseburia faecis,0.01294755103809235,0.005611732334587195,3
OnlyMale,RandomForest,ThomasAM_2019_c,0.998015873015873,rCLR_Lachnospira eligens,rCLR,Lachnospira eligens,0.01053999733546271,-0.0012855706844743752,4
OnlyMale,RandomForest,ThomasAM_2019_c,0.998015873015873,rCLR_Ruthenibacterium lactatiformans,rCLR,Ruthenibacterium lactatiformans,0.010487197185472353,-0.0019224078111039933,5
OnlyMale,RandomForest,ThomasAM_2019_c,0.998015873015873,rCLR_Odoribacter splanchnicus,rCLR,Odoribacter splanchnicus,0.010105004096548346,-0.0006375661728474775,6
OnlyMale,RandomForest,ThomasAM_2019_c,0.998015873015873,rCLR_Roseburia intestinalis,rCLR,Roseburia intestinalis,0.009415380945342253,-0.0023074677276027776,7
OnlyMale,RandomForest,ThomasAM_2019_c,0.998015873015873,rCLR_Fusicatenibacter saccharivorans,rCLR,Fusicatenibacter saccharivorans,0.009350246736570506,0.004531920839399466,8
OnlyMale,RandomForest,ThomasAM_2019_c,0.998015873015873,rCLR_Eubacterium sp. CAG:251,rCLR,Eubacterium sp. CAG:251,0.008962866053837257,0.008962866053837257,9
OnlyMale,RandomForest,ThomasAM_2019_c,0.998015873015873,Age,covariate,Age,0.00825771858602543,-0.0006917879154531527,10
OnlyMale,RandomForest,ThomasAM_2019_c,0.998015873015873,rCLR_Eubacterium ventriosum,rCLR,Eubacterium ventriosum,0.007242143773141328,7.848432136330503e-05,11
OnlyMale,RandomForest,ThomasAM_2019_c,0.998015873015873,rCLR_Bacteroides caccae,rCLR,Bacteroides caccae,0.006717392914496827,-7.292615154641331e-06,12
OnlyMale,RandomForest,ThomasAM_2019_c,0.998015873015873,rCLR_Lachnospira pectinoschiza,rCLR,Lachnospira pectinoschiza,0.006257676850946932,0.002240929027611939,13
OnlyMale,RandomForest,ThomasAM_2019_c,0.998015873015873,rCLR_Akkermansia muciniphila,rCLR,Akkermansia muciniphila,0.006220367022320979,-0.0004206494903536357,14
OnlyMale,RandomForest,ThomasAM_2019_c,0.998015873015873,rCLR_Flavonifractor plautii,rCLR,Flavonifractor plautii,0.006105484686741267,0.0022282183251695585,15
OnlyMale,RandomForest,ThomasAM_2019_c,0.998015873015873,rCLR_Paraprevotella xylaniphila,rCLR,Paraprevotella xylaniphila,0.00597900805715885,-0.002710877496338052,16
OnlyMale,RandomForest,ThomasAM_2019_c,0.998015873015873,rCLR_Eubacterium sp. CAG:38,rCLR,Eubacterium sp. CAG:38,0.005561063729781468,-0.0013669027550758561,17
OnlyMale,RandomForest,ThomasAM_2019_c,0.998015873015873,rCLR_Anaerostipes hadrus,rCLR,Anaerostipes hadrus,0.0053489525853879965,0.0009410534465532619,18
OnlyMale,RandomForest,ThomasAM_2019_c,0.998015873015873,rCLR_Firmicutes bacterium CAG:145,rCLR,Firmicutes bacterium CAG:145,0.0051874380794037864,-0.0027023874849290007,19
OnlyMale,RandomForest,ThomasAM_2019_c,0.998015873015873,rCLR_Escherichia coli,rCLR,Escherichia coli,0.005166659864746539,0.0007754136069227227,20
OnlyMale,RandomForest,ThomasAM_2019_c,0.998015873015873,rCLR_Butyricimonas virosa,rCLR,Butyricimonas virosa,0.004617341472414528,-0.0019393612759219714,21
OnlyMale,RandomForest,ThomasAM_2019_c,0.998015873015873,rCLR_[Ruminococcus] torques,rCLR,[Ruminococcus] torques,0.0044351092893278165,-0.0005566817458261547,22
OnlyMale,RandomForest,ThomasAM_2019_c,0.998015873015873,rCLR_Bifidobacterium bifidum,rCLR,Bifidobacterium bifidum,0.004340723056818638,0.0021854120004869524,23
OnlyMale,RandomForest,ThomasAM_2019_c,0.998015873015873,rCLR_Clostridium sp. CAG:58,rCLR,Clostridium sp. CAG:58,0.00432040534468882,-0.001999328364535646,24
OnlyMale,RandomForest,ThomasAM_2019_c,0.998015873015873,rCLR_Bacteroides thetaiotaomicron,rCLR,Bacteroides thetaiotaomicron,0.004046799862302091,0.0019027936385094353,25
OnlyMale,RandomForest,ThomasAM_2019_c,0.998015873015873,rCLR_Faecalibacterium prausnitzii,rCLR,Faecalibacterium prausnitzii,0.003846744199732081,0.0011267274526143714,26
OnlyMale,RandomForest,ThomasAM_2019_c,0.998015873015873,rCLR_Bacteroides salyersiae,rCLR,Bacteroides salyersiae,0.0038365829634142822,-0.0011164243487493605,27
OnlyMale,RandomForest,ThomasAM_2019_c,0.998015873015873,rCLR_Coprococcus catus,rCLR,Coprococcus catus,0.003781352522097435,-0.001379639479785378,28
OnlyMale,RandomForest,ThomasAM_2019_c,0.998015873015873,rCLR_Phocaeicola coprocola,rCLR,Phocaeicola coprocola,0.003765928911539346,-0.001696328926323089,29
OnlyMale,RandomForest,ThomasAM_2019_c,0.998015873015873,rCLR_Phocaeicola plebeius,rCLR,Phocaeicola plebeius,0.003720573786674846,0.0003976464687727021,30
OnlyMale,RandomForest,ThomasAM_2019_c,0.998015873015873,PA_Streptococcus salivarius,PA,Streptococcus salivarius,0.003652871619727826,-0.0008585529301143057,31
OnlyMale,RandomForest,ThomasAM_2019_c,0.998015873015873,rCLR_Bacteroides cellulosilyticus,rCLR,Bacteroides cellulosilyticus,0.003636515242782512,-0.000749511496317797,32
OnlyMale,RandomForest,ThomasAM_2019_c,0.998015873015873,rCLR_Klebsiella quasipneumoniae,rCLR,Klebsiella quasipneumoniae,0.0034374197463992113,0.0029490695881179098,33
OnlyMale,RandomForest,ThomasAM_2019_c,0.998015873015873,rCLR_Blautia obeum,rCLR,Blautia obeum,0.0034018828545805766,-0.0007137913312354618,34
OnlyMale,RandomForest,ThomasAM_2019_c,0.998015873015873,rCLR_Parabacteroides merdae,rCLR,Parabacteroides merdae,0.0033757081282312145,0.0010668639842892705,35
OnlyMale,RandomForest,ThomasAM_2019_c,0.998015873015873,rCLR_Bifidobacterium pseudocatenulatum,rCLR,Bifidobacterium pseudocatenulatum,0.0032274167105526557,-0.0019246472445475977,36
OnlyMale,RandomForest,ThomasAM_2019_c,0.998015873015873,rCLR_Methanobrevibacter smithii,rCLR,Methanobrevibacter smithii,0.003141354812880522,-0.0008921374213201591,37
OnlyMale,RandomForest,ThomasAM_2019_c,0.998015873015873,rCLR_Anaerobutyricum hallii,rCLR,Anaerobutyricum hallii,0.003124810006115818,-0.0010805642083223815,38
OnlyMale,RandomForest,ThomasAM_2019_c,0.998015873015873,rCLR_Phocaeicola vulgatus,rCLR,Phocaeicola vulgatus,0.002968093403860837,0.000890500614243401,39
OnlyMale,RandomForest,ThomasAM_2019_c,0.998015873015873,rCLR_Oscillibacter sp. 57_20,rCLR,Oscillibacter sp. 57_20,0.002941070754975368,-0.001184496697115402,40
OnlyMale,RandomForest,ThomasAM_2019_c,0.998015873015873,rCLR_Bifidobacterium longum,rCLR,Bifidobacterium longum,0.002936746747109172,-0.0005002879487389295,41
OnlyMale,RandomForest,ThomasAM_2019_c,0.998015873015873,rCLR_Bacteroides fragilis,rCLR,Bacteroides fragilis,0.0029116129455884284,0.0001323019158913349,42
OnlyMale,RandomForest,ThomasAM_2019_c,0.998015873015873,rCLR_Parabacteroides distasonis,rCLR,Parabacteroides distasonis,0.002815455368470939,0.00142134090004814,43
OnlyMale,RandomForest,ThomasAM_2019_c,0.998015873015873,rCLR_Veillonella atypica,rCLR,Veillonella atypica,0.0027585398880625557,0.0012774158471513888,44
OnlyMale,RandomForest,ThomasAM_2019_c,0.998015873015873,rCLR_Collinsella aerofaciens,rCLR,Collinsella aerofaciens,0.0026963407644919374,0.0007980073268585454,45
OnlyMale,RandomForest,ThomasAM_2019_c,0.998015873015873,rCLR_Coprobacter fastidiosus,rCLR,Coprobacter fastidiosus,0.0026874525259963436,-0.0019433973808684203,46
OnlyMale,RandomForest,ThomasAM_2019_c,0.998015873015873,rCLR_Streptococcus parasanguinis,rCLR,Streptococcus parasanguinis,0.0026440539858734314,0.0012345612500692658,47
OnlyMale,RandomForest,ThomasAM_2019_c,0.998015873015873,rCLR_Desulfovibrio piger,rCLR,Desulfovibrio piger,0.0026225731276323574,-0.0010048488516146968,48
OnlyMale,RandomForest,ThomasAM_2019_c,0.998015873015873,rCLR_[Eubacterium] siraeum,rCLR,[Eubacterium] siraeum,0.0025993565393386234,-0.0007889535616898845,49
OnlyMale,RandomForest,ThomasAM_2019_c,0.998015873015873,rCLR_Phocaeicola dorei,rCLR,Phocaeicola dorei,0.0025939673607373237,-0.001478236940328569,50
OnlyMale,RandomForest,ThomasAM_2019_c,0.998015873015873,rCLR_Alistipes finegoldii,rCLR,Alistipes finegoldii,0.0025320210018397837,-0.0007891016009009428,51
OnlyMale,RandomForest,ThomasAM_2019_c,0.998015873015873,rCLR_[Eubacterium] rectale,rCLR,[Eubacterium] rectale,0.0023227088475507507,0.00037903247306594055,52
OnlyMale,RandomForest,ThomasAM_2019_c,0.998015873015873,rCLR_Alistipes putredinis,rCLR,Alistipes putredinis,0.002275898727455931,-0.0009160877451817777,53
OnlyMale,RandomForest,ThomasAM_2019_c,0.998015873015873,rCLR_Roseburia hominis,rCLR,Roseburia hominis,0.002254359118571529,0.00016495516466915296,54
OnlyMale,RandomForest,ThomasAM_2019_c,0.998015873015873,rCLR_Alistipes shahii,rCLR,Alistipes shahii,0.002229399243398494,-9.581953842790611e-05,55
OnlyMale,RandomForest,ThomasAM_2019_c,0.998015873015873,rCLR_Acidaminococcus intestini,rCLR,Acidaminococcus intestini,0.0022261218917654373,-0.0005653809297023043,56
OnlyMale,RandomForest,ThomasAM_2019_c,0.998015873015873,rCLR_Adlercreutzia equolifaciens_1,rCLR,Adlercreutzia equolifaciens_1,0.0021853497479165135,-0.0009791539201529148,57
OnlyMale,RandomForest,ThomasAM_2019_c,0.998015873015873,rCLR_Anaerotignum lactatifermentans,rCLR,Anaerotignum lactatifermentans,0.0021562369270236685,0.001285943302335384,58
OnlyMale,RandomForest,ThomasAM_2019_c,0.998015873015873,rCLR_Blautia wexlerae,rCLR,Blautia wexlerae,0.002138421797938285,0.00048407036208363507,59
OnlyMale,RandomForest,ThomasAM_2019_c,0.998015873015873,rCLR_Dorea formicigenerans,rCLR,Dorea formicigenerans,0.002112382511866944,-0.0003504103693532879,60
OnlyMale,RandomForest,ThomasAM_2019_c,0.998015873015873,rCLR_Oscillibacter sp. CAG:241,rCLR,Oscillibacter sp. CAG:241,0.0020970778032971286,-0.0003343525563363346,61
OnlyMale,RandomForest,ThomasAM_2019_c,0.998015873015873,rCLR_Agathobaculum butyriciproducens,rCLR,Agathobaculum butyriciproducens,0.0020941479431338494,0.00023368447650177744,62
OnlyMale,RandomForest,ThomasAM_2019_c,0.998015873015873,rCLR_Proteobacteria bacterium CAG:139,rCLR,Proteobacteria bacterium CAG:139,0.0020236029246562524,-0.00048673010087873126,63
OnlyMale,RandomForest,ThomasAM_2019_c,0.998015873015873,rCLR_Veillonella parvula,rCLR,Veillonella parvula,0.0020233742914535315,0.00046804386690546226,64
OnlyMale,RandomForest,ThomasAM_2019_c,0.998015873015873,rCLR_Holdemanella biformis,rCLR,Holdemanella biformis,0.0020160895392387712,0.00013080007776326705,65
OnlyMale,RandomForest,ThomasAM_2019_c,0.998015873015873,rCLR_Gemmiger formicilis,rCLR,Gemmiger formicilis,0.001989307945250661,0.0012039436246145227,66
OnlyMale,RandomForest,ThomasAM_2019_c,0.998015873015873,rCLR_Streptococcus thermophilus,rCLR,Streptococcus thermophilus,0.001979628996863055,-6.500820782790239e-05,67
OnlyMale,RandomForest,ThomasAM_2019_c,0.998015873015873,rCLR_Ruminococcus bicirculans,rCLR,Ruminococcus bicirculans,0.0019420431903200413,0.0011235279598532186,68
OnlyMale,RandomForest,ThomasAM_2019_c,0.998015873015873,rCLR_Coprococcus comes,rCLR,Coprococcus comes,0.0018319932813761304,0.0014758250064691497,69
OnlyMale,RandomForest,ThomasAM_2019_c,0.998015873015873,rCLR_Bacteroides xylanisolvens,rCLR,Bacteroides xylanisolvens,0.0017675762596900497,-5.7293648141066474e-05,70
OnlyMale,RandomForest,ThomasAM_2019_c,0.998015873015873,rCLR_Prevotella copri,rCLR,Prevotella copri,0.0017555742654606946,0.0007127575726489253,71
OnlyMale,RandomForest,ThomasAM_2019_c,0.998015873015873,rCLR_Bacteroides sp. CAG:144,rCLR,Bacteroides sp. CAG:144,0.001745829237456206,-0.0001513672794366686,72
OnlyMale,RandomForest,ThomasAM_2019_c,0.998015873015873,rCLR_Enterocloster bolteae,rCLR,Enterocloster bolteae,0.001721753904314802,5.674902390817189e-05,73
OnlyMale,RandomForest,ThomasAM_2019_c,0.998015873015873,rCLR_Eubacterium sp. CAG:180,rCLR,Eubacterium sp. CAG:180,0.0017090426309141439,-0.000387375910543446,74
OnlyMale,RandomForest,ThomasAM_2019_c,0.998015873015873,rCLR_Gordonibacter pamelaeae,rCLR,Gordonibacter pamelaeae,0.0016995776355250424,0.0009552300525752795,75
OnlyMale,RandomForest,ThomasAM_2019_c,0.998015873015873,rCLR_Blautia sp. CAG:257,rCLR,Blautia sp. CAG:257,0.001670617522904112,-0.00043593229497676273,76
OnlyMale,RandomForest,ThomasAM_2019_c,0.998015873015873,rCLR_Phascolarctobacterium faecium,rCLR,Phascolarctobacterium faecium,0.0016545805748194374,9.856684338829382e-05,77
OnlyMale,RandomForest,ThomasAM_2019_c,0.998015873015873,rCLR_Adlercreutzia equolifaciens,rCLR,Adlercreutzia equolifaciens,0.0016473917143048481,-0.0009261519208378717,78
OnlyMale,RandomForest,ThomasAM_2019_c,0.998015873015873,rCLR_Bacteroides uniformis,rCLR,Bacteroides uniformis,0.0016308663119078029,-0.0002136900942746164,79
OnlyMale,RandomForest,ThomasAM_2019_c,0.998015873015873,rCLR_Lawsonibacter asaccharolyticus,rCLR,Lawsonibacter asaccharolyticus,0.0016047288039165565,0.00014227779723746174,80
OnlyMale,RandomForest,ThomasAM_2019_c,0.998015873015873,rCLR_Dorea longicatena,rCLR,Dorea longicatena,0.001586127820744007,-0.0002054879838809157,81
OnlyMale,RandomForest,ThomasAM_2019_c,0.998015873015873,PA_Collinsella aerofaciens,PA,Collinsella aerofaciens,0.0015498100211932635,-0.0003464051422814386,82
OnlyMale,RandomForest,ThomasAM_2019_c,0.998015873015873,rCLR_Erysipelatoclostridium ramosum,rCLR,Erysipelatoclostridium ramosum,0.0015434126779951063,0.00020091393589457703,83
OnlyMale,RandomForest,ThomasAM_2019_c,0.998015873015873,rCLR_Streptococcus salivarius,rCLR,Streptococcus salivarius,0.0015168973946500111,-0.00035089023348016253,84
OnlyMale,RandomForest,ThomasAM_2019_c,0.998015873015873,rCLR_Klebsiella pneumoniae,rCLR,Klebsiella pneumoniae,0.0015030579901586017,0.0008328994646414771,85
OnlyMale,RandomForest,ThomasAM_2019_c,0.998015873015873,rCLR_Barnesiella intestinihominis,rCLR,Barnesiella intestinihominis,0.0014855856928266133,0.0002121535912440382,86
OnlyMale,RandomForest,ThomasAM_2019_c,0.998015873015873,PA_Methanobrevibacter smithii,PA,Methanobrevibacter smithii,0.0014647092896413832,-0.00045832508404174864,87
OnlyMale,RandomForest,ThomasAM_2019_c,0.998015873015873,PA_Anaerotignum lactatifermentans,PA,Anaerotignum lactatifermentans,0.0014595325007063392,0.0006801667471531711,88
OnlyMale,RandomForest,ThomasAM_2019_c,0.998015873015873,rCLR_Klebsiella variicola,rCLR,Klebsiella variicola,0.0014587180905030993,-0.001220509639876434,89
OnlyMale,RandomForest,ThomasAM_2019_c,0.998015873015873,rCLR_Eggerthella lenta,rCLR,Eggerthella lenta,0.0014397179616107718,0.0003993066353739659,90
OnlyMale,RandomForest,ThomasAM_2019_c,0.998015873015873,rCLR_Parasutterella excrementihominis,rCLR,Parasutterella excrementihominis,0.0014133781016314106,0.0011396308637664622,91
OnlyMale,RandomForest,ThomasAM_2019_c,0.998015873015873,rCLR_Coprococcus eutactus,rCLR,Coprococcus eutactus,0.0014049916685478312,0.0007188117258409371,92
OnlyMale,RandomForest,ThomasAM_2019_c,0.998015873015873,rCLR_Firmicutes bacterium CAG:110,rCLR,Firmicutes bacterium CAG:110,0.0014009479913695622,-0.00011742030285635058,93
OnlyMale,RandomForest,ThomasAM_2019_c,0.998015873015873,rCLR_Eubacterium sp. CAG:274,rCLR,Eubacterium sp. CAG:274,0.0013946035814358154,-0.0005646074159159891,94
OnlyMale,RandomForest,ThomasAM_2019_c,0.998015873015873,rCLR_Bifidobacterium adolescentis,rCLR,Bifidobacterium adolescentis,0.0013275894038368363,0.00010638366090018128,95
OnlyMale,RandomForest,ThomasAM_2019_c,0.998015873015873,PA_Bacteroides sp. CAG:144,PA,Bacteroides sp. CAG:144,0.0012859160049897731,0.0004697595415620906,96
OnlyMale,RandomForest,ThomasAM_2019_c,0.998015873015873,rCLR_Roseburia inulinivorans,rCLR,Roseburia inulinivorans,0.0012690721058950343,-2.8956900770006902e-05,97
OnlyMale,RandomForest,ThomasAM_2019_c,0.998015873015873,rCLR_Firmicutes bacterium CAG:83,rCLR,Firmicutes bacterium CAG:83,0.0012332069020949653,-0.00024010844687671903,98
OnlyMale,RandomForest,ThomasAM_2019_c,0.998015873015873,PA_Escherichia coli,PA,Escherichia coli,0.001217405291438989,-9.403928991044244e-05,99
OnlyMale,RandomForest,ThomasAM_2019_c,0.998015873015873,PA_Bacteroides fragilis,PA,Bacteroides fragilis,0.0012054150351152293,-0.00022197798653945754,100
OnlyMale,RandomForest,ThomasAM_2019_c,0.998015873015873,rCLR_Phascolarctobacterium succinatutens,rCLR,Phascolarctobacterium succinatutens,0.0011966040139493879,0.0010219793482509898,101
OnlyMale,RandomForest,ThomasAM_2019_c,0.998015873015873,rCLR_Slackia isoflavoniconvertens,rCLR,Slackia isoflavoniconvertens,0.0011477805756059038,-0.0007386627313086352,102
OnlyMale,RandomForest,ThomasAM_2019_c,0.998015873015873,rCLR_Ruminococcus bromii,rCLR,Ruminococcus bromii,0.0011001214813824952,9.358993207727277e-05,103
OnlyMale,RandomForest,ThomasAM_2019_c,0.998015873015873,rCLR_[Ruminococcus] gnavus,rCLR,[Ruminococcus] gnavus,0.0010928647971946471,0.00013491790514226712,104
OnlyMale,RandomForest,ThomasAM_2019_c,0.998015873015873,rCLR_Alistipes inops,rCLR,Alistipes inops,0.0010762345407197766,0.0005132132663510752,105
OnlyMale,RandomForest,ThomasAM_2019_c,0.998015873015873,rCLR_Dialister invisus,rCLR,Dialister invisus,0.0010761984786591327,0.0007658093630294895,106
OnlyMale,RandomForest,ThomasAM_2019_c,0.998015873015873,PA_Akkermansia muciniphila,PA,Akkermansia muciniphila,0.0010538996000407346,-0.00031106131061014335,107
OnlyMale,RandomForest,ThomasAM_2019_c,0.998015873015873,PA_Blautia sp. CAG:257,PA,Blautia sp. CAG:257,0.0010324542501952145,-0.00012591853722425454,108
OnlyMale,RandomForest,ThomasAM_2019_c,0.998015873015873,rCLR_[Ruminococcus] lactaris,rCLR,[Ruminococcus] lactaris,0.0009683661742695361,-0.0007437089953218774,109
OnlyMale,RandomForest,ThomasAM_2019_c,0.998015873015873,rCLR_Bacteroides stercoris,rCLR,Bacteroides stercoris,0.0009522574318777384,0.0003142240136170103,110
OnlyMale,RandomForest,ThomasAM_2019_c,0.998015873015873,PA_Bifidobacterium bifidum,PA,Bifidobacterium bifidum,0.0009436748460952767,-4.660181401530042e-05,111
OnlyMale,RandomForest,ThomasAM_2019_c,0.998015873015873,PA_Bacteroides stercoris,PA,Bacteroides stercoris,0.0009389022185323539,4.371093872068946e-05,112
OnlyMale,RandomForest,ThomasAM_2019_c,0.998015873015873,rCLR_Megamonas funiformis,rCLR,Megamonas funiformis,0.0009361115753059038,-0.00041198017943103605,113
OnlyMale,RandomForest,ThomasAM_2019_c,0.998015873015873,rCLR_Bacteroides intestinalis,rCLR,Bacteroides intestinalis,0.0009193631071228309,-2.495502426965027e-05,114
OnlyMale,RandomForest,ThomasAM_2019_c,0.998015873015873,PA_Eubacterium sp. CAG:274,PA,Eubacterium sp. CAG:274,0.0009055608409682903,0.00043775288253792926,115
OnlyMale,RandomForest,ThomasAM_2019_c,0.998015873015873,rCLR_Bacteroides ovatus,rCLR,Bacteroides ovatus,0.0008848635993542493,0.00036113400330477186,116
OnlyMale,RandomForest,ThomasAM_2019_c,0.998015873015873,rCLR_Bacteroides eggerthii,rCLR,Bacteroides eggerthii,0.0008477660063959243,-0.00022340875568248775,117
OnlyMale,RandomForest,ThomasAM_2019_c,0.998015873015873,PA_Streptococcus thermophilus,PA,Streptococcus thermophilus,0.000843982931287978,-1.577646016056004e-05,118
OnlyMale,RandomForest,ThomasAM_2019_c,0.998015873015873,rCLR_Eubacterium ramulus,rCLR,Eubacterium ramulus,0.0008304015869188204,-9.740516265303882e-06,119
OnlyMale,RandomForest,ThomasAM_2019_c,0.998015873015873,PA_Roseburia intestinalis,PA,Roseburia intestinalis,0.00079135569043385,0.00034661118913763235,120
OnlyMale,RandomForest,ThomasAM_2019_c,0.998015873015873,PA_Clostridium sp. CAG:58,PA,Clostridium sp. CAG:58,0.0007634098513456069,-0.0003333647376639036,121
OnlyMale,RandomForest,ThomasAM_2019_c,0.998015873015873,PA_Veillonella atypica,PA,Veillonella atypica,0.0007537568812140843,0.0002966147272628767,122
OnlyMale,RandomForest,ThomasAM_2019_c,0.998015873015873,PA_Paraprevotella xylaniphila,PA,Paraprevotella xylaniphila,0.0007381582647174921,8.522198194651018e-05,123
OnlyMale,RandomForest,ThomasAM_2019_c,0.998015873015873,PA_Lachnospira eligens,PA,Lachnospira eligens,0.0007299672975703512,2.502822714737347e-05,124
OnlyMale,RandomForest,ThomasAM_2019_c,0.998015873015873,rCLR_Phocaeicola massiliensis,rCLR,Phocaeicola massiliensis,0.000717810816697071,0.00017576115762346682,125
OnlyMale,RandomForest,ThomasAM_2019_c,0.998015873015873,PA_Enterocloster bolteae,PA,Enterocloster bolteae,0.0006955156121584395,0.00025256953195491145,126
OnlyMale,RandomForest,ThomasAM_2019_c,0.998015873015873,PA_Klebsiella pneumoniae,PA,Klebsiella pneumoniae,0.0006891906781242585,3.1827088490922596e-05,127
OnlyMale,RandomForest,ThomasAM_2019_c,0.998015873015873,rCLR_Bacteroides finegoldii,rCLR,Bacteroides finegoldii,0.0006864373235545142,0.00037589299577293043,128
OnlyMale,RandomForest,ThomasAM_2019_c,0.998015873015873,PA_Megamonas funiformis,PA,Megamonas funiformis,0.0006205597873322167,0.00018177896710120468,129
OnlyMale,RandomForest,ThomasAM_2019_c,0.998015873015873,PA_Phascolarctobacterium faecium,PA,Phascolarctobacterium faecium,0.0006177778238943594,7.541297153806571e-05,130
OnlyMale,RandomForest,ThomasAM_2019_c,0.998015873015873,PA_Bacteroides salyersiae,PA,Bacteroides salyersiae,0.000605186506360723,1.773573066721654e-05,131
OnlyMale,RandomForest,ThomasAM_2019_c,0.998015873015873,PA_Ruminococcus bicirculans,PA,Ruminococcus bicirculans,0.0006032045820432898,0.0001027421036294374,132
OnlyMale,RandomForest,ThomasAM_2019_c,0.998015873015873,PA_Parabacteroides merdae,PA,Parabacteroides merdae,0.0005605474155946522,1.0991995076195049e-05,133
OnlyMale,RandomForest,ThomasAM_2019_c,0.998015873015873,PA_Veillonella parvula,PA,Veillonella parvula,0.0005573503420627473,0.00022979505460319507,134
OnlyMale,RandomForest,ThomasAM_2019_c,0.998015873015873,PA_Bacteroides caccae,PA,Bacteroides caccae,0.0005514504194863658,-0.00016186604616149424,135
OnlyMale,RandomForest,ThomasAM_2019_c,0.998015873015873,PA_Bacteroides cellulosilyticus,PA,Bacteroides cellulosilyticus,0.0005382450087715127,-9.372378668027574e-06,136
OnlyMale,RandomForest,ThomasAM_2019_c,0.998015873015873,PA_Coprococcus catus,PA,Coprococcus catus,0.0005380913012070278,-0.00012736467599257247,137
OnlyMale,RandomForest,ThomasAM_2019_c,0.998015873015873,rCLR_Intestinibacter bartlettii,rCLR,Intestinibacter bartlettii,0.0005373244728060501,-3.228041966701789e-05,138
OnlyMale,RandomForest,ThomasAM_2019_c,0.998015873015873,PA_Parabacteroides distasonis,PA,Parabacteroides distasonis,0.0005368705728367262,4.452629973297675e-05,139
OnlyMale,RandomForest,ThomasAM_2019_c,0.998015873015873,PA_Oscillibacter sp. CAG:241,PA,Oscillibacter sp. CAG:241,0.0004723318410363038,-0.0001180044362258074,140
OnlyMale,RandomForest,ThomasAM_2019_c,0.998015873015873,PA_Phocaeicola coprocola,PA,Phocaeicola coprocola,0.0004583928024392626,2.3188018575648637e-05,141
OnlyMale,RandomForest,ThomasAM_2019_c,0.998015873015873,PA_Eubacterium ramulus,PA,Eubacterium ramulus,0.0004538728044293414,0.00020917459533663,142
OnlyMale,RandomForest,ThomasAM_2019_c,0.998015873015873,PA_Fusicatenibacter saccharivorans,PA,Fusicatenibacter saccharivorans,0.00045214470735417114,7.278531861816209e-05,143
OnlyMale,RandomForest,ThomasAM_2019_c,0.998015873015873,PA_Desulfovibrio piger,PA,Desulfovibrio piger,0.0004451140571670897,1.2526342413472818e-05,144
OnlyMale,RandomForest,ThomasAM_2019_c,0.998015873015873,PA_Faecalibacterium prausnitzii,PA,Faecalibacterium prausnitzii,0.0004405294820212365,6.881015313067679e-05,145
OnlyMale,RandomForest,ThomasAM_2019_c,0.998015873015873,PA_Alistipes finegoldii,PA,Alistipes finegoldii,0.0004228727555645987,-6.862052992284609e-05,146
OnlyMale,RandomForest,ThomasAM_2019_c,0.998015873015873,PA_Phocaeicola plebeius,PA,Phocaeicola plebeius,0.0004201731373489764,-3.0214201030727305e-05,147
OnlyMale,RandomForest,ThomasAM_2019_c,0.998015873015873,PA_Ruthenibacterium lactatiformans,PA,Ruthenibacterium lactatiformans,0.00041608577360889777,-5.441369022695616e-05,148
OnlyMale,RandomForest,ThomasAM_2019_c,0.998015873015873,PA_Butyricimonas virosa,PA,Butyricimonas virosa,0.0004027699952513194,-5.565662434832058e-05,149
OnlyMale,RandomForest,ThomasAM_2019_c,0.998015873015873,PA_Lawsonibacter asaccharolyticus,PA,Lawsonibacter asaccharolyticus,0.00039697979458986515,-4.941849778903101e-06,150
OnlyMale,RandomForest,ThomasAM_2019_c,0.998015873015873,PA_Eubacterium sp. CAG:180,PA,Eubacterium sp. CAG:180,0.00039525485779790453,-2.699487515630345e-05,151
OnlyMale,RandomForest,ThomasAM_2019_c,0.998015873015873,PA_Eubacterium sp. CAG:251,PA,Eubacterium sp. CAG:251,0.0003948508139285566,0.00032375093643384326,152
OnlyMale,RandomForest,ThomasAM_2019_c,0.998015873015873,PA_Roseburia faecis,PA,Roseburia faecis,0.0003905077393843271,9.427275272745318e-05,153
OnlyMale,RandomForest,ThomasAM_2019_c,0.998015873015873,PA_[Eubacterium] siraeum,PA,[Eubacterium] siraeum,0.0003892093066647156,-0.0001704132337252999,154
OnlyMale,RandomForest,ThomasAM_2019_c,0.998015873015873,PA_Phascolarctobacterium succinatutens,PA,Phascolarctobacterium succinatutens,0.00038549882741811375,1.4254951837268786e-05,155
OnlyMale,RandomForest,ThomasAM_2019_c,0.998015873015873,PA_Firmicutes bacterium CAG:145,PA,Firmicutes bacterium CAG:145,0.0003821912184088752,7.727178038632509e-05,156
OnlyMale,RandomForest,ThomasAM_2019_c,0.998015873015873,PA_Agathobaculum butyriciproducens,PA,Agathobaculum butyriciproducens,0.00037306109054839614,0.00013432011131902307,157
OnlyMale,RandomForest,ThomasAM_2019_c,0.998015873015873,PA_Anaerobutyricum hallii,PA,Anaerobutyricum hallii,0.0003686958029976105,0.00021274162369438616,158
OnlyMale,RandomForest,ThomasAM_2019_c,0.998015873015873,PA_Eubacterium sp. CAG:38,PA,Eubacterium sp. CAG:38,0.00035297628039087823,0.00012191257837774051,159
OnlyMale,RandomForest,ThomasAM_2019_c,0.998015873015873,PA_[Eubacterium] rectale,PA,[Eubacterium] rectale,0.0003529033832632735,-0.00010953856988593522,160
OnlyMale,RandomForest,ThomasAM_2019_c,0.998015873015873,PA_Klebsiella quasipneumoniae,PA,Klebsiella quasipneumoniae,0.0003507411241009855,-1.1872095818574228e-05,161
OnlyMale,RandomForest,ThomasAM_2019_c,0.998015873015873,PA_Bacteroides eggerthii,PA,Bacteroides eggerthii,0.00031231650904967425,-1.5886009023075957e-05,162
OnlyMale,RandomForest,ThomasAM_2019_c,0.998015873015873,PA_Roseburia inulinivorans,PA,Roseburia inulinivorans,0.00030956283484557374,7.757966408256556e-05,163
OnlyMale,RandomForest,ThomasAM_2019_c,0.998015873015873,PA_Bacteroides intestinalis,PA,Bacteroides intestinalis,0.0003055276648144747,9.839311428744983e-05,164
OnlyMale,RandomForest,ThomasAM_2019_c,0.998015873015873,PA_Slackia isoflavoniconvertens,PA,Slackia isoflavoniconvertens,0.000293910571478423,-1.6009524599163164e-05,165
OnlyMale,RandomForest,ThomasAM_2019_c,0.998015873015873,PA_Prevotella copri,PA,Prevotella copri,0.00029197337527663855,-1.9635951776278732e-06,166
OnlyMale,RandomForest,ThomasAM_2019_c,0.998015873015873,PA_Dorea formicigenerans,PA,Dorea formicigenerans,0.0002859984559236651,-8.979386398024681e-05,167
OnlyMale,RandomForest,ThomasAM_2019_c,0.998015873015873,PA_Bacteroides ovatus,PA,Bacteroides ovatus,0.00028228869205928114,1.558274659445276e-05,168
OnlyMale,RandomForest,ThomasAM_2019_c,0.998015873015873,PA_Bifidobacterium adolescentis,PA,Bifidobacterium adolescentis,0.0002756196918621641,3.0620659366573665e-05,169
OnlyMale,RandomForest,ThomasAM_2019_c,0.998015873015873,PA_Erysipelatoclostridium ramosum,PA,Erysipelatoclostridium ramosum,0.00027341189128218335,0.00012510883720239844,170
OnlyMale,RandomForest,ThomasAM_2019_c,0.998015873015873,PA_Alistipes shahii,PA,Alistipes shahii,0.00027290112389301963,-3.8483589333790594e-05,171
OnlyMale,RandomForest,ThomasAM_2019_c,0.998015873015873,PA_Gemmiger formicilis,PA,Gemmiger formicilis,0.0002645471583056963,-7.815474698351057e-05,172
OnlyMale,RandomForest,ThomasAM_2019_c,0.998015873015873,PA_Holdemanella biformis,PA,Holdemanella biformis,0.0002640594746101665,2.685703576378574e-05,173
OnlyMale,RandomForest,ThomasAM_2019_c,0.998015873015873,PA_Bifidobacterium pseudocatenulatum,PA,Bifidobacterium pseudocatenulatum,0.0002533207467779201,-3.481425423287274e-05,174
OnlyMale,RandomForest,ThomasAM_2019_c,0.998015873015873,PA_Klebsiella variicola,PA,Klebsiella variicola,0.00024927953925056145,-3.617799583535616e-05,175
OnlyMale,RandomForest,ThomasAM_2019_c,0.998015873015873,PA_[Ruminococcus] lactaris,PA,[Ruminococcus] lactaris,0.0002480094561373709,-2.8345238374637464e-06,176
OnlyMale,RandomForest,ThomasAM_2019_c,0.998015873015873,PA_Dorea longicatena,PA,Dorea longicatena,0.00024085546440990408,9.49542459143467e-05,177
OnlyMale,RandomForest,ThomasAM_2019_c,0.998015873015873,PA_Parasutterella excrementihominis,PA,Parasutterella excrementihominis,0.00024050128729885095,5.9292124877559744e-05,178
OnlyMale,RandomForest,ThomasAM_2019_c,0.998015873015873,PA_Ruminococcus bromii,PA,Ruminococcus bromii,0.00023639604317478996,-5.970962390984217e-05,179
OnlyMale,RandomForest,ThomasAM_2019_c,0.998015873015873,PA_Blautia obeum,PA,Blautia obeum,0.0002356213715750907,2.1011609084954242e-05,180
OnlyMale,RandomForest,ThomasAM_2019_c,0.998015873015873,PA_Intestinibacter bartlettii,PA,Intestinibacter bartlettii,0.00023477906639811306,-9.132358533424637e-05,181
OnlyMale,RandomForest,ThomasAM_2019_c,0.998015873015873,PA_Barnesiella intestinihominis,PA,Barnesiella intestinihominis,0.00022914537567362338,-2.3715555094765437e-05,182
OnlyMale,RandomForest,ThomasAM_2019_c,0.998015873015873,PA_[Ruminococcus] torques,PA,[Ruminococcus] torques,0.00022406388528754633,-1.5332996057839207e-05,183
OnlyMale,RandomForest,ThomasAM_2019_c,0.998015873015873,PA_Bacteroides xylanisolvens,PA,Bacteroides xylanisolvens,0.00021339503480753615,7.766046726708281e-05,184
OnlyMale,RandomForest,ThomasAM_2019_c,0.998015873015873,PA_Lachnospira pectinoschiza,PA,Lachnospira pectinoschiza,0.00021024193350381134,7.769986183055945e-05,185
OnlyMale,RandomForest,ThomasAM_2019_c,0.998015873015873,PA_Acidaminococcus intestini,PA,Acidaminococcus intestini,0.00020865439303398102,-4.6102865627416924e-06,186
OnlyMale,RandomForest,ThomasAM_2019_c,0.998015873015873,PA_Bacteroides thetaiotaomicron,PA,Bacteroides thetaiotaomicron,0.00020406869968106435,6.166366788693644e-05,187
OnlyMale,RandomForest,ThomasAM_2019_c,0.998015873015873,PA_Proteobacteria bacterium CAG:139,PA,Proteobacteria bacterium CAG:139,0.00020369223267565625,9.995091104819786e-06,188
OnlyMale,RandomForest,ThomasAM_2019_c,0.998015873015873,PA_Streptococcus parasanguinis,PA,Streptococcus parasanguinis,0.0002021188167041836,9.844703302565942e-05,189
OnlyMale,RandomForest,ThomasAM_2019_c,0.998015873015873,PA_Blautia wexlerae,PA,Blautia wexlerae,0.0002018903714595088,6.205362156133205e-05,190
OnlyMale,RandomForest,ThomasAM_2019_c,0.998015873015873,PA_Eubacterium ventriosum,PA,Eubacterium ventriosum,0.0002001434524892329,-5.9580986562138416e-05,191
OnlyMale,RandomForest,ThomasAM_2019_c,0.998015873015873,PA_Phocaeicola vulgatus,PA,Phocaeicola vulgatus,0.00019028947242032493,-3.84254888912593e-07,192
OnlyMale,RandomForest,ThomasAM_2019_c,0.998015873015873,PA_Alistipes putredinis,PA,Alistipes putredinis,0.00018540294726336897,3.586689951443367e-06,193
OnlyMale,RandomForest,ThomasAM_2019_c,0.998015873015873,PA_Anaerostipes hadrus,PA,Anaerostipes hadrus,0.0001828386857568501,5.631990517291013e-05,194
OnlyMale,RandomForest,ThomasAM_2019_c,0.998015873015873,PA_Adlercreutzia equolifaciens_1,PA,Adlercreutzia equolifaciens_1,0.00018051547506573178,2.1753939298225283e-05,195
OnlyMale,RandomForest,ThomasAM_2019_c,0.998015873015873,PA_Eggerthella lenta,PA,Eggerthella lenta,0.00017771531740054934,-4.9176573969164906e-05,196
OnlyMale,RandomForest,ThomasAM_2019_c,0.998015873015873,PA_Odoribacter splanchnicus,PA,Odoribacter splanchnicus,0.0001770246228429193,-4.460899322109372e-05,197
OnlyMale,RandomForest,ThomasAM_2019_c,0.998015873015873,PA_Firmicutes bacterium CAG:83,PA,Firmicutes bacterium CAG:83,0.00017485635007802186,1.726199234108877e-05,198
OnlyMale,RandomForest,ThomasAM_2019_c,0.998015873015873,PA_Adlercreutzia equolifaciens,PA,Adlercreutzia equolifaciens,0.0001706915199321904,1.2817452646109106e-05,199
OnlyMale,RandomForest,ThomasAM_2019_c,0.998015873015873,PA_Coprococcus comes,PA,Coprococcus comes,0.0001689416248584812,3.25401698680974e-06,200
OnlyMale,RandomForest,ThomasAM_2019_c,0.998015873015873,PA_Dialister invisus,PA,Dialister invisus,0.0001638832644186877,3.354466373749527e-05,201
OnlyMale,RandomForest,ThomasAM_2019_c,0.998015873015873,PA_Roseburia hominis,PA,Roseburia hominis,0.00016366457674408996,5.02877524783688e-05,202
OnlyMale,RandomForest,ThomasAM_2019_c,0.998015873015873,PA_Oscillibacter sp. 57_20,PA,Oscillibacter sp. 57_20,0.00015501247975440124,0.00011964715213302558,203
OnlyMale,RandomForest,ThomasAM_2019_c,0.998015873015873,PA_Coprobacter fastidiosus,PA,Coprobacter fastidiosus,0.00015354955594691793,-2.67266977263362e-05,204
OnlyMale,RandomForest,ThomasAM_2019_c,0.998015873015873,PA_[Ruminococcus] gnavus,PA,[Ruminococcus] gnavus,0.00014999383670858242,2.839352807042897e-05,205
OnlyMale,RandomForest,ThomasAM_2019_c,0.998015873015873,PA_Gordonibacter pamelaeae,PA,Gordonibacter pamelaeae,0.00014840842564688383,-1.6942827306329184e-05,206
OnlyMale,RandomForest,ThomasAM_2019_c,0.998015873015873,PA_Firmicutes bacterium CAG:110,PA,Firmicutes bacterium CAG:110,0.00014772727986788744,5.585496822329883e-05,207
OnlyMale,RandomForest,ThomasAM_2019_c,0.998015873015873,PA_Flavonifractor plautii,PA,Flavonifractor plautii,0.00014631534435330149,9.876395674130965e-05,208
OnlyMale,RandomForest,ThomasAM_2019_c,0.998015873015873,PA_Phocaeicola dorei,PA,Phocaeicola dorei,0.00013928165594874527,3.720520018834746e-05,209
OnlyMale,RandomForest,ThomasAM_2019_c,0.998015873015873,PA_Alistipes inops,PA,Alistipes inops,0.00010831193846189583,1.6767825544452962e-05,210
OnlyMale,RandomForest,ThomasAM_2019_c,0.998015873015873,PA_Phocaeicola massiliensis,PA,Phocaeicola massiliensis,0.00010528436148900751,2.7036791261042565e-05,211
OnlyMale,RandomForest,ThomasAM_2019_c,0.998015873015873,PA_Bifidobacterium longum,PA,Bifidobacterium longum,0.00010080415772698308,1.1532994923325601e-05,212
OnlyMale,RandomForest,ThomasAM_2019_c,0.998015873015873,PA_Coprococcus eutactus,PA,Coprococcus eutactus,9.051273324688139e-05,-4.3400050489374086e-05,213
OnlyMale,RandomForest,ThomasAM_2019_c,0.998015873015873,PA_Bacteroides uniformis,PA,Bacteroides uniformis,7.98600761556287e-05,-6.222455218950975e-05,214
OnlyMale,RandomForest,ThomasAM_2019_c,0.998015873015873,PA_Bacteroides finegoldii,PA,Bacteroides finegoldii,6.721934412337088e-05,-2.627839194945311e-05,215
OnlyMale,RandomForest,VogtmannE_2016,0.6552227903579255,PA_Parvimonas micra,PA,Parvimonas micra,0.02853654575494459,-0.012268274861629175,1
OnlyMale,RandomForest,VogtmannE_2016,0.6552227903579255,rCLR_Roseburia intestinalis,rCLR,Roseburia intestinalis,0.01717680411590713,-0.005674495028569732,2
OnlyMale,RandomForest,VogtmannE_2016,0.6552227903579255,rCLR_Odoribacter splanchnicus,rCLR,Odoribacter splanchnicus,0.017052232606600975,0.014904988195059348,3
OnlyMale,RandomForest,VogtmannE_2016,0.6552227903579255,rCLR_Roseburia faecis,rCLR,Roseburia faecis,0.012772611990929569,-0.003521926872334537,4
OnlyMale,RandomForest,VogtmannE_2016,0.6552227903579255,rCLR_Parvimonas micra,rCLR,Parvimonas micra,0.012321634110822044,-0.006386554993445206,5
OnlyMale,RandomForest,VogtmannE_2016,0.6552227903579255,rCLR_Lachnospira pectinoschiza,rCLR,Lachnospira pectinoschiza,0.012180985002406603,-0.0020359059490811684,6
OnlyMale,RandomForest,VogtmannE_2016,0.6552227903579255,rCLR_Akkermansia muciniphila,rCLR,Akkermansia muciniphila,0.011179951797110845,0.006540319753166324,7
OnlyMale,RandomForest,VogtmannE_2016,0.6552227903579255,rCLR_Lachnospira eligens,rCLR,Lachnospira eligens,0.010499646906994061,-0.0032593307354802847,8
OnlyMale,RandomForest,VogtmannE_2016,0.6552227903579255,rCLR_Eubacterium sp. CAG:251,rCLR,Eubacterium sp. CAG:251,0.010244815342784078,0.00917156187801864,9
OnlyMale,RandomForest,VogtmannE_2016,0.6552227903579255,rCLR_Eubacterium ventriosum,rCLR,Eubacterium ventriosum,0.009864839714320082,-0.0043931685702085135,10
OnlyMale,RandomForest,VogtmannE_2016,0.6552227903579255,rCLR_Firmicutes bacterium CAG:145,rCLR,Firmicutes bacterium CAG:145,0.00857834276000009,-0.004522209705041665,11
OnlyMale,RandomForest,VogtmannE_2016,0.6552227903579255,rCLR_Bacteroides caccae,rCLR,Bacteroides caccae,0.00803605421636313,0.004518604774200882,12
OnlyMale,RandomForest,VogtmannE_2016,0.6552227903579255,rCLR_Eubacterium sp. CAG:38,rCLR,Eubacterium sp. CAG:38,0.007234619098932291,-0.004499359196309993,13
OnlyMale,RandomForest,VogtmannE_2016,0.6552227903579255,rCLR_Ruthenibacterium lactatiformans,rCLR,Ruthenibacterium lactatiformans,0.006879895037348246,0.0034433665498631635,14
OnlyMale,RandomForest,VogtmannE_2016,0.6552227903579255,rCLR_Oscillibacter sp. 57_20,rCLR,Oscillibacter sp. 57_20,0.006508021226131247,0.0037742083612395095,15
OnlyMale,RandomForest,VogtmannE_2016,0.6552227903579255,rCLR_Butyricimonas virosa,rCLR,Butyricimonas virosa,0.006098426076661308,0.0013823045673821525,16
OnlyMale,RandomForest,VogtmannE_2016,0.6552227903579255,rCLR_[Ruminococcus] torques,rCLR,[Ruminococcus] torques,0.005999079972633328,0.0017570800742821764,17
OnlyMale,RandomForest,VogtmannE_2016,0.6552227903579255,rCLR_Bacteroides cellulosilyticus,rCLR,Bacteroides cellulosilyticus,0.005684769348659153,0.0031817598483192336,18
OnlyMale,RandomForest,VogtmannE_2016,0.6552227903579255,rCLR_Alistipes putredinis,rCLR,Alistipes putredinis,0.005484219980926881,0.004750037345645118,19
OnlyMale,RandomForest,VogtmannE_2016,0.6552227903579255,rCLR_Fusicatenibacter saccharivorans,rCLR,Fusicatenibacter saccharivorans,0.005463434229708339,-0.0015986359148900003,20
OnlyMale,RandomForest,VogtmannE_2016,0.6552227903579255,rCLR_Bacteroides thetaiotaomicron,rCLR,Bacteroides thetaiotaomicron,0.005445962054790205,0.0010843112660318132,21
OnlyMale,RandomForest,VogtmannE_2016,0.6552227903579255,rCLR_Alistipes finegoldii,rCLR,Alistipes finegoldii,0.005279568077189893,0.0018423201233740952,22
OnlyMale,RandomForest,VogtmannE_2016,0.6552227903579255,rCLR_Clostridium sp. CAG:58,rCLR,Clostridium sp. CAG:58,0.005278022747089386,0.003064498841707182,23
OnlyMale,RandomForest,VogtmannE_2016,0.6552227903579255,rCLR_Oscillibacter sp. CAG:241,rCLR,Oscillibacter sp. CAG:241,0.005250705033128932,0.0023819270014811674,24
OnlyMale,RandomForest,VogtmannE_2016,0.6552227903579255,rCLR_Phocaeicola coprocola,rCLR,Phocaeicola coprocola,0.005149663794194665,-0.0024383579779015743,25
OnlyMale,RandomForest,VogtmannE_2016,0.6552227903579255,Age,covariate,Age,0.005107105110823717,-0.0003128702759307316,26
OnlyMale,RandomForest,VogtmannE_2016,0.6552227903579255,rCLR_Collinsella aerofaciens,rCLR,Collinsella aerofaciens,0.005018111648127604,-0.0009832243275589526,27
OnlyMale,RandomForest,VogtmannE_2016,0.6552227903579255,rCLR_Faecalibacterium prausnitzii,rCLR,Faecalibacterium prausnitzii,0.004863346577227563,-0.001782273667768208,28
OnlyMale,RandomForest,VogtmannE_2016,0.6552227903579255,rCLR_Methanobrevibacter smithii,rCLR,Methanobrevibacter smithii,0.004495565923054516,0.0019590131994701877,29
OnlyMale,RandomForest,VogtmannE_2016,0.6552227903579255,rCLR_Bacteroides salyersiae,rCLR,Bacteroides salyersiae,0.004372616542617947,0.00106690805837863,30
OnlyMale,RandomForest,VogtmannE_2016,0.6552227903579255,rCLR_Bifidobacterium pseudocatenulatum,rCLR,Bifidobacterium pseudocatenulatum,0.004200675255009276,0.00412136573570355,31
OnlyMale,RandomForest,VogtmannE_2016,0.6552227903579255,rCLR_[Eubacterium] rectale,rCLR,[Eubacterium] rectale,0.004170408888520964,-0.0012504763128246364,32
OnlyMale,RandomForest,VogtmannE_2016,0.6552227903579255,rCLR_[Eubacterium] siraeum,rCLR,[Eubacterium] siraeum,0.00409088019897885,0.0012201553261076826,33
OnlyMale,RandomForest,VogtmannE_2016,0.6552227903579255,rCLR_Coprococcus catus,rCLR,Coprococcus catus,0.0037841059707386065,-0.0009560921217043024,34
OnlyMale,RandomForest,VogtmannE_2016,0.6552227903579255,rCLR_Blautia obeum,rCLR,Blautia obeum,0.003750235853994324,0.00020441977630958675,35
OnlyMale,RandomForest,VogtmannE_2016,0.6552227903579255,rCLR_Coprobacter fastidiosus,rCLR,Coprobacter fastidiosus,0.003595330604150629,-0.0010123638724627764,36
OnlyMale,RandomForest,VogtmannE_2016,0.6552227903579255,rCLR_Flavonifractor plautii,rCLR,Flavonifractor plautii,0.0035793512716403597,-0.0005643630758005755,37
OnlyMale,RandomForest,VogtmannE_2016,0.6552227903579255,PA_Methanobrevibacter smithii,PA,Methanobrevibacter smithii,0.003458216590547485,0.0012704227131631364,38
OnlyMale,RandomForest,VogtmannE_2016,0.6552227903579255,PA_Streptococcus salivarius,PA,Streptococcus salivarius,0.0034564801626997452,-0.0013073103647268922,39
OnlyMale,RandomForest,VogtmannE_2016,0.6552227903579255,PA_Akkermansia muciniphila,PA,Akkermansia muciniphila,0.0033559871033168867,0.001549646256012941,40
OnlyMale,RandomForest,VogtmannE_2016,0.6552227903579255,rCLR_Parabacteroides distasonis,rCLR,Parabacteroides distasonis,0.0032462733893024965,0.001570903420994987,41
OnlyMale,RandomForest,VogtmannE_2016,0.6552227903579255,rCLR_Alistipes shahii,rCLR,Alistipes shahii,0.003074726350143903,0.002385821117891178,42
OnlyMale,RandomForest,VogtmannE_2016,0.6552227903579255,rCLR_Roseburia inulinivorans,rCLR,Roseburia inulinivorans,0.0030447890106648514,5.510033170098569e-05,43
OnlyMale,RandomForest,VogtmannE_2016,0.6552227903579255,rCLR_Anaerostipes hadrus,rCLR,Anaerostipes hadrus,0.002799797786332607,0.0006362321978738155,44
OnlyMale,RandomForest,VogtmannE_2016,0.6552227903579255,rCLR_Adlercreutzia equolifaciens_1,rCLR,Adlercreutzia equolifaciens_1,0.0027956596306404,0.0001533803474695541,45
OnlyMale,RandomForest,VogtmannE_2016,0.6552227903579255,rCLR_Dorea formicigenerans,rCLR,Dorea formicigenerans,0.0027935879518950005,-1.2587735485936353e-05,46
OnlyMale,RandomForest,VogtmannE_2016,0.6552227903579255,rCLR_Parabacteroides merdae,rCLR,Parabacteroides merdae,0.0027849367192318082,0.0009869204204218996,47
OnlyMale,RandomForest,VogtmannE_2016,0.6552227903579255,rCLR_Paraprevotella xylaniphila,rCLR,Paraprevotella xylaniphila,0.0027178469912106586,-0.0009053394859611642,48
OnlyMale,RandomForest,VogtmannE_2016,0.6552227903579255,PA_Collinsella aerofaciens,PA,Collinsella aerofaciens,0.002627999132826988,-0.0004534356224281071,49
OnlyMale,RandomForest,VogtmannE_2016,0.6552227903579255,rCLR_Anaerobutyricum hallii,rCLR,Anaerobutyricum hallii,0.0025844245266702067,0.0016121366438457312,50
OnlyMale,RandomForest,VogtmannE_2016,0.6552227903579255,rCLR_Anaerotignum lactatifermentans,rCLR,Anaerotignum lactatifermentans,0.0025830726291082274,0.0010264548510919298,51
OnlyMale,RandomForest,VogtmannE_2016,0.6552227903579255,rCLR_Bacteroides xylanisolvens,rCLR,Bacteroides xylanisolvens,0.0025750952047867773,-0.0002198547908628155,52
OnlyMale,RandomForest,VogtmannE_2016,0.6552227903579255,rCLR_Phocaeicola plebeius,rCLR,Phocaeicola plebeius,0.0025686288728895023,-0.0017426776637032987,53
OnlyMale,RandomForest,VogtmannE_2016,0.6552227903579255,rCLR_Agathobaculum butyriciproducens,rCLR,Agathobaculum butyriciproducens,0.002500834777282335,0.0010900004935360619,54
OnlyMale,RandomForest,VogtmannE_2016,0.6552227903579255,rCLR_Veillonella atypica,rCLR,Veillonella atypica,0.002450032826992839,0.0006245974606739494,55
OnlyMale,RandomForest,VogtmannE_2016,0.6552227903579255,rCLR_Proteobacteria bacterium CAG:139,rCLR,Proteobacteria bacterium CAG:139,0.0024451118196259715,-9.435191174466832e-05,56
OnlyMale,RandomForest,VogtmannE_2016,0.6552227903579255,rCLR_Bacteroides sp. CAG:144,rCLR,Bacteroides sp. CAG:144,0.002369163033642504,-0.0019066735380795954,57
OnlyMale,RandomForest,VogtmannE_2016,0.6552227903579255,rCLR_Acidaminococcus intestini,rCLR,Acidaminococcus intestini,0.0023498453154440365,-0.0001627654922738254,58
OnlyMale,RandomForest,VogtmannE_2016,0.6552227903579255,rCLR_Desulfovibrio piger,rCLR,Desulfovibrio piger,0.0023272117797547274,-0.0010684382724505828,59
OnlyMale,RandomForest,VogtmannE_2016,0.6552227903579255,rCLR_Bacteroides fragilis,rCLR,Bacteroides fragilis,0.002301065157806755,0.0015044492341689593,60
OnlyMale,RandomForest,VogtmannE_2016,0.6552227903579255,rCLR_Blautia wexlerae,rCLR,Blautia wexlerae,0.0022326244682040956,0.00036499264171033246,61
OnlyMale,RandomForest,VogtmannE_2016,0.6552227903579255,rCLR_Bifidobacterium longum,rCLR,Bifidobacterium longum,0.002224136891737441,0.0011509807014710928,62
OnlyMale,RandomForest,VogtmannE_2016,0.6552227903579255,rCLR_Escherichia coli,rCLR,Escherichia coli,0.0021815664518202186,-0.0002480962870799733,63
OnlyMale,RandomForest,VogtmannE_2016,0.6552227903579255,rCLR_Holdemanella biformis,rCLR,Holdemanella biformis,0.002162330990925407,0.000601751012240375,64
OnlyMale,RandomForest,VogtmannE_2016,0.6552227903579255,rCLR_Coprococcus comes,rCLR,Coprococcus comes,0.0021331942255539095,0.0003726088461398814,65
OnlyMale,RandomForest,VogtmannE_2016,0.6552227903579255,rCLR_Phocaeicola dorei,rCLR,Phocaeicola dorei,0.0021250448464875215,-0.001197024238659362,66
OnlyMale,RandomForest,VogtmannE_2016,0.6552227903579255,rCLR_Bifidobacterium bifidum,rCLR,Bifidobacterium bifidum,0.002105406178732553,0.001501582232833678,67
OnlyMale,RandomForest,VogtmannE_2016,0.6552227903579255,rCLR_Phascolarctobacterium faecium,rCLR,Phascolarctobacterium faecium,0.002070689726064246,0.0006933706919544418,68
OnlyMale,RandomForest,VogtmannE_2016,0.6552227903579255,rCLR_Gordonibacter pamelaeae,rCLR,Gordonibacter pamelaeae,0.0019569814593949635,0.0001281024245942105,69
OnlyMale,RandomForest,VogtmannE_2016,0.6552227903579255,rCLR_Veillonella parvula,rCLR,Veillonella parvula,0.001952640049958123,-0.0009247814590353155,70
OnlyMale,RandomForest,VogtmannE_2016,0.6552227903579255,rCLR_Prevotella copri,rCLR,Prevotella copri,0.001951775559801899,-0.00041082306541840804,71
OnlyMale,RandomForest,VogtmannE_2016,0.6552227903579255,rCLR_Firmicutes bacterium CAG:83,rCLR,Firmicutes bacterium CAG:83,0.001943252261102809,0.001014909504777182,72
OnlyMale,RandomForest,VogtmannE_2016,0.6552227903579255,rCLR_Dorea longicatena,rCLR,Dorea longicatena,0.0019091828384151012,2.1509761823846327e-05,73
OnlyMale,RandomForest,VogtmannE_2016,0.6552227903579255,rCLR_Lawsonibacter asaccharolyticus,rCLR,Lawsonibacter asaccharolyticus,0.0018735073104271373,0.00016624267283683742,74
OnlyMale,RandomForest,VogtmannE_2016,0.6552227903579255,rCLR_Eggerthella lenta,rCLR,Eggerthella lenta,0.0018496891414725293,3.1343117565300134e-05,75
OnlyMale,RandomForest,VogtmannE_2016,0.6552227903579255,rCLR_Klebsiella variicola,rCLR,Klebsiella variicola,0.001821904723440131,-0.0013362690111437315,76
OnlyMale,RandomForest,VogtmannE_2016,0.6552227903579255,rCLR_Barnesiella intestinihominis,rCLR,Barnesiella intestinihominis,0.0017856564970227184,0.001310801464083345,77
OnlyMale,RandomForest,VogtmannE_2016,0.6552227903579255,rCLR_Eubacterium sp. CAG:274,rCLR,Eubacterium sp. CAG:274,0.0017499814380541533,-0.0008620771653810267,78
OnlyMale,RandomForest,VogtmannE_2016,0.6552227903579255,rCLR_Blautia sp. CAG:257,rCLR,Blautia sp. CAG:257,0.0017256048035967596,-0.0002603069653127612,79
OnlyMale,RandomForest,VogtmannE_2016,0.6552227903579255,rCLR_Bacteroides eggerthii,rCLR,Bacteroides eggerthii,0.0017189237666722084,1.2147747501411696e-05,80
OnlyMale,RandomForest,VogtmannE_2016,0.6552227903579255,rCLR_Bacteroides stercoris,rCLR,Bacteroides stercoris,0.0017147462441652703,6.764223521727617e-05,81
OnlyMale,RandomForest,VogtmannE_2016,0.6552227903579255,rCLR_Gemmiger formicilis,rCLR,Gemmiger formicilis,0.001699295934743922,0.00017108757672025594,82
OnlyMale,RandomForest,VogtmannE_2016,0.6552227903579255,rCLR_Phascolarctobacterium succinatutens,rCLR,Phascolarctobacterium succinatutens,0.0016790586962410713,0.0010556114721663318,83
OnlyMale,RandomForest,VogtmannE_2016,0.6552227903579255,PA_Anaerotignum lactatifermentans,PA,Anaerotignum lactatifermentans,0.0016384020516416505,0.0002500423728876644,84
OnlyMale,RandomForest,VogtmannE_2016,0.6552227903579255,rCLR_Bifidobacterium adolescentis,rCLR,Bifidobacterium adolescentis,0.0015758124908013945,0.0010574205168983302,85
OnlyMale,RandomForest,VogtmannE_2016,0.6552227903579255,rCLR_Streptococcus salivarius,rCLR,Streptococcus salivarius,0.0015659979354669927,-0.00010773357293213376,86
OnlyMale,RandomForest,VogtmannE_2016,0.6552227903579255,rCLR_Roseburia hominis,rCLR,Roseburia hominis,0.001541402869493653,-0.00038651294218750834,87
OnlyMale,RandomForest,VogtmannE_2016,0.6552227903579255,PA_Firmicutes bacterium CAG:145,PA,Firmicutes bacterium CAG:145,0.0015249229770713545,0.0001616404457894898,88
OnlyMale,RandomForest,VogtmannE_2016,0.6552227903579255,rCLR_Erysipelatoclostridium ramosum,rCLR,Erysipelatoclostridium ramosum,0.001504090318626771,0.0003241841896934742,89
OnlyMale,RandomForest,VogtmannE_2016,0.6552227903579255,rCLR_Klebsiella pneumoniae,rCLR,Klebsiella pneumoniae,0.0014855584593886542,-0.0004939611765531224,90
OnlyMale,RandomForest,VogtmannE_2016,0.6552227903579255,PA_Bifidobacterium pseudocatenulatum,PA,Bifidobacterium pseudocatenulatum,0.0014685282672664804,0.0008005636436479518,91
OnlyMale,RandomForest,VogtmannE_2016,0.6552227903579255,rCLR_Adlercreutzia equolifaciens,rCLR,Adlercreutzia equolifaciens,0.0013814259446416485,0.0006035793366076155,92
OnlyMale,RandomForest,VogtmannE_2016,0.6552227903579255,rCLR_[Ruminococcus] gnavus,rCLR,[Ruminococcus] gnavus,0.001381063514784976,0.0006446879229882942,93
OnlyMale,RandomForest,VogtmannE_2016,0.6552227903579255,rCLR_Firmicutes bacterium CAG:110,rCLR,Firmicutes bacterium CAG:110,0.001340186207582377,-0.00032992993562335464,94
OnlyMale,RandomForest,VogtmannE_2016,0.6552227903579255,rCLR_Bacteroides uniformis,rCLR,Bacteroides uniformis,0.0013261318918093988,-0.00015826380716684924,95
OnlyMale,RandomForest,VogtmannE_2016,0.6552227903579255,rCLR_Slackia isoflavoniconvertens,rCLR,Slackia isoflavoniconvertens,0.0013038204566332336,-0.0001019537472211893,96
OnlyMale,RandomForest,VogtmannE_2016,0.6552227903579255,rCLR_Bacteroides ovatus,rCLR,Bacteroides ovatus,0.001285881624183078,0.00014571701798905156,97
OnlyMale,RandomForest,VogtmannE_2016,0.6552227903579255,rCLR_Ruminococcus bicirculans,rCLR,Ruminococcus bicirculans,0.0011809255740293974,0.00031787101058371935,98
OnlyMale,RandomForest,VogtmannE_2016,0.6552227903579255,rCLR_Dialister invisus,rCLR,Dialister invisus,0.0011713850774749534,0.0006705846056585049,99
OnlyMale,RandomForest,VogtmannE_2016,0.6552227903579255,rCLR_Klebsiella quasipneumoniae,rCLR,Klebsiella quasipneumoniae,0.0011611401825505172,0.00014486709076951416,100
OnlyMale,RandomForest,VogtmannE_2016,0.6552227903579255,rCLR_Phocaeicola vulgatus,rCLR,Phocaeicola vulgatus,0.0011322190937650748,-6.62187487713435e-05,101
OnlyMale,RandomForest,VogtmannE_2016,0.6552227903579255,rCLR_Bacteroides finegoldii,rCLR,Bacteroides finegoldii,0.0011295186199684567,0.000853496335921389,102
OnlyMale,RandomForest,VogtmannE_2016,0.6552227903579255,rCLR_Streptococcus thermophilus,rCLR,Streptococcus thermophilus,0.0011090933809112585,0.0008053816084987658,103
OnlyMale,RandomForest,VogtmannE_2016,0.6552227903579255,rCLR_Eubacterium sp. CAG:180,rCLR,Eubacterium sp. CAG:180,0.0010723069478346871,1.7945911691182307e-05,104
OnlyMale,RandomForest,VogtmannE_2016,0.6552227903579255,rCLR_Streptococcus parasanguinis,rCLR,Streptococcus parasanguinis,0.0010503778442376892,0.0001438605912347626,105
OnlyMale,RandomForest,VogtmannE_2016,0.6552227903579255,rCLR_Phocaeicola massiliensis,rCLR,Phocaeicola massiliensis,0.0009891273576185704,0.00021823553423847884,106
OnlyMale,RandomForest,VogtmannE_2016,0.6552227903579255,rCLR_Enterocloster bolteae,rCLR,Enterocloster bolteae,0.0009670511638894744,0.0002922720353336921,107
OnlyMale,RandomForest,VogtmannE_2016,0.6552227903579255,rCLR_Ruminococcus bromii,rCLR,Ruminococcus bromii,0.0009642648931306375,0.00019795342581984678,108
OnlyMale,RandomForest,VogtmannE_2016,0.6552227903579255,rCLR_Intestinibacter bartlettii,rCLR,Intestinibacter bartlettii,0.0009489856010108452,0.00036496306059155683,109
OnlyMale,RandomForest,VogtmannE_2016,0.6552227903579255,rCLR_Alistipes inops,rCLR,Alistipes inops,0.0009197694363622411,-0.00017052411510187098,110
OnlyMale,RandomForest,VogtmannE_2016,0.6552227903579255,rCLR_[Ruminococcus] lactaris,rCLR,[Ruminococcus] lactaris,0.0009158680623940218,0.00018000646990480032,111
OnlyMale,RandomForest,VogtmannE_2016,0.6552227903579255,PA_Clostridium sp. CAG:58,PA,Clostridium sp. CAG:58,0.0008939585323148201,0.0006135149907364165,112
OnlyMale,RandomForest,VogtmannE_2016,0.6552227903579255,PA_Veillonella parvula,PA,Veillonella parvula,0.0008532061728331111,9.065921878318657e-05,113
OnlyMale,RandomForest,VogtmannE_2016,0.6552227903579255,rCLR_Bacteroides intestinalis,rCLR,Bacteroides intestinalis,0.0008424026868756405,9.889197635339183e-06,114
OnlyMale,RandomForest,VogtmannE_2016,0.6552227903579255,PA_Eubacterium sp. CAG:274,PA,Eubacterium sp. CAG:274,0.0008250587359440412,9.570373761709536e-05,115
OnlyMale,RandomForest,VogtmannE_2016,0.6552227903579255,PA_Enterocloster bolteae,PA,Enterocloster bolteae,0.000815883488940079,0.00025874888393219474,116
OnlyMale,RandomForest,VogtmannE_2016,0.6552227903579255,rCLR_Coprococcus eutactus,rCLR,Coprococcus eutactus,0.0008128266620369946,-0.00030525521986003175,117
OnlyMale,RandomForest,VogtmannE_2016,0.6552227903579255,rCLR_Parasutterella excrementihominis,rCLR,Parasutterella excrementihominis,0.000792989856462432,0.00022260179508209872,118
OnlyMale,RandomForest,VogtmannE_2016,0.6552227903579255,PA_Eubacterium sp. CAG:251,PA,Eubacterium sp. CAG:251,0.0007674113854724018,-0.00017936453118894092,119
OnlyMale,RandomForest,VogtmannE_2016,0.6552227903579255,PA_Coprococcus catus,PA,Coprococcus catus,0.0007600509678165343,0.00027853111278137326,120
OnlyMale,RandomForest,VogtmannE_2016,0.6552227903579255,PA_Eubacterium sp. CAG:180,PA,Eubacterium sp. CAG:180,0.0007592260857466115,0.00016627352490115955,121
OnlyMale,RandomForest,VogtmannE_2016,0.6552227903579255,PA_Streptococcus thermophilus,PA,Streptococcus thermophilus,0.0007537887276470523,0.0005326974136422472,122
OnlyMale,RandomForest,VogtmannE_2016,0.6552227903579255,PA_Roseburia intestinalis,PA,Roseburia intestinalis,0.0007522587731115015,-0.0004338183117561378,123
OnlyMale,RandomForest,VogtmannE_2016,0.6552227903579255,PA_Blautia sp. CAG:257,PA,Blautia sp. CAG:257,0.0007499014038976198,-6.0100742576323555e-05,124
OnlyMale,RandomForest,VogtmannE_2016,0.6552227903579255,PA_Bifidobacterium bifidum,PA,Bifidobacterium bifidum,0.000737367600266435,0.00035547796920585407,125
OnlyMale,RandomForest,VogtmannE_2016,0.6552227903579255,rCLR_Eubacterium ramulus,rCLR,Eubacterium ramulus,0.0007019629646354897,1.0078846309335323e-05,126
OnlyMale,RandomForest,VogtmannE_2016,0.6552227903579255,PA_Megamonas funiformis,PA,Megamonas funiformis,0.0006864073028958814,-0.00035804236266023245,127
OnlyMale,RandomForest,VogtmannE_2016,0.6552227903579255,PA_Bacteroides cellulosilyticus,PA,Bacteroides cellulosilyticus,0.0006743585340171442,0.00034464902491631227,128
OnlyMale,RandomForest,VogtmannE_2016,0.6552227903579255,PA_[Eubacterium] siraeum,PA,[Eubacterium] siraeum,0.0006128036637653115,0.00044734891251427896,129
OnlyMale,RandomForest,VogtmannE_2016,0.6552227903579255,PA_Butyricimonas virosa,PA,Butyricimonas virosa,0.0005899890540265812,0.00019612931790451805,130
OnlyMale,RandomForest,VogtmannE_2016,0.6552227903579255,PA_Klebsiella pneumoniae,PA,Klebsiella pneumoniae,0.0005729801873794072,-0.0001466792402475035,131
OnlyMale,RandomForest,VogtmannE_2016,0.6552227903579255,PA_Bacteroides sp. CAG:144,PA,Bacteroides sp. CAG:144,0.0005433171772663706,-0.0002644136133819181,132
OnlyMale,RandomForest,VogtmannE_2016,0.6552227903579255,PA_Bacteroides stercoris,PA,Bacteroides stercoris,0.0005416570831769813,0.0002181088361998585,133
OnlyMale,RandomForest,VogtmannE_2016,0.6552227903579255,PA_Bacteroides salyersiae,PA,Bacteroides salyersiae,0.000481772530268461,0.0001328709803421365,134
OnlyMale,RandomForest,VogtmannE_2016,0.6552227903579255,PA_Holdemanella biformis,PA,Holdemanella biformis,0.0004583866249354801,0.00016585452401267817,135
OnlyMale,RandomForest,VogtmannE_2016,0.6552227903579255,rCLR_Megamonas funiformis,rCLR,Megamonas funiformis,0.00045711579823901435,-8.726255110041504e-06,136
OnlyMale,RandomForest,VogtmannE_2016,0.6552227903579255,PA_Ruminococcus bicirculans,PA,Ruminococcus bicirculans,0.0004545436663315232,8.41018089063443e-05,137
OnlyMale,RandomForest,VogtmannE_2016,0.6552227903579255,PA_Parabacteroides distasonis,PA,Parabacteroides distasonis,0.00044585225391192984,0.00015748635813790093,138
OnlyMale,RandomForest,VogtmannE_2016,0.6552227903579255,PA_Parabacteroides merdae,PA,Parabacteroides merdae,0.0004199248899665766,7.43262342253023e-05,139
OnlyMale,RandomForest,VogtmannE_2016,0.6552227903579255,PA_Oscillibacter sp. CAG:241,PA,Oscillibacter sp. CAG:241,0.00041882937977397064,0.00020654820030397057,140
OnlyMale,RandomForest,VogtmannE_2016,0.6552227903579255,PA_Lachnospira eligens,PA,Lachnospira eligens,0.00041656666500434315,-0.00015089616913770078,141
OnlyMale,RandomForest,VogtmannE_2016,0.6552227903579255,PA_Bacteroides caccae,PA,Bacteroides caccae,0.00041258474303780974,5.9346039347385665e-05,142
OnlyMale,RandomForest,VogtmannE_2016,0.6552227903579255,PA_Bacteroides fragilis,PA,Bacteroides fragilis,0.00040530238914416206,0.0002646675474214415,143
OnlyMale,RandomForest,VogtmannE_2016,0.6552227903579255,PA_Acidaminococcus intestini,PA,Acidaminococcus intestini,0.00039099855806373453,0.00021407106715938507,144
OnlyMale,RandomForest,VogtmannE_2016,0.6552227903579255,PA_Veillonella atypica,PA,Veillonella atypica,0.00038899906119497406,0.00010127524773454399,145
OnlyMale,RandomForest,VogtmannE_2016,0.6552227903579255,PA_Escherichia coli,PA,Escherichia coli,0.00037768041445353006,8.515326060081201e-05,146
OnlyMale,RandomForest,VogtmannE_2016,0.6552227903579255,PA_Paraprevotella xylaniphila,PA,Paraprevotella xylaniphila,0.00036591000580193695,-3.051926591223741e-05,147
OnlyMale,RandomForest,VogtmannE_2016,0.6552227903579255,PA_Alistipes shahii,PA,Alistipes shahii,0.0003503217983726577,0.0002045233117658347,148
OnlyMale,RandomForest,VogtmannE_2016,0.6552227903579255,PA_Erysipelatoclostridium ramosum,PA,Erysipelatoclostridium ramosum,0.000349759824360434,0.00011632198962558226,149
OnlyMale,RandomForest,VogtmannE_2016,0.6552227903579255,PA_Firmicutes bacterium CAG:83,PA,Firmicutes bacterium CAG:83,0.0003409079467700453,9.556146554360084e-05,150
OnlyMale,RandomForest,VogtmannE_2016,0.6552227903579255,PA_Bifidobacterium adolescentis,PA,Bifidobacterium adolescentis,0.0003322763871154143,6.97629475568076e-05,151
OnlyMale,RandomForest,VogtmannE_2016,0.6552227903579255,PA_Roseburia faecis,PA,Roseburia faecis,0.0003279443084902309,-8.005654105468537e-05,152
OnlyMale,RandomForest,VogtmannE_2016,0.6552227903579255,PA_Prevotella copri,PA,Prevotella copri,0.0003244040427481048,0.00010390517325124002,153
OnlyMale,RandomForest,VogtmannE_2016,0.6552227903579255,PA_Bacteroides intestinalis,PA,Bacteroides intestinalis,0.00030895545968809296,6.709769423145811e-05,154
OnlyMale,RandomForest,VogtmannE_2016,0.6552227903579255,PA_[Ruminococcus] torques,PA,[Ruminococcus] torques,0.0003058252059415503,0.00010132005026164425,155
OnlyMale,RandomForest,VogtmannE_2016,0.6552227903579255,PA_Proteobacteria bacterium CAG:139,PA,Proteobacteria bacterium CAG:139,0.00030054842083185974,9.758028329378567e-05,156
OnlyMale,RandomForest,VogtmannE_2016,0.6552227903579255,PA_Coprobacter fastidiosus,PA,Coprobacter fastidiosus,0.00029543583709997455,2.7321365737297694e-05,157
OnlyMale,RandomForest,VogtmannE_2016,0.6552227903579255,PA_Phascolarctobacterium succinatutens,PA,Phascolarctobacterium succinatutens,0.000294509804045537,-2.2388876353066913e-05,158
OnlyMale,RandomForest,VogtmannE_2016,0.6552227903579255,PA_Eubacterium sp. CAG:38,PA,Eubacterium sp. CAG:38,0.00029286498363008325,2.3830497120459293e-05,159
OnlyMale,RandomForest,VogtmannE_2016,0.6552227903579255,PA_Parasutterella excrementihominis,PA,Parasutterella excrementihominis,0.0002698744344347786,5.069163547132564e-06,160
OnlyMale,RandomForest,VogtmannE_2016,0.6552227903579255,PA_Bacteroides ovatus,PA,Bacteroides ovatus,0.0002687925395667774,2.3367202566389443e-06,161
OnlyMale,RandomForest,VogtmannE_2016,0.6552227903579255,PA_Lawsonibacter asaccharolyticus,PA,Lawsonibacter asaccharolyticus,0.0002642374968427168,0.00021154933492929166,162
OnlyMale,RandomForest,VogtmannE_2016,0.6552227903579255,PA_Gemmiger formicilis,PA,Gemmiger formicilis,0.0002601242265512069,0.00016281594645930393,163
OnlyMale,RandomForest,VogtmannE_2016,0.6552227903579255,PA_Phocaeicola plebeius,PA,Phocaeicola plebeius,0.0002477131581894966,-6.993279048881965e-05,164
OnlyMale,RandomForest,VogtmannE_2016,0.6552227903579255,PA_Slackia isoflavoniconvertens,PA,Slackia isoflavoniconvertens,0.0002448364646199916,-7.482630044301485e-05,165
OnlyMale,RandomForest,VogtmannE_2016,0.6552227903579255,PA_Phocaeicola coprocola,PA,Phocaeicola coprocola,0.00024319836251869963,-0.0001537044952233974,166
OnlyMale,RandomForest,VogtmannE_2016,0.6552227903579255,PA_Eggerthella lenta,PA,Eggerthella lenta,0.00024286292264470968,7.457342456161922e-05,167
OnlyMale,RandomForest,VogtmannE_2016,0.6552227903579255,PA_Desulfovibrio piger,PA,Desulfovibrio piger,0.00024182299495136887,0.00013900950118551808,168
OnlyMale,RandomForest,VogtmannE_2016,0.6552227903579255,PA_Eubacterium ventriosum,PA,Eubacterium ventriosum,0.00023938303685341701,0.00014200914736621156,169
OnlyMale,RandomForest,VogtmannE_2016,0.6552227903579255,PA_Anaerobutyricum hallii,PA,Anaerobutyricum hallii,0.00023720146208403966,0.00011139836823591043,170
OnlyMale,RandomForest,VogtmannE_2016,0.6552227903579255,PA_Phascolarctobacterium faecium,PA,Phascolarctobacterium faecium,0.0002356673018291755,1.4585417216273174e-05,171
OnlyMale,RandomForest,VogtmannE_2016,0.6552227903579255,PA_Dorea formicigenerans,PA,Dorea formicigenerans,0.0002343125620670776,0.00012177547923897665,172
OnlyMale,RandomForest,VogtmannE_2016,0.6552227903579255,PA_[Ruminococcus] gnavus,PA,[Ruminococcus] gnavus,0.0002328290792047239,8.490499173754557e-05,173
OnlyMale,RandomForest,VogtmannE_2016,0.6552227903579255,PA_Bifidobacterium longum,PA,Bifidobacterium longum,0.0002313295839563749,7.29931755482451e-05,174
OnlyMale,RandomForest,VogtmannE_2016,0.6552227903579255,PA_Coprococcus eutactus,PA,Coprococcus eutactus,0.000229933697394663,5.246105740151545e-05,175
OnlyMale,RandomForest,VogtmannE_2016,0.6552227903579255,PA_Alistipes inops,PA,Alistipes inops,0.0002287008451136489,8.696362968774527e-05,176
OnlyMale,RandomForest,VogtmannE_2016,0.6552227903579255,PA_Firmicutes bacterium CAG:110,PA,Firmicutes bacterium CAG:110,0.00022357533627603276,0.00010593356518279173,177
OnlyMale,RandomForest,VogtmannE_2016,0.6552227903579255,PA_Anaerostipes hadrus,PA,Anaerostipes hadrus,0.00022227413334563922,-3.707011776070337e-05,178
OnlyMale,RandomForest,VogtmannE_2016,0.6552227903579255,PA_Phocaeicola massiliensis,PA,Phocaeicola massiliensis,0.00022121909403029268,2.154108032346475e-05,179
OnlyMale,RandomForest,VogtmannE_2016,0.6552227903579255,PA_Bacteroides xylanisolvens,PA,Bacteroides xylanisolvens,0.00021575794002386687,3.742211807838306e-05,180
OnlyMale,RandomForest,VogtmannE_2016,0.6552227903579255,PA_Intestinibacter bartlettii,PA,Intestinibacter bartlettii,0.00021481087905684843,6.853227224393912e-05,181
OnlyMale,RandomForest,VogtmannE_2016,0.6552227903579255,PA_Ruminococcus bromii,PA,Ruminococcus bromii,0.00021030081259238383,8.63103329329885e-05,182
OnlyMale,RandomForest,VogtmannE_2016,0.6552227903579255,PA_Lachnospira pectinoschiza,PA,Lachnospira pectinoschiza,0.00020099576996969706,-5.4629089471180825e-06,183
OnlyMale,RandomForest,VogtmannE_2016,0.6552227903579255,PA_Oscillibacter sp. 57_20,PA,Oscillibacter sp. 57_20,0.00020024960033409296,8.046201243146134e-05,184
OnlyMale,RandomForest,VogtmannE_2016,0.6552227903579255,PA_Adlercreutzia equolifaciens,PA,Adlercreutzia equolifaciens,0.0001930195822119333,-4.1460210363360425e-05,185
OnlyMale,RandomForest,VogtmannE_2016,0.6552227903579255,PA_Bacteroides finegoldii,PA,Bacteroides finegoldii,0.0001930062230079753,2.536416487985403e-05,186
OnlyMale,RandomForest,VogtmannE_2016,0.6552227903579255,PA_Gordonibacter pamelaeae,PA,Gordonibacter pamelaeae,0.00019180747897821316,2.425253144481556e-05,187
OnlyMale,RandomForest,VogtmannE_2016,0.6552227903579255,PA_Adlercreutzia equolifaciens_1,PA,Adlercreutzia equolifaciens_1,0.0001909329588199787,5.358862554315236e-05,188
OnlyMale,RandomForest,VogtmannE_2016,0.6552227903579255,PA_Bacteroides thetaiotaomicron,PA,Bacteroides thetaiotaomicron,0.00018681236972010876,4.2213627315824324e-05,189
OnlyMale,RandomForest,VogtmannE_2016,0.6552227903579255,PA_Phocaeicola dorei,PA,Phocaeicola dorei,0.00018326842102540093,3.597533647265065e-05,190
OnlyMale,RandomForest,VogtmannE_2016,0.6552227903579255,PA_Alistipes finegoldii,PA,Alistipes finegoldii,0.0001781722578856483,0.0001686439653327543,191
OnlyMale,RandomForest,VogtmannE_2016,0.6552227903579255,PA_Bacteroides eggerthii,PA,Bacteroides eggerthii,0.00017809512015030696,1.3619583315083542e-06,192
OnlyMale,RandomForest,VogtmannE_2016,0.6552227903579255,PA_Klebsiella quasipneumoniae,PA,Klebsiella quasipneumoniae,0.0001662790045545752,-9.595718487135091e-05,193
OnlyMale,RandomForest,VogtmannE_2016,0.6552227903579255,PA_[Ruminococcus] lactaris,PA,[Ruminococcus] lactaris,0.00016603894458669881,-8.468806103526954e-05,194
OnlyMale,RandomForest,VogtmannE_2016,0.6552227903579255,PA_Ruthenibacterium lactatiformans,PA,Ruthenibacterium lactatiformans,0.00016425008996771956,0.00012865196292010948,195
OnlyMale,RandomForest,VogtmannE_2016,0.6552227903579255,PA_Odoribacter splanchnicus,PA,Odoribacter splanchnicus,0.00016407562801687753,4.6740200234655906e-05,196
OnlyMale,RandomForest,VogtmannE_2016,0.6552227903579255,PA_Coprococcus comes,PA,Coprococcus comes,0.00016313349045819048,9.87596457245279e-05,197
OnlyMale,RandomForest,VogtmannE_2016,0.6552227903579255,PA_Fusicatenibacter saccharivorans,PA,Fusicatenibacter saccharivorans,0.0001572726735936512,5.6620129824678375e-05,198
OnlyMale,RandomForest,VogtmannE_2016,0.6552227903579255,PA_Faecalibacterium prausnitzii,PA,Faecalibacterium prausnitzii,0.00015366930287400276,-0.00015116214905483246,199
OnlyMale,RandomForest,VogtmannE_2016,0.6552227903579255,PA_Barnesiella intestinihominis,PA,Barnesiella intestinihominis,0.00014031032466827262,1.2428519237677387e-05,200
OnlyMale,RandomForest,VogtmannE_2016,0.6552227903579255,PA_Streptococcus parasanguinis,PA,Streptococcus parasanguinis,0.0001385369882388639,7.761224214815799e-05,201
OnlyMale,RandomForest,VogtmannE_2016,0.6552227903579255,PA_Roseburia hominis,PA,Roseburia hominis,0.00013474599883389753,7.461952264648722e-05,202
OnlyMale,RandomForest,VogtmannE_2016,0.6552227903579255,PA_Blautia obeum,PA,Blautia obeum,0.00013434608805202542,2.9019203036248826e-06,203
OnlyMale,RandomForest,VogtmannE_2016,0.6552227903579255,PA_Alistipes putredinis,PA,Alistipes putredinis,0.00013426813994089218,1.869229806124616e-05,204
OnlyMale,RandomForest,VogtmannE_2016,0.6552227903579255,PA_Eubacterium ramulus,PA,Eubacterium ramulus,0.00013340681704334032,9.132398885389134e-06,205
OnlyMale,RandomForest,VogtmannE_2016,0.6552227903579255,PA_Dialister invisus,PA,Dialister invisus,0.0001233328526135686,3.09880650370595e-05,206
OnlyMale,RandomForest,VogtmannE_2016,0.6552227903579255,PA_Klebsiella variicola,PA,Klebsiella variicola,0.00012038571479136479,-5.3246356585761554e-05,207
OnlyMale,RandomForest,VogtmannE_2016,0.6552227903579255,PA_Roseburia inulinivorans,PA,Roseburia inulinivorans,0.00011121738730571933,3.697810289512368e-05,208
OnlyMale,RandomForest,VogtmannE_2016,0.6552227903579255,PA_Flavonifractor plautii,PA,Flavonifractor plautii,0.00010878972624682199,-4.38757524427474e-05,209
OnlyMale,RandomForest,VogtmannE_2016,0.6552227903579255,PA_[Eubacterium] rectale,PA,[Eubacterium] rectale,0.00010685535154545844,7.878824035990871e-05,210
OnlyMale,RandomForest,VogtmannE_2016,0.6552227903579255,PA_Dorea longicatena,PA,Dorea longicatena,8.981847130181736e-05,1.138047363147293e-05,211
OnlyMale,RandomForest,VogtmannE_2016,0.6552227903579255,PA_Blautia wexlerae,PA,Blautia wexlerae,8.776679359550006e-05,8.880848667332918e-06,212
OnlyMale,RandomForest,VogtmannE_2016,0.6552227903579255,PA_Phocaeicola vulgatus,PA,Phocaeicola vulgatus,7.675197528774982e-05,-7.0550391842583595e-06,213
OnlyMale,RandomForest,VogtmannE_2016,0.6552227903579255,PA_Agathobaculum butyriciproducens,PA,Agathobaculum butyriciproducens,7.298223315120662e-05,2.3900620742282654e-05,214
OnlyMale,RandomForest,VogtmannE_2016,0.6552227903579255,PA_Bacteroides uniformis,PA,Bacteroides uniformis,5.95749159787478e-05,-5.841578555259473e-05,215
OnlyMale,RandomForest,WirbelJ_2018,0.8344594594594594,PA_Parvimonas micra,PA,Parvimonas micra,0.02793366248380406,-0.0006931575189980939,1
OnlyMale,RandomForest,WirbelJ_2018,0.8344594594594594,rCLR_Roseburia faecis,rCLR,Roseburia faecis,0.01636356845310246,-0.011241997801518952,2
OnlyMale,RandomForest,WirbelJ_2018,0.8344594594594594,rCLR_Eubacterium ventriosum,rCLR,Eubacterium ventriosum,0.015870937889868965,-0.00026473929541456396,3
OnlyMale,RandomForest,WirbelJ_2018,0.8344594594594594,rCLR_Firmicutes bacterium CAG:145,rCLR,Firmicutes bacterium CAG:145,0.014253292144383988,-0.003909208362423665,4
OnlyMale,RandomForest,WirbelJ_2018,0.8344594594594594,rCLR_Fusicatenibacter saccharivorans,rCLR,Fusicatenibacter saccharivorans,0.012372311667906491,-0.00814051868248667,5
OnlyMale,RandomForest,WirbelJ_2018,0.8344594594594594,rCLR_Roseburia intestinalis,rCLR,Roseburia intestinalis,0.011577848947523669,-0.004090863742501083,6
OnlyMale,RandomForest,WirbelJ_2018,0.8344594594594594,rCLR_Ruthenibacterium lactatiformans,rCLR,Ruthenibacterium lactatiformans,0.0114450861491796,0.0008375308386625412,7
OnlyMale,RandomForest,WirbelJ_2018,0.8344594594594594,rCLR_Odoribacter splanchnicus,rCLR,Odoribacter splanchnicus,0.010339822795775978,0.0034266594895602212,8
OnlyMale,RandomForest,WirbelJ_2018,0.8344594594594594,rCLR_Parvimonas micra,rCLR,Parvimonas micra,0.010019444033825202,-0.0003989999156842942,9
OnlyMale,RandomForest,WirbelJ_2018,0.8344594594594594,rCLR_Lachnospira pectinoschiza,rCLR,Lachnospira pectinoschiza,0.009438892594903669,-0.001116588791827518,10
OnlyMale,RandomForest,WirbelJ_2018,0.8344594594594594,rCLR_Lachnospira eligens,rCLR,Lachnospira eligens,0.009169152077664893,-0.0023186032241537913,11
OnlyMale,RandomForest,WirbelJ_2018,0.8344594594594594,rCLR_Akkermansia muciniphila,rCLR,Akkermansia muciniphila,0.008612255818246563,0.005293279679838977,12
OnlyMale,RandomForest,WirbelJ_2018,0.8344594594594594,rCLR_Bifidobacterium pseudocatenulatum,rCLR,Bifidobacterium pseudocatenulatum,0.007047380110950289,0.004610261642098184,13
OnlyMale,RandomForest,WirbelJ_2018,0.8344594594594594,rCLR_Oscillibacter sp. 57_20,rCLR,Oscillibacter sp. 57_20,0.006396993527725322,0.003910667118219429,14
OnlyMale,RandomForest,WirbelJ_2018,0.8344594594594594,rCLR_Eubacterium sp. CAG:251,rCLR,Eubacterium sp. CAG:251,0.006179336073885899,0.00508848100803836,15
OnlyMale,RandomForest,WirbelJ_2018,0.8344594594594594,rCLR_Bacteroides caccae,rCLR,Bacteroides caccae,0.00612421900783957,-5.6223788580250524e-05,16
OnlyMale,RandomForest,WirbelJ_2018,0.8344594594594594,rCLR_Anaerobutyricum hallii,rCLR,Anaerobutyricum hallii,0.006111180768378765,0.0017280677271337241,17
OnlyMale,RandomForest,WirbelJ_2018,0.8344594594594594,rCLR_[Eubacterium] rectale,rCLR,[Eubacterium] rectale,0.005449915871038227,-0.0012192217120972073,18
OnlyMale,RandomForest,WirbelJ_2018,0.8344594594594594,rCLR_Eubacterium sp. CAG:38,rCLR,Eubacterium sp. CAG:38,0.005331157580757499,-0.00028707047973331677,19
OnlyMale,RandomForest,WirbelJ_2018,0.8344594594594594,rCLR_Faecalibacterium prausnitzii,rCLR,Faecalibacterium prausnitzii,0.005307103845537599,-0.004189269152731963,20
OnlyMale,RandomForest,WirbelJ_2018,0.8344594594594594,rCLR_Alistipes putredinis,rCLR,Alistipes putredinis,0.00507537726419084,0.0033925681545966427,21
OnlyMale,RandomForest,WirbelJ_2018,0.8344594594594594,rCLR_Clostridium sp. CAG:58,rCLR,Clostridium sp. CAG:58,0.004674434344605411,0.00015088616389723845,22
OnlyMale,RandomForest,WirbelJ_2018,0.8344594594594594,rCLR_Alistipes finegoldii,rCLR,Alistipes finegoldii,0.004557155494667807,0.0024505606184608716,23
OnlyMale,RandomForest,WirbelJ_2018,0.8344594594594594,rCLR_Collinsella aerofaciens,rCLR,Collinsella aerofaciens,0.004458025886511932,0.0009034700471048982,24
OnlyMale,RandomForest,WirbelJ_2018,0.8344594594594594,rCLR_Desulfovibrio piger,rCLR,Desulfovibrio piger,0.004058458989836749,-0.0015881400759669266,25
OnlyMale,RandomForest,WirbelJ_2018,0.8344594594594594,rCLR_Flavonifractor plautii,rCLR,Flavonifractor plautii,0.003826328554061099,-0.001496664677427215,26
OnlyMale,RandomForest,WirbelJ_2018,0.8344594594594594,rCLR_Roseburia hominis,rCLR,Roseburia hominis,0.003741091223016861,0.0004575254151187188,27
OnlyMale,RandomForest,WirbelJ_2018,0.8344594594594594,rCLR_Anaerostipes hadrus,rCLR,Anaerostipes hadrus,0.0036989878822278766,0.0020760594930833514,28
OnlyMale,RandomForest,WirbelJ_2018,0.8344594594594594,rCLR_Coprococcus catus,rCLR,Coprococcus catus,0.003696029610163455,0.0013047659613881356,29
OnlyMale,RandomForest,WirbelJ_2018,0.8344594594594594,Age,covariate,Age,0.0036596782754515673,-0.0004655510751097703,30
OnlyMale,RandomForest,WirbelJ_2018,0.8344594594594594,rCLR_Bacteroides salyersiae,rCLR,Bacteroides salyersiae,0.003579614882856775,-0.0018708421140615635,31
OnlyMale,RandomForest,WirbelJ_2018,0.8344594594594594,rCLR_Paraprevotella xylaniphila,rCLR,Paraprevotella xylaniphila,0.0035546566195263085,6.375510851471538e-05,32
OnlyMale,RandomForest,WirbelJ_2018,0.8344594594594594,rCLR_Bacteroides thetaiotaomicron,rCLR,Bacteroides thetaiotaomicron,0.003380993273784374,0.0009917711436633935,33
OnlyMale,RandomForest,WirbelJ_2018,0.8344594594594594,rCLR_Proteobacteria bacterium CAG:139,rCLR,Proteobacteria bacterium CAG:139,0.0033593044238050614,-0.00038359759372900396,34
OnlyMale,RandomForest,WirbelJ_2018,0.8344594594594594,rCLR_Bifidobacterium bifidum,rCLR,Bifidobacterium bifidum,0.0033198802458221967,0.0017475435316953835,35
OnlyMale,RandomForest,WirbelJ_2018,0.8344594594594594,rCLR_Adlercreutzia equolifaciens,rCLR,Adlercreutzia equolifaciens,0.0031498854505360766,-0.0006342752421857765,36
OnlyMale,RandomForest,WirbelJ_2018,0.8344594594594594,rCLR_Alistipes shahii,rCLR,Alistipes shahii,0.003118137888808889,0.001511704589548138,37
OnlyMale,RandomForest,WirbelJ_2018,0.8344594594594594,rCLR_Butyricimonas virosa,rCLR,Butyricimonas virosa,0.0031005303245130226,0.001014987976681762,38
OnlyMale,RandomForest,WirbelJ_2018,0.8344594594594594,rCLR_Veillonella atypica,rCLR,Veillonella atypica,0.0030612716014715644,-0.0007780138964321334,39
OnlyMale,RandomForest,WirbelJ_2018,0.8344594594594594,rCLR_Parabacteroides distasonis,rCLR,Parabacteroides distasonis,0.0030538888507742144,-0.00012789566264706723,40
OnlyMale,RandomForest,WirbelJ_2018,0.8344594594594594,rCLR_Bacteroides xylanisolvens,rCLR,Bacteroides xylanisolvens,0.003047235657254035,0.0006488163850079961,41
OnlyMale,RandomForest,WirbelJ_2018,0.8344594594594594,rCLR_Bacteroides cellulosilyticus,rCLR,Bacteroides cellulosilyticus,0.0029547756437679393,0.0009557079923891644,42
OnlyMale,RandomForest,WirbelJ_2018,0.8344594594594594,rCLR_Roseburia inulinivorans,rCLR,Roseburia inulinivorans,0.002924866714991009,5.6109951520442165e-05,43
OnlyMale,RandomForest,WirbelJ_2018,0.8344594594594594,rCLR_Gemmiger formicilis,rCLR,Gemmiger formicilis,0.002877580424989582,-0.00033621114973446517,44
OnlyMale,RandomForest,WirbelJ_2018,0.8344594594594594,rCLR_Parabacteroides merdae,rCLR,Parabacteroides merdae,0.0027994843993322024,7.986733199914786e-07,45
OnlyMale,RandomForest,WirbelJ_2018,0.8344594594594594,rCLR_Dorea formicigenerans,rCLR,Dorea formicigenerans,0.00267916006521289,0.0006378398748130601,46
OnlyMale,RandomForest,WirbelJ_2018,0.8344594594594594,rCLR_Firmicutes bacterium CAG:110,rCLR,Firmicutes bacterium CAG:110,0.0026466584528244334,-0.0007349516306951933,47
OnlyMale,RandomForest,WirbelJ_2018,0.8344594594594594,rCLR_[Eubacterium] siraeum,rCLR,[Eubacterium] siraeum,0.0026334459748972978,0.0017031055788155733,48
OnlyMale,RandomForest,WirbelJ_2018,0.8344594594594594,rCLR_Escherichia coli,rCLR,Escherichia coli,0.0026302548839571495,-0.001364388394175245,49
OnlyMale,RandomForest,WirbelJ_2018,0.8344594594594594,rCLR_Adlercreutzia equolifaciens_1,rCLR,Adlercreutzia equolifaciens_1,0.0025475934418457717,-0.00022493861168518535,50
OnlyMale,RandomForest,WirbelJ_2018,0.8344594594594594,rCLR_[Ruminococcus] torques,rCLR,[Ruminococcus] torques,0.002498849695418211,0.00033943973926169854,51
OnlyMale,RandomForest,WirbelJ_2018,0.8344594594594594,rCLR_Bifidobacterium longum,rCLR,Bifidobacterium longum,0.0024938759564103706,0.00042893794327215993,52
OnlyMale,RandomForest,WirbelJ_2018,0.8344594594594594,PA_Streptococcus salivarius,PA,Streptococcus salivarius,0.0024667460207630425,2.6245799431876922e-05,53
OnlyMale,RandomForest,WirbelJ_2018,0.8344594594594594,rCLR_Streptococcus thermophilus,rCLR,Streptococcus thermophilus,0.0024548097431653345,0.000637461476458326,54
OnlyMale,RandomForest,WirbelJ_2018,0.8344594594594594,rCLR_Agathobaculum butyriciproducens,rCLR,Agathobaculum butyriciproducens,0.0024121795746569973,2.488476600740857e-05,55
OnlyMale,RandomForest,WirbelJ_2018,0.8344594594594594,rCLR_Alistipes inops,rCLR,Alistipes inops,0.002347116522010206,-0.0012697381583325585,56
OnlyMale,RandomForest,WirbelJ_2018,0.8344594594594594,rCLR_Firmicutes bacterium CAG:83,rCLR,Firmicutes bacterium CAG:83,0.00234463579179935,0.000863757436234186,57
OnlyMale,RandomForest,WirbelJ_2018,0.8344594594594594,rCLR_Eubacterium sp. CAG:274,rCLR,Eubacterium sp. CAG:274,0.0023392533560336578,-0.00045419001356345395,58
OnlyMale,RandomForest,WirbelJ_2018,0.8344594594594594,rCLR_Phocaeicola vulgatus,rCLR,Phocaeicola vulgatus,0.00232512940504038,0.00028341674271963215,59
OnlyMale,RandomForest,WirbelJ_2018,0.8344594594594594,rCLR_Holdemanella biformis,rCLR,Holdemanella biformis,0.002278951738040475,-0.00011382482975040257,60
OnlyMale,RandomForest,WirbelJ_2018,0.8344594594594594,rCLR_Ruminococcus bicirculans,rCLR,Ruminococcus bicirculans,0.0022773659188755173,-0.0008127349100594261,61
OnlyMale,RandomForest,WirbelJ_2018,0.8344594594594594,rCLR_Slackia isoflavoniconvertens,rCLR,Slackia isoflavoniconvertens,0.0021986467752253594,-0.001282407068437137,62
OnlyMale,RandomForest,WirbelJ_2018,0.8344594594594594,rCLR_Methanobrevibacter smithii,rCLR,Methanobrevibacter smithii,0.002117238714997445,0.0015892920445970326,63
OnlyMale,RandomForest,WirbelJ_2018,0.8344594594594594,rCLR_Phascolarctobacterium faecium,rCLR,Phascolarctobacterium faecium,0.0021149133565403384,-0.0005147108980158815,64
OnlyMale,RandomForest,WirbelJ_2018,0.8344594594594594,rCLR_Coprococcus comes,rCLR,Coprococcus comes,0.002107918019840785,-0.0006910004014667933,65
OnlyMale,RandomForest,WirbelJ_2018,0.8344594594594594,rCLR_Acidaminococcus intestini,rCLR,Acidaminococcus intestini,0.002075061896084081,-0.0017255261766749646,66
OnlyMale,RandomForest,WirbelJ_2018,0.8344594594594594,rCLR_Phocaeicola coprocola,rCLR,Phocaeicola coprocola,0.002066492135569777,-0.00206130752352378,67
OnlyMale,RandomForest,WirbelJ_2018,0.8344594594594594,PA_Collinsella aerofaciens,PA,Collinsella aerofaciens,0.002048817159722782,0.0004406200346500475,68
OnlyMale,RandomForest,WirbelJ_2018,0.8344594594594594,rCLR_Blautia obeum,rCLR,Blautia obeum,0.0020370794660964035,1.1406033479845035e-05,69
OnlyMale,RandomForest,WirbelJ_2018,0.8344594594594594,PA_Bifidobacterium pseudocatenulatum,PA,Bifidobacterium pseudocatenulatum,0.0019669383623706765,0.0008591147263441224,70
OnlyMale,RandomForest,WirbelJ_2018,0.8344594594594594,rCLR_Bacteroides eggerthii,rCLR,Bacteroides eggerthii,0.0019180389041938307,0.0009722261872409874,71
OnlyMale,RandomForest,WirbelJ_2018,0.8344594594594594,rCLR_Dorea longicatena,rCLR,Dorea longicatena,0.0018708017331989502,0.0004696111122563241,72
OnlyMale,RandomForest,WirbelJ_2018,0.8344594594594594,rCLR_[Ruminococcus] gnavus,rCLR,[Ruminococcus] gnavus,0.0018627044082447954,0.0003540516666041373,73
OnlyMale,RandomForest,WirbelJ_2018,0.8344594594594594,rCLR_Coprococcus eutactus,rCLR,Coprococcus eutactus,0.0018582619792761555,5.561969138155366e-05,74
OnlyMale,RandomForest,WirbelJ_2018,0.8344594594594594,rCLR_Coprobacter fastidiosus,rCLR,Coprobacter fastidiosus,0.0018428332441838794,0.00016469495831602593,75
OnlyMale,RandomForest,WirbelJ_2018,0.8344594594594594,rCLR_Bacteroides uniformis,rCLR,Bacteroides uniformis,0.0018271773781452574,-0.0005555679004315201,76
OnlyMale,RandomForest,WirbelJ_2018,0.8344594594594594,rCLR_Blautia wexlerae,rCLR,Blautia wexlerae,0.0017572399471408222,0.0011221175025052195,77
OnlyMale,RandomForest,WirbelJ_2018,0.8344594594594594,rCLR_Phocaeicola plebeius,rCLR,Phocaeicola plebeius,0.001718940414725917,-0.0007618592582844832,78
OnlyMale,RandomForest,WirbelJ_2018,0.8344594594594594,PA_Methanobrevibacter smithii,PA,Methanobrevibacter smithii,0.001705516172343856,0.000686048165777438,79
OnlyMale,RandomForest,WirbelJ_2018,0.8344594594594594,rCLR_Klebsiella pneumoniae,rCLR,Klebsiella pneumoniae,0.001674965975989076,-0.0004390276383920625,80
OnlyMale,RandomForest,WirbelJ_2018,0.8344594594594594,rCLR_Phocaeicola dorei,rCLR,Phocaeicola dorei,0.0016631723766632794,-0.00017516204372871377,81
OnlyMale,RandomForest,WirbelJ_2018,0.8344594594594594,rCLR_Prevotella copri,rCLR,Prevotella copri,0.0015965496142757991,-0.00021845038080984486,82
OnlyMale,RandomForest,WirbelJ_2018,0.8344594594594594,rCLR_Barnesiella intestinihominis,rCLR,Barnesiella intestinihominis,0.0015865317268462904,0.0010821466772542433,83
OnlyMale,RandomForest,WirbelJ_2018,0.8344594594594594,rCLR_[Ruminococcus] lactaris,rCLR,[Ruminococcus] lactaris,0.0015560336706152815,5.403194459860498e-05,84
OnlyMale,RandomForest,WirbelJ_2018,0.8344594594594594,rCLR_Erysipelatoclostridium ramosum,rCLR,Erysipelatoclostridium ramosum,0.0015301919889625284,-0.000996602480421487,85
OnlyMale,RandomForest,WirbelJ_2018,0.8344594594594594,rCLR_Ruminococcus bromii,rCLR,Ruminococcus bromii,0.001527401587449619,0.0007868154859803669,86
OnlyMale,RandomForest,WirbelJ_2018,0.8344594594594594,rCLR_Eubacterium ramulus,rCLR,Eubacterium ramulus,0.0015204788155560023,0.00028127367014777187,87
OnlyMale,RandomForest,WirbelJ_2018,0.8344594594594594,rCLR_Klebsiella variicola,rCLR,Klebsiella variicola,0.0015153288907109454,-0.0012410200922926473,88
OnlyMale,RandomForest,WirbelJ_2018,0.8344594594594594,rCLR_Lawsonibacter asaccharolyticus,rCLR,Lawsonibacter asaccharolyticus,0.0015085424148682921,0.0001224343215729047,89
OnlyMale,RandomForest,WirbelJ_2018,0.8344594594594594,rCLR_Bifidobacterium adolescentis,rCLR,Bifidobacterium adolescentis,0.0014890774828530454,-0.0006309063438422193,90
OnlyMale,RandomForest,WirbelJ_2018,0.8344594594594594,rCLR_Enterocloster bolteae,rCLR,Enterocloster bolteae,0.0014834557951985835,-0.0005724262112018721,91
OnlyMale,RandomForest,WirbelJ_2018,0.8344594594594594,rCLR_Veillonella parvula,rCLR,Veillonella parvula,0.0013600057174711533,-0.0005510950313084819,92
OnlyMale,RandomForest,WirbelJ_2018,0.8344594594594594,PA_Roseburia intestinalis,PA,Roseburia intestinalis,0.001312205591376812,-0.0006137611153965643,93
OnlyMale,RandomForest,WirbelJ_2018,0.8344594594594594,rCLR_Dialister invisus,rCLR,Dialister invisus,0.0013017915032369385,0.00011894951915702282,94
OnlyMale,RandomForest,WirbelJ_2018,0.8344594594594594,rCLR_Bacteroides fragilis,rCLR,Bacteroides fragilis,0.0012996197473954707,-0.00016571190484968717,95
OnlyMale,RandomForest,WirbelJ_2018,0.8344594594594594,rCLR_Bacteroides ovatus,rCLR,Bacteroides ovatus,0.0012735164897479335,0.00021510175320470725,96
OnlyMale,RandomForest,WirbelJ_2018,0.8344594594594594,rCLR_Oscillibacter sp. CAG:241,rCLR,Oscillibacter sp. CAG:241,0.0012555160391146125,0.0007148978509959613,97
OnlyMale,RandomForest,WirbelJ_2018,0.8344594594594594,rCLR_Streptococcus salivarius,rCLR,Streptococcus salivarius,0.001248301338205952,0.0006597933534417398,98
OnlyMale,RandomForest,WirbelJ_2018,0.8344594594594594,rCLR_Streptococcus parasanguinis,rCLR,Streptococcus parasanguinis,0.0012073933719680846,0.00035748162125505894,99
OnlyMale,RandomForest,WirbelJ_2018,0.8344594594594594,rCLR_Eggerthella lenta,rCLR,Eggerthella lenta,0.0011332427685745677,-6.0707415003376844e-05,100
OnlyMale,RandomForest,WirbelJ_2018,0.8344594594594594,PA_Clostridium sp. CAG:58,PA,Clostridium sp. CAG:58,0.0011240120054038666,0.0001376999715271464,101
OnlyMale,RandomForest,WirbelJ_2018,0.8344594594594594,rCLR_Gordonibacter pamelaeae,rCLR,Gordonibacter pamelaeae,0.0011140513976423496,0.0003860559995507025,102
OnlyMale,RandomForest,WirbelJ_2018,0.8344594594594594,rCLR_Phascolarctobacterium succinatutens,rCLR,Phascolarctobacterium succinatutens,0.00106086371812164,4.142595371616305e-05,103
OnlyMale,RandomForest,WirbelJ_2018,0.8344594594594594,rCLR_Phocaeicola massiliensis,rCLR,Phocaeicola massiliensis,0.0010086866054534053,-0.00010212863793454657,104
OnlyMale,RandomForest,WirbelJ_2018,0.8344594594594594,PA_Bifidobacterium bifidum,PA,Bifidobacterium bifidum,0.0009943680241204255,7.38319657989336e-05,105
OnlyMale,RandomForest,WirbelJ_2018,0.8344594594594594,rCLR_Bacteroides sp. CAG:144,rCLR,Bacteroides sp. CAG:144,0.0009927651315309518,0.0003789054488258319,106
OnlyMale,RandomForest,WirbelJ_2018,0.8344594594594594,PA_Desulfovibrio piger,PA,Desulfovibrio piger,0.0009925628753723475,4.866971246340342e-05,107
OnlyMale,RandomForest,WirbelJ_2018,0.8344594594594594,rCLR_Bacteroides finegoldii,rCLR,Bacteroides finegoldii,0.0009697966003986316,0.0007183412931120365,108
OnlyMale,RandomForest,WirbelJ_2018,0.8344594594594594,rCLR_Intestinibacter bartlettii,rCLR,Intestinibacter bartlettii,0.0009658921298742082,-0.00013875608591486054,109
OnlyMale,RandomForest,WirbelJ_2018,0.8344594594594594,PA_Bacteroides fragilis,PA,Bacteroides fragilis,0.0009315957770124251,-0.00019852700741445104,110
OnlyMale,RandomForest,WirbelJ_2018,0.8344594594594594,PA_Phocaeicola plebeius,PA,Phocaeicola plebeius,0.0008942069363625713,-0.000334591322124816,111
OnlyMale,RandomForest,WirbelJ_2018,0.8344594594594594,PA_Firmicutes bacterium CAG:145,PA,Firmicutes bacterium CAG:145,0.0008880022012366179,0.00035633795552124657,112
OnlyMale,RandomForest,WirbelJ_2018,0.8344594594594594,rCLR_Blautia sp. CAG:257,rCLR,Blautia sp. CAG:257,0.0008615364567782391,-0.00032689700513259285,113
OnlyMale,RandomForest,WirbelJ_2018,0.8344594594594594,rCLR_Bacteroides stercoris,rCLR,Bacteroides stercoris,0.0008553284473211899,-0.000134811465729399,114
OnlyMale,RandomForest,WirbelJ_2018,0.8344594594594594,PA_Streptococcus thermophilus,PA,Streptococcus thermophilus,0.0008487061513347563,-0.0004623709284821985,115
OnlyMale,RandomForest,WirbelJ_2018,0.8344594594594594,rCLR_Bacteroides intestinalis,rCLR,Bacteroides intestinalis,0.0008170080977885811,-0.00024052640474284877,116
OnlyMale,RandomForest,WirbelJ_2018,0.8344594594594594,rCLR_Parasutterella excrementihominis,rCLR,Parasutterella excrementihominis,0.0007991923515037106,0.0003395526600304163,117
OnlyMale,RandomForest,WirbelJ_2018,0.8344594594594594,PA_Prevotella copri,PA,Prevotella copri,0.0007946336257656098,-0.00014229107924894523,118
OnlyMale,RandomForest,WirbelJ_2018,0.8344594594594594,rCLR_Eubacterium sp. CAG:180,rCLR,Eubacterium sp. CAG:180,0.000777918910158396,-4.907236748643273e-05,119
OnlyMale,RandomForest,WirbelJ_2018,0.8344594594594594,PA_Bacteroides sp. CAG:144,PA,Bacteroides sp. CAG:144,0.0007589998210782545,0.0003911280754558594,120
OnlyMale,RandomForest,WirbelJ_2018,0.8344594594594594,PA_Parabacteroides merdae,PA,Parabacteroides merdae,0.000756316410730595,-2.3038435120787805e-05,121
OnlyMale,RandomForest,WirbelJ_2018,0.8344594594594594,PA_Akkermansia muciniphila,PA,Akkermansia muciniphila,0.000741885780013456,0.0002530511089938129,122
OnlyMale,RandomForest,WirbelJ_2018,0.8344594594594594,PA_Bacteroides cellulosilyticus,PA,Bacteroides cellulosilyticus,0.0007386189050446471,0.000251154306260095,123
OnlyMale,RandomForest,WirbelJ_2018,0.8344594594594594,rCLR_Klebsiella quasipneumoniae,rCLR,Klebsiella quasipneumoniae,0.0007202645807985778,0.00018071697160013746,124
OnlyMale,RandomForest,WirbelJ_2018,0.8344594594594594,rCLR_Anaerotignum lactatifermentans,rCLR,Anaerotignum lactatifermentans,0.000709024665374336,0.00037617933286836,125
OnlyMale,RandomForest,WirbelJ_2018,0.8344594594594594,PA_Blautia sp. CAG:257,PA,Blautia sp. CAG:257,0.0006773030493561779,0.00047970754211927954,126
OnlyMale,RandomForest,WirbelJ_2018,0.8344594594594594,PA_Eubacterium sp. CAG:274,PA,Eubacterium sp. CAG:274,0.0006598985554128276,-0.0002611004903940327,127
OnlyMale,RandomForest,WirbelJ_2018,0.8344594594594594,PA_Bacteroides salyersiae,PA,Bacteroides salyersiae,0.0006532320977906023,-2.529950077747326e-05,128
OnlyMale,RandomForest,WirbelJ_2018,0.8344594594594594,PA_Paraprevotella xylaniphila,PA,Paraprevotella xylaniphila,0.000623600057109509,3.1425600550039526e-05,129
OnlyMale,RandomForest,WirbelJ_2018,0.8344594594594594,PA_Klebsiella pneumoniae,PA,Klebsiella pneumoniae,0.0005765335708244041,-0.00017190091099398915,130
OnlyMale,RandomForest,WirbelJ_2018,0.8344594594594594,PA_Roseburia faecis,PA,Roseburia faecis,0.0005555786518361506,-0.00044711328140667787,131
OnlyMale,RandomForest,WirbelJ_2018,0.8344594594594594,PA_Anaerotignum lactatifermentans,PA,Anaerotignum lactatifermentans,0.0005542822131655352,-0.0003733721295101017,132
OnlyMale,RandomForest,WirbelJ_2018,0.8344594594594594,rCLR_Megamonas funiformis,rCLR,Megamonas funiformis,0.0005291546599178937,-0.0003416827206467829,133
OnlyMale,RandomForest,WirbelJ_2018,0.8344594594594594,PA_Bacteroides caccae,PA,Bacteroides caccae,0.0005143480183954104,4.346422899875096e-05,134
OnlyMale,RandomForest,WirbelJ_2018,0.8344594594594594,PA_Ruminococcus bicirculans,PA,Ruminococcus bicirculans,0.0004657893752247827,-0.0002349442525896856,135
OnlyMale,RandomForest,WirbelJ_2018,0.8344594594594594,PA_Eubacterium sp. CAG:251,PA,Eubacterium sp. CAG:251,0.0004542320877019409,-8.511766845530446e-05,136
OnlyMale,RandomForest,WirbelJ_2018,0.8344594594594594,PA_Bacteroides ovatus,PA,Bacteroides ovatus,0.00041957662175209307,-4.704822783626763e-06,137
OnlyMale,RandomForest,WirbelJ_2018,0.8344594594594594,PA_Eggerthella lenta,PA,Eggerthella lenta,0.00041362268828523744,6.163816547577189e-05,138
OnlyMale,RandomForest,WirbelJ_2018,0.8344594594594594,PA_Bifidobacterium adolescentis,PA,Bifidobacterium adolescentis,0.00041218724449521515,-3.483305992892378e-05,139
OnlyMale,RandomForest,WirbelJ_2018,0.8344594594594594,PA_Firmicutes bacterium CAG:110,PA,Firmicutes bacterium CAG:110,0.00040445147155582705,-0.00011585276878802017,140
OnlyMale,RandomForest,WirbelJ_2018,0.8344594594594594,PA_Bacteroides stercoris,PA,Bacteroides stercoris,0.0004035264326133554,-3.556652500191879e-05,141
OnlyMale,RandomForest,WirbelJ_2018,0.8344594594594594,PA_Lachnospira eligens,PA,Lachnospira eligens,0.0004029465106241023,-0.0002553328784941521,142
OnlyMale,RandomForest,WirbelJ_2018,0.8344594594594594,PA_Enterocloster bolteae,PA,Enterocloster bolteae,0.0003922602330226443,-0.00022836178195306142,143
OnlyMale,RandomForest,WirbelJ_2018,0.8344594594594594,PA_Megamonas funiformis,PA,Megamonas funiformis,0.00038467527645061605,-0.00037655141416426233,144
OnlyMale,RandomForest,WirbelJ_2018,0.8344594594594594,PA_Parabacteroides distasonis,PA,Parabacteroides distasonis,0.00036140578492047543,0.00011816635210069682,145
OnlyMale,RandomForest,WirbelJ_2018,0.8344594594594594,PA_[Eubacterium] siraeum,PA,[Eubacterium] siraeum,0.00035580538143065887,0.00021237096421696498,146
OnlyMale,RandomForest,WirbelJ_2018,0.8344594594594594,PA_Escherichia coli,PA,Escherichia coli,0.0003408337539740345,1.7985809390640202e-05,147
OnlyMale,RandomForest,WirbelJ_2018,0.8344594594594594,PA_Klebsiella quasipneumoniae,PA,Klebsiella quasipneumoniae,0.0003380474629057869,-7.290823881186614e-05,148
OnlyMale,RandomForest,WirbelJ_2018,0.8344594594594594,PA_Bacteroides intestinalis,PA,Bacteroides intestinalis,0.00033304275114558147,0.00012387361006968193,149
OnlyMale,RandomForest,WirbelJ_2018,0.8344594594594594,PA_[Ruminococcus] lactaris,PA,[Ruminococcus] lactaris,0.0003317665035196445,-0.00019281749500062758,150
OnlyMale,RandomForest,WirbelJ_2018,0.8344594594594594,PA_Parasutterella excrementihominis,PA,Parasutterella excrementihominis,0.00032238844151560517,-0.00012291726205305333,151
OnlyMale,RandomForest,WirbelJ_2018,0.8344594594594594,PA_Coprococcus catus,PA,Coprococcus catus,0.0003216568086071151,0.0002530204413339021,152
OnlyMale,RandomForest,WirbelJ_2018,0.8344594594594594,PA_Bacteroides eggerthii,PA,Bacteroides eggerthii,0.00031683820251630625,0.000197707862576489,153
OnlyMale,RandomForest,WirbelJ_2018,0.8344594594594594,PA_Bacteroides xylanisolvens,PA,Bacteroides xylanisolvens,0.000312526634130942,-9.1441086320071e-05,154
OnlyMale,RandomForest,WirbelJ_2018,0.8344594594594594,PA_Eubacterium sp. CAG:38,PA,Eubacterium sp. CAG:38,0.0003100646278065856,1.408029601253441e-05,155
OnlyMale,RandomForest,WirbelJ_2018,0.8344594594594594,PA_Butyricimonas virosa,PA,Butyricimonas virosa,0.0002977730990016756,-7.976498966258525e-06,156
OnlyMale,RandomForest,WirbelJ_2018,0.8344594594594594,PA_Eubacterium sp. CAG:180,PA,Eubacterium sp. CAG:180,0.000296261624659611,5.701138535657643e-05,157
OnlyMale,RandomForest,WirbelJ_2018,0.8344594594594594,PA_Slackia isoflavoniconvertens,PA,Slackia isoflavoniconvertens,0.0002955095504482647,-6.730606622030038e-07,158
OnlyMale,RandomForest,WirbelJ_2018,0.8344594594594594,PA_Alistipes shahii,PA,Alistipes shahii,0.0002900778204579366,5.796328702178664e-05,159
OnlyMale,RandomForest,WirbelJ_2018,0.8344594594594594,PA_Erysipelatoclostridium ramosum,PA,Erysipelatoclostridium ramosum,0.00028606490635980783,-2.0572443481889462e-05,160
OnlyMale,RandomForest,WirbelJ_2018,0.8344594594594594,PA_Veillonella atypica,PA,Veillonella atypica,0.0002855551626791472,3.952888033280284e-05,161
OnlyMale,RandomForest,WirbelJ_2018,0.8344594594594594,PA_Coprobacter fastidiosus,PA,Coprobacter fastidiosus,0.00028331592652739557,-8.568399188624817e-05,162
OnlyMale,RandomForest,WirbelJ_2018,0.8344594594594594,PA_Oscillibacter sp. CAG:241,PA,Oscillibacter sp. CAG:241,0.0002670183903673274,0.000147579498387802,163
OnlyMale,RandomForest,WirbelJ_2018,0.8344594594594594,PA_Holdemanella biformis,PA,Holdemanella biformis,0.00026323194373580646,3.335485919509478e-05,164
OnlyMale,RandomForest,WirbelJ_2018,0.8344594594594594,PA_Lachnospira pectinoschiza,PA,Lachnospira pectinoschiza,0.0002613451832792427,2.400781511159241e-05,165
OnlyMale,RandomForest,WirbelJ_2018,0.8344594594594594,PA_Gordonibacter pamelaeae,PA,Gordonibacter pamelaeae,0.0002606524799443736,4.328497953564796e-05,166
OnlyMale,RandomForest,WirbelJ_2018,0.8344594594594594,PA_Phascolarctobacterium succinatutens,PA,Phascolarctobacterium succinatutens,0.0002527290990218378,-3.260154495865215e-06,167
OnlyMale,RandomForest,WirbelJ_2018,0.8344594594594594,PA_Flavonifractor plautii,PA,Flavonifractor plautii,0.0002527027065602649,0.0001772614193737279,168
OnlyMale,RandomForest,WirbelJ_2018,0.8344594594594594,PA_Alistipes putredinis,PA,Alistipes putredinis,0.0002506048867360797,0.0001299378820972358,169
OnlyMale,RandomForest,WirbelJ_2018,0.8344594594594594,PA_Adlercreutzia equolifaciens,PA,Adlercreutzia equolifaciens,0.0002501904873090587,-5.768468184476728e-05,170
OnlyMale,RandomForest,WirbelJ_2018,0.8344594594594594,PA_[Ruminococcus] torques,PA,[Ruminococcus] torques,0.0002467235247759847,0.00014783475986535963,171
OnlyMale,RandomForest,WirbelJ_2018,0.8344594594594594,PA_Blautia wexlerae,PA,Blautia wexlerae,0.00024295348917361206,5.88551012010864e-07,172
OnlyMale,RandomForest,WirbelJ_2018,0.8344594594594594,PA_Eubacterium ventriosum,PA,Eubacterium ventriosum,0.00024290891377008695,-0.00010851167540375729,173
OnlyMale,RandomForest,WirbelJ_2018,0.8344594594594594,PA_Fusicatenibacter saccharivorans,PA,Fusicatenibacter saccharivorans,0.00023774425834750725,-0.00021926717426440587,174
OnlyMale,RandomForest,WirbelJ_2018,0.8344594594594594,PA_Phocaeicola dorei,PA,Phocaeicola dorei,0.00023658755425481993,-1.920777183066068e-05,175
OnlyMale,RandomForest,WirbelJ_2018,0.8344594594594594,PA_Phocaeicola coprocola,PA,Phocaeicola coprocola,0.00023469238085596753,-9.18793362749602e-05,176
OnlyMale,RandomForest,WirbelJ_2018,0.8344594594594594,PA_Dialister invisus,PA,Dialister invisus,0.00023147449899527366,8.911280206718876e-05,177
OnlyMale,RandomForest,WirbelJ_2018,0.8344594594594594,PA_Firmicutes bacterium CAG:83,PA,Firmicutes bacterium CAG:83,0.00023093667497385038,0.00010859818393540497,178
OnlyMale,RandomForest,WirbelJ_2018,0.8344594594594594,PA_Coprococcus eutactus,PA,Coprococcus eutactus,0.00022952118774401903,-9.57971770661314e-05,179
OnlyMale,RandomForest,WirbelJ_2018,0.8344594594594594,PA_Barnesiella intestinihominis,PA,Barnesiella intestinihominis,0.00022840988743274117,1.0926354601500312e-05,180
OnlyMale,RandomForest,WirbelJ_2018,0.8344594594594594,PA_Veillonella parvula,PA,Veillonella parvula,0.00022638312368927467,-5.563833371797023e-06,181
OnlyMale,RandomForest,WirbelJ_2018,0.8344594594594594,PA_Alistipes inops,PA,Alistipes inops,0.00022266755444473526,1.2877088064748335e-05,182
OnlyMale,RandomForest,WirbelJ_2018,0.8344594594594594,PA_Phascolarctobacterium faecium,PA,Phascolarctobacterium faecium,0.0002222041833359988,-3.1110218765946583e-06,183
OnlyMale,RandomForest,WirbelJ_2018,0.8344594594594594,PA_Proteobacteria bacterium CAG:139,PA,Proteobacteria bacterium CAG:139,0.00020884070018036138,9.178118946275474e-05,184
OnlyMale,RandomForest,WirbelJ_2018,0.8344594594594594,PA_Oscillibacter sp. 57_20,PA,Oscillibacter sp. 57_20,0.00020510310233100737,0.00011802987048787082,185
OnlyMale,RandomForest,WirbelJ_2018,0.8344594594594594,PA_Odoribacter splanchnicus,PA,Odoribacter splanchnicus,0.00020430583274817562,4.051714305096252e-06,186
OnlyMale,RandomForest,WirbelJ_2018,0.8344594594594594,PA_Streptococcus parasanguinis,PA,Streptococcus parasanguinis,0.00020135124902185335,6.074787274489068e-05,187
OnlyMale,RandomForest,WirbelJ_2018,0.8344594594594594,PA_Roseburia inulinivorans,PA,Roseburia inulinivorans,0.00020088387391722638,-0.00010103886717909123,188
OnlyMale,RandomForest,WirbelJ_2018,0.8344594594594594,PA_Phocaeicola massiliensis,PA,Phocaeicola massiliensis,0.00019871212150141665,-7.880678204182815e-05,189
OnlyMale,RandomForest,WirbelJ_2018,0.8344594594594594,PA_Intestinibacter bartlettii,PA,Intestinibacter bartlettii,0.00018594842112130063,-3.449112677282985e-05,190
OnlyMale,RandomForest,WirbelJ_2018,0.8344594594594594,PA_[Ruminococcus] gnavus,PA,[Ruminococcus] gnavus,0.0001823412095549369,-5.1545038838523836e-05,191
OnlyMale,RandomForest,WirbelJ_2018,0.8344594594594594,PA_Bacteroides thetaiotaomicron,PA,Bacteroides thetaiotaomicron,0.0001795295359867793,-1.0159489802956825e-05,192
OnlyMale,RandomForest,WirbelJ_2018,0.8344594594594594,PA_Bifidobacterium longum,PA,Bifidobacterium longum,0.00017695819558989466,-4.864670915479096e-05,193
OnlyMale,RandomForest,WirbelJ_2018,0.8344594594594594,PA_Alistipes finegoldii,PA,Alistipes finegoldii,0.00017509847692011676,9.34864724219238e-05,194
OnlyMale,RandomForest,WirbelJ_2018,0.8344594594594594,PA_Adlercreutzia equolifaciens_1,PA,Adlercreutzia equolifaciens_1,0.00017501675710816743,4.1437352076394856e-05,195
OnlyMale,RandomForest,WirbelJ_2018,0.8344594594594594,PA_Bacteroides finegoldii,PA,Bacteroides finegoldii,0.00016727287015144856,-1.639021604225426e-05,196
OnlyMale,RandomForest,WirbelJ_2018,0.8344594594594594,PA_Roseburia hominis,PA,Roseburia hominis,0.0001622629664830104,9.169419966819232e-05,197
OnlyMale,RandomForest,WirbelJ_2018,0.8344594594594594,PA_Coprococcus comes,PA,Coprococcus comes,0.00015897989590612878,-2.503780602985364e-05,198
OnlyMale,RandomForest,WirbelJ_2018,0.8344594594594594,PA_Eubacterium ramulus,PA,Eubacterium ramulus,0.00015020335392064595,1.5417601288500535e-05,199
OnlyMale,RandomForest,WirbelJ_2018,0.8344594594594594,PA_Anaerobutyricum hallii,PA,Anaerobutyricum hallii,0.0001498821284392866,-9.335777941395367e-05,200
OnlyMale,RandomForest,WirbelJ_2018,0.8344594594594594,PA_Dorea longicatena,PA,Dorea longicatena,0.0001387022483356888,7.317267187435242e-05,201
OnlyMale,RandomForest,WirbelJ_2018,0.8344594594594594,PA_Gemmiger formicilis,PA,Gemmiger formicilis,0.0001281029199674037,4.489984350125549e-05,202
OnlyMale,RandomForest,WirbelJ_2018,0.8344594594594594,PA_Klebsiella variicola,PA,Klebsiella variicola,0.00012798584058816787,-1.9719737443507086e-05,203
OnlyMale,RandomForest,WirbelJ_2018,0.8344594594594594,PA_Acidaminococcus intestini,PA,Acidaminococcus intestini,0.00012591965562760708,2.8049604822463107e-05,204
OnlyMale,RandomForest,WirbelJ_2018,0.8344594594594594,PA_Ruminococcus bromii,PA,Ruminococcus bromii,0.0001250164369264247,-1.9179385804943247e-05,205
OnlyMale,RandomForest,WirbelJ_2018,0.8344594594594594,PA_Blautia obeum,PA,Blautia obeum,0.00012292530799656333,-5.690385976756001e-05,206
OnlyMale,RandomForest,WirbelJ_2018,0.8344594594594594,PA_[Eubacterium] rectale,PA,[Eubacterium] rectale,0.00011077142772418555,2.423677841386156e-05,207
OnlyMale,RandomForest,WirbelJ_2018,0.8344594594594594,PA_Lawsonibacter asaccharolyticus,PA,Lawsonibacter asaccharolyticus,0.0001094593534002443,2.8143215487330472e-05,208
OnlyMale,RandomForest,WirbelJ_2018,0.8344594594594594,PA_Phocaeicola vulgatus,PA,Phocaeicola vulgatus,9.905185897594288e-05,-3.199155864510176e-06,209
OnlyMale,RandomForest,WirbelJ_2018,0.8344594594594594,PA_Ruthenibacterium lactatiformans,PA,Ruthenibacterium lactatiformans,9.83136276576463e-05,3.426636955541462e-05,210
OnlyMale,RandomForest,WirbelJ_2018,0.8344594594594594,PA_Faecalibacterium prausnitzii,PA,Faecalibacterium prausnitzii,9.135214888012686e-05,-6.46806002964337e-05,211
OnlyMale,RandomForest,WirbelJ_2018,0.8344594594594594,PA_Agathobaculum butyriciproducens,PA,Agathobaculum butyriciproducens,8.389234913865674e-05,5.109859202882464e-05,212
OnlyMale,RandomForest,WirbelJ_2018,0.8344594594594594,PA_Anaerostipes hadrus,PA,Anaerostipes hadrus,7.808357366851576e-05,-4.777962362296729e-05,213
OnlyMale,RandomForest,WirbelJ_2018,0.8344594594594594,PA_Dorea formicigenerans,PA,Dorea formicigenerans,7.246654224861291e-05,2.5276157030692306e-05,214
OnlyMale,RandomForest,WirbelJ_2018,0.8344594594594594,PA_Bacteroides uniformis,PA,Bacteroides uniformis,5.185341554648621e-05,-1.5240628281011662e-06,215
OnlyMale,RandomForest,YachidaS_2019,0.7560970040189988,PA_Parvimonas micra,PA,Parvimonas micra,0.0416534857954476,0.0037580273997147415,1
OnlyMale,RandomForest,YachidaS_2019,0.7560970040189988,rCLR_Parvimonas micra,rCLR,Parvimonas micra,0.0288077363681215,-0.00359963337775349,2
OnlyMale,RandomForest,YachidaS_2019,0.7560970040189988,rCLR_Ruthenibacterium lactatiformans,rCLR,Ruthenibacterium lactatiformans,0.017065852893368795,-0.005301643765533372,3
OnlyMale,RandomForest,YachidaS_2019,0.7560970040189988,rCLR_Lachnospira pectinoschiza,rCLR,Lachnospira pectinoschiza,0.013351444769263468,-0.01085858658994905,4
OnlyMale,RandomForest,YachidaS_2019,0.7560970040189988,rCLR_Bifidobacterium pseudocatenulatum,rCLR,Bifidobacterium pseudocatenulatum,0.008687178702370043,0.0020753022182799265,5
OnlyMale,RandomForest,YachidaS_2019,0.7560970040189988,rCLR_Acidaminococcus intestini,rCLR,Acidaminococcus intestini,0.008319298047354961,0.0002510993361516249,6
OnlyMale,RandomForest,YachidaS_2019,0.7560970040189988,rCLR_Eubacterium ventriosum,rCLR,Eubacterium ventriosum,0.00829385701178644,0.0015205374718926172,7
OnlyMale,RandomForest,YachidaS_2019,0.7560970040189988,rCLR_Odoribacter splanchnicus,rCLR,Odoribacter splanchnicus,0.008023352912805053,0.000691543861693261,8
OnlyMale,RandomForest,YachidaS_2019,0.7560970040189988,rCLR_Coprococcus catus,rCLR,Coprococcus catus,0.00783025852281024,-0.005800685931095618,9
OnlyMale,RandomForest,YachidaS_2019,0.7560970040189988,rCLR_Fusicatenibacter saccharivorans,rCLR,Fusicatenibacter saccharivorans,0.0075122137375349856,0.00477742984080604,10
OnlyMale,RandomForest,YachidaS_2019,0.7560970040189988,rCLR_Lachnospira eligens,rCLR,Lachnospira eligens,0.007511186498418578,-6.140918192523038e-05,11
OnlyMale,RandomForest,YachidaS_2019,0.7560970040189988,Age,covariate,Age,0.007463928541949235,-0.0005217654627604671,12
OnlyMale,RandomForest,YachidaS_2019,0.7560970040189988,rCLR_Bacteroides caccae,rCLR,Bacteroides caccae,0.007426471142431012,0.00029490713258058476,13
OnlyMale,RandomForest,YachidaS_2019,0.7560970040189988,rCLR_Roseburia intestinalis,rCLR,Roseburia intestinalis,0.007362936177792191,0.001888632382525039,14
OnlyMale,RandomForest,YachidaS_2019,0.7560970040189988,rCLR_Escherichia coli,rCLR,Escherichia coli,0.006938344949724887,-0.0019113861629888346,15
OnlyMale,RandomForest,YachidaS_2019,0.7560970040189988,rCLR_Eubacterium sp. CAG:38,rCLR,Eubacterium sp. CAG:38,0.006498069811780442,-0.0011766604786204624,16
OnlyMale,RandomForest,YachidaS_2019,0.7560970040189988,rCLR_Methanobrevibacter smithii,rCLR,Methanobrevibacter smithii,0.0064663836301407625,-0.004831260918921489,17
OnlyMale,RandomForest,YachidaS_2019,0.7560970040189988,rCLR_Anaerostipes hadrus,rCLR,Anaerostipes hadrus,0.00638106679463445,0.0028449055202184512,18
OnlyMale,RandomForest,YachidaS_2019,0.7560970040189988,rCLR_Akkermansia muciniphila,rCLR,Akkermansia muciniphila,0.006209194522494055,-0.00410086507915689,19
OnlyMale,RandomForest,YachidaS_2019,0.7560970040189988,rCLR_Parabacteroides distasonis,rCLR,Parabacteroides distasonis,0.006077631895153401,0.002741810750997663,20
OnlyMale,RandomForest,YachidaS_2019,0.7560970040189988,rCLR_Roseburia faecis,rCLR,Roseburia faecis,0.005621936600872211,0.003524579545604917,21
OnlyMale,RandomForest,YachidaS_2019,0.7560970040189988,rCLR_Flavonifractor plautii,rCLR,Flavonifractor plautii,0.0052670373393658605,0.0035417783627014325,22
OnlyMale,RandomForest,YachidaS_2019,0.7560970040189988,rCLR_Clostridium sp. CAG:58,rCLR,Clostridium sp. CAG:58,0.004884930403163097,-2.8284801724904718e-05,23
OnlyMale,RandomForest,YachidaS_2019,0.7560970040189988,rCLR_Desulfovibrio piger,rCLR,Desulfovibrio piger,0.00487075463922702,0.00047677131387870083,24
OnlyMale,RandomForest,YachidaS_2019,0.7560970040189988,rCLR_Paraprevotella xylaniphila,rCLR,Paraprevotella xylaniphila,0.004836276127769071,-0.00046561332312407673,25
OnlyMale,RandomForest,YachidaS_2019,0.7560970040189988,rCLR_Firmicutes bacterium CAG:145,rCLR,Firmicutes bacterium CAG:145,0.004799719810534915,-0.0019241309409065873,26
OnlyMale,RandomForest,YachidaS_2019,0.7560970040189988,rCLR_Gordonibacter pamelaeae,rCLR,Gordonibacter pamelaeae,0.00458331007971615,0.0011047356739129026,27
OnlyMale,RandomForest,YachidaS_2019,0.7560970040189988,rCLR_Phocaeicola coprocola,rCLR,Phocaeicola coprocola,0.004483889223805914,0.0009918178433997648,28
OnlyMale,RandomForest,YachidaS_2019,0.7560970040189988,rCLR_Klebsiella pneumoniae,rCLR,Klebsiella pneumoniae,0.004461384336682698,0.0008768009710122604,29
OnlyMale,RandomForest,YachidaS_2019,0.7560970040189988,rCLR_Bacteroides cellulosilyticus,rCLR,Bacteroides cellulosilyticus,0.004245731310928638,-0.002125290384187758,30
OnlyMale,RandomForest,YachidaS_2019,0.7560970040189988,rCLR_Bacteroides ovatus,rCLR,Bacteroides ovatus,0.00404079267756112,-0.0013320754556944993,31
OnlyMale,RandomForest,YachidaS_2019,0.7560970040189988,PA_Methanobrevibacter smithii,PA,Methanobrevibacter smithii,0.0038484838744386983,-0.0028936044361920323,32
OnlyMale,RandomForest,YachidaS_2019,0.7560970040189988,rCLR_Bacteroides thetaiotaomicron,rCLR,Bacteroides thetaiotaomicron,0.003735370829228315,0.0018503513525245875,33
OnlyMale,RandomForest,YachidaS_2019,0.7560970040189988,rCLR_[Eubacterium] siraeum,rCLR,[Eubacterium] siraeum,0.0036860759541158367,-0.0016798026313358046,34
OnlyMale,RandomForest,YachidaS_2019,0.7560970040189988,rCLR_Oscillibacter sp. CAG:241,rCLR,Oscillibacter sp. CAG:241,0.0036568763677278953,-0.0027754715246544118,35
OnlyMale,RandomForest,YachidaS_2019,0.7560970040189988,rCLR_Butyricimonas virosa,rCLR,Butyricimonas virosa,0.0036253083010458066,-0.002239971135125989,36
OnlyMale,RandomForest,YachidaS_2019,0.7560970040189988,rCLR_Alistipes putredinis,rCLR,Alistipes putredinis,0.0032072254610557758,-0.0016656146329634372,37
OnlyMale,RandomForest,YachidaS_2019,0.7560970040189988,rCLR_Coprobacter fastidiosus,rCLR,Coprobacter fastidiosus,0.0031768564271969315,-0.0012780792646882608,38
OnlyMale,RandomForest,YachidaS_2019,0.7560970040189988,rCLR_Collinsella aerofaciens,rCLR,Collinsella aerofaciens,0.0030189291080749353,0.0005196048292663625,39
OnlyMale,RandomForest,YachidaS_2019,0.7560970040189988,rCLR_Agathobaculum butyriciproducens,rCLR,Agathobaculum butyriciproducens,0.0028828195067184584,0.0007552122351491403,40
OnlyMale,RandomForest,YachidaS_2019,0.7560970040189988,rCLR_Erysipelatoclostridium ramosum,rCLR,Erysipelatoclostridium ramosum,0.0028522121407874444,0.0008303509116855647,41
OnlyMale,RandomForest,YachidaS_2019,0.7560970040189988,rCLR_Veillonella atypica,rCLR,Veillonella atypica,0.002819426642672191,-0.00018194445165014233,42
OnlyMale,RandomForest,YachidaS_2019,0.7560970040189988,rCLR_Bacteroides sp. CAG:144,rCLR,Bacteroides sp. CAG:144,0.002578866545432398,0.001818812651923652,43
OnlyMale,RandomForest,YachidaS_2019,0.7560970040189988,rCLR_Bacteroides intestinalis,rCLR,Bacteroides intestinalis,0.0025628737548660675,0.0019764957965476664,44
OnlyMale,RandomForest,YachidaS_2019,0.7560970040189988,rCLR_[Ruminococcus] torques,rCLR,[Ruminococcus] torques,0.002483565957742799,-0.0012396911512396569,45
OnlyMale,RandomForest,YachidaS_2019,0.7560970040189988,rCLR_Eubacterium sp. CAG:180,rCLR,Eubacterium sp. CAG:180,0.0024766876314059514,-0.0008827168885750667,46
OnlyMale,RandomForest,YachidaS_2019,0.7560970040189988,rCLR_Roseburia inulinivorans,rCLR,Roseburia inulinivorans,0.002430985911042911,-0.0001681046680369547,47
OnlyMale,RandomForest,YachidaS_2019,0.7560970040189988,rCLR_Dorea formicigenerans,rCLR,Dorea formicigenerans,0.002428846146553181,-0.0002042247694385867,48
OnlyMale,RandomForest,YachidaS_2019,0.7560970040189988,rCLR_Oscillibacter sp. 57_20,rCLR,Oscillibacter sp. 57_20,0.002418781929303508,-0.00041883435026120273,49
OnlyMale,RandomForest,YachidaS_2019,0.7560970040189988,rCLR_Bacteroides fragilis,rCLR,Bacteroides fragilis,0.002390251585610071,-1.5897547515519773e-05,50
OnlyMale,RandomForest,YachidaS_2019,0.7560970040189988,PA_Streptococcus salivarius,PA,Streptococcus salivarius,0.002333398690295586,0.00011911490752973747,51
OnlyMale,RandomForest,YachidaS_2019,0.7560970040189988,rCLR_Streptococcus thermophilus,rCLR,Streptococcus thermophilus,0.0023330699062594075,0.001591137522067595,52
OnlyMale,RandomForest,YachidaS_2019,0.7560970040189988,rCLR_Enterocloster bolteae,rCLR,Enterocloster bolteae,0.002276693332120291,0.0007498621296822132,53
OnlyMale,RandomForest,YachidaS_2019,0.7560970040189988,rCLR_Bacteroides salyersiae,rCLR,Bacteroides salyersiae,0.0022738232657266368,-0.0004451465152061027,54
OnlyMale,RandomForest,YachidaS_2019,0.7560970040189988,rCLR_Klebsiella variicola,rCLR,Klebsiella variicola,0.002268357622444445,-0.0006909327306447478,55
OnlyMale,RandomForest,YachidaS_2019,0.7560970040189988,rCLR_Eubacterium ramulus,rCLR,Eubacterium ramulus,0.0022640912702268203,0.00046451805146483475,56
OnlyMale,RandomForest,YachidaS_2019,0.7560970040189988,rCLR_[Eubacterium] rectale,rCLR,[Eubacterium] rectale,0.0022520625064766566,-3.165515666655239e-05,57
OnlyMale,RandomForest,YachidaS_2019,0.7560970040189988,rCLR_Alistipes shahii,rCLR,Alistipes shahii,0.002245808860397748,-0.00040147225211960264,58
OnlyMale,RandomForest,YachidaS_2019,0.7560970040189988,rCLR_Phocaeicola dorei,rCLR,Phocaeicola dorei,0.002210128373849019,-0.0005384462876259126,59
OnlyMale,RandomForest,YachidaS_2019,0.7560970040189988,rCLR_Coprococcus comes,rCLR,Coprococcus comes,0.0021678161273981466,0.001457311975717185,60
OnlyMale,RandomForest,YachidaS_2019,0.7560970040189988,rCLR_Parabacteroides merdae,rCLR,Parabacteroides merdae,0.002134019157282934,-0.00010852343211713907,61
OnlyMale,RandomForest,YachidaS_2019,0.7560970040189988,rCLR_Faecalibacterium prausnitzii,rCLR,Faecalibacterium prausnitzii,0.002101354858608401,0.001268564402230966,62
OnlyMale,RandomForest,YachidaS_2019,0.7560970040189988,rCLR_Blautia obeum,rCLR,Blautia obeum,0.0020755208292011053,-0.00046231166943654886,63
OnlyMale,RandomForest,YachidaS_2019,0.7560970040189988,rCLR_Parasutterella excrementihominis,rCLR,Parasutterella excrementihominis,0.0020055772263681626,0.0009460548547811973,64
OnlyMale,RandomForest,YachidaS_2019,0.7560970040189988,rCLR_Gemmiger formicilis,rCLR,Gemmiger formicilis,0.0019725900527000407,0.0016397513357526102,65
OnlyMale,RandomForest,YachidaS_2019,0.7560970040189988,PA_Eubacterium sp. CAG:274,PA,Eubacterium sp. CAG:274,0.001964019116757856,0.00020856808658149166,66
OnlyMale,RandomForest,YachidaS_2019,0.7560970040189988,rCLR_Dorea longicatena,rCLR,Dorea longicatena,0.0019576828213969995,-0.0011955411021149051,67
OnlyMale,RandomForest,YachidaS_2019,0.7560970040189988,rCLR_Klebsiella quasipneumoniae,rCLR,Klebsiella quasipneumoniae,0.0019270985339361181,-0.0005020233397669283,68
OnlyMale,RandomForest,YachidaS_2019,0.7560970040189988,rCLR_Alistipes finegoldii,rCLR,Alistipes finegoldii,0.0019239741787428662,-0.00023362881094809795,69
OnlyMale,RandomForest,YachidaS_2019,0.7560970040189988,rCLR_Roseburia hominis,rCLR,Roseburia hominis,0.0019102631088203641,0.00013531149447032888,70
OnlyMale,RandomForest,YachidaS_2019,0.7560970040189988,PA_Escherichia coli,PA,Escherichia coli,0.001812245050616556,-0.0010480162138076692,71
OnlyMale,RandomForest,YachidaS_2019,0.7560970040189988,rCLR_Bifidobacterium bifidum,rCLR,Bifidobacterium bifidum,0.001807298558957187,0.00047142677504784784,72
OnlyMale,RandomForest,YachidaS_2019,0.7560970040189988,PA_Bifidobacterium adolescentis,PA,Bifidobacterium adolescentis,0.0017360462731642364,0.00046176206932273196,73
OnlyMale,RandomForest,YachidaS_2019,0.7560970040189988,rCLR_Adlercreutzia equolifaciens_1,rCLR,Adlercreutzia equolifaciens_1,0.001669566632605811,0.0005078656107638078,74
OnlyMale,RandomForest,YachidaS_2019,0.7560970040189988,rCLR_Proteobacteria bacterium CAG:139,rCLR,Proteobacteria bacterium CAG:139,0.00166921896937289,3.5787803038010845e-05,75
OnlyMale,RandomForest,YachidaS_2019,0.7560970040189988,rCLR_Firmicutes bacterium CAG:83,rCLR,Firmicutes bacterium CAG:83,0.0015999833587405463,-0.00038699667169085676,76
OnlyMale,RandomForest,YachidaS_2019,0.7560970040189988,rCLR_Intestinibacter bartlettii,rCLR,Intestinibacter bartlettii,0.001597475772074847,-0.0006735036595020114,77
OnlyMale,RandomForest,YachidaS_2019,0.7560970040189988,rCLR_Eubacterium sp. CAG:274,rCLR,Eubacterium sp. CAG:274,0.0015715967084914278,0.000722277481083102,78
OnlyMale,RandomForest,YachidaS_2019,0.7560970040189988,rCLR_Bacteroides eggerthii,rCLR,Bacteroides eggerthii,0.0015518947590634187,-0.0005357877590098221,79
OnlyMale,RandomForest,YachidaS_2019,0.7560970040189988,rCLR_Streptococcus parasanguinis,rCLR,Streptococcus parasanguinis,0.0015126517579913817,0.000631077819690767,80
OnlyMale,RandomForest,YachidaS_2019,0.7560970040189988,rCLR_Adlercreutzia equolifaciens,rCLR,Adlercreutzia equolifaciens,0.00147404516991195,0.00028460993715759,81
OnlyMale,RandomForest,YachidaS_2019,0.7560970040189988,rCLR_Phocaeicola vulgatus,rCLR,Phocaeicola vulgatus,0.0014100977481269856,0.00024284484903500846,82
OnlyMale,RandomForest,YachidaS_2019,0.7560970040189988,PA_Roseburia intestinalis,PA,Roseburia intestinalis,0.0013796521433998333,0.0005391386516270408,83
OnlyMale,RandomForest,YachidaS_2019,0.7560970040189988,PA_Akkermansia muciniphila,PA,Akkermansia muciniphila,0.0013760281102071237,-0.0005978238341196251,84
OnlyMale,RandomForest,YachidaS_2019,0.7560970040189988,rCLR_Phascolarctobacterium succinatutens,rCLR,Phascolarctobacterium succinatutens,0.0013727352351102175,0.0012378450938519217,85
OnlyMale,RandomForest,YachidaS_2019,0.7560970040189988,rCLR_Anaerobutyricum hallii,rCLR,Anaerobutyricum hallii,0.001371611515475813,-0.0008964764008848025,86
OnlyMale,RandomForest,YachidaS_2019,0.7560970040189988,rCLR_[Ruminococcus] gnavus,rCLR,[Ruminococcus] gnavus,0.0013637030840365696,-0.0003453791700985552,87
OnlyMale,RandomForest,YachidaS_2019,0.7560970040189988,rCLR_Firmicutes bacterium CAG:110,rCLR,Firmicutes bacterium CAG:110,0.0013340213619195413,0.0005453593111300329,88
OnlyMale,RandomForest,YachidaS_2019,0.7560970040189988,rCLR_Eubacterium sp. CAG:251,rCLR,Eubacterium sp. CAG:251,0.0013090742938041276,0.001047858955080088,89
OnlyMale,RandomForest,YachidaS_2019,0.7560970040189988,rCLR_Ruminococcus bromii,rCLR,Ruminococcus bromii,0.0013034257710103222,-0.00035087996049023895,90
OnlyMale,RandomForest,YachidaS_2019,0.7560970040189988,rCLR_Lawsonibacter asaccharolyticus,rCLR,Lawsonibacter asaccharolyticus,0.001238469884788222,-0.00010293401176486029,91
OnlyMale,RandomForest,YachidaS_2019,0.7560970040189988,rCLR_Bifidobacterium longum,rCLR,Bifidobacterium longum,0.0012346972949599773,0.0005028967407071131,92
OnlyMale,RandomForest,YachidaS_2019,0.7560970040189988,rCLR_Holdemanella biformis,rCLR,Holdemanella biformis,0.0012190478623902558,0.0004710397816619767,93
OnlyMale,RandomForest,YachidaS_2019,0.7560970040189988,PA_Acidaminococcus intestini,PA,Acidaminococcus intestini,0.0012151981758889681,0.00010837970449275495,94
OnlyMale,RandomForest,YachidaS_2019,0.7560970040189988,rCLR_Bifidobacterium adolescentis,rCLR,Bifidobacterium adolescentis,0.0012100424884989769,0.00046077023659249277,95
OnlyMale,RandomForest,YachidaS_2019,0.7560970040189988,rCLR_Alistipes inops,rCLR,Alistipes inops,0.0012096191292412346,0.00030160620845947006,96
OnlyMale,RandomForest,YachidaS_2019,0.7560970040189988,PA_Firmicutes bacterium CAG:145,PA,Firmicutes bacterium CAG:145,0.0011926188352052555,-0.0004646682268868226,97
OnlyMale,RandomForest,YachidaS_2019,0.7560970040189988,rCLR_Anaerotignum lactatifermentans,rCLR,Anaerotignum lactatifermentans,0.001162101293028592,0.00080932943141237,98
OnlyMale,RandomForest,YachidaS_2019,0.7560970040189988,rCLR_Barnesiella intestinihominis,rCLR,Barnesiella intestinihominis,0.0011615771068794263,3.0225681781302387e-05,99
OnlyMale,RandomForest,YachidaS_2019,0.7560970040189988,PA_Blautia sp. CAG:257,PA,Blautia sp. CAG:257,0.0011473094390740584,-0.00044292654071607896,100
OnlyMale,RandomForest,YachidaS_2019,0.7560970040189988,PA_Bacteroides ovatus,PA,Bacteroides ovatus,0.00114671602417072,-3.4885213962056774e-05,101
OnlyMale,RandomForest,YachidaS_2019,0.7560970040189988,rCLR_Blautia wexlerae,rCLR,Blautia wexlerae,0.001140030379577096,5.940476073958094e-07,102
OnlyMale,RandomForest,YachidaS_2019,0.7560970040189988,rCLR_Megamonas funiformis,rCLR,Megamonas funiformis,0.0011294759006922831,0.0006356590649931327,103
OnlyMale,RandomForest,YachidaS_2019,0.7560970040189988,PA_Bacteroides fragilis,PA,Bacteroides fragilis,0.0011292056403964545,-0.00013446643449310634,104
OnlyMale,RandomForest,YachidaS_2019,0.7560970040189988,PA_Anaerotignum lactatifermentans,PA,Anaerotignum lactatifermentans,0.0011280956314573675,0.0006693462795808522,105
OnlyMale,RandomForest,YachidaS_2019,0.7560970040189988,rCLR_Phocaeicola plebeius,rCLR,Phocaeicola plebeius,0.0011243866085795088,4.324169283376664e-05,106
OnlyMale,RandomForest,YachidaS_2019,0.7560970040189988,rCLR_Prevotella copri,rCLR,Prevotella copri,0.0011138907080021996,0.0003639732130041622,107
OnlyMale,RandomForest,YachidaS_2019,0.7560970040189988,rCLR_Bacteroides xylanisolvens,rCLR,Bacteroides xylanisolvens,0.0011043999531321369,-0.00028801132121931283,108
OnlyMale,RandomForest,YachidaS_2019,0.7560970040189988,PA_Streptococcus thermophilus,PA,Streptococcus thermophilus,0.0011018332980539233,0.00036148675309216665,109
OnlyMale,RandomForest,YachidaS_2019,0.7560970040189988,rCLR_Blautia sp. CAG:257,rCLR,Blautia sp. CAG:257,0.0010673907511193367,-4.923322328205894e-06,110
OnlyMale,RandomForest,YachidaS_2019,0.7560970040189988,rCLR_Eggerthella lenta,rCLR,Eggerthella lenta,0.0010663531993238685,0.0005649119217067385,111
OnlyMale,RandomForest,YachidaS_2019,0.7560970040189988,rCLR_Bacteroides uniformis,rCLR,Bacteroides uniformis,0.0010610305580677113,0.00019826552590754547,112
OnlyMale,RandomForest,YachidaS_2019,0.7560970040189988,PA_Bacteroides salyersiae,PA,Bacteroides salyersiae,0.0010557632011974152,-0.00021048919192571608,113
OnlyMale,RandomForest,YachidaS_2019,0.7560970040189988,rCLR_Veillonella parvula,rCLR,Veillonella parvula,0.0010533839335117856,0.0002744277607090721,114
OnlyMale,RandomForest,YachidaS_2019,0.7560970040189988,PA_Bifidobacterium pseudocatenulatum,PA,Bifidobacterium pseudocatenulatum,0.0010533120297577473,-0.0003085098707522422,115
OnlyMale,RandomForest,YachidaS_2019,0.7560970040189988,rCLR_Bacteroides finegoldii,rCLR,Bacteroides finegoldii,0.0010326954233923881,0.0005975743636857383,116
OnlyMale,RandomForest,YachidaS_2019,0.7560970040189988,PA_Coprococcus catus,PA,Coprococcus catus,0.0010247581005142757,-0.0004743273974826474,117
OnlyMale,RandomForest,YachidaS_2019,0.7560970040189988,rCLR_Bacteroides stercoris,rCLR,Bacteroides stercoris,0.0010083288070319013,-0.0002537814610780488,118
OnlyMale,RandomForest,YachidaS_2019,0.7560970040189988,PA_Enterocloster bolteae,PA,Enterocloster bolteae,0.0009855965328862267,0.0005110041276527996,119
OnlyMale,RandomForest,YachidaS_2019,0.7560970040189988,rCLR_Phascolarctobacterium faecium,rCLR,Phascolarctobacterium faecium,0.0009675005402924564,6.629909711221535e-05,120
OnlyMale,RandomForest,YachidaS_2019,0.7560970040189988,rCLR_Streptococcus salivarius,rCLR,Streptococcus salivarius,0.0009585124365444334,0.00016697512605791552,121
OnlyMale,RandomForest,YachidaS_2019,0.7560970040189988,PA_Clostridium sp. CAG:58,PA,Clostridium sp. CAG:58,0.0009532032874044563,-0.00034184005965776597,122
OnlyMale,RandomForest,YachidaS_2019,0.7560970040189988,rCLR_Dialister invisus,rCLR,Dialister invisus,0.0009510972748121162,-0.0003009464167539306,123
OnlyMale,RandomForest,YachidaS_2019,0.7560970040189988,PA_Eubacterium sp. CAG:180,PA,Eubacterium sp. CAG:180,0.0009406711948460616,-0.0003541118640709004,124
OnlyMale,RandomForest,YachidaS_2019,0.7560970040189988,PA_Oscillibacter sp. CAG:241,PA,Oscillibacter sp. CAG:241,0.0009344997591280225,-0.0005093667203581538,125
OnlyMale,RandomForest,YachidaS_2019,0.7560970040189988,rCLR_Ruminococcus bicirculans,rCLR,Ruminococcus bicirculans,0.0009329262139515105,7.227817337966947e-06,126
OnlyMale,RandomForest,YachidaS_2019,0.7560970040189988,rCLR_Phocaeicola massiliensis,rCLR,Phocaeicola massiliensis,0.0008729710704194402,0.0004951734559567314,127
OnlyMale,RandomForest,YachidaS_2019,0.7560970040189988,rCLR_Coprococcus eutactus,rCLR,Coprococcus eutactus,0.000681503903532301,-0.0002288877639538508,128
OnlyMale,RandomForest,YachidaS_2019,0.7560970040189988,PA_Bacteroides caccae,PA,Bacteroides caccae,0.000676765312771898,3.3136050167239485e-05,129
OnlyMale,RandomForest,YachidaS_2019,0.7560970040189988,PA_Roseburia faecis,PA,Roseburia faecis,0.0006761833408246621,-0.00034497164707173865,130
OnlyMale,RandomForest,YachidaS_2019,0.7560970040189988,rCLR_Slackia isoflavoniconvertens,rCLR,Slackia isoflavoniconvertens,0.0006528604925537686,0.00039752155852909354,131
OnlyMale,RandomForest,YachidaS_2019,0.7560970040189988,rCLR_[Ruminococcus] lactaris,rCLR,[Ruminococcus] lactaris,0.0006527730541013298,-0.00019175988469913159,132
OnlyMale,RandomForest,YachidaS_2019,0.7560970040189988,PA_Phocaeicola coprocola,PA,Phocaeicola coprocola,0.0006431938194216328,0.00027293189853051336,133
OnlyMale,RandomForest,YachidaS_2019,0.7560970040189988,PA_Eubacterium sp. CAG:38,PA,Eubacterium sp. CAG:38,0.0006407668153199166,0.00029027350715608315,134
OnlyMale,RandomForest,YachidaS_2019,0.7560970040189988,PA_Klebsiella pneumoniae,PA,Klebsiella pneumoniae,0.0006325658503753514,0.00011757898112048289,135
OnlyMale,RandomForest,YachidaS_2019,0.7560970040189988,PA_Bacteroides xylanisolvens,PA,Bacteroides xylanisolvens,0.0006307541083755966,0.0001362245720973644,136
OnlyMale,RandomForest,YachidaS_2019,0.7560970040189988,PA_Bacteroides cellulosilyticus,PA,Bacteroides cellulosilyticus,0.0005827062987962639,-0.00014079236750751679,137
OnlyMale,RandomForest,YachidaS_2019,0.7560970040189988,PA_Coprococcus comes,PA,Coprococcus comes,0.0005801960110060371,0.00041436809845194926,138
OnlyMale,RandomForest,YachidaS_2019,0.7560970040189988,PA_Paraprevotella xylaniphila,PA,Paraprevotella xylaniphila,0.0005783547396957501,3.94174355681828e-05,139
OnlyMale,RandomForest,YachidaS_2019,0.7560970040189988,PA_Anaerostipes hadrus,PA,Anaerostipes hadrus,0.000551137177600578,0.00024668553891307363,140
OnlyMale,RandomForest,YachidaS_2019,0.7560970040189988,PA_Agathobaculum butyriciproducens,PA,Agathobaculum butyriciproducens,0.0005431500467194333,0.00014402327857723123,141
OnlyMale,RandomForest,YachidaS_2019,0.7560970040189988,PA_Eggerthella lenta,PA,Eggerthella lenta,0.0005313877075591363,-9.229852092491504e-05,142
OnlyMale,RandomForest,YachidaS_2019,0.7560970040189988,PA_Phocaeicola massiliensis,PA,Phocaeicola massiliensis,0.0005310291013543084,9.467507909368204e-05,143
OnlyMale,RandomForest,YachidaS_2019,0.7560970040189988,PA_Megamonas funiformis,PA,Megamonas funiformis,0.000525545972443494,0.0001809721172654148,144
OnlyMale,RandomForest,YachidaS_2019,0.7560970040189988,PA_Ruminococcus bromii,PA,Ruminococcus bromii,0.0005152480118263313,-0.00025647764364947217,145
OnlyMale,RandomForest,YachidaS_2019,0.7560970040189988,PA_Phascolarctobacterium faecium,PA,Phascolarctobacterium faecium,0.0004919434341391756,-8.38486750240639e-05,146
OnlyMale,RandomForest,YachidaS_2019,0.7560970040189988,PA_[Eubacterium] siraeum,PA,[Eubacterium] siraeum,0.00047658313386535016,-0.0002606270771777472,147
OnlyMale,RandomForest,YachidaS_2019,0.7560970040189988,PA_Prevotella copri,PA,Prevotella copri,0.0004764946585407979,-9.1189287343036e-05,148
OnlyMale,RandomForest,YachidaS_2019,0.7560970040189988,PA_Butyricimonas virosa,PA,Butyricimonas virosa,0.00047361607026815485,1.4020472753022393e-05,149
OnlyMale,RandomForest,YachidaS_2019,0.7560970040189988,PA_Roseburia inulinivorans,PA,Roseburia inulinivorans,0.0004523735215548032,0.00024630989017972263,150
OnlyMale,RandomForest,YachidaS_2019,0.7560970040189988,PA_Bacteroides stercoris,PA,Bacteroides stercoris,0.00042365788647884977,6.713132834777809e-05,151
OnlyMale,RandomForest,YachidaS_2019,0.7560970040189988,PA_Dorea formicigenerans,PA,Dorea formicigenerans,0.0004218434458017405,0.00023571893217522294,152
OnlyMale,RandomForest,YachidaS_2019,0.7560970040189988,PA_Alistipes inops,PA,Alistipes inops,0.00041646347890499346,-0.00027980084699755404,153
OnlyMale,RandomForest,YachidaS_2019,0.7560970040189988,PA_Bacteroides uniformis,PA,Bacteroides uniformis,0.0004142528633562135,6.615488628306528e-05,154
OnlyMale,RandomForest,YachidaS_2019,0.7560970040189988,PA_Blautia wexlerae,PA,Blautia wexlerae,0.0004055288849877447,0.00018378102261933085,155
OnlyMale,RandomForest,YachidaS_2019,0.7560970040189988,PA_Veillonella atypica,PA,Veillonella atypica,0.0003830684897154138,0.0001208826557409581,156
OnlyMale,RandomForest,YachidaS_2019,0.7560970040189988,PA_Lachnospira pectinoschiza,PA,Lachnospira pectinoschiza,0.00037717355516311656,-7.277418511197301e-05,157
OnlyMale,RandomForest,YachidaS_2019,0.7560970040189988,PA_Lachnospira eligens,PA,Lachnospira eligens,0.0003693670667216367,0.00017405310710163843,158
OnlyMale,RandomForest,YachidaS_2019,0.7560970040189988,PA_Phocaeicola vulgatus,PA,Phocaeicola vulgatus,0.0003603938969483533,0.00021172424666237685,159
OnlyMale,RandomForest,YachidaS_2019,0.7560970040189988,PA_Bifidobacterium bifidum,PA,Bifidobacterium bifidum,0.0003589926360860973,7.200423508001348e-05,160
OnlyMale,RandomForest,YachidaS_2019,0.7560970040189988,PA_Bacteroides sp. CAG:144,PA,Bacteroides sp. CAG:144,0.00035614340187435477,0.00015721034502176652,161
OnlyMale,RandomForest,YachidaS_2019,0.7560970040189988,PA_Oscillibacter sp. 57_20,PA,Oscillibacter sp. 57_20,0.0003542225589158871,0.00010115204933071769,162
OnlyMale,RandomForest,YachidaS_2019,0.7560970040189988,PA_Gemmiger formicilis,PA,Gemmiger formicilis,0.0003492423245844169,-0.00011558999112287585,163
OnlyMale,RandomForest,YachidaS_2019,0.7560970040189988,PA_Bacteroides finegoldii,PA,Bacteroides finegoldii,0.00033743161321732595,-9.234762988725882e-06,164
OnlyMale,RandomForest,YachidaS_2019,0.7560970040189988,PA_Ruthenibacterium lactatiformans,PA,Ruthenibacterium lactatiformans,0.0003306824276130564,-0.0001502392317892176,165
OnlyMale,RandomForest,YachidaS_2019,0.7560970040189988,PA_Eubacterium sp. CAG:251,PA,Eubacterium sp. CAG:251,0.00032878667405495445,0.00015710300200315103,166
OnlyMale,RandomForest,YachidaS_2019,0.7560970040189988,PA_Firmicutes bacterium CAG:83,PA,Firmicutes bacterium CAG:83,0.0003207245500166602,6.369591782561233e-05,167
OnlyMale,RandomForest,YachidaS_2019,0.7560970040189988,PA_Ruminococcus bicirculans,PA,Ruminococcus bicirculans,0.000313294448311988,0.0001495706823604648,168
OnlyMale,RandomForest,YachidaS_2019,0.7560970040189988,PA_Lawsonibacter asaccharolyticus,PA,Lawsonibacter asaccharolyticus,0.0003127395590198758,-4.6977320232574e-05,169
OnlyMale,RandomForest,YachidaS_2019,0.7560970040189988,PA_Anaerobutyricum hallii,PA,Anaerobutyricum hallii,0.00030528013147238935,0.0002187312271659654,170
OnlyMale,RandomForest,YachidaS_2019,0.7560970040189988,PA_Adlercreutzia equolifaciens_1,PA,Adlercreutzia equolifaciens_1,0.00030159271728653187,-0.00011608759659825244,171
OnlyMale,RandomForest,YachidaS_2019,0.7560970040189988,PA_[Ruminococcus] lactaris,PA,[Ruminococcus] lactaris,0.000297094188294047,0.00010529718245393597,172
OnlyMale,RandomForest,YachidaS_2019,0.7560970040189988,PA_Phascolarctobacterium succinatutens,PA,Phascolarctobacterium succinatutens,0.000290810241439963,2.174450736369405e-05,173
OnlyMale,RandomForest,YachidaS_2019,0.7560970040189988,PA_Barnesiella intestinihominis,PA,Barnesiella intestinihominis,0.00028021368530762165,2.2962405212822056e-06,174
OnlyMale,RandomForest,YachidaS_2019,0.7560970040189988,PA_Adlercreutzia equolifaciens,PA,Adlercreutzia equolifaciens,0.00027324809466964937,-7.138984676290521e-05,175
OnlyMale,RandomForest,YachidaS_2019,0.7560970040189988,PA_Alistipes putredinis,PA,Alistipes putredinis,0.00026806649352207636,0.00013084932967801828,176
OnlyMale,RandomForest,YachidaS_2019,0.7560970040189988,PA_Gordonibacter pamelaeae,PA,Gordonibacter pamelaeae,0.00026254053268521876,4.7225421944969445e-05,177
OnlyMale,RandomForest,YachidaS_2019,0.7560970040189988,PA_Eubacterium ramulus,PA,Eubacterium ramulus,0.00025732928880252626,-5.707914556299121e-05,178
OnlyMale,RandomForest,YachidaS_2019,0.7560970040189988,PA_Slackia isoflavoniconvertens,PA,Slackia isoflavoniconvertens,0.00025315350513013633,-3.404035973554422e-05,179
OnlyMale,RandomForest,YachidaS_2019,0.7560970040189988,PA_Veillonella parvula,PA,Veillonella parvula,0.00025299685926362327,4.512836058800409e-06,180
OnlyMale,RandomForest,YachidaS_2019,0.7560970040189988,PA_Fusicatenibacter saccharivorans,PA,Fusicatenibacter saccharivorans,0.0002516457330451731,0.00011785489698391804,181
OnlyMale,RandomForest,YachidaS_2019,0.7560970040189988,PA_Eubacterium ventriosum,PA,Eubacterium ventriosum,0.00025082097085680653,-8.748072958575448e-05,182
OnlyMale,RandomForest,YachidaS_2019,0.7560970040189988,PA_[Ruminococcus] gnavus,PA,[Ruminococcus] gnavus,0.0002465701891857964,7.862342087702438e-05,183
OnlyMale,RandomForest,YachidaS_2019,0.7560970040189988,PA_Desulfovibrio piger,PA,Desulfovibrio piger,0.0002464954292651345,-1.5926557985164438e-05,184
OnlyMale,RandomForest,YachidaS_2019,0.7560970040189988,PA_Phocaeicola plebeius,PA,Phocaeicola plebeius,0.0002444590798282083,-9.317695538358312e-05,185
OnlyMale,RandomForest,YachidaS_2019,0.7560970040189988,PA_Holdemanella biformis,PA,Holdemanella biformis,0.00024267052818696496,4.142295137044538e-05,186
OnlyMale,RandomForest,YachidaS_2019,0.7560970040189988,PA_Phocaeicola dorei,PA,Phocaeicola dorei,0.00023773660552423102,-2.6934712873854392e-06,187
OnlyMale,RandomForest,YachidaS_2019,0.7560970040189988,PA_Parabacteroides merdae,PA,Parabacteroides merdae,0.0002373028089987569,4.899463686297327e-05,188
OnlyMale,RandomForest,YachidaS_2019,0.7560970040189988,PA_Coprobacter fastidiosus,PA,Coprobacter fastidiosus,0.00023448564807553526,-6.680941361262218e-05,189
OnlyMale,RandomForest,YachidaS_2019,0.7560970040189988,PA_Klebsiella quasipneumoniae,PA,Klebsiella quasipneumoniae,0.00023345352503750366,3.400833184982528e-05,190
OnlyMale,RandomForest,YachidaS_2019,0.7560970040189988,PA_Bacteroides intestinalis,PA,Bacteroides intestinalis,0.00023282095579332503,3.867643642606151e-05,191
OnlyMale,RandomForest,YachidaS_2019,0.7560970040189988,PA_Proteobacteria bacterium CAG:139,PA,Proteobacteria bacterium CAG:139,0.00023201595599754243,0.00010541896086921221,192
OnlyMale,RandomForest,YachidaS_2019,0.7560970040189988,PA_Alistipes shahii,PA,Alistipes shahii,0.00023111389530478275,8.04629888501749e-07,193
OnlyMale,RandomForest,YachidaS_2019,0.7560970040189988,PA_Dorea longicatena,PA,Dorea longicatena,0.00022789116650604637,2.844421207614409e-05,194
OnlyMale,RandomForest,YachidaS_2019,0.7560970040189988,PA_Collinsella aerofaciens,PA,Collinsella aerofaciens,0.00022087557858232099,-4.754598765646288e-05,195
OnlyMale,RandomForest,YachidaS_2019,0.7560970040189988,PA_Streptococcus parasanguinis,PA,Streptococcus parasanguinis,0.0002181659655193111,1.4853715661041374e-05,196
OnlyMale,RandomForest,YachidaS_2019,0.7560970040189988,PA_Alistipes finegoldii,PA,Alistipes finegoldii,0.00020718706235032342,-3.9039754480935346e-05,197
OnlyMale,RandomForest,YachidaS_2019,0.7560970040189988,PA_[Ruminococcus] torques,PA,[Ruminococcus] torques,0.00020205945642639682,1.7534991665967403e-05,198
OnlyMale,RandomForest,YachidaS_2019,0.7560970040189988,PA_Blautia obeum,PA,Blautia obeum,0.0001993921656496023,8.036084163666148e-05,199
OnlyMale,RandomForest,YachidaS_2019,0.7560970040189988,PA_Bacteroides eggerthii,PA,Bacteroides eggerthii,0.00018731463611939124,-5.490970358647308e-05,200
OnlyMale,RandomForest,YachidaS_2019,0.7560970040189988,PA_Klebsiella variicola,PA,Klebsiella variicola,0.00018648823667466983,5.826501336194255e-05,201
OnlyMale,RandomForest,YachidaS_2019,0.7560970040189988,PA_[Eubacterium] rectale,PA,[Eubacterium] rectale,0.00018225489811615972,3.215223361117827e-05,202
OnlyMale,RandomForest,YachidaS_2019,0.7560970040189988,PA_Intestinibacter bartlettii,PA,Intestinibacter bartlettii,0.00017384117195177825,-4.1502648151707466e-05,203
OnlyMale,RandomForest,YachidaS_2019,0.7560970040189988,PA_Erysipelatoclostridium ramosum,PA,Erysipelatoclostridium ramosum,0.00017321132621380826,1.1518627733379114e-05,204
OnlyMale,RandomForest,YachidaS_2019,0.7560970040189988,PA_Flavonifractor plautii,PA,Flavonifractor plautii,0.00017317284362893006,2.2907183720864774e-05,205
OnlyMale,RandomForest,YachidaS_2019,0.7560970040189988,PA_Coprococcus eutactus,PA,Coprococcus eutactus,0.0001673400675008508,-0.00013140964566926084,206
OnlyMale,RandomForest,YachidaS_2019,0.7560970040189988,PA_Odoribacter splanchnicus,PA,Odoribacter splanchnicus,0.00016193495989314422,-3.394011517964091e-05,207
OnlyMale,RandomForest,YachidaS_2019,0.7560970040189988,PA_Parabacteroides distasonis,PA,Parabacteroides distasonis,0.00016111668562949013,-2.7610783330643482e-05,208
OnlyMale,RandomForest,YachidaS_2019,0.7560970040189988,PA_Bifidobacterium longum,PA,Bifidobacterium longum,0.00015326856319608105,9.215646661627449e-05,209
OnlyMale,RandomForest,YachidaS_2019,0.7560970040189988,PA_Dialister invisus,PA,Dialister invisus,0.00015186497386900314,-1.618033002617317e-05,210
OnlyMale,RandomForest,YachidaS_2019,0.7560970040189988,PA_Roseburia hominis,PA,Roseburia hominis,0.00015120243341728854,-1.0682011870460478e-07,211
OnlyMale,RandomForest,YachidaS_2019,0.7560970040189988,PA_Firmicutes bacterium CAG:110,PA,Firmicutes bacterium CAG:110,0.00013475074636585283,6.758838810942753e-06,212
OnlyMale,RandomForest,YachidaS_2019,0.7560970040189988,PA_Parasutterella excrementihominis,PA,Parasutterella excrementihominis,0.00010740453749214375,-1.3540205125327462e-05,213
OnlyMale,RandomForest,YachidaS_2019,0.7560970040189988,PA_Bacteroides thetaiotaomicron,PA,Bacteroides thetaiotaomicron,0.00010720422812614193,2.888837833589496e-05,214
OnlyMale,RandomForest,YachidaS_2019,0.7560970040189988,PA_Faecalibacterium prausnitzii,PA,Faecalibacterium prausnitzii,6.893784992657443e-05,-4.1014156217061155e-05,215
OnlyMale,RandomForest,YuJ_2015,0.8289141414141414,PA_Parvimonas micra,PA,Parvimonas micra,0.03578406261920317,0.014271688552683823,1
OnlyMale,RandomForest,YuJ_2015,0.8289141414141414,rCLR_Roseburia faecis,rCLR,Roseburia faecis,0.014366111973322144,-0.005026251642470169,2
OnlyMale,RandomForest,YuJ_2015,0.8289141414141414,rCLR_Parvimonas micra,rCLR,Parvimonas micra,0.013837099706329917,0.005506099568728878,3
OnlyMale,RandomForest,YuJ_2015,0.8289141414141414,rCLR_Ruthenibacterium lactatiformans,rCLR,Ruthenibacterium lactatiformans,0.012779765421240954,0.009564830651753727,4
OnlyMale,RandomForest,YuJ_2015,0.8289141414141414,rCLR_Lachnospira eligens,rCLR,Lachnospira eligens,0.012690060078961216,-0.004139545645647633,5
OnlyMale,RandomForest,YuJ_2015,0.8289141414141414,rCLR_Odoribacter splanchnicus,rCLR,Odoribacter splanchnicus,0.011446564881701019,-0.008009393322278877,6
OnlyMale,RandomForest,YuJ_2015,0.8289141414141414,rCLR_Akkermansia muciniphila,rCLR,Akkermansia muciniphila,0.009178845941511542,0.004378488652975189,7
OnlyMale,RandomForest,YuJ_2015,0.8289141414141414,rCLR_Bifidobacterium pseudocatenulatum,rCLR,Bifidobacterium pseudocatenulatum,0.008189608239049276,-0.002870037888070668,8
OnlyMale,RandomForest,YuJ_2015,0.8289141414141414,rCLR_Fusicatenibacter saccharivorans,rCLR,Fusicatenibacter saccharivorans,0.008024576651228717,0.002662478496721497,9
OnlyMale,RandomForest,YuJ_2015,0.8289141414141414,rCLR_Bacteroides caccae,rCLR,Bacteroides caccae,0.006885334908297175,0.002133344599267432,10
OnlyMale,RandomForest,YuJ_2015,0.8289141414141414,rCLR_Roseburia intestinalis,rCLR,Roseburia intestinalis,0.006584069776407597,0.0011969923135155991,11
OnlyMale,RandomForest,YuJ_2015,0.8289141414141414,rCLR_Butyricimonas virosa,rCLR,Butyricimonas virosa,0.006456545146319782,0.0017584424548720437,12
OnlyMale,RandomForest,YuJ_2015,0.8289141414141414,rCLR_Firmicutes bacterium CAG:145,rCLR,Firmicutes bacterium CAG:145,0.006138478086374911,-0.0037572580734493394,13
OnlyMale,RandomForest,YuJ_2015,0.8289141414141414,rCLR_Eubacterium ventriosum,rCLR,Eubacterium ventriosum,0.006081200803723657,-0.0016791157184951134,14
OnlyMale,RandomForest,YuJ_2015,0.8289141414141414,rCLR_Bacteroides thetaiotaomicron,rCLR,Bacteroides thetaiotaomicron,0.0059979504324743915,0.0018364030530779746,15
OnlyMale,RandomForest,YuJ_2015,0.8289141414141414,rCLR_Phocaeicola coprocola,rCLR,Phocaeicola coprocola,0.005705384762699378,6.751852240516956e-06,16
OnlyMale,RandomForest,YuJ_2015,0.8289141414141414,rCLR_Lachnospira pectinoschiza,rCLR,Lachnospira pectinoschiza,0.0054508111830902884,-2.349950622337624e-06,17
OnlyMale,RandomForest,YuJ_2015,0.8289141414141414,rCLR_Flavonifractor plautii,rCLR,Flavonifractor plautii,0.005423126782658314,0.0026537695314627083,18
OnlyMale,RandomForest,YuJ_2015,0.8289141414141414,rCLR_Parabacteroides distasonis,rCLR,Parabacteroides distasonis,0.005287027114877514,-0.000586493027175293,19
OnlyMale,RandomForest,YuJ_2015,0.8289141414141414,rCLR_Escherichia coli,rCLR,Escherichia coli,0.004504148576588255,0.003287854832140612,20
OnlyMale,RandomForest,YuJ_2015,0.8289141414141414,rCLR_Alistipes putredinis,rCLR,Alistipes putredinis,0.004449991891069975,0.0017053427723031703,21
OnlyMale,RandomForest,YuJ_2015,0.8289141414141414,rCLR_Agathobaculum butyriciproducens,rCLR,Agathobaculum butyriciproducens,0.004150827528669544,-0.001273825490091629,22
OnlyMale,RandomForest,YuJ_2015,0.8289141414141414,rCLR_Gordonibacter pamelaeae,rCLR,Gordonibacter pamelaeae,0.004087842377580224,0.0005506322624618425,23
OnlyMale,RandomForest,YuJ_2015,0.8289141414141414,rCLR_Faecalibacterium prausnitzii,rCLR,Faecalibacterium prausnitzii,0.004084503954665687,0.0002714345086022923,24
OnlyMale,RandomForest,YuJ_2015,0.8289141414141414,rCLR_Collinsella aerofaciens,rCLR,Collinsella aerofaciens,0.004021590469096562,-0.00020860027029620052,25
OnlyMale,RandomForest,YuJ_2015,0.8289141414141414,rCLR_Methanobrevibacter smithii,rCLR,Methanobrevibacter smithii,0.003973637623914953,-0.00020222131895652402,26
OnlyMale,RandomForest,YuJ_2015,0.8289141414141414,rCLR_Anaerostipes hadrus,rCLR,Anaerostipes hadrus,0.0038960273410260883,0.00024346047800634572,27
OnlyMale,RandomForest,YuJ_2015,0.8289141414141414,rCLR_Desulfovibrio piger,rCLR,Desulfovibrio piger,0.0036979512762582594,-0.001054128419621286,28
OnlyMale,RandomForest,YuJ_2015,0.8289141414141414,rCLR_[Ruminococcus] torques,rCLR,[Ruminococcus] torques,0.003506232674408878,-0.00035704178054179434,29
OnlyMale,RandomForest,YuJ_2015,0.8289141414141414,rCLR_Clostridium sp. CAG:58,rCLR,Clostridium sp. CAG:58,0.003426946504261928,-0.0002634808742066362,30
OnlyMale,RandomForest,YuJ_2015,0.8289141414141414,rCLR_Eubacterium sp. CAG:38,rCLR,Eubacterium sp. CAG:38,0.0033297769039351876,-0.00027213581165474467,31
OnlyMale,RandomForest,YuJ_2015,0.8289141414141414,rCLR_Gemmiger formicilis,rCLR,Gemmiger formicilis,0.0031824393691733377,-0.0011982650068012458,32
OnlyMale,RandomForest,YuJ_2015,0.8289141414141414,rCLR_Coprobacter fastidiosus,rCLR,Coprobacter fastidiosus,0.0030024398818722297,-0.001009311061740125,33
OnlyMale,RandomForest,YuJ_2015,0.8289141414141414,rCLR_Bacteroides salyersiae,rCLR,Bacteroides salyersiae,0.0029734415353889366,0.00010937196362961112,34
OnlyMale,RandomForest,YuJ_2015,0.8289141414141414,rCLR_Parabacteroides merdae,rCLR,Parabacteroides merdae,0.0029530373720291453,9.601930075892577e-05,35
OnlyMale,RandomForest,YuJ_2015,0.8289141414141414,rCLR_Bacteroides sp. CAG:144,rCLR,Bacteroides sp. CAG:144,0.0029333342087079456,-0.002932778083438145,36
OnlyMale,RandomForest,YuJ_2015,0.8289141414141414,rCLR_Dorea formicigenerans,rCLR,Dorea formicigenerans,0.002913631102857827,0.0015270855909481932,37
OnlyMale,RandomForest,YuJ_2015,0.8289141414141414,Age,covariate,Age,0.0029082702429793256,0.001288435341744938,38
OnlyMale,RandomForest,YuJ_2015,0.8289141414141414,rCLR_Phocaeicola plebeius,rCLR,Phocaeicola plebeius,0.0028137931494209762,-0.00038340639100531605,39
OnlyMale,RandomForest,YuJ_2015,0.8289141414141414,rCLR_Lawsonibacter asaccharolyticus,rCLR,Lawsonibacter asaccharolyticus,0.0028095930630078177,-0.001470722635379477,40
OnlyMale,RandomForest,YuJ_2015,0.8289141414141414,rCLR_Phocaeicola vulgatus,rCLR,Phocaeicola vulgatus,0.002710643925979746,-0.00018030721268058058,41
OnlyMale,RandomForest,YuJ_2015,0.8289141414141414,rCLR_Bifidobacterium bifidum,rCLR,Bifidobacterium bifidum,0.0026802049330955386,0.0019532643878869523,42
OnlyMale,RandomForest,YuJ_2015,0.8289141414141414,rCLR_Slackia isoflavoniconvertens,rCLR,Slackia isoflavoniconvertens,0.0026742246089489457,-0.0020308270143637474,43
OnlyMale,RandomForest,YuJ_2015,0.8289141414141414,rCLR_Oscillibacter sp. 57_20,rCLR,Oscillibacter sp. 57_20,0.002645987610934082,-0.00013472028692879158,44
OnlyMale,RandomForest,YuJ_2015,0.8289141414141414,rCLR_Holdemanella biformis,rCLR,Holdemanella biformis,0.002613823825116266,-0.0009338188201808128,45
OnlyMale,RandomForest,YuJ_2015,0.8289141414141414,rCLR_Bacteroides fragilis,rCLR,Bacteroides fragilis,0.002608648443042161,0.0010518578470364928,46
OnlyMale,RandomForest,YuJ_2015,0.8289141414141414,rCLR_Phascolarctobacterium faecium,rCLR,Phascolarctobacterium faecium,0.00260640593438795,0.0018823743235224955,47
OnlyMale,RandomForest,YuJ_2015,0.8289141414141414,rCLR_Paraprevotella xylaniphila,rCLR,Paraprevotella xylaniphila,0.002580239646447588,-0.0013433093265502677,48
OnlyMale,RandomForest,YuJ_2015,0.8289141414141414,rCLR_Eubacterium sp. CAG:274,rCLR,Eubacterium sp. CAG:274,0.00255854931092812,-0.0006913202825481319,49
OnlyMale,RandomForest,YuJ_2015,0.8289141414141414,PA_Streptococcus salivarius,PA,Streptococcus salivarius,0.0025485380689017493,-0.0016062654494441925,50
OnlyMale,RandomForest,YuJ_2015,0.8289141414141414,rCLR_Coprococcus catus,rCLR,Coprococcus catus,0.0025342888305461475,-0.000911745452229269,51
OnlyMale,RandomForest,YuJ_2015,0.8289141414141414,rCLR_Alistipes shahii,rCLR,Alistipes shahii,0.0025321490784989873,-0.00016447067996349496,52
OnlyMale,RandomForest,YuJ_2015,0.8289141414141414,rCLR_Eubacterium sp. CAG:251,rCLR,Eubacterium sp. CAG:251,0.002513866113110096,-0.002031979401882117,53
OnlyMale,RandomForest,YuJ_2015,0.8289141414141414,rCLR_Anaerobutyricum hallii,rCLR,Anaerobutyricum hallii,0.002488044600601583,-0.0002522617008976158,54
OnlyMale,RandomForest,YuJ_2015,0.8289141414141414,rCLR_Alistipes finegoldii,rCLR,Alistipes finegoldii,0.0024765069143572026,-0.000201047300922525,55
OnlyMale,RandomForest,YuJ_2015,0.8289141414141414,rCLR_Bacteroides cellulosilyticus,rCLR,Bacteroides cellulosilyticus,0.0024650043514612197,0.0002423784234639497,56
OnlyMale,RandomForest,YuJ_2015,0.8289141414141414,rCLR_[Eubacterium] siraeum,rCLR,[Eubacterium] siraeum,0.002410512121617783,-0.0006127524192197594,57
OnlyMale,RandomForest,YuJ_2015,0.8289141414141414,rCLR_Bifidobacterium longum,rCLR,Bifidobacterium longum,0.0023680502866156297,-0.0002820651448488571,58
OnlyMale,RandomForest,YuJ_2015,0.8289141414141414,rCLR_Roseburia hominis,rCLR,Roseburia hominis,0.0023279300884924965,-0.0002877457607420645,59
OnlyMale,RandomForest,YuJ_2015,0.8289141414141414,rCLR_Klebsiella pneumoniae,rCLR,Klebsiella pneumoniae,0.0023236503620096805,0.0018482571060263403,60
OnlyMale,RandomForest,YuJ_2015,0.8289141414141414,rCLR_Klebsiella variicola,rCLR,Klebsiella variicola,0.0023217974757033743,0.0012993907131828258,61
OnlyMale,RandomForest,YuJ_2015,0.8289141414141414,rCLR_[Eubacterium] rectale,rCLR,[Eubacterium] rectale,0.0022949040422410288,0.0004772497447009396,62
OnlyMale,RandomForest,YuJ_2015,0.8289141414141414,rCLR_Coprococcus comes,rCLR,Coprococcus comes,0.002181687133075864,0.0012908666194163308,63
OnlyMale,RandomForest,YuJ_2015,0.8289141414141414,rCLR_Streptococcus parasanguinis,rCLR,Streptococcus parasanguinis,0.0021807931027215464,0.0005683823702193949,64
OnlyMale,RandomForest,YuJ_2015,0.8289141414141414,rCLR_Klebsiella quasipneumoniae,rCLR,Klebsiella quasipneumoniae,0.0020402317929852296,-5.088727420113798e-05,65
OnlyMale,RandomForest,YuJ_2015,0.8289141414141414,PA_Methanobrevibacter smithii,PA,Methanobrevibacter smithii,0.0020228781620920083,-0.00014244056682759923,66
OnlyMale,RandomForest,YuJ_2015,0.8289141414141414,rCLR_Blautia obeum,rCLR,Blautia obeum,0.001990944985829632,0.00017773906675739936,67
OnlyMale,RandomForest,YuJ_2015,0.8289141414141414,rCLR_Oscillibacter sp. CAG:241,rCLR,Oscillibacter sp. CAG:241,0.001945923690837238,-0.0008961298896097251,68
OnlyMale,RandomForest,YuJ_2015,0.8289141414141414,PA_Bifidobacterium pseudocatenulatum,PA,Bifidobacterium pseudocatenulatum,0.0019077097051916948,-0.0010530831927029753,69
OnlyMale,RandomForest,YuJ_2015,0.8289141414141414,rCLR_Eubacterium sp. CAG:180,rCLR,Eubacterium sp. CAG:180,0.0018977987603654145,-0.0004335023631459273,70
OnlyMale,RandomForest,YuJ_2015,0.8289141414141414,rCLR_Ruminococcus bromii,rCLR,Ruminococcus bromii,0.0018200762917270471,0.0005280995555953234,71
OnlyMale,RandomForest,YuJ_2015,0.8289141414141414,rCLR_Erysipelatoclostridium ramosum,rCLR,Erysipelatoclostridium ramosum,0.001807920114948347,0.00035318973313386466,72
OnlyMale,RandomForest,YuJ_2015,0.8289141414141414,rCLR_Roseburia inulinivorans,rCLR,Roseburia inulinivorans,0.0017765553740072045,0.00018982422778303435,73
OnlyMale,RandomForest,YuJ_2015,0.8289141414141414,rCLR_Phascolarctobacterium succinatutens,rCLR,Phascolarctobacterium succinatutens,0.001735236042370655,0.0006942781776949702,74
OnlyMale,RandomForest,YuJ_2015,0.8289141414141414,rCLR_Firmicutes bacterium CAG:110,rCLR,Firmicutes bacterium CAG:110,0.0016538502021864105,0.00023276903617622832,75
OnlyMale,RandomForest,YuJ_2015,0.8289141414141414,rCLR_[Ruminococcus] gnavus,rCLR,[Ruminococcus] gnavus,0.0016460371576403987,0.00011655365229116717,76
OnlyMale,RandomForest,YuJ_2015,0.8289141414141414,rCLR_Bacteroides eggerthii,rCLR,Bacteroides eggerthii,0.0016372457761828418,0.0007719201177843382,77
OnlyMale,RandomForest,YuJ_2015,0.8289141414141414,rCLR_Enterocloster bolteae,rCLR,Enterocloster bolteae,0.0016244410834083435,0.0004233539245771481,78
OnlyMale,RandomForest,YuJ_2015,0.8289141414141414,rCLR_Veillonella parvula,rCLR,Veillonella parvula,0.0016197007625147687,0.00022941636340247066,79
OnlyMale,RandomForest,YuJ_2015,0.8289141414141414,rCLR_Firmicutes bacterium CAG:83,rCLR,Firmicutes bacterium CAG:83,0.0016069918974279916,0.0007362404796327095,80
OnlyMale,RandomForest,YuJ_2015,0.8289141414141414,rCLR_Prevotella copri,rCLR,Prevotella copri,0.0016058386615372983,0.0006659694265393399,81
OnlyMale,RandomForest,YuJ_2015,0.8289141414141414,rCLR_Dorea longicatena,rCLR,Dorea longicatena,0.0016032666752367807,0.0002587550107391054,82
OnlyMale,RandomForest,YuJ_2015,0.8289141414141414,rCLR_Bacteroides finegoldii,rCLR,Bacteroides finegoldii,0.0016012675735591756,0.0006618360197475468,83
OnlyMale,RandomForest,YuJ_2015,0.8289141414141414,rCLR_[Ruminococcus] lactaris,rCLR,[Ruminococcus] lactaris,0.0015950822858743102,-0.0005295049776292307,84
OnlyMale,RandomForest,YuJ_2015,0.8289141414141414,PA_Parabacteroides merdae,PA,Parabacteroides merdae,0.0015933843416963754,-0.0005169318493830616,85
OnlyMale,RandomForest,YuJ_2015,0.8289141414141414,rCLR_Bacteroides uniformis,rCLR,Bacteroides uniformis,0.0015874972623383628,0.00048700209976807715,86
OnlyMale,RandomForest,YuJ_2015,0.8289141414141414,rCLR_Coprococcus eutactus,rCLR,Coprococcus eutactus,0.0015818446647885877,-0.000283761203184287,87
OnlyMale,RandomForest,YuJ_2015,0.8289141414141414,rCLR_Dialister invisus,rCLR,Dialister invisus,0.0015677891261553706,0.0011535024212237142,88
OnlyMale,RandomForest,YuJ_2015,0.8289141414141414,PA_Anaerotignum lactatifermentans,PA,Anaerotignum lactatifermentans,0.0015453526387636364,-0.00034022929338755915,89
OnlyMale,RandomForest,YuJ_2015,0.8289141414141414,rCLR_Phocaeicola dorei,rCLR,Phocaeicola dorei,0.0015399805532000852,-0.0004725444007247233,90
OnlyMale,RandomForest,YuJ_2015,0.8289141414141414,rCLR_Ruminococcus bicirculans,rCLR,Ruminococcus bicirculans,0.001452315288011269,0.00024226059708834814,91
OnlyMale,RandomForest,YuJ_2015,0.8289141414141414,rCLR_Veillonella atypica,rCLR,Veillonella atypica,0.0014304227288987393,0.000195012124046053,92
OnlyMale,RandomForest,YuJ_2015,0.8289141414141414,rCLR_Megamonas funiformis,rCLR,Megamonas funiformis,0.001423627842761991,0.0006360268988428911,93
OnlyMale,RandomForest,YuJ_2015,0.8289141414141414,rCLR_Streptococcus salivarius,rCLR,Streptococcus salivarius,0.0014188288069982321,0.00037219746481665793,94
OnlyMale,RandomForest,YuJ_2015,0.8289141414141414,rCLR_Adlercreutzia equolifaciens_1,rCLR,Adlercreutzia equolifaciens_1,0.0013568660743526017,0.00017332665284426922,95
OnlyMale,RandomForest,YuJ_2015,0.8289141414141414,PA_Eubacterium sp. CAG:274,PA,Eubacterium sp. CAG:274,0.0013543731489641603,-0.0003985096389441221,96
OnlyMale,RandomForest,YuJ_2015,0.8289141414141414,rCLR_Bacteroides xylanisolvens,rCLR,Bacteroides xylanisolvens,0.0013275672967816452,0.00032026433980432363,97
OnlyMale,RandomForest,YuJ_2015,0.8289141414141414,rCLR_Adlercreutzia equolifaciens,rCLR,Adlercreutzia equolifaciens,0.0012914287149348677,0.0002739539648002616,98
OnlyMale,RandomForest,YuJ_2015,0.8289141414141414,rCLR_Phocaeicola massiliensis,rCLR,Phocaeicola massiliensis,0.0012695370483621123,8.476438764563215e-05,99
OnlyMale,RandomForest,YuJ_2015,0.8289141414141414,rCLR_Blautia sp. CAG:257,rCLR,Blautia sp. CAG:257,0.001248790445629315,-0.0005730716192488107,100
OnlyMale,RandomForest,YuJ_2015,0.8289141414141414,PA_Bacteroides cellulosilyticus,PA,Bacteroides cellulosilyticus,0.0012337561757034261,0.0005432463451751864,101
OnlyMale,RandomForest,YuJ_2015,0.8289141414141414,rCLR_Bacteroides intestinalis,rCLR,Bacteroides intestinalis,0.0012014737378375534,0.00011437267553797413,102
OnlyMale,RandomForest,YuJ_2015,0.8289141414141414,rCLR_Blautia wexlerae,rCLR,Blautia wexlerae,0.0011948330108903092,3.561355267843308e-05,103
OnlyMale,RandomForest,YuJ_2015,0.8289141414141414,rCLR_Acidaminococcus intestini,rCLR,Acidaminococcus intestini,0.0011926734006871673,0.0006805665375244701,104
OnlyMale,RandomForest,YuJ_2015,0.8289141414141414,rCLR_Bacteroides ovatus,rCLR,Bacteroides ovatus,0.001166459380678742,0.0005801045204678832,105
OnlyMale,RandomForest,YuJ_2015,0.8289141414141414,rCLR_Anaerotignum lactatifermentans,rCLR,Anaerotignum lactatifermentans,0.0011322572182173116,-1.4117690341023111e-05,106
OnlyMale,RandomForest,YuJ_2015,0.8289141414141414,rCLR_Eggerthella lenta,rCLR,Eggerthella lenta,0.0011227600900400737,-0.00012482828973673014,107
OnlyMale,RandomForest,YuJ_2015,0.8289141414141414,rCLR_Bacteroides stercoris,rCLR,Bacteroides stercoris,0.00110096044167287,-6.516991733523612e-05,108
OnlyMale,RandomForest,YuJ_2015,0.8289141414141414,PA_Akkermansia muciniphila,PA,Akkermansia muciniphila,0.001100160010321034,0.00013279654396494215,109
OnlyMale,RandomForest,YuJ_2015,0.8289141414141414,PA_Klebsiella pneumoniae,PA,Klebsiella pneumoniae,0.0010938817611181703,0.0009670163158907568,110
OnlyMale,RandomForest,YuJ_2015,0.8289141414141414,rCLR_Proteobacteria bacterium CAG:139,rCLR,Proteobacteria bacterium CAG:139,0.0010228497471029432,-0.00043485259566195184,111
OnlyMale,RandomForest,YuJ_2015,0.8289141414141414,rCLR_Barnesiella intestinihominis,rCLR,Barnesiella intestinihominis,0.0009557424675242279,0.0007135600591886754,112
OnlyMale,RandomForest,YuJ_2015,0.8289141414141414,rCLR_Bifidobacterium adolescentis,rCLR,Bifidobacterium adolescentis,0.0009500752814142131,-0.00016692876717022795,113
OnlyMale,RandomForest,YuJ_2015,0.8289141414141414,rCLR_Eubacterium ramulus,rCLR,Eubacterium ramulus,0.0009352093381127613,-5.304099095508785e-05,114
OnlyMale,RandomForest,YuJ_2015,0.8289141414141414,PA_Holdemanella biformis,PA,Holdemanella biformis,0.0009313765377359256,-1.0342623467910374e-05,115
OnlyMale,RandomForest,YuJ_2015,0.8289141414141414,rCLR_Intestinibacter bartlettii,rCLR,Intestinibacter bartlettii,0.0009146274841837076,0.000184129314295315,116
OnlyMale,RandomForest,YuJ_2015,0.8289141414141414,PA_Bacteroides salyersiae,PA,Bacteroides salyersiae,0.0009062972473909346,0.0004858957239451963,117
OnlyMale,RandomForest,YuJ_2015,0.8289141414141414,PA_[Ruminococcus] torques,PA,[Ruminococcus] torques,0.0008848374658618985,0.00025531019730482934,118
OnlyMale,RandomForest,YuJ_2015,0.8289141414141414,PA_Phocaeicola coprocola,PA,Phocaeicola coprocola,0.0008735422432721942,0.0003790965979147858,119
OnlyMale,RandomForest,YuJ_2015,0.8289141414141414,rCLR_Parasutterella excrementihominis,rCLR,Parasutterella excrementihominis,0.0008480518627445174,-7.538900627881879e-05,120
OnlyMale,RandomForest,YuJ_2015,0.8289141414141414,PA_Lawsonibacter asaccharolyticus,PA,Lawsonibacter asaccharolyticus,0.000758978245025297,-0.00044462668759923373,121
OnlyMale,RandomForest,YuJ_2015,0.8289141414141414,PA_Megamonas funiformis,PA,Megamonas funiformis,0.0007116867217599912,0.00045829282725210244,122
OnlyMale,RandomForest,YuJ_2015,0.8289141414141414,rCLR_Streptococcus thermophilus,rCLR,Streptococcus thermophilus,0.0007031164379284537,-0.0002560738198044103,123
OnlyMale,RandomForest,YuJ_2015,0.8289141414141414,PA_Dorea longicatena,PA,Dorea longicatena,0.0006796501311350125,-4.206206016666726e-05,124
OnlyMale,RandomForest,YuJ_2015,0.8289141414141414,PA_Phascolarctobacterium faecium,PA,Phascolarctobacterium faecium,0.0006733863896176759,0.0005122610706909044,125
OnlyMale,RandomForest,YuJ_2015,0.8289141414141414,PA_Escherichia coli,PA,Escherichia coli,0.0006652659523552261,0.0005900320735231694,126
OnlyMale,RandomForest,YuJ_2015,0.8289141414141414,PA_Roseburia intestinalis,PA,Roseburia intestinalis,0.0006532200487756271,-6.509439552086519e-05,127
OnlyMale,RandomForest,YuJ_2015,0.8289141414141414,PA_Bacteroides stercoris,PA,Bacteroides stercoris,0.000626861905914104,0.000257870713342518,128
OnlyMale,RandomForest,YuJ_2015,0.8289141414141414,PA_Enterocloster bolteae,PA,Enterocloster bolteae,0.0006009980932957974,0.00023152985601264134,129
OnlyMale,RandomForest,YuJ_2015,0.8289141414141414,PA_[Eubacterium] siraeum,PA,[Eubacterium] siraeum,0.0005997196227947582,-0.00013802050753769854,130
OnlyMale,RandomForest,YuJ_2015,0.8289141414141414,PA_Phocaeicola plebeius,PA,Phocaeicola plebeius,0.0005943813021409709,0.00024017441442155256,131
OnlyMale,RandomForest,YuJ_2015,0.8289141414141414,PA_Butyricimonas virosa,PA,Butyricimonas virosa,0.0005919286614159169,-4.1056097703169504e-05,132
OnlyMale,RandomForest,YuJ_2015,0.8289141414141414,PA_Collinsella aerofaciens,PA,Collinsella aerofaciens,0.0005909065773848222,0.000240340520422164,133
OnlyMale,RandomForest,YuJ_2015,0.8289141414141414,rCLR_Alistipes inops,rCLR,Alistipes inops,0.0005824520373214951,-4.5839759268685216e-05,134
OnlyMale,RandomForest,YuJ_2015,0.8289141414141414,PA_Clostridium sp. CAG:58,PA,Clostridium sp. CAG:58,0.0005819783272375482,0.0001247452434300214,135
OnlyMale,RandomForest,YuJ_2015,0.8289141414141414,PA_Blautia sp. CAG:257,PA,Blautia sp. CAG:257,0.0005713745157238199,0.00036288100671367086,136
OnlyMale,RandomForest,YuJ_2015,0.8289141414141414,PA_Paraprevotella xylaniphila,PA,Paraprevotella xylaniphila,0.0005417659263073385,-0.0002980824274141413,137
OnlyMale,RandomForest,YuJ_2015,0.8289141414141414,PA_Coprococcus catus,PA,Coprococcus catus,0.0005310177723102197,0.00015934557359819048,138
OnlyMale,RandomForest,YuJ_2015,0.8289141414141414,PA_Streptococcus thermophilus,PA,Streptococcus thermophilus,0.000524848660014116,0.0004688457363435514,139
OnlyMale,RandomForest,YuJ_2015,0.8289141414141414,PA_Desulfovibrio piger,PA,Desulfovibrio piger,0.0005226898297286207,-2.7008552295903052e-05,140
OnlyMale,RandomForest,YuJ_2015,0.8289141414141414,PA_Prevotella copri,PA,Prevotella copri,0.000509225052996862,0.0002544055187458582,141
OnlyMale,RandomForest,YuJ_2015,0.8289141414141414,PA_Alistipes finegoldii,PA,Alistipes finegoldii,0.0005053366693867742,-0.00020493346297232868,142
OnlyMale,RandomForest,YuJ_2015,0.8289141414141414,PA_Bifidobacterium bifidum,PA,Bifidobacterium bifidum,0.00048317028051267407,0.0001838175744373797,143
OnlyMale,RandomForest,YuJ_2015,0.8289141414141414,PA_Klebsiella quasipneumoniae,PA,Klebsiella quasipneumoniae,0.0004828513710482458,0.00040281715287808674,144
OnlyMale,RandomForest,YuJ_2015,0.8289141414141414,PA_Bacteroides caccae,PA,Bacteroides caccae,0.00048162290475748656,0.00012147799707463717,145
OnlyMale,RandomForest,YuJ_2015,0.8289141414141414,PA_Lachnospira eligens,PA,Lachnospira eligens,0.0004759230805526359,-0.00022550104730981388,146
OnlyMale,RandomForest,YuJ_2015,0.8289141414141414,PA_Phocaeicola dorei,PA,Phocaeicola dorei,0.00046425571570930433,0.0002500641088927248,147
OnlyMale,RandomForest,YuJ_2015,0.8289141414141414,PA_Eubacterium sp. CAG:38,PA,Eubacterium sp. CAG:38,0.0004629517602689208,-0.00012859787194343042,148
OnlyMale,RandomForest,YuJ_2015,0.8289141414141414,PA_Proteobacteria bacterium CAG:139,PA,Proteobacteria bacterium CAG:139,0.00045176969393673347,-2.3114500920503217e-05,149
OnlyMale,RandomForest,YuJ_2015,0.8289141414141414,PA_Veillonella atypica,PA,Veillonella atypica,0.00044679318161681524,4.074655051666976e-05,150
OnlyMale,RandomForest,YuJ_2015,0.8289141414141414,PA_Ruminococcus bicirculans,PA,Ruminococcus bicirculans,0.00044346459424671425,-5.6936897938166956e-05,151
OnlyMale,RandomForest,YuJ_2015,0.8289141414141414,PA_Firmicutes bacterium CAG:145,PA,Firmicutes bacterium CAG:145,0.0004375228979593659,-0.00020126257276722328,152
OnlyMale,RandomForest,YuJ_2015,0.8289141414141414,PA_Eggerthella lenta,PA,Eggerthella lenta,0.0004037987991528328,2.241192865152957e-05,153
OnlyMale,RandomForest,YuJ_2015,0.8289141414141414,PA_Firmicutes bacterium CAG:83,PA,Firmicutes bacterium CAG:83,0.00036586918315829366,-8.641906577838334e-05,154
OnlyMale,RandomForest,YuJ_2015,0.8289141414141414,PA_[Eubacterium] rectale,PA,[Eubacterium] rectale,0.00035754833428408697,1.5509398338027778e-05,155
OnlyMale,RandomForest,YuJ_2015,0.8289141414141414,PA_Klebsiella variicola,PA,Klebsiella variicola,0.00034701736650553895,0.00014712654516727442,156
OnlyMale,RandomForest,YuJ_2015,0.8289141414141414,PA_Bacteroides fragilis,PA,Bacteroides fragilis,0.00033659630246579995,0.00010223679957187525,157
OnlyMale,RandomForest,YuJ_2015,0.8289141414141414,PA_Gemmiger formicilis,PA,Gemmiger formicilis,0.0003327275263516862,-2.6604146778711108e-05,158
OnlyMale,RandomForest,YuJ_2015,0.8289141414141414,PA_Oscillibacter sp. CAG:241,PA,Oscillibacter sp. CAG:241,0.00032889579981149807,0.00010084888468363162,159
OnlyMale,RandomForest,YuJ_2015,0.8289141414141414,PA_Veillonella parvula,PA,Veillonella parvula,0.0003148739093931188,0.0001330880801514986,160
OnlyMale,RandomForest,YuJ_2015,0.8289141414141414,PA_Bacteroides eggerthii,PA,Bacteroides eggerthii,0.0003023643108767009,-3.591073523143071e-05,161
OnlyMale,RandomForest,YuJ_2015,0.8289141414141414,PA_Phascolarctobacterium succinatutens,PA,Phascolarctobacterium succinatutens,0.0002983351748794659,-7.43155097597903e-05,162
OnlyMale,RandomForest,YuJ_2015,0.8289141414141414,PA_Barnesiella intestinihominis,PA,Barnesiella intestinihominis,0.0002900876748979869,0.00018270955796682506,163
OnlyMale,RandomForest,YuJ_2015,0.8289141414141414,PA_Fusicatenibacter saccharivorans,PA,Fusicatenibacter saccharivorans,0.0002864155147166966,-3.418174780572821e-06,164
OnlyMale,RandomForest,YuJ_2015,0.8289141414141414,PA_Odoribacter splanchnicus,PA,Odoribacter splanchnicus,0.00027350670012318455,9.626877654324906e-06,165
OnlyMale,RandomForest,YuJ_2015,0.8289141414141414,PA_Eubacterium sp. CAG:251,PA,Eubacterium sp. CAG:251,0.00027119463114515236,7.75964651007195e-07,166
OnlyMale,RandomForest,YuJ_2015,0.8289141414141414,PA_Alistipes putredinis,PA,Alistipes putredinis,0.0002671470670520843,-0.00011362007966411168,167
OnlyMale,RandomForest,YuJ_2015,0.8289141414141414,PA_Bacteroides sp. CAG:144,PA,Bacteroides sp. CAG:144,0.0002662198977722189,-0.0002662198977722189,168
OnlyMale,RandomForest,YuJ_2015,0.8289141414141414,PA_Bacteroides finegoldii,PA,Bacteroides finegoldii,0.0002651198635335211,-3.0162187863599443e-05,169
OnlyMale,RandomForest,YuJ_2015,0.8289141414141414,PA_Acidaminococcus intestini,PA,Acidaminococcus intestini,0.0002635382285712632,-8.670006542359423e-05,170
OnlyMale,RandomForest,YuJ_2015,0.8289141414141414,PA_Adlercreutzia equolifaciens_1,PA,Adlercreutzia equolifaciens_1,0.0002635003851848772,5.7966506951839555e-06,171
OnlyMale,RandomForest,YuJ_2015,0.8289141414141414,PA_Agathobaculum butyriciproducens,PA,Agathobaculum butyriciproducens,0.0002617469184794891,-3.338637200922967e-05,172
OnlyMale,RandomForest,YuJ_2015,0.8289141414141414,PA_Bifidobacterium adolescentis,PA,Bifidobacterium adolescentis,0.0002592122716662875,0.00013370980822264197,173
OnlyMale,RandomForest,YuJ_2015,0.8289141414141414,PA_Intestinibacter bartlettii,PA,Intestinibacter bartlettii,0.0002573291512462844,4.155465572554742e-05,174
OnlyMale,RandomForest,YuJ_2015,0.8289141414141414,PA_Alistipes shahii,PA,Alistipes shahii,0.00025594063443393726,-9.554670621454715e-06,175
OnlyMale,RandomForest,YuJ_2015,0.8289141414141414,PA_Bacteroides intestinalis,PA,Bacteroides intestinalis,0.0002543703538468811,-8.09313605248985e-05,176
OnlyMale,RandomForest,YuJ_2015,0.8289141414141414,PA_Roseburia faecis,PA,Roseburia faecis,0.0002514059472917891,-8.485253620484495e-05,177
OnlyMale,RandomForest,YuJ_2015,0.8289141414141414,PA_Bifidobacterium longum,PA,Bifidobacterium longum,0.0002465413444030322,-8.001476579902441e-05,178
OnlyMale,RandomForest,YuJ_2015,0.8289141414141414,PA_Oscillibacter sp. 57_20,PA,Oscillibacter sp. 57_20,0.00024597828484390573,3.9177271868488084e-05,179
OnlyMale,RandomForest,YuJ_2015,0.8289141414141414,PA_Anaerobutyricum hallii,PA,Anaerobutyricum hallii,0.0002385325559149804,-8.386870575976928e-06,180
OnlyMale,RandomForest,YuJ_2015,0.8289141414141414,PA_Bacteroides ovatus,PA,Bacteroides ovatus,0.00023850930822308153,9.100586805164407e-05,181
OnlyMale,RandomForest,YuJ_2015,0.8289141414141414,PA_Coprococcus eutactus,PA,Coprococcus eutactus,0.000233519546764305,2.244048028191975e-05,182
OnlyMale,RandomForest,YuJ_2015,0.8289141414141414,PA_Dorea formicigenerans,PA,Dorea formicigenerans,0.00023192123656169867,9.251213236368637e-05,183
OnlyMale,RandomForest,YuJ_2015,0.8289141414141414,PA_Adlercreutzia equolifaciens,PA,Adlercreutzia equolifaciens,0.00023033677862582791,7.833933886180539e-05,184
OnlyMale,RandomForest,YuJ_2015,0.8289141414141414,PA_Faecalibacterium prausnitzii,PA,Faecalibacterium prausnitzii,0.0002290792395290328,-5.424720356859714e-05,185
OnlyMale,RandomForest,YuJ_2015,0.8289141414141414,PA_Eubacterium sp. CAG:180,PA,Eubacterium sp. CAG:180,0.00022466874489878057,0.00013576063008018962,186
OnlyMale,RandomForest,YuJ_2015,0.8289141414141414,PA_Eubacterium ventriosum,PA,Eubacterium ventriosum,0.00022224222669743165,4.796451492785313e-05,187
OnlyMale,RandomForest,YuJ_2015,0.8289141414141414,PA_Streptococcus parasanguinis,PA,Streptococcus parasanguinis,0.00021952305903078068,0.00011979294777194679,188
OnlyMale,RandomForest,YuJ_2015,0.8289141414141414,PA_Firmicutes bacterium CAG:110,PA,Firmicutes bacterium CAG:110,0.00021777760822334002,-8.534077506640664e-05,189
OnlyMale,RandomForest,YuJ_2015,0.8289141414141414,PA_Lachnospira pectinoschiza,PA,Lachnospira pectinoschiza,0.0002138537386253199,9.161573602230118e-05,190
OnlyMale,RandomForest,YuJ_2015,0.8289141414141414,PA_Parabacteroides distasonis,PA,Parabacteroides distasonis,0.00021290112686102035,4.4814012175072285e-05,191
OnlyMale,RandomForest,YuJ_2015,0.8289141414141414,PA_[Ruminococcus] gnavus,PA,[Ruminococcus] gnavus,0.00021057950413126401,-5.5245660953470946e-06,192
OnlyMale,RandomForest,YuJ_2015,0.8289141414141414,PA_[Ruminococcus] lactaris,PA,[Ruminococcus] lactaris,0.00020305730520303069,4.0560092286148695e-06,193
OnlyMale,RandomForest,YuJ_2015,0.8289141414141414,PA_Erysipelatoclostridium ramosum,PA,Erysipelatoclostridium ramosum,0.000201394172301182,6.675957862402721e-05,194
OnlyMale,RandomForest,YuJ_2015,0.8289141414141414,PA_Slackia isoflavoniconvertens,PA,Slackia isoflavoniconvertens,0.00019691438207087214,7.468103391868764e-05,195
OnlyMale,RandomForest,YuJ_2015,0.8289141414141414,PA_Eubacterium ramulus,PA,Eubacterium ramulus,0.00019593829112984402,-3.811246988765494e-05,196
OnlyMale,RandomForest,YuJ_2015,0.8289141414141414,PA_Roseburia inulinivorans,PA,Roseburia inulinivorans,0.00019528444804947667,-2.2839333603143844e-05,197
OnlyMale,RandomForest,YuJ_2015,0.8289141414141414,PA_Phocaeicola vulgatus,PA,Phocaeicola vulgatus,0.0001904594017761932,0.00014175676216651075,198
OnlyMale,RandomForest,YuJ_2015,0.8289141414141414,PA_Parasutterella excrementihominis,PA,Parasutterella excrementihominis,0.00018556876200507823,2.3350644026552054e-05,199
OnlyMale,RandomForest,YuJ_2015,0.8289141414141414,PA_Coprococcus comes,PA,Coprococcus comes,0.00017072112257832586,6.380164135620158e-06,200
OnlyMale,RandomForest,YuJ_2015,0.8289141414141414,PA_Bacteroides thetaiotaomicron,PA,Bacteroides thetaiotaomicron,0.00016910416966251578,8.976032541911657e-05,201
OnlyMale,RandomForest,YuJ_2015,0.8289141414141414,PA_Bacteroides xylanisolvens,PA,Bacteroides xylanisolvens,0.000157247946483314,-4.6721203189838336e-05,202
OnlyMale,RandomForest,YuJ_2015,0.8289141414141414,PA_Phocaeicola massiliensis,PA,Phocaeicola massiliensis,0.00015447887128272063,-1.7624351115304447e-05,203
OnlyMale,RandomForest,YuJ_2015,0.8289141414141414,PA_Ruminococcus bromii,PA,Ruminococcus bromii,0.0001534456110743186,-1.4897481036024217e-05,204
OnlyMale,RandomForest,YuJ_2015,0.8289141414141414,PA_Gordonibacter pamelaeae,PA,Gordonibacter pamelaeae,0.00014807234185633996,1.2419586107979339e-05,205
OnlyMale,RandomForest,YuJ_2015,0.8289141414141414,PA_Roseburia hominis,PA,Roseburia hominis,0.00014162115110686452,-3.929353426152762e-05,206
OnlyMale,RandomForest,YuJ_2015,0.8289141414141414,PA_Ruthenibacterium lactatiformans,PA,Ruthenibacterium lactatiformans,0.00013944661540996658,-1.1736323030883088e-05,207
OnlyMale,RandomForest,YuJ_2015,0.8289141414141414,PA_Alistipes inops,PA,Alistipes inops,0.00012848783736428185,-7.16930565594179e-05,208
OnlyMale,RandomForest,YuJ_2015,0.8289141414141414,PA_Anaerostipes hadrus,PA,Anaerostipes hadrus,0.0001245343740944599,1.7611526162991426e-05,209
OnlyMale,RandomForest,YuJ_2015,0.8289141414141414,PA_Blautia wexlerae,PA,Blautia wexlerae,0.00012377112490682016,-0.00011322150137416825,210
OnlyMale,RandomForest,YuJ_2015,0.8289141414141414,PA_Blautia obeum,PA,Blautia obeum,0.00012124634773256289,4.032410647971594e-05,211
OnlyMale,RandomForest,YuJ_2015,0.8289141414141414,PA_Coprobacter fastidiosus,PA,Coprobacter fastidiosus,0.00011930102771232645,4.41431126062695e-06,212
OnlyMale,RandomForest,YuJ_2015,0.8289141414141414,PA_Dialister invisus,PA,Dialister invisus,0.00011299000161507931,-3.227722237686861e-05,213
OnlyMale,RandomForest,YuJ_2015,0.8289141414141414,PA_Bacteroides uniformis,PA,Bacteroides uniformis,0.00010514323984412325,1.0049489878872529e-06,214
OnlyMale,RandomForest,YuJ_2015,0.8289141414141414,PA_Flavonifractor plautii,PA,Flavonifractor plautii,9.807006119790124e-05,3.459850443734431e-05,215
OnlyMale,RandomForest,ZellerG_2014,0.769088669950739,PA_Parvimonas micra,PA,Parvimonas micra,0.051006814345415506,0.03005749563632633,1
OnlyMale,RandomForest,ZellerG_2014,0.769088669950739,rCLR_Parvimonas micra,rCLR,Parvimonas micra,0.02374058487647965,0.010814133907383184,2
OnlyMale,RandomForest,ZellerG_2014,0.769088669950739,rCLR_Ruthenibacterium lactatiformans,rCLR,Ruthenibacterium lactatiformans,0.012422600995594495,0.0018710784543352814,3
OnlyMale,RandomForest,ZellerG_2014,0.769088669950739,rCLR_Roseburia faecis,rCLR,Roseburia faecis,0.011600486312486837,-0.004268173542459542,4
OnlyMale,RandomForest,ZellerG_2014,0.769088669950739,rCLR_Eubacterium ventriosum,rCLR,Eubacterium ventriosum,0.010703496729398777,-0.00372396681337096,5
OnlyMale,RandomForest,ZellerG_2014,0.769088669950739,rCLR_Methanobrevibacter smithii,rCLR,Methanobrevibacter smithii,0.010697289991916884,0.008326655716298521,6
OnlyMale,RandomForest,ZellerG_2014,0.769088669950739,rCLR_Odoribacter splanchnicus,rCLR,Odoribacter splanchnicus,0.009780468892284308,0.00584837886025507,7
OnlyMale,RandomForest,ZellerG_2014,0.769088669950739,rCLR_Bacteroides caccae,rCLR,Bacteroides caccae,0.009502527744380243,0.0042901162791290385,8
OnlyMale,RandomForest,ZellerG_2014,0.769088669950739,rCLR_Fusicatenibacter saccharivorans,rCLR,Fusicatenibacter saccharivorans,0.00936418982014159,-0.00011054033662978574,9
OnlyMale,RandomForest,ZellerG_2014,0.769088669950739,rCLR_Roseburia intestinalis,rCLR,Roseburia intestinalis,0.008933038950442684,-0.001034480730999608,10
OnlyMale,RandomForest,ZellerG_2014,0.769088669950739,rCLR_Akkermansia muciniphila,rCLR,Akkermansia muciniphila,0.008862181420827963,0.003260462317810978,11
OnlyMale,RandomForest,ZellerG_2014,0.769088669950739,rCLR_Anaerobutyricum hallii,rCLR,Anaerobutyricum hallii,0.008858268611382123,0.007072689131155301,12
OnlyMale,RandomForest,ZellerG_2014,0.769088669950739,rCLR_Firmicutes bacterium CAG:145,rCLR,Firmicutes bacterium CAG:145,0.008687551168741986,-0.00424580289614296,13
OnlyMale,RandomForest,ZellerG_2014,0.769088669950739,rCLR_Lachnospira eligens,rCLR,Lachnospira eligens,0.008532842568141259,-0.002751859607089007,14
OnlyMale,RandomForest,ZellerG_2014,0.769088669950739,rCLR_Bifidobacterium pseudocatenulatum,rCLR,Bifidobacterium pseudocatenulatum,0.006963261414054892,0.0047528000996675795,15
OnlyMale,RandomForest,ZellerG_2014,0.769088669950739,rCLR_Lachnospira pectinoschiza,rCLR,Lachnospira pectinoschiza,0.00673575252739487,-0.0017552203840477938,16
OnlyMale,RandomForest,ZellerG_2014,0.769088669950739,rCLR_Coprococcus catus,rCLR,Coprococcus catus,0.006409968289390017,0.0024663160080494817,17
OnlyMale,RandomForest,ZellerG_2014,0.769088669950739,rCLR_Phocaeicola coprocola,rCLR,Phocaeicola coprocola,0.006390210818084428,-0.0034150497908288064,18
OnlyMale,RandomForest,ZellerG_2014,0.769088669950739,rCLR_Dorea formicigenerans,rCLR,Dorea formicigenerans,0.0060282652676263435,0.0030952318461877457,19
OnlyMale,RandomForest,ZellerG_2014,0.769088669950739,rCLR_Dorea longicatena,rCLR,Dorea longicatena,0.005781779294640982,0.004351776435371326,20
OnlyMale,RandomForest,ZellerG_2014,0.769088669950739,rCLR_Paraprevotella xylaniphila,rCLR,Paraprevotella xylaniphila,0.005059955194985321,0.0004558452786659077,21
OnlyMale,RandomForest,ZellerG_2014,0.769088669950739,rCLR_Eubacterium sp. CAG:251,rCLR,Eubacterium sp. CAG:251,0.005037808620444368,0.003311429212602043,22
OnlyMale,RandomForest,ZellerG_2014,0.769088669950739,rCLR_Faecalibacterium prausnitzii,rCLR,Faecalibacterium prausnitzii,0.004873593700184651,-0.000509299810727367,23
OnlyMale,RandomForest,ZellerG_2014,0.769088669950739,rCLR_Blautia obeum,rCLR,Blautia obeum,0.004425061291913623,0.0032420996667975963,24
OnlyMale,RandomForest,ZellerG_2014,0.769088669950739,PA_Methanobrevibacter smithii,PA,Methanobrevibacter smithii,0.004210192657656264,0.003384043120373654,25
OnlyMale,RandomForest,ZellerG_2014,0.769088669950739,rCLR_Anaerostipes hadrus,rCLR,Anaerostipes hadrus,0.004110438560102554,-0.0011219568486507724,26
OnlyMale,RandomForest,ZellerG_2014,0.769088669950739,rCLR_[Ruminococcus] torques,rCLR,[Ruminococcus] torques,0.004102491033842717,0.0010768185696467217,27
OnlyMale,RandomForest,ZellerG_2014,0.769088669950739,rCLR_Collinsella aerofaciens,rCLR,Collinsella aerofaciens,0.004037509141198905,-0.0019420064775851839,28
OnlyMale,RandomForest,ZellerG_2014,0.769088669950739,Age,covariate,Age,0.0037982406799530397,0.0017846601762186946,29
OnlyMale,RandomForest,ZellerG_2014,0.769088669950739,rCLR_Parabacteroides distasonis,rCLR,Parabacteroides distasonis,0.003766839296102423,-2.6344139830241055e-05,30
OnlyMale,RandomForest,ZellerG_2014,0.769088669950739,rCLR_Butyricimonas virosa,rCLR,Butyricimonas virosa,0.003461865928947324,0.0006840594507461254,31
OnlyMale,RandomForest,ZellerG_2014,0.769088669950739,rCLR_Roseburia hominis,rCLR,Roseburia hominis,0.0034349162589052966,0.00022685460339252696,32
OnlyMale,RandomForest,ZellerG_2014,0.769088669950739,rCLR_[Eubacterium] siraeum,rCLR,[Eubacterium] siraeum,0.0032505549757979118,0.0013324033544113195,33
OnlyMale,RandomForest,ZellerG_2014,0.769088669950739,rCLR_Veillonella atypica,rCLR,Veillonella atypica,0.0032426285495254148,-0.00135029826948881,34
OnlyMale,RandomForest,ZellerG_2014,0.769088669950739,rCLR_Bifidobacterium bifidum,rCLR,Bifidobacterium bifidum,0.0032382241507581066,0.0009533581288588686,35
OnlyMale,RandomForest,ZellerG_2014,0.769088669950739,PA_Collinsella aerofaciens,PA,Collinsella aerofaciens,0.003190266975531095,0.00022076612549508075,36
OnlyMale,RandomForest,ZellerG_2014,0.769088669950739,rCLR_Bacteroides salyersiae,rCLR,Bacteroides salyersiae,0.0030567415396309233,-0.00043390129053533564,37
OnlyMale,RandomForest,ZellerG_2014,0.769088669950739,rCLR_Clostridium sp. CAG:58,rCLR,Clostridium sp. CAG:58,0.003006486250005237,-0.0007012914979222925,38
OnlyMale,RandomForest,ZellerG_2014,0.769088669950739,rCLR_Bacteroides sp. CAG:144,rCLR,Bacteroides sp. CAG:144,0.0029346000972619623,-0.0025738589844391657,39
OnlyMale,RandomForest,ZellerG_2014,0.769088669950739,rCLR_Oscillibacter sp. CAG:241,rCLR,Oscillibacter sp. CAG:241,0.002932086841067735,0.0010685628071606936,40
OnlyMale,RandomForest,ZellerG_2014,0.769088669950739,rCLR_Bacteroides thetaiotaomicron,rCLR,Bacteroides thetaiotaomicron,0.0029067335361433917,0.00033196320223236454,41
OnlyMale,RandomForest,ZellerG_2014,0.769088669950739,rCLR_Agathobaculum butyriciproducens,rCLR,Agathobaculum butyriciproducens,0.0028150839314209242,0.0017997786628762987,42
OnlyMale,RandomForest,ZellerG_2014,0.769088669950739,rCLR_Ruminococcus bromii,rCLR,Ruminococcus bromii,0.0027697526145796557,0.0010604403617758837,43
OnlyMale,RandomForest,ZellerG_2014,0.769088669950739,rCLR_Eubacterium sp. CAG:38,rCLR,Eubacterium sp. CAG:38,0.0027593536138317866,0.0004017440718420024,44
OnlyMale,RandomForest,ZellerG_2014,0.769088669950739,rCLR_Alistipes finegoldii,rCLR,Alistipes finegoldii,0.0027413898251320715,0.0007435079489614267,45
OnlyMale,RandomForest,ZellerG_2014,0.769088669950739,rCLR_Bacteroides cellulosilyticus,rCLR,Bacteroides cellulosilyticus,0.002398827263571873,0.0008810682127214858,46
OnlyMale,RandomForest,ZellerG_2014,0.769088669950739,rCLR_Blautia sp. CAG:257,rCLR,Blautia sp. CAG:257,0.0023850880543168497,-0.0009570405375049542,47
OnlyMale,RandomForest,ZellerG_2014,0.769088669950739,rCLR_Escherichia coli,rCLR,Escherichia coli,0.002378074817259371,0.0014560370559720006,48
OnlyMale,RandomForest,ZellerG_2014,0.769088669950739,rCLR_Phocaeicola vulgatus,rCLR,Phocaeicola vulgatus,0.002353306259657643,0.000982461894461044,49
OnlyMale,RandomForest,ZellerG_2014,0.769088669950739,rCLR_Phocaeicola dorei,rCLR,Phocaeicola dorei,0.002351985049386044,-0.00038929747473627713,50
OnlyMale,RandomForest,ZellerG_2014,0.769088669950739,rCLR_Coprobacter fastidiosus,rCLR,Coprobacter fastidiosus,0.0022482772804123165,-0.0007799248300386336,51
OnlyMale,RandomForest,ZellerG_2014,0.769088669950739,rCLR_Bifidobacterium adolescentis,rCLR,Bifidobacterium adolescentis,0.002229053110935976,0.0010716304552808545,52
OnlyMale,RandomForest,ZellerG_2014,0.769088669950739,rCLR_[Eubacterium] rectale,rCLR,[Eubacterium] rectale,0.0021688574050402047,0.0004172832189682755,53
OnlyMale,RandomForest,ZellerG_2014,0.769088669950739,rCLR_Phascolarctobacterium succinatutens,rCLR,Phascolarctobacterium succinatutens,0.002168282966262228,0.0004547370650257911,54
OnlyMale,RandomForest,ZellerG_2014,0.769088669950739,rCLR_Flavonifractor plautii,rCLR,Flavonifractor plautii,0.002124301319963512,-0.0005575840556355393,55
OnlyMale,RandomForest,ZellerG_2014,0.769088669950739,rCLR_Gemmiger formicilis,rCLR,Gemmiger formicilis,0.0020530999043035488,0.0005027920931513207,56
OnlyMale,RandomForest,ZellerG_2014,0.769088669950739,rCLR_Roseburia inulinivorans,rCLR,Roseburia inulinivorans,0.0019910636263202365,0.0001302124591544662,57
OnlyMale,RandomForest,ZellerG_2014,0.769088669950739,rCLR_Proteobacteria bacterium CAG:139,rCLR,Proteobacteria bacterium CAG:139,0.0019889796317036344,-0.0007712967576064482,58
OnlyMale,RandomForest,ZellerG_2014,0.769088669950739,rCLR_Eubacterium sp. CAG:274,rCLR,Eubacterium sp. CAG:274,0.0019749386203395006,-0.0015817544577582316,59
OnlyMale,RandomForest,ZellerG_2014,0.769088669950739,rCLR_Bifidobacterium longum,rCLR,Bifidobacterium longum,0.001968538817465149,7.379496217265622e-05,60
OnlyMale,RandomForest,ZellerG_2014,0.769088669950739,rCLR_Prevotella copri,rCLR,Prevotella copri,0.001957198558788343,0.0008962291167446352,61
OnlyMale,RandomForest,ZellerG_2014,0.769088669950739,rCLR_Bacteroides xylanisolvens,rCLR,Bacteroides xylanisolvens,0.001900192595748125,0.001370181610041933,62
OnlyMale,RandomForest,ZellerG_2014,0.769088669950739,rCLR_Coprococcus comes,rCLR,Coprococcus comes,0.0018671089505523685,0.00012308384107201373,63
OnlyMale,RandomForest,ZellerG_2014,0.769088669950739,rCLR_Adlercreutzia equolifaciens_1,rCLR,Adlercreutzia equolifaciens_1,0.0017950946431583984,0.00011431944414496618,64
OnlyMale,RandomForest,ZellerG_2014,0.769088669950739,rCLR_Acidaminococcus intestini,rCLR,Acidaminococcus intestini,0.0017866011787589695,-0.000956562699344609,65
OnlyMale,RandomForest,ZellerG_2014,0.769088669950739,rCLR_Alistipes putredinis,rCLR,Alistipes putredinis,0.0017363654012085919,0.0004035091481487523,66
OnlyMale,RandomForest,ZellerG_2014,0.769088669950739,rCLR_Barnesiella intestinihominis,rCLR,Barnesiella intestinihominis,0.0017285430703012478,0.0008029816488930973,67
OnlyMale,RandomForest,ZellerG_2014,0.769088669950739,rCLR_Phocaeicola plebeius,rCLR,Phocaeicola plebeius,0.0017142907979588807,0.0002013208629964658,68
OnlyMale,RandomForest,ZellerG_2014,0.769088669950739,rCLR_Intestinibacter bartlettii,rCLR,Intestinibacter bartlettii,0.0017042594760605246,0.00056169343063118,69
OnlyMale,RandomForest,ZellerG_2014,0.769088669950739,rCLR_Gordonibacter pamelaeae,rCLR,Gordonibacter pamelaeae,0.0016956183631382932,0.0010801501657541675,70
OnlyMale,RandomForest,ZellerG_2014,0.769088669950739,rCLR_Firmicutes bacterium CAG:110,rCLR,Firmicutes bacterium CAG:110,0.0016218468603455584,0.0006420482998998481,71
OnlyMale,RandomForest,ZellerG_2014,0.769088669950739,PA_Streptococcus salivarius,PA,Streptococcus salivarius,0.0016209350834712406,1.2965105075343104e-07,72
OnlyMale,RandomForest,ZellerG_2014,0.769088669950739,rCLR_Parasutterella excrementihominis,rCLR,Parasutterella excrementihominis,0.0016074400499030278,0.000337199542585956,73
OnlyMale,RandomForest,ZellerG_2014,0.769088669950739,rCLR_Slackia isoflavoniconvertens,rCLR,Slackia isoflavoniconvertens,0.001604388523768329,-0.0008241862152922964,74
OnlyMale,RandomForest,ZellerG_2014,0.769088669950739,rCLR_Holdemanella biformis,rCLR,Holdemanella biformis,0.0015970893870644153,0.0005259613971504418,75
OnlyMale,RandomForest,ZellerG_2014,0.769088669950739,rCLR_Streptococcus thermophilus,rCLR,Streptococcus thermophilus,0.0015794774142360599,-0.0006087485178723184,76
OnlyMale,RandomForest,ZellerG_2014,0.769088669950739,rCLR_Anaerotignum lactatifermentans,rCLR,Anaerotignum lactatifermentans,0.0015665034965690109,0.0009792483147813083,77
OnlyMale,RandomForest,ZellerG_2014,0.769088669950739,rCLR_Bacteroides ovatus,rCLR,Bacteroides ovatus,0.0015243377419451964,0.0004508851492214211,78
OnlyMale,RandomForest,ZellerG_2014,0.769088669950739,rCLR_Desulfovibrio piger,rCLR,Desulfovibrio piger,0.001489995332175959,0.000353719821721006,79
OnlyMale,RandomForest,ZellerG_2014,0.769088669950739,rCLR_Lawsonibacter asaccharolyticus,rCLR,Lawsonibacter asaccharolyticus,0.0014870502094543113,0.00016781360580102634,80
OnlyMale,RandomForest,ZellerG_2014,0.769088669950739,rCLR_Parabacteroides merdae,rCLR,Parabacteroides merdae,0.001482222595935818,-0.0001400846791032878,81
OnlyMale,RandomForest,ZellerG_2014,0.769088669950739,rCLR_Dialister invisus,rCLR,Dialister invisus,0.0014808206845537857,0.0013216017670309808,82
OnlyMale,RandomForest,ZellerG_2014,0.769088669950739,rCLR_Bacteroides uniformis,rCLR,Bacteroides uniformis,0.0014689251915772899,-0.00022363592554406584,83
OnlyMale,RandomForest,ZellerG_2014,0.769088669950739,rCLR_Alistipes shahii,rCLR,Alistipes shahii,0.0014470315700301976,0.00028267567350610345,84
OnlyMale,RandomForest,ZellerG_2014,0.769088669950739,rCLR_Firmicutes bacterium CAG:83,rCLR,Firmicutes bacterium CAG:83,0.0014217534743431969,0.0006316329536425894,85
OnlyMale,RandomForest,ZellerG_2014,0.769088669950739,rCLR_Bacteroides finegoldii,rCLR,Bacteroides finegoldii,0.001414875047351395,0.0006714034662564041,86
OnlyMale,RandomForest,ZellerG_2014,0.769088669950739,rCLR_Adlercreutzia equolifaciens,rCLR,Adlercreutzia equolifaciens,0.0013731410361047718,5.847012527472094e-05,87
OnlyMale,RandomForest,ZellerG_2014,0.769088669950739,rCLR_Eggerthella lenta,rCLR,Eggerthella lenta,0.0013714702742738541,0.0003691869962492863,88
OnlyMale,RandomForest,ZellerG_2014,0.769088669950739,PA_Akkermansia muciniphila,PA,Akkermansia muciniphila,0.0013634714525718027,0.000670935227422328,89
OnlyMale,RandomForest,ZellerG_2014,0.769088669950739,rCLR_Coprococcus eutactus,rCLR,Coprococcus eutactus,0.0013406042881546584,-0.0004272520175350349,90
OnlyMale,RandomForest,ZellerG_2014,0.769088669950739,rCLR_Bacteroides fragilis,rCLR,Bacteroides fragilis,0.0013398604573702654,0.0008467593443418111,91
OnlyMale,RandomForest,ZellerG_2014,0.769088669950739,rCLR_Enterocloster bolteae,rCLR,Enterocloster bolteae,0.0013287225013247402,-7.792179970343801e-05,92
OnlyMale,RandomForest,ZellerG_2014,0.769088669950739,rCLR_Klebsiella quasipneumoniae,rCLR,Klebsiella quasipneumoniae,0.0013210565082870775,0.0011628947579688442,93
OnlyMale,RandomForest,ZellerG_2014,0.769088669950739,rCLR_Megamonas funiformis,rCLR,Megamonas funiformis,0.0013025230644445878,-0.0009543939448909578,94
OnlyMale,RandomForest,ZellerG_2014,0.769088669950739,rCLR_Blautia wexlerae,rCLR,Blautia wexlerae,0.0012732011943445017,0.00019490314984566633,95
OnlyMale,RandomForest,ZellerG_2014,0.769088669950739,rCLR_Oscillibacter sp. 57_20,rCLR,Oscillibacter sp. 57_20,0.0012422757298764533,-0.0003548546869781628,96
OnlyMale,RandomForest,ZellerG_2014,0.769088669950739,rCLR_Alistipes inops,rCLR,Alistipes inops,0.0012008570378598613,0.00039103247330688704,97
OnlyMale,RandomForest,ZellerG_2014,0.769088669950739,rCLR_Streptococcus parasanguinis,rCLR,Streptococcus parasanguinis,0.0011245140070029601,0.00025200734225450284,98
OnlyMale,RandomForest,ZellerG_2014,0.769088669950739,rCLR_Ruminococcus bicirculans,rCLR,Ruminococcus bicirculans,0.00111575045134,0.00031010291551067636,99
OnlyMale,RandomForest,ZellerG_2014,0.769088669950739,rCLR_Veillonella parvula,rCLR,Veillonella parvula,0.001077986771308213,0.0003929419358331905,100
OnlyMale,RandomForest,ZellerG_2014,0.769088669950739,PA_Bacteroides stercoris,PA,Bacteroides stercoris,0.0010409582023085339,-0.00013209939662526735,101
OnlyMale,RandomForest,ZellerG_2014,0.769088669950739,rCLR_Eubacterium ramulus,rCLR,Eubacterium ramulus,0.0010384821686955992,0.0004465917562655938,102
OnlyMale,RandomForest,ZellerG_2014,0.769088669950739,rCLR_Bacteroides stercoris,rCLR,Bacteroides stercoris,0.0010214312613189896,0.0006446257837926172,103
OnlyMale,RandomForest,ZellerG_2014,0.769088669950739,PA_Paraprevotella xylaniphila,PA,Paraprevotella xylaniphila,0.0010106396023745008,0.0003885222353720652,104
OnlyMale,RandomForest,ZellerG_2014,0.769088669950739,rCLR_Bacteroides eggerthii,rCLR,Bacteroides eggerthii,0.0010001609277395865,-0.0003086857009116412,105
OnlyMale,RandomForest,ZellerG_2014,0.769088669950739,PA_Bifidobacterium pseudocatenulatum,PA,Bifidobacterium pseudocatenulatum,0.0009703270433212747,0.00036158504818092083,106
OnlyMale,RandomForest,ZellerG_2014,0.769088669950739,rCLR_Klebsiella pneumoniae,rCLR,Klebsiella pneumoniae,0.0009621378500719637,6.557991660234767e-05,107
OnlyMale,RandomForest,ZellerG_2014,0.769088669950739,rCLR_Phascolarctobacterium faecium,rCLR,Phascolarctobacterium faecium,0.0008315855574309316,0.00028525734734740526,108
OnlyMale,RandomForest,ZellerG_2014,0.769088669950739,PA_Roseburia intestinalis,PA,Roseburia intestinalis,0.000816066904070027,-0.0001538325811717721,109
OnlyMale,RandomForest,ZellerG_2014,0.769088669950739,rCLR_Erysipelatoclostridium ramosum,rCLR,Erysipelatoclostridium ramosum,0.0008128850507268262,0.0001822518893452424,110
OnlyMale,RandomForest,ZellerG_2014,0.769088669950739,rCLR_[Ruminococcus] lactaris,rCLR,[Ruminococcus] lactaris,0.0008019190457429524,6.85546391168822e-05,111
OnlyMale,RandomForest,ZellerG_2014,0.769088669950739,PA_Eubacterium sp. CAG:180,PA,Eubacterium sp. CAG:180,0.0008006701620691683,0.00010172958514525747,112
OnlyMale,RandomForest,ZellerG_2014,0.769088669950739,rCLR_Bacteroides intestinalis,rCLR,Bacteroides intestinalis,0.0007761984894418939,-0.00013419735425870805,113
OnlyMale,RandomForest,ZellerG_2014,0.769088669950739,PA_Bifidobacterium bifidum,PA,Bifidobacterium bifidum,0.0007736612042803067,-0.0001125458837800942,114
OnlyMale,RandomForest,ZellerG_2014,0.769088669950739,rCLR_Eubacterium sp. CAG:180,rCLR,Eubacterium sp. CAG:180,0.0007716246996021767,1.4070548681215373e-05,115
OnlyMale,RandomForest,ZellerG_2014,0.769088669950739,rCLR_[Ruminococcus] gnavus,rCLR,[Ruminococcus] gnavus,0.000758013550396356,0.0003020075851600498,116
OnlyMale,RandomForest,ZellerG_2014,0.769088669950739,rCLR_Phocaeicola massiliensis,rCLR,Phocaeicola massiliensis,0.0007506844611311056,-0.0001134447704617348,117
OnlyMale,RandomForest,ZellerG_2014,0.769088669950739,PA_Coprococcus catus,PA,Coprococcus catus,0.000712879008300041,0.0003826579759388826,118
OnlyMale,RandomForest,ZellerG_2014,0.769088669950739,rCLR_Streptococcus salivarius,rCLR,Streptococcus salivarius,0.0007034547726633944,0.00019213090363422516,119
OnlyMale,RandomForest,ZellerG_2014,0.769088669950739,PA_Bacteroides fragilis,PA,Bacteroides fragilis,0.0007007396483389867,7.043300211506723e-05,120
OnlyMale,RandomForest,ZellerG_2014,0.769088669950739,PA_Bacteroides salyersiae,PA,Bacteroides salyersiae,0.0006916144868845862,6.581978060731148e-05,121
OnlyMale,RandomForest,ZellerG_2014,0.769088669950739,PA_Clostridium sp. CAG:58,PA,Clostridium sp. CAG:58,0.0006842408433763938,0.00022360048375683463,122
OnlyMale,RandomForest,ZellerG_2014,0.769088669950739,PA_Streptococcus thermophilus,PA,Streptococcus thermophilus,0.0006596111927316634,-0.0003342061372908748,123
OnlyMale,RandomForest,ZellerG_2014,0.769088669950739,PA_Firmicutes bacterium CAG:145,PA,Firmicutes bacterium CAG:145,0.0006567186370907092,0.00010554658303500523,124
OnlyMale,RandomForest,ZellerG_2014,0.769088669950739,PA_Bacteroides sp. CAG:144,PA,Bacteroides sp. CAG:144,0.0006231366334696812,0.0002688121975792891,125
OnlyMale,RandomForest,ZellerG_2014,0.769088669950739,PA_Phocaeicola plebeius,PA,Phocaeicola plebeius,0.0005951929509892559,-0.00013875886087676026,126
OnlyMale,RandomForest,ZellerG_2014,0.769088669950739,PA_Alistipes shahii,PA,Alistipes shahii,0.0005781556643139377,0.00034299299912343776,127
OnlyMale,RandomForest,ZellerG_2014,0.769088669950739,PA_Anaerotignum lactatifermentans,PA,Anaerotignum lactatifermentans,0.0005640888736745136,-0.0002835999805325242,128
OnlyMale,RandomForest,ZellerG_2014,0.769088669950739,PA_Escherichia coli,PA,Escherichia coli,0.0005628761874855456,0.00030685539305348275,129
OnlyMale,RandomForest,ZellerG_2014,0.769088669950739,PA_Oscillibacter sp. CAG:241,PA,Oscillibacter sp. CAG:241,0.000557783697796968,0.00033446128952395405,130
OnlyMale,RandomForest,ZellerG_2014,0.769088669950739,rCLR_Klebsiella variicola,rCLR,Klebsiella variicola,0.0005472561613021137,-0.00025533343590280046,131
OnlyMale,RandomForest,ZellerG_2014,0.769088669950739,PA_Alistipes finegoldii,PA,Alistipes finegoldii,0.0005408608965088218,0.00025073097103604314,132
OnlyMale,RandomForest,ZellerG_2014,0.769088669950739,PA_Phascolarctobacterium succinatutens,PA,Phascolarctobacterium succinatutens,0.0005222442108226957,-1.693383504604287e-05,133
OnlyMale,RandomForest,ZellerG_2014,0.769088669950739,PA_Klebsiella pneumoniae,PA,Klebsiella pneumoniae,0.0005203770170338897,-0.00012235235372937112,134
OnlyMale,RandomForest,ZellerG_2014,0.769088669950739,PA_Eubacterium sp. CAG:274,PA,Eubacterium sp. CAG:274,0.0005126797797946601,0.00011196149348652425,135
OnlyMale,RandomForest,ZellerG_2014,0.769088669950739,PA_[Ruminococcus] lactaris,PA,[Ruminococcus] lactaris,0.0005069160578689294,-0.00012126196056263017,136
OnlyMale,RandomForest,ZellerG_2014,0.769088669950739,PA_Butyricimonas virosa,PA,Butyricimonas virosa,0.0005032319798119871,0.0004160369773486417,137
OnlyMale,RandomForest,ZellerG_2014,0.769088669950739,PA_Eubacterium sp. CAG:251,PA,Eubacterium sp. CAG:251,0.0005016435051955251,-0.00010919565941147277,138
OnlyMale,RandomForest,ZellerG_2014,0.769088669950739,PA_Lawsonibacter asaccharolyticus,PA,Lawsonibacter asaccharolyticus,0.0004955776809634369,4.071058647732203e-05,139
OnlyMale,RandomForest,ZellerG_2014,0.769088669950739,PA_Veillonella atypica,PA,Veillonella atypica,0.0004926267687158279,-0.000179513377011818,140
OnlyMale,RandomForest,ZellerG_2014,0.769088669950739,PA_[Ruminococcus] torques,PA,[Ruminococcus] torques,0.0004852270675437062,0.00040367259438400924,141
OnlyMale,RandomForest,ZellerG_2014,0.769088669950739,PA_Eubacterium sp. CAG:38,PA,Eubacterium sp. CAG:38,0.00048014660882299075,3.929481053384827e-05,142
OnlyMale,RandomForest,ZellerG_2014,0.769088669950739,PA_Holdemanella biformis,PA,Holdemanella biformis,0.00047705468362631433,0.00017666935883719982,143
OnlyMale,RandomForest,ZellerG_2014,0.769088669950739,PA_Bacteroides caccae,PA,Bacteroides caccae,0.00047631534532802594,0.0001746304360945126,144
OnlyMale,RandomForest,ZellerG_2014,0.769088669950739,PA_Desulfovibrio piger,PA,Desulfovibrio piger,0.00046633252579958336,0.00026118714069728414,145
OnlyMale,RandomForest,ZellerG_2014,0.769088669950739,PA_[Eubacterium] siraeum,PA,[Eubacterium] siraeum,0.00045011035997319143,0.0003235502790849854,146
OnlyMale,RandomForest,ZellerG_2014,0.769088669950739,PA_Bacteroides eggerthii,PA,Bacteroides eggerthii,0.00044712244723100325,-1.93138964649417e-05,147
OnlyMale,RandomForest,ZellerG_2014,0.769088669950739,PA_Blautia sp. CAG:257,PA,Blautia sp. CAG:257,0.00043989329892732735,0.00013737220645667066,148
OnlyMale,RandomForest,ZellerG_2014,0.769088669950739,PA_Bacteroides cellulosilyticus,PA,Bacteroides cellulosilyticus,0.0004254901121412777,5.284412010066652e-06,149
OnlyMale,RandomForest,ZellerG_2014,0.769088669950739,PA_Bifidobacterium adolescentis,PA,Bifidobacterium adolescentis,0.0004140010522789567,0.00018010170863925958,150
OnlyMale,RandomForest,ZellerG_2014,0.769088669950739,PA_Ruminococcus bicirculans,PA,Ruminococcus bicirculans,0.00039809937759450976,7.122383535865683e-05,151
OnlyMale,RandomForest,ZellerG_2014,0.769088669950739,PA_Adlercreutzia equolifaciens,PA,Adlercreutzia equolifaciens,0.0003884747740022532,3.2685725986134324e-05,152
OnlyMale,RandomForest,ZellerG_2014,0.769088669950739,PA_Parasutterella excrementihominis,PA,Parasutterella excrementihominis,0.000388399200352923,-0.00015328903286119242,153
OnlyMale,RandomForest,ZellerG_2014,0.769088669950739,PA_Slackia isoflavoniconvertens,PA,Slackia isoflavoniconvertens,0.00036342601949873496,0.0001350837328004681,154
OnlyMale,RandomForest,ZellerG_2014,0.769088669950739,PA_Eggerthella lenta,PA,Eggerthella lenta,0.000363393675258141,0.00013398611179138623,155
OnlyMale,RandomForest,ZellerG_2014,0.769088669950739,PA_Parabacteroides distasonis,PA,Parabacteroides distasonis,0.00034614195531863003,0.0001334057267789581,156
OnlyMale,RandomForest,ZellerG_2014,0.769088669950739,PA_Gemmiger formicilis,PA,Gemmiger formicilis,0.0003445408509529801,5.1395376366609893e-05,157
OnlyMale,RandomForest,ZellerG_2014,0.769088669950739,PA_Veillonella parvula,PA,Veillonella parvula,0.00034402165293560393,0.00011697087842392457,158
OnlyMale,RandomForest,ZellerG_2014,0.769088669950739,PA_Bacteroides ovatus,PA,Bacteroides ovatus,0.0003329513180106418,3.652347132880628e-05,159
OnlyMale,RandomForest,ZellerG_2014,0.769088669950739,PA_Phocaeicola massiliensis,PA,Phocaeicola massiliensis,0.0003276474865788198,-3.8558150486361754e-05,160
OnlyMale,RandomForest,ZellerG_2014,0.769088669950739,PA_Coprobacter fastidiosus,PA,Coprobacter fastidiosus,0.0003265738619763142,2.1261806643121248e-05,161
OnlyMale,RandomForest,ZellerG_2014,0.769088669950739,PA_Megamonas funiformis,PA,Megamonas funiformis,0.0003172636940483245,-0.00023397507016285112,162
OnlyMale,RandomForest,ZellerG_2014,0.769088669950739,PA_Erysipelatoclostridium ramosum,PA,Erysipelatoclostridium ramosum,0.0003142212527865706,4.885189058818531e-05,163
OnlyMale,RandomForest,ZellerG_2014,0.769088669950739,PA_Phocaeicola coprocola,PA,Phocaeicola coprocola,0.00030679767052446753,-5.4611885252944235e-05,164
OnlyMale,RandomForest,ZellerG_2014,0.769088669950739,PA_Prevotella copri,PA,Prevotella copri,0.0003035791609355755,3.47131910481349e-05,165
OnlyMale,RandomForest,ZellerG_2014,0.769088669950739,PA_Proteobacteria bacterium CAG:139,PA,Proteobacteria bacterium CAG:139,0.00029570595316542094,8.790892842478014e-05,166
OnlyMale,RandomForest,ZellerG_2014,0.769088669950739,PA_Enterocloster bolteae,PA,Enterocloster bolteae,0.00029349235874330943,5.029731176566462e-05,167
OnlyMale,RandomForest,ZellerG_2014,0.769088669950739,PA_Dorea longicatena,PA,Dorea longicatena,0.00028515830837106743,0.00021687162573625233,168
OnlyMale,RandomForest,ZellerG_2014,0.769088669950739,PA_Parabacteroides merdae,PA,Parabacteroides merdae,0.00028092411940445973,4.956371750057615e-05,169
OnlyMale,RandomForest,ZellerG_2014,0.769088669950739,PA_Coprococcus comes,PA,Coprococcus comes,0.00027848998411210575,0.00011180410614799284,170
OnlyMale,RandomForest,ZellerG_2014,0.769088669950739,PA_Bacteroides intestinalis,PA,Bacteroides intestinalis,0.00026105477607381744,-3.6837744475251615e-05,171
OnlyMale,RandomForest,ZellerG_2014,0.769088669950739,PA_Oscillibacter sp. 57_20,PA,Oscillibacter sp. 57_20,0.0002590505944923402,-3.794597506076569e-05,172
OnlyMale,RandomForest,ZellerG_2014,0.769088669950739,PA_Alistipes inops,PA,Alistipes inops,0.0002555182170251232,6.498540930604234e-05,173
OnlyMale,RandomForest,ZellerG_2014,0.769088669950739,PA_Adlercreutzia equolifaciens_1,PA,Adlercreutzia equolifaciens_1,0.00024611600738089765,9.111852727797132e-05,174
OnlyMale,RandomForest,ZellerG_2014,0.769088669950739,PA_Bacteroides thetaiotaomicron,PA,Bacteroides thetaiotaomicron,0.0002444228144901496,-9.886204507279531e-06,175
OnlyMale,RandomForest,ZellerG_2014,0.769088669950739,PA_Gordonibacter pamelaeae,PA,Gordonibacter pamelaeae,0.00024360945311465468,4.538816487734867e-05,176
OnlyMale,RandomForest,ZellerG_2014,0.769088669950739,PA_Intestinibacter bartlettii,PA,Intestinibacter bartlettii,0.00024220621221190524,0.0001525134149890129,177
OnlyMale,RandomForest,ZellerG_2014,0.769088669950739,PA_Dorea formicigenerans,PA,Dorea formicigenerans,0.00024072197954108377,-5.250650591572958e-05,178
OnlyMale,RandomForest,ZellerG_2014,0.769088669950739,PA_[Eubacterium] rectale,PA,[Eubacterium] rectale,0.0002266372472492013,0.00017898235775355213,179
OnlyMale,RandomForest,ZellerG_2014,0.769088669950739,PA_Phascolarctobacterium faecium,PA,Phascolarctobacterium faecium,0.00021873557109442458,5.288202012648088e-05,180
OnlyMale,RandomForest,ZellerG_2014,0.769088669950739,PA_Lachnospira eligens,PA,Lachnospira eligens,0.00021757270518638237,-1.298944189682152e-05,181
OnlyMale,RandomForest,ZellerG_2014,0.769088669950739,PA_Firmicutes bacterium CAG:110,PA,Firmicutes bacterium CAG:110,0.00021671962055165039,-5.444057191936342e-05,182
OnlyMale,RandomForest,ZellerG_2014,0.769088669950739,PA_Eubacterium ramulus,PA,Eubacterium ramulus,0.00021221764002738139,2.753192511900212e-05,183
OnlyMale,RandomForest,ZellerG_2014,0.769088669950739,PA_Phocaeicola dorei,PA,Phocaeicola dorei,0.00020661247889746688,-5.503116134103085e-05,184
OnlyMale,RandomForest,ZellerG_2014,0.769088669950739,PA_Bifidobacterium longum,PA,Bifidobacterium longum,0.00020652017778922656,-5.7508232055410876e-05,185
OnlyMale,RandomForest,ZellerG_2014,0.769088669950739,PA_Coprococcus eutactus,PA,Coprococcus eutactus,0.00020463990422211174,-2.9926880483521116e-05,186
OnlyMale,RandomForest,ZellerG_2014,0.769088669950739,PA_Roseburia faecis,PA,Roseburia faecis,0.00020300588904964456,-6.796969503440476e-05,187
OnlyMale,RandomForest,ZellerG_2014,0.769088669950739,PA_Streptococcus parasanguinis,PA,Streptococcus parasanguinis,0.00020274804056859776,-5.478082507889698e-05,188
OnlyMale,RandomForest,ZellerG_2014,0.769088669950739,PA_Ruthenibacterium lactatiformans,PA,Ruthenibacterium lactatiformans,0.00020268644200304882,0.00017989139421250818,189
OnlyMale,RandomForest,ZellerG_2014,0.769088669950739,PA_Alistipes putredinis,PA,Alistipes putredinis,0.00019503383209877945,0.00012590490121502503,190
OnlyMale,RandomForest,ZellerG_2014,0.769088669950739,PA_Bacteroides finegoldii,PA,Bacteroides finegoldii,0.00019251043421564604,0.00010461777409960955,191
OnlyMale,RandomForest,ZellerG_2014,0.769088669950739,PA_Eubacterium ventriosum,PA,Eubacterium ventriosum,0.00018895474910714594,8.077853290208606e-05,192
OnlyMale,RandomForest,ZellerG_2014,0.769088669950739,PA_Roseburia hominis,PA,Roseburia hominis,0.00018513636945044923,-8.677998649302013e-06,193
OnlyMale,RandomForest,ZellerG_2014,0.769088669950739,PA_Lachnospira pectinoschiza,PA,Lachnospira pectinoschiza,0.00018495633931664006,-2.343526835612731e-05,194
OnlyMale,RandomForest,ZellerG_2014,0.769088669950739,PA_Flavonifractor plautii,PA,Flavonifractor plautii,0.00018448332152295788,-2.610563511393135e-05,195
OnlyMale,RandomForest,ZellerG_2014,0.769088669950739,PA_Agathobaculum butyriciproducens,PA,Agathobaculum butyriciproducens,0.0001742813849941183,7.024777444993568e-05,196
OnlyMale,RandomForest,ZellerG_2014,0.769088669950739,PA_[Ruminococcus] gnavus,PA,[Ruminococcus] gnavus,0.00017397194210050257,2.3738591708167268e-05,197
OnlyMale,RandomForest,ZellerG_2014,0.769088669950739,PA_Firmicutes bacterium CAG:83,PA,Firmicutes bacterium CAG:83,0.00017388334478214416,-4.6236049437597935e-06,198
OnlyMale,RandomForest,ZellerG_2014,0.769088669950739,PA_Bacteroides xylanisolvens,PA,Bacteroides xylanisolvens,0.0001734447362356201,5.2409903884361955e-06,199
OnlyMale,RandomForest,ZellerG_2014,0.769088669950739,PA_Acidaminococcus intestini,PA,Acidaminococcus intestini,0.0001680286787995004,2.975143252666756e-05,200
OnlyMale,RandomForest,ZellerG_2014,0.769088669950739,PA_Odoribacter splanchnicus,PA,Odoribacter splanchnicus,0.00016746453112008607,9.790572880704255e-05,201
OnlyMale,RandomForest,ZellerG_2014,0.769088669950739,PA_Dialister invisus,PA,Dialister invisus,0.0001638587537228179,-2.0704400144632822e-05,202
OnlyMale,RandomForest,ZellerG_2014,0.769088669950739,PA_Fusicatenibacter saccharivorans,PA,Fusicatenibacter saccharivorans,0.00014645148554822337,7.631263496736442e-06,203
OnlyMale,RandomForest,ZellerG_2014,0.769088669950739,PA_Ruminococcus bromii,PA,Ruminococcus bromii,0.00014372167045501936,-1.9375917205199744e-05,204
OnlyMale,RandomForest,ZellerG_2014,0.769088669950739,PA_Roseburia inulinivorans,PA,Roseburia inulinivorans,0.00014327508164543444,2.094356682855392e-05,205
OnlyMale,RandomForest,ZellerG_2014,0.769088669950739,PA_Anaerobutyricum hallii,PA,Anaerobutyricum hallii,0.00014008683193375855,3.522002658026231e-05,206
OnlyMale,RandomForest,ZellerG_2014,0.769088669950739,PA_Barnesiella intestinihominis,PA,Barnesiella intestinihominis,0.00013773913311027246,-7.149166932556616e-05,207
OnlyMale,RandomForest,ZellerG_2014,0.769088669950739,PA_Klebsiella quasipneumoniae,PA,Klebsiella quasipneumoniae,0.00013639661683555868,8.280321511122367e-06,208
OnlyMale,RandomForest,ZellerG_2014,0.769088669950739,PA_Anaerostipes hadrus,PA,Anaerostipes hadrus,0.0001343063545394473,-8.79558359081659e-05,209
OnlyMale,RandomForest,ZellerG_2014,0.769088669950739,PA_Blautia obeum,PA,Blautia obeum,0.0001308796890222325,1.4798075555104705e-05,210
OnlyMale,RandomForest,ZellerG_2014,0.769088669950739,PA_Klebsiella variicola,PA,Klebsiella variicola,0.00012542636871682304,-0.00010534039618447542,211
OnlyMale,RandomForest,ZellerG_2014,0.769088669950739,PA_Faecalibacterium prausnitzii,PA,Faecalibacterium prausnitzii,0.00011318137207096361,-0.00010910977926424154,212
OnlyMale,RandomForest,ZellerG_2014,0.769088669950739,PA_Blautia wexlerae,PA,Blautia wexlerae,0.00010928422199510237,7.861252703715654e-05,213
OnlyMale,RandomForest,ZellerG_2014,0.769088669950739,PA_Bacteroides uniformis,PA,Bacteroides uniformis,8.510479291161289e-05,-7.338662409943742e-05,214
OnlyMale,RandomForest,ZellerG_2014,0.769088669950739,PA_Phocaeicola vulgatus,PA,Phocaeicola vulgatus,8.482227984795745e-05,1.2624139884825487e-05,215
